case,date_effet,valeur,texte,lien
salaire_base.agents_payes_a_l_heure.categorie_1.echelon_0,1994-05-01,0.749,"Avenant n° 5 à la convention collective nationale du textile, agréé par arrêté du 22 septembre 1994",https://www.pist.tn/jort/1994/1994F/Jo07894.pdf
salaire_base.agents_payes_a_l_heure.categorie_1.echelon_0,1995-05-01,0.787,"Avenant n° 5 à la convention collective nationale du textile, agréé par arrêté du 22 septembre 1994",https://www.pist.tn/jort/1994/1994F/Jo07894.pdf
salaire_base.agents_payes_a_l_heure.categorie_1.echelon_0,1996-05-01,0.825,"Avenant n° 6 à la convention collective nationale du textile, agréé par arrêté du 24 juillet 1996",https://www.pist.tn/jort/1996/1996A/Ja06096.pdf
salaire_base.agents_payes_a_l_heure.categorie_1.echelon_0,1997-05-01,0.863,"Avenant n° 6 à la convention collective nationale du textile, agréé par arrêté du 24 juillet 1996",https://www.pist.tn/jort/1996/1996A/Ja06096.pdf
salaire_base.agents_payes_a_l_heure.categorie_1.echelon_0,1998-05-01,0.901,"Avenant n° 6 à la convention collective nationale du textile, agréé par arrêté du 24 juillet 1996",https://www.pist.tn/jort/1996/1996A/Ja06096.pdf
salaire_base.agents_payes_a_l_heure.categorie_1.echelon_0,1999-05-01,0.939,"Avenant n° 7 à la convention collective nationale du textile, agréé par arrêté du 9 juin 1999",https://www.pist.tn/jort/1999/1999A/Ja04899.pdf
salaire_base.agents_payes_a_l_heure.categorie_1.echelon_0,2000-05-01,0.977,"Avenant n° 7 à la convention collective nationale du textile, agréé par arrêté du 9 juin 1999",https://www.pist.tn/jort/1999/1999A/Ja04899.pdf
salaire_base.agents_payes_a_l_heure.categorie_1.echelon_0,2001-05-01,1.015,"Avenant n° 7 à la convention collective nationale du textile, agréé par arrêté du 9 juin 1999",https://www.pist.tn/jort/1999/1999A/Ja04899.pdf
salaire_base.agents_payes_a_l_heure.categorie_1.echelon_0,2002-05-01,1.053,"Avenant n° 8 à la convention collective nationale du textile, agréé par arrêté du 25 novembre 2002",https://www.pist.tn/jort/2002/2002A/Ja0972002.pdf
salaire_base.agents_payes_a_l_heure.categorie_1.echelon_0,2003-05-01,1.094,"Avenant n° 8 à la convention collective nationale du textile, agréé par arrêté du 25 novembre 2002",https://www.pist.tn/jort/2002/2002A/Ja0972002.pdf
salaire_base.agents_payes_a_l_heure.categorie_1.echelon_0,2004-05-01,1.14,"Avenant n° 8 à la convention collective nationale du textile, agréé par arrêté du 25 novembre 2002",https://www.pist.tn/jort/2002/2002A/Ja0972002.pdf
salaire_base.agents_payes_a_l_heure.categorie_1.echelon_0,2005-06-15,1.178,"Avenant n° 9 à la convention collective sectorielle du textile, agréé par arrêté du 17 janvier 2006",https://www.pist.tn/jort/2006/2006A/Ja0072006.pdf
salaire_base.agents_payes_a_l_heure.categorie_1.echelon_0,2006-05-01,1.221,"Avenant n° 9 à la convention collective sectorielle du textile, agréé par arrêté du 17 janvier 2006",https://www.pist.tn/jort/2006/2006A/Ja0072006.pdf
salaire_base.agents_payes_a_l_heure.categorie_1.echelon_0,2007-05-01,1.264,"Avenant n° 9 à la convention collective sectorielle du textile, agréé par arrêté du 17 janvier 2006",https://www.pist.tn/jort/2006/2006A/Ja0072006.pdf
salaire_base.agents_payes_a_l_heure.categorie_1.echelon_0,2008-05-01,1.327,"Avenant n° 10 à la convention collective sectorielle du textile, agréé par arrêté du 17 février 2009",https://www.pist.tn/jort/2009/2009A/Ja0162009.pdf
salaire_base.agents_payes_a_l_heure.categorie_1.echelon_0,2009-05-01,1.39,"Avenant n° 10 à la convention collective sectorielle du textile, agréé par arrêté du 17 février 2009",https://www.pist.tn/jort/2009/2009A/Ja0162009.pdf
salaire_base.agents_payes_a_l_heure.categorie_1.echelon_0,2010-05-01,1.46,"Avenant n° 10 à la convention collective sectorielle du textile, agréé par arrêté du 17 février 2009",https://www.pist.tn/jort/2009/2009A/Ja0162009.pdf
salaire_base.agents_payes_a_l_heure.categorie_1.echelon_0,2011-05-01,1.533,"Avenant n° 11 à la convention collective sectorielle du textile, agréé par arrêté du 11 octobre 2011",https://www.pist.tn/jort/2011/2011A/Ja0782011.pdf
salaire_base.agents_payes_a_l_heure.categorie_1.echelon_0,2012-05-01,1.625,"Avenant n° 12 à la convention collective sectorielle du textile, agréé par arrêté du 19 février 2013",https://www.pist.tn/jort/2013/2013A/Ja0162013.pdf
salaire_base.agents_payes_a_l_heure.categorie_1.echelon_0,2014-05-01,1.722,"Avenant n° 13 à la convention collective sectorielle du textile, agréé par arrêté du 17 octobre 2014",https://www.pist.tn/jort/2014/2014A/Ja0902014.pdf
salaire_base.agents_payes_a_l_heure.categorie_1.echelon_0,2015-09-01,1.826,"Avenant n° 14 à la convention collective sectorielle du textile, agréé par arrêté du 8 avril 2016",https://www.pist.tn/jort/2016/2016A/Ja0302016.pdf
salaire_base.agents_payes_a_l_heure.categorie_1.echelon_0,2016-08-01,1.935,"Avenant n° 15 à la convention collective sectorielle du textile, agréé par arrêté du 14 août 2017",https://www.pist.tn/jort/2017/2017A/Ja0662017.pdf
salaire_base.agents_payes_a_l_heure.categorie_1.echelon_0,2018-01-01,2.051,"Avenant n° 15 à la convention collective sectorielle du textile, agréé par arrêté du 14 août 2017",https://www.pist.tn/jort/2017/2017A/Ja0662017.pdf
salaire_base.agents_payes_a_l_heure.categorie_1.echelon_0,2019-01-01,2.195,"Avenant n° 16 à la convention collective sectorielle du textile, agréé par arrêté du 21 janvier 2019",https://www.pist.tn/jort/2019/2019A/Ja0112019.pdf
salaire_base.agents_payes_a_l_heure.categorie_1.echelon_0,2020-01-01,2.348,"Avenant n° 16 à la convention collective sectorielle du textile, agréé par arrêté du 21 janvier 2019",https://www.pist.tn/jort/2019/2019A/Ja0112019.pdf
salaire_base.agents_payes_a_l_heure.categorie_1.echelon_0,2021-09-01,2.501,"Avenant n° 17 à la convention collective sectorielle du textile, agréé par arrêté du 23 juin 2022",https://www.pist.tn/jort/2022/2022A/Ja0712022.pdf
salaire_base.agents_payes_a_l_heure.categorie_1.echelon_0,2022-05-01,2.676,"Avenant n° 17 à la convention collective sectorielle du textile, agréé par arrêté du 23 juin 2022",https://www.pist.tn/jort/2022/2022A/Ja0712022.pdf
salaire_base.agents_payes_a_l_heure.categorie_1.echelon_0,2024-01-01,2.85,"Avenant n° 18 à la convention collective sectorielle du textile, agréé par arrêté du 8 avril 2024",https://www.pist.tn/jort/2024/2024A/Ja0492024.pdf
salaire_base.agents_payes_a_l_heure.categorie_1.echelon_0,2025-01-01,3.035,"Avenant n° 18 à la convention collective sectorielle du textile, agréé par arrêté du 8 avril 2024",https://www.pist.tn/jort/2024/2024A/Ja0492024.pdf
salaire_base.agents_payes_a_l_heure.categorie_1.echelon_0,2026-01-01,3.248,"Avenant n° 18 à la convention collective sectorielle du textile, agréé par arrêté du 8 avril 2024",https://www.pist.tn/jort/2024/2024A/Ja0492024.pdf
salaire_base.agents_payes_a_l_heure.categorie_1.echelon_1,1994-05-01,0.784,"Avenant n° 5 à la convention collective nationale du textile, agréé par arrêté du 22 septembre 1994",https://www.pist.tn/jort/1994/1994F/Jo07894.pdf
salaire_base.agents_payes_a_l_heure.categorie_1.echelon_1,1995-05-01,0.822,"Avenant n° 5 à la convention collective nationale du textile, agréé par arrêté du 22 septembre 1994",https://www.pist.tn/jort/1994/1994F/Jo07894.pdf
salaire_base.agents_payes_a_l_heure.categorie_1.echelon_1,1996-05-01,0.86,"Avenant n° 6 à la convention collective nationale du textile, agréé par arrêté du 24 juillet 1996",https://www.pist.tn/jort/1996/1996A/Ja06096.pdf
salaire_base.agents_payes_a_l_heure.categorie_1.echelon_1,1997-05-01,0.898,"Avenant n° 6 à la convention collective nationale du textile, agréé par arrêté du 24 juillet 1996",https://www.pist.tn/jort/1996/1996A/Ja06096.pdf
salaire_base.agents_payes_a_l_heure.categorie_1.echelon_1,1998-05-01,0.936,"Avenant n° 6 à la convention collective nationale du textile, agréé par arrêté du 24 juillet 1996",https://www.pist.tn/jort/1996/1996A/Ja06096.pdf
salaire_base.agents_payes_a_l_heure.categorie_1.echelon_1,1999-05-01,0.974,"Avenant n° 7 à la convention collective nationale du textile, agréé par arrêté du 9 juin 1999",https://www.pist.tn/jort/1999/1999A/Ja04899.pdf
salaire_base.agents_payes_a_l_heure.categorie_1.echelon_1,2000-05-01,1.012,"Avenant n° 7 à la convention collective nationale du textile, agréé par arrêté du 9 juin 1999",https://www.pist.tn/jort/1999/1999A/Ja04899.pdf
salaire_base.agents_payes_a_l_heure.categorie_1.echelon_1,2001-05-01,1.05,"Avenant n° 7 à la convention collective nationale du textile, agréé par arrêté du 9 juin 1999",https://www.pist.tn/jort/1999/1999A/Ja04899.pdf
salaire_base.agents_payes_a_l_heure.categorie_1.echelon_1,2002-05-01,1.088,"Avenant n° 8 à la convention collective nationale du textile, agréé par arrêté du 25 novembre 2002",https://www.pist.tn/jort/2002/2002A/Ja0972002.pdf
salaire_base.agents_payes_a_l_heure.categorie_1.echelon_1,2003-05-01,1.129,"Avenant n° 8 à la convention collective nationale du textile, agréé par arrêté du 25 novembre 2002",https://www.pist.tn/jort/2002/2002A/Ja0972002.pdf
salaire_base.agents_payes_a_l_heure.categorie_1.echelon_1,2004-05-01,1.175,"Avenant n° 8 à la convention collective nationale du textile, agréé par arrêté du 25 novembre 2002",https://www.pist.tn/jort/2002/2002A/Ja0972002.pdf
salaire_base.agents_payes_a_l_heure.categorie_1.echelon_1,2005-06-15,1.213,"Avenant n° 9 à la convention collective sectorielle du textile, agréé par arrêté du 17 janvier 2006",https://www.pist.tn/jort/2006/2006A/Ja0072006.pdf
salaire_base.agents_payes_a_l_heure.categorie_1.echelon_1,2006-05-01,1.256,"Avenant n° 9 à la convention collective sectorielle du textile, agréé par arrêté du 17 janvier 2006",https://www.pist.tn/jort/2006/2006A/Ja0072006.pdf
salaire_base.agents_payes_a_l_heure.categorie_1.echelon_1,2007-05-01,1.299,"Avenant n° 9 à la convention collective sectorielle du textile, agréé par arrêté du 17 janvier 2006",https://www.pist.tn/jort/2006/2006A/Ja0072006.pdf
salaire_base.agents_payes_a_l_heure.categorie_1.echelon_1,2008-05-01,1.363,"Avenant n° 10 à la convention collective sectorielle du textile, agréé par arrêté du 17 février 2009",https://www.pist.tn/jort/2009/2009A/Ja0162009.pdf
salaire_base.agents_payes_a_l_heure.categorie_1.echelon_1,2009-05-01,1.426,"Avenant n° 10 à la convention collective sectorielle du textile, agréé par arrêté du 17 février 2009",https://www.pist.tn/jort/2009/2009A/Ja0162009.pdf
salaire_base.agents_payes_a_l_heure.categorie_1.echelon_1,2010-05-01,1.497,"Avenant n° 10 à la convention collective sectorielle du textile, agréé par arrêté du 17 février 2009",https://www.pist.tn/jort/2009/2009A/Ja0162009.pdf
salaire_base.agents_payes_a_l_heure.categorie_1.echelon_1,2011-05-01,1.57,"Avenant n° 11 à la convention collective sectorielle du textile, agréé par arrêté du 11 octobre 2011",https://www.pist.tn/jort/2011/2011A/Ja0782011.pdf
salaire_base.agents_payes_a_l_heure.categorie_1.echelon_1,2012-05-01,1.662,"Avenant n° 12 à la convention collective sectorielle du textile, agréé par arrêté du 19 février 2013",https://www.pist.tn/jort/2013/2013A/Ja0162013.pdf
salaire_base.agents_payes_a_l_heure.categorie_1.echelon_1,2014-05-01,1.759,"Avenant n° 13 à la convention collective sectorielle du textile, agréé par arrêté du 17 octobre 2014",https://www.pist.tn/jort/2014/2014A/Ja0902014.pdf
salaire_base.agents_payes_a_l_heure.categorie_1.echelon_1,2015-09-01,1.863,"Avenant n° 14 à la convention collective sectorielle du textile, agréé par arrêté du 8 avril 2016",https://www.pist.tn/jort/2016/2016A/Ja0302016.pdf
salaire_base.agents_payes_a_l_heure.categorie_1.echelon_1,2016-08-01,1.972,"Avenant n° 15 à la convention collective sectorielle du textile, agréé par arrêté du 14 août 2017",https://www.pist.tn/jort/2017/2017A/Ja0662017.pdf
salaire_base.agents_payes_a_l_heure.categorie_1.echelon_1,2018-01-01,2.088,"Avenant n° 15 à la convention collective sectorielle du textile, agréé par arrêté du 14 août 2017",https://www.pist.tn/jort/2017/2017A/Ja0662017.pdf
salaire_base.agents_payes_a_l_heure.categorie_1.echelon_1,2019-01-01,2.232,"Avenant n° 16 à la convention collective sectorielle du textile, agréé par arrêté du 21 janvier 2019",https://www.pist.tn/jort/2019/2019A/Ja0112019.pdf
salaire_base.agents_payes_a_l_heure.categorie_1.echelon_1,2020-01-01,2.385,"Avenant n° 16 à la convention collective sectorielle du textile, agréé par arrêté du 21 janvier 2019",https://www.pist.tn/jort/2019/2019A/Ja0112019.pdf
salaire_base.agents_payes_a_l_heure.categorie_1.echelon_1,2021-09-01,2.54,"Avenant n° 17 à la convention collective sectorielle du textile, agréé par arrêté du 23 juin 2022",https://www.pist.tn/jort/2022/2022A/Ja0712022.pdf
salaire_base.agents_payes_a_l_heure.categorie_1.echelon_1,2022-05-01,2.718,"Avenant n° 17 à la convention collective sectorielle du textile, agréé par arrêté du 23 juin 2022",https://www.pist.tn/jort/2022/2022A/Ja0712022.pdf
salaire_base.agents_payes_a_l_heure.categorie_1.echelon_1,2024-01-01,2.895,"Avenant n° 18 à la convention collective sectorielle du textile, agréé par arrêté du 8 avril 2024",https://www.pist.tn/jort/2024/2024A/Ja0492024.pdf
salaire_base.agents_payes_a_l_heure.categorie_1.echelon_1,2025-01-01,3.083,"Avenant n° 18 à la convention collective sectorielle du textile, agréé par arrêté du 8 avril 2024",https://www.pist.tn/jort/2024/2024A/Ja0492024.pdf
salaire_base.agents_payes_a_l_heure.categorie_1.echelon_1,2026-01-01,3.299,"Avenant n° 18 à la convention collective sectorielle du textile, agréé par arrêté du 8 avril 2024",https://www.pist.tn/jort/2024/2024A/Ja0492024.pdf
salaire_base.agents_payes_a_l_heure.categorie_1.echelon_2,1994-05-01,0.786,"Avenant n° 5 à la convention collective nationale du textile, agréé par arrêté du 22 septembre 1994",https://www.pist.tn/jort/1994/1994F/Jo07894.pdf
salaire_base.agents_payes_a_l_heure.categorie_1.echelon_2,1995-05-01,0.824,"Avenant n° 5 à la convention collective nationale du textile, agréé par arrêté du 22 septembre 1994",https://www.pist.tn/jort/1994/1994F/Jo07894.pdf
salaire_base.agents_payes_a_l_heure.categorie_1.echelon_2,1996-05-01,0.862,"Avenant n° 6 à la convention collective nationale du textile, agréé par arrêté du 24 juillet 1996",https://www.pist.tn/jort/1996/1996A/Ja06096.pdf
salaire_base.agents_payes_a_l_heure.categorie_1.echelon_2,1997-05-01,0.9,"Avenant n° 6 à la convention collective nationale du textile, agréé par arrêté du 24 juillet 1996",https://www.pist.tn/jort/1996/1996A/Ja06096.pdf
salaire_base.agents_payes_a_l_heure.categorie_1.echelon_2,1998-05-01,0.938,"Avenant n° 6 à la convention collective nationale du textile, agréé par arrêté du 24 juillet 1996",https://www.pist.tn/jort/1996/1996A/Ja06096.pdf
salaire_base.agents_payes_a_l_heure.categorie_1.echelon_2,1999-05-01,0.976,"Avenant n° 7 à la convention collective nationale du textile, agréé par arrêté du 9 juin 1999",https://www.pist.tn/jort/1999/1999A/Ja04899.pdf
salaire_base.agents_payes_a_l_heure.categorie_1.echelon_2,2000-05-01,1.014,"Avenant n° 7 à la convention collective nationale du textile, agréé par arrêté du 9 juin 1999",https://www.pist.tn/jort/1999/1999A/Ja04899.pdf
salaire_base.agents_payes_a_l_heure.categorie_1.echelon_2,2001-05-01,1.052,"Avenant n° 7 à la convention collective nationale du textile, agréé par arrêté du 9 juin 1999",https://www.pist.tn/jort/1999/1999A/Ja04899.pdf
salaire_base.agents_payes_a_l_heure.categorie_1.echelon_2,2002-05-01,1.09,"Avenant n° 8 à la convention collective nationale du textile, agréé par arrêté du 25 novembre 2002",https://www.pist.tn/jort/2002/2002A/Ja0972002.pdf
salaire_base.agents_payes_a_l_heure.categorie_1.echelon_2,2003-05-01,1.131,"Avenant n° 8 à la convention collective nationale du textile, agréé par arrêté du 25 novembre 2002",https://www.pist.tn/jort/2002/2002A/Ja0972002.pdf
salaire_base.agents_payes_a_l_heure.categorie_1.echelon_2,2004-05-01,1.177,"Avenant n° 8 à la convention collective nationale du textile, agréé par arrêté du 25 novembre 2002",https://www.pist.tn/jort/2002/2002A/Ja0972002.pdf
salaire_base.agents_payes_a_l_heure.categorie_1.echelon_2,2005-06-15,1.215,"Avenant n° 9 à la convention collective sectorielle du textile, agréé par arrêté du 17 janvier 2006",https://www.pist.tn/jort/2006/2006A/Ja0072006.pdf
salaire_base.agents_payes_a_l_heure.categorie_1.echelon_2,2006-05-01,1.258,"Avenant n° 9 à la convention collective sectorielle du textile, agréé par arrêté du 17 janvier 2006",https://www.pist.tn/jort/2006/2006A/Ja0072006.pdf
salaire_base.agents_payes_a_l_heure.categorie_1.echelon_2,2007-05-01,1.301,"Avenant n° 9 à la convention collective sectorielle du textile, agréé par arrêté du 17 janvier 2006",https://www.pist.tn/jort/2006/2006A/Ja0072006.pdf
salaire_base.agents_payes_a_l_heure.categorie_1.echelon_2,2008-05-01,1.365,"Avenant n° 10 à la convention collective sectorielle du textile, agréé par arrêté du 17 février 2009",https://www.pist.tn/jort/2009/2009A/Ja0162009.pdf
salaire_base.agents_payes_a_l_heure.categorie_1.echelon_2,2009-05-01,1.428,"Avenant n° 10 à la convention collective sectorielle du textile, agréé par arrêté du 17 février 2009",https://www.pist.tn/jort/2009/2009A/Ja0162009.pdf
salaire_base.agents_payes_a_l_heure.categorie_1.echelon_2,2010-05-01,1.499,"Avenant n° 10 à la convention collective sectorielle du textile, agréé par arrêté du 17 février 2009",https://www.pist.tn/jort/2009/2009A/Ja0162009.pdf
salaire_base.agents_payes_a_l_heure.categorie_1.echelon_2,2011-05-01,1.572,"Avenant n° 11 à la convention collective sectorielle du textile, agréé par arrêté du 11 octobre 2011",https://www.pist.tn/jort/2011/2011A/Ja0782011.pdf
salaire_base.agents_payes_a_l_heure.categorie_1.echelon_2,2012-05-01,1.664,"Avenant n° 12 à la convention collective sectorielle du textile, agréé par arrêté du 19 février 2013",https://www.pist.tn/jort/2013/2013A/Ja0162013.pdf
salaire_base.agents_payes_a_l_heure.categorie_1.echelon_2,2014-05-01,1.761,"Avenant n° 13 à la convention collective sectorielle du textile, agréé par arrêté du 17 octobre 2014",https://www.pist.tn/jort/2014/2014A/Ja0902014.pdf
salaire_base.agents_payes_a_l_heure.categorie_1.echelon_2,2015-09-01,1.865,"Avenant n° 14 à la convention collective sectorielle du textile, agréé par arrêté du 8 avril 2016",https://www.pist.tn/jort/2016/2016A/Ja0302016.pdf
salaire_base.agents_payes_a_l_heure.categorie_1.echelon_2,2016-08-01,1.974,"Avenant n° 15 à la convention collective sectorielle du textile, agréé par arrêté du 14 août 2017",https://www.pist.tn/jort/2017/2017A/Ja0662017.pdf
salaire_base.agents_payes_a_l_heure.categorie_1.echelon_2,2018-01-01,2.09,"Avenant n° 15 à la convention collective sectorielle du textile, agréé par arrêté du 14 août 2017",https://www.pist.tn/jort/2017/2017A/Ja0662017.pdf
salaire_base.agents_payes_a_l_heure.categorie_1.echelon_2,2019-01-01,2.234,"Avenant n° 16 à la convention collective sectorielle du textile, agréé par arrêté du 21 janvier 2019",https://www.pist.tn/jort/2019/2019A/Ja0112019.pdf
salaire_base.agents_payes_a_l_heure.categorie_1.echelon_2,2020-01-01,2.387,"Avenant n° 16 à la convention collective sectorielle du textile, agréé par arrêté du 21 janvier 2019",https://www.pist.tn/jort/2019/2019A/Ja0112019.pdf
salaire_base.agents_payes_a_l_heure.categorie_1.echelon_2,2021-09-01,2.543,"Avenant n° 17 à la convention collective sectorielle du textile, agréé par arrêté du 23 juin 2022",https://www.pist.tn/jort/2022/2022A/Ja0712022.pdf
salaire_base.agents_payes_a_l_heure.categorie_1.echelon_2,2022-05-01,2.721,"Avenant n° 17 à la convention collective sectorielle du textile, agréé par arrêté du 23 juin 2022",https://www.pist.tn/jort/2022/2022A/Ja0712022.pdf
salaire_base.agents_payes_a_l_heure.categorie_1.echelon_2,2024-01-01,2.897,"Avenant n° 18 à la convention collective sectorielle du textile, agréé par arrêté du 8 avril 2024",https://www.pist.tn/jort/2024/2024A/Ja0492024.pdf
salaire_base.agents_payes_a_l_heure.categorie_1.echelon_2,2025-01-01,3.086,"Avenant n° 18 à la convention collective sectorielle du textile, agréé par arrêté du 8 avril 2024",https://www.pist.tn/jort/2024/2024A/Ja0492024.pdf
salaire_base.agents_payes_a_l_heure.categorie_1.echelon_2,2026-01-01,3.302,"Avenant n° 18 à la convention collective sectorielle du textile, agréé par arrêté du 8 avril 2024",https://www.pist.tn/jort/2024/2024A/Ja0492024.pdf
salaire_base.agents_payes_a_l_heure.categorie_1.echelon_3,1994-05-01,0.788,"Avenant n° 5 à la convention collective nationale du textile, agréé par arrêté du 22 septembre 1994",https://www.pist.tn/jort/1994/1994F/Jo07894.pdf
salaire_base.agents_payes_a_l_heure.categorie_1.echelon_3,1995-05-01,0.826,"Avenant n° 5 à la convention collective nationale du textile, agréé par arrêté du 22 septembre 1994",https://www.pist.tn/jort/1994/1994F/Jo07894.pdf
salaire_base.agents_payes_a_l_heure.categorie_1.echelon_3,1996-05-01,0.864,"Avenant n° 6 à la convention collective nationale du textile, agréé par arrêté du 24 juillet 1996",https://www.pist.tn/jort/1996/1996A/Ja06096.pdf
salaire_base.agents_payes_a_l_heure.categorie_1.echelon_3,1997-05-01,0.902,"Avenant n° 6 à la convention collective nationale du textile, agréé par arrêté du 24 juillet 1996",https://www.pist.tn/jort/1996/1996A/Ja06096.pdf
salaire_base.agents_payes_a_l_heure.categorie_1.echelon_3,1998-05-01,0.94,"Avenant n° 6 à la convention collective nationale du textile, agréé par arrêté du 24 juillet 1996",https://www.pist.tn/jort/1996/1996A/Ja06096.pdf
salaire_base.agents_payes_a_l_heure.categorie_1.echelon_3,1999-05-01,0.978,"Avenant n° 7 à la convention collective nationale du textile, agréé par arrêté du 9 juin 1999",https://www.pist.tn/jort/1999/1999A/Ja04899.pdf
salaire_base.agents_payes_a_l_heure.categorie_1.echelon_3,2000-05-01,1.016,"Avenant n° 7 à la convention collective nationale du textile, agréé par arrêté du 9 juin 1999",https://www.pist.tn/jort/1999/1999A/Ja04899.pdf
salaire_base.agents_payes_a_l_heure.categorie_1.echelon_3,2001-05-01,1.054,"Avenant n° 7 à la convention collective nationale du textile, agréé par arrêté du 9 juin 1999",https://www.pist.tn/jort/1999/1999A/Ja04899.pdf
salaire_base.agents_payes_a_l_heure.categorie_1.echelon_3,2002-05-01,1.092,"Avenant n° 8 à la convention collective nationale du textile, agréé par arrêté du 25 novembre 2002",https://www.pist.tn/jort/2002/2002A/Ja0972002.pdf
salaire_base.agents_payes_a_l_heure.categorie_1.echelon_3,2003-05-01,1.133,"Avenant n° 8 à la convention collective nationale du textile, agréé par arrêté du 25 novembre 2002",https://www.pist.tn/jort/2002/2002A/Ja0972002.pdf
salaire_base.agents_payes_a_l_heure.categorie_1.echelon_3,2004-05-01,1.179,"Avenant n° 8 à la convention collective nationale du textile, agréé par arrêté du 25 novembre 2002",https://www.pist.tn/jort/2002/2002A/Ja0972002.pdf
salaire_base.agents_payes_a_l_heure.categorie_1.echelon_3,2005-06-15,1.217,"Avenant n° 9 à la convention collective sectorielle du textile, agréé par arrêté du 17 janvier 2006",https://www.pist.tn/jort/2006/2006A/Ja0072006.pdf
salaire_base.agents_payes_a_l_heure.categorie_1.echelon_3,2006-05-01,1.26,"Avenant n° 9 à la convention collective sectorielle du textile, agréé par arrêté du 17 janvier 2006",https://www.pist.tn/jort/2006/2006A/Ja0072006.pdf
salaire_base.agents_payes_a_l_heure.categorie_1.echelon_3,2007-05-01,1.303,"Avenant n° 9 à la convention collective sectorielle du textile, agréé par arrêté du 17 janvier 2006",https://www.pist.tn/jort/2006/2006A/Ja0072006.pdf
salaire_base.agents_payes_a_l_heure.categorie_1.echelon_3,2008-05-01,1.367,"Avenant n° 10 à la convention collective sectorielle du textile, agréé par arrêté du 17 février 2009",https://www.pist.tn/jort/2009/2009A/Ja0162009.pdf
salaire_base.agents_payes_a_l_heure.categorie_1.echelon_3,2009-05-01,1.43,"Avenant n° 10 à la convention collective sectorielle du textile, agréé par arrêté du 17 février 2009",https://www.pist.tn/jort/2009/2009A/Ja0162009.pdf
salaire_base.agents_payes_a_l_heure.categorie_1.echelon_3,2010-05-01,1.5,"Avenant n° 10 à la convention collective sectorielle du textile, agréé par arrêté du 17 février 2009",https://www.pist.tn/jort/2009/2009A/Ja0162009.pdf
salaire_base.agents_payes_a_l_heure.categorie_1.echelon_3,2011-05-01,1.573,"Avenant n° 11 à la convention collective sectorielle du textile, agréé par arrêté du 11 octobre 2011",https://www.pist.tn/jort/2011/2011A/Ja0782011.pdf
salaire_base.agents_payes_a_l_heure.categorie_1.echelon_3,2012-05-01,1.665,"Avenant n° 12 à la convention collective sectorielle du textile, agréé par arrêté du 19 février 2013",https://www.pist.tn/jort/2013/2013A/Ja0162013.pdf
salaire_base.agents_payes_a_l_heure.categorie_1.echelon_3,2014-05-01,1.762,"Avenant n° 13 à la convention collective sectorielle du textile, agréé par arrêté du 17 octobre 2014",https://www.pist.tn/jort/2014/2014A/Ja0902014.pdf
salaire_base.agents_payes_a_l_heure.categorie_1.echelon_3,2015-09-01,1.866,"Avenant n° 14 à la convention collective sectorielle du textile, agréé par arrêté du 8 avril 2016",https://www.pist.tn/jort/2016/2016A/Ja0302016.pdf
salaire_base.agents_payes_a_l_heure.categorie_1.echelon_3,2016-08-01,1.975,"Avenant n° 15 à la convention collective sectorielle du textile, agréé par arrêté du 14 août 2017",https://www.pist.tn/jort/2017/2017A/Ja0662017.pdf
salaire_base.agents_payes_a_l_heure.categorie_1.echelon_3,2018-01-01,2.091,"Avenant n° 15 à la convention collective sectorielle du textile, agréé par arrêté du 14 août 2017",https://www.pist.tn/jort/2017/2017A/Ja0662017.pdf
salaire_base.agents_payes_a_l_heure.categorie_1.echelon_3,2019-01-01,2.235,"Avenant n° 16 à la convention collective sectorielle du textile, agréé par arrêté du 21 janvier 2019",https://www.pist.tn/jort/2019/2019A/Ja0112019.pdf
salaire_base.agents_payes_a_l_heure.categorie_1.echelon_3,2020-01-01,2.388,"Avenant n° 16 à la convention collective sectorielle du textile, agréé par arrêté du 21 janvier 2019",https://www.pist.tn/jort/2019/2019A/Ja0112019.pdf
salaire_base.agents_payes_a_l_heure.categorie_1.echelon_3,2021-09-01,2.544,"Avenant n° 17 à la convention collective sectorielle du textile, agréé par arrêté du 23 juin 2022",https://www.pist.tn/jort/2022/2022A/Ja0712022.pdf
salaire_base.agents_payes_a_l_heure.categorie_1.echelon_3,2022-05-01,2.722,"Avenant n° 17 à la convention collective sectorielle du textile, agréé par arrêté du 23 juin 2022",https://www.pist.tn/jort/2022/2022A/Ja0712022.pdf
salaire_base.agents_payes_a_l_heure.categorie_1.echelon_3,2024-01-01,2.899,"Avenant n° 18 à la convention collective sectorielle du textile, agréé par arrêté du 8 avril 2024",https://www.pist.tn/jort/2024/2024A/Ja0492024.pdf
salaire_base.agents_payes_a_l_heure.categorie_1.echelon_3,2025-01-01,3.087,"Avenant n° 18 à la convention collective sectorielle du textile, agréé par arrêté du 8 avril 2024",https://www.pist.tn/jort/2024/2024A/Ja0492024.pdf
salaire_base.agents_payes_a_l_heure.categorie_1.echelon_3,2026-01-01,3.303,"Avenant n° 18 à la convention collective sectorielle du textile, agréé par arrêté du 8 avril 2024",https://www.pist.tn/jort/2024/2024A/Ja0492024.pdf
salaire_base.agents_payes_a_l_heure.categorie_1.echelon_4,1994-05-01,0.789,"Avenant n° 5 à la convention collective nationale du textile, agréé par arrêté du 22 septembre 1994",https://www.pist.tn/jort/1994/1994F/Jo07894.pdf
salaire_base.agents_payes_a_l_heure.categorie_1.echelon_4,1995-05-01,0.827,"Avenant n° 5 à la convention collective nationale du textile, agréé par arrêté du 22 septembre 1994",https://www.pist.tn/jort/1994/1994F/Jo07894.pdf
salaire_base.agents_payes_a_l_heure.categorie_1.echelon_4,1996-05-01,0.865,"Avenant n° 6 à la convention collective nationale du textile, agréé par arrêté du 24 juillet 1996",https://www.pist.tn/jort/1996/1996A/Ja06096.pdf
salaire_base.agents_payes_a_l_heure.categorie_1.echelon_4,1997-05-01,0.903,"Avenant n° 6 à la convention collective nationale du textile, agréé par arrêté du 24 juillet 1996",https://www.pist.tn/jort/1996/1996A/Ja06096.pdf
salaire_base.agents_payes_a_l_heure.categorie_1.echelon_4,1998-05-01,0.941,"Avenant n° 6 à la convention collective nationale du textile, agréé par arrêté du 24 juillet 1996",https://www.pist.tn/jort/1996/1996A/Ja06096.pdf
salaire_base.agents_payes_a_l_heure.categorie_1.echelon_4,1999-05-01,0.979,"Avenant n° 7 à la convention collective nationale du textile, agréé par arrêté du 9 juin 1999",https://www.pist.tn/jort/1999/1999A/Ja04899.pdf
salaire_base.agents_payes_a_l_heure.categorie_1.echelon_4,2000-05-01,1.017,"Avenant n° 7 à la convention collective nationale du textile, agréé par arrêté du 9 juin 1999",https://www.pist.tn/jort/1999/1999A/Ja04899.pdf
salaire_base.agents_payes_a_l_heure.categorie_1.echelon_4,2001-05-01,1.055,"Avenant n° 7 à la convention collective nationale du textile, agréé par arrêté du 9 juin 1999",https://www.pist.tn/jort/1999/1999A/Ja04899.pdf
salaire_base.agents_payes_a_l_heure.categorie_1.echelon_4,2002-05-01,1.093,"Avenant n° 8 à la convention collective nationale du textile, agréé par arrêté du 25 novembre 2002",https://www.pist.tn/jort/2002/2002A/Ja0972002.pdf
salaire_base.agents_payes_a_l_heure.categorie_1.echelon_4,2003-05-01,1.134,"Avenant n° 8 à la convention collective nationale du textile, agréé par arrêté du 25 novembre 2002",https://www.pist.tn/jort/2002/2002A/Ja0972002.pdf
salaire_base.agents_payes_a_l_heure.categorie_1.echelon_4,2004-05-01,1.18,"Avenant n° 8 à la convention collective nationale du textile, agréé par arrêté du 25 novembre 2002",https://www.pist.tn/jort/2002/2002A/Ja0972002.pdf
salaire_base.agents_payes_a_l_heure.categorie_1.echelon_4,2005-06-15,1.218,"Avenant n° 9 à la convention collective sectorielle du textile, agréé par arrêté du 17 janvier 2006",https://www.pist.tn/jort/2006/2006A/Ja0072006.pdf
salaire_base.agents_payes_a_l_heure.categorie_1.echelon_4,2006-05-01,1.261,"Avenant n° 9 à la convention collective sectorielle du textile, agréé par arrêté du 17 janvier 2006",https://www.pist.tn/jort/2006/2006A/Ja0072006.pdf
salaire_base.agents_payes_a_l_heure.categorie_1.echelon_4,2007-05-01,1.304,"Avenant n° 9 à la convention collective sectorielle du textile, agréé par arrêté du 17 janvier 2006",https://www.pist.tn/jort/2006/2006A/Ja0072006.pdf
salaire_base.agents_payes_a_l_heure.categorie_1.echelon_4,2008-05-01,1.368,"Avenant n° 10 à la convention collective sectorielle du textile, agréé par arrêté du 17 février 2009",https://www.pist.tn/jort/2009/2009A/Ja0162009.pdf
salaire_base.agents_payes_a_l_heure.categorie_1.echelon_4,2009-05-01,1.431,"Avenant n° 10 à la convention collective sectorielle du textile, agréé par arrêté du 17 février 2009",https://www.pist.tn/jort/2009/2009A/Ja0162009.pdf
salaire_base.agents_payes_a_l_heure.categorie_1.echelon_4,2010-05-01,1.502,"Avenant n° 10 à la convention collective sectorielle du textile, agréé par arrêté du 17 février 2009",https://www.pist.tn/jort/2009/2009A/Ja0162009.pdf
salaire_base.agents_payes_a_l_heure.categorie_1.echelon_4,2011-05-01,1.575,"Avenant n° 11 à la convention collective sectorielle du textile, agréé par arrêté du 11 octobre 2011",https://www.pist.tn/jort/2011/2011A/Ja0782011.pdf
salaire_base.agents_payes_a_l_heure.categorie_1.echelon_4,2012-05-01,1.667,"Avenant n° 12 à la convention collective sectorielle du textile, agréé par arrêté du 19 février 2013",https://www.pist.tn/jort/2013/2013A/Ja0162013.pdf
salaire_base.agents_payes_a_l_heure.categorie_1.echelon_4,2014-05-01,1.764,"Avenant n° 13 à la convention collective sectorielle du textile, agréé par arrêté du 17 octobre 2014",https://www.pist.tn/jort/2014/2014A/Ja0902014.pdf
salaire_base.agents_payes_a_l_heure.categorie_1.echelon_4,2015-09-01,1.868,"Avenant n° 14 à la convention collective sectorielle du textile, agréé par arrêté du 8 avril 2016",https://www.pist.tn/jort/2016/2016A/Ja0302016.pdf
salaire_base.agents_payes_a_l_heure.categorie_1.echelon_4,2016-08-01,1.977,"Avenant n° 15 à la convention collective sectorielle du textile, agréé par arrêté du 14 août 2017",https://www.pist.tn/jort/2017/2017A/Ja0662017.pdf
salaire_base.agents_payes_a_l_heure.categorie_1.echelon_4,2018-01-01,2.093,"Avenant n° 15 à la convention collective sectorielle du textile, agréé par arrêté du 14 août 2017",https://www.pist.tn/jort/2017/2017A/Ja0662017.pdf
salaire_base.agents_payes_a_l_heure.categorie_1.echelon_4,2019-01-01,2.237,"Avenant n° 16 à la convention collective sectorielle du textile, agréé par arrêté du 21 janvier 2019",https://www.pist.tn/jort/2019/2019A/Ja0112019.pdf
salaire_base.agents_payes_a_l_heure.categorie_1.echelon_4,2020-01-01,2.39,"Avenant n° 16 à la convention collective sectorielle du textile, agréé par arrêté du 21 janvier 2019",https://www.pist.tn/jort/2019/2019A/Ja0112019.pdf
salaire_base.agents_payes_a_l_heure.categorie_1.echelon_4,2021-09-01,2.546,"Avenant n° 17 à la convention collective sectorielle du textile, agréé par arrêté du 23 juin 2022",https://www.pist.tn/jort/2022/2022A/Ja0712022.pdf
salaire_base.agents_payes_a_l_heure.categorie_1.echelon_4,2022-05-01,2.724,"Avenant n° 17 à la convention collective sectorielle du textile, agréé par arrêté du 23 juin 2022",https://www.pist.tn/jort/2022/2022A/Ja0712022.pdf
salaire_base.agents_payes_a_l_heure.categorie_1.echelon_4,2024-01-01,2.901,"Avenant n° 18 à la convention collective sectorielle du textile, agréé par arrêté du 8 avril 2024",https://www.pist.tn/jort/2024/2024A/Ja0492024.pdf
salaire_base.agents_payes_a_l_heure.categorie_1.echelon_4,2025-01-01,3.09,"Avenant n° 18 à la convention collective sectorielle du textile, agréé par arrêté du 8 avril 2024",https://www.pist.tn/jort/2024/2024A/Ja0492024.pdf
salaire_base.agents_payes_a_l_heure.categorie_1.echelon_4,2026-01-01,3.306,"Avenant n° 18 à la convention collective sectorielle du textile, agréé par arrêté du 8 avril 2024",https://www.pist.tn/jort/2024/2024A/Ja0492024.pdf
salaire_base.agents_payes_a_l_heure.categorie_1.echelon_5,1994-05-01,0.791,"Avenant n° 5 à la convention collective nationale du textile, agréé par arrêté du 22 septembre 1994",https://www.pist.tn/jort/1994/1994F/Jo07894.pdf
salaire_base.agents_payes_a_l_heure.categorie_1.echelon_5,1995-05-01,0.829,"Avenant n° 5 à la convention collective nationale du textile, agréé par arrêté du 22 septembre 1994",https://www.pist.tn/jort/1994/1994F/Jo07894.pdf
salaire_base.agents_payes_a_l_heure.categorie_1.echelon_5,1996-05-01,0.867,"Avenant n° 6 à la convention collective nationale du textile, agréé par arrêté du 24 juillet 1996",https://www.pist.tn/jort/1996/1996A/Ja06096.pdf
salaire_base.agents_payes_a_l_heure.categorie_1.echelon_5,1997-05-01,0.905,"Avenant n° 6 à la convention collective nationale du textile, agréé par arrêté du 24 juillet 1996",https://www.pist.tn/jort/1996/1996A/Ja06096.pdf
salaire_base.agents_payes_a_l_heure.categorie_1.echelon_5,1998-05-01,0.943,"Avenant n° 6 à la convention collective nationale du textile, agréé par arrêté du 24 juillet 1996",https://www.pist.tn/jort/1996/1996A/Ja06096.pdf
salaire_base.agents_payes_a_l_heure.categorie_1.echelon_5,1999-05-01,0.981,"Avenant n° 7 à la convention collective nationale du textile, agréé par arrêté du 9 juin 1999",https://www.pist.tn/jort/1999/1999A/Ja04899.pdf
salaire_base.agents_payes_a_l_heure.categorie_1.echelon_5,2000-05-01,1.019,"Avenant n° 7 à la convention collective nationale du textile, agréé par arrêté du 9 juin 1999",https://www.pist.tn/jort/1999/1999A/Ja04899.pdf
salaire_base.agents_payes_a_l_heure.categorie_1.echelon_5,2001-05-01,1.057,"Avenant n° 7 à la convention collective nationale du textile, agréé par arrêté du 9 juin 1999",https://www.pist.tn/jort/1999/1999A/Ja04899.pdf
salaire_base.agents_payes_a_l_heure.categorie_1.echelon_5,2002-05-01,1.095,"Avenant n° 8 à la convention collective nationale du textile, agréé par arrêté du 25 novembre 2002",https://www.pist.tn/jort/2002/2002A/Ja0972002.pdf
salaire_base.agents_payes_a_l_heure.categorie_1.echelon_5,2003-05-01,1.136,"Avenant n° 8 à la convention collective nationale du textile, agréé par arrêté du 25 novembre 2002",https://www.pist.tn/jort/2002/2002A/Ja0972002.pdf
salaire_base.agents_payes_a_l_heure.categorie_1.echelon_5,2004-05-01,1.182,"Avenant n° 8 à la convention collective nationale du textile, agréé par arrêté du 25 novembre 2002",https://www.pist.tn/jort/2002/2002A/Ja0972002.pdf
salaire_base.agents_payes_a_l_heure.categorie_1.echelon_5,2005-06-15,1.22,"Avenant n° 9 à la convention collective sectorielle du textile, agréé par arrêté du 17 janvier 2006",https://www.pist.tn/jort/2006/2006A/Ja0072006.pdf
salaire_base.agents_payes_a_l_heure.categorie_1.echelon_5,2006-05-01,1.263,"Avenant n° 9 à la convention collective sectorielle du textile, agréé par arrêté du 17 janvier 2006",https://www.pist.tn/jort/2006/2006A/Ja0072006.pdf
salaire_base.agents_payes_a_l_heure.categorie_1.echelon_5,2007-05-01,1.306,"Avenant n° 9 à la convention collective sectorielle du textile, agréé par arrêté du 17 janvier 2006",https://www.pist.tn/jort/2006/2006A/Ja0072006.pdf
salaire_base.agents_payes_a_l_heure.categorie_1.echelon_5,2008-05-01,1.37,"Avenant n° 10 à la convention collective sectorielle du textile, agréé par arrêté du 17 février 2009",https://www.pist.tn/jort/2009/2009A/Ja0162009.pdf
salaire_base.agents_payes_a_l_heure.categorie_1.echelon_5,2009-05-01,1.433,"Avenant n° 10 à la convention collective sectorielle du textile, agréé par arrêté du 17 février 2009",https://www.pist.tn/jort/2009/2009A/Ja0162009.pdf
salaire_base.agents_payes_a_l_heure.categorie_1.echelon_5,2010-05-01,1.503,"Avenant n° 10 à la convention collective sectorielle du textile, agréé par arrêté du 17 février 2009",https://www.pist.tn/jort/2009/2009A/Ja0162009.pdf
salaire_base.agents_payes_a_l_heure.categorie_1.echelon_5,2011-05-01,1.576,"Avenant n° 11 à la convention collective sectorielle du textile, agréé par arrêté du 11 octobre 2011",https://www.pist.tn/jort/2011/2011A/Ja0782011.pdf
salaire_base.agents_payes_a_l_heure.categorie_1.echelon_5,2012-05-01,1.668,"Avenant n° 12 à la convention collective sectorielle du textile, agréé par arrêté du 19 février 2013",https://www.pist.tn/jort/2013/2013A/Ja0162013.pdf
salaire_base.agents_payes_a_l_heure.categorie_1.echelon_5,2014-05-01,1.765,"Avenant n° 13 à la convention collective sectorielle du textile, agréé par arrêté du 17 octobre 2014",https://www.pist.tn/jort/2014/2014A/Ja0902014.pdf
salaire_base.agents_payes_a_l_heure.categorie_1.echelon_5,2015-09-01,1.869,"Avenant n° 14 à la convention collective sectorielle du textile, agréé par arrêté du 8 avril 2016",https://www.pist.tn/jort/2016/2016A/Ja0302016.pdf
salaire_base.agents_payes_a_l_heure.categorie_1.echelon_5,2016-08-01,1.978,"Avenant n° 15 à la convention collective sectorielle du textile, agréé par arrêté du 14 août 2017",https://www.pist.tn/jort/2017/2017A/Ja0662017.pdf
salaire_base.agents_payes_a_l_heure.categorie_1.echelon_5,2018-01-01,2.094,"Avenant n° 15 à la convention collective sectorielle du textile, agréé par arrêté du 14 août 2017",https://www.pist.tn/jort/2017/2017A/Ja0662017.pdf
salaire_base.agents_payes_a_l_heure.categorie_1.echelon_5,2019-01-01,2.238,"Avenant n° 16 à la convention collective sectorielle du textile, agréé par arrêté du 21 janvier 2019",https://www.pist.tn/jort/2019/2019A/Ja0112019.pdf
salaire_base.agents_payes_a_l_heure.categorie_1.echelon_5,2020-01-01,2.391,"Avenant n° 16 à la convention collective sectorielle du textile, agréé par arrêté du 21 janvier 2019",https://www.pist.tn/jort/2019/2019A/Ja0112019.pdf
salaire_base.agents_payes_a_l_heure.categorie_1.echelon_5,2021-09-01,2.547,"Avenant n° 17 à la convention collective sectorielle du textile, agréé par arrêté du 23 juin 2022",https://www.pist.tn/jort/2022/2022A/Ja0712022.pdf
salaire_base.agents_payes_a_l_heure.categorie_1.echelon_5,2022-05-01,2.725,"Avenant n° 17 à la convention collective sectorielle du textile, agréé par arrêté du 23 juin 2022",https://www.pist.tn/jort/2022/2022A/Ja0712022.pdf
salaire_base.agents_payes_a_l_heure.categorie_1.echelon_5,2024-01-01,2.902,"Avenant n° 18 à la convention collective sectorielle du textile, agréé par arrêté du 8 avril 2024",https://www.pist.tn/jort/2024/2024A/Ja0492024.pdf
salaire_base.agents_payes_a_l_heure.categorie_1.echelon_5,2025-01-01,3.091,"Avenant n° 18 à la convention collective sectorielle du textile, agréé par arrêté du 8 avril 2024",https://www.pist.tn/jort/2024/2024A/Ja0492024.pdf
salaire_base.agents_payes_a_l_heure.categorie_1.echelon_5,2026-01-01,3.307,"Avenant n° 18 à la convention collective sectorielle du textile, agréé par arrêté du 8 avril 2024",https://www.pist.tn/jort/2024/2024A/Ja0492024.pdf
salaire_base.agents_payes_a_l_heure.categorie_1.echelon_6,1994-05-01,0.792,"Avenant n° 5 à la convention collective nationale du textile, agréé par arrêté du 22 septembre 1994",https://www.pist.tn/jort/1994/1994F/Jo07894.pdf
salaire_base.agents_payes_a_l_heure.categorie_1.echelon_6,1995-05-01,0.83,"Avenant n° 5 à la convention collective nationale du textile, agréé par arrêté du 22 septembre 1994",https://www.pist.tn/jort/1994/1994F/Jo07894.pdf
salaire_base.agents_payes_a_l_heure.categorie_1.echelon_6,1996-05-01,0.868,"Avenant n° 6 à la convention collective nationale du textile, agréé par arrêté du 24 juillet 1996",https://www.pist.tn/jort/1996/1996A/Ja06096.pdf
salaire_base.agents_payes_a_l_heure.categorie_1.echelon_6,1997-05-01,0.906,"Avenant n° 6 à la convention collective nationale du textile, agréé par arrêté du 24 juillet 1996",https://www.pist.tn/jort/1996/1996A/Ja06096.pdf
salaire_base.agents_payes_a_l_heure.categorie_1.echelon_6,1998-05-01,0.944,"Avenant n° 6 à la convention collective nationale du textile, agréé par arrêté du 24 juillet 1996",https://www.pist.tn/jort/1996/1996A/Ja06096.pdf
salaire_base.agents_payes_a_l_heure.categorie_1.echelon_6,1999-05-01,0.982,"Avenant n° 7 à la convention collective nationale du textile, agréé par arrêté du 9 juin 1999",https://www.pist.tn/jort/1999/1999A/Ja04899.pdf
salaire_base.agents_payes_a_l_heure.categorie_1.echelon_6,2000-05-01,1.02,"Avenant n° 7 à la convention collective nationale du textile, agréé par arrêté du 9 juin 1999",https://www.pist.tn/jort/1999/1999A/Ja04899.pdf
salaire_base.agents_payes_a_l_heure.categorie_1.echelon_6,2001-05-01,1.058,"Avenant n° 7 à la convention collective nationale du textile, agréé par arrêté du 9 juin 1999",https://www.pist.tn/jort/1999/1999A/Ja04899.pdf
salaire_base.agents_payes_a_l_heure.categorie_1.echelon_6,2002-05-01,1.096,"Avenant n° 8 à la convention collective nationale du textile, agréé par arrêté du 25 novembre 2002",https://www.pist.tn/jort/2002/2002A/Ja0972002.pdf
salaire_base.agents_payes_a_l_heure.categorie_1.echelon_6,2003-05-01,1.137,"Avenant n° 8 à la convention collective nationale du textile, agréé par arrêté du 25 novembre 2002",https://www.pist.tn/jort/2002/2002A/Ja0972002.pdf
salaire_base.agents_payes_a_l_heure.categorie_1.echelon_6,2004-05-01,1.183,"Avenant n° 8 à la convention collective nationale du textile, agréé par arrêté du 25 novembre 2002",https://www.pist.tn/jort/2002/2002A/Ja0972002.pdf
salaire_base.agents_payes_a_l_heure.categorie_1.echelon_6,2005-06-15,1.221,"Avenant n° 9 à la convention collective sectorielle du textile, agréé par arrêté du 17 janvier 2006",https://www.pist.tn/jort/2006/2006A/Ja0072006.pdf
salaire_base.agents_payes_a_l_heure.categorie_1.echelon_6,2006-05-01,1.264,"Avenant n° 9 à la convention collective sectorielle du textile, agréé par arrêté du 17 janvier 2006",https://www.pist.tn/jort/2006/2006A/Ja0072006.pdf
salaire_base.agents_payes_a_l_heure.categorie_1.echelon_6,2007-05-01,1.307,"Avenant n° 9 à la convention collective sectorielle du textile, agréé par arrêté du 17 janvier 2006",https://www.pist.tn/jort/2006/2006A/Ja0072006.pdf
salaire_base.agents_payes_a_l_heure.categorie_1.echelon_6,2008-05-01,1.371,"Avenant n° 10 à la convention collective sectorielle du textile, agréé par arrêté du 17 février 2009",https://www.pist.tn/jort/2009/2009A/Ja0162009.pdf
salaire_base.agents_payes_a_l_heure.categorie_1.echelon_6,2009-05-01,1.434,"Avenant n° 10 à la convention collective sectorielle du textile, agréé par arrêté du 17 février 2009",https://www.pist.tn/jort/2009/2009A/Ja0162009.pdf
salaire_base.agents_payes_a_l_heure.categorie_1.echelon_6,2010-05-01,1.505,"Avenant n° 10 à la convention collective sectorielle du textile, agréé par arrêté du 17 février 2009",https://www.pist.tn/jort/2009/2009A/Ja0162009.pdf
salaire_base.agents_payes_a_l_heure.categorie_1.echelon_6,2011-05-01,1.578,"Avenant n° 11 à la convention collective sectorielle du textile, agréé par arrêté du 11 octobre 2011",https://www.pist.tn/jort/2011/2011A/Ja0782011.pdf
salaire_base.agents_payes_a_l_heure.categorie_1.echelon_6,2012-05-01,1.67,"Avenant n° 12 à la convention collective sectorielle du textile, agréé par arrêté du 19 février 2013",https://www.pist.tn/jort/2013/2013A/Ja0162013.pdf
salaire_base.agents_payes_a_l_heure.categorie_1.echelon_6,2014-05-01,1.767,"Avenant n° 13 à la convention collective sectorielle du textile, agréé par arrêté du 17 octobre 2014",https://www.pist.tn/jort/2014/2014A/Ja0902014.pdf
salaire_base.agents_payes_a_l_heure.categorie_1.echelon_6,2015-09-01,1.871,"Avenant n° 14 à la convention collective sectorielle du textile, agréé par arrêté du 8 avril 2016",https://www.pist.tn/jort/2016/2016A/Ja0302016.pdf
salaire_base.agents_payes_a_l_heure.categorie_1.echelon_6,2016-08-01,1.98,"Avenant n° 15 à la convention collective sectorielle du textile, agréé par arrêté du 14 août 2017",https://www.pist.tn/jort/2017/2017A/Ja0662017.pdf
salaire_base.agents_payes_a_l_heure.categorie_1.echelon_6,2018-01-01,2.096,"Avenant n° 15 à la convention collective sectorielle du textile, agréé par arrêté du 14 août 2017",https://www.pist.tn/jort/2017/2017A/Ja0662017.pdf
salaire_base.agents_payes_a_l_heure.categorie_1.echelon_6,2019-01-01,2.24,"Avenant n° 16 à la convention collective sectorielle du textile, agréé par arrêté du 21 janvier 2019",https://www.pist.tn/jort/2019/2019A/Ja0112019.pdf
salaire_base.agents_payes_a_l_heure.categorie_1.echelon_6,2020-01-01,2.393,"Avenant n° 16 à la convention collective sectorielle du textile, agréé par arrêté du 21 janvier 2019",https://www.pist.tn/jort/2019/2019A/Ja0112019.pdf
salaire_base.agents_payes_a_l_heure.categorie_1.echelon_6,2021-09-01,2.549,"Avenant n° 17 à la convention collective sectorielle du textile, agréé par arrêté du 23 juin 2022",https://www.pist.tn/jort/2022/2022A/Ja0712022.pdf
salaire_base.agents_payes_a_l_heure.categorie_1.echelon_6,2022-05-01,2.727,"Avenant n° 17 à la convention collective sectorielle du textile, agréé par arrêté du 23 juin 2022",https://www.pist.tn/jort/2022/2022A/Ja0712022.pdf
salaire_base.agents_payes_a_l_heure.categorie_1.echelon_6,2024-01-01,2.905,"Avenant n° 18 à la convention collective sectorielle du textile, agréé par arrêté du 8 avril 2024",https://www.pist.tn/jort/2024/2024A/Ja0492024.pdf
salaire_base.agents_payes_a_l_heure.categorie_1.echelon_6,2025-01-01,3.093,"Avenant n° 18 à la convention collective sectorielle du textile, agréé par arrêté du 8 avril 2024",https://www.pist.tn/jort/2024/2024A/Ja0492024.pdf
salaire_base.agents_payes_a_l_heure.categorie_1.echelon_6,2026-01-01,3.31,"Avenant n° 18 à la convention collective sectorielle du textile, agréé par arrêté du 8 avril 2024",https://www.pist.tn/jort/2024/2024A/Ja0492024.pdf
salaire_base.agents_payes_a_l_heure.categorie_1.echelon_7,1994-05-01,0.794,"Avenant n° 5 à la convention collective nationale du textile, agréé par arrêté du 22 septembre 1994",https://www.pist.tn/jort/1994/1994F/Jo07894.pdf
salaire_base.agents_payes_a_l_heure.categorie_1.echelon_7,1995-05-01,0.832,"Avenant n° 5 à la convention collective nationale du textile, agréé par arrêté du 22 septembre 1994",https://www.pist.tn/jort/1994/1994F/Jo07894.pdf
salaire_base.agents_payes_a_l_heure.categorie_1.echelon_7,1996-05-01,0.87,"Avenant n° 6 à la convention collective nationale du textile, agréé par arrêté du 24 juillet 1996",https://www.pist.tn/jort/1996/1996A/Ja06096.pdf
salaire_base.agents_payes_a_l_heure.categorie_1.echelon_7,1997-05-01,0.908,"Avenant n° 6 à la convention collective nationale du textile, agréé par arrêté du 24 juillet 1996",https://www.pist.tn/jort/1996/1996A/Ja06096.pdf
salaire_base.agents_payes_a_l_heure.categorie_1.echelon_7,1998-05-01,0.946,"Avenant n° 6 à la convention collective nationale du textile, agréé par arrêté du 24 juillet 1996",https://www.pist.tn/jort/1996/1996A/Ja06096.pdf
salaire_base.agents_payes_a_l_heure.categorie_1.echelon_7,1999-05-01,0.984,"Avenant n° 7 à la convention collective nationale du textile, agréé par arrêté du 9 juin 1999",https://www.pist.tn/jort/1999/1999A/Ja04899.pdf
salaire_base.agents_payes_a_l_heure.categorie_1.echelon_7,2000-05-01,1.022,"Avenant n° 7 à la convention collective nationale du textile, agréé par arrêté du 9 juin 1999",https://www.pist.tn/jort/1999/1999A/Ja04899.pdf
salaire_base.agents_payes_a_l_heure.categorie_1.echelon_7,2001-05-01,1.06,"Avenant n° 7 à la convention collective nationale du textile, agréé par arrêté du 9 juin 1999",https://www.pist.tn/jort/1999/1999A/Ja04899.pdf
salaire_base.agents_payes_a_l_heure.categorie_1.echelon_7,2002-05-01,1.098,"Avenant n° 8 à la convention collective nationale du textile, agréé par arrêté du 25 novembre 2002",https://www.pist.tn/jort/2002/2002A/Ja0972002.pdf
salaire_base.agents_payes_a_l_heure.categorie_1.echelon_7,2003-05-01,1.139,"Avenant n° 8 à la convention collective nationale du textile, agréé par arrêté du 25 novembre 2002",https://www.pist.tn/jort/2002/2002A/Ja0972002.pdf
salaire_base.agents_payes_a_l_heure.categorie_1.echelon_7,2004-05-01,1.185,"Avenant n° 8 à la convention collective nationale du textile, agréé par arrêté du 25 novembre 2002",https://www.pist.tn/jort/2002/2002A/Ja0972002.pdf
salaire_base.agents_payes_a_l_heure.categorie_1.echelon_7,2005-06-15,1.223,"Avenant n° 9 à la convention collective sectorielle du textile, agréé par arrêté du 17 janvier 2006",https://www.pist.tn/jort/2006/2006A/Ja0072006.pdf
salaire_base.agents_payes_a_l_heure.categorie_1.echelon_7,2006-05-01,1.266,"Avenant n° 9 à la convention collective sectorielle du textile, agréé par arrêté du 17 janvier 2006",https://www.pist.tn/jort/2006/2006A/Ja0072006.pdf
salaire_base.agents_payes_a_l_heure.categorie_1.echelon_7,2007-05-01,1.309,"Avenant n° 9 à la convention collective sectorielle du textile, agréé par arrêté du 17 janvier 2006",https://www.pist.tn/jort/2006/2006A/Ja0072006.pdf
salaire_base.agents_payes_a_l_heure.categorie_1.echelon_7,2008-05-01,1.373,"Avenant n° 10 à la convention collective sectorielle du textile, agréé par arrêté du 17 février 2009",https://www.pist.tn/jort/2009/2009A/Ja0162009.pdf
salaire_base.agents_payes_a_l_heure.categorie_1.echelon_7,2009-05-01,1.436,"Avenant n° 10 à la convention collective sectorielle du textile, agréé par arrêté du 17 février 2009",https://www.pist.tn/jort/2009/2009A/Ja0162009.pdf
salaire_base.agents_payes_a_l_heure.categorie_1.echelon_7,2010-05-01,1.507,"Avenant n° 10 à la convention collective sectorielle du textile, agréé par arrêté du 17 février 2009",https://www.pist.tn/jort/2009/2009A/Ja0162009.pdf
salaire_base.agents_payes_a_l_heure.categorie_1.echelon_7,2011-05-01,1.58,"Avenant n° 11 à la convention collective sectorielle du textile, agréé par arrêté du 11 octobre 2011",https://www.pist.tn/jort/2011/2011A/Ja0782011.pdf
salaire_base.agents_payes_a_l_heure.categorie_1.echelon_7,2012-05-01,1.672,"Avenant n° 12 à la convention collective sectorielle du textile, agréé par arrêté du 19 février 2013",https://www.pist.tn/jort/2013/2013A/Ja0162013.pdf
salaire_base.agents_payes_a_l_heure.categorie_1.echelon_7,2014-05-01,1.769,"Avenant n° 13 à la convention collective sectorielle du textile, agréé par arrêté du 17 octobre 2014",https://www.pist.tn/jort/2014/2014A/Ja0902014.pdf
salaire_base.agents_payes_a_l_heure.categorie_1.echelon_7,2015-09-01,1.873,"Avenant n° 14 à la convention collective sectorielle du textile, agréé par arrêté du 8 avril 2016",https://www.pist.tn/jort/2016/2016A/Ja0302016.pdf
salaire_base.agents_payes_a_l_heure.categorie_1.echelon_7,2016-08-01,1.982,"Avenant n° 15 à la convention collective sectorielle du textile, agréé par arrêté du 14 août 2017",https://www.pist.tn/jort/2017/2017A/Ja0662017.pdf
salaire_base.agents_payes_a_l_heure.categorie_1.echelon_7,2018-01-01,2.098,"Avenant n° 15 à la convention collective sectorielle du textile, agréé par arrêté du 14 août 2017",https://www.pist.tn/jort/2017/2017A/Ja0662017.pdf
salaire_base.agents_payes_a_l_heure.categorie_1.echelon_7,2019-01-01,2.242,"Avenant n° 16 à la convention collective sectorielle du textile, agréé par arrêté du 21 janvier 2019",https://www.pist.tn/jort/2019/2019A/Ja0112019.pdf
salaire_base.agents_payes_a_l_heure.categorie_1.echelon_7,2020-01-01,2.395,"Avenant n° 16 à la convention collective sectorielle du textile, agréé par arrêté du 21 janvier 2019",https://www.pist.tn/jort/2019/2019A/Ja0112019.pdf
salaire_base.agents_payes_a_l_heure.categorie_1.echelon_7,2021-09-01,2.551,"Avenant n° 17 à la convention collective sectorielle du textile, agréé par arrêté du 23 juin 2022",https://www.pist.tn/jort/2022/2022A/Ja0712022.pdf
salaire_base.agents_payes_a_l_heure.categorie_1.echelon_7,2022-05-01,2.73,"Avenant n° 17 à la convention collective sectorielle du textile, agréé par arrêté du 23 juin 2022",https://www.pist.tn/jort/2022/2022A/Ja0712022.pdf
salaire_base.agents_payes_a_l_heure.categorie_1.echelon_7,2024-01-01,2.907,"Avenant n° 18 à la convention collective sectorielle du textile, agréé par arrêté du 8 avril 2024",https://www.pist.tn/jort/2024/2024A/Ja0492024.pdf
salaire_base.agents_payes_a_l_heure.categorie_1.echelon_7,2025-01-01,3.096,"Avenant n° 18 à la convention collective sectorielle du textile, agréé par arrêté du 8 avril 2024",https://www.pist.tn/jort/2024/2024A/Ja0492024.pdf
salaire_base.agents_payes_a_l_heure.categorie_1.echelon_7,2026-01-01,3.313,"Avenant n° 18 à la convention collective sectorielle du textile, agréé par arrêté du 8 avril 2024",https://www.pist.tn/jort/2024/2024A/Ja0492024.pdf
salaire_base.agents_payes_a_l_heure.categorie_1.echelon_8,1994-05-01,0.796,"Avenant n° 5 à la convention collective nationale du textile, agréé par arrêté du 22 septembre 1994",https://www.pist.tn/jort/1994/1994F/Jo07894.pdf
salaire_base.agents_payes_a_l_heure.categorie_1.echelon_8,1995-05-01,0.834,"Avenant n° 5 à la convention collective nationale du textile, agréé par arrêté du 22 septembre 1994",https://www.pist.tn/jort/1994/1994F/Jo07894.pdf
salaire_base.agents_payes_a_l_heure.categorie_1.echelon_8,1996-05-01,0.872,"Avenant n° 6 à la convention collective nationale du textile, agréé par arrêté du 24 juillet 1996",https://www.pist.tn/jort/1996/1996A/Ja06096.pdf
salaire_base.agents_payes_a_l_heure.categorie_1.echelon_8,1997-05-01,0.91,"Avenant n° 6 à la convention collective nationale du textile, agréé par arrêté du 24 juillet 1996",https://www.pist.tn/jort/1996/1996A/Ja06096.pdf
salaire_base.agents_payes_a_l_heure.categorie_1.echelon_8,1998-05-01,0.948,"Avenant n° 6 à la convention collective nationale du textile, agréé par arrêté du 24 juillet 1996",https://www.pist.tn/jort/1996/1996A/Ja06096.pdf
salaire_base.agents_payes_a_l_heure.categorie_1.echelon_8,1999-05-01,0.986,"Avenant n° 7 à la convention collective nationale du textile, agréé par arrêté du 9 juin 1999",https://www.pist.tn/jort/1999/1999A/Ja04899.pdf
salaire_base.agents_payes_a_l_heure.categorie_1.echelon_8,2000-05-01,1.024,"Avenant n° 7 à la convention collective nationale du textile, agréé par arrêté du 9 juin 1999",https://www.pist.tn/jort/1999/1999A/Ja04899.pdf
salaire_base.agents_payes_a_l_heure.categorie_1.echelon_8,2001-05-01,1.062,"Avenant n° 7 à la convention collective nationale du textile, agréé par arrêté du 9 juin 1999",https://www.pist.tn/jort/1999/1999A/Ja04899.pdf
salaire_base.agents_payes_a_l_heure.categorie_1.echelon_8,2002-05-01,1.1,"Avenant n° 8 à la convention collective nationale du textile, agréé par arrêté du 25 novembre 2002",https://www.pist.tn/jort/2002/2002A/Ja0972002.pdf
salaire_base.agents_payes_a_l_heure.categorie_1.echelon_8,2003-05-01,1.141,"Avenant n° 8 à la convention collective nationale du textile, agréé par arrêté du 25 novembre 2002",https://www.pist.tn/jort/2002/2002A/Ja0972002.pdf
salaire_base.agents_payes_a_l_heure.categorie_1.echelon_8,2004-05-01,1.187,"Avenant n° 8 à la convention collective nationale du textile, agréé par arrêté du 25 novembre 2002",https://www.pist.tn/jort/2002/2002A/Ja0972002.pdf
salaire_base.agents_payes_a_l_heure.categorie_1.echelon_8,2005-06-15,1.225,"Avenant n° 9 à la convention collective sectorielle du textile, agréé par arrêté du 17 janvier 2006",https://www.pist.tn/jort/2006/2006A/Ja0072006.pdf
salaire_base.agents_payes_a_l_heure.categorie_1.echelon_8,2006-05-01,1.268,"Avenant n° 9 à la convention collective sectorielle du textile, agréé par arrêté du 17 janvier 2006",https://www.pist.tn/jort/2006/2006A/Ja0072006.pdf
salaire_base.agents_payes_a_l_heure.categorie_1.echelon_8,2007-05-01,1.311,"Avenant n° 9 à la convention collective sectorielle du textile, agréé par arrêté du 17 janvier 2006",https://www.pist.tn/jort/2006/2006A/Ja0072006.pdf
salaire_base.agents_payes_a_l_heure.categorie_1.echelon_8,2008-05-01,1.375,"Avenant n° 10 à la convention collective sectorielle du textile, agréé par arrêté du 17 février 2009",https://www.pist.tn/jort/2009/2009A/Ja0162009.pdf
salaire_base.agents_payes_a_l_heure.categorie_1.echelon_8,2009-05-01,1.438,"Avenant n° 10 à la convention collective sectorielle du textile, agréé par arrêté du 17 février 2009",https://www.pist.tn/jort/2009/2009A/Ja0162009.pdf
salaire_base.agents_payes_a_l_heure.categorie_1.echelon_8,2010-05-01,1.509,"Avenant n° 10 à la convention collective sectorielle du textile, agréé par arrêté du 17 février 2009",https://www.pist.tn/jort/2009/2009A/Ja0162009.pdf
salaire_base.agents_payes_a_l_heure.categorie_1.echelon_8,2011-05-01,1.582,"Avenant n° 11 à la convention collective sectorielle du textile, agréé par arrêté du 11 octobre 2011",https://www.pist.tn/jort/2011/2011A/Ja0782011.pdf
salaire_base.agents_payes_a_l_heure.categorie_1.echelon_8,2012-05-01,1.674,"Avenant n° 12 à la convention collective sectorielle du textile, agréé par arrêté du 19 février 2013",https://www.pist.tn/jort/2013/2013A/Ja0162013.pdf
salaire_base.agents_payes_a_l_heure.categorie_1.echelon_8,2014-05-01,1.771,"Avenant n° 13 à la convention collective sectorielle du textile, agréé par arrêté du 17 octobre 2014",https://www.pist.tn/jort/2014/2014A/Ja0902014.pdf
salaire_base.agents_payes_a_l_heure.categorie_1.echelon_8,2015-09-01,1.875,"Avenant n° 14 à la convention collective sectorielle du textile, agréé par arrêté du 8 avril 2016",https://www.pist.tn/jort/2016/2016A/Ja0302016.pdf
salaire_base.agents_payes_a_l_heure.categorie_1.echelon_8,2016-08-01,1.984,"Avenant n° 15 à la convention collective sectorielle du textile, agréé par arrêté du 14 août 2017",https://www.pist.tn/jort/2017/2017A/Ja0662017.pdf
salaire_base.agents_payes_a_l_heure.categorie_1.echelon_8,2018-01-01,2.1,"Avenant n° 15 à la convention collective sectorielle du textile, agréé par arrêté du 14 août 2017",https://www.pist.tn/jort/2017/2017A/Ja0662017.pdf
salaire_base.agents_payes_a_l_heure.categorie_1.echelon_8,2019-01-01,2.244,"Avenant n° 16 à la convention collective sectorielle du textile, agréé par arrêté du 21 janvier 2019",https://www.pist.tn/jort/2019/2019A/Ja0112019.pdf
salaire_base.agents_payes_a_l_heure.categorie_1.echelon_8,2020-01-01,2.397,"Avenant n° 16 à la convention collective sectorielle du textile, agréé par arrêté du 21 janvier 2019",https://www.pist.tn/jort/2019/2019A/Ja0112019.pdf
salaire_base.agents_payes_a_l_heure.categorie_1.echelon_8,2021-09-01,2.553,"Avenant n° 17 à la convention collective sectorielle du textile, agréé par arrêté du 23 juin 2022",https://www.pist.tn/jort/2022/2022A/Ja0712022.pdf
salaire_base.agents_payes_a_l_heure.categorie_1.echelon_8,2022-05-01,2.732,"Avenant n° 17 à la convention collective sectorielle du textile, agréé par arrêté du 23 juin 2022",https://www.pist.tn/jort/2022/2022A/Ja0712022.pdf
salaire_base.agents_payes_a_l_heure.categorie_1.echelon_8,2024-01-01,2.91,"Avenant n° 18 à la convention collective sectorielle du textile, agréé par arrêté du 8 avril 2024",https://www.pist.tn/jort/2024/2024A/Ja0492024.pdf
salaire_base.agents_payes_a_l_heure.categorie_1.echelon_8,2025-01-01,3.099,"Avenant n° 18 à la convention collective sectorielle du textile, agréé par arrêté du 8 avril 2024",https://www.pist.tn/jort/2024/2024A/Ja0492024.pdf
salaire_base.agents_payes_a_l_heure.categorie_1.echelon_8,2026-01-01,3.316,"Avenant n° 18 à la convention collective sectorielle du textile, agréé par arrêté du 8 avril 2024",https://www.pist.tn/jort/2024/2024A/Ja0492024.pdf
salaire_base.agents_payes_a_l_heure.categorie_1.echelon_9,1994-05-01,0.798,"Avenant n° 5 à la convention collective nationale du textile, agréé par arrêté du 22 septembre 1994",https://www.pist.tn/jort/1994/1994F/Jo07894.pdf
salaire_base.agents_payes_a_l_heure.categorie_1.echelon_9,1995-05-01,0.836,"Avenant n° 5 à la convention collective nationale du textile, agréé par arrêté du 22 septembre 1994",https://www.pist.tn/jort/1994/1994F/Jo07894.pdf
salaire_base.agents_payes_a_l_heure.categorie_1.echelon_9,1996-05-01,0.874,"Avenant n° 6 à la convention collective nationale du textile, agréé par arrêté du 24 juillet 1996",https://www.pist.tn/jort/1996/1996A/Ja06096.pdf
salaire_base.agents_payes_a_l_heure.categorie_1.echelon_9,1997-05-01,0.912,"Avenant n° 6 à la convention collective nationale du textile, agréé par arrêté du 24 juillet 1996",https://www.pist.tn/jort/1996/1996A/Ja06096.pdf
salaire_base.agents_payes_a_l_heure.categorie_1.echelon_9,1998-05-01,0.95,"Avenant n° 6 à la convention collective nationale du textile, agréé par arrêté du 24 juillet 1996",https://www.pist.tn/jort/1996/1996A/Ja06096.pdf
salaire_base.agents_payes_a_l_heure.categorie_1.echelon_9,1999-05-01,0.988,"Avenant n° 7 à la convention collective nationale du textile, agréé par arrêté du 9 juin 1999",https://www.pist.tn/jort/1999/1999A/Ja04899.pdf
salaire_base.agents_payes_a_l_heure.categorie_1.echelon_9,2000-05-01,1.026,"Avenant n° 7 à la convention collective nationale du textile, agréé par arrêté du 9 juin 1999",https://www.pist.tn/jort/1999/1999A/Ja04899.pdf
salaire_base.agents_payes_a_l_heure.categorie_1.echelon_9,2001-05-01,1.064,"Avenant n° 7 à la convention collective nationale du textile, agréé par arrêté du 9 juin 1999",https://www.pist.tn/jort/1999/1999A/Ja04899.pdf
salaire_base.agents_payes_a_l_heure.categorie_1.echelon_9,2002-05-01,1.102,"Avenant n° 8 à la convention collective nationale du textile, agréé par arrêté du 25 novembre 2002",https://www.pist.tn/jort/2002/2002A/Ja0972002.pdf
salaire_base.agents_payes_a_l_heure.categorie_1.echelon_9,2003-05-01,1.143,"Avenant n° 8 à la convention collective nationale du textile, agréé par arrêté du 25 novembre 2002",https://www.pist.tn/jort/2002/2002A/Ja0972002.pdf
salaire_base.agents_payes_a_l_heure.categorie_1.echelon_9,2004-05-01,1.189,"Avenant n° 8 à la convention collective nationale du textile, agréé par arrêté du 25 novembre 2002",https://www.pist.tn/jort/2002/2002A/Ja0972002.pdf
salaire_base.agents_payes_a_l_heure.categorie_1.echelon_9,2005-06-15,1.227,"Avenant n° 9 à la convention collective sectorielle du textile, agréé par arrêté du 17 janvier 2006",https://www.pist.tn/jort/2006/2006A/Ja0072006.pdf
salaire_base.agents_payes_a_l_heure.categorie_1.echelon_9,2006-05-01,1.27,"Avenant n° 9 à la convention collective sectorielle du textile, agréé par arrêté du 17 janvier 2006",https://www.pist.tn/jort/2006/2006A/Ja0072006.pdf
salaire_base.agents_payes_a_l_heure.categorie_1.echelon_9,2007-05-01,1.313,"Avenant n° 9 à la convention collective sectorielle du textile, agréé par arrêté du 17 janvier 2006",https://www.pist.tn/jort/2006/2006A/Ja0072006.pdf
salaire_base.agents_payes_a_l_heure.categorie_1.echelon_9,2008-05-01,1.377,"Avenant n° 10 à la convention collective sectorielle du textile, agréé par arrêté du 17 février 2009",https://www.pist.tn/jort/2009/2009A/Ja0162009.pdf
salaire_base.agents_payes_a_l_heure.categorie_1.echelon_9,2009-05-01,1.44,"Avenant n° 10 à la convention collective sectorielle du textile, agréé par arrêté du 17 février 2009",https://www.pist.tn/jort/2009/2009A/Ja0162009.pdf
salaire_base.agents_payes_a_l_heure.categorie_1.echelon_9,2010-05-01,1.511,"Avenant n° 10 à la convention collective sectorielle du textile, agréé par arrêté du 17 février 2009",https://www.pist.tn/jort/2009/2009A/Ja0162009.pdf
salaire_base.agents_payes_a_l_heure.categorie_1.echelon_9,2011-05-01,1.584,"Avenant n° 11 à la convention collective sectorielle du textile, agréé par arrêté du 11 octobre 2011",https://www.pist.tn/jort/2011/2011A/Ja0782011.pdf
salaire_base.agents_payes_a_l_heure.categorie_1.echelon_9,2012-05-01,1.676,"Avenant n° 12 à la convention collective sectorielle du textile, agréé par arrêté du 19 février 2013",https://www.pist.tn/jort/2013/2013A/Ja0162013.pdf
salaire_base.agents_payes_a_l_heure.categorie_1.echelon_9,2014-05-01,1.773,"Avenant n° 13 à la convention collective sectorielle du textile, agréé par arrêté du 17 octobre 2014",https://www.pist.tn/jort/2014/2014A/Ja0902014.pdf
salaire_base.agents_payes_a_l_heure.categorie_1.echelon_9,2015-09-01,1.877,"Avenant n° 14 à la convention collective sectorielle du textile, agréé par arrêté du 8 avril 2016",https://www.pist.tn/jort/2016/2016A/Ja0302016.pdf
salaire_base.agents_payes_a_l_heure.categorie_1.echelon_9,2016-08-01,1.986,"Avenant n° 15 à la convention collective sectorielle du textile, agréé par arrêté du 14 août 2017",https://www.pist.tn/jort/2017/2017A/Ja0662017.pdf
salaire_base.agents_payes_a_l_heure.categorie_1.echelon_9,2018-01-01,2.102,"Avenant n° 15 à la convention collective sectorielle du textile, agréé par arrêté du 14 août 2017",https://www.pist.tn/jort/2017/2017A/Ja0662017.pdf
salaire_base.agents_payes_a_l_heure.categorie_1.echelon_9,2019-01-01,2.246,"Avenant n° 16 à la convention collective sectorielle du textile, agréé par arrêté du 21 janvier 2019",https://www.pist.tn/jort/2019/2019A/Ja0112019.pdf
salaire_base.agents_payes_a_l_heure.categorie_1.echelon_9,2020-01-01,2.399,"Avenant n° 16 à la convention collective sectorielle du textile, agréé par arrêté du 21 janvier 2019",https://www.pist.tn/jort/2019/2019A/Ja0112019.pdf
salaire_base.agents_payes_a_l_heure.categorie_1.echelon_9,2021-09-01,2.555,"Avenant n° 17 à la convention collective sectorielle du textile, agréé par arrêté du 23 juin 2022",https://www.pist.tn/jort/2022/2022A/Ja0712022.pdf
salaire_base.agents_payes_a_l_heure.categorie_1.echelon_9,2022-05-01,2.734,"Avenant n° 17 à la convention collective sectorielle du textile, agréé par arrêté du 23 juin 2022",https://www.pist.tn/jort/2022/2022A/Ja0712022.pdf
salaire_base.agents_payes_a_l_heure.categorie_1.echelon_9,2024-01-01,2.912,"Avenant n° 18 à la convention collective sectorielle du textile, agréé par arrêté du 8 avril 2024",https://www.pist.tn/jort/2024/2024A/Ja0492024.pdf
salaire_base.agents_payes_a_l_heure.categorie_1.echelon_9,2025-01-01,3.101,"Avenant n° 18 à la convention collective sectorielle du textile, agréé par arrêté du 8 avril 2024",https://www.pist.tn/jort/2024/2024A/Ja0492024.pdf
salaire_base.agents_payes_a_l_heure.categorie_1.echelon_9,2026-01-01,3.318,"Avenant n° 18 à la convention collective sectorielle du textile, agréé par arrêté du 8 avril 2024",https://www.pist.tn/jort/2024/2024A/Ja0492024.pdf
salaire_base.agents_payes_a_l_heure.categorie_1.echelon_10,1994-05-01,0.8,"Avenant n° 5 à la convention collective nationale du textile, agréé par arrêté du 22 septembre 1994",https://www.pist.tn/jort/1994/1994F/Jo07894.pdf
salaire_base.agents_payes_a_l_heure.categorie_1.echelon_10,1995-05-01,0.838,"Avenant n° 5 à la convention collective nationale du textile, agréé par arrêté du 22 septembre 1994",https://www.pist.tn/jort/1994/1994F/Jo07894.pdf
salaire_base.agents_payes_a_l_heure.categorie_1.echelon_10,1996-05-01,0.876,"Avenant n° 6 à la convention collective nationale du textile, agréé par arrêté du 24 juillet 1996",https://www.pist.tn/jort/1996/1996A/Ja06096.pdf
salaire_base.agents_payes_a_l_heure.categorie_1.echelon_10,1997-05-01,0.914,"Avenant n° 6 à la convention collective nationale du textile, agréé par arrêté du 24 juillet 1996",https://www.pist.tn/jort/1996/1996A/Ja06096.pdf
salaire_base.agents_payes_a_l_heure.categorie_1.echelon_10,1998-05-01,0.952,"Avenant n° 6 à la convention collective nationale du textile, agréé par arrêté du 24 juillet 1996",https://www.pist.tn/jort/1996/1996A/Ja06096.pdf
salaire_base.agents_payes_a_l_heure.categorie_1.echelon_10,1999-05-01,0.99,"Avenant n° 7 à la convention collective nationale du textile, agréé par arrêté du 9 juin 1999",https://www.pist.tn/jort/1999/1999A/Ja04899.pdf
salaire_base.agents_payes_a_l_heure.categorie_1.echelon_10,2000-05-01,1.028,"Avenant n° 7 à la convention collective nationale du textile, agréé par arrêté du 9 juin 1999",https://www.pist.tn/jort/1999/1999A/Ja04899.pdf
salaire_base.agents_payes_a_l_heure.categorie_1.echelon_10,2001-05-01,1.066,"Avenant n° 7 à la convention collective nationale du textile, agréé par arrêté du 9 juin 1999",https://www.pist.tn/jort/1999/1999A/Ja04899.pdf
salaire_base.agents_payes_a_l_heure.categorie_1.echelon_10,2002-05-01,1.104,"Avenant n° 8 à la convention collective nationale du textile, agréé par arrêté du 25 novembre 2002",https://www.pist.tn/jort/2002/2002A/Ja0972002.pdf
salaire_base.agents_payes_a_l_heure.categorie_1.echelon_10,2003-05-01,1.145,"Avenant n° 8 à la convention collective nationale du textile, agréé par arrêté du 25 novembre 2002",https://www.pist.tn/jort/2002/2002A/Ja0972002.pdf
salaire_base.agents_payes_a_l_heure.categorie_1.echelon_10,2004-05-01,1.191,"Avenant n° 8 à la convention collective nationale du textile, agréé par arrêté du 25 novembre 2002",https://www.pist.tn/jort/2002/2002A/Ja0972002.pdf
salaire_base.agents_payes_a_l_heure.categorie_1.echelon_10,2005-06-15,1.229,"Avenant n° 9 à la convention collective sectorielle du textile, agréé par arrêté du 17 janvier 2006",https://www.pist.tn/jort/2006/2006A/Ja0072006.pdf
salaire_base.agents_payes_a_l_heure.categorie_1.echelon_10,2006-05-01,1.272,"Avenant n° 9 à la convention collective sectorielle du textile, agréé par arrêté du 17 janvier 2006",https://www.pist.tn/jort/2006/2006A/Ja0072006.pdf
salaire_base.agents_payes_a_l_heure.categorie_1.echelon_10,2007-05-01,1.315,"Avenant n° 9 à la convention collective sectorielle du textile, agréé par arrêté du 17 janvier 2006",https://www.pist.tn/jort/2006/2006A/Ja0072006.pdf
salaire_base.agents_payes_a_l_heure.categorie_1.echelon_10,2008-05-01,1.379,"Avenant n° 10 à la convention collective sectorielle du textile, agréé par arrêté du 17 février 2009",https://www.pist.tn/jort/2009/2009A/Ja0162009.pdf
salaire_base.agents_payes_a_l_heure.categorie_1.echelon_10,2009-05-01,1.442,"Avenant n° 10 à la convention collective sectorielle du textile, agréé par arrêté du 17 février 2009",https://www.pist.tn/jort/2009/2009A/Ja0162009.pdf
salaire_base.agents_payes_a_l_heure.categorie_1.echelon_10,2010-05-01,1.513,"Avenant n° 10 à la convention collective sectorielle du textile, agréé par arrêté du 17 février 2009",https://www.pist.tn/jort/2009/2009A/Ja0162009.pdf
salaire_base.agents_payes_a_l_heure.categorie_1.echelon_10,2011-05-01,1.586,"Avenant n° 11 à la convention collective sectorielle du textile, agréé par arrêté du 11 octobre 2011",https://www.pist.tn/jort/2011/2011A/Ja0782011.pdf
salaire_base.agents_payes_a_l_heure.categorie_1.echelon_10,2012-05-01,1.678,"Avenant n° 12 à la convention collective sectorielle du textile, agréé par arrêté du 19 février 2013",https://www.pist.tn/jort/2013/2013A/Ja0162013.pdf
salaire_base.agents_payes_a_l_heure.categorie_1.echelon_10,2014-05-01,1.775,"Avenant n° 13 à la convention collective sectorielle du textile, agréé par arrêté du 17 octobre 2014",https://www.pist.tn/jort/2014/2014A/Ja0902014.pdf
salaire_base.agents_payes_a_l_heure.categorie_1.echelon_10,2015-09-01,1.879,"Avenant n° 14 à la convention collective sectorielle du textile, agréé par arrêté du 8 avril 2016",https://www.pist.tn/jort/2016/2016A/Ja0302016.pdf
salaire_base.agents_payes_a_l_heure.categorie_1.echelon_10,2016-08-01,1.988,"Avenant n° 15 à la convention collective sectorielle du textile, agréé par arrêté du 14 août 2017",https://www.pist.tn/jort/2017/2017A/Ja0662017.pdf
salaire_base.agents_payes_a_l_heure.categorie_1.echelon_10,2018-01-01,2.104,"Avenant n° 15 à la convention collective sectorielle du textile, agréé par arrêté du 14 août 2017",https://www.pist.tn/jort/2017/2017A/Ja0662017.pdf
salaire_base.agents_payes_a_l_heure.categorie_1.echelon_10,2019-01-01,2.248,"Avenant n° 16 à la convention collective sectorielle du textile, agréé par arrêté du 21 janvier 2019",https://www.pist.tn/jort/2019/2019A/Ja0112019.pdf
salaire_base.agents_payes_a_l_heure.categorie_1.echelon_10,2020-01-01,2.401,"Avenant n° 16 à la convention collective sectorielle du textile, agréé par arrêté du 21 janvier 2019",https://www.pist.tn/jort/2019/2019A/Ja0112019.pdf
salaire_base.agents_payes_a_l_heure.categorie_1.echelon_10,2021-09-01,2.557,"Avenant n° 17 à la convention collective sectorielle du textile, agréé par arrêté du 23 juin 2022",https://www.pist.tn/jort/2022/2022A/Ja0712022.pdf
salaire_base.agents_payes_a_l_heure.categorie_1.echelon_10,2022-05-01,2.737,"Avenant n° 17 à la convention collective sectorielle du textile, agréé par arrêté du 23 juin 2022",https://www.pist.tn/jort/2022/2022A/Ja0712022.pdf
salaire_base.agents_payes_a_l_heure.categorie_1.echelon_10,2024-01-01,2.914,"Avenant n° 18 à la convention collective sectorielle du textile, agréé par arrêté du 8 avril 2024",https://www.pist.tn/jort/2024/2024A/Ja0492024.pdf
salaire_base.agents_payes_a_l_heure.categorie_1.echelon_10,2025-01-01,3.104,"Avenant n° 18 à la convention collective sectorielle du textile, agréé par arrêté du 8 avril 2024",https://www.pist.tn/jort/2024/2024A/Ja0492024.pdf
salaire_base.agents_payes_a_l_heure.categorie_1.echelon_10,2026-01-01,3.321,"Avenant n° 18 à la convention collective sectorielle du textile, agréé par arrêté du 8 avril 2024",https://www.pist.tn/jort/2024/2024A/Ja0492024.pdf
salaire_base.agents_payes_a_l_heure.categorie_1.echelon_11,1994-05-01,0.802,"Avenant n° 5 à la convention collective nationale du textile, agréé par arrêté du 22 septembre 1994",https://www.pist.tn/jort/1994/1994F/Jo07894.pdf
salaire_base.agents_payes_a_l_heure.categorie_1.echelon_11,1995-05-01,0.84,"Avenant n° 5 à la convention collective nationale du textile, agréé par arrêté du 22 septembre 1994",https://www.pist.tn/jort/1994/1994F/Jo07894.pdf
salaire_base.agents_payes_a_l_heure.categorie_1.echelon_11,1996-05-01,0.878,"Avenant n° 6 à la convention collective nationale du textile, agréé par arrêté du 24 juillet 1996",https://www.pist.tn/jort/1996/1996A/Ja06096.pdf
salaire_base.agents_payes_a_l_heure.categorie_1.echelon_11,1997-05-01,0.916,"Avenant n° 6 à la convention collective nationale du textile, agréé par arrêté du 24 juillet 1996",https://www.pist.tn/jort/1996/1996A/Ja06096.pdf
salaire_base.agents_payes_a_l_heure.categorie_1.echelon_11,1998-05-01,0.954,"Avenant n° 6 à la convention collective nationale du textile, agréé par arrêté du 24 juillet 1996",https://www.pist.tn/jort/1996/1996A/Ja06096.pdf
salaire_base.agents_payes_a_l_heure.categorie_1.echelon_11,1999-05-01,0.992,"Avenant n° 7 à la convention collective nationale du textile, agréé par arrêté du 9 juin 1999",https://www.pist.tn/jort/1999/1999A/Ja04899.pdf
salaire_base.agents_payes_a_l_heure.categorie_1.echelon_11,2000-05-01,1.03,"Avenant n° 7 à la convention collective nationale du textile, agréé par arrêté du 9 juin 1999",https://www.pist.tn/jort/1999/1999A/Ja04899.pdf
salaire_base.agents_payes_a_l_heure.categorie_1.echelon_11,2001-05-01,1.068,"Avenant n° 7 à la convention collective nationale du textile, agréé par arrêté du 9 juin 1999",https://www.pist.tn/jort/1999/1999A/Ja04899.pdf
salaire_base.agents_payes_a_l_heure.categorie_1.echelon_11,2002-05-01,1.106,"Avenant n° 8 à la convention collective nationale du textile, agréé par arrêté du 25 novembre 2002",https://www.pist.tn/jort/2002/2002A/Ja0972002.pdf
salaire_base.agents_payes_a_l_heure.categorie_1.echelon_11,2003-05-01,1.147,"Avenant n° 8 à la convention collective nationale du textile, agréé par arrêté du 25 novembre 2002",https://www.pist.tn/jort/2002/2002A/Ja0972002.pdf
salaire_base.agents_payes_a_l_heure.categorie_1.echelon_11,2004-05-01,1.193,"Avenant n° 8 à la convention collective nationale du textile, agréé par arrêté du 25 novembre 2002",https://www.pist.tn/jort/2002/2002A/Ja0972002.pdf
salaire_base.agents_payes_a_l_heure.categorie_1.echelon_11,2005-06-15,1.231,"Avenant n° 9 à la convention collective sectorielle du textile, agréé par arrêté du 17 janvier 2006",https://www.pist.tn/jort/2006/2006A/Ja0072006.pdf
salaire_base.agents_payes_a_l_heure.categorie_1.echelon_11,2006-05-01,1.274,"Avenant n° 9 à la convention collective sectorielle du textile, agréé par arrêté du 17 janvier 2006",https://www.pist.tn/jort/2006/2006A/Ja0072006.pdf
salaire_base.agents_payes_a_l_heure.categorie_1.echelon_11,2007-05-01,1.317,"Avenant n° 9 à la convention collective sectorielle du textile, agréé par arrêté du 17 janvier 2006",https://www.pist.tn/jort/2006/2006A/Ja0072006.pdf
salaire_base.agents_payes_a_l_heure.categorie_1.echelon_11,2008-05-01,1.381,"Avenant n° 10 à la convention collective sectorielle du textile, agréé par arrêté du 17 février 2009",https://www.pist.tn/jort/2009/2009A/Ja0162009.pdf
salaire_base.agents_payes_a_l_heure.categorie_1.echelon_11,2009-05-01,1.444,"Avenant n° 10 à la convention collective sectorielle du textile, agréé par arrêté du 17 février 2009",https://www.pist.tn/jort/2009/2009A/Ja0162009.pdf
salaire_base.agents_payes_a_l_heure.categorie_1.echelon_11,2010-05-01,1.514,"Avenant n° 10 à la convention collective sectorielle du textile, agréé par arrêté du 17 février 2009",https://www.pist.tn/jort/2009/2009A/Ja0162009.pdf
salaire_base.agents_payes_a_l_heure.categorie_1.echelon_11,2011-05-01,1.587,"Avenant n° 11 à la convention collective sectorielle du textile, agréé par arrêté du 11 octobre 2011",https://www.pist.tn/jort/2011/2011A/Ja0782011.pdf
salaire_base.agents_payes_a_l_heure.categorie_1.echelon_11,2012-05-01,1.679,"Avenant n° 12 à la convention collective sectorielle du textile, agréé par arrêté du 19 février 2013",https://www.pist.tn/jort/2013/2013A/Ja0162013.pdf
salaire_base.agents_payes_a_l_heure.categorie_1.echelon_11,2014-05-01,1.776,"Avenant n° 13 à la convention collective sectorielle du textile, agréé par arrêté du 17 octobre 2014",https://www.pist.tn/jort/2014/2014A/Ja0902014.pdf
salaire_base.agents_payes_a_l_heure.categorie_1.echelon_11,2015-09-01,1.88,"Avenant n° 14 à la convention collective sectorielle du textile, agréé par arrêté du 8 avril 2016",https://www.pist.tn/jort/2016/2016A/Ja0302016.pdf
salaire_base.agents_payes_a_l_heure.categorie_1.echelon_11,2016-08-01,1.989,"Avenant n° 15 à la convention collective sectorielle du textile, agréé par arrêté du 14 août 2017",https://www.pist.tn/jort/2017/2017A/Ja0662017.pdf
salaire_base.agents_payes_a_l_heure.categorie_1.echelon_11,2018-01-01,2.105,"Avenant n° 15 à la convention collective sectorielle du textile, agréé par arrêté du 14 août 2017",https://www.pist.tn/jort/2017/2017A/Ja0662017.pdf
salaire_base.agents_payes_a_l_heure.categorie_1.echelon_11,2019-01-01,2.249,"Avenant n° 16 à la convention collective sectorielle du textile, agréé par arrêté du 21 janvier 2019",https://www.pist.tn/jort/2019/2019A/Ja0112019.pdf
salaire_base.agents_payes_a_l_heure.categorie_1.echelon_11,2020-01-01,2.402,"Avenant n° 16 à la convention collective sectorielle du textile, agréé par arrêté du 21 janvier 2019",https://www.pist.tn/jort/2019/2019A/Ja0112019.pdf
salaire_base.agents_payes_a_l_heure.categorie_1.echelon_11,2021-09-01,2.559,"Avenant n° 17 à la convention collective sectorielle du textile, agréé par arrêté du 23 juin 2022",https://www.pist.tn/jort/2022/2022A/Ja0712022.pdf
salaire_base.agents_payes_a_l_heure.categorie_1.echelon_11,2022-05-01,2.738,"Avenant n° 17 à la convention collective sectorielle du textile, agréé par arrêté du 23 juin 2022",https://www.pist.tn/jort/2022/2022A/Ja0712022.pdf
salaire_base.agents_payes_a_l_heure.categorie_1.echelon_11,2024-01-01,2.916,"Avenant n° 18 à la convention collective sectorielle du textile, agréé par arrêté du 8 avril 2024",https://www.pist.tn/jort/2024/2024A/Ja0492024.pdf
salaire_base.agents_payes_a_l_heure.categorie_1.echelon_11,2025-01-01,3.105,"Avenant n° 18 à la convention collective sectorielle du textile, agréé par arrêté du 8 avril 2024",https://www.pist.tn/jort/2024/2024A/Ja0492024.pdf
salaire_base.agents_payes_a_l_heure.categorie_1.echelon_11,2026-01-01,3.322,"Avenant n° 18 à la convention collective sectorielle du textile, agréé par arrêté du 8 avril 2024",https://www.pist.tn/jort/2024/2024A/Ja0492024.pdf
salaire_base.agents_payes_a_l_heure.categorie_1.echelon_12,1994-05-01,0.803,"Avenant n° 5 à la convention collective nationale du textile, agréé par arrêté du 22 septembre 1994",https://www.pist.tn/jort/1994/1994F/Jo07894.pdf
salaire_base.agents_payes_a_l_heure.categorie_1.echelon_12,1995-05-01,0.841,"Avenant n° 5 à la convention collective nationale du textile, agréé par arrêté du 22 septembre 1994",https://www.pist.tn/jort/1994/1994F/Jo07894.pdf
salaire_base.agents_payes_a_l_heure.categorie_1.echelon_12,1996-05-01,0.879,"Avenant n° 6 à la convention collective nationale du textile, agréé par arrêté du 24 juillet 1996",https://www.pist.tn/jort/1996/1996A/Ja06096.pdf
salaire_base.agents_payes_a_l_heure.categorie_1.echelon_12,1997-05-01,0.917,"Avenant n° 6 à la convention collective nationale du textile, agréé par arrêté du 24 juillet 1996",https://www.pist.tn/jort/1996/1996A/Ja06096.pdf
salaire_base.agents_payes_a_l_heure.categorie_1.echelon_12,1998-05-01,0.955,"Avenant n° 6 à la convention collective nationale du textile, agréé par arrêté du 24 juillet 1996",https://www.pist.tn/jort/1996/1996A/Ja06096.pdf
salaire_base.agents_payes_a_l_heure.categorie_1.echelon_12,1999-05-01,0.993,"Avenant n° 7 à la convention collective nationale du textile, agréé par arrêté du 9 juin 1999",https://www.pist.tn/jort/1999/1999A/Ja04899.pdf
salaire_base.agents_payes_a_l_heure.categorie_1.echelon_12,2000-05-01,1.031,"Avenant n° 7 à la convention collective nationale du textile, agréé par arrêté du 9 juin 1999",https://www.pist.tn/jort/1999/1999A/Ja04899.pdf
salaire_base.agents_payes_a_l_heure.categorie_1.echelon_12,2001-05-01,1.069,"Avenant n° 7 à la convention collective nationale du textile, agréé par arrêté du 9 juin 1999",https://www.pist.tn/jort/1999/1999A/Ja04899.pdf
salaire_base.agents_payes_a_l_heure.categorie_1.echelon_12,2002-05-01,1.107,"Avenant n° 8 à la convention collective nationale du textile, agréé par arrêté du 25 novembre 2002",https://www.pist.tn/jort/2002/2002A/Ja0972002.pdf
salaire_base.agents_payes_a_l_heure.categorie_1.echelon_12,2003-05-01,1.148,"Avenant n° 8 à la convention collective nationale du textile, agréé par arrêté du 25 novembre 2002",https://www.pist.tn/jort/2002/2002A/Ja0972002.pdf
salaire_base.agents_payes_a_l_heure.categorie_1.echelon_12,2004-05-01,1.194,"Avenant n° 8 à la convention collective nationale du textile, agréé par arrêté du 25 novembre 2002",https://www.pist.tn/jort/2002/2002A/Ja0972002.pdf
salaire_base.agents_payes_a_l_heure.categorie_1.echelon_12,2005-06-15,1.232,"Avenant n° 9 à la convention collective sectorielle du textile, agréé par arrêté du 17 janvier 2006",https://www.pist.tn/jort/2006/2006A/Ja0072006.pdf
salaire_base.agents_payes_a_l_heure.categorie_1.echelon_12,2006-05-01,1.275,"Avenant n° 9 à la convention collective sectorielle du textile, agréé par arrêté du 17 janvier 2006",https://www.pist.tn/jort/2006/2006A/Ja0072006.pdf
salaire_base.agents_payes_a_l_heure.categorie_1.echelon_12,2007-05-01,1.318,"Avenant n° 9 à la convention collective sectorielle du textile, agréé par arrêté du 17 janvier 2006",https://www.pist.tn/jort/2006/2006A/Ja0072006.pdf
salaire_base.agents_payes_a_l_heure.categorie_1.echelon_12,2008-05-01,1.382,"Avenant n° 10 à la convention collective sectorielle du textile, agréé par arrêté du 17 février 2009",https://www.pist.tn/jort/2009/2009A/Ja0162009.pdf
salaire_base.agents_payes_a_l_heure.categorie_1.echelon_12,2009-05-01,1.445,"Avenant n° 10 à la convention collective sectorielle du textile, agréé par arrêté du 17 février 2009",https://www.pist.tn/jort/2009/2009A/Ja0162009.pdf
salaire_base.agents_payes_a_l_heure.categorie_1.echelon_12,2010-05-01,1.516,"Avenant n° 10 à la convention collective sectorielle du textile, agréé par arrêté du 17 février 2009",https://www.pist.tn/jort/2009/2009A/Ja0162009.pdf
salaire_base.agents_payes_a_l_heure.categorie_1.echelon_12,2011-05-01,1.589,"Avenant n° 11 à la convention collective sectorielle du textile, agréé par arrêté du 11 octobre 2011",https://www.pist.tn/jort/2011/2011A/Ja0782011.pdf
salaire_base.agents_payes_a_l_heure.categorie_1.echelon_12,2012-05-01,1.681,"Avenant n° 12 à la convention collective sectorielle du textile, agréé par arrêté du 19 février 2013",https://www.pist.tn/jort/2013/2013A/Ja0162013.pdf
salaire_base.agents_payes_a_l_heure.categorie_1.echelon_12,2014-05-01,1.778,"Avenant n° 13 à la convention collective sectorielle du textile, agréé par arrêté du 17 octobre 2014",https://www.pist.tn/jort/2014/2014A/Ja0902014.pdf
salaire_base.agents_payes_a_l_heure.categorie_1.echelon_12,2015-09-01,1.882,"Avenant n° 14 à la convention collective sectorielle du textile, agréé par arrêté du 8 avril 2016",https://www.pist.tn/jort/2016/2016A/Ja0302016.pdf
salaire_base.agents_payes_a_l_heure.categorie_1.echelon_12,2016-08-01,1.991,"Avenant n° 15 à la convention collective sectorielle du textile, agréé par arrêté du 14 août 2017",https://www.pist.tn/jort/2017/2017A/Ja0662017.pdf
salaire_base.agents_payes_a_l_heure.categorie_1.echelon_12,2018-01-01,2.107,"Avenant n° 15 à la convention collective sectorielle du textile, agréé par arrêté du 14 août 2017",https://www.pist.tn/jort/2017/2017A/Ja0662017.pdf
salaire_base.agents_payes_a_l_heure.categorie_1.echelon_12,2019-01-01,2.251,"Avenant n° 16 à la convention collective sectorielle du textile, agréé par arrêté du 21 janvier 2019",https://www.pist.tn/jort/2019/2019A/Ja0112019.pdf
salaire_base.agents_payes_a_l_heure.categorie_1.echelon_12,2020-01-01,2.404,"Avenant n° 16 à la convention collective sectorielle du textile, agréé par arrêté du 21 janvier 2019",https://www.pist.tn/jort/2019/2019A/Ja0112019.pdf
salaire_base.agents_payes_a_l_heure.categorie_1.echelon_12,2021-09-01,2.561,"Avenant n° 17 à la convention collective sectorielle du textile, agréé par arrêté du 23 juin 2022",https://www.pist.tn/jort/2022/2022A/Ja0712022.pdf
salaire_base.agents_payes_a_l_heure.categorie_1.echelon_12,2022-05-01,2.74,"Avenant n° 17 à la convention collective sectorielle du textile, agréé par arrêté du 23 juin 2022",https://www.pist.tn/jort/2022/2022A/Ja0712022.pdf
salaire_base.agents_payes_a_l_heure.categorie_1.echelon_12,2024-01-01,2.918,"Avenant n° 18 à la convention collective sectorielle du textile, agréé par arrêté du 8 avril 2024",https://www.pist.tn/jort/2024/2024A/Ja0492024.pdf
salaire_base.agents_payes_a_l_heure.categorie_1.echelon_12,2025-01-01,3.108,"Avenant n° 18 à la convention collective sectorielle du textile, agréé par arrêté du 8 avril 2024",https://www.pist.tn/jort/2024/2024A/Ja0492024.pdf
salaire_base.agents_payes_a_l_heure.categorie_1.echelon_12,2026-01-01,3.325,"Avenant n° 18 à la convention collective sectorielle du textile, agréé par arrêté du 8 avril 2024",https://www.pist.tn/jort/2024/2024A/Ja0492024.pdf
salaire_base.agents_payes_a_l_heure.categorie_1.echelon_13,1994-05-01,0.805,"Avenant n° 5 à la convention collective nationale du textile, agréé par arrêté du 22 septembre 1994",https://www.pist.tn/jort/1994/1994F/Jo07894.pdf
salaire_base.agents_payes_a_l_heure.categorie_1.echelon_13,1995-05-01,0.843,"Avenant n° 5 à la convention collective nationale du textile, agréé par arrêté du 22 septembre 1994",https://www.pist.tn/jort/1994/1994F/Jo07894.pdf
salaire_base.agents_payes_a_l_heure.categorie_1.echelon_13,1996-05-01,0.881,"Avenant n° 6 à la convention collective nationale du textile, agréé par arrêté du 24 juillet 1996",https://www.pist.tn/jort/1996/1996A/Ja06096.pdf
salaire_base.agents_payes_a_l_heure.categorie_1.echelon_13,1997-05-01,0.919,"Avenant n° 6 à la convention collective nationale du textile, agréé par arrêté du 24 juillet 1996",https://www.pist.tn/jort/1996/1996A/Ja06096.pdf
salaire_base.agents_payes_a_l_heure.categorie_1.echelon_13,1998-05-01,0.957,"Avenant n° 6 à la convention collective nationale du textile, agréé par arrêté du 24 juillet 1996",https://www.pist.tn/jort/1996/1996A/Ja06096.pdf
salaire_base.agents_payes_a_l_heure.categorie_1.echelon_13,1999-05-01,0.995,"Avenant n° 7 à la convention collective nationale du textile, agréé par arrêté du 9 juin 1999",https://www.pist.tn/jort/1999/1999A/Ja04899.pdf
salaire_base.agents_payes_a_l_heure.categorie_1.echelon_13,2000-05-01,1.033,"Avenant n° 7 à la convention collective nationale du textile, agréé par arrêté du 9 juin 1999",https://www.pist.tn/jort/1999/1999A/Ja04899.pdf
salaire_base.agents_payes_a_l_heure.categorie_1.echelon_13,2001-05-01,1.071,"Avenant n° 7 à la convention collective nationale du textile, agréé par arrêté du 9 juin 1999",https://www.pist.tn/jort/1999/1999A/Ja04899.pdf
salaire_base.agents_payes_a_l_heure.categorie_1.echelon_13,2002-05-01,1.109,"Avenant n° 8 à la convention collective nationale du textile, agréé par arrêté du 25 novembre 2002",https://www.pist.tn/jort/2002/2002A/Ja0972002.pdf
salaire_base.agents_payes_a_l_heure.categorie_1.echelon_13,2003-05-01,1.15,"Avenant n° 8 à la convention collective nationale du textile, agréé par arrêté du 25 novembre 2002",https://www.pist.tn/jort/2002/2002A/Ja0972002.pdf
salaire_base.agents_payes_a_l_heure.categorie_1.echelon_13,2004-05-01,1.196,"Avenant n° 8 à la convention collective nationale du textile, agréé par arrêté du 25 novembre 2002",https://www.pist.tn/jort/2002/2002A/Ja0972002.pdf
salaire_base.agents_payes_a_l_heure.categorie_1.echelon_13,2005-06-15,1.234,"Avenant n° 9 à la convention collective sectorielle du textile, agréé par arrêté du 17 janvier 2006",https://www.pist.tn/jort/2006/2006A/Ja0072006.pdf
salaire_base.agents_payes_a_l_heure.categorie_1.echelon_13,2006-05-01,1.277,"Avenant n° 9 à la convention collective sectorielle du textile, agréé par arrêté du 17 janvier 2006",https://www.pist.tn/jort/2006/2006A/Ja0072006.pdf
salaire_base.agents_payes_a_l_heure.categorie_1.echelon_13,2007-05-01,1.32,"Avenant n° 9 à la convention collective sectorielle du textile, agréé par arrêté du 17 janvier 2006",https://www.pist.tn/jort/2006/2006A/Ja0072006.pdf
salaire_base.agents_payes_a_l_heure.categorie_1.echelon_13,2008-05-01,1.385,"Avenant n° 10 à la convention collective sectorielle du textile, agréé par arrêté du 17 février 2009",https://www.pist.tn/jort/2009/2009A/Ja0162009.pdf
salaire_base.agents_payes_a_l_heure.categorie_1.echelon_13,2009-05-01,1.448,"Avenant n° 10 à la convention collective sectorielle du textile, agréé par arrêté du 17 février 2009",https://www.pist.tn/jort/2009/2009A/Ja0162009.pdf
salaire_base.agents_payes_a_l_heure.categorie_1.echelon_13,2010-05-01,1.519,"Avenant n° 10 à la convention collective sectorielle du textile, agréé par arrêté du 17 février 2009",https://www.pist.tn/jort/2009/2009A/Ja0162009.pdf
salaire_base.agents_payes_a_l_heure.categorie_1.echelon_13,2011-05-01,1.592,"Avenant n° 11 à la convention collective sectorielle du textile, agréé par arrêté du 11 octobre 2011",https://www.pist.tn/jort/2011/2011A/Ja0782011.pdf
salaire_base.agents_payes_a_l_heure.categorie_1.echelon_13,2012-05-01,1.684,"Avenant n° 12 à la convention collective sectorielle du textile, agréé par arrêté du 19 février 2013",https://www.pist.tn/jort/2013/2013A/Ja0162013.pdf
salaire_base.agents_payes_a_l_heure.categorie_1.echelon_13,2014-05-01,1.781,"Avenant n° 13 à la convention collective sectorielle du textile, agréé par arrêté du 17 octobre 2014",https://www.pist.tn/jort/2014/2014A/Ja0902014.pdf
salaire_base.agents_payes_a_l_heure.categorie_1.echelon_13,2015-09-01,1.885,"Avenant n° 14 à la convention collective sectorielle du textile, agréé par arrêté du 8 avril 2016",https://www.pist.tn/jort/2016/2016A/Ja0302016.pdf
salaire_base.agents_payes_a_l_heure.categorie_1.echelon_13,2016-08-01,1.994,"Avenant n° 15 à la convention collective sectorielle du textile, agréé par arrêté du 14 août 2017",https://www.pist.tn/jort/2017/2017A/Ja0662017.pdf
salaire_base.agents_payes_a_l_heure.categorie_1.echelon_13,2018-01-01,2.11,"Avenant n° 15 à la convention collective sectorielle du textile, agréé par arrêté du 14 août 2017",https://www.pist.tn/jort/2017/2017A/Ja0662017.pdf
salaire_base.agents_payes_a_l_heure.categorie_1.echelon_13,2019-01-01,2.254,"Avenant n° 16 à la convention collective sectorielle du textile, agréé par arrêté du 21 janvier 2019",https://www.pist.tn/jort/2019/2019A/Ja0112019.pdf
salaire_base.agents_payes_a_l_heure.categorie_1.echelon_13,2020-01-01,2.407,"Avenant n° 16 à la convention collective sectorielle du textile, agréé par arrêté du 21 janvier 2019",https://www.pist.tn/jort/2019/2019A/Ja0112019.pdf
salaire_base.agents_payes_a_l_heure.categorie_1.echelon_13,2021-09-01,2.564,"Avenant n° 17 à la convention collective sectorielle du textile, agréé par arrêté du 23 juin 2022",https://www.pist.tn/jort/2022/2022A/Ja0712022.pdf
salaire_base.agents_payes_a_l_heure.categorie_1.echelon_13,2022-05-01,2.743,"Avenant n° 17 à la convention collective sectorielle du textile, agréé par arrêté du 23 juin 2022",https://www.pist.tn/jort/2022/2022A/Ja0712022.pdf
salaire_base.agents_payes_a_l_heure.categorie_1.echelon_13,2024-01-01,2.922,"Avenant n° 18 à la convention collective sectorielle du textile, agréé par arrêté du 8 avril 2024",https://www.pist.tn/jort/2024/2024A/Ja0492024.pdf
salaire_base.agents_payes_a_l_heure.categorie_1.echelon_13,2025-01-01,3.112,"Avenant n° 18 à la convention collective sectorielle du textile, agréé par arrêté du 8 avril 2024",https://www.pist.tn/jort/2024/2024A/Ja0492024.pdf
salaire_base.agents_payes_a_l_heure.categorie_1.echelon_13,2026-01-01,3.329,"Avenant n° 18 à la convention collective sectorielle du textile, agréé par arrêté du 8 avril 2024",https://www.pist.tn/jort/2024/2024A/Ja0492024.pdf
salaire_base.agents_payes_a_l_heure.categorie_1.echelon_14,1994-05-01,0.808,"Avenant n° 5 à la convention collective nationale du textile, agréé par arrêté du 22 septembre 1994",https://www.pist.tn/jort/1994/1994F/Jo07894.pdf
salaire_base.agents_payes_a_l_heure.categorie_1.echelon_14,1995-05-01,0.846,"Avenant n° 5 à la convention collective nationale du textile, agréé par arrêté du 22 septembre 1994",https://www.pist.tn/jort/1994/1994F/Jo07894.pdf
salaire_base.agents_payes_a_l_heure.categorie_1.echelon_14,1996-05-01,0.884,"Avenant n° 6 à la convention collective nationale du textile, agréé par arrêté du 24 juillet 1996",https://www.pist.tn/jort/1996/1996A/Ja06096.pdf
salaire_base.agents_payes_a_l_heure.categorie_1.echelon_14,1997-05-01,0.922,"Avenant n° 6 à la convention collective nationale du textile, agréé par arrêté du 24 juillet 1996",https://www.pist.tn/jort/1996/1996A/Ja06096.pdf
salaire_base.agents_payes_a_l_heure.categorie_1.echelon_14,1998-05-01,0.96,"Avenant n° 6 à la convention collective nationale du textile, agréé par arrêté du 24 juillet 1996",https://www.pist.tn/jort/1996/1996A/Ja06096.pdf
salaire_base.agents_payes_a_l_heure.categorie_1.echelon_14,1999-05-01,0.998,"Avenant n° 7 à la convention collective nationale du textile, agréé par arrêté du 9 juin 1999",https://www.pist.tn/jort/1999/1999A/Ja04899.pdf
salaire_base.agents_payes_a_l_heure.categorie_1.echelon_14,2000-05-01,1.036,"Avenant n° 7 à la convention collective nationale du textile, agréé par arrêté du 9 juin 1999",https://www.pist.tn/jort/1999/1999A/Ja04899.pdf
salaire_base.agents_payes_a_l_heure.categorie_1.echelon_14,2001-05-01,1.074,"Avenant n° 7 à la convention collective nationale du textile, agréé par arrêté du 9 juin 1999",https://www.pist.tn/jort/1999/1999A/Ja04899.pdf
salaire_base.agents_payes_a_l_heure.categorie_1.echelon_14,2002-05-01,1.112,"Avenant n° 8 à la convention collective nationale du textile, agréé par arrêté du 25 novembre 2002",https://www.pist.tn/jort/2002/2002A/Ja0972002.pdf
salaire_base.agents_payes_a_l_heure.categorie_1.echelon_14,2003-05-01,1.153,"Avenant n° 8 à la convention collective nationale du textile, agréé par arrêté du 25 novembre 2002",https://www.pist.tn/jort/2002/2002A/Ja0972002.pdf
salaire_base.agents_payes_a_l_heure.categorie_1.echelon_14,2004-05-01,1.199,"Avenant n° 8 à la convention collective nationale du textile, agréé par arrêté du 25 novembre 2002",https://www.pist.tn/jort/2002/2002A/Ja0972002.pdf
salaire_base.agents_payes_a_l_heure.categorie_1.echelon_14,2005-06-15,1.237,"Avenant n° 9 à la convention collective sectorielle du textile, agréé par arrêté du 17 janvier 2006",https://www.pist.tn/jort/2006/2006A/Ja0072006.pdf
salaire_base.agents_payes_a_l_heure.categorie_1.echelon_14,2006-05-01,1.28,"Avenant n° 9 à la convention collective sectorielle du textile, agréé par arrêté du 17 janvier 2006",https://www.pist.tn/jort/2006/2006A/Ja0072006.pdf
salaire_base.agents_payes_a_l_heure.categorie_1.echelon_14,2007-05-01,1.323,"Avenant n° 9 à la convention collective sectorielle du textile, agréé par arrêté du 17 janvier 2006",https://www.pist.tn/jort/2006/2006A/Ja0072006.pdf
salaire_base.agents_payes_a_l_heure.categorie_1.echelon_14,2008-05-01,1.39,"Avenant n° 10 à la convention collective sectorielle du textile, agréé par arrêté du 17 février 2009",https://www.pist.tn/jort/2009/2009A/Ja0162009.pdf
salaire_base.agents_payes_a_l_heure.categorie_1.echelon_14,2009-05-01,1.453,"Avenant n° 10 à la convention collective sectorielle du textile, agréé par arrêté du 17 février 2009",https://www.pist.tn/jort/2009/2009A/Ja0162009.pdf
salaire_base.agents_payes_a_l_heure.categorie_1.echelon_14,2010-05-01,1.526,"Avenant n° 10 à la convention collective sectorielle du textile, agréé par arrêté du 17 février 2009",https://www.pist.tn/jort/2009/2009A/Ja0162009.pdf
salaire_base.agents_payes_a_l_heure.categorie_1.echelon_14,2011-05-01,1.599,"Avenant n° 11 à la convention collective sectorielle du textile, agréé par arrêté du 11 octobre 2011",https://www.pist.tn/jort/2011/2011A/Ja0782011.pdf
salaire_base.agents_payes_a_l_heure.categorie_1.echelon_14,2012-05-01,1.691,"Avenant n° 12 à la convention collective sectorielle du textile, agréé par arrêté du 19 février 2013",https://www.pist.tn/jort/2013/2013A/Ja0162013.pdf
salaire_base.agents_payes_a_l_heure.categorie_1.echelon_14,2014-05-01,1.788,"Avenant n° 13 à la convention collective sectorielle du textile, agréé par arrêté du 17 octobre 2014",https://www.pist.tn/jort/2014/2014A/Ja0902014.pdf
salaire_base.agents_payes_a_l_heure.categorie_1.echelon_14,2015-09-01,1.892,"Avenant n° 14 à la convention collective sectorielle du textile, agréé par arrêté du 8 avril 2016",https://www.pist.tn/jort/2016/2016A/Ja0302016.pdf
salaire_base.agents_payes_a_l_heure.categorie_1.echelon_14,2016-08-01,2.001,"Avenant n° 15 à la convention collective sectorielle du textile, agréé par arrêté du 14 août 2017",https://www.pist.tn/jort/2017/2017A/Ja0662017.pdf
salaire_base.agents_payes_a_l_heure.categorie_1.echelon_14,2018-01-01,2.117,"Avenant n° 15 à la convention collective sectorielle du textile, agréé par arrêté du 14 août 2017",https://www.pist.tn/jort/2017/2017A/Ja0662017.pdf
salaire_base.agents_payes_a_l_heure.categorie_1.echelon_14,2019-01-01,2.261,"Avenant n° 16 à la convention collective sectorielle du textile, agréé par arrêté du 21 janvier 2019",https://www.pist.tn/jort/2019/2019A/Ja0112019.pdf
salaire_base.agents_payes_a_l_heure.categorie_1.echelon_14,2020-01-01,2.414,"Avenant n° 16 à la convention collective sectorielle du textile, agréé par arrêté du 21 janvier 2019",https://www.pist.tn/jort/2019/2019A/Ja0112019.pdf
salaire_base.agents_payes_a_l_heure.categorie_1.echelon_14,2021-09-01,2.571,"Avenant n° 17 à la convention collective sectorielle du textile, agréé par arrêté du 23 juin 2022",https://www.pist.tn/jort/2022/2022A/Ja0712022.pdf
salaire_base.agents_payes_a_l_heure.categorie_1.echelon_14,2022-05-01,2.751,"Avenant n° 17 à la convention collective sectorielle du textile, agréé par arrêté du 23 juin 2022",https://www.pist.tn/jort/2022/2022A/Ja0712022.pdf
salaire_base.agents_payes_a_l_heure.categorie_1.echelon_14,2024-01-01,2.93,"Avenant n° 18 à la convention collective sectorielle du textile, agréé par arrêté du 8 avril 2024",https://www.pist.tn/jort/2024/2024A/Ja0492024.pdf
salaire_base.agents_payes_a_l_heure.categorie_1.echelon_14,2025-01-01,3.121,"Avenant n° 18 à la convention collective sectorielle du textile, agréé par arrêté du 8 avril 2024",https://www.pist.tn/jort/2024/2024A/Ja0492024.pdf
salaire_base.agents_payes_a_l_heure.categorie_1.echelon_14,2026-01-01,3.339,"Avenant n° 18 à la convention collective sectorielle du textile, agréé par arrêté du 8 avril 2024",https://www.pist.tn/jort/2024/2024A/Ja0492024.pdf
salaire_base.agents_payes_a_l_heure.categorie_1.echelon_15,1994-05-01,0.815,"Avenant n° 5 à la convention collective nationale du textile, agréé par arrêté du 22 septembre 1994",https://www.pist.tn/jort/1994/1994F/Jo07894.pdf
salaire_base.agents_payes_a_l_heure.categorie_1.echelon_15,1995-05-01,0.853,"Avenant n° 5 à la convention collective nationale du textile, agréé par arrêté du 22 septembre 1994",https://www.pist.tn/jort/1994/1994F/Jo07894.pdf
salaire_base.agents_payes_a_l_heure.categorie_1.echelon_15,1996-05-01,0.891,"Avenant n° 6 à la convention collective nationale du textile, agréé par arrêté du 24 juillet 1996",https://www.pist.tn/jort/1996/1996A/Ja06096.pdf
salaire_base.agents_payes_a_l_heure.categorie_1.echelon_15,1997-05-01,0.929,"Avenant n° 6 à la convention collective nationale du textile, agréé par arrêté du 24 juillet 1996",https://www.pist.tn/jort/1996/1996A/Ja06096.pdf
salaire_base.agents_payes_a_l_heure.categorie_1.echelon_15,1998-05-01,0.967,"Avenant n° 6 à la convention collective nationale du textile, agréé par arrêté du 24 juillet 1996",https://www.pist.tn/jort/1996/1996A/Ja06096.pdf
salaire_base.agents_payes_a_l_heure.categorie_1.echelon_15,1999-05-01,1.005,"Avenant n° 7 à la convention collective nationale du textile, agréé par arrêté du 9 juin 1999",https://www.pist.tn/jort/1999/1999A/Ja04899.pdf
salaire_base.agents_payes_a_l_heure.categorie_1.echelon_15,2000-05-01,1.043,"Avenant n° 7 à la convention collective nationale du textile, agréé par arrêté du 9 juin 1999",https://www.pist.tn/jort/1999/1999A/Ja04899.pdf
salaire_base.agents_payes_a_l_heure.categorie_1.echelon_15,2001-05-01,1.081,"Avenant n° 7 à la convention collective nationale du textile, agréé par arrêté du 9 juin 1999",https://www.pist.tn/jort/1999/1999A/Ja04899.pdf
salaire_base.agents_payes_a_l_heure.categorie_1.echelon_15,2002-05-01,1.119,"Avenant n° 8 à la convention collective nationale du textile, agréé par arrêté du 25 novembre 2002",https://www.pist.tn/jort/2002/2002A/Ja0972002.pdf
salaire_base.agents_payes_a_l_heure.categorie_1.echelon_15,2003-05-01,1.16,"Avenant n° 8 à la convention collective nationale du textile, agréé par arrêté du 25 novembre 2002",https://www.pist.tn/jort/2002/2002A/Ja0972002.pdf
salaire_base.agents_payes_a_l_heure.categorie_1.echelon_15,2004-05-01,1.206,"Avenant n° 8 à la convention collective nationale du textile, agréé par arrêté du 25 novembre 2002",https://www.pist.tn/jort/2002/2002A/Ja0972002.pdf
salaire_base.agents_payes_a_l_heure.categorie_1.echelon_15,2005-06-15,1.244,"Avenant n° 9 à la convention collective sectorielle du textile, agréé par arrêté du 17 janvier 2006",https://www.pist.tn/jort/2006/2006A/Ja0072006.pdf
salaire_base.agents_payes_a_l_heure.categorie_1.echelon_15,2006-05-01,1.287,"Avenant n° 9 à la convention collective sectorielle du textile, agréé par arrêté du 17 janvier 2006",https://www.pist.tn/jort/2006/2006A/Ja0072006.pdf
salaire_base.agents_payes_a_l_heure.categorie_1.echelon_15,2007-05-01,1.33,"Avenant n° 9 à la convention collective sectorielle du textile, agréé par arrêté du 17 janvier 2006",https://www.pist.tn/jort/2006/2006A/Ja0072006.pdf
salaire_base.agents_payes_a_l_heure.categorie_1.echelon_15,2008-05-01,1.396,"Avenant n° 10 à la convention collective sectorielle du textile, agréé par arrêté du 17 février 2009",https://www.pist.tn/jort/2009/2009A/Ja0162009.pdf
salaire_base.agents_payes_a_l_heure.categorie_1.echelon_15,2009-05-01,1.459,"Avenant n° 10 à la convention collective sectorielle du textile, agréé par arrêté du 17 février 2009",https://www.pist.tn/jort/2009/2009A/Ja0162009.pdf
salaire_base.agents_payes_a_l_heure.categorie_1.echelon_15,2010-05-01,1.532,"Avenant n° 10 à la convention collective sectorielle du textile, agréé par arrêté du 17 février 2009",https://www.pist.tn/jort/2009/2009A/Ja0162009.pdf
salaire_base.agents_payes_a_l_heure.categorie_1.echelon_15,2011-05-01,1.605,"Avenant n° 11 à la convention collective sectorielle du textile, agréé par arrêté du 11 octobre 2011",https://www.pist.tn/jort/2011/2011A/Ja0782011.pdf
salaire_base.agents_payes_a_l_heure.categorie_1.echelon_15,2012-05-01,1.697,"Avenant n° 12 à la convention collective sectorielle du textile, agréé par arrêté du 19 février 2013",https://www.pist.tn/jort/2013/2013A/Ja0162013.pdf
salaire_base.agents_payes_a_l_heure.categorie_1.echelon_15,2014-05-01,1.794,"Avenant n° 13 à la convention collective sectorielle du textile, agréé par arrêté du 17 octobre 2014",https://www.pist.tn/jort/2014/2014A/Ja0902014.pdf
salaire_base.agents_payes_a_l_heure.categorie_1.echelon_15,2015-09-01,1.898,"Avenant n° 14 à la convention collective sectorielle du textile, agréé par arrêté du 8 avril 2016",https://www.pist.tn/jort/2016/2016A/Ja0302016.pdf
salaire_base.agents_payes_a_l_heure.categorie_1.echelon_15,2016-08-01,2.007,"Avenant n° 15 à la convention collective sectorielle du textile, agréé par arrêté du 14 août 2017",https://www.pist.tn/jort/2017/2017A/Ja0662017.pdf
salaire_base.agents_payes_a_l_heure.categorie_1.echelon_15,2018-01-01,2.123,"Avenant n° 15 à la convention collective sectorielle du textile, agréé par arrêté du 14 août 2017",https://www.pist.tn/jort/2017/2017A/Ja0662017.pdf
salaire_base.agents_payes_a_l_heure.categorie_1.echelon_15,2019-01-01,2.267,"Avenant n° 16 à la convention collective sectorielle du textile, agréé par arrêté du 21 janvier 2019",https://www.pist.tn/jort/2019/2019A/Ja0112019.pdf
salaire_base.agents_payes_a_l_heure.categorie_1.echelon_15,2020-01-01,2.42,"Avenant n° 16 à la convention collective sectorielle du textile, agréé par arrêté du 21 janvier 2019",https://www.pist.tn/jort/2019/2019A/Ja0112019.pdf
salaire_base.agents_payes_a_l_heure.categorie_1.echelon_15,2021-09-01,2.578,"Avenant n° 17 à la convention collective sectorielle du textile, agréé par arrêté du 23 juin 2022",https://www.pist.tn/jort/2022/2022A/Ja0712022.pdf
salaire_base.agents_payes_a_l_heure.categorie_1.echelon_15,2022-05-01,2.758,"Avenant n° 17 à la convention collective sectorielle du textile, agréé par arrêté du 23 juin 2022",https://www.pist.tn/jort/2022/2022A/Ja0712022.pdf
salaire_base.agents_payes_a_l_heure.categorie_1.echelon_15,2024-01-01,2.937,"Avenant n° 18 à la convention collective sectorielle du textile, agréé par arrêté du 8 avril 2024",https://www.pist.tn/jort/2024/2024A/Ja0492024.pdf
salaire_base.agents_payes_a_l_heure.categorie_1.echelon_15,2025-01-01,3.128,"Avenant n° 18 à la convention collective sectorielle du textile, agréé par arrêté du 8 avril 2024",https://www.pist.tn/jort/2024/2024A/Ja0492024.pdf
salaire_base.agents_payes_a_l_heure.categorie_1.echelon_15,2026-01-01,3.347,"Avenant n° 18 à la convention collective sectorielle du textile, agréé par arrêté du 8 avril 2024",https://www.pist.tn/jort/2024/2024A/Ja0492024.pdf
salaire_base.agents_payes_a_l_heure.categorie_1.echelon_16,1994-05-01,0.821,"Avenant n° 5 à la convention collective nationale du textile, agréé par arrêté du 22 septembre 1994",https://www.pist.tn/jort/1994/1994F/Jo07894.pdf
salaire_base.agents_payes_a_l_heure.categorie_1.echelon_16,1995-05-01,0.859,"Avenant n° 5 à la convention collective nationale du textile, agréé par arrêté du 22 septembre 1994",https://www.pist.tn/jort/1994/1994F/Jo07894.pdf
salaire_base.agents_payes_a_l_heure.categorie_1.echelon_16,1996-05-01,0.897,"Avenant n° 6 à la convention collective nationale du textile, agréé par arrêté du 24 juillet 1996",https://www.pist.tn/jort/1996/1996A/Ja06096.pdf
salaire_base.agents_payes_a_l_heure.categorie_1.echelon_16,1997-05-01,0.935,"Avenant n° 6 à la convention collective nationale du textile, agréé par arrêté du 24 juillet 1996",https://www.pist.tn/jort/1996/1996A/Ja06096.pdf
salaire_base.agents_payes_a_l_heure.categorie_1.echelon_16,1998-05-01,0.973,"Avenant n° 6 à la convention collective nationale du textile, agréé par arrêté du 24 juillet 1996",https://www.pist.tn/jort/1996/1996A/Ja06096.pdf
salaire_base.agents_payes_a_l_heure.categorie_1.echelon_16,1999-05-01,1.011,"Avenant n° 7 à la convention collective nationale du textile, agréé par arrêté du 9 juin 1999",https://www.pist.tn/jort/1999/1999A/Ja04899.pdf
salaire_base.agents_payes_a_l_heure.categorie_1.echelon_16,2000-05-01,1.049,"Avenant n° 7 à la convention collective nationale du textile, agréé par arrêté du 9 juin 1999",https://www.pist.tn/jort/1999/1999A/Ja04899.pdf
salaire_base.agents_payes_a_l_heure.categorie_1.echelon_16,2001-05-01,1.087,"Avenant n° 7 à la convention collective nationale du textile, agréé par arrêté du 9 juin 1999",https://www.pist.tn/jort/1999/1999A/Ja04899.pdf
salaire_base.agents_payes_a_l_heure.categorie_1.echelon_16,2002-05-01,1.125,"Avenant n° 8 à la convention collective nationale du textile, agréé par arrêté du 25 novembre 2002",https://www.pist.tn/jort/2002/2002A/Ja0972002.pdf
salaire_base.agents_payes_a_l_heure.categorie_1.echelon_16,2003-05-01,1.166,"Avenant n° 8 à la convention collective nationale du textile, agréé par arrêté du 25 novembre 2002",https://www.pist.tn/jort/2002/2002A/Ja0972002.pdf
salaire_base.agents_payes_a_l_heure.categorie_1.echelon_16,2004-05-01,1.212,"Avenant n° 8 à la convention collective nationale du textile, agréé par arrêté du 25 novembre 2002",https://www.pist.tn/jort/2002/2002A/Ja0972002.pdf
salaire_base.agents_payes_a_l_heure.categorie_1.echelon_16,2005-06-15,1.25,"Avenant n° 9 à la convention collective sectorielle du textile, agréé par arrêté du 17 janvier 2006",https://www.pist.tn/jort/2006/2006A/Ja0072006.pdf
salaire_base.agents_payes_a_l_heure.categorie_1.echelon_16,2006-05-01,1.293,"Avenant n° 9 à la convention collective sectorielle du textile, agréé par arrêté du 17 janvier 2006",https://www.pist.tn/jort/2006/2006A/Ja0072006.pdf
salaire_base.agents_payes_a_l_heure.categorie_1.echelon_16,2007-05-01,1.336,"Avenant n° 9 à la convention collective sectorielle du textile, agréé par arrêté du 17 janvier 2006",https://www.pist.tn/jort/2006/2006A/Ja0072006.pdf
salaire_base.agents_payes_a_l_heure.categorie_1.echelon_16,2008-05-01,1.402,"Avenant n° 10 à la convention collective sectorielle du textile, agréé par arrêté du 17 février 2009",https://www.pist.tn/jort/2009/2009A/Ja0162009.pdf
salaire_base.agents_payes_a_l_heure.categorie_1.echelon_16,2009-05-01,1.465,"Avenant n° 10 à la convention collective sectorielle du textile, agréé par arrêté du 17 février 2009",https://www.pist.tn/jort/2009/2009A/Ja0162009.pdf
salaire_base.agents_payes_a_l_heure.categorie_1.echelon_16,2010-05-01,1.537,"Avenant n° 10 à la convention collective sectorielle du textile, agréé par arrêté du 17 février 2009",https://www.pist.tn/jort/2009/2009A/Ja0162009.pdf
salaire_base.agents_payes_a_l_heure.categorie_1.echelon_16,2011-05-01,1.61,"Avenant n° 11 à la convention collective sectorielle du textile, agréé par arrêté du 11 octobre 2011",https://www.pist.tn/jort/2011/2011A/Ja0782011.pdf
salaire_base.agents_payes_a_l_heure.categorie_1.echelon_16,2012-05-01,1.702,"Avenant n° 12 à la convention collective sectorielle du textile, agréé par arrêté du 19 février 2013",https://www.pist.tn/jort/2013/2013A/Ja0162013.pdf
salaire_base.agents_payes_a_l_heure.categorie_1.echelon_16,2014-05-01,1.799,"Avenant n° 13 à la convention collective sectorielle du textile, agréé par arrêté du 17 octobre 2014",https://www.pist.tn/jort/2014/2014A/Ja0902014.pdf
salaire_base.agents_payes_a_l_heure.categorie_1.echelon_16,2015-09-01,1.903,"Avenant n° 14 à la convention collective sectorielle du textile, agréé par arrêté du 8 avril 2016",https://www.pist.tn/jort/2016/2016A/Ja0302016.pdf
salaire_base.agents_payes_a_l_heure.categorie_1.echelon_16,2016-08-01,2.012,"Avenant n° 15 à la convention collective sectorielle du textile, agréé par arrêté du 14 août 2017",https://www.pist.tn/jort/2017/2017A/Ja0662017.pdf
salaire_base.agents_payes_a_l_heure.categorie_1.echelon_16,2018-01-01,2.128,"Avenant n° 15 à la convention collective sectorielle du textile, agréé par arrêté du 14 août 2017",https://www.pist.tn/jort/2017/2017A/Ja0662017.pdf
salaire_base.agents_payes_a_l_heure.categorie_1.echelon_16,2019-01-01,2.272,"Avenant n° 16 à la convention collective sectorielle du textile, agréé par arrêté du 21 janvier 2019",https://www.pist.tn/jort/2019/2019A/Ja0112019.pdf
salaire_base.agents_payes_a_l_heure.categorie_1.echelon_16,2020-01-01,2.425,"Avenant n° 16 à la convention collective sectorielle du textile, agréé par arrêté du 21 janvier 2019",https://www.pist.tn/jort/2019/2019A/Ja0112019.pdf
salaire_base.agents_payes_a_l_heure.categorie_1.echelon_16,2021-09-01,2.583,"Avenant n° 17 à la convention collective sectorielle du textile, agréé par arrêté du 23 juin 2022",https://www.pist.tn/jort/2022/2022A/Ja0712022.pdf
salaire_base.agents_payes_a_l_heure.categorie_1.echelon_16,2022-05-01,2.764,"Avenant n° 17 à la convention collective sectorielle du textile, agréé par arrêté du 23 juin 2022",https://www.pist.tn/jort/2022/2022A/Ja0712022.pdf
salaire_base.agents_payes_a_l_heure.categorie_1.echelon_16,2024-01-01,2.944,"Avenant n° 18 à la convention collective sectorielle du textile, agréé par arrêté du 8 avril 2024",https://www.pist.tn/jort/2024/2024A/Ja0492024.pdf
salaire_base.agents_payes_a_l_heure.categorie_1.echelon_16,2025-01-01,3.135,"Avenant n° 18 à la convention collective sectorielle du textile, agréé par arrêté du 8 avril 2024",https://www.pist.tn/jort/2024/2024A/Ja0492024.pdf
salaire_base.agents_payes_a_l_heure.categorie_1.echelon_16,2026-01-01,3.354,"Avenant n° 18 à la convention collective sectorielle du textile, agréé par arrêté du 8 avril 2024",https://www.pist.tn/jort/2024/2024A/Ja0492024.pdf
salaire_base.agents_payes_a_l_heure.categorie_1.echelon_17,1999-05-01,1.016,"Avenant n° 7 à la convention collective nationale du textile, agréé par arrêté du 9 juin 1999",https://www.pist.tn/jort/1999/1999A/Ja04899.pdf
salaire_base.agents_payes_a_l_heure.categorie_1.echelon_17,2000-05-01,1.054,"Avenant n° 7 à la convention collective nationale du textile, agréé par arrêté du 9 juin 1999",https://www.pist.tn/jort/1999/1999A/Ja04899.pdf
salaire_base.agents_payes_a_l_heure.categorie_1.echelon_17,2001-05-01,1.092,"Avenant n° 7 à la convention collective nationale du textile, agréé par arrêté du 9 juin 1999",https://www.pist.tn/jort/1999/1999A/Ja04899.pdf
salaire_base.agents_payes_a_l_heure.categorie_1.echelon_17,2002-05-01,1.13,"Avenant n° 8 à la convention collective nationale du textile, agréé par arrêté du 25 novembre 2002",https://www.pist.tn/jort/2002/2002A/Ja0972002.pdf
salaire_base.agents_payes_a_l_heure.categorie_1.echelon_17,2003-05-01,1.171,"Avenant n° 8 à la convention collective nationale du textile, agréé par arrêté du 25 novembre 2002",https://www.pist.tn/jort/2002/2002A/Ja0972002.pdf
salaire_base.agents_payes_a_l_heure.categorie_1.echelon_17,2004-05-01,1.217,"Avenant n° 8 à la convention collective nationale du textile, agréé par arrêté du 25 novembre 2002",https://www.pist.tn/jort/2002/2002A/Ja0972002.pdf
salaire_base.agents_payes_a_l_heure.categorie_1.echelon_17,2005-06-15,1.255,"Avenant n° 9 à la convention collective sectorielle du textile, agréé par arrêté du 17 janvier 2006",https://www.pist.tn/jort/2006/2006A/Ja0072006.pdf
salaire_base.agents_payes_a_l_heure.categorie_1.echelon_17,2006-05-01,1.298,"Avenant n° 9 à la convention collective sectorielle du textile, agréé par arrêté du 17 janvier 2006",https://www.pist.tn/jort/2006/2006A/Ja0072006.pdf
salaire_base.agents_payes_a_l_heure.categorie_1.echelon_17,2007-05-01,1.341,"Avenant n° 9 à la convention collective sectorielle du textile, agréé par arrêté du 17 janvier 2006",https://www.pist.tn/jort/2006/2006A/Ja0072006.pdf
salaire_base.agents_payes_a_l_heure.categorie_1.echelon_17,2008-05-01,1.407,"Avenant n° 10 à la convention collective sectorielle du textile, agréé par arrêté du 17 février 2009",https://www.pist.tn/jort/2009/2009A/Ja0162009.pdf
salaire_base.agents_payes_a_l_heure.categorie_1.echelon_17,2009-05-01,1.47,"Avenant n° 10 à la convention collective sectorielle du textile, agréé par arrêté du 17 février 2009",https://www.pist.tn/jort/2009/2009A/Ja0162009.pdf
salaire_base.agents_payes_a_l_heure.categorie_1.echelon_17,2010-05-01,1.542,"Avenant n° 10 à la convention collective sectorielle du textile, agréé par arrêté du 17 février 2009",https://www.pist.tn/jort/2009/2009A/Ja0162009.pdf
salaire_base.agents_payes_a_l_heure.categorie_1.echelon_17,2011-05-01,1.615,"Avenant n° 11 à la convention collective sectorielle du textile, agréé par arrêté du 11 octobre 2011",https://www.pist.tn/jort/2011/2011A/Ja0782011.pdf
salaire_base.agents_payes_a_l_heure.categorie_1.echelon_17,2012-05-01,1.707,"Avenant n° 12 à la convention collective sectorielle du textile, agréé par arrêté du 19 février 2013",https://www.pist.tn/jort/2013/2013A/Ja0162013.pdf
salaire_base.agents_payes_a_l_heure.categorie_1.echelon_17,2014-05-01,1.804,"Avenant n° 13 à la convention collective sectorielle du textile, agréé par arrêté du 17 octobre 2014",https://www.pist.tn/jort/2014/2014A/Ja0902014.pdf
salaire_base.agents_payes_a_l_heure.categorie_1.echelon_17,2015-09-01,1.908,"Avenant n° 14 à la convention collective sectorielle du textile, agréé par arrêté du 8 avril 2016",https://www.pist.tn/jort/2016/2016A/Ja0302016.pdf
salaire_base.agents_payes_a_l_heure.categorie_1.echelon_17,2016-08-01,2.017,"Avenant n° 15 à la convention collective sectorielle du textile, agréé par arrêté du 14 août 2017",https://www.pist.tn/jort/2017/2017A/Ja0662017.pdf
salaire_base.agents_payes_a_l_heure.categorie_1.echelon_17,2018-01-01,2.133,"Avenant n° 15 à la convention collective sectorielle du textile, agréé par arrêté du 14 août 2017",https://www.pist.tn/jort/2017/2017A/Ja0662017.pdf
salaire_base.agents_payes_a_l_heure.categorie_1.echelon_17,2019-01-01,2.277,"Avenant n° 16 à la convention collective sectorielle du textile, agréé par arrêté du 21 janvier 2019",https://www.pist.tn/jort/2019/2019A/Ja0112019.pdf
salaire_base.agents_payes_a_l_heure.categorie_1.echelon_17,2020-01-01,2.43,"Avenant n° 16 à la convention collective sectorielle du textile, agréé par arrêté du 21 janvier 2019",https://www.pist.tn/jort/2019/2019A/Ja0112019.pdf
salaire_base.agents_payes_a_l_heure.categorie_1.echelon_17,2021-09-01,2.588,"Avenant n° 17 à la convention collective sectorielle du textile, agréé par arrêté du 23 juin 2022",https://www.pist.tn/jort/2022/2022A/Ja0712022.pdf
salaire_base.agents_payes_a_l_heure.categorie_1.echelon_17,2022-05-01,2.77,"Avenant n° 17 à la convention collective sectorielle du textile, agréé par arrêté du 23 juin 2022",https://www.pist.tn/jort/2022/2022A/Ja0712022.pdf
salaire_base.agents_payes_a_l_heure.categorie_1.echelon_17,2024-01-01,2.95,"Avenant n° 18 à la convention collective sectorielle du textile, agréé par arrêté du 8 avril 2024",https://www.pist.tn/jort/2024/2024A/Ja0492024.pdf
salaire_base.agents_payes_a_l_heure.categorie_1.echelon_17,2025-01-01,3.141,"Avenant n° 18 à la convention collective sectorielle du textile, agréé par arrêté du 8 avril 2024",https://www.pist.tn/jort/2024/2024A/Ja0492024.pdf
salaire_base.agents_payes_a_l_heure.categorie_1.echelon_17,2026-01-01,3.361,"Avenant n° 18 à la convention collective sectorielle du textile, agréé par arrêté du 8 avril 2024",https://www.pist.tn/jort/2024/2024A/Ja0492024.pdf
salaire_base.agents_payes_a_l_heure.categorie_1.echelon_18,1999-05-01,1.021,"Avenant n° 7 à la convention collective nationale du textile, agréé par arrêté du 9 juin 1999",https://www.pist.tn/jort/1999/1999A/Ja04899.pdf
salaire_base.agents_payes_a_l_heure.categorie_1.echelon_18,2000-05-01,1.059,"Avenant n° 7 à la convention collective nationale du textile, agréé par arrêté du 9 juin 1999",https://www.pist.tn/jort/1999/1999A/Ja04899.pdf
salaire_base.agents_payes_a_l_heure.categorie_1.echelon_18,2001-05-01,1.097,"Avenant n° 7 à la convention collective nationale du textile, agréé par arrêté du 9 juin 1999",https://www.pist.tn/jort/1999/1999A/Ja04899.pdf
salaire_base.agents_payes_a_l_heure.categorie_1.echelon_18,2002-05-01,1.135,"Avenant n° 8 à la convention collective nationale du textile, agréé par arrêté du 25 novembre 2002",https://www.pist.tn/jort/2002/2002A/Ja0972002.pdf
salaire_base.agents_payes_a_l_heure.categorie_1.echelon_18,2003-05-01,1.176,"Avenant n° 8 à la convention collective nationale du textile, agréé par arrêté du 25 novembre 2002",https://www.pist.tn/jort/2002/2002A/Ja0972002.pdf
salaire_base.agents_payes_a_l_heure.categorie_1.echelon_18,2004-05-01,1.222,"Avenant n° 8 à la convention collective nationale du textile, agréé par arrêté du 25 novembre 2002",https://www.pist.tn/jort/2002/2002A/Ja0972002.pdf
salaire_base.agents_payes_a_l_heure.categorie_1.echelon_18,2005-06-15,1.26,"Avenant n° 9 à la convention collective sectorielle du textile, agréé par arrêté du 17 janvier 2006",https://www.pist.tn/jort/2006/2006A/Ja0072006.pdf
salaire_base.agents_payes_a_l_heure.categorie_1.echelon_18,2006-05-01,1.303,"Avenant n° 9 à la convention collective sectorielle du textile, agréé par arrêté du 17 janvier 2006",https://www.pist.tn/jort/2006/2006A/Ja0072006.pdf
salaire_base.agents_payes_a_l_heure.categorie_1.echelon_18,2007-05-01,1.346,"Avenant n° 9 à la convention collective sectorielle du textile, agréé par arrêté du 17 janvier 2006",https://www.pist.tn/jort/2006/2006A/Ja0072006.pdf
salaire_base.agents_payes_a_l_heure.categorie_1.echelon_18,2008-05-01,1.412,"Avenant n° 10 à la convention collective sectorielle du textile, agréé par arrêté du 17 février 2009",https://www.pist.tn/jort/2009/2009A/Ja0162009.pdf
salaire_base.agents_payes_a_l_heure.categorie_1.echelon_18,2009-05-01,1.475,"Avenant n° 10 à la convention collective sectorielle du textile, agréé par arrêté du 17 février 2009",https://www.pist.tn/jort/2009/2009A/Ja0162009.pdf
salaire_base.agents_payes_a_l_heure.categorie_1.echelon_18,2010-05-01,1.547,"Avenant n° 10 à la convention collective sectorielle du textile, agréé par arrêté du 17 février 2009",https://www.pist.tn/jort/2009/2009A/Ja0162009.pdf
salaire_base.agents_payes_a_l_heure.categorie_1.echelon_18,2011-05-01,1.62,"Avenant n° 11 à la convention collective sectorielle du textile, agréé par arrêté du 11 octobre 2011",https://www.pist.tn/jort/2011/2011A/Ja0782011.pdf
salaire_base.agents_payes_a_l_heure.categorie_1.echelon_18,2012-05-01,1.712,"Avenant n° 12 à la convention collective sectorielle du textile, agréé par arrêté du 19 février 2013",https://www.pist.tn/jort/2013/2013A/Ja0162013.pdf
salaire_base.agents_payes_a_l_heure.categorie_1.echelon_18,2014-05-01,1.809,"Avenant n° 13 à la convention collective sectorielle du textile, agréé par arrêté du 17 octobre 2014",https://www.pist.tn/jort/2014/2014A/Ja0902014.pdf
salaire_base.agents_payes_a_l_heure.categorie_1.echelon_18,2015-09-01,1.913,"Avenant n° 14 à la convention collective sectorielle du textile, agréé par arrêté du 8 avril 2016",https://www.pist.tn/jort/2016/2016A/Ja0302016.pdf
salaire_base.agents_payes_a_l_heure.categorie_1.echelon_18,2016-08-01,2.022,"Avenant n° 15 à la convention collective sectorielle du textile, agréé par arrêté du 14 août 2017",https://www.pist.tn/jort/2017/2017A/Ja0662017.pdf
salaire_base.agents_payes_a_l_heure.categorie_1.echelon_18,2018-01-01,2.138,"Avenant n° 15 à la convention collective sectorielle du textile, agréé par arrêté du 14 août 2017",https://www.pist.tn/jort/2017/2017A/Ja0662017.pdf
salaire_base.agents_payes_a_l_heure.categorie_1.echelon_18,2019-01-01,2.282,"Avenant n° 16 à la convention collective sectorielle du textile, agréé par arrêté du 21 janvier 2019",https://www.pist.tn/jort/2019/2019A/Ja0112019.pdf
salaire_base.agents_payes_a_l_heure.categorie_1.echelon_18,2020-01-01,2.435,"Avenant n° 16 à la convention collective sectorielle du textile, agréé par arrêté du 21 janvier 2019",https://www.pist.tn/jort/2019/2019A/Ja0112019.pdf
salaire_base.agents_payes_a_l_heure.categorie_1.echelon_18,2021-09-01,2.594,"Avenant n° 17 à la convention collective sectorielle du textile, agréé par arrêté du 23 juin 2022",https://www.pist.tn/jort/2022/2022A/Ja0712022.pdf
salaire_base.agents_payes_a_l_heure.categorie_1.echelon_18,2022-05-01,2.775,"Avenant n° 17 à la convention collective sectorielle du textile, agréé par arrêté du 23 juin 2022",https://www.pist.tn/jort/2022/2022A/Ja0712022.pdf
salaire_base.agents_payes_a_l_heure.categorie_1.echelon_18,2024-01-01,2.956,"Avenant n° 18 à la convention collective sectorielle du textile, agréé par arrêté du 8 avril 2024",https://www.pist.tn/jort/2024/2024A/Ja0492024.pdf
salaire_base.agents_payes_a_l_heure.categorie_1.echelon_18,2025-01-01,3.148,"Avenant n° 18 à la convention collective sectorielle du textile, agréé par arrêté du 8 avril 2024",https://www.pist.tn/jort/2024/2024A/Ja0492024.pdf
salaire_base.agents_payes_a_l_heure.categorie_1.echelon_18,2026-01-01,3.368,"Avenant n° 18 à la convention collective sectorielle du textile, agréé par arrêté du 8 avril 2024",https://www.pist.tn/jort/2024/2024A/Ja0492024.pdf
salaire_base.agents_payes_a_l_heure.categorie_1.echelon_19,1999-05-01,1.026,"Avenant n° 7 à la convention collective nationale du textile, agréé par arrêté du 9 juin 1999",https://www.pist.tn/jort/1999/1999A/Ja04899.pdf
salaire_base.agents_payes_a_l_heure.categorie_1.echelon_19,2000-05-01,1.064,"Avenant n° 7 à la convention collective nationale du textile, agréé par arrêté du 9 juin 1999",https://www.pist.tn/jort/1999/1999A/Ja04899.pdf
salaire_base.agents_payes_a_l_heure.categorie_1.echelon_19,2001-05-01,1.102,"Avenant n° 7 à la convention collective nationale du textile, agréé par arrêté du 9 juin 1999",https://www.pist.tn/jort/1999/1999A/Ja04899.pdf
salaire_base.agents_payes_a_l_heure.categorie_1.echelon_19,2002-05-01,1.14,"Avenant n° 8 à la convention collective nationale du textile, agréé par arrêté du 25 novembre 2002",https://www.pist.tn/jort/2002/2002A/Ja0972002.pdf
salaire_base.agents_payes_a_l_heure.categorie_1.echelon_19,2003-05-01,1.181,"Avenant n° 8 à la convention collective nationale du textile, agréé par arrêté du 25 novembre 2002",https://www.pist.tn/jort/2002/2002A/Ja0972002.pdf
salaire_base.agents_payes_a_l_heure.categorie_1.echelon_19,2004-05-01,1.227,"Avenant n° 8 à la convention collective nationale du textile, agréé par arrêté du 25 novembre 2002",https://www.pist.tn/jort/2002/2002A/Ja0972002.pdf
salaire_base.agents_payes_a_l_heure.categorie_1.echelon_19,2005-06-15,1.265,"Avenant n° 9 à la convention collective sectorielle du textile, agréé par arrêté du 17 janvier 2006",https://www.pist.tn/jort/2006/2006A/Ja0072006.pdf
salaire_base.agents_payes_a_l_heure.categorie_1.echelon_19,2006-05-01,1.308,"Avenant n° 9 à la convention collective sectorielle du textile, agréé par arrêté du 17 janvier 2006",https://www.pist.tn/jort/2006/2006A/Ja0072006.pdf
salaire_base.agents_payes_a_l_heure.categorie_1.echelon_19,2007-05-01,1.351,"Avenant n° 9 à la convention collective sectorielle du textile, agréé par arrêté du 17 janvier 2006",https://www.pist.tn/jort/2006/2006A/Ja0072006.pdf
salaire_base.agents_payes_a_l_heure.categorie_1.echelon_19,2008-05-01,1.417,"Avenant n° 10 à la convention collective sectorielle du textile, agréé par arrêté du 17 février 2009",https://www.pist.tn/jort/2009/2009A/Ja0162009.pdf
salaire_base.agents_payes_a_l_heure.categorie_1.echelon_19,2009-05-01,1.48,"Avenant n° 10 à la convention collective sectorielle du textile, agréé par arrêté du 17 février 2009",https://www.pist.tn/jort/2009/2009A/Ja0162009.pdf
salaire_base.agents_payes_a_l_heure.categorie_1.echelon_19,2010-05-01,1.552,"Avenant n° 10 à la convention collective sectorielle du textile, agréé par arrêté du 17 février 2009",https://www.pist.tn/jort/2009/2009A/Ja0162009.pdf
salaire_base.agents_payes_a_l_heure.categorie_1.echelon_19,2011-05-01,1.625,"Avenant n° 11 à la convention collective sectorielle du textile, agréé par arrêté du 11 octobre 2011",https://www.pist.tn/jort/2011/2011A/Ja0782011.pdf
salaire_base.agents_payes_a_l_heure.categorie_1.echelon_19,2012-05-01,1.717,"Avenant n° 12 à la convention collective sectorielle du textile, agréé par arrêté du 19 février 2013",https://www.pist.tn/jort/2013/2013A/Ja0162013.pdf
salaire_base.agents_payes_a_l_heure.categorie_1.echelon_19,2014-05-01,1.814,"Avenant n° 13 à la convention collective sectorielle du textile, agréé par arrêté du 17 octobre 2014",https://www.pist.tn/jort/2014/2014A/Ja0902014.pdf
salaire_base.agents_payes_a_l_heure.categorie_1.echelon_19,2015-09-01,1.918,"Avenant n° 14 à la convention collective sectorielle du textile, agréé par arrêté du 8 avril 2016",https://www.pist.tn/jort/2016/2016A/Ja0302016.pdf
salaire_base.agents_payes_a_l_heure.categorie_1.echelon_19,2016-08-01,2.027,"Avenant n° 15 à la convention collective sectorielle du textile, agréé par arrêté du 14 août 2017",https://www.pist.tn/jort/2017/2017A/Ja0662017.pdf
salaire_base.agents_payes_a_l_heure.categorie_1.echelon_19,2018-01-01,2.143,"Avenant n° 15 à la convention collective sectorielle du textile, agréé par arrêté du 14 août 2017",https://www.pist.tn/jort/2017/2017A/Ja0662017.pdf
salaire_base.agents_payes_a_l_heure.categorie_1.echelon_19,2019-01-01,2.287,"Avenant n° 16 à la convention collective sectorielle du textile, agréé par arrêté du 21 janvier 2019",https://www.pist.tn/jort/2019/2019A/Ja0112019.pdf
salaire_base.agents_payes_a_l_heure.categorie_1.echelon_19,2020-01-01,2.44,"Avenant n° 16 à la convention collective sectorielle du textile, agréé par arrêté du 21 janvier 2019",https://www.pist.tn/jort/2019/2019A/Ja0112019.pdf
salaire_base.agents_payes_a_l_heure.categorie_1.echelon_19,2021-09-01,2.599,"Avenant n° 17 à la convention collective sectorielle du textile, agréé par arrêté du 23 juin 2022",https://www.pist.tn/jort/2022/2022A/Ja0712022.pdf
salaire_base.agents_payes_a_l_heure.categorie_1.echelon_19,2022-05-01,2.781,"Avenant n° 17 à la convention collective sectorielle du textile, agréé par arrêté du 23 juin 2022",https://www.pist.tn/jort/2022/2022A/Ja0712022.pdf
salaire_base.agents_payes_a_l_heure.categorie_1.echelon_19,2024-01-01,2.962,"Avenant n° 18 à la convention collective sectorielle du textile, agréé par arrêté du 8 avril 2024",https://www.pist.tn/jort/2024/2024A/Ja0492024.pdf
salaire_base.agents_payes_a_l_heure.categorie_1.echelon_19,2025-01-01,3.154,"Avenant n° 18 à la convention collective sectorielle du textile, agréé par arrêté du 8 avril 2024",https://www.pist.tn/jort/2024/2024A/Ja0492024.pdf
salaire_base.agents_payes_a_l_heure.categorie_1.echelon_19,2026-01-01,3.375,"Avenant n° 18 à la convention collective sectorielle du textile, agréé par arrêté du 8 avril 2024",https://www.pist.tn/jort/2024/2024A/Ja0492024.pdf
salaire_base.agents_payes_a_l_heure.categorie_1.echelon_20,1999-05-01,1.031,"Avenant n° 7 à la convention collective nationale du textile, agréé par arrêté du 9 juin 1999",https://www.pist.tn/jort/1999/1999A/Ja04899.pdf
salaire_base.agents_payes_a_l_heure.categorie_1.echelon_20,2000-05-01,1.069,"Avenant n° 7 à la convention collective nationale du textile, agréé par arrêté du 9 juin 1999",https://www.pist.tn/jort/1999/1999A/Ja04899.pdf
salaire_base.agents_payes_a_l_heure.categorie_1.echelon_20,2001-05-01,1.107,"Avenant n° 7 à la convention collective nationale du textile, agréé par arrêté du 9 juin 1999",https://www.pist.tn/jort/1999/1999A/Ja04899.pdf
salaire_base.agents_payes_a_l_heure.categorie_1.echelon_20,2002-05-01,1.145,"Avenant n° 8 à la convention collective nationale du textile, agréé par arrêté du 25 novembre 2002",https://www.pist.tn/jort/2002/2002A/Ja0972002.pdf
salaire_base.agents_payes_a_l_heure.categorie_1.echelon_20,2003-05-01,1.186,"Avenant n° 8 à la convention collective nationale du textile, agréé par arrêté du 25 novembre 2002",https://www.pist.tn/jort/2002/2002A/Ja0972002.pdf
salaire_base.agents_payes_a_l_heure.categorie_1.echelon_20,2004-05-01,1.232,"Avenant n° 8 à la convention collective nationale du textile, agréé par arrêté du 25 novembre 2002",https://www.pist.tn/jort/2002/2002A/Ja0972002.pdf
salaire_base.agents_payes_a_l_heure.categorie_1.echelon_20,2005-06-15,1.27,"Avenant n° 9 à la convention collective sectorielle du textile, agréé par arrêté du 17 janvier 2006",https://www.pist.tn/jort/2006/2006A/Ja0072006.pdf
salaire_base.agents_payes_a_l_heure.categorie_1.echelon_20,2006-05-01,1.313,"Avenant n° 9 à la convention collective sectorielle du textile, agréé par arrêté du 17 janvier 2006",https://www.pist.tn/jort/2006/2006A/Ja0072006.pdf
salaire_base.agents_payes_a_l_heure.categorie_1.echelon_20,2007-05-01,1.356,"Avenant n° 9 à la convention collective sectorielle du textile, agréé par arrêté du 17 janvier 2006",https://www.pist.tn/jort/2006/2006A/Ja0072006.pdf
salaire_base.agents_payes_a_l_heure.categorie_1.echelon_20,2008-05-01,1.422,"Avenant n° 10 à la convention collective sectorielle du textile, agréé par arrêté du 17 février 2009",https://www.pist.tn/jort/2009/2009A/Ja0162009.pdf
salaire_base.agents_payes_a_l_heure.categorie_1.echelon_20,2009-05-01,1.485,"Avenant n° 10 à la convention collective sectorielle du textile, agréé par arrêté du 17 février 2009",https://www.pist.tn/jort/2009/2009A/Ja0162009.pdf
salaire_base.agents_payes_a_l_heure.categorie_1.echelon_20,2010-05-01,1.557,"Avenant n° 10 à la convention collective sectorielle du textile, agréé par arrêté du 17 février 2009",https://www.pist.tn/jort/2009/2009A/Ja0162009.pdf
salaire_base.agents_payes_a_l_heure.categorie_1.echelon_20,2011-05-01,1.63,"Avenant n° 11 à la convention collective sectorielle du textile, agréé par arrêté du 11 octobre 2011",https://www.pist.tn/jort/2011/2011A/Ja0782011.pdf
salaire_base.agents_payes_a_l_heure.categorie_1.echelon_20,2012-05-01,1.722,"Avenant n° 12 à la convention collective sectorielle du textile, agréé par arrêté du 19 février 2013",https://www.pist.tn/jort/2013/2013A/Ja0162013.pdf
salaire_base.agents_payes_a_l_heure.categorie_1.echelon_20,2014-05-01,1.819,"Avenant n° 13 à la convention collective sectorielle du textile, agréé par arrêté du 17 octobre 2014",https://www.pist.tn/jort/2014/2014A/Ja0902014.pdf
salaire_base.agents_payes_a_l_heure.categorie_1.echelon_20,2015-09-01,1.923,"Avenant n° 14 à la convention collective sectorielle du textile, agréé par arrêté du 8 avril 2016",https://www.pist.tn/jort/2016/2016A/Ja0302016.pdf
salaire_base.agents_payes_a_l_heure.categorie_1.echelon_20,2016-08-01,2.032,"Avenant n° 15 à la convention collective sectorielle du textile, agréé par arrêté du 14 août 2017",https://www.pist.tn/jort/2017/2017A/Ja0662017.pdf
salaire_base.agents_payes_a_l_heure.categorie_1.echelon_20,2018-01-01,2.148,"Avenant n° 15 à la convention collective sectorielle du textile, agréé par arrêté du 14 août 2017",https://www.pist.tn/jort/2017/2017A/Ja0662017.pdf
salaire_base.agents_payes_a_l_heure.categorie_1.echelon_20,2019-01-01,2.292,"Avenant n° 16 à la convention collective sectorielle du textile, agréé par arrêté du 21 janvier 2019",https://www.pist.tn/jort/2019/2019A/Ja0112019.pdf
salaire_base.agents_payes_a_l_heure.categorie_1.echelon_20,2020-01-01,2.445,"Avenant n° 16 à la convention collective sectorielle du textile, agréé par arrêté du 21 janvier 2019",https://www.pist.tn/jort/2019/2019A/Ja0112019.pdf
salaire_base.agents_payes_a_l_heure.categorie_1.echelon_20,2021-09-01,2.604,"Avenant n° 17 à la convention collective sectorielle du textile, agréé par arrêté du 23 juin 2022",https://www.pist.tn/jort/2022/2022A/Ja0712022.pdf
salaire_base.agents_payes_a_l_heure.categorie_1.echelon_20,2022-05-01,2.787,"Avenant n° 17 à la convention collective sectorielle du textile, agréé par arrêté du 23 juin 2022",https://www.pist.tn/jort/2022/2022A/Ja0712022.pdf
salaire_base.agents_payes_a_l_heure.categorie_1.echelon_20,2024-01-01,2.968,"Avenant n° 18 à la convention collective sectorielle du textile, agréé par arrêté du 8 avril 2024",https://www.pist.tn/jort/2024/2024A/Ja0492024.pdf
salaire_base.agents_payes_a_l_heure.categorie_1.echelon_20,2025-01-01,3.161,"Avenant n° 18 à la convention collective sectorielle du textile, agréé par arrêté du 8 avril 2024",https://www.pist.tn/jort/2024/2024A/Ja0492024.pdf
salaire_base.agents_payes_a_l_heure.categorie_1.echelon_20,2026-01-01,3.382,"Avenant n° 18 à la convention collective sectorielle du textile, agréé par arrêté du 8 avril 2024",https://www.pist.tn/jort/2024/2024A/Ja0492024.pdf
salaire_base.agents_payes_a_l_heure.categorie_2.echelon_0,1994-05-01,0.816,"Avenant n° 5 à la convention collective nationale du textile, agréé par arrêté du 22 septembre 1994",https://www.pist.tn/jort/1994/1994F/Jo07894.pdf
salaire_base.agents_payes_a_l_heure.categorie_2.echelon_0,1995-05-01,0.859,"Avenant n° 5 à la convention collective nationale du textile, agréé par arrêté du 22 septembre 1994",https://www.pist.tn/jort/1994/1994F/Jo07894.pdf
salaire_base.agents_payes_a_l_heure.categorie_2.echelon_0,1996-05-01,0.897,"Avenant n° 6 à la convention collective nationale du textile, agréé par arrêté du 24 juillet 1996",https://www.pist.tn/jort/1996/1996A/Ja06096.pdf
salaire_base.agents_payes_a_l_heure.categorie_2.echelon_0,1997-05-01,0.935,"Avenant n° 6 à la convention collective nationale du textile, agréé par arrêté du 24 juillet 1996",https://www.pist.tn/jort/1996/1996A/Ja06096.pdf
salaire_base.agents_payes_a_l_heure.categorie_2.echelon_0,1998-05-01,0.973,"Avenant n° 6 à la convention collective nationale du textile, agréé par arrêté du 24 juillet 1996",https://www.pist.tn/jort/1996/1996A/Ja06096.pdf
salaire_base.agents_payes_a_l_heure.categorie_2.echelon_0,1999-05-01,1.011,"Avenant n° 7 à la convention collective nationale du textile, agréé par arrêté du 9 juin 1999",https://www.pist.tn/jort/1999/1999A/Ja04899.pdf
salaire_base.agents_payes_a_l_heure.categorie_2.echelon_0,2000-05-01,1.049,"Avenant n° 7 à la convention collective nationale du textile, agréé par arrêté du 9 juin 1999",https://www.pist.tn/jort/1999/1999A/Ja04899.pdf
salaire_base.agents_payes_a_l_heure.categorie_2.echelon_0,2001-05-01,1.087,"Avenant n° 7 à la convention collective nationale du textile, agréé par arrêté du 9 juin 1999",https://www.pist.tn/jort/1999/1999A/Ja04899.pdf
salaire_base.agents_payes_a_l_heure.categorie_2.echelon_0,2002-05-01,1.125,"Avenant n° 8 à la convention collective nationale du textile, agréé par arrêté du 25 novembre 2002",https://www.pist.tn/jort/2002/2002A/Ja0972002.pdf
salaire_base.agents_payes_a_l_heure.categorie_2.echelon_0,2003-05-01,1.166,"Avenant n° 8 à la convention collective nationale du textile, agréé par arrêté du 25 novembre 2002",https://www.pist.tn/jort/2002/2002A/Ja0972002.pdf
salaire_base.agents_payes_a_l_heure.categorie_2.echelon_0,2004-05-01,1.212,"Avenant n° 8 à la convention collective nationale du textile, agréé par arrêté du 25 novembre 2002",https://www.pist.tn/jort/2002/2002A/Ja0972002.pdf
salaire_base.agents_payes_a_l_heure.categorie_2.echelon_0,2005-06-15,1.25,"Avenant n° 9 à la convention collective sectorielle du textile, agréé par arrêté du 17 janvier 2006",https://www.pist.tn/jort/2006/2006A/Ja0072006.pdf
salaire_base.agents_payes_a_l_heure.categorie_2.echelon_0,2006-05-01,1.293,"Avenant n° 9 à la convention collective sectorielle du textile, agréé par arrêté du 17 janvier 2006",https://www.pist.tn/jort/2006/2006A/Ja0072006.pdf
salaire_base.agents_payes_a_l_heure.categorie_2.echelon_0,2007-05-01,1.336,"Avenant n° 9 à la convention collective sectorielle du textile, agréé par arrêté du 17 janvier 2006",https://www.pist.tn/jort/2006/2006A/Ja0072006.pdf
salaire_base.agents_payes_a_l_heure.categorie_2.echelon_0,2008-05-01,1.403,"Avenant n° 10 à la convention collective sectorielle du textile, agréé par arrêté du 17 février 2009",https://www.pist.tn/jort/2009/2009A/Ja0162009.pdf
salaire_base.agents_payes_a_l_heure.categorie_2.echelon_0,2009-05-01,1.47,"Avenant n° 10 à la convention collective sectorielle du textile, agréé par arrêté du 17 février 2009",https://www.pist.tn/jort/2009/2009A/Ja0162009.pdf
salaire_base.agents_payes_a_l_heure.categorie_2.echelon_0,2010-05-01,1.543,"Avenant n° 10 à la convention collective sectorielle du textile, agréé par arrêté du 17 février 2009",https://www.pist.tn/jort/2009/2009A/Ja0162009.pdf
salaire_base.agents_payes_a_l_heure.categorie_2.echelon_0,2011-05-01,1.62,"Avenant n° 11 à la convention collective sectorielle du textile, agréé par arrêté du 11 octobre 2011",https://www.pist.tn/jort/2011/2011A/Ja0782011.pdf
salaire_base.agents_payes_a_l_heure.categorie_2.echelon_0,2012-05-01,1.718,"Avenant n° 12 à la convention collective sectorielle du textile, agréé par arrêté du 19 février 2013",https://www.pist.tn/jort/2013/2013A/Ja0162013.pdf
salaire_base.agents_payes_a_l_heure.categorie_2.echelon_0,2014-05-01,1.821,"Avenant n° 13 à la convention collective sectorielle du textile, agréé par arrêté du 17 octobre 2014",https://www.pist.tn/jort/2014/2014A/Ja0902014.pdf
salaire_base.agents_payes_a_l_heure.categorie_2.echelon_0,2015-09-01,1.93,"Avenant n° 14 à la convention collective sectorielle du textile, agréé par arrêté du 8 avril 2016",https://www.pist.tn/jort/2016/2016A/Ja0302016.pdf
salaire_base.agents_payes_a_l_heure.categorie_2.echelon_0,2016-08-01,2.046,"Avenant n° 15 à la convention collective sectorielle du textile, agréé par arrêté du 14 août 2017",https://www.pist.tn/jort/2017/2017A/Ja0662017.pdf
salaire_base.agents_payes_a_l_heure.categorie_2.echelon_0,2018-01-01,2.168,"Avenant n° 15 à la convention collective sectorielle du textile, agréé par arrêté du 14 août 2017",https://www.pist.tn/jort/2017/2017A/Ja0662017.pdf
salaire_base.agents_payes_a_l_heure.categorie_2.echelon_0,2019-01-01,2.32,"Avenant n° 16 à la convention collective sectorielle du textile, agréé par arrêté du 21 janvier 2019",https://www.pist.tn/jort/2019/2019A/Ja0112019.pdf
salaire_base.agents_payes_a_l_heure.categorie_2.echelon_0,2020-01-01,2.483,"Avenant n° 16 à la convention collective sectorielle du textile, agréé par arrêté du 21 janvier 2019",https://www.pist.tn/jort/2019/2019A/Ja0112019.pdf
salaire_base.agents_payes_a_l_heure.categorie_2.echelon_0,2021-09-01,2.644,"Avenant n° 17 à la convention collective sectorielle du textile, agréé par arrêté du 23 juin 2022",https://www.pist.tn/jort/2022/2022A/Ja0712022.pdf
salaire_base.agents_payes_a_l_heure.categorie_2.echelon_0,2022-05-01,2.829,"Avenant n° 17 à la convention collective sectorielle du textile, agréé par arrêté du 23 juin 2022",https://www.pist.tn/jort/2022/2022A/Ja0712022.pdf
salaire_base.agents_payes_a_l_heure.categorie_2.echelon_0,2024-01-01,3.013,"Avenant n° 18 à la convention collective sectorielle du textile, agréé par arrêté du 8 avril 2024",https://www.pist.tn/jort/2024/2024A/Ja0492024.pdf
salaire_base.agents_payes_a_l_heure.categorie_2.echelon_0,2025-01-01,3.209,"Avenant n° 18 à la convention collective sectorielle du textile, agréé par arrêté du 8 avril 2024",https://www.pist.tn/jort/2024/2024A/Ja0492024.pdf
salaire_base.agents_payes_a_l_heure.categorie_2.echelon_0,2026-01-01,3.433,"Avenant n° 18 à la convention collective sectorielle du textile, agréé par arrêté du 8 avril 2024",https://www.pist.tn/jort/2024/2024A/Ja0492024.pdf
salaire_base.agents_payes_a_l_heure.categorie_2.echelon_1,1994-05-01,0.818,"Avenant n° 5 à la convention collective nationale du textile, agréé par arrêté du 22 septembre 1994",https://www.pist.tn/jort/1994/1994F/Jo07894.pdf
salaire_base.agents_payes_a_l_heure.categorie_2.echelon_1,1995-05-01,0.861,"Avenant n° 5 à la convention collective nationale du textile, agréé par arrêté du 22 septembre 1994",https://www.pist.tn/jort/1994/1994F/Jo07894.pdf
salaire_base.agents_payes_a_l_heure.categorie_2.echelon_1,1996-05-01,0.899,"Avenant n° 6 à la convention collective nationale du textile, agréé par arrêté du 24 juillet 1996",https://www.pist.tn/jort/1996/1996A/Ja06096.pdf
salaire_base.agents_payes_a_l_heure.categorie_2.echelon_1,1997-05-01,0.937,"Avenant n° 6 à la convention collective nationale du textile, agréé par arrêté du 24 juillet 1996",https://www.pist.tn/jort/1996/1996A/Ja06096.pdf
salaire_base.agents_payes_a_l_heure.categorie_2.echelon_1,1998-05-01,0.975,"Avenant n° 6 à la convention collective nationale du textile, agréé par arrêté du 24 juillet 1996",https://www.pist.tn/jort/1996/1996A/Ja06096.pdf
salaire_base.agents_payes_a_l_heure.categorie_2.echelon_1,1999-05-01,1.013,"Avenant n° 7 à la convention collective nationale du textile, agréé par arrêté du 9 juin 1999",https://www.pist.tn/jort/1999/1999A/Ja04899.pdf
salaire_base.agents_payes_a_l_heure.categorie_2.echelon_1,2000-05-01,1.051,"Avenant n° 7 à la convention collective nationale du textile, agréé par arrêté du 9 juin 1999",https://www.pist.tn/jort/1999/1999A/Ja04899.pdf
salaire_base.agents_payes_a_l_heure.categorie_2.echelon_1,2001-05-01,1.089,"Avenant n° 7 à la convention collective nationale du textile, agréé par arrêté du 9 juin 1999",https://www.pist.tn/jort/1999/1999A/Ja04899.pdf
salaire_base.agents_payes_a_l_heure.categorie_2.echelon_1,2002-05-01,1.127,"Avenant n° 8 à la convention collective nationale du textile, agréé par arrêté du 25 novembre 2002",https://www.pist.tn/jort/2002/2002A/Ja0972002.pdf
salaire_base.agents_payes_a_l_heure.categorie_2.echelon_1,2003-05-01,1.168,"Avenant n° 8 à la convention collective nationale du textile, agréé par arrêté du 25 novembre 2002",https://www.pist.tn/jort/2002/2002A/Ja0972002.pdf
salaire_base.agents_payes_a_l_heure.categorie_2.echelon_1,2004-05-01,1.214,"Avenant n° 8 à la convention collective nationale du textile, agréé par arrêté du 25 novembre 2002",https://www.pist.tn/jort/2002/2002A/Ja0972002.pdf
salaire_base.agents_payes_a_l_heure.categorie_2.echelon_1,2005-06-15,1.252,"Avenant n° 9 à la convention collective sectorielle du textile, agréé par arrêté du 17 janvier 2006",https://www.pist.tn/jort/2006/2006A/Ja0072006.pdf
salaire_base.agents_payes_a_l_heure.categorie_2.echelon_1,2006-05-01,1.295,"Avenant n° 9 à la convention collective sectorielle du textile, agréé par arrêté du 17 janvier 2006",https://www.pist.tn/jort/2006/2006A/Ja0072006.pdf
salaire_base.agents_payes_a_l_heure.categorie_2.echelon_1,2007-05-01,1.338,"Avenant n° 9 à la convention collective sectorielle du textile, agréé par arrêté du 17 janvier 2006",https://www.pist.tn/jort/2006/2006A/Ja0072006.pdf
salaire_base.agents_payes_a_l_heure.categorie_2.echelon_1,2008-05-01,1.406,"Avenant n° 10 à la convention collective sectorielle du textile, agréé par arrêté du 17 février 2009",https://www.pist.tn/jort/2009/2009A/Ja0162009.pdf
salaire_base.agents_payes_a_l_heure.categorie_2.echelon_1,2009-05-01,1.473,"Avenant n° 10 à la convention collective sectorielle du textile, agréé par arrêté du 17 février 2009",https://www.pist.tn/jort/2009/2009A/Ja0162009.pdf
salaire_base.agents_payes_a_l_heure.categorie_2.echelon_1,2010-05-01,1.547,"Avenant n° 10 à la convention collective sectorielle du textile, agréé par arrêté du 17 février 2009",https://www.pist.tn/jort/2009/2009A/Ja0162009.pdf
salaire_base.agents_payes_a_l_heure.categorie_2.echelon_1,2011-05-01,1.624,"Avenant n° 11 à la convention collective sectorielle du textile, agréé par arrêté du 11 octobre 2011",https://www.pist.tn/jort/2011/2011A/Ja0782011.pdf
salaire_base.agents_payes_a_l_heure.categorie_2.echelon_1,2012-05-01,1.722,"Avenant n° 12 à la convention collective sectorielle du textile, agréé par arrêté du 19 février 2013",https://www.pist.tn/jort/2013/2013A/Ja0162013.pdf
salaire_base.agents_payes_a_l_heure.categorie_2.echelon_1,2014-05-01,1.825,"Avenant n° 13 à la convention collective sectorielle du textile, agréé par arrêté du 17 octobre 2014",https://www.pist.tn/jort/2014/2014A/Ja0902014.pdf
salaire_base.agents_payes_a_l_heure.categorie_2.echelon_1,2015-09-01,1.934,"Avenant n° 14 à la convention collective sectorielle du textile, agréé par arrêté du 8 avril 2016",https://www.pist.tn/jort/2016/2016A/Ja0302016.pdf
salaire_base.agents_payes_a_l_heure.categorie_2.echelon_1,2016-08-01,2.05,"Avenant n° 15 à la convention collective sectorielle du textile, agréé par arrêté du 14 août 2017",https://www.pist.tn/jort/2017/2017A/Ja0662017.pdf
salaire_base.agents_payes_a_l_heure.categorie_2.echelon_1,2018-01-01,2.172,"Avenant n° 15 à la convention collective sectorielle du textile, agréé par arrêté du 14 août 2017",https://www.pist.tn/jort/2017/2017A/Ja0662017.pdf
salaire_base.agents_payes_a_l_heure.categorie_2.echelon_1,2019-01-01,2.324,"Avenant n° 16 à la convention collective sectorielle du textile, agréé par arrêté du 21 janvier 2019",https://www.pist.tn/jort/2019/2019A/Ja0112019.pdf
salaire_base.agents_payes_a_l_heure.categorie_2.echelon_1,2020-01-01,2.487,"Avenant n° 16 à la convention collective sectorielle du textile, agréé par arrêté du 21 janvier 2019",https://www.pist.tn/jort/2019/2019A/Ja0112019.pdf
salaire_base.agents_payes_a_l_heure.categorie_2.echelon_1,2021-09-01,2.648,"Avenant n° 17 à la convention collective sectorielle du textile, agréé par arrêté du 23 juin 2022",https://www.pist.tn/jort/2022/2022A/Ja0712022.pdf
salaire_base.agents_payes_a_l_heure.categorie_2.echelon_1,2022-05-01,2.834,"Avenant n° 17 à la convention collective sectorielle du textile, agréé par arrêté du 23 juin 2022",https://www.pist.tn/jort/2022/2022A/Ja0712022.pdf
salaire_base.agents_payes_a_l_heure.categorie_2.echelon_1,2024-01-01,3.018,"Avenant n° 18 à la convention collective sectorielle du textile, agréé par arrêté du 8 avril 2024",https://www.pist.tn/jort/2024/2024A/Ja0492024.pdf
salaire_base.agents_payes_a_l_heure.categorie_2.echelon_1,2025-01-01,3.214,"Avenant n° 18 à la convention collective sectorielle du textile, agréé par arrêté du 8 avril 2024",https://www.pist.tn/jort/2024/2024A/Ja0492024.pdf
salaire_base.agents_payes_a_l_heure.categorie_2.echelon_1,2026-01-01,3.439,"Avenant n° 18 à la convention collective sectorielle du textile, agréé par arrêté du 8 avril 2024",https://www.pist.tn/jort/2024/2024A/Ja0492024.pdf
salaire_base.agents_payes_a_l_heure.categorie_2.echelon_2,1994-05-01,0.82,"Avenant n° 5 à la convention collective nationale du textile, agréé par arrêté du 22 septembre 1994",https://www.pist.tn/jort/1994/1994F/Jo07894.pdf
salaire_base.agents_payes_a_l_heure.categorie_2.echelon_2,1995-05-01,0.863,"Avenant n° 5 à la convention collective nationale du textile, agréé par arrêté du 22 septembre 1994",https://www.pist.tn/jort/1994/1994F/Jo07894.pdf
salaire_base.agents_payes_a_l_heure.categorie_2.echelon_2,1996-05-01,0.901,"Avenant n° 6 à la convention collective nationale du textile, agréé par arrêté du 24 juillet 1996",https://www.pist.tn/jort/1996/1996A/Ja06096.pdf
salaire_base.agents_payes_a_l_heure.categorie_2.echelon_2,1997-05-01,0.939,"Avenant n° 6 à la convention collective nationale du textile, agréé par arrêté du 24 juillet 1996",https://www.pist.tn/jort/1996/1996A/Ja06096.pdf
salaire_base.agents_payes_a_l_heure.categorie_2.echelon_2,1998-05-01,0.977,"Avenant n° 6 à la convention collective nationale du textile, agréé par arrêté du 24 juillet 1996",https://www.pist.tn/jort/1996/1996A/Ja06096.pdf
salaire_base.agents_payes_a_l_heure.categorie_2.echelon_2,1999-05-01,1.015,"Avenant n° 7 à la convention collective nationale du textile, agréé par arrêté du 9 juin 1999",https://www.pist.tn/jort/1999/1999A/Ja04899.pdf
salaire_base.agents_payes_a_l_heure.categorie_2.echelon_2,2000-05-01,1.053,"Avenant n° 7 à la convention collective nationale du textile, agréé par arrêté du 9 juin 1999",https://www.pist.tn/jort/1999/1999A/Ja04899.pdf
salaire_base.agents_payes_a_l_heure.categorie_2.echelon_2,2001-05-01,1.091,"Avenant n° 7 à la convention collective nationale du textile, agréé par arrêté du 9 juin 1999",https://www.pist.tn/jort/1999/1999A/Ja04899.pdf
salaire_base.agents_payes_a_l_heure.categorie_2.echelon_2,2002-05-01,1.129,"Avenant n° 8 à la convention collective nationale du textile, agréé par arrêté du 25 novembre 2002",https://www.pist.tn/jort/2002/2002A/Ja0972002.pdf
salaire_base.agents_payes_a_l_heure.categorie_2.echelon_2,2003-05-01,1.17,"Avenant n° 8 à la convention collective nationale du textile, agréé par arrêté du 25 novembre 2002",https://www.pist.tn/jort/2002/2002A/Ja0972002.pdf
salaire_base.agents_payes_a_l_heure.categorie_2.echelon_2,2004-05-01,1.216,"Avenant n° 8 à la convention collective nationale du textile, agréé par arrêté du 25 novembre 2002",https://www.pist.tn/jort/2002/2002A/Ja0972002.pdf
salaire_base.agents_payes_a_l_heure.categorie_2.echelon_2,2005-06-15,1.254,"Avenant n° 9 à la convention collective sectorielle du textile, agréé par arrêté du 17 janvier 2006",https://www.pist.tn/jort/2006/2006A/Ja0072006.pdf
salaire_base.agents_payes_a_l_heure.categorie_2.echelon_2,2006-05-01,1.297,"Avenant n° 9 à la convention collective sectorielle du textile, agréé par arrêté du 17 janvier 2006",https://www.pist.tn/jort/2006/2006A/Ja0072006.pdf
salaire_base.agents_payes_a_l_heure.categorie_2.echelon_2,2007-05-01,1.34,"Avenant n° 9 à la convention collective sectorielle du textile, agréé par arrêté du 17 janvier 2006",https://www.pist.tn/jort/2006/2006A/Ja0072006.pdf
salaire_base.agents_payes_a_l_heure.categorie_2.echelon_2,2008-05-01,1.408,"Avenant n° 10 à la convention collective sectorielle du textile, agréé par arrêté du 17 février 2009",https://www.pist.tn/jort/2009/2009A/Ja0162009.pdf
salaire_base.agents_payes_a_l_heure.categorie_2.echelon_2,2009-05-01,1.475,"Avenant n° 10 à la convention collective sectorielle du textile, agréé par arrêté du 17 février 2009",https://www.pist.tn/jort/2009/2009A/Ja0162009.pdf
salaire_base.agents_payes_a_l_heure.categorie_2.echelon_2,2010-05-01,1.548,"Avenant n° 10 à la convention collective sectorielle du textile, agréé par arrêté du 17 février 2009",https://www.pist.tn/jort/2009/2009A/Ja0162009.pdf
salaire_base.agents_payes_a_l_heure.categorie_2.echelon_2,2011-05-01,1.625,"Avenant n° 11 à la convention collective sectorielle du textile, agréé par arrêté du 11 octobre 2011",https://www.pist.tn/jort/2011/2011A/Ja0782011.pdf
salaire_base.agents_payes_a_l_heure.categorie_2.echelon_2,2012-05-01,1.723,"Avenant n° 12 à la convention collective sectorielle du textile, agréé par arrêté du 19 février 2013",https://www.pist.tn/jort/2013/2013A/Ja0162013.pdf
salaire_base.agents_payes_a_l_heure.categorie_2.echelon_2,2014-05-01,1.826,"Avenant n° 13 à la convention collective sectorielle du textile, agréé par arrêté du 17 octobre 2014",https://www.pist.tn/jort/2014/2014A/Ja0902014.pdf
salaire_base.agents_payes_a_l_heure.categorie_2.echelon_2,2015-09-01,1.935,"Avenant n° 14 à la convention collective sectorielle du textile, agréé par arrêté du 8 avril 2016",https://www.pist.tn/jort/2016/2016A/Ja0302016.pdf
salaire_base.agents_payes_a_l_heure.categorie_2.echelon_2,2016-08-01,2.051,"Avenant n° 15 à la convention collective sectorielle du textile, agréé par arrêté du 14 août 2017",https://www.pist.tn/jort/2017/2017A/Ja0662017.pdf
salaire_base.agents_payes_a_l_heure.categorie_2.echelon_2,2018-01-01,2.173,"Avenant n° 15 à la convention collective sectorielle du textile, agréé par arrêté du 14 août 2017",https://www.pist.tn/jort/2017/2017A/Ja0662017.pdf
salaire_base.agents_payes_a_l_heure.categorie_2.echelon_2,2019-01-01,2.325,"Avenant n° 16 à la convention collective sectorielle du textile, agréé par arrêté du 21 janvier 2019",https://www.pist.tn/jort/2019/2019A/Ja0112019.pdf
salaire_base.agents_payes_a_l_heure.categorie_2.echelon_2,2020-01-01,2.488,"Avenant n° 16 à la convention collective sectorielle du textile, agréé par arrêté du 21 janvier 2019",https://www.pist.tn/jort/2019/2019A/Ja0112019.pdf
salaire_base.agents_payes_a_l_heure.categorie_2.echelon_2,2021-09-01,2.649,"Avenant n° 17 à la convention collective sectorielle du textile, agréé par arrêté du 23 juin 2022",https://www.pist.tn/jort/2022/2022A/Ja0712022.pdf
salaire_base.agents_payes_a_l_heure.categorie_2.echelon_2,2022-05-01,2.835,"Avenant n° 17 à la convention collective sectorielle du textile, agréé par arrêté du 23 juin 2022",https://www.pist.tn/jort/2022/2022A/Ja0712022.pdf
salaire_base.agents_payes_a_l_heure.categorie_2.echelon_2,2024-01-01,3.019,"Avenant n° 18 à la convention collective sectorielle du textile, agréé par arrêté du 8 avril 2024",https://www.pist.tn/jort/2024/2024A/Ja0492024.pdf
salaire_base.agents_payes_a_l_heure.categorie_2.echelon_2,2025-01-01,3.215,"Avenant n° 18 à la convention collective sectorielle du textile, agréé par arrêté du 8 avril 2024",https://www.pist.tn/jort/2024/2024A/Ja0492024.pdf
salaire_base.agents_payes_a_l_heure.categorie_2.echelon_2,2026-01-01,3.44,"Avenant n° 18 à la convention collective sectorielle du textile, agréé par arrêté du 8 avril 2024",https://www.pist.tn/jort/2024/2024A/Ja0492024.pdf
salaire_base.agents_payes_a_l_heure.categorie_2.echelon_3,1994-05-01,0.821,"Avenant n° 5 à la convention collective nationale du textile, agréé par arrêté du 22 septembre 1994",https://www.pist.tn/jort/1994/1994F/Jo07894.pdf
salaire_base.agents_payes_a_l_heure.categorie_2.echelon_3,1995-05-01,0.864,"Avenant n° 5 à la convention collective nationale du textile, agréé par arrêté du 22 septembre 1994",https://www.pist.tn/jort/1994/1994F/Jo07894.pdf
salaire_base.agents_payes_a_l_heure.categorie_2.echelon_3,1996-05-01,0.902,"Avenant n° 6 à la convention collective nationale du textile, agréé par arrêté du 24 juillet 1996",https://www.pist.tn/jort/1996/1996A/Ja06096.pdf
salaire_base.agents_payes_a_l_heure.categorie_2.echelon_3,1997-05-01,0.94,"Avenant n° 6 à la convention collective nationale du textile, agréé par arrêté du 24 juillet 1996",https://www.pist.tn/jort/1996/1996A/Ja06096.pdf
salaire_base.agents_payes_a_l_heure.categorie_2.echelon_3,1998-05-01,0.978,"Avenant n° 6 à la convention collective nationale du textile, agréé par arrêté du 24 juillet 1996",https://www.pist.tn/jort/1996/1996A/Ja06096.pdf
salaire_base.agents_payes_a_l_heure.categorie_2.echelon_3,1999-05-01,1.016,"Avenant n° 7 à la convention collective nationale du textile, agréé par arrêté du 9 juin 1999",https://www.pist.tn/jort/1999/1999A/Ja04899.pdf
salaire_base.agents_payes_a_l_heure.categorie_2.echelon_3,2000-05-01,1.054,"Avenant n° 7 à la convention collective nationale du textile, agréé par arrêté du 9 juin 1999",https://www.pist.tn/jort/1999/1999A/Ja04899.pdf
salaire_base.agents_payes_a_l_heure.categorie_2.echelon_3,2001-05-01,1.092,"Avenant n° 7 à la convention collective nationale du textile, agréé par arrêté du 9 juin 1999",https://www.pist.tn/jort/1999/1999A/Ja04899.pdf
salaire_base.agents_payes_a_l_heure.categorie_2.echelon_3,2002-05-01,1.13,"Avenant n° 8 à la convention collective nationale du textile, agréé par arrêté du 25 novembre 2002",https://www.pist.tn/jort/2002/2002A/Ja0972002.pdf
salaire_base.agents_payes_a_l_heure.categorie_2.echelon_3,2003-05-01,1.171,"Avenant n° 8 à la convention collective nationale du textile, agréé par arrêté du 25 novembre 2002",https://www.pist.tn/jort/2002/2002A/Ja0972002.pdf
salaire_base.agents_payes_a_l_heure.categorie_2.echelon_3,2004-05-01,1.217,"Avenant n° 8 à la convention collective nationale du textile, agréé par arrêté du 25 novembre 2002",https://www.pist.tn/jort/2002/2002A/Ja0972002.pdf
salaire_base.agents_payes_a_l_heure.categorie_2.echelon_3,2005-06-15,1.255,"Avenant n° 9 à la convention collective sectorielle du textile, agréé par arrêté du 17 janvier 2006",https://www.pist.tn/jort/2006/2006A/Ja0072006.pdf
salaire_base.agents_payes_a_l_heure.categorie_2.echelon_3,2006-05-01,1.298,"Avenant n° 9 à la convention collective sectorielle du textile, agréé par arrêté du 17 janvier 2006",https://www.pist.tn/jort/2006/2006A/Ja0072006.pdf
salaire_base.agents_payes_a_l_heure.categorie_2.echelon_3,2007-05-01,1.341,"Avenant n° 9 à la convention collective sectorielle du textile, agréé par arrêté du 17 janvier 2006",https://www.pist.tn/jort/2006/2006A/Ja0072006.pdf
salaire_base.agents_payes_a_l_heure.categorie_2.echelon_3,2008-05-01,1.409,"Avenant n° 10 à la convention collective sectorielle du textile, agréé par arrêté du 17 février 2009",https://www.pist.tn/jort/2009/2009A/Ja0162009.pdf
salaire_base.agents_payes_a_l_heure.categorie_2.echelon_3,2009-05-01,1.476,"Avenant n° 10 à la convention collective sectorielle du textile, agréé par arrêté du 17 février 2009",https://www.pist.tn/jort/2009/2009A/Ja0162009.pdf
salaire_base.agents_payes_a_l_heure.categorie_2.echelon_3,2010-05-01,1.55,"Avenant n° 10 à la convention collective sectorielle du textile, agréé par arrêté du 17 février 2009",https://www.pist.tn/jort/2009/2009A/Ja0162009.pdf
salaire_base.agents_payes_a_l_heure.categorie_2.echelon_3,2011-05-01,1.627,"Avenant n° 11 à la convention collective sectorielle du textile, agréé par arrêté du 11 octobre 2011",https://www.pist.tn/jort/2011/2011A/Ja0782011.pdf
salaire_base.agents_payes_a_l_heure.categorie_2.echelon_3,2012-05-01,1.725,"Avenant n° 12 à la convention collective sectorielle du textile, agréé par arrêté du 19 février 2013",https://www.pist.tn/jort/2013/2013A/Ja0162013.pdf
salaire_base.agents_payes_a_l_heure.categorie_2.echelon_3,2014-05-01,1.828,"Avenant n° 13 à la convention collective sectorielle du textile, agréé par arrêté du 17 octobre 2014",https://www.pist.tn/jort/2014/2014A/Ja0902014.pdf
salaire_base.agents_payes_a_l_heure.categorie_2.echelon_3,2015-09-01,1.937,"Avenant n° 14 à la convention collective sectorielle du textile, agréé par arrêté du 8 avril 2016",https://www.pist.tn/jort/2016/2016A/Ja0302016.pdf
salaire_base.agents_payes_a_l_heure.categorie_2.echelon_3,2016-08-01,2.053,"Avenant n° 15 à la convention collective sectorielle du textile, agréé par arrêté du 14 août 2017",https://www.pist.tn/jort/2017/2017A/Ja0662017.pdf
salaire_base.agents_payes_a_l_heure.categorie_2.echelon_3,2018-01-01,2.175,"Avenant n° 15 à la convention collective sectorielle du textile, agréé par arrêté du 14 août 2017",https://www.pist.tn/jort/2017/2017A/Ja0662017.pdf
salaire_base.agents_payes_a_l_heure.categorie_2.echelon_3,2019-01-01,2.327,"Avenant n° 16 à la convention collective sectorielle du textile, agréé par arrêté du 21 janvier 2019",https://www.pist.tn/jort/2019/2019A/Ja0112019.pdf
salaire_base.agents_payes_a_l_heure.categorie_2.echelon_3,2020-01-01,2.49,"Avenant n° 16 à la convention collective sectorielle du textile, agréé par arrêté du 21 janvier 2019",https://www.pist.tn/jort/2019/2019A/Ja0112019.pdf
salaire_base.agents_payes_a_l_heure.categorie_2.echelon_3,2021-09-01,2.651,"Avenant n° 17 à la convention collective sectorielle du textile, agréé par arrêté du 23 juin 2022",https://www.pist.tn/jort/2022/2022A/Ja0712022.pdf
salaire_base.agents_payes_a_l_heure.categorie_2.echelon_3,2022-05-01,2.837,"Avenant n° 17 à la convention collective sectorielle du textile, agréé par arrêté du 23 juin 2022",https://www.pist.tn/jort/2022/2022A/Ja0712022.pdf
salaire_base.agents_payes_a_l_heure.categorie_2.echelon_3,2024-01-01,3.021,"Avenant n° 18 à la convention collective sectorielle du textile, agréé par arrêté du 8 avril 2024",https://www.pist.tn/jort/2024/2024A/Ja0492024.pdf
salaire_base.agents_payes_a_l_heure.categorie_2.echelon_3,2025-01-01,3.218,"Avenant n° 18 à la convention collective sectorielle du textile, agréé par arrêté du 8 avril 2024",https://www.pist.tn/jort/2024/2024A/Ja0492024.pdf
salaire_base.agents_payes_a_l_heure.categorie_2.echelon_3,2026-01-01,3.443,"Avenant n° 18 à la convention collective sectorielle du textile, agréé par arrêté du 8 avril 2024",https://www.pist.tn/jort/2024/2024A/Ja0492024.pdf
salaire_base.agents_payes_a_l_heure.categorie_2.echelon_4,1994-05-01,0.823,"Avenant n° 5 à la convention collective nationale du textile, agréé par arrêté du 22 septembre 1994",https://www.pist.tn/jort/1994/1994F/Jo07894.pdf
salaire_base.agents_payes_a_l_heure.categorie_2.echelon_4,1995-05-01,0.866,"Avenant n° 5 à la convention collective nationale du textile, agréé par arrêté du 22 septembre 1994",https://www.pist.tn/jort/1994/1994F/Jo07894.pdf
salaire_base.agents_payes_a_l_heure.categorie_2.echelon_4,1996-05-01,0.904,"Avenant n° 6 à la convention collective nationale du textile, agréé par arrêté du 24 juillet 1996",https://www.pist.tn/jort/1996/1996A/Ja06096.pdf
salaire_base.agents_payes_a_l_heure.categorie_2.echelon_4,1997-05-01,0.942,"Avenant n° 6 à la convention collective nationale du textile, agréé par arrêté du 24 juillet 1996",https://www.pist.tn/jort/1996/1996A/Ja06096.pdf
salaire_base.agents_payes_a_l_heure.categorie_2.echelon_4,1998-05-01,0.98,"Avenant n° 6 à la convention collective nationale du textile, agréé par arrêté du 24 juillet 1996",https://www.pist.tn/jort/1996/1996A/Ja06096.pdf
salaire_base.agents_payes_a_l_heure.categorie_2.echelon_4,1999-05-01,1.018,"Avenant n° 7 à la convention collective nationale du textile, agréé par arrêté du 9 juin 1999",https://www.pist.tn/jort/1999/1999A/Ja04899.pdf
salaire_base.agents_payes_a_l_heure.categorie_2.echelon_4,2000-05-01,1.056,"Avenant n° 7 à la convention collective nationale du textile, agréé par arrêté du 9 juin 1999",https://www.pist.tn/jort/1999/1999A/Ja04899.pdf
salaire_base.agents_payes_a_l_heure.categorie_2.echelon_4,2001-05-01,1.094,"Avenant n° 7 à la convention collective nationale du textile, agréé par arrêté du 9 juin 1999",https://www.pist.tn/jort/1999/1999A/Ja04899.pdf
salaire_base.agents_payes_a_l_heure.categorie_2.echelon_4,2002-05-01,1.132,"Avenant n° 8 à la convention collective nationale du textile, agréé par arrêté du 25 novembre 2002",https://www.pist.tn/jort/2002/2002A/Ja0972002.pdf
salaire_base.agents_payes_a_l_heure.categorie_2.echelon_4,2003-05-01,1.173,"Avenant n° 8 à la convention collective nationale du textile, agréé par arrêté du 25 novembre 2002",https://www.pist.tn/jort/2002/2002A/Ja0972002.pdf
salaire_base.agents_payes_a_l_heure.categorie_2.echelon_4,2004-05-01,1.219,"Avenant n° 8 à la convention collective nationale du textile, agréé par arrêté du 25 novembre 2002",https://www.pist.tn/jort/2002/2002A/Ja0972002.pdf
salaire_base.agents_payes_a_l_heure.categorie_2.echelon_4,2005-06-15,1.257,"Avenant n° 9 à la convention collective sectorielle du textile, agréé par arrêté du 17 janvier 2006",https://www.pist.tn/jort/2006/2006A/Ja0072006.pdf
salaire_base.agents_payes_a_l_heure.categorie_2.echelon_4,2006-05-01,1.3,"Avenant n° 9 à la convention collective sectorielle du textile, agréé par arrêté du 17 janvier 2006",https://www.pist.tn/jort/2006/2006A/Ja0072006.pdf
salaire_base.agents_payes_a_l_heure.categorie_2.echelon_4,2007-05-01,1.343,"Avenant n° 9 à la convention collective sectorielle du textile, agréé par arrêté du 17 janvier 2006",https://www.pist.tn/jort/2006/2006A/Ja0072006.pdf
salaire_base.agents_payes_a_l_heure.categorie_2.echelon_4,2008-05-01,1.411,"Avenant n° 10 à la convention collective sectorielle du textile, agréé par arrêté du 17 février 2009",https://www.pist.tn/jort/2009/2009A/Ja0162009.pdf
salaire_base.agents_payes_a_l_heure.categorie_2.echelon_4,2009-05-01,1.478,"Avenant n° 10 à la convention collective sectorielle du textile, agréé par arrêté du 17 février 2009",https://www.pist.tn/jort/2009/2009A/Ja0162009.pdf
salaire_base.agents_payes_a_l_heure.categorie_2.echelon_4,2010-05-01,1.552,"Avenant n° 10 à la convention collective sectorielle du textile, agréé par arrêté du 17 février 2009",https://www.pist.tn/jort/2009/2009A/Ja0162009.pdf
salaire_base.agents_payes_a_l_heure.categorie_2.echelon_4,2011-05-01,1.629,"Avenant n° 11 à la convention collective sectorielle du textile, agréé par arrêté du 11 octobre 2011",https://www.pist.tn/jort/2011/2011A/Ja0782011.pdf
salaire_base.agents_payes_a_l_heure.categorie_2.echelon_4,2012-05-01,1.727,"Avenant n° 12 à la convention collective sectorielle du textile, agréé par arrêté du 19 février 2013",https://www.pist.tn/jort/2013/2013A/Ja0162013.pdf
salaire_base.agents_payes_a_l_heure.categorie_2.echelon_4,2014-05-01,1.83,"Avenant n° 13 à la convention collective sectorielle du textile, agréé par arrêté du 17 octobre 2014",https://www.pist.tn/jort/2014/2014A/Ja0902014.pdf
salaire_base.agents_payes_a_l_heure.categorie_2.echelon_4,2015-09-01,1.939,"Avenant n° 14 à la convention collective sectorielle du textile, agréé par arrêté du 8 avril 2016",https://www.pist.tn/jort/2016/2016A/Ja0302016.pdf
salaire_base.agents_payes_a_l_heure.categorie_2.echelon_4,2016-08-01,2.055,"Avenant n° 15 à la convention collective sectorielle du textile, agréé par arrêté du 14 août 2017",https://www.pist.tn/jort/2017/2017A/Ja0662017.pdf
salaire_base.agents_payes_a_l_heure.categorie_2.echelon_4,2018-01-01,2.177,"Avenant n° 15 à la convention collective sectorielle du textile, agréé par arrêté du 14 août 2017",https://www.pist.tn/jort/2017/2017A/Ja0662017.pdf
salaire_base.agents_payes_a_l_heure.categorie_2.echelon_4,2019-01-01,2.329,"Avenant n° 16 à la convention collective sectorielle du textile, agréé par arrêté du 21 janvier 2019",https://www.pist.tn/jort/2019/2019A/Ja0112019.pdf
salaire_base.agents_payes_a_l_heure.categorie_2.echelon_4,2020-01-01,2.492,"Avenant n° 16 à la convention collective sectorielle du textile, agréé par arrêté du 21 janvier 2019",https://www.pist.tn/jort/2019/2019A/Ja0112019.pdf
salaire_base.agents_payes_a_l_heure.categorie_2.echelon_4,2021-09-01,2.654,"Avenant n° 17 à la convention collective sectorielle du textile, agréé par arrêté du 23 juin 2022",https://www.pist.tn/jort/2022/2022A/Ja0712022.pdf
salaire_base.agents_payes_a_l_heure.categorie_2.echelon_4,2022-05-01,2.839,"Avenant n° 17 à la convention collective sectorielle du textile, agréé par arrêté du 23 juin 2022",https://www.pist.tn/jort/2022/2022A/Ja0712022.pdf
salaire_base.agents_payes_a_l_heure.categorie_2.echelon_4,2024-01-01,3.024,"Avenant n° 18 à la convention collective sectorielle du textile, agréé par arrêté du 8 avril 2024",https://www.pist.tn/jort/2024/2024A/Ja0492024.pdf
salaire_base.agents_payes_a_l_heure.categorie_2.echelon_4,2025-01-01,3.22,"Avenant n° 18 à la convention collective sectorielle du textile, agréé par arrêté du 8 avril 2024",https://www.pist.tn/jort/2024/2024A/Ja0492024.pdf
salaire_base.agents_payes_a_l_heure.categorie_2.echelon_4,2026-01-01,3.446,"Avenant n° 18 à la convention collective sectorielle du textile, agréé par arrêté du 8 avril 2024",https://www.pist.tn/jort/2024/2024A/Ja0492024.pdf
salaire_base.agents_payes_a_l_heure.categorie_2.echelon_5,1994-05-01,0.825,"Avenant n° 5 à la convention collective nationale du textile, agréé par arrêté du 22 septembre 1994",https://www.pist.tn/jort/1994/1994F/Jo07894.pdf
salaire_base.agents_payes_a_l_heure.categorie_2.echelon_5,1995-05-01,0.868,"Avenant n° 5 à la convention collective nationale du textile, agréé par arrêté du 22 septembre 1994",https://www.pist.tn/jort/1994/1994F/Jo07894.pdf
salaire_base.agents_payes_a_l_heure.categorie_2.echelon_5,1996-05-01,0.906,"Avenant n° 6 à la convention collective nationale du textile, agréé par arrêté du 24 juillet 1996",https://www.pist.tn/jort/1996/1996A/Ja06096.pdf
salaire_base.agents_payes_a_l_heure.categorie_2.echelon_5,1997-05-01,0.944,"Avenant n° 6 à la convention collective nationale du textile, agréé par arrêté du 24 juillet 1996",https://www.pist.tn/jort/1996/1996A/Ja06096.pdf
salaire_base.agents_payes_a_l_heure.categorie_2.echelon_5,1998-05-01,0.982,"Avenant n° 6 à la convention collective nationale du textile, agréé par arrêté du 24 juillet 1996",https://www.pist.tn/jort/1996/1996A/Ja06096.pdf
salaire_base.agents_payes_a_l_heure.categorie_2.echelon_5,1999-05-01,1.02,"Avenant n° 7 à la convention collective nationale du textile, agréé par arrêté du 9 juin 1999",https://www.pist.tn/jort/1999/1999A/Ja04899.pdf
salaire_base.agents_payes_a_l_heure.categorie_2.echelon_5,2000-05-01,1.058,"Avenant n° 7 à la convention collective nationale du textile, agréé par arrêté du 9 juin 1999",https://www.pist.tn/jort/1999/1999A/Ja04899.pdf
salaire_base.agents_payes_a_l_heure.categorie_2.echelon_5,2001-05-01,1.096,"Avenant n° 7 à la convention collective nationale du textile, agréé par arrêté du 9 juin 1999",https://www.pist.tn/jort/1999/1999A/Ja04899.pdf
salaire_base.agents_payes_a_l_heure.categorie_2.echelon_5,2002-05-01,1.134,"Avenant n° 8 à la convention collective nationale du textile, agréé par arrêté du 25 novembre 2002",https://www.pist.tn/jort/2002/2002A/Ja0972002.pdf
salaire_base.agents_payes_a_l_heure.categorie_2.echelon_5,2003-05-01,1.175,"Avenant n° 8 à la convention collective nationale du textile, agréé par arrêté du 25 novembre 2002",https://www.pist.tn/jort/2002/2002A/Ja0972002.pdf
salaire_base.agents_payes_a_l_heure.categorie_2.echelon_5,2004-05-01,1.221,"Avenant n° 8 à la convention collective nationale du textile, agréé par arrêté du 25 novembre 2002",https://www.pist.tn/jort/2002/2002A/Ja0972002.pdf
salaire_base.agents_payes_a_l_heure.categorie_2.echelon_5,2005-06-15,1.259,"Avenant n° 9 à la convention collective sectorielle du textile, agréé par arrêté du 17 janvier 2006",https://www.pist.tn/jort/2006/2006A/Ja0072006.pdf
salaire_base.agents_payes_a_l_heure.categorie_2.echelon_5,2006-05-01,1.302,"Avenant n° 9 à la convention collective sectorielle du textile, agréé par arrêté du 17 janvier 2006",https://www.pist.tn/jort/2006/2006A/Ja0072006.pdf
salaire_base.agents_payes_a_l_heure.categorie_2.echelon_5,2007-05-01,1.345,"Avenant n° 9 à la convention collective sectorielle du textile, agréé par arrêté du 17 janvier 2006",https://www.pist.tn/jort/2006/2006A/Ja0072006.pdf
salaire_base.agents_payes_a_l_heure.categorie_2.echelon_5,2008-05-01,1.413,"Avenant n° 10 à la convention collective sectorielle du textile, agréé par arrêté du 17 février 2009",https://www.pist.tn/jort/2009/2009A/Ja0162009.pdf
salaire_base.agents_payes_a_l_heure.categorie_2.echelon_5,2009-05-01,1.48,"Avenant n° 10 à la convention collective sectorielle du textile, agréé par arrêté du 17 février 2009",https://www.pist.tn/jort/2009/2009A/Ja0162009.pdf
salaire_base.agents_payes_a_l_heure.categorie_2.echelon_5,2010-05-01,1.554,"Avenant n° 10 à la convention collective sectorielle du textile, agréé par arrêté du 17 février 2009",https://www.pist.tn/jort/2009/2009A/Ja0162009.pdf
salaire_base.agents_payes_a_l_heure.categorie_2.echelon_5,2011-05-01,1.631,"Avenant n° 11 à la convention collective sectorielle du textile, agréé par arrêté du 11 octobre 2011",https://www.pist.tn/jort/2011/2011A/Ja0782011.pdf
salaire_base.agents_payes_a_l_heure.categorie_2.echelon_5,2012-05-01,1.729,"Avenant n° 12 à la convention collective sectorielle du textile, agréé par arrêté du 19 février 2013",https://www.pist.tn/jort/2013/2013A/Ja0162013.pdf
salaire_base.agents_payes_a_l_heure.categorie_2.echelon_5,2014-05-01,1.832,"Avenant n° 13 à la convention collective sectorielle du textile, agréé par arrêté du 17 octobre 2014",https://www.pist.tn/jort/2014/2014A/Ja0902014.pdf
salaire_base.agents_payes_a_l_heure.categorie_2.echelon_5,2015-09-01,1.941,"Avenant n° 14 à la convention collective sectorielle du textile, agréé par arrêté du 8 avril 2016",https://www.pist.tn/jort/2016/2016A/Ja0302016.pdf
salaire_base.agents_payes_a_l_heure.categorie_2.echelon_5,2016-08-01,2.057,"Avenant n° 15 à la convention collective sectorielle du textile, agréé par arrêté du 14 août 2017",https://www.pist.tn/jort/2017/2017A/Ja0662017.pdf
salaire_base.agents_payes_a_l_heure.categorie_2.echelon_5,2018-01-01,2.179,"Avenant n° 15 à la convention collective sectorielle du textile, agréé par arrêté du 14 août 2017",https://www.pist.tn/jort/2017/2017A/Ja0662017.pdf
salaire_base.agents_payes_a_l_heure.categorie_2.echelon_5,2019-01-01,2.331,"Avenant n° 16 à la convention collective sectorielle du textile, agréé par arrêté du 21 janvier 2019",https://www.pist.tn/jort/2019/2019A/Ja0112019.pdf
salaire_base.agents_payes_a_l_heure.categorie_2.echelon_5,2020-01-01,2.494,"Avenant n° 16 à la convention collective sectorielle du textile, agréé par arrêté du 21 janvier 2019",https://www.pist.tn/jort/2019/2019A/Ja0112019.pdf
salaire_base.agents_payes_a_l_heure.categorie_2.echelon_5,2021-09-01,2.656,"Avenant n° 17 à la convention collective sectorielle du textile, agréé par arrêté du 23 juin 2022",https://www.pist.tn/jort/2022/2022A/Ja0712022.pdf
salaire_base.agents_payes_a_l_heure.categorie_2.echelon_5,2022-05-01,2.842,"Avenant n° 17 à la convention collective sectorielle du textile, agréé par arrêté du 23 juin 2022",https://www.pist.tn/jort/2022/2022A/Ja0712022.pdf
salaire_base.agents_payes_a_l_heure.categorie_2.echelon_5,2024-01-01,3.026,"Avenant n° 18 à la convention collective sectorielle du textile, agréé par arrêté du 8 avril 2024",https://www.pist.tn/jort/2024/2024A/Ja0492024.pdf
salaire_base.agents_payes_a_l_heure.categorie_2.echelon_5,2025-01-01,3.223,"Avenant n° 18 à la convention collective sectorielle du textile, agréé par arrêté du 8 avril 2024",https://www.pist.tn/jort/2024/2024A/Ja0492024.pdf
salaire_base.agents_payes_a_l_heure.categorie_2.echelon_5,2026-01-01,3.449,"Avenant n° 18 à la convention collective sectorielle du textile, agréé par arrêté du 8 avril 2024",https://www.pist.tn/jort/2024/2024A/Ja0492024.pdf
salaire_base.agents_payes_a_l_heure.categorie_2.echelon_6,1994-05-01,0.827,"Avenant n° 5 à la convention collective nationale du textile, agréé par arrêté du 22 septembre 1994",https://www.pist.tn/jort/1994/1994F/Jo07894.pdf
salaire_base.agents_payes_a_l_heure.categorie_2.echelon_6,1995-05-01,0.87,"Avenant n° 5 à la convention collective nationale du textile, agréé par arrêté du 22 septembre 1994",https://www.pist.tn/jort/1994/1994F/Jo07894.pdf
salaire_base.agents_payes_a_l_heure.categorie_2.echelon_6,1996-05-01,0.908,"Avenant n° 6 à la convention collective nationale du textile, agréé par arrêté du 24 juillet 1996",https://www.pist.tn/jort/1996/1996A/Ja06096.pdf
salaire_base.agents_payes_a_l_heure.categorie_2.echelon_6,1997-05-01,0.946,"Avenant n° 6 à la convention collective nationale du textile, agréé par arrêté du 24 juillet 1996",https://www.pist.tn/jort/1996/1996A/Ja06096.pdf
salaire_base.agents_payes_a_l_heure.categorie_2.echelon_6,1998-05-01,0.984,"Avenant n° 6 à la convention collective nationale du textile, agréé par arrêté du 24 juillet 1996",https://www.pist.tn/jort/1996/1996A/Ja06096.pdf
salaire_base.agents_payes_a_l_heure.categorie_2.echelon_6,1999-05-01,1.022,"Avenant n° 7 à la convention collective nationale du textile, agréé par arrêté du 9 juin 1999",https://www.pist.tn/jort/1999/1999A/Ja04899.pdf
salaire_base.agents_payes_a_l_heure.categorie_2.echelon_6,2000-05-01,1.06,"Avenant n° 7 à la convention collective nationale du textile, agréé par arrêté du 9 juin 1999",https://www.pist.tn/jort/1999/1999A/Ja04899.pdf
salaire_base.agents_payes_a_l_heure.categorie_2.echelon_6,2001-05-01,1.098,"Avenant n° 7 à la convention collective nationale du textile, agréé par arrêté du 9 juin 1999",https://www.pist.tn/jort/1999/1999A/Ja04899.pdf
salaire_base.agents_payes_a_l_heure.categorie_2.echelon_6,2002-05-01,1.136,"Avenant n° 8 à la convention collective nationale du textile, agréé par arrêté du 25 novembre 2002",https://www.pist.tn/jort/2002/2002A/Ja0972002.pdf
salaire_base.agents_payes_a_l_heure.categorie_2.echelon_6,2003-05-01,1.177,"Avenant n° 8 à la convention collective nationale du textile, agréé par arrêté du 25 novembre 2002",https://www.pist.tn/jort/2002/2002A/Ja0972002.pdf
salaire_base.agents_payes_a_l_heure.categorie_2.echelon_6,2004-05-01,1.223,"Avenant n° 8 à la convention collective nationale du textile, agréé par arrêté du 25 novembre 2002",https://www.pist.tn/jort/2002/2002A/Ja0972002.pdf
salaire_base.agents_payes_a_l_heure.categorie_2.echelon_6,2005-06-15,1.261,"Avenant n° 9 à la convention collective sectorielle du textile, agréé par arrêté du 17 janvier 2006",https://www.pist.tn/jort/2006/2006A/Ja0072006.pdf
salaire_base.agents_payes_a_l_heure.categorie_2.echelon_6,2006-05-01,1.304,"Avenant n° 9 à la convention collective sectorielle du textile, agréé par arrêté du 17 janvier 2006",https://www.pist.tn/jort/2006/2006A/Ja0072006.pdf
salaire_base.agents_payes_a_l_heure.categorie_2.echelon_6,2007-05-01,1.347,"Avenant n° 9 à la convention collective sectorielle du textile, agréé par arrêté du 17 janvier 2006",https://www.pist.tn/jort/2006/2006A/Ja0072006.pdf
salaire_base.agents_payes_a_l_heure.categorie_2.echelon_6,2008-05-01,1.415,"Avenant n° 10 à la convention collective sectorielle du textile, agréé par arrêté du 17 février 2009",https://www.pist.tn/jort/2009/2009A/Ja0162009.pdf
salaire_base.agents_payes_a_l_heure.categorie_2.echelon_6,2009-05-01,1.482,"Avenant n° 10 à la convention collective sectorielle du textile, agréé par arrêté du 17 février 2009",https://www.pist.tn/jort/2009/2009A/Ja0162009.pdf
salaire_base.agents_payes_a_l_heure.categorie_2.echelon_6,2010-05-01,1.556,"Avenant n° 10 à la convention collective sectorielle du textile, agréé par arrêté du 17 février 2009",https://www.pist.tn/jort/2009/2009A/Ja0162009.pdf
salaire_base.agents_payes_a_l_heure.categorie_2.echelon_6,2011-05-01,1.633,"Avenant n° 11 à la convention collective sectorielle du textile, agréé par arrêté du 11 octobre 2011",https://www.pist.tn/jort/2011/2011A/Ja0782011.pdf
salaire_base.agents_payes_a_l_heure.categorie_2.echelon_6,2012-05-01,1.731,"Avenant n° 12 à la convention collective sectorielle du textile, agréé par arrêté du 19 février 2013",https://www.pist.tn/jort/2013/2013A/Ja0162013.pdf
salaire_base.agents_payes_a_l_heure.categorie_2.echelon_6,2014-05-01,1.834,"Avenant n° 13 à la convention collective sectorielle du textile, agréé par arrêté du 17 octobre 2014",https://www.pist.tn/jort/2014/2014A/Ja0902014.pdf
salaire_base.agents_payes_a_l_heure.categorie_2.echelon_6,2015-09-01,1.943,"Avenant n° 14 à la convention collective sectorielle du textile, agréé par arrêté du 8 avril 2016",https://www.pist.tn/jort/2016/2016A/Ja0302016.pdf
salaire_base.agents_payes_a_l_heure.categorie_2.echelon_6,2016-08-01,2.059,"Avenant n° 15 à la convention collective sectorielle du textile, agréé par arrêté du 14 août 2017",https://www.pist.tn/jort/2017/2017A/Ja0662017.pdf
salaire_base.agents_payes_a_l_heure.categorie_2.echelon_6,2018-01-01,2.181,"Avenant n° 15 à la convention collective sectorielle du textile, agréé par arrêté du 14 août 2017",https://www.pist.tn/jort/2017/2017A/Ja0662017.pdf
salaire_base.agents_payes_a_l_heure.categorie_2.echelon_6,2019-01-01,2.333,"Avenant n° 16 à la convention collective sectorielle du textile, agréé par arrêté du 21 janvier 2019",https://www.pist.tn/jort/2019/2019A/Ja0112019.pdf
salaire_base.agents_payes_a_l_heure.categorie_2.echelon_6,2020-01-01,2.496,"Avenant n° 16 à la convention collective sectorielle du textile, agréé par arrêté du 21 janvier 2019",https://www.pist.tn/jort/2019/2019A/Ja0112019.pdf
salaire_base.agents_payes_a_l_heure.categorie_2.echelon_6,2021-09-01,2.658,"Avenant n° 17 à la convention collective sectorielle du textile, agréé par arrêté du 23 juin 2022",https://www.pist.tn/jort/2022/2022A/Ja0712022.pdf
salaire_base.agents_payes_a_l_heure.categorie_2.echelon_6,2022-05-01,2.844,"Avenant n° 17 à la convention collective sectorielle du textile, agréé par arrêté du 23 juin 2022",https://www.pist.tn/jort/2022/2022A/Ja0712022.pdf
salaire_base.agents_payes_a_l_heure.categorie_2.echelon_6,2024-01-01,3.029,"Avenant n° 18 à la convention collective sectorielle du textile, agréé par arrêté du 8 avril 2024",https://www.pist.tn/jort/2024/2024A/Ja0492024.pdf
salaire_base.agents_payes_a_l_heure.categorie_2.echelon_6,2025-01-01,3.226,"Avenant n° 18 à la convention collective sectorielle du textile, agréé par arrêté du 8 avril 2024",https://www.pist.tn/jort/2024/2024A/Ja0492024.pdf
salaire_base.agents_payes_a_l_heure.categorie_2.echelon_6,2026-01-01,3.451,"Avenant n° 18 à la convention collective sectorielle du textile, agréé par arrêté du 8 avril 2024",https://www.pist.tn/jort/2024/2024A/Ja0492024.pdf
salaire_base.agents_payes_a_l_heure.categorie_2.echelon_7,1994-05-01,0.829,"Avenant n° 5 à la convention collective nationale du textile, agréé par arrêté du 22 septembre 1994",https://www.pist.tn/jort/1994/1994F/Jo07894.pdf
salaire_base.agents_payes_a_l_heure.categorie_2.echelon_7,1995-05-01,0.872,"Avenant n° 5 à la convention collective nationale du textile, agréé par arrêté du 22 septembre 1994",https://www.pist.tn/jort/1994/1994F/Jo07894.pdf
salaire_base.agents_payes_a_l_heure.categorie_2.echelon_7,1996-05-01,0.91,"Avenant n° 6 à la convention collective nationale du textile, agréé par arrêté du 24 juillet 1996",https://www.pist.tn/jort/1996/1996A/Ja06096.pdf
salaire_base.agents_payes_a_l_heure.categorie_2.echelon_7,1997-05-01,0.948,"Avenant n° 6 à la convention collective nationale du textile, agréé par arrêté du 24 juillet 1996",https://www.pist.tn/jort/1996/1996A/Ja06096.pdf
salaire_base.agents_payes_a_l_heure.categorie_2.echelon_7,1998-05-01,0.986,"Avenant n° 6 à la convention collective nationale du textile, agréé par arrêté du 24 juillet 1996",https://www.pist.tn/jort/1996/1996A/Ja06096.pdf
salaire_base.agents_payes_a_l_heure.categorie_2.echelon_7,1999-05-01,1.024,"Avenant n° 7 à la convention collective nationale du textile, agréé par arrêté du 9 juin 1999",https://www.pist.tn/jort/1999/1999A/Ja04899.pdf
salaire_base.agents_payes_a_l_heure.categorie_2.echelon_7,2000-05-01,1.062,"Avenant n° 7 à la convention collective nationale du textile, agréé par arrêté du 9 juin 1999",https://www.pist.tn/jort/1999/1999A/Ja04899.pdf
salaire_base.agents_payes_a_l_heure.categorie_2.echelon_7,2001-05-01,1.1,"Avenant n° 7 à la convention collective nationale du textile, agréé par arrêté du 9 juin 1999",https://www.pist.tn/jort/1999/1999A/Ja04899.pdf
salaire_base.agents_payes_a_l_heure.categorie_2.echelon_7,2002-05-01,1.138,"Avenant n° 8 à la convention collective nationale du textile, agréé par arrêté du 25 novembre 2002",https://www.pist.tn/jort/2002/2002A/Ja0972002.pdf
salaire_base.agents_payes_a_l_heure.categorie_2.echelon_7,2003-05-01,1.179,"Avenant n° 8 à la convention collective nationale du textile, agréé par arrêté du 25 novembre 2002",https://www.pist.tn/jort/2002/2002A/Ja0972002.pdf
salaire_base.agents_payes_a_l_heure.categorie_2.echelon_7,2004-05-01,1.225,"Avenant n° 8 à la convention collective nationale du textile, agréé par arrêté du 25 novembre 2002",https://www.pist.tn/jort/2002/2002A/Ja0972002.pdf
salaire_base.agents_payes_a_l_heure.categorie_2.echelon_7,2005-06-15,1.263,"Avenant n° 9 à la convention collective sectorielle du textile, agréé par arrêté du 17 janvier 2006",https://www.pist.tn/jort/2006/2006A/Ja0072006.pdf
salaire_base.agents_payes_a_l_heure.categorie_2.echelon_7,2006-05-01,1.306,"Avenant n° 9 à la convention collective sectorielle du textile, agréé par arrêté du 17 janvier 2006",https://www.pist.tn/jort/2006/2006A/Ja0072006.pdf
salaire_base.agents_payes_a_l_heure.categorie_2.echelon_7,2007-05-01,1.349,"Avenant n° 9 à la convention collective sectorielle du textile, agréé par arrêté du 17 janvier 2006",https://www.pist.tn/jort/2006/2006A/Ja0072006.pdf
salaire_base.agents_payes_a_l_heure.categorie_2.echelon_7,2008-05-01,1.417,"Avenant n° 10 à la convention collective sectorielle du textile, agréé par arrêté du 17 février 2009",https://www.pist.tn/jort/2009/2009A/Ja0162009.pdf
salaire_base.agents_payes_a_l_heure.categorie_2.echelon_7,2009-05-01,1.484,"Avenant n° 10 à la convention collective sectorielle du textile, agréé par arrêté du 17 février 2009",https://www.pist.tn/jort/2009/2009A/Ja0162009.pdf
salaire_base.agents_payes_a_l_heure.categorie_2.echelon_7,2010-05-01,1.558,"Avenant n° 10 à la convention collective sectorielle du textile, agréé par arrêté du 17 février 2009",https://www.pist.tn/jort/2009/2009A/Ja0162009.pdf
salaire_base.agents_payes_a_l_heure.categorie_2.echelon_7,2011-05-01,1.635,"Avenant n° 11 à la convention collective sectorielle du textile, agréé par arrêté du 11 octobre 2011",https://www.pist.tn/jort/2011/2011A/Ja0782011.pdf
salaire_base.agents_payes_a_l_heure.categorie_2.echelon_7,2012-05-01,1.733,"Avenant n° 12 à la convention collective sectorielle du textile, agréé par arrêté du 19 février 2013",https://www.pist.tn/jort/2013/2013A/Ja0162013.pdf
salaire_base.agents_payes_a_l_heure.categorie_2.echelon_7,2014-05-01,1.836,"Avenant n° 13 à la convention collective sectorielle du textile, agréé par arrêté du 17 octobre 2014",https://www.pist.tn/jort/2014/2014A/Ja0902014.pdf
salaire_base.agents_payes_a_l_heure.categorie_2.echelon_7,2015-09-01,1.945,"Avenant n° 14 à la convention collective sectorielle du textile, agréé par arrêté du 8 avril 2016",https://www.pist.tn/jort/2016/2016A/Ja0302016.pdf
salaire_base.agents_payes_a_l_heure.categorie_2.echelon_7,2016-08-01,2.061,"Avenant n° 15 à la convention collective sectorielle du textile, agréé par arrêté du 14 août 2017",https://www.pist.tn/jort/2017/2017A/Ja0662017.pdf
salaire_base.agents_payes_a_l_heure.categorie_2.echelon_7,2018-01-01,2.183,"Avenant n° 15 à la convention collective sectorielle du textile, agréé par arrêté du 14 août 2017",https://www.pist.tn/jort/2017/2017A/Ja0662017.pdf
salaire_base.agents_payes_a_l_heure.categorie_2.echelon_7,2019-01-01,2.335,"Avenant n° 16 à la convention collective sectorielle du textile, agréé par arrêté du 21 janvier 2019",https://www.pist.tn/jort/2019/2019A/Ja0112019.pdf
salaire_base.agents_payes_a_l_heure.categorie_2.echelon_7,2020-01-01,2.498,"Avenant n° 16 à la convention collective sectorielle du textile, agréé par arrêté du 21 janvier 2019",https://www.pist.tn/jort/2019/2019A/Ja0112019.pdf
salaire_base.agents_payes_a_l_heure.categorie_2.echelon_7,2021-09-01,2.66,"Avenant n° 17 à la convention collective sectorielle du textile, agréé par arrêté du 23 juin 2022",https://www.pist.tn/jort/2022/2022A/Ja0712022.pdf
salaire_base.agents_payes_a_l_heure.categorie_2.echelon_7,2022-05-01,2.846,"Avenant n° 17 à la convention collective sectorielle du textile, agréé par arrêté du 23 juin 2022",https://www.pist.tn/jort/2022/2022A/Ja0712022.pdf
salaire_base.agents_payes_a_l_heure.categorie_2.echelon_7,2024-01-01,3.031,"Avenant n° 18 à la convention collective sectorielle du textile, agréé par arrêté du 8 avril 2024",https://www.pist.tn/jort/2024/2024A/Ja0492024.pdf
salaire_base.agents_payes_a_l_heure.categorie_2.echelon_7,2025-01-01,3.228,"Avenant n° 18 à la convention collective sectorielle du textile, agréé par arrêté du 8 avril 2024",https://www.pist.tn/jort/2024/2024A/Ja0492024.pdf
salaire_base.agents_payes_a_l_heure.categorie_2.echelon_7,2026-01-01,3.454,"Avenant n° 18 à la convention collective sectorielle du textile, agréé par arrêté du 8 avril 2024",https://www.pist.tn/jort/2024/2024A/Ja0492024.pdf
salaire_base.agents_payes_a_l_heure.categorie_2.echelon_8,1994-05-01,0.831,"Avenant n° 5 à la convention collective nationale du textile, agréé par arrêté du 22 septembre 1994",https://www.pist.tn/jort/1994/1994F/Jo07894.pdf
salaire_base.agents_payes_a_l_heure.categorie_2.echelon_8,1995-05-01,0.874,"Avenant n° 5 à la convention collective nationale du textile, agréé par arrêté du 22 septembre 1994",https://www.pist.tn/jort/1994/1994F/Jo07894.pdf
salaire_base.agents_payes_a_l_heure.categorie_2.echelon_8,1996-05-01,0.912,"Avenant n° 6 à la convention collective nationale du textile, agréé par arrêté du 24 juillet 1996",https://www.pist.tn/jort/1996/1996A/Ja06096.pdf
salaire_base.agents_payes_a_l_heure.categorie_2.echelon_8,1997-05-01,0.95,"Avenant n° 6 à la convention collective nationale du textile, agréé par arrêté du 24 juillet 1996",https://www.pist.tn/jort/1996/1996A/Ja06096.pdf
salaire_base.agents_payes_a_l_heure.categorie_2.echelon_8,1998-05-01,0.988,"Avenant n° 6 à la convention collective nationale du textile, agréé par arrêté du 24 juillet 1996",https://www.pist.tn/jort/1996/1996A/Ja06096.pdf
salaire_base.agents_payes_a_l_heure.categorie_2.echelon_8,1999-05-01,1.026,"Avenant n° 7 à la convention collective nationale du textile, agréé par arrêté du 9 juin 1999",https://www.pist.tn/jort/1999/1999A/Ja04899.pdf
salaire_base.agents_payes_a_l_heure.categorie_2.echelon_8,2000-05-01,1.064,"Avenant n° 7 à la convention collective nationale du textile, agréé par arrêté du 9 juin 1999",https://www.pist.tn/jort/1999/1999A/Ja04899.pdf
salaire_base.agents_payes_a_l_heure.categorie_2.echelon_8,2001-05-01,1.102,"Avenant n° 7 à la convention collective nationale du textile, agréé par arrêté du 9 juin 1999",https://www.pist.tn/jort/1999/1999A/Ja04899.pdf
salaire_base.agents_payes_a_l_heure.categorie_2.echelon_8,2002-05-01,1.14,"Avenant n° 8 à la convention collective nationale du textile, agréé par arrêté du 25 novembre 2002",https://www.pist.tn/jort/2002/2002A/Ja0972002.pdf
salaire_base.agents_payes_a_l_heure.categorie_2.echelon_8,2003-05-01,1.181,"Avenant n° 8 à la convention collective nationale du textile, agréé par arrêté du 25 novembre 2002",https://www.pist.tn/jort/2002/2002A/Ja0972002.pdf
salaire_base.agents_payes_a_l_heure.categorie_2.echelon_8,2004-05-01,1.227,"Avenant n° 8 à la convention collective nationale du textile, agréé par arrêté du 25 novembre 2002",https://www.pist.tn/jort/2002/2002A/Ja0972002.pdf
salaire_base.agents_payes_a_l_heure.categorie_2.echelon_8,2005-06-15,1.265,"Avenant n° 9 à la convention collective sectorielle du textile, agréé par arrêté du 17 janvier 2006",https://www.pist.tn/jort/2006/2006A/Ja0072006.pdf
salaire_base.agents_payes_a_l_heure.categorie_2.echelon_8,2006-05-01,1.308,"Avenant n° 9 à la convention collective sectorielle du textile, agréé par arrêté du 17 janvier 2006",https://www.pist.tn/jort/2006/2006A/Ja0072006.pdf
salaire_base.agents_payes_a_l_heure.categorie_2.echelon_8,2007-05-01,1.351,"Avenant n° 9 à la convention collective sectorielle du textile, agréé par arrêté du 17 janvier 2006",https://www.pist.tn/jort/2006/2006A/Ja0072006.pdf
salaire_base.agents_payes_a_l_heure.categorie_2.echelon_8,2008-05-01,1.42,"Avenant n° 10 à la convention collective sectorielle du textile, agréé par arrêté du 17 février 2009",https://www.pist.tn/jort/2009/2009A/Ja0162009.pdf
salaire_base.agents_payes_a_l_heure.categorie_2.echelon_8,2009-05-01,1.487,"Avenant n° 10 à la convention collective sectorielle du textile, agréé par arrêté du 17 février 2009",https://www.pist.tn/jort/2009/2009A/Ja0162009.pdf
salaire_base.agents_payes_a_l_heure.categorie_2.echelon_8,2010-05-01,1.561,"Avenant n° 10 à la convention collective sectorielle du textile, agréé par arrêté du 17 février 2009",https://www.pist.tn/jort/2009/2009A/Ja0162009.pdf
salaire_base.agents_payes_a_l_heure.categorie_2.echelon_8,2011-05-01,1.638,"Avenant n° 11 à la convention collective sectorielle du textile, agréé par arrêté du 11 octobre 2011",https://www.pist.tn/jort/2011/2011A/Ja0782011.pdf
salaire_base.agents_payes_a_l_heure.categorie_2.echelon_8,2012-05-01,1.736,"Avenant n° 12 à la convention collective sectorielle du textile, agréé par arrêté du 19 février 2013",https://www.pist.tn/jort/2013/2013A/Ja0162013.pdf
salaire_base.agents_payes_a_l_heure.categorie_2.echelon_8,2014-05-01,1.839,"Avenant n° 13 à la convention collective sectorielle du textile, agréé par arrêté du 17 octobre 2014",https://www.pist.tn/jort/2014/2014A/Ja0902014.pdf
salaire_base.agents_payes_a_l_heure.categorie_2.echelon_8,2015-09-01,1.948,"Avenant n° 14 à la convention collective sectorielle du textile, agréé par arrêté du 8 avril 2016",https://www.pist.tn/jort/2016/2016A/Ja0302016.pdf
salaire_base.agents_payes_a_l_heure.categorie_2.echelon_8,2016-08-01,2.064,"Avenant n° 15 à la convention collective sectorielle du textile, agréé par arrêté du 14 août 2017",https://www.pist.tn/jort/2017/2017A/Ja0662017.pdf
salaire_base.agents_payes_a_l_heure.categorie_2.echelon_8,2018-01-01,2.186,"Avenant n° 15 à la convention collective sectorielle du textile, agréé par arrêté du 14 août 2017",https://www.pist.tn/jort/2017/2017A/Ja0662017.pdf
salaire_base.agents_payes_a_l_heure.categorie_2.echelon_8,2019-01-01,2.338,"Avenant n° 16 à la convention collective sectorielle du textile, agréé par arrêté du 21 janvier 2019",https://www.pist.tn/jort/2019/2019A/Ja0112019.pdf
salaire_base.agents_payes_a_l_heure.categorie_2.echelon_8,2020-01-01,2.501,"Avenant n° 16 à la convention collective sectorielle du textile, agréé par arrêté du 21 janvier 2019",https://www.pist.tn/jort/2019/2019A/Ja0112019.pdf
salaire_base.agents_payes_a_l_heure.categorie_2.echelon_8,2021-09-01,2.663,"Avenant n° 17 à la convention collective sectorielle du textile, agréé par arrêté du 23 juin 2022",https://www.pist.tn/jort/2022/2022A/Ja0712022.pdf
salaire_base.agents_payes_a_l_heure.categorie_2.echelon_8,2022-05-01,2.85,"Avenant n° 17 à la convention collective sectorielle du textile, agréé par arrêté du 23 juin 2022",https://www.pist.tn/jort/2022/2022A/Ja0712022.pdf
salaire_base.agents_payes_a_l_heure.categorie_2.echelon_8,2024-01-01,3.035,"Avenant n° 18 à la convention collective sectorielle du textile, agréé par arrêté du 8 avril 2024",https://www.pist.tn/jort/2024/2024A/Ja0492024.pdf
salaire_base.agents_payes_a_l_heure.categorie_2.echelon_8,2025-01-01,3.232,"Avenant n° 18 à la convention collective sectorielle du textile, agréé par arrêté du 8 avril 2024",https://www.pist.tn/jort/2024/2024A/Ja0492024.pdf
salaire_base.agents_payes_a_l_heure.categorie_2.echelon_8,2026-01-01,3.458,"Avenant n° 18 à la convention collective sectorielle du textile, agréé par arrêté du 8 avril 2024",https://www.pist.tn/jort/2024/2024A/Ja0492024.pdf
salaire_base.agents_payes_a_l_heure.categorie_2.echelon_9,1994-05-01,0.834,"Avenant n° 5 à la convention collective nationale du textile, agréé par arrêté du 22 septembre 1994",https://www.pist.tn/jort/1994/1994F/Jo07894.pdf
salaire_base.agents_payes_a_l_heure.categorie_2.echelon_9,1995-05-01,0.877,"Avenant n° 5 à la convention collective nationale du textile, agréé par arrêté du 22 septembre 1994",https://www.pist.tn/jort/1994/1994F/Jo07894.pdf
salaire_base.agents_payes_a_l_heure.categorie_2.echelon_9,1996-05-01,0.915,"Avenant n° 6 à la convention collective nationale du textile, agréé par arrêté du 24 juillet 1996",https://www.pist.tn/jort/1996/1996A/Ja06096.pdf
salaire_base.agents_payes_a_l_heure.categorie_2.echelon_9,1997-05-01,0.953,"Avenant n° 6 à la convention collective nationale du textile, agréé par arrêté du 24 juillet 1996",https://www.pist.tn/jort/1996/1996A/Ja06096.pdf
salaire_base.agents_payes_a_l_heure.categorie_2.echelon_9,1998-05-01,0.991,"Avenant n° 6 à la convention collective nationale du textile, agréé par arrêté du 24 juillet 1996",https://www.pist.tn/jort/1996/1996A/Ja06096.pdf
salaire_base.agents_payes_a_l_heure.categorie_2.echelon_9,1999-05-01,1.029,"Avenant n° 7 à la convention collective nationale du textile, agréé par arrêté du 9 juin 1999",https://www.pist.tn/jort/1999/1999A/Ja04899.pdf
salaire_base.agents_payes_a_l_heure.categorie_2.echelon_9,2000-05-01,1.067,"Avenant n° 7 à la convention collective nationale du textile, agréé par arrêté du 9 juin 1999",https://www.pist.tn/jort/1999/1999A/Ja04899.pdf
salaire_base.agents_payes_a_l_heure.categorie_2.echelon_9,2001-05-01,1.105,"Avenant n° 7 à la convention collective nationale du textile, agréé par arrêté du 9 juin 1999",https://www.pist.tn/jort/1999/1999A/Ja04899.pdf
salaire_base.agents_payes_a_l_heure.categorie_2.echelon_9,2002-05-01,1.143,"Avenant n° 8 à la convention collective nationale du textile, agréé par arrêté du 25 novembre 2002",https://www.pist.tn/jort/2002/2002A/Ja0972002.pdf
salaire_base.agents_payes_a_l_heure.categorie_2.echelon_9,2003-05-01,1.184,"Avenant n° 8 à la convention collective nationale du textile, agréé par arrêté du 25 novembre 2002",https://www.pist.tn/jort/2002/2002A/Ja0972002.pdf
salaire_base.agents_payes_a_l_heure.categorie_2.echelon_9,2004-05-01,1.23,"Avenant n° 8 à la convention collective nationale du textile, agréé par arrêté du 25 novembre 2002",https://www.pist.tn/jort/2002/2002A/Ja0972002.pdf
salaire_base.agents_payes_a_l_heure.categorie_2.echelon_9,2005-06-15,1.268,"Avenant n° 9 à la convention collective sectorielle du textile, agréé par arrêté du 17 janvier 2006",https://www.pist.tn/jort/2006/2006A/Ja0072006.pdf
salaire_base.agents_payes_a_l_heure.categorie_2.echelon_9,2006-05-01,1.311,"Avenant n° 9 à la convention collective sectorielle du textile, agréé par arrêté du 17 janvier 2006",https://www.pist.tn/jort/2006/2006A/Ja0072006.pdf
salaire_base.agents_payes_a_l_heure.categorie_2.echelon_9,2007-05-01,1.354,"Avenant n° 9 à la convention collective sectorielle du textile, agréé par arrêté du 17 janvier 2006",https://www.pist.tn/jort/2006/2006A/Ja0072006.pdf
salaire_base.agents_payes_a_l_heure.categorie_2.echelon_9,2008-05-01,1.422,"Avenant n° 10 à la convention collective sectorielle du textile, agréé par arrêté du 17 février 2009",https://www.pist.tn/jort/2009/2009A/Ja0162009.pdf
salaire_base.agents_payes_a_l_heure.categorie_2.echelon_9,2009-05-01,1.489,"Avenant n° 10 à la convention collective sectorielle du textile, agréé par arrêté du 17 février 2009",https://www.pist.tn/jort/2009/2009A/Ja0162009.pdf
salaire_base.agents_payes_a_l_heure.categorie_2.echelon_9,2010-05-01,1.563,"Avenant n° 10 à la convention collective sectorielle du textile, agréé par arrêté du 17 février 2009",https://www.pist.tn/jort/2009/2009A/Ja0162009.pdf
salaire_base.agents_payes_a_l_heure.categorie_2.echelon_9,2011-05-01,1.64,"Avenant n° 11 à la convention collective sectorielle du textile, agréé par arrêté du 11 octobre 2011",https://www.pist.tn/jort/2011/2011A/Ja0782011.pdf
salaire_base.agents_payes_a_l_heure.categorie_2.echelon_9,2012-05-01,1.738,"Avenant n° 12 à la convention collective sectorielle du textile, agréé par arrêté du 19 février 2013",https://www.pist.tn/jort/2013/2013A/Ja0162013.pdf
salaire_base.agents_payes_a_l_heure.categorie_2.echelon_9,2014-05-01,1.841,"Avenant n° 13 à la convention collective sectorielle du textile, agréé par arrêté du 17 octobre 2014",https://www.pist.tn/jort/2014/2014A/Ja0902014.pdf
salaire_base.agents_payes_a_l_heure.categorie_2.echelon_9,2015-09-01,1.95,"Avenant n° 14 à la convention collective sectorielle du textile, agréé par arrêté du 8 avril 2016",https://www.pist.tn/jort/2016/2016A/Ja0302016.pdf
salaire_base.agents_payes_a_l_heure.categorie_2.echelon_9,2016-08-01,2.066,"Avenant n° 15 à la convention collective sectorielle du textile, agréé par arrêté du 14 août 2017",https://www.pist.tn/jort/2017/2017A/Ja0662017.pdf
salaire_base.agents_payes_a_l_heure.categorie_2.echelon_9,2018-01-01,2.188,"Avenant n° 15 à la convention collective sectorielle du textile, agréé par arrêté du 14 août 2017",https://www.pist.tn/jort/2017/2017A/Ja0662017.pdf
salaire_base.agents_payes_a_l_heure.categorie_2.echelon_9,2019-01-01,2.34,"Avenant n° 16 à la convention collective sectorielle du textile, agréé par arrêté du 21 janvier 2019",https://www.pist.tn/jort/2019/2019A/Ja0112019.pdf
salaire_base.agents_payes_a_l_heure.categorie_2.echelon_9,2020-01-01,2.503,"Avenant n° 16 à la convention collective sectorielle du textile, agréé par arrêté du 21 janvier 2019",https://www.pist.tn/jort/2019/2019A/Ja0112019.pdf
salaire_base.agents_payes_a_l_heure.categorie_2.echelon_9,2021-09-01,2.665,"Avenant n° 17 à la convention collective sectorielle du textile, agréé par arrêté du 23 juin 2022",https://www.pist.tn/jort/2022/2022A/Ja0712022.pdf
salaire_base.agents_payes_a_l_heure.categorie_2.echelon_9,2022-05-01,2.852,"Avenant n° 17 à la convention collective sectorielle du textile, agréé par arrêté du 23 juin 2022",https://www.pist.tn/jort/2022/2022A/Ja0712022.pdf
salaire_base.agents_payes_a_l_heure.categorie_2.echelon_9,2024-01-01,3.037,"Avenant n° 18 à la convention collective sectorielle du textile, agréé par arrêté du 8 avril 2024",https://www.pist.tn/jort/2024/2024A/Ja0492024.pdf
salaire_base.agents_payes_a_l_heure.categorie_2.echelon_9,2025-01-01,3.235,"Avenant n° 18 à la convention collective sectorielle du textile, agréé par arrêté du 8 avril 2024",https://www.pist.tn/jort/2024/2024A/Ja0492024.pdf
salaire_base.agents_payes_a_l_heure.categorie_2.echelon_9,2026-01-01,3.461,"Avenant n° 18 à la convention collective sectorielle du textile, agréé par arrêté du 8 avril 2024",https://www.pist.tn/jort/2024/2024A/Ja0492024.pdf
salaire_base.agents_payes_a_l_heure.categorie_2.echelon_10,1994-05-01,0.836,"Avenant n° 5 à la convention collective nationale du textile, agréé par arrêté du 22 septembre 1994",https://www.pist.tn/jort/1994/1994F/Jo07894.pdf
salaire_base.agents_payes_a_l_heure.categorie_2.echelon_10,1995-05-01,0.879,"Avenant n° 5 à la convention collective nationale du textile, agréé par arrêté du 22 septembre 1994",https://www.pist.tn/jort/1994/1994F/Jo07894.pdf
salaire_base.agents_payes_a_l_heure.categorie_2.echelon_10,1996-05-01,0.917,"Avenant n° 6 à la convention collective nationale du textile, agréé par arrêté du 24 juillet 1996",https://www.pist.tn/jort/1996/1996A/Ja06096.pdf
salaire_base.agents_payes_a_l_heure.categorie_2.echelon_10,1997-05-01,0.955,"Avenant n° 6 à la convention collective nationale du textile, agréé par arrêté du 24 juillet 1996",https://www.pist.tn/jort/1996/1996A/Ja06096.pdf
salaire_base.agents_payes_a_l_heure.categorie_2.echelon_10,1998-05-01,0.993,"Avenant n° 6 à la convention collective nationale du textile, agréé par arrêté du 24 juillet 1996",https://www.pist.tn/jort/1996/1996A/Ja06096.pdf
salaire_base.agents_payes_a_l_heure.categorie_2.echelon_10,1999-05-01,1.031,"Avenant n° 7 à la convention collective nationale du textile, agréé par arrêté du 9 juin 1999",https://www.pist.tn/jort/1999/1999A/Ja04899.pdf
salaire_base.agents_payes_a_l_heure.categorie_2.echelon_10,2000-05-01,1.069,"Avenant n° 7 à la convention collective nationale du textile, agréé par arrêté du 9 juin 1999",https://www.pist.tn/jort/1999/1999A/Ja04899.pdf
salaire_base.agents_payes_a_l_heure.categorie_2.echelon_10,2001-05-01,1.107,"Avenant n° 7 à la convention collective nationale du textile, agréé par arrêté du 9 juin 1999",https://www.pist.tn/jort/1999/1999A/Ja04899.pdf
salaire_base.agents_payes_a_l_heure.categorie_2.echelon_10,2002-05-01,1.145,"Avenant n° 8 à la convention collective nationale du textile, agréé par arrêté du 25 novembre 2002",https://www.pist.tn/jort/2002/2002A/Ja0972002.pdf
salaire_base.agents_payes_a_l_heure.categorie_2.echelon_10,2003-05-01,1.186,"Avenant n° 8 à la convention collective nationale du textile, agréé par arrêté du 25 novembre 2002",https://www.pist.tn/jort/2002/2002A/Ja0972002.pdf
salaire_base.agents_payes_a_l_heure.categorie_2.echelon_10,2004-05-01,1.232,"Avenant n° 8 à la convention collective nationale du textile, agréé par arrêté du 25 novembre 2002",https://www.pist.tn/jort/2002/2002A/Ja0972002.pdf
salaire_base.agents_payes_a_l_heure.categorie_2.echelon_10,2005-06-15,1.27,"Avenant n° 9 à la convention collective sectorielle du textile, agréé par arrêté du 17 janvier 2006",https://www.pist.tn/jort/2006/2006A/Ja0072006.pdf
salaire_base.agents_payes_a_l_heure.categorie_2.echelon_10,2006-05-01,1.313,"Avenant n° 9 à la convention collective sectorielle du textile, agréé par arrêté du 17 janvier 2006",https://www.pist.tn/jort/2006/2006A/Ja0072006.pdf
salaire_base.agents_payes_a_l_heure.categorie_2.echelon_10,2007-05-01,1.356,"Avenant n° 9 à la convention collective sectorielle du textile, agréé par arrêté du 17 janvier 2006",https://www.pist.tn/jort/2006/2006A/Ja0072006.pdf
salaire_base.agents_payes_a_l_heure.categorie_2.echelon_10,2008-05-01,1.426,"Avenant n° 10 à la convention collective sectorielle du textile, agréé par arrêté du 17 février 2009",https://www.pist.tn/jort/2009/2009A/Ja0162009.pdf
salaire_base.agents_payes_a_l_heure.categorie_2.echelon_10,2009-05-01,1.493,"Avenant n° 10 à la convention collective sectorielle du textile, agréé par arrêté du 17 février 2009",https://www.pist.tn/jort/2009/2009A/Ja0162009.pdf
salaire_base.agents_payes_a_l_heure.categorie_2.echelon_10,2010-05-01,1.568,"Avenant n° 10 à la convention collective sectorielle du textile, agréé par arrêté du 17 février 2009",https://www.pist.tn/jort/2009/2009A/Ja0162009.pdf
salaire_base.agents_payes_a_l_heure.categorie_2.echelon_10,2011-05-01,1.645,"Avenant n° 11 à la convention collective sectorielle du textile, agréé par arrêté du 11 octobre 2011",https://www.pist.tn/jort/2011/2011A/Ja0782011.pdf
salaire_base.agents_payes_a_l_heure.categorie_2.echelon_10,2012-05-01,1.743,"Avenant n° 12 à la convention collective sectorielle du textile, agréé par arrêté du 19 février 2013",https://www.pist.tn/jort/2013/2013A/Ja0162013.pdf
salaire_base.agents_payes_a_l_heure.categorie_2.echelon_10,2014-05-01,1.846,"Avenant n° 13 à la convention collective sectorielle du textile, agréé par arrêté du 17 octobre 2014",https://www.pist.tn/jort/2014/2014A/Ja0902014.pdf
salaire_base.agents_payes_a_l_heure.categorie_2.echelon_10,2015-09-01,1.955,"Avenant n° 14 à la convention collective sectorielle du textile, agréé par arrêté du 8 avril 2016",https://www.pist.tn/jort/2016/2016A/Ja0302016.pdf
salaire_base.agents_payes_a_l_heure.categorie_2.echelon_10,2016-08-01,2.071,"Avenant n° 15 à la convention collective sectorielle du textile, agréé par arrêté du 14 août 2017",https://www.pist.tn/jort/2017/2017A/Ja0662017.pdf
salaire_base.agents_payes_a_l_heure.categorie_2.echelon_10,2018-01-01,2.193,"Avenant n° 15 à la convention collective sectorielle du textile, agréé par arrêté du 14 août 2017",https://www.pist.tn/jort/2017/2017A/Ja0662017.pdf
salaire_base.agents_payes_a_l_heure.categorie_2.echelon_10,2019-01-01,2.345,"Avenant n° 16 à la convention collective sectorielle du textile, agréé par arrêté du 21 janvier 2019",https://www.pist.tn/jort/2019/2019A/Ja0112019.pdf
salaire_base.agents_payes_a_l_heure.categorie_2.echelon_10,2020-01-01,2.508,"Avenant n° 16 à la convention collective sectorielle du textile, agréé par arrêté du 21 janvier 2019",https://www.pist.tn/jort/2019/2019A/Ja0112019.pdf
salaire_base.agents_payes_a_l_heure.categorie_2.echelon_10,2021-09-01,2.671,"Avenant n° 17 à la convention collective sectorielle du textile, agréé par arrêté du 23 juin 2022",https://www.pist.tn/jort/2022/2022A/Ja0712022.pdf
salaire_base.agents_payes_a_l_heure.categorie_2.echelon_10,2022-05-01,2.858,"Avenant n° 17 à la convention collective sectorielle du textile, agréé par arrêté du 23 juin 2022",https://www.pist.tn/jort/2022/2022A/Ja0712022.pdf
salaire_base.agents_payes_a_l_heure.categorie_2.echelon_10,2024-01-01,3.043,"Avenant n° 18 à la convention collective sectorielle du textile, agréé par arrêté du 8 avril 2024",https://www.pist.tn/jort/2024/2024A/Ja0492024.pdf
salaire_base.agents_payes_a_l_heure.categorie_2.echelon_10,2025-01-01,3.241,"Avenant n° 18 à la convention collective sectorielle du textile, agréé par arrêté du 8 avril 2024",https://www.pist.tn/jort/2024/2024A/Ja0492024.pdf
salaire_base.agents_payes_a_l_heure.categorie_2.echelon_10,2026-01-01,3.468,"Avenant n° 18 à la convention collective sectorielle du textile, agréé par arrêté du 8 avril 2024",https://www.pist.tn/jort/2024/2024A/Ja0492024.pdf
salaire_base.agents_payes_a_l_heure.categorie_2.echelon_11,1994-05-01,0.841,"Avenant n° 5 à la convention collective nationale du textile, agréé par arrêté du 22 septembre 1994",https://www.pist.tn/jort/1994/1994F/Jo07894.pdf
salaire_base.agents_payes_a_l_heure.categorie_2.echelon_11,1995-05-01,0.884,"Avenant n° 5 à la convention collective nationale du textile, agréé par arrêté du 22 septembre 1994",https://www.pist.tn/jort/1994/1994F/Jo07894.pdf
salaire_base.agents_payes_a_l_heure.categorie_2.echelon_11,1996-05-01,0.922,"Avenant n° 6 à la convention collective nationale du textile, agréé par arrêté du 24 juillet 1996",https://www.pist.tn/jort/1996/1996A/Ja06096.pdf
salaire_base.agents_payes_a_l_heure.categorie_2.echelon_11,1997-05-01,0.96,"Avenant n° 6 à la convention collective nationale du textile, agréé par arrêté du 24 juillet 1996",https://www.pist.tn/jort/1996/1996A/Ja06096.pdf
salaire_base.agents_payes_a_l_heure.categorie_2.echelon_11,1998-05-01,0.998,"Avenant n° 6 à la convention collective nationale du textile, agréé par arrêté du 24 juillet 1996",https://www.pist.tn/jort/1996/1996A/Ja06096.pdf
salaire_base.agents_payes_a_l_heure.categorie_2.echelon_11,1999-05-01,1.036,"Avenant n° 7 à la convention collective nationale du textile, agréé par arrêté du 9 juin 1999",https://www.pist.tn/jort/1999/1999A/Ja04899.pdf
salaire_base.agents_payes_a_l_heure.categorie_2.echelon_11,2000-05-01,1.074,"Avenant n° 7 à la convention collective nationale du textile, agréé par arrêté du 9 juin 1999",https://www.pist.tn/jort/1999/1999A/Ja04899.pdf
salaire_base.agents_payes_a_l_heure.categorie_2.echelon_11,2001-05-01,1.112,"Avenant n° 7 à la convention collective nationale du textile, agréé par arrêté du 9 juin 1999",https://www.pist.tn/jort/1999/1999A/Ja04899.pdf
salaire_base.agents_payes_a_l_heure.categorie_2.echelon_11,2002-05-01,1.15,"Avenant n° 8 à la convention collective nationale du textile, agréé par arrêté du 25 novembre 2002",https://www.pist.tn/jort/2002/2002A/Ja0972002.pdf
salaire_base.agents_payes_a_l_heure.categorie_2.echelon_11,2003-05-01,1.191,"Avenant n° 8 à la convention collective nationale du textile, agréé par arrêté du 25 novembre 2002",https://www.pist.tn/jort/2002/2002A/Ja0972002.pdf
salaire_base.agents_payes_a_l_heure.categorie_2.echelon_11,2004-05-01,1.237,"Avenant n° 8 à la convention collective nationale du textile, agréé par arrêté du 25 novembre 2002",https://www.pist.tn/jort/2002/2002A/Ja0972002.pdf
salaire_base.agents_payes_a_l_heure.categorie_2.echelon_11,2005-06-15,1.275,"Avenant n° 9 à la convention collective sectorielle du textile, agréé par arrêté du 17 janvier 2006",https://www.pist.tn/jort/2006/2006A/Ja0072006.pdf
salaire_base.agents_payes_a_l_heure.categorie_2.echelon_11,2006-05-01,1.318,"Avenant n° 9 à la convention collective sectorielle du textile, agréé par arrêté du 17 janvier 2006",https://www.pist.tn/jort/2006/2006A/Ja0072006.pdf
salaire_base.agents_payes_a_l_heure.categorie_2.echelon_11,2007-05-01,1.361,"Avenant n° 9 à la convention collective sectorielle du textile, agréé par arrêté du 17 janvier 2006",https://www.pist.tn/jort/2006/2006A/Ja0072006.pdf
salaire_base.agents_payes_a_l_heure.categorie_2.echelon_11,2008-05-01,1.432,"Avenant n° 10 à la convention collective sectorielle du textile, agréé par arrêté du 17 février 2009",https://www.pist.tn/jort/2009/2009A/Ja0162009.pdf
salaire_base.agents_payes_a_l_heure.categorie_2.echelon_11,2009-05-01,1.499,"Avenant n° 10 à la convention collective sectorielle du textile, agréé par arrêté du 17 février 2009",https://www.pist.tn/jort/2009/2009A/Ja0162009.pdf
salaire_base.agents_payes_a_l_heure.categorie_2.echelon_11,2010-05-01,1.575,"Avenant n° 10 à la convention collective sectorielle du textile, agréé par arrêté du 17 février 2009",https://www.pist.tn/jort/2009/2009A/Ja0162009.pdf
salaire_base.agents_payes_a_l_heure.categorie_2.echelon_11,2011-05-01,1.652,"Avenant n° 11 à la convention collective sectorielle du textile, agréé par arrêté du 11 octobre 2011",https://www.pist.tn/jort/2011/2011A/Ja0782011.pdf
salaire_base.agents_payes_a_l_heure.categorie_2.echelon_11,2012-05-01,1.75,"Avenant n° 12 à la convention collective sectorielle du textile, agréé par arrêté du 19 février 2013",https://www.pist.tn/jort/2013/2013A/Ja0162013.pdf
salaire_base.agents_payes_a_l_heure.categorie_2.echelon_11,2014-05-01,1.853,"Avenant n° 13 à la convention collective sectorielle du textile, agréé par arrêté du 17 octobre 2014",https://www.pist.tn/jort/2014/2014A/Ja0902014.pdf
salaire_base.agents_payes_a_l_heure.categorie_2.echelon_11,2015-09-01,1.962,"Avenant n° 14 à la convention collective sectorielle du textile, agréé par arrêté du 8 avril 2016",https://www.pist.tn/jort/2016/2016A/Ja0302016.pdf
salaire_base.agents_payes_a_l_heure.categorie_2.echelon_11,2016-08-01,2.078,"Avenant n° 15 à la convention collective sectorielle du textile, agréé par arrêté du 14 août 2017",https://www.pist.tn/jort/2017/2017A/Ja0662017.pdf
salaire_base.agents_payes_a_l_heure.categorie_2.echelon_11,2018-01-01,2.2,"Avenant n° 15 à la convention collective sectorielle du textile, agréé par arrêté du 14 août 2017",https://www.pist.tn/jort/2017/2017A/Ja0662017.pdf
salaire_base.agents_payes_a_l_heure.categorie_2.echelon_11,2019-01-01,2.352,"Avenant n° 16 à la convention collective sectorielle du textile, agréé par arrêté du 21 janvier 2019",https://www.pist.tn/jort/2019/2019A/Ja0112019.pdf
salaire_base.agents_payes_a_l_heure.categorie_2.echelon_11,2020-01-01,2.515,"Avenant n° 16 à la convention collective sectorielle du textile, agréé par arrêté du 21 janvier 2019",https://www.pist.tn/jort/2019/2019A/Ja0112019.pdf
salaire_base.agents_payes_a_l_heure.categorie_2.echelon_11,2021-09-01,2.678,"Avenant n° 17 à la convention collective sectorielle du textile, agréé par arrêté du 23 juin 2022",https://www.pist.tn/jort/2022/2022A/Ja0712022.pdf
salaire_base.agents_payes_a_l_heure.categorie_2.echelon_11,2022-05-01,2.866,"Avenant n° 17 à la convention collective sectorielle du textile, agréé par arrêté du 23 juin 2022",https://www.pist.tn/jort/2022/2022A/Ja0712022.pdf
salaire_base.agents_payes_a_l_heure.categorie_2.echelon_11,2024-01-01,3.052,"Avenant n° 18 à la convention collective sectorielle du textile, agréé par arrêté du 8 avril 2024",https://www.pist.tn/jort/2024/2024A/Ja0492024.pdf
salaire_base.agents_payes_a_l_heure.categorie_2.echelon_11,2025-01-01,3.25,"Avenant n° 18 à la convention collective sectorielle du textile, agréé par arrêté du 8 avril 2024",https://www.pist.tn/jort/2024/2024A/Ja0492024.pdf
salaire_base.agents_payes_a_l_heure.categorie_2.echelon_11,2026-01-01,3.478,"Avenant n° 18 à la convention collective sectorielle du textile, agréé par arrêté du 8 avril 2024",https://www.pist.tn/jort/2024/2024A/Ja0492024.pdf
salaire_base.agents_payes_a_l_heure.categorie_2.echelon_12,1994-05-01,0.848,"Avenant n° 5 à la convention collective nationale du textile, agréé par arrêté du 22 septembre 1994",https://www.pist.tn/jort/1994/1994F/Jo07894.pdf
salaire_base.agents_payes_a_l_heure.categorie_2.echelon_12,1995-05-01,0.891,"Avenant n° 5 à la convention collective nationale du textile, agréé par arrêté du 22 septembre 1994",https://www.pist.tn/jort/1994/1994F/Jo07894.pdf
salaire_base.agents_payes_a_l_heure.categorie_2.echelon_12,1996-05-01,0.929,"Avenant n° 6 à la convention collective nationale du textile, agréé par arrêté du 24 juillet 1996",https://www.pist.tn/jort/1996/1996A/Ja06096.pdf
salaire_base.agents_payes_a_l_heure.categorie_2.echelon_12,1997-05-01,0.967,"Avenant n° 6 à la convention collective nationale du textile, agréé par arrêté du 24 juillet 1996",https://www.pist.tn/jort/1996/1996A/Ja06096.pdf
salaire_base.agents_payes_a_l_heure.categorie_2.echelon_12,1998-05-01,1.005,"Avenant n° 6 à la convention collective nationale du textile, agréé par arrêté du 24 juillet 1996",https://www.pist.tn/jort/1996/1996A/Ja06096.pdf
salaire_base.agents_payes_a_l_heure.categorie_2.echelon_12,1999-05-01,1.043,"Avenant n° 7 à la convention collective nationale du textile, agréé par arrêté du 9 juin 1999",https://www.pist.tn/jort/1999/1999A/Ja04899.pdf
salaire_base.agents_payes_a_l_heure.categorie_2.echelon_12,2000-05-01,1.081,"Avenant n° 7 à la convention collective nationale du textile, agréé par arrêté du 9 juin 1999",https://www.pist.tn/jort/1999/1999A/Ja04899.pdf
salaire_base.agents_payes_a_l_heure.categorie_2.echelon_12,2001-05-01,1.119,"Avenant n° 7 à la convention collective nationale du textile, agréé par arrêté du 9 juin 1999",https://www.pist.tn/jort/1999/1999A/Ja04899.pdf
salaire_base.agents_payes_a_l_heure.categorie_2.echelon_12,2002-05-01,1.157,"Avenant n° 8 à la convention collective nationale du textile, agréé par arrêté du 25 novembre 2002",https://www.pist.tn/jort/2002/2002A/Ja0972002.pdf
salaire_base.agents_payes_a_l_heure.categorie_2.echelon_12,2003-05-01,1.198,"Avenant n° 8 à la convention collective nationale du textile, agréé par arrêté du 25 novembre 2002",https://www.pist.tn/jort/2002/2002A/Ja0972002.pdf
salaire_base.agents_payes_a_l_heure.categorie_2.echelon_12,2004-05-01,1.244,"Avenant n° 8 à la convention collective nationale du textile, agréé par arrêté du 25 novembre 2002",https://www.pist.tn/jort/2002/2002A/Ja0972002.pdf
salaire_base.agents_payes_a_l_heure.categorie_2.echelon_12,2005-06-15,1.282,"Avenant n° 9 à la convention collective sectorielle du textile, agréé par arrêté du 17 janvier 2006",https://www.pist.tn/jort/2006/2006A/Ja0072006.pdf
salaire_base.agents_payes_a_l_heure.categorie_2.echelon_12,2006-05-01,1.325,"Avenant n° 9 à la convention collective sectorielle du textile, agréé par arrêté du 17 janvier 2006",https://www.pist.tn/jort/2006/2006A/Ja0072006.pdf
salaire_base.agents_payes_a_l_heure.categorie_2.echelon_12,2007-05-01,1.368,"Avenant n° 9 à la convention collective sectorielle du textile, agréé par arrêté du 17 janvier 2006",https://www.pist.tn/jort/2006/2006A/Ja0072006.pdf
salaire_base.agents_payes_a_l_heure.categorie_2.echelon_12,2008-05-01,1.439,"Avenant n° 10 à la convention collective sectorielle du textile, agréé par arrêté du 17 février 2009",https://www.pist.tn/jort/2009/2009A/Ja0162009.pdf
salaire_base.agents_payes_a_l_heure.categorie_2.echelon_12,2009-05-01,1.506,"Avenant n° 10 à la convention collective sectorielle du textile, agréé par arrêté du 17 février 2009",https://www.pist.tn/jort/2009/2009A/Ja0162009.pdf
salaire_base.agents_payes_a_l_heure.categorie_2.echelon_12,2010-05-01,1.582,"Avenant n° 10 à la convention collective sectorielle du textile, agréé par arrêté du 17 février 2009",https://www.pist.tn/jort/2009/2009A/Ja0162009.pdf
salaire_base.agents_payes_a_l_heure.categorie_2.echelon_12,2011-05-01,1.659,"Avenant n° 11 à la convention collective sectorielle du textile, agréé par arrêté du 11 octobre 2011",https://www.pist.tn/jort/2011/2011A/Ja0782011.pdf
salaire_base.agents_payes_a_l_heure.categorie_2.echelon_12,2012-05-01,1.757,"Avenant n° 12 à la convention collective sectorielle du textile, agréé par arrêté du 19 février 2013",https://www.pist.tn/jort/2013/2013A/Ja0162013.pdf
salaire_base.agents_payes_a_l_heure.categorie_2.echelon_12,2014-05-01,1.86,"Avenant n° 13 à la convention collective sectorielle du textile, agréé par arrêté du 17 octobre 2014",https://www.pist.tn/jort/2014/2014A/Ja0902014.pdf
salaire_base.agents_payes_a_l_heure.categorie_2.echelon_12,2015-09-01,1.969,"Avenant n° 14 à la convention collective sectorielle du textile, agréé par arrêté du 8 avril 2016",https://www.pist.tn/jort/2016/2016A/Ja0302016.pdf
salaire_base.agents_payes_a_l_heure.categorie_2.echelon_12,2016-08-01,2.085,"Avenant n° 15 à la convention collective sectorielle du textile, agréé par arrêté du 14 août 2017",https://www.pist.tn/jort/2017/2017A/Ja0662017.pdf
salaire_base.agents_payes_a_l_heure.categorie_2.echelon_12,2018-01-01,2.207,"Avenant n° 15 à la convention collective sectorielle du textile, agréé par arrêté du 14 août 2017",https://www.pist.tn/jort/2017/2017A/Ja0662017.pdf
salaire_base.agents_payes_a_l_heure.categorie_2.echelon_12,2019-01-01,2.359,"Avenant n° 16 à la convention collective sectorielle du textile, agréé par arrêté du 21 janvier 2019",https://www.pist.tn/jort/2019/2019A/Ja0112019.pdf
salaire_base.agents_payes_a_l_heure.categorie_2.echelon_12,2020-01-01,2.522,"Avenant n° 16 à la convention collective sectorielle du textile, agréé par arrêté du 21 janvier 2019",https://www.pist.tn/jort/2019/2019A/Ja0112019.pdf
salaire_base.agents_payes_a_l_heure.categorie_2.echelon_12,2021-09-01,2.686,"Avenant n° 17 à la convention collective sectorielle du textile, agréé par arrêté du 23 juin 2022",https://www.pist.tn/jort/2022/2022A/Ja0712022.pdf
salaire_base.agents_payes_a_l_heure.categorie_2.echelon_12,2022-05-01,2.874,"Avenant n° 17 à la convention collective sectorielle du textile, agréé par arrêté du 23 juin 2022",https://www.pist.tn/jort/2022/2022A/Ja0712022.pdf
salaire_base.agents_payes_a_l_heure.categorie_2.echelon_12,2024-01-01,3.06,"Avenant n° 18 à la convention collective sectorielle du textile, agréé par arrêté du 8 avril 2024",https://www.pist.tn/jort/2024/2024A/Ja0492024.pdf
salaire_base.agents_payes_a_l_heure.categorie_2.echelon_12,2025-01-01,3.259,"Avenant n° 18 à la convention collective sectorielle du textile, agréé par arrêté du 8 avril 2024",https://www.pist.tn/jort/2024/2024A/Ja0492024.pdf
salaire_base.agents_payes_a_l_heure.categorie_2.echelon_12,2026-01-01,3.487,"Avenant n° 18 à la convention collective sectorielle du textile, agréé par arrêté du 8 avril 2024",https://www.pist.tn/jort/2024/2024A/Ja0492024.pdf
salaire_base.agents_payes_a_l_heure.categorie_2.echelon_13,1994-05-01,0.855,"Avenant n° 5 à la convention collective nationale du textile, agréé par arrêté du 22 septembre 1994",https://www.pist.tn/jort/1994/1994F/Jo07894.pdf
salaire_base.agents_payes_a_l_heure.categorie_2.echelon_13,1995-05-01,0.898,"Avenant n° 5 à la convention collective nationale du textile, agréé par arrêté du 22 septembre 1994",https://www.pist.tn/jort/1994/1994F/Jo07894.pdf
salaire_base.agents_payes_a_l_heure.categorie_2.echelon_13,1996-05-01,0.936,"Avenant n° 6 à la convention collective nationale du textile, agréé par arrêté du 24 juillet 1996",https://www.pist.tn/jort/1996/1996A/Ja06096.pdf
salaire_base.agents_payes_a_l_heure.categorie_2.echelon_13,1997-05-01,0.974,"Avenant n° 6 à la convention collective nationale du textile, agréé par arrêté du 24 juillet 1996",https://www.pist.tn/jort/1996/1996A/Ja06096.pdf
salaire_base.agents_payes_a_l_heure.categorie_2.echelon_13,1998-05-01,1.012,"Avenant n° 6 à la convention collective nationale du textile, agréé par arrêté du 24 juillet 1996",https://www.pist.tn/jort/1996/1996A/Ja06096.pdf
salaire_base.agents_payes_a_l_heure.categorie_2.echelon_13,1999-05-01,1.05,"Avenant n° 7 à la convention collective nationale du textile, agréé par arrêté du 9 juin 1999",https://www.pist.tn/jort/1999/1999A/Ja04899.pdf
salaire_base.agents_payes_a_l_heure.categorie_2.echelon_13,2000-05-01,1.088,"Avenant n° 7 à la convention collective nationale du textile, agréé par arrêté du 9 juin 1999",https://www.pist.tn/jort/1999/1999A/Ja04899.pdf
salaire_base.agents_payes_a_l_heure.categorie_2.echelon_13,2001-05-01,1.126,"Avenant n° 7 à la convention collective nationale du textile, agréé par arrêté du 9 juin 1999",https://www.pist.tn/jort/1999/1999A/Ja04899.pdf
salaire_base.agents_payes_a_l_heure.categorie_2.echelon_13,2002-05-01,1.164,"Avenant n° 8 à la convention collective nationale du textile, agréé par arrêté du 25 novembre 2002",https://www.pist.tn/jort/2002/2002A/Ja0972002.pdf
salaire_base.agents_payes_a_l_heure.categorie_2.echelon_13,2003-05-01,1.205,"Avenant n° 8 à la convention collective nationale du textile, agréé par arrêté du 25 novembre 2002",https://www.pist.tn/jort/2002/2002A/Ja0972002.pdf
salaire_base.agents_payes_a_l_heure.categorie_2.echelon_13,2004-05-01,1.251,"Avenant n° 8 à la convention collective nationale du textile, agréé par arrêté du 25 novembre 2002",https://www.pist.tn/jort/2002/2002A/Ja0972002.pdf
salaire_base.agents_payes_a_l_heure.categorie_2.echelon_13,2005-06-15,1.289,"Avenant n° 9 à la convention collective sectorielle du textile, agréé par arrêté du 17 janvier 2006",https://www.pist.tn/jort/2006/2006A/Ja0072006.pdf
salaire_base.agents_payes_a_l_heure.categorie_2.echelon_13,2006-05-01,1.332,"Avenant n° 9 à la convention collective sectorielle du textile, agréé par arrêté du 17 janvier 2006",https://www.pist.tn/jort/2006/2006A/Ja0072006.pdf
salaire_base.agents_payes_a_l_heure.categorie_2.echelon_13,2007-05-01,1.375,"Avenant n° 9 à la convention collective sectorielle du textile, agréé par arrêté du 17 janvier 2006",https://www.pist.tn/jort/2006/2006A/Ja0072006.pdf
salaire_base.agents_payes_a_l_heure.categorie_2.echelon_13,2008-05-01,1.446,"Avenant n° 10 à la convention collective sectorielle du textile, agréé par arrêté du 17 février 2009",https://www.pist.tn/jort/2009/2009A/Ja0162009.pdf
salaire_base.agents_payes_a_l_heure.categorie_2.echelon_13,2009-05-01,1.513,"Avenant n° 10 à la convention collective sectorielle du textile, agréé par arrêté du 17 février 2009",https://www.pist.tn/jort/2009/2009A/Ja0162009.pdf
salaire_base.agents_payes_a_l_heure.categorie_2.echelon_13,2010-05-01,1.589,"Avenant n° 10 à la convention collective sectorielle du textile, agréé par arrêté du 17 février 2009",https://www.pist.tn/jort/2009/2009A/Ja0162009.pdf
salaire_base.agents_payes_a_l_heure.categorie_2.echelon_13,2011-05-01,1.666,"Avenant n° 11 à la convention collective sectorielle du textile, agréé par arrêté du 11 octobre 2011",https://www.pist.tn/jort/2011/2011A/Ja0782011.pdf
salaire_base.agents_payes_a_l_heure.categorie_2.echelon_13,2012-05-01,1.764,"Avenant n° 12 à la convention collective sectorielle du textile, agréé par arrêté du 19 février 2013",https://www.pist.tn/jort/2013/2013A/Ja0162013.pdf
salaire_base.agents_payes_a_l_heure.categorie_2.echelon_13,2014-05-01,1.867,"Avenant n° 13 à la convention collective sectorielle du textile, agréé par arrêté du 17 octobre 2014",https://www.pist.tn/jort/2014/2014A/Ja0902014.pdf
salaire_base.agents_payes_a_l_heure.categorie_2.echelon_13,2015-09-01,1.976,"Avenant n° 14 à la convention collective sectorielle du textile, agréé par arrêté du 8 avril 2016",https://www.pist.tn/jort/2016/2016A/Ja0302016.pdf
salaire_base.agents_payes_a_l_heure.categorie_2.echelon_13,2016-08-01,2.092,"Avenant n° 15 à la convention collective sectorielle du textile, agréé par arrêté du 14 août 2017",https://www.pist.tn/jort/2017/2017A/Ja0662017.pdf
salaire_base.agents_payes_a_l_heure.categorie_2.echelon_13,2018-01-01,2.214,"Avenant n° 15 à la convention collective sectorielle du textile, agréé par arrêté du 14 août 2017",https://www.pist.tn/jort/2017/2017A/Ja0662017.pdf
salaire_base.agents_payes_a_l_heure.categorie_2.echelon_13,2019-01-01,2.366,"Avenant n° 16 à la convention collective sectorielle du textile, agréé par arrêté du 21 janvier 2019",https://www.pist.tn/jort/2019/2019A/Ja0112019.pdf
salaire_base.agents_payes_a_l_heure.categorie_2.echelon_13,2020-01-01,2.529,"Avenant n° 16 à la convention collective sectorielle du textile, agréé par arrêté du 21 janvier 2019",https://www.pist.tn/jort/2019/2019A/Ja0112019.pdf
salaire_base.agents_payes_a_l_heure.categorie_2.echelon_13,2021-09-01,2.693,"Avenant n° 17 à la convention collective sectorielle du textile, agréé par arrêté du 23 juin 2022",https://www.pist.tn/jort/2022/2022A/Ja0712022.pdf
salaire_base.agents_payes_a_l_heure.categorie_2.echelon_13,2022-05-01,2.882,"Avenant n° 17 à la convention collective sectorielle du textile, agréé par arrêté du 23 juin 2022",https://www.pist.tn/jort/2022/2022A/Ja0712022.pdf
salaire_base.agents_payes_a_l_heure.categorie_2.echelon_13,2024-01-01,3.069,"Avenant n° 18 à la convention collective sectorielle du textile, agréé par arrêté du 8 avril 2024",https://www.pist.tn/jort/2024/2024A/Ja0492024.pdf
salaire_base.agents_payes_a_l_heure.categorie_2.echelon_13,2025-01-01,3.268,"Avenant n° 18 à la convention collective sectorielle du textile, agréé par arrêté du 8 avril 2024",https://www.pist.tn/jort/2024/2024A/Ja0492024.pdf
salaire_base.agents_payes_a_l_heure.categorie_2.echelon_13,2026-01-01,3.497,"Avenant n° 18 à la convention collective sectorielle du textile, agréé par arrêté du 8 avril 2024",https://www.pist.tn/jort/2024/2024A/Ja0492024.pdf
salaire_base.agents_payes_a_l_heure.categorie_2.echelon_14,1994-05-01,0.862,"Avenant n° 5 à la convention collective nationale du textile, agréé par arrêté du 22 septembre 1994",https://www.pist.tn/jort/1994/1994F/Jo07894.pdf
salaire_base.agents_payes_a_l_heure.categorie_2.echelon_14,1995-05-01,0.905,"Avenant n° 5 à la convention collective nationale du textile, agréé par arrêté du 22 septembre 1994",https://www.pist.tn/jort/1994/1994F/Jo07894.pdf
salaire_base.agents_payes_a_l_heure.categorie_2.echelon_14,1996-05-01,0.943,"Avenant n° 6 à la convention collective nationale du textile, agréé par arrêté du 24 juillet 1996",https://www.pist.tn/jort/1996/1996A/Ja06096.pdf
salaire_base.agents_payes_a_l_heure.categorie_2.echelon_14,1997-05-01,0.981,"Avenant n° 6 à la convention collective nationale du textile, agréé par arrêté du 24 juillet 1996",https://www.pist.tn/jort/1996/1996A/Ja06096.pdf
salaire_base.agents_payes_a_l_heure.categorie_2.echelon_14,1998-05-01,1.019,"Avenant n° 6 à la convention collective nationale du textile, agréé par arrêté du 24 juillet 1996",https://www.pist.tn/jort/1996/1996A/Ja06096.pdf
salaire_base.agents_payes_a_l_heure.categorie_2.echelon_14,1999-05-01,1.057,"Avenant n° 7 à la convention collective nationale du textile, agréé par arrêté du 9 juin 1999",https://www.pist.tn/jort/1999/1999A/Ja04899.pdf
salaire_base.agents_payes_a_l_heure.categorie_2.echelon_14,2000-05-01,1.095,"Avenant n° 7 à la convention collective nationale du textile, agréé par arrêté du 9 juin 1999",https://www.pist.tn/jort/1999/1999A/Ja04899.pdf
salaire_base.agents_payes_a_l_heure.categorie_2.echelon_14,2001-05-01,1.133,"Avenant n° 7 à la convention collective nationale du textile, agréé par arrêté du 9 juin 1999",https://www.pist.tn/jort/1999/1999A/Ja04899.pdf
salaire_base.agents_payes_a_l_heure.categorie_2.echelon_14,2002-05-01,1.171,"Avenant n° 8 à la convention collective nationale du textile, agréé par arrêté du 25 novembre 2002",https://www.pist.tn/jort/2002/2002A/Ja0972002.pdf
salaire_base.agents_payes_a_l_heure.categorie_2.echelon_14,2003-05-01,1.212,"Avenant n° 8 à la convention collective nationale du textile, agréé par arrêté du 25 novembre 2002",https://www.pist.tn/jort/2002/2002A/Ja0972002.pdf
salaire_base.agents_payes_a_l_heure.categorie_2.echelon_14,2004-05-01,1.258,"Avenant n° 8 à la convention collective nationale du textile, agréé par arrêté du 25 novembre 2002",https://www.pist.tn/jort/2002/2002A/Ja0972002.pdf
salaire_base.agents_payes_a_l_heure.categorie_2.echelon_14,2005-06-15,1.296,"Avenant n° 9 à la convention collective sectorielle du textile, agréé par arrêté du 17 janvier 2006",https://www.pist.tn/jort/2006/2006A/Ja0072006.pdf
salaire_base.agents_payes_a_l_heure.categorie_2.echelon_14,2006-05-01,1.339,"Avenant n° 9 à la convention collective sectorielle du textile, agréé par arrêté du 17 janvier 2006",https://www.pist.tn/jort/2006/2006A/Ja0072006.pdf
salaire_base.agents_payes_a_l_heure.categorie_2.echelon_14,2007-05-01,1.382,"Avenant n° 9 à la convention collective sectorielle du textile, agréé par arrêté du 17 janvier 2006",https://www.pist.tn/jort/2006/2006A/Ja0072006.pdf
salaire_base.agents_payes_a_l_heure.categorie_2.echelon_14,2008-05-01,1.453,"Avenant n° 10 à la convention collective sectorielle du textile, agréé par arrêté du 17 février 2009",https://www.pist.tn/jort/2009/2009A/Ja0162009.pdf
salaire_base.agents_payes_a_l_heure.categorie_2.echelon_14,2009-05-01,1.52,"Avenant n° 10 à la convention collective sectorielle du textile, agréé par arrêté du 17 février 2009",https://www.pist.tn/jort/2009/2009A/Ja0162009.pdf
salaire_base.agents_payes_a_l_heure.categorie_2.echelon_14,2010-05-01,1.596,"Avenant n° 10 à la convention collective sectorielle du textile, agréé par arrêté du 17 février 2009",https://www.pist.tn/jort/2009/2009A/Ja0162009.pdf
salaire_base.agents_payes_a_l_heure.categorie_2.echelon_14,2011-05-01,1.673,"Avenant n° 11 à la convention collective sectorielle du textile, agréé par arrêté du 11 octobre 2011",https://www.pist.tn/jort/2011/2011A/Ja0782011.pdf
salaire_base.agents_payes_a_l_heure.categorie_2.echelon_14,2012-05-01,1.771,"Avenant n° 12 à la convention collective sectorielle du textile, agréé par arrêté du 19 février 2013",https://www.pist.tn/jort/2013/2013A/Ja0162013.pdf
salaire_base.agents_payes_a_l_heure.categorie_2.echelon_14,2014-05-01,1.874,"Avenant n° 13 à la convention collective sectorielle du textile, agréé par arrêté du 17 octobre 2014",https://www.pist.tn/jort/2014/2014A/Ja0902014.pdf
salaire_base.agents_payes_a_l_heure.categorie_2.echelon_14,2015-09-01,1.983,"Avenant n° 14 à la convention collective sectorielle du textile, agréé par arrêté du 8 avril 2016",https://www.pist.tn/jort/2016/2016A/Ja0302016.pdf
salaire_base.agents_payes_a_l_heure.categorie_2.echelon_14,2016-08-01,2.099,"Avenant n° 15 à la convention collective sectorielle du textile, agréé par arrêté du 14 août 2017",https://www.pist.tn/jort/2017/2017A/Ja0662017.pdf
salaire_base.agents_payes_a_l_heure.categorie_2.echelon_14,2018-01-01,2.221,"Avenant n° 15 à la convention collective sectorielle du textile, agréé par arrêté du 14 août 2017",https://www.pist.tn/jort/2017/2017A/Ja0662017.pdf
salaire_base.agents_payes_a_l_heure.categorie_2.echelon_14,2019-01-01,2.373,"Avenant n° 16 à la convention collective sectorielle du textile, agréé par arrêté du 21 janvier 2019",https://www.pist.tn/jort/2019/2019A/Ja0112019.pdf
salaire_base.agents_payes_a_l_heure.categorie_2.echelon_14,2020-01-01,2.536,"Avenant n° 16 à la convention collective sectorielle du textile, agréé par arrêté du 21 janvier 2019",https://www.pist.tn/jort/2019/2019A/Ja0112019.pdf
salaire_base.agents_payes_a_l_heure.categorie_2.echelon_14,2021-09-01,2.7,"Avenant n° 17 à la convention collective sectorielle du textile, agréé par arrêté du 23 juin 2022",https://www.pist.tn/jort/2022/2022A/Ja0712022.pdf
salaire_base.agents_payes_a_l_heure.categorie_2.echelon_14,2022-05-01,2.889,"Avenant n° 17 à la convention collective sectorielle du textile, agréé par arrêté du 23 juin 2022",https://www.pist.tn/jort/2022/2022A/Ja0712022.pdf
salaire_base.agents_payes_a_l_heure.categorie_2.echelon_14,2024-01-01,3.077,"Avenant n° 18 à la convention collective sectorielle du textile, agréé par arrêté du 8 avril 2024",https://www.pist.tn/jort/2024/2024A/Ja0492024.pdf
salaire_base.agents_payes_a_l_heure.categorie_2.echelon_14,2025-01-01,3.277,"Avenant n° 18 à la convention collective sectorielle du textile, agréé par arrêté du 8 avril 2024",https://www.pist.tn/jort/2024/2024A/Ja0492024.pdf
salaire_base.agents_payes_a_l_heure.categorie_2.echelon_14,2026-01-01,3.507,"Avenant n° 18 à la convention collective sectorielle du textile, agréé par arrêté du 8 avril 2024",https://www.pist.tn/jort/2024/2024A/Ja0492024.pdf
salaire_base.agents_payes_a_l_heure.categorie_2.echelon_15,1994-05-01,0.869,"Avenant n° 5 à la convention collective nationale du textile, agréé par arrêté du 22 septembre 1994",https://www.pist.tn/jort/1994/1994F/Jo07894.pdf
salaire_base.agents_payes_a_l_heure.categorie_2.echelon_15,1995-05-01,0.912,"Avenant n° 5 à la convention collective nationale du textile, agréé par arrêté du 22 septembre 1994",https://www.pist.tn/jort/1994/1994F/Jo07894.pdf
salaire_base.agents_payes_a_l_heure.categorie_2.echelon_15,1996-05-01,0.95,"Avenant n° 6 à la convention collective nationale du textile, agréé par arrêté du 24 juillet 1996",https://www.pist.tn/jort/1996/1996A/Ja06096.pdf
salaire_base.agents_payes_a_l_heure.categorie_2.echelon_15,1997-05-01,0.988,"Avenant n° 6 à la convention collective nationale du textile, agréé par arrêté du 24 juillet 1996",https://www.pist.tn/jort/1996/1996A/Ja06096.pdf
salaire_base.agents_payes_a_l_heure.categorie_2.echelon_15,1998-05-01,1.026,"Avenant n° 6 à la convention collective nationale du textile, agréé par arrêté du 24 juillet 1996",https://www.pist.tn/jort/1996/1996A/Ja06096.pdf
salaire_base.agents_payes_a_l_heure.categorie_2.echelon_15,1999-05-01,1.064,"Avenant n° 7 à la convention collective nationale du textile, agréé par arrêté du 9 juin 1999",https://www.pist.tn/jort/1999/1999A/Ja04899.pdf
salaire_base.agents_payes_a_l_heure.categorie_2.echelon_15,2000-05-01,1.102,"Avenant n° 7 à la convention collective nationale du textile, agréé par arrêté du 9 juin 1999",https://www.pist.tn/jort/1999/1999A/Ja04899.pdf
salaire_base.agents_payes_a_l_heure.categorie_2.echelon_15,2001-05-01,1.14,"Avenant n° 7 à la convention collective nationale du textile, agréé par arrêté du 9 juin 1999",https://www.pist.tn/jort/1999/1999A/Ja04899.pdf
salaire_base.agents_payes_a_l_heure.categorie_2.echelon_15,2002-05-01,1.178,"Avenant n° 8 à la convention collective nationale du textile, agréé par arrêté du 25 novembre 2002",https://www.pist.tn/jort/2002/2002A/Ja0972002.pdf
salaire_base.agents_payes_a_l_heure.categorie_2.echelon_15,2003-05-01,1.219,"Avenant n° 8 à la convention collective nationale du textile, agréé par arrêté du 25 novembre 2002",https://www.pist.tn/jort/2002/2002A/Ja0972002.pdf
salaire_base.agents_payes_a_l_heure.categorie_2.echelon_15,2004-05-01,1.265,"Avenant n° 8 à la convention collective nationale du textile, agréé par arrêté du 25 novembre 2002",https://www.pist.tn/jort/2002/2002A/Ja0972002.pdf
salaire_base.agents_payes_a_l_heure.categorie_2.echelon_15,2005-06-15,1.303,"Avenant n° 9 à la convention collective sectorielle du textile, agréé par arrêté du 17 janvier 2006",https://www.pist.tn/jort/2006/2006A/Ja0072006.pdf
salaire_base.agents_payes_a_l_heure.categorie_2.echelon_15,2006-05-01,1.346,"Avenant n° 9 à la convention collective sectorielle du textile, agréé par arrêté du 17 janvier 2006",https://www.pist.tn/jort/2006/2006A/Ja0072006.pdf
salaire_base.agents_payes_a_l_heure.categorie_2.echelon_15,2007-05-01,1.389,"Avenant n° 9 à la convention collective sectorielle du textile, agréé par arrêté du 17 janvier 2006",https://www.pist.tn/jort/2006/2006A/Ja0072006.pdf
salaire_base.agents_payes_a_l_heure.categorie_2.echelon_15,2008-05-01,1.46,"Avenant n° 10 à la convention collective sectorielle du textile, agréé par arrêté du 17 février 2009",https://www.pist.tn/jort/2009/2009A/Ja0162009.pdf
salaire_base.agents_payes_a_l_heure.categorie_2.echelon_15,2009-05-01,1.527,"Avenant n° 10 à la convention collective sectorielle du textile, agréé par arrêté du 17 février 2009",https://www.pist.tn/jort/2009/2009A/Ja0162009.pdf
salaire_base.agents_payes_a_l_heure.categorie_2.echelon_15,2010-05-01,1.603,"Avenant n° 10 à la convention collective sectorielle du textile, agréé par arrêté du 17 février 2009",https://www.pist.tn/jort/2009/2009A/Ja0162009.pdf
salaire_base.agents_payes_a_l_heure.categorie_2.echelon_15,2011-05-01,1.68,"Avenant n° 11 à la convention collective sectorielle du textile, agréé par arrêté du 11 octobre 2011",https://www.pist.tn/jort/2011/2011A/Ja0782011.pdf
salaire_base.agents_payes_a_l_heure.categorie_2.echelon_15,2012-05-01,1.778,"Avenant n° 12 à la convention collective sectorielle du textile, agréé par arrêté du 19 février 2013",https://www.pist.tn/jort/2013/2013A/Ja0162013.pdf
salaire_base.agents_payes_a_l_heure.categorie_2.echelon_15,2014-05-01,1.881,"Avenant n° 13 à la convention collective sectorielle du textile, agréé par arrêté du 17 octobre 2014",https://www.pist.tn/jort/2014/2014A/Ja0902014.pdf
salaire_base.agents_payes_a_l_heure.categorie_2.echelon_15,2015-09-01,1.99,"Avenant n° 14 à la convention collective sectorielle du textile, agréé par arrêté du 8 avril 2016",https://www.pist.tn/jort/2016/2016A/Ja0302016.pdf
salaire_base.agents_payes_a_l_heure.categorie_2.echelon_15,2016-08-01,2.106,"Avenant n° 15 à la convention collective sectorielle du textile, agréé par arrêté du 14 août 2017",https://www.pist.tn/jort/2017/2017A/Ja0662017.pdf
salaire_base.agents_payes_a_l_heure.categorie_2.echelon_15,2018-01-01,2.228,"Avenant n° 15 à la convention collective sectorielle du textile, agréé par arrêté du 14 août 2017",https://www.pist.tn/jort/2017/2017A/Ja0662017.pdf
salaire_base.agents_payes_a_l_heure.categorie_2.echelon_15,2019-01-01,2.38,"Avenant n° 16 à la convention collective sectorielle du textile, agréé par arrêté du 21 janvier 2019",https://www.pist.tn/jort/2019/2019A/Ja0112019.pdf
salaire_base.agents_payes_a_l_heure.categorie_2.echelon_15,2020-01-01,2.543,"Avenant n° 16 à la convention collective sectorielle du textile, agréé par arrêté du 21 janvier 2019",https://www.pist.tn/jort/2019/2019A/Ja0112019.pdf
salaire_base.agents_payes_a_l_heure.categorie_2.echelon_15,2021-09-01,2.708,"Avenant n° 17 à la convention collective sectorielle du textile, agréé par arrêté du 23 juin 2022",https://www.pist.tn/jort/2022/2022A/Ja0712022.pdf
salaire_base.agents_payes_a_l_heure.categorie_2.echelon_15,2022-05-01,2.897,"Avenant n° 17 à la convention collective sectorielle du textile, agréé par arrêté du 23 juin 2022",https://www.pist.tn/jort/2022/2022A/Ja0712022.pdf
salaire_base.agents_payes_a_l_heure.categorie_2.echelon_15,2024-01-01,3.086,"Avenant n° 18 à la convention collective sectorielle du textile, agréé par arrêté du 8 avril 2024",https://www.pist.tn/jort/2024/2024A/Ja0492024.pdf
salaire_base.agents_payes_a_l_heure.categorie_2.echelon_15,2025-01-01,3.286,"Avenant n° 18 à la convention collective sectorielle du textile, agréé par arrêté du 8 avril 2024",https://www.pist.tn/jort/2024/2024A/Ja0492024.pdf
salaire_base.agents_payes_a_l_heure.categorie_2.echelon_15,2026-01-01,3.516,"Avenant n° 18 à la convention collective sectorielle du textile, agréé par arrêté du 8 avril 2024",https://www.pist.tn/jort/2024/2024A/Ja0492024.pdf
salaire_base.agents_payes_a_l_heure.categorie_2.echelon_16,1994-05-01,0.876,"Avenant n° 5 à la convention collective nationale du textile, agréé par arrêté du 22 septembre 1994",https://www.pist.tn/jort/1994/1994F/Jo07894.pdf
salaire_base.agents_payes_a_l_heure.categorie_2.echelon_16,1995-05-01,0.919,"Avenant n° 5 à la convention collective nationale du textile, agréé par arrêté du 22 septembre 1994",https://www.pist.tn/jort/1994/1994F/Jo07894.pdf
salaire_base.agents_payes_a_l_heure.categorie_2.echelon_16,1996-05-01,0.957,"Avenant n° 6 à la convention collective nationale du textile, agréé par arrêté du 24 juillet 1996",https://www.pist.tn/jort/1996/1996A/Ja06096.pdf
salaire_base.agents_payes_a_l_heure.categorie_2.echelon_16,1997-05-01,0.995,"Avenant n° 6 à la convention collective nationale du textile, agréé par arrêté du 24 juillet 1996",https://www.pist.tn/jort/1996/1996A/Ja06096.pdf
salaire_base.agents_payes_a_l_heure.categorie_2.echelon_16,1998-05-01,1.033,"Avenant n° 6 à la convention collective nationale du textile, agréé par arrêté du 24 juillet 1996",https://www.pist.tn/jort/1996/1996A/Ja06096.pdf
salaire_base.agents_payes_a_l_heure.categorie_2.echelon_16,1999-05-01,1.071,"Avenant n° 7 à la convention collective nationale du textile, agréé par arrêté du 9 juin 1999",https://www.pist.tn/jort/1999/1999A/Ja04899.pdf
salaire_base.agents_payes_a_l_heure.categorie_2.echelon_16,2000-05-01,1.109,"Avenant n° 7 à la convention collective nationale du textile, agréé par arrêté du 9 juin 1999",https://www.pist.tn/jort/1999/1999A/Ja04899.pdf
salaire_base.agents_payes_a_l_heure.categorie_2.echelon_16,2001-05-01,1.147,"Avenant n° 7 à la convention collective nationale du textile, agréé par arrêté du 9 juin 1999",https://www.pist.tn/jort/1999/1999A/Ja04899.pdf
salaire_base.agents_payes_a_l_heure.categorie_2.echelon_16,2002-05-01,1.185,"Avenant n° 8 à la convention collective nationale du textile, agréé par arrêté du 25 novembre 2002",https://www.pist.tn/jort/2002/2002A/Ja0972002.pdf
salaire_base.agents_payes_a_l_heure.categorie_2.echelon_16,2003-05-01,1.226,"Avenant n° 8 à la convention collective nationale du textile, agréé par arrêté du 25 novembre 2002",https://www.pist.tn/jort/2002/2002A/Ja0972002.pdf
salaire_base.agents_payes_a_l_heure.categorie_2.echelon_16,2004-05-01,1.272,"Avenant n° 8 à la convention collective nationale du textile, agréé par arrêté du 25 novembre 2002",https://www.pist.tn/jort/2002/2002A/Ja0972002.pdf
salaire_base.agents_payes_a_l_heure.categorie_2.echelon_16,2005-06-15,1.31,"Avenant n° 9 à la convention collective sectorielle du textile, agréé par arrêté du 17 janvier 2006",https://www.pist.tn/jort/2006/2006A/Ja0072006.pdf
salaire_base.agents_payes_a_l_heure.categorie_2.echelon_16,2006-05-01,1.353,"Avenant n° 9 à la convention collective sectorielle du textile, agréé par arrêté du 17 janvier 2006",https://www.pist.tn/jort/2006/2006A/Ja0072006.pdf
salaire_base.agents_payes_a_l_heure.categorie_2.echelon_16,2007-05-01,1.396,"Avenant n° 9 à la convention collective sectorielle du textile, agréé par arrêté du 17 janvier 2006",https://www.pist.tn/jort/2006/2006A/Ja0072006.pdf
salaire_base.agents_payes_a_l_heure.categorie_2.echelon_16,2008-05-01,1.465,"Avenant n° 10 à la convention collective sectorielle du textile, agréé par arrêté du 17 février 2009",https://www.pist.tn/jort/2009/2009A/Ja0162009.pdf
salaire_base.agents_payes_a_l_heure.categorie_2.echelon_16,2009-05-01,1.532,"Avenant n° 10 à la convention collective sectorielle du textile, agréé par arrêté du 17 février 2009",https://www.pist.tn/jort/2009/2009A/Ja0162009.pdf
salaire_base.agents_payes_a_l_heure.categorie_2.echelon_16,2010-05-01,1.607,"Avenant n° 10 à la convention collective sectorielle du textile, agréé par arrêté du 17 février 2009",https://www.pist.tn/jort/2009/2009A/Ja0162009.pdf
salaire_base.agents_payes_a_l_heure.categorie_2.echelon_16,2011-05-01,1.684,"Avenant n° 11 à la convention collective sectorielle du textile, agréé par arrêté du 11 octobre 2011",https://www.pist.tn/jort/2011/2011A/Ja0782011.pdf
salaire_base.agents_payes_a_l_heure.categorie_2.echelon_16,2012-05-01,1.782,"Avenant n° 12 à la convention collective sectorielle du textile, agréé par arrêté du 19 février 2013",https://www.pist.tn/jort/2013/2013A/Ja0162013.pdf
salaire_base.agents_payes_a_l_heure.categorie_2.echelon_16,2014-05-01,1.885,"Avenant n° 13 à la convention collective sectorielle du textile, agréé par arrêté du 17 octobre 2014",https://www.pist.tn/jort/2014/2014A/Ja0902014.pdf
salaire_base.agents_payes_a_l_heure.categorie_2.echelon_16,2015-09-01,1.994,"Avenant n° 14 à la convention collective sectorielle du textile, agréé par arrêté du 8 avril 2016",https://www.pist.tn/jort/2016/2016A/Ja0302016.pdf
salaire_base.agents_payes_a_l_heure.categorie_2.echelon_16,2016-08-01,2.11,"Avenant n° 15 à la convention collective sectorielle du textile, agréé par arrêté du 14 août 2017",https://www.pist.tn/jort/2017/2017A/Ja0662017.pdf
salaire_base.agents_payes_a_l_heure.categorie_2.echelon_16,2018-01-01,2.232,"Avenant n° 15 à la convention collective sectorielle du textile, agréé par arrêté du 14 août 2017",https://www.pist.tn/jort/2017/2017A/Ja0662017.pdf
salaire_base.agents_payes_a_l_heure.categorie_2.echelon_16,2019-01-01,2.384,"Avenant n° 16 à la convention collective sectorielle du textile, agréé par arrêté du 21 janvier 2019",https://www.pist.tn/jort/2019/2019A/Ja0112019.pdf
salaire_base.agents_payes_a_l_heure.categorie_2.echelon_16,2020-01-01,2.547,"Avenant n° 16 à la convention collective sectorielle du textile, agréé par arrêté du 21 janvier 2019",https://www.pist.tn/jort/2019/2019A/Ja0112019.pdf
salaire_base.agents_payes_a_l_heure.categorie_2.echelon_16,2021-09-01,2.712,"Avenant n° 17 à la convention collective sectorielle du textile, agréé par arrêté du 23 juin 2022",https://www.pist.tn/jort/2022/2022A/Ja0712022.pdf
salaire_base.agents_payes_a_l_heure.categorie_2.echelon_16,2022-05-01,2.902,"Avenant n° 17 à la convention collective sectorielle du textile, agréé par arrêté du 23 juin 2022",https://www.pist.tn/jort/2022/2022A/Ja0712022.pdf
salaire_base.agents_payes_a_l_heure.categorie_2.echelon_16,2024-01-01,3.091,"Avenant n° 18 à la convention collective sectorielle du textile, agréé par arrêté du 8 avril 2024",https://www.pist.tn/jort/2024/2024A/Ja0492024.pdf
salaire_base.agents_payes_a_l_heure.categorie_2.echelon_16,2025-01-01,3.292,"Avenant n° 18 à la convention collective sectorielle du textile, agréé par arrêté du 8 avril 2024",https://www.pist.tn/jort/2024/2024A/Ja0492024.pdf
salaire_base.agents_payes_a_l_heure.categorie_2.echelon_16,2026-01-01,3.522,"Avenant n° 18 à la convention collective sectorielle du textile, agréé par arrêté du 8 avril 2024",https://www.pist.tn/jort/2024/2024A/Ja0492024.pdf
salaire_base.agents_payes_a_l_heure.categorie_2.echelon_17,1999-05-01,1.075,"Avenant n° 7 à la convention collective nationale du textile, agréé par arrêté du 9 juin 1999",https://www.pist.tn/jort/1999/1999A/Ja04899.pdf
salaire_base.agents_payes_a_l_heure.categorie_2.echelon_17,2000-05-01,1.113,"Avenant n° 7 à la convention collective nationale du textile, agréé par arrêté du 9 juin 1999",https://www.pist.tn/jort/1999/1999A/Ja04899.pdf
salaire_base.agents_payes_a_l_heure.categorie_2.echelon_17,2001-05-01,1.151,"Avenant n° 7 à la convention collective nationale du textile, agréé par arrêté du 9 juin 1999",https://www.pist.tn/jort/1999/1999A/Ja04899.pdf
salaire_base.agents_payes_a_l_heure.categorie_2.echelon_17,2002-05-01,1.189,"Avenant n° 8 à la convention collective nationale du textile, agréé par arrêté du 25 novembre 2002",https://www.pist.tn/jort/2002/2002A/Ja0972002.pdf
salaire_base.agents_payes_a_l_heure.categorie_2.echelon_17,2003-05-01,1.23,"Avenant n° 8 à la convention collective nationale du textile, agréé par arrêté du 25 novembre 2002",https://www.pist.tn/jort/2002/2002A/Ja0972002.pdf
salaire_base.agents_payes_a_l_heure.categorie_2.echelon_17,2004-05-01,1.276,"Avenant n° 8 à la convention collective nationale du textile, agréé par arrêté du 25 novembre 2002",https://www.pist.tn/jort/2002/2002A/Ja0972002.pdf
salaire_base.agents_payes_a_l_heure.categorie_2.echelon_17,2005-06-15,1.314,"Avenant n° 9 à la convention collective sectorielle du textile, agréé par arrêté du 17 janvier 2006",https://www.pist.tn/jort/2006/2006A/Ja0072006.pdf
salaire_base.agents_payes_a_l_heure.categorie_2.echelon_17,2006-05-01,1.357,"Avenant n° 9 à la convention collective sectorielle du textile, agréé par arrêté du 17 janvier 2006",https://www.pist.tn/jort/2006/2006A/Ja0072006.pdf
salaire_base.agents_payes_a_l_heure.categorie_2.echelon_17,2007-05-01,1.4,"Avenant n° 9 à la convention collective sectorielle du textile, agréé par arrêté du 17 janvier 2006",https://www.pist.tn/jort/2006/2006A/Ja0072006.pdf
salaire_base.agents_payes_a_l_heure.categorie_2.echelon_17,2008-05-01,1.469,"Avenant n° 10 à la convention collective sectorielle du textile, agréé par arrêté du 17 février 2009",https://www.pist.tn/jort/2009/2009A/Ja0162009.pdf
salaire_base.agents_payes_a_l_heure.categorie_2.echelon_17,2009-05-01,1.536,"Avenant n° 10 à la convention collective sectorielle du textile, agréé par arrêté du 17 février 2009",https://www.pist.tn/jort/2009/2009A/Ja0162009.pdf
salaire_base.agents_payes_a_l_heure.categorie_2.echelon_17,2010-05-01,1.611,"Avenant n° 10 à la convention collective sectorielle du textile, agréé par arrêté du 17 février 2009",https://www.pist.tn/jort/2009/2009A/Ja0162009.pdf
salaire_base.agents_payes_a_l_heure.categorie_2.echelon_17,2011-05-01,1.688,"Avenant n° 11 à la convention collective sectorielle du textile, agréé par arrêté du 11 octobre 2011",https://www.pist.tn/jort/2011/2011A/Ja0782011.pdf
salaire_base.agents_payes_a_l_heure.categorie_2.echelon_17,2012-05-01,1.786,"Avenant n° 12 à la convention collective sectorielle du textile, agréé par arrêté du 19 février 2013",https://www.pist.tn/jort/2013/2013A/Ja0162013.pdf
salaire_base.agents_payes_a_l_heure.categorie_2.echelon_17,2014-05-01,1.889,"Avenant n° 13 à la convention collective sectorielle du textile, agréé par arrêté du 17 octobre 2014",https://www.pist.tn/jort/2014/2014A/Ja0902014.pdf
salaire_base.agents_payes_a_l_heure.categorie_2.echelon_17,2015-09-01,1.998,"Avenant n° 14 à la convention collective sectorielle du textile, agréé par arrêté du 8 avril 2016",https://www.pist.tn/jort/2016/2016A/Ja0302016.pdf
salaire_base.agents_payes_a_l_heure.categorie_2.echelon_17,2016-08-01,2.114,"Avenant n° 15 à la convention collective sectorielle du textile, agréé par arrêté du 14 août 2017",https://www.pist.tn/jort/2017/2017A/Ja0662017.pdf
salaire_base.agents_payes_a_l_heure.categorie_2.echelon_17,2018-01-01,2.236,"Avenant n° 15 à la convention collective sectorielle du textile, agréé par arrêté du 14 août 2017",https://www.pist.tn/jort/2017/2017A/Ja0662017.pdf
salaire_base.agents_payes_a_l_heure.categorie_2.echelon_17,2019-01-01,2.388,"Avenant n° 16 à la convention collective sectorielle du textile, agréé par arrêté du 21 janvier 2019",https://www.pist.tn/jort/2019/2019A/Ja0112019.pdf
salaire_base.agents_payes_a_l_heure.categorie_2.echelon_17,2020-01-01,2.551,"Avenant n° 16 à la convention collective sectorielle du textile, agréé par arrêté du 21 janvier 2019",https://www.pist.tn/jort/2019/2019A/Ja0112019.pdf
salaire_base.agents_payes_a_l_heure.categorie_2.echelon_17,2021-09-01,2.716,"Avenant n° 17 à la convention collective sectorielle du textile, agréé par arrêté du 23 juin 2022",https://www.pist.tn/jort/2022/2022A/Ja0712022.pdf
salaire_base.agents_payes_a_l_heure.categorie_2.echelon_17,2022-05-01,2.907,"Avenant n° 17 à la convention collective sectorielle du textile, agréé par arrêté du 23 juin 2022",https://www.pist.tn/jort/2022/2022A/Ja0712022.pdf
salaire_base.agents_payes_a_l_heure.categorie_2.echelon_17,2024-01-01,3.096,"Avenant n° 18 à la convention collective sectorielle du textile, agréé par arrêté du 8 avril 2024",https://www.pist.tn/jort/2024/2024A/Ja0492024.pdf
salaire_base.agents_payes_a_l_heure.categorie_2.echelon_17,2025-01-01,3.297,"Avenant n° 18 à la convention collective sectorielle du textile, agréé par arrêté du 8 avril 2024",https://www.pist.tn/jort/2024/2024A/Ja0492024.pdf
salaire_base.agents_payes_a_l_heure.categorie_2.echelon_17,2026-01-01,3.527,"Avenant n° 18 à la convention collective sectorielle du textile, agréé par arrêté du 8 avril 2024",https://www.pist.tn/jort/2024/2024A/Ja0492024.pdf
salaire_base.agents_payes_a_l_heure.categorie_2.echelon_18,1999-05-01,1.079,"Avenant n° 7 à la convention collective nationale du textile, agréé par arrêté du 9 juin 1999",https://www.pist.tn/jort/1999/1999A/Ja04899.pdf
salaire_base.agents_payes_a_l_heure.categorie_2.echelon_18,2000-05-01,1.117,"Avenant n° 7 à la convention collective nationale du textile, agréé par arrêté du 9 juin 1999",https://www.pist.tn/jort/1999/1999A/Ja04899.pdf
salaire_base.agents_payes_a_l_heure.categorie_2.echelon_18,2001-05-01,1.155,"Avenant n° 7 à la convention collective nationale du textile, agréé par arrêté du 9 juin 1999",https://www.pist.tn/jort/1999/1999A/Ja04899.pdf
salaire_base.agents_payes_a_l_heure.categorie_2.echelon_18,2002-05-01,1.193,"Avenant n° 8 à la convention collective nationale du textile, agréé par arrêté du 25 novembre 2002",https://www.pist.tn/jort/2002/2002A/Ja0972002.pdf
salaire_base.agents_payes_a_l_heure.categorie_2.echelon_18,2003-05-01,1.234,"Avenant n° 8 à la convention collective nationale du textile, agréé par arrêté du 25 novembre 2002",https://www.pist.tn/jort/2002/2002A/Ja0972002.pdf
salaire_base.agents_payes_a_l_heure.categorie_2.echelon_18,2004-05-01,1.28,"Avenant n° 8 à la convention collective nationale du textile, agréé par arrêté du 25 novembre 2002",https://www.pist.tn/jort/2002/2002A/Ja0972002.pdf
salaire_base.agents_payes_a_l_heure.categorie_2.echelon_18,2005-06-15,1.318,"Avenant n° 9 à la convention collective sectorielle du textile, agréé par arrêté du 17 janvier 2006",https://www.pist.tn/jort/2006/2006A/Ja0072006.pdf
salaire_base.agents_payes_a_l_heure.categorie_2.echelon_18,2006-05-01,1.361,"Avenant n° 9 à la convention collective sectorielle du textile, agréé par arrêté du 17 janvier 2006",https://www.pist.tn/jort/2006/2006A/Ja0072006.pdf
salaire_base.agents_payes_a_l_heure.categorie_2.echelon_18,2007-05-01,1.404,"Avenant n° 9 à la convention collective sectorielle du textile, agréé par arrêté du 17 janvier 2006",https://www.pist.tn/jort/2006/2006A/Ja0072006.pdf
salaire_base.agents_payes_a_l_heure.categorie_2.echelon_18,2008-05-01,1.473,"Avenant n° 10 à la convention collective sectorielle du textile, agréé par arrêté du 17 février 2009",https://www.pist.tn/jort/2009/2009A/Ja0162009.pdf
salaire_base.agents_payes_a_l_heure.categorie_2.echelon_18,2009-05-01,1.54,"Avenant n° 10 à la convention collective sectorielle du textile, agréé par arrêté du 17 février 2009",https://www.pist.tn/jort/2009/2009A/Ja0162009.pdf
salaire_base.agents_payes_a_l_heure.categorie_2.echelon_18,2010-05-01,1.615,"Avenant n° 10 à la convention collective sectorielle du textile, agréé par arrêté du 17 février 2009",https://www.pist.tn/jort/2009/2009A/Ja0162009.pdf
salaire_base.agents_payes_a_l_heure.categorie_2.echelon_18,2011-05-01,1.692,"Avenant n° 11 à la convention collective sectorielle du textile, agréé par arrêté du 11 octobre 2011",https://www.pist.tn/jort/2011/2011A/Ja0782011.pdf
salaire_base.agents_payes_a_l_heure.categorie_2.echelon_18,2012-05-01,1.79,"Avenant n° 12 à la convention collective sectorielle du textile, agréé par arrêté du 19 février 2013",https://www.pist.tn/jort/2013/2013A/Ja0162013.pdf
salaire_base.agents_payes_a_l_heure.categorie_2.echelon_18,2014-05-01,1.893,"Avenant n° 13 à la convention collective sectorielle du textile, agréé par arrêté du 17 octobre 2014",https://www.pist.tn/jort/2014/2014A/Ja0902014.pdf
salaire_base.agents_payes_a_l_heure.categorie_2.echelon_18,2015-09-01,2.002,"Avenant n° 14 à la convention collective sectorielle du textile, agréé par arrêté du 8 avril 2016",https://www.pist.tn/jort/2016/2016A/Ja0302016.pdf
salaire_base.agents_payes_a_l_heure.categorie_2.echelon_18,2016-08-01,2.118,"Avenant n° 15 à la convention collective sectorielle du textile, agréé par arrêté du 14 août 2017",https://www.pist.tn/jort/2017/2017A/Ja0662017.pdf
salaire_base.agents_payes_a_l_heure.categorie_2.echelon_18,2018-01-01,2.24,"Avenant n° 15 à la convention collective sectorielle du textile, agréé par arrêté du 14 août 2017",https://www.pist.tn/jort/2017/2017A/Ja0662017.pdf
salaire_base.agents_payes_a_l_heure.categorie_2.echelon_18,2019-01-01,2.392,"Avenant n° 16 à la convention collective sectorielle du textile, agréé par arrêté du 21 janvier 2019",https://www.pist.tn/jort/2019/2019A/Ja0112019.pdf
salaire_base.agents_payes_a_l_heure.categorie_2.echelon_18,2020-01-01,2.555,"Avenant n° 16 à la convention collective sectorielle du textile, agréé par arrêté du 21 janvier 2019",https://www.pist.tn/jort/2019/2019A/Ja0112019.pdf
salaire_base.agents_payes_a_l_heure.categorie_2.echelon_18,2021-09-01,2.721,"Avenant n° 17 à la convention collective sectorielle du textile, agréé par arrêté du 23 juin 2022",https://www.pist.tn/jort/2022/2022A/Ja0712022.pdf
salaire_base.agents_payes_a_l_heure.categorie_2.echelon_18,2022-05-01,2.911,"Avenant n° 17 à la convention collective sectorielle du textile, agréé par arrêté du 23 juin 2022",https://www.pist.tn/jort/2022/2022A/Ja0712022.pdf
salaire_base.agents_payes_a_l_heure.categorie_2.echelon_18,2024-01-01,3.1,"Avenant n° 18 à la convention collective sectorielle du textile, agréé par arrêté du 8 avril 2024",https://www.pist.tn/jort/2024/2024A/Ja0492024.pdf
salaire_base.agents_payes_a_l_heure.categorie_2.echelon_18,2025-01-01,3.302,"Avenant n° 18 à la convention collective sectorielle du textile, agréé par arrêté du 8 avril 2024",https://www.pist.tn/jort/2024/2024A/Ja0492024.pdf
salaire_base.agents_payes_a_l_heure.categorie_2.echelon_18,2026-01-01,3.533,"Avenant n° 18 à la convention collective sectorielle du textile, agréé par arrêté du 8 avril 2024",https://www.pist.tn/jort/2024/2024A/Ja0492024.pdf
salaire_base.agents_payes_a_l_heure.categorie_2.echelon_19,1999-05-01,1.083,"Avenant n° 7 à la convention collective nationale du textile, agréé par arrêté du 9 juin 1999",https://www.pist.tn/jort/1999/1999A/Ja04899.pdf
salaire_base.agents_payes_a_l_heure.categorie_2.echelon_19,2000-05-01,1.121,"Avenant n° 7 à la convention collective nationale du textile, agréé par arrêté du 9 juin 1999",https://www.pist.tn/jort/1999/1999A/Ja04899.pdf
salaire_base.agents_payes_a_l_heure.categorie_2.echelon_19,2001-05-01,1.159,"Avenant n° 7 à la convention collective nationale du textile, agréé par arrêté du 9 juin 1999",https://www.pist.tn/jort/1999/1999A/Ja04899.pdf
salaire_base.agents_payes_a_l_heure.categorie_2.echelon_19,2002-05-01,1.197,"Avenant n° 8 à la convention collective nationale du textile, agréé par arrêté du 25 novembre 2002",https://www.pist.tn/jort/2002/2002A/Ja0972002.pdf
salaire_base.agents_payes_a_l_heure.categorie_2.echelon_19,2003-05-01,1.238,"Avenant n° 8 à la convention collective nationale du textile, agréé par arrêté du 25 novembre 2002",https://www.pist.tn/jort/2002/2002A/Ja0972002.pdf
salaire_base.agents_payes_a_l_heure.categorie_2.echelon_19,2004-05-01,1.284,"Avenant n° 8 à la convention collective nationale du textile, agréé par arrêté du 25 novembre 2002",https://www.pist.tn/jort/2002/2002A/Ja0972002.pdf
salaire_base.agents_payes_a_l_heure.categorie_2.echelon_19,2005-06-15,1.322,"Avenant n° 9 à la convention collective sectorielle du textile, agréé par arrêté du 17 janvier 2006",https://www.pist.tn/jort/2006/2006A/Ja0072006.pdf
salaire_base.agents_payes_a_l_heure.categorie_2.echelon_19,2006-05-01,1.365,"Avenant n° 9 à la convention collective sectorielle du textile, agréé par arrêté du 17 janvier 2006",https://www.pist.tn/jort/2006/2006A/Ja0072006.pdf
salaire_base.agents_payes_a_l_heure.categorie_2.echelon_19,2007-05-01,1.408,"Avenant n° 9 à la convention collective sectorielle du textile, agréé par arrêté du 17 janvier 2006",https://www.pist.tn/jort/2006/2006A/Ja0072006.pdf
salaire_base.agents_payes_a_l_heure.categorie_2.echelon_19,2008-05-01,1.477,"Avenant n° 10 à la convention collective sectorielle du textile, agréé par arrêté du 17 février 2009",https://www.pist.tn/jort/2009/2009A/Ja0162009.pdf
salaire_base.agents_payes_a_l_heure.categorie_2.echelon_19,2009-05-01,1.544,"Avenant n° 10 à la convention collective sectorielle du textile, agréé par arrêté du 17 février 2009",https://www.pist.tn/jort/2009/2009A/Ja0162009.pdf
salaire_base.agents_payes_a_l_heure.categorie_2.echelon_19,2010-05-01,1.619,"Avenant n° 10 à la convention collective sectorielle du textile, agréé par arrêté du 17 février 2009",https://www.pist.tn/jort/2009/2009A/Ja0162009.pdf
salaire_base.agents_payes_a_l_heure.categorie_2.echelon_19,2011-05-01,1.696,"Avenant n° 11 à la convention collective sectorielle du textile, agréé par arrêté du 11 octobre 2011",https://www.pist.tn/jort/2011/2011A/Ja0782011.pdf
salaire_base.agents_payes_a_l_heure.categorie_2.echelon_19,2012-05-01,1.794,"Avenant n° 12 à la convention collective sectorielle du textile, agréé par arrêté du 19 février 2013",https://www.pist.tn/jort/2013/2013A/Ja0162013.pdf
salaire_base.agents_payes_a_l_heure.categorie_2.echelon_19,2014-05-01,1.897,"Avenant n° 13 à la convention collective sectorielle du textile, agréé par arrêté du 17 octobre 2014",https://www.pist.tn/jort/2014/2014A/Ja0902014.pdf
salaire_base.agents_payes_a_l_heure.categorie_2.echelon_19,2015-09-01,2.006,"Avenant n° 14 à la convention collective sectorielle du textile, agréé par arrêté du 8 avril 2016",https://www.pist.tn/jort/2016/2016A/Ja0302016.pdf
salaire_base.agents_payes_a_l_heure.categorie_2.echelon_19,2016-08-01,2.122,"Avenant n° 15 à la convention collective sectorielle du textile, agréé par arrêté du 14 août 2017",https://www.pist.tn/jort/2017/2017A/Ja0662017.pdf
salaire_base.agents_payes_a_l_heure.categorie_2.echelon_19,2018-01-01,2.244,"Avenant n° 15 à la convention collective sectorielle du textile, agréé par arrêté du 14 août 2017",https://www.pist.tn/jort/2017/2017A/Ja0662017.pdf
salaire_base.agents_payes_a_l_heure.categorie_2.echelon_19,2019-01-01,2.396,"Avenant n° 16 à la convention collective sectorielle du textile, agréé par arrêté du 21 janvier 2019",https://www.pist.tn/jort/2019/2019A/Ja0112019.pdf
salaire_base.agents_payes_a_l_heure.categorie_2.echelon_19,2020-01-01,2.559,"Avenant n° 16 à la convention collective sectorielle du textile, agréé par arrêté du 21 janvier 2019",https://www.pist.tn/jort/2019/2019A/Ja0112019.pdf
salaire_base.agents_payes_a_l_heure.categorie_2.echelon_19,2021-09-01,2.725,"Avenant n° 17 à la convention collective sectorielle du textile, agréé par arrêté du 23 juin 2022",https://www.pist.tn/jort/2022/2022A/Ja0712022.pdf
salaire_base.agents_payes_a_l_heure.categorie_2.echelon_19,2022-05-01,2.916,"Avenant n° 17 à la convention collective sectorielle du textile, agréé par arrêté du 23 juin 2022",https://www.pist.tn/jort/2022/2022A/Ja0712022.pdf
salaire_base.agents_payes_a_l_heure.categorie_2.echelon_19,2024-01-01,3.105,"Avenant n° 18 à la convention collective sectorielle du textile, agréé par arrêté du 8 avril 2024",https://www.pist.tn/jort/2024/2024A/Ja0492024.pdf
salaire_base.agents_payes_a_l_heure.categorie_2.echelon_19,2025-01-01,3.307,"Avenant n° 18 à la convention collective sectorielle du textile, agréé par arrêté du 8 avril 2024",https://www.pist.tn/jort/2024/2024A/Ja0492024.pdf
salaire_base.agents_payes_a_l_heure.categorie_2.echelon_19,2026-01-01,3.539,"Avenant n° 18 à la convention collective sectorielle du textile, agréé par arrêté du 8 avril 2024",https://www.pist.tn/jort/2024/2024A/Ja0492024.pdf
salaire_base.agents_payes_a_l_heure.categorie_2.echelon_20,1999-05-01,1.087,"Avenant n° 7 à la convention collective nationale du textile, agréé par arrêté du 9 juin 1999",https://www.pist.tn/jort/1999/1999A/Ja04899.pdf
salaire_base.agents_payes_a_l_heure.categorie_2.echelon_20,2000-05-01,1.125,"Avenant n° 7 à la convention collective nationale du textile, agréé par arrêté du 9 juin 1999",https://www.pist.tn/jort/1999/1999A/Ja04899.pdf
salaire_base.agents_payes_a_l_heure.categorie_2.echelon_20,2001-05-01,1.163,"Avenant n° 7 à la convention collective nationale du textile, agréé par arrêté du 9 juin 1999",https://www.pist.tn/jort/1999/1999A/Ja04899.pdf
salaire_base.agents_payes_a_l_heure.categorie_2.echelon_20,2002-05-01,1.201,"Avenant n° 8 à la convention collective nationale du textile, agréé par arrêté du 25 novembre 2002",https://www.pist.tn/jort/2002/2002A/Ja0972002.pdf
salaire_base.agents_payes_a_l_heure.categorie_2.echelon_20,2003-05-01,1.242,"Avenant n° 8 à la convention collective nationale du textile, agréé par arrêté du 25 novembre 2002",https://www.pist.tn/jort/2002/2002A/Ja0972002.pdf
salaire_base.agents_payes_a_l_heure.categorie_2.echelon_20,2004-05-01,1.288,"Avenant n° 8 à la convention collective nationale du textile, agréé par arrêté du 25 novembre 2002",https://www.pist.tn/jort/2002/2002A/Ja0972002.pdf
salaire_base.agents_payes_a_l_heure.categorie_2.echelon_20,2005-06-15,1.326,"Avenant n° 9 à la convention collective sectorielle du textile, agréé par arrêté du 17 janvier 2006",https://www.pist.tn/jort/2006/2006A/Ja0072006.pdf
salaire_base.agents_payes_a_l_heure.categorie_2.echelon_20,2006-05-01,1.369,"Avenant n° 9 à la convention collective sectorielle du textile, agréé par arrêté du 17 janvier 2006",https://www.pist.tn/jort/2006/2006A/Ja0072006.pdf
salaire_base.agents_payes_a_l_heure.categorie_2.echelon_20,2007-05-01,1.412,"Avenant n° 9 à la convention collective sectorielle du textile, agréé par arrêté du 17 janvier 2006",https://www.pist.tn/jort/2006/2006A/Ja0072006.pdf
salaire_base.agents_payes_a_l_heure.categorie_2.echelon_20,2008-05-01,1.481,"Avenant n° 10 à la convention collective sectorielle du textile, agréé par arrêté du 17 février 2009",https://www.pist.tn/jort/2009/2009A/Ja0162009.pdf
salaire_base.agents_payes_a_l_heure.categorie_2.echelon_20,2009-05-01,1.548,"Avenant n° 10 à la convention collective sectorielle du textile, agréé par arrêté du 17 février 2009",https://www.pist.tn/jort/2009/2009A/Ja0162009.pdf
salaire_base.agents_payes_a_l_heure.categorie_2.echelon_20,2010-05-01,1.623,"Avenant n° 10 à la convention collective sectorielle du textile, agréé par arrêté du 17 février 2009",https://www.pist.tn/jort/2009/2009A/Ja0162009.pdf
salaire_base.agents_payes_a_l_heure.categorie_2.echelon_20,2011-05-01,1.7,"Avenant n° 11 à la convention collective sectorielle du textile, agréé par arrêté du 11 octobre 2011",https://www.pist.tn/jort/2011/2011A/Ja0782011.pdf
salaire_base.agents_payes_a_l_heure.categorie_2.echelon_20,2012-05-01,1.798,"Avenant n° 12 à la convention collective sectorielle du textile, agréé par arrêté du 19 février 2013",https://www.pist.tn/jort/2013/2013A/Ja0162013.pdf
salaire_base.agents_payes_a_l_heure.categorie_2.echelon_20,2014-05-01,1.901,"Avenant n° 13 à la convention collective sectorielle du textile, agréé par arrêté du 17 octobre 2014",https://www.pist.tn/jort/2014/2014A/Ja0902014.pdf
salaire_base.agents_payes_a_l_heure.categorie_2.echelon_20,2015-09-01,2.01,"Avenant n° 14 à la convention collective sectorielle du textile, agréé par arrêté du 8 avril 2016",https://www.pist.tn/jort/2016/2016A/Ja0302016.pdf
salaire_base.agents_payes_a_l_heure.categorie_2.echelon_20,2016-08-01,2.126,"Avenant n° 15 à la convention collective sectorielle du textile, agréé par arrêté du 14 août 2017",https://www.pist.tn/jort/2017/2017A/Ja0662017.pdf
salaire_base.agents_payes_a_l_heure.categorie_2.echelon_20,2018-01-01,2.248,"Avenant n° 15 à la convention collective sectorielle du textile, agréé par arrêté du 14 août 2017",https://www.pist.tn/jort/2017/2017A/Ja0662017.pdf
salaire_base.agents_payes_a_l_heure.categorie_2.echelon_20,2019-01-01,2.4,"Avenant n° 16 à la convention collective sectorielle du textile, agréé par arrêté du 21 janvier 2019",https://www.pist.tn/jort/2019/2019A/Ja0112019.pdf
salaire_base.agents_payes_a_l_heure.categorie_2.echelon_20,2020-01-01,2.563,"Avenant n° 16 à la convention collective sectorielle du textile, agréé par arrêté du 21 janvier 2019",https://www.pist.tn/jort/2019/2019A/Ja0112019.pdf
salaire_base.agents_payes_a_l_heure.categorie_2.echelon_20,2021-09-01,2.729,"Avenant n° 17 à la convention collective sectorielle du textile, agréé par arrêté du 23 juin 2022",https://www.pist.tn/jort/2022/2022A/Ja0712022.pdf
salaire_base.agents_payes_a_l_heure.categorie_2.echelon_20,2022-05-01,2.92,"Avenant n° 17 à la convention collective sectorielle du textile, agréé par arrêté du 23 juin 2022",https://www.pist.tn/jort/2022/2022A/Ja0712022.pdf
salaire_base.agents_payes_a_l_heure.categorie_2.echelon_20,2024-01-01,3.11,"Avenant n° 18 à la convention collective sectorielle du textile, agréé par arrêté du 8 avril 2024",https://www.pist.tn/jort/2024/2024A/Ja0492024.pdf
salaire_base.agents_payes_a_l_heure.categorie_2.echelon_20,2025-01-01,3.312,"Avenant n° 18 à la convention collective sectorielle du textile, agréé par arrêté du 8 avril 2024",https://www.pist.tn/jort/2024/2024A/Ja0492024.pdf
salaire_base.agents_payes_a_l_heure.categorie_2.echelon_20,2026-01-01,3.544,"Avenant n° 18 à la convention collective sectorielle du textile, agréé par arrêté du 8 avril 2024",https://www.pist.tn/jort/2024/2024A/Ja0492024.pdf
salaire_base.agents_payes_a_l_heure.categorie_3_1.echelon_0,1994-05-01,0.841,"Avenant n° 5 à la convention collective nationale du textile, agréé par arrêté du 22 septembre 1994",https://www.pist.tn/jort/1994/1994F/Jo07894.pdf
salaire_base.agents_payes_a_l_heure.categorie_3_1.echelon_0,1995-05-01,0.889,"Avenant n° 5 à la convention collective nationale du textile, agréé par arrêté du 22 septembre 1994",https://www.pist.tn/jort/1994/1994F/Jo07894.pdf
salaire_base.agents_payes_a_l_heure.categorie_3_1.echelon_0,1996-05-01,0.937,"Avenant n° 6 à la convention collective nationale du textile, agréé par arrêté du 24 juillet 1996",https://www.pist.tn/jort/1996/1996A/Ja06096.pdf
salaire_base.agents_payes_a_l_heure.categorie_3_1.echelon_0,1997-05-01,0.99,"Avenant n° 6 à la convention collective nationale du textile, agréé par arrêté du 24 juillet 1996",https://www.pist.tn/jort/1996/1996A/Ja06096.pdf
salaire_base.agents_payes_a_l_heure.categorie_3_1.echelon_0,1998-05-01,1.048,"Avenant n° 6 à la convention collective nationale du textile, agréé par arrêté du 24 juillet 1996",https://www.pist.tn/jort/1996/1996A/Ja06096.pdf
salaire_base.agents_payes_a_l_heure.categorie_3_1.echelon_0,1999-05-01,1.101,"Avenant n° 7 à la convention collective nationale du textile, agréé par arrêté du 9 juin 1999",https://www.pist.tn/jort/1999/1999A/Ja04899.pdf
salaire_base.agents_payes_a_l_heure.categorie_3_1.echelon_0,2000-05-01,1.154,"Avenant n° 7 à la convention collective nationale du textile, agréé par arrêté du 9 juin 1999",https://www.pist.tn/jort/1999/1999A/Ja04899.pdf
salaire_base.agents_payes_a_l_heure.categorie_3_1.echelon_0,2001-05-01,1.207,"Avenant n° 7 à la convention collective nationale du textile, agréé par arrêté du 9 juin 1999",https://www.pist.tn/jort/1999/1999A/Ja04899.pdf
salaire_base.agents_payes_a_l_heure.categorie_3_1.echelon_0,2002-05-01,1.26,"Avenant n° 8 à la convention collective nationale du textile, agréé par arrêté du 25 novembre 2002",https://www.pist.tn/jort/2002/2002A/Ja0972002.pdf
salaire_base.agents_payes_a_l_heure.categorie_3_1.echelon_0,2003-05-01,1.315,"Avenant n° 8 à la convention collective nationale du textile, agréé par arrêté du 25 novembre 2002",https://www.pist.tn/jort/2002/2002A/Ja0972002.pdf
salaire_base.agents_payes_a_l_heure.categorie_3_1.echelon_0,2004-05-01,1.375,"Avenant n° 8 à la convention collective nationale du textile, agréé par arrêté du 25 novembre 2002",https://www.pist.tn/jort/2002/2002A/Ja0972002.pdf
salaire_base.agents_payes_a_l_heure.categorie_3_1.echelon_0,2005-06-15,1.428,"Avenant n° 9 à la convention collective sectorielle du textile, agréé par arrêté du 17 janvier 2006",https://www.pist.tn/jort/2006/2006A/Ja0072006.pdf
salaire_base.agents_payes_a_l_heure.categorie_3_1.echelon_0,2006-05-01,1.486,"Avenant n° 9 à la convention collective sectorielle du textile, agréé par arrêté du 17 janvier 2006",https://www.pist.tn/jort/2006/2006A/Ja0072006.pdf
salaire_base.agents_payes_a_l_heure.categorie_3_1.echelon_0,2007-05-01,1.544,"Avenant n° 9 à la convention collective sectorielle du textile, agréé par arrêté du 17 janvier 2006",https://www.pist.tn/jort/2006/2006A/Ja0072006.pdf
salaire_base.agents_payes_a_l_heure.categorie_3_1.echelon_0,2008-05-01,1.621,"Avenant n° 10 à la convention collective sectorielle du textile, agréé par arrêté du 17 février 2009",https://www.pist.tn/jort/2009/2009A/Ja0162009.pdf
salaire_base.agents_payes_a_l_heure.categorie_3_1.echelon_0,2009-05-01,1.698,"Avenant n° 10 à la convention collective sectorielle du textile, agréé par arrêté du 17 février 2009",https://www.pist.tn/jort/2009/2009A/Ja0162009.pdf
salaire_base.agents_payes_a_l_heure.categorie_3_1.echelon_0,2010-05-01,1.783,"Avenant n° 10 à la convention collective sectorielle du textile, agréé par arrêté du 17 février 2009",https://www.pist.tn/jort/2009/2009A/Ja0162009.pdf
salaire_base.agents_payes_a_l_heure.categorie_3_1.echelon_0,2011-05-01,1.872,"Avenant n° 11 à la convention collective sectorielle du textile, agréé par arrêté du 11 octobre 2011",https://www.pist.tn/jort/2011/2011A/Ja0782011.pdf
salaire_base.agents_payes_a_l_heure.categorie_3_1.echelon_0,2012-05-01,1.984,"Avenant n° 12 à la convention collective sectorielle du textile, agréé par arrêté du 19 février 2013",https://www.pist.tn/jort/2013/2013A/Ja0162013.pdf
salaire_base.agents_payes_a_l_heure.categorie_3_1.echelon_0,2014-05-01,2.103,"Avenant n° 13 à la convention collective sectorielle du textile, agréé par arrêté du 17 octobre 2014",https://www.pist.tn/jort/2014/2014A/Ja0902014.pdf
salaire_base.agents_payes_a_l_heure.categorie_3_1.echelon_0,2015-09-01,2.229,"Avenant n° 14 à la convention collective sectorielle du textile, agréé par arrêté du 8 avril 2016",https://www.pist.tn/jort/2016/2016A/Ja0302016.pdf
salaire_base.agents_payes_a_l_heure.categorie_3_1.echelon_0,2016-08-01,2.363,"Avenant n° 15 à la convention collective sectorielle du textile, agréé par arrêté du 14 août 2017",https://www.pist.tn/jort/2017/2017A/Ja0662017.pdf
salaire_base.agents_payes_a_l_heure.categorie_3_1.echelon_0,2018-01-01,2.505,"Avenant n° 15 à la convention collective sectorielle du textile, agréé par arrêté du 14 août 2017",https://www.pist.tn/jort/2017/2017A/Ja0662017.pdf
salaire_base.agents_payes_a_l_heure.categorie_3_1.echelon_0,2019-01-01,2.68,"Avenant n° 16 à la convention collective sectorielle du textile, agréé par arrêté du 21 janvier 2019",https://www.pist.tn/jort/2019/2019A/Ja0112019.pdf
salaire_base.agents_payes_a_l_heure.categorie_3_1.echelon_0,2020-01-01,2.868,"Avenant n° 16 à la convention collective sectorielle du textile, agréé par arrêté du 21 janvier 2019",https://www.pist.tn/jort/2019/2019A/Ja0112019.pdf
salaire_base.agents_payes_a_l_heure.categorie_3_1.echelon_0,2021-09-01,3.054,"Avenant n° 17 à la convention collective sectorielle du textile, agréé par arrêté du 23 juin 2022",https://www.pist.tn/jort/2022/2022A/Ja0712022.pdf
salaire_base.agents_payes_a_l_heure.categorie_3_1.echelon_0,2022-05-01,3.268,"Avenant n° 17 à la convention collective sectorielle du textile, agréé par arrêté du 23 juin 2022",https://www.pist.tn/jort/2022/2022A/Ja0712022.pdf
salaire_base.agents_payes_a_l_heure.categorie_3_1.echelon_0,2024-01-01,3.481,"Avenant n° 18 à la convention collective sectorielle du textile, agréé par arrêté du 8 avril 2024",https://www.pist.tn/jort/2024/2024A/Ja0492024.pdf
salaire_base.agents_payes_a_l_heure.categorie_3_1.echelon_0,2025-01-01,3.707,"Avenant n° 18 à la convention collective sectorielle du textile, agréé par arrêté du 8 avril 2024",https://www.pist.tn/jort/2024/2024A/Ja0492024.pdf
salaire_base.agents_payes_a_l_heure.categorie_3_1.echelon_0,2026-01-01,3.966,"Avenant n° 18 à la convention collective sectorielle du textile, agréé par arrêté du 8 avril 2024",https://www.pist.tn/jort/2024/2024A/Ja0492024.pdf
salaire_base.agents_payes_a_l_heure.categorie_3_1.echelon_1,1994-05-01,0.843,"Avenant n° 5 à la convention collective nationale du textile, agréé par arrêté du 22 septembre 1994",https://www.pist.tn/jort/1994/1994F/Jo07894.pdf
salaire_base.agents_payes_a_l_heure.categorie_3_1.echelon_1,1995-05-01,0.891,"Avenant n° 5 à la convention collective nationale du textile, agréé par arrêté du 22 septembre 1994",https://www.pist.tn/jort/1994/1994F/Jo07894.pdf
salaire_base.agents_payes_a_l_heure.categorie_3_1.echelon_1,1996-05-01,0.939,"Avenant n° 6 à la convention collective nationale du textile, agréé par arrêté du 24 juillet 1996",https://www.pist.tn/jort/1996/1996A/Ja06096.pdf
salaire_base.agents_payes_a_l_heure.categorie_3_1.echelon_1,1997-05-01,0.992,"Avenant n° 6 à la convention collective nationale du textile, agréé par arrêté du 24 juillet 1996",https://www.pist.tn/jort/1996/1996A/Ja06096.pdf
salaire_base.agents_payes_a_l_heure.categorie_3_1.echelon_1,1998-05-01,1.05,"Avenant n° 6 à la convention collective nationale du textile, agréé par arrêté du 24 juillet 1996",https://www.pist.tn/jort/1996/1996A/Ja06096.pdf
salaire_base.agents_payes_a_l_heure.categorie_3_1.echelon_1,1999-05-01,1.103,"Avenant n° 7 à la convention collective nationale du textile, agréé par arrêté du 9 juin 1999",https://www.pist.tn/jort/1999/1999A/Ja04899.pdf
salaire_base.agents_payes_a_l_heure.categorie_3_1.echelon_1,2000-05-01,1.156,"Avenant n° 7 à la convention collective nationale du textile, agréé par arrêté du 9 juin 1999",https://www.pist.tn/jort/1999/1999A/Ja04899.pdf
salaire_base.agents_payes_a_l_heure.categorie_3_1.echelon_1,2001-05-01,1.209,"Avenant n° 7 à la convention collective nationale du textile, agréé par arrêté du 9 juin 1999",https://www.pist.tn/jort/1999/1999A/Ja04899.pdf
salaire_base.agents_payes_a_l_heure.categorie_3_1.echelon_1,2002-05-01,1.262,"Avenant n° 8 à la convention collective nationale du textile, agréé par arrêté du 25 novembre 2002",https://www.pist.tn/jort/2002/2002A/Ja0972002.pdf
salaire_base.agents_payes_a_l_heure.categorie_3_1.echelon_1,2003-05-01,1.317,"Avenant n° 8 à la convention collective nationale du textile, agréé par arrêté du 25 novembre 2002",https://www.pist.tn/jort/2002/2002A/Ja0972002.pdf
salaire_base.agents_payes_a_l_heure.categorie_3_1.echelon_1,2004-05-01,1.377,"Avenant n° 8 à la convention collective nationale du textile, agréé par arrêté du 25 novembre 2002",https://www.pist.tn/jort/2002/2002A/Ja0972002.pdf
salaire_base.agents_payes_a_l_heure.categorie_3_1.echelon_1,2005-06-15,1.43,"Avenant n° 9 à la convention collective sectorielle du textile, agréé par arrêté du 17 janvier 2006",https://www.pist.tn/jort/2006/2006A/Ja0072006.pdf
salaire_base.agents_payes_a_l_heure.categorie_3_1.echelon_1,2006-05-01,1.488,"Avenant n° 9 à la convention collective sectorielle du textile, agréé par arrêté du 17 janvier 2006",https://www.pist.tn/jort/2006/2006A/Ja0072006.pdf
salaire_base.agents_payes_a_l_heure.categorie_3_1.echelon_1,2007-05-01,1.546,"Avenant n° 9 à la convention collective sectorielle du textile, agréé par arrêté du 17 janvier 2006",https://www.pist.tn/jort/2006/2006A/Ja0072006.pdf
salaire_base.agents_payes_a_l_heure.categorie_3_1.echelon_1,2008-05-01,1.624,"Avenant n° 10 à la convention collective sectorielle du textile, agréé par arrêté du 17 février 2009",https://www.pist.tn/jort/2009/2009A/Ja0162009.pdf
salaire_base.agents_payes_a_l_heure.categorie_3_1.echelon_1,2009-05-01,1.701,"Avenant n° 10 à la convention collective sectorielle du textile, agréé par arrêté du 17 février 2009",https://www.pist.tn/jort/2009/2009A/Ja0162009.pdf
salaire_base.agents_payes_a_l_heure.categorie_3_1.echelon_1,2010-05-01,1.787,"Avenant n° 10 à la convention collective sectorielle du textile, agréé par arrêté du 17 février 2009",https://www.pist.tn/jort/2009/2009A/Ja0162009.pdf
salaire_base.agents_payes_a_l_heure.categorie_3_1.echelon_1,2011-05-01,1.876,"Avenant n° 11 à la convention collective sectorielle du textile, agréé par arrêté du 11 octobre 2011",https://www.pist.tn/jort/2011/2011A/Ja0782011.pdf
salaire_base.agents_payes_a_l_heure.categorie_3_1.echelon_1,2012-05-01,1.988,"Avenant n° 12 à la convention collective sectorielle du textile, agréé par arrêté du 19 février 2013",https://www.pist.tn/jort/2013/2013A/Ja0162013.pdf
salaire_base.agents_payes_a_l_heure.categorie_3_1.echelon_1,2014-05-01,2.107,"Avenant n° 13 à la convention collective sectorielle du textile, agréé par arrêté du 17 octobre 2014",https://www.pist.tn/jort/2014/2014A/Ja0902014.pdf
salaire_base.agents_payes_a_l_heure.categorie_3_1.echelon_1,2015-09-01,2.233,"Avenant n° 14 à la convention collective sectorielle du textile, agréé par arrêté du 8 avril 2016",https://www.pist.tn/jort/2016/2016A/Ja0302016.pdf
salaire_base.agents_payes_a_l_heure.categorie_3_1.echelon_1,2016-08-01,2.367,"Avenant n° 15 à la convention collective sectorielle du textile, agréé par arrêté du 14 août 2017",https://www.pist.tn/jort/2017/2017A/Ja0662017.pdf
salaire_base.agents_payes_a_l_heure.categorie_3_1.echelon_1,2018-01-01,2.509,"Avenant n° 15 à la convention collective sectorielle du textile, agréé par arrêté du 14 août 2017",https://www.pist.tn/jort/2017/2017A/Ja0662017.pdf
salaire_base.agents_payes_a_l_heure.categorie_3_1.echelon_1,2019-01-01,2.684,"Avenant n° 16 à la convention collective sectorielle du textile, agréé par arrêté du 21 janvier 2019",https://www.pist.tn/jort/2019/2019A/Ja0112019.pdf
salaire_base.agents_payes_a_l_heure.categorie_3_1.echelon_1,2020-01-01,2.872,"Avenant n° 16 à la convention collective sectorielle du textile, agréé par arrêté du 21 janvier 2019",https://www.pist.tn/jort/2019/2019A/Ja0112019.pdf
salaire_base.agents_payes_a_l_heure.categorie_3_1.echelon_1,2021-09-01,3.059,"Avenant n° 17 à la convention collective sectorielle du textile, agréé par arrêté du 23 juin 2022",https://www.pist.tn/jort/2022/2022A/Ja0712022.pdf
salaire_base.agents_payes_a_l_heure.categorie_3_1.echelon_1,2022-05-01,3.273,"Avenant n° 17 à la convention collective sectorielle du textile, agréé par arrêté du 23 juin 2022",https://www.pist.tn/jort/2022/2022A/Ja0712022.pdf
salaire_base.agents_payes_a_l_heure.categorie_3_1.echelon_1,2024-01-01,3.486,"Avenant n° 18 à la convention collective sectorielle du textile, agréé par arrêté du 8 avril 2024",https://www.pist.tn/jort/2024/2024A/Ja0492024.pdf
salaire_base.agents_payes_a_l_heure.categorie_3_1.echelon_1,2025-01-01,3.712,"Avenant n° 18 à la convention collective sectorielle du textile, agréé par arrêté du 8 avril 2024",https://www.pist.tn/jort/2024/2024A/Ja0492024.pdf
salaire_base.agents_payes_a_l_heure.categorie_3_1.echelon_1,2026-01-01,3.972,"Avenant n° 18 à la convention collective sectorielle du textile, agréé par arrêté du 8 avril 2024",https://www.pist.tn/jort/2024/2024A/Ja0492024.pdf
salaire_base.agents_payes_a_l_heure.categorie_3_1.echelon_2,1994-05-01,0.845,"Avenant n° 5 à la convention collective nationale du textile, agréé par arrêté du 22 septembre 1994",https://www.pist.tn/jort/1994/1994F/Jo07894.pdf
salaire_base.agents_payes_a_l_heure.categorie_3_1.echelon_2,1995-05-01,0.893,"Avenant n° 5 à la convention collective nationale du textile, agréé par arrêté du 22 septembre 1994",https://www.pist.tn/jort/1994/1994F/Jo07894.pdf
salaire_base.agents_payes_a_l_heure.categorie_3_1.echelon_2,1996-05-01,0.941,"Avenant n° 6 à la convention collective nationale du textile, agréé par arrêté du 24 juillet 1996",https://www.pist.tn/jort/1996/1996A/Ja06096.pdf
salaire_base.agents_payes_a_l_heure.categorie_3_1.echelon_2,1997-05-01,0.994,"Avenant n° 6 à la convention collective nationale du textile, agréé par arrêté du 24 juillet 1996",https://www.pist.tn/jort/1996/1996A/Ja06096.pdf
salaire_base.agents_payes_a_l_heure.categorie_3_1.echelon_2,1998-05-01,1.052,"Avenant n° 6 à la convention collective nationale du textile, agréé par arrêté du 24 juillet 1996",https://www.pist.tn/jort/1996/1996A/Ja06096.pdf
salaire_base.agents_payes_a_l_heure.categorie_3_1.echelon_2,1999-05-01,1.105,"Avenant n° 7 à la convention collective nationale du textile, agréé par arrêté du 9 juin 1999",https://www.pist.tn/jort/1999/1999A/Ja04899.pdf
salaire_base.agents_payes_a_l_heure.categorie_3_1.echelon_2,2000-05-01,1.158,"Avenant n° 7 à la convention collective nationale du textile, agréé par arrêté du 9 juin 1999",https://www.pist.tn/jort/1999/1999A/Ja04899.pdf
salaire_base.agents_payes_a_l_heure.categorie_3_1.echelon_2,2001-05-01,1.211,"Avenant n° 7 à la convention collective nationale du textile, agréé par arrêté du 9 juin 1999",https://www.pist.tn/jort/1999/1999A/Ja04899.pdf
salaire_base.agents_payes_a_l_heure.categorie_3_1.echelon_2,2002-05-01,1.264,"Avenant n° 8 à la convention collective nationale du textile, agréé par arrêté du 25 novembre 2002",https://www.pist.tn/jort/2002/2002A/Ja0972002.pdf
salaire_base.agents_payes_a_l_heure.categorie_3_1.echelon_2,2003-05-01,1.319,"Avenant n° 8 à la convention collective nationale du textile, agréé par arrêté du 25 novembre 2002",https://www.pist.tn/jort/2002/2002A/Ja0972002.pdf
salaire_base.agents_payes_a_l_heure.categorie_3_1.echelon_2,2004-05-01,1.379,"Avenant n° 8 à la convention collective nationale du textile, agréé par arrêté du 25 novembre 2002",https://www.pist.tn/jort/2002/2002A/Ja0972002.pdf
salaire_base.agents_payes_a_l_heure.categorie_3_1.echelon_2,2005-06-15,1.432,"Avenant n° 9 à la convention collective sectorielle du textile, agréé par arrêté du 17 janvier 2006",https://www.pist.tn/jort/2006/2006A/Ja0072006.pdf
salaire_base.agents_payes_a_l_heure.categorie_3_1.echelon_2,2006-05-01,1.49,"Avenant n° 9 à la convention collective sectorielle du textile, agréé par arrêté du 17 janvier 2006",https://www.pist.tn/jort/2006/2006A/Ja0072006.pdf
salaire_base.agents_payes_a_l_heure.categorie_3_1.echelon_2,2007-05-01,1.548,"Avenant n° 9 à la convention collective sectorielle du textile, agréé par arrêté du 17 janvier 2006",https://www.pist.tn/jort/2006/2006A/Ja0072006.pdf
salaire_base.agents_payes_a_l_heure.categorie_3_1.echelon_2,2008-05-01,1.627,"Avenant n° 10 à la convention collective sectorielle du textile, agréé par arrêté du 17 février 2009",https://www.pist.tn/jort/2009/2009A/Ja0162009.pdf
salaire_base.agents_payes_a_l_heure.categorie_3_1.echelon_2,2009-05-01,1.704,"Avenant n° 10 à la convention collective sectorielle du textile, agréé par arrêté du 17 février 2009",https://www.pist.tn/jort/2009/2009A/Ja0162009.pdf
salaire_base.agents_payes_a_l_heure.categorie_3_1.echelon_2,2010-05-01,1.79,"Avenant n° 10 à la convention collective sectorielle du textile, agréé par arrêté du 17 février 2009",https://www.pist.tn/jort/2009/2009A/Ja0162009.pdf
salaire_base.agents_payes_a_l_heure.categorie_3_1.echelon_2,2011-05-01,1.879,"Avenant n° 11 à la convention collective sectorielle du textile, agréé par arrêté du 11 octobre 2011",https://www.pist.tn/jort/2011/2011A/Ja0782011.pdf
salaire_base.agents_payes_a_l_heure.categorie_3_1.echelon_2,2012-05-01,1.991,"Avenant n° 12 à la convention collective sectorielle du textile, agréé par arrêté du 19 février 2013",https://www.pist.tn/jort/2013/2013A/Ja0162013.pdf
salaire_base.agents_payes_a_l_heure.categorie_3_1.echelon_2,2014-05-01,2.11,"Avenant n° 13 à la convention collective sectorielle du textile, agréé par arrêté du 17 octobre 2014",https://www.pist.tn/jort/2014/2014A/Ja0902014.pdf
salaire_base.agents_payes_a_l_heure.categorie_3_1.echelon_2,2015-09-01,2.236,"Avenant n° 14 à la convention collective sectorielle du textile, agréé par arrêté du 8 avril 2016",https://www.pist.tn/jort/2016/2016A/Ja0302016.pdf
salaire_base.agents_payes_a_l_heure.categorie_3_1.echelon_2,2016-08-01,2.37,"Avenant n° 15 à la convention collective sectorielle du textile, agréé par arrêté du 14 août 2017",https://www.pist.tn/jort/2017/2017A/Ja0662017.pdf
salaire_base.agents_payes_a_l_heure.categorie_3_1.echelon_2,2018-01-01,2.512,"Avenant n° 15 à la convention collective sectorielle du textile, agréé par arrêté du 14 août 2017",https://www.pist.tn/jort/2017/2017A/Ja0662017.pdf
salaire_base.agents_payes_a_l_heure.categorie_3_1.echelon_2,2019-01-01,2.687,"Avenant n° 16 à la convention collective sectorielle du textile, agréé par arrêté du 21 janvier 2019",https://www.pist.tn/jort/2019/2019A/Ja0112019.pdf
salaire_base.agents_payes_a_l_heure.categorie_3_1.echelon_2,2020-01-01,2.875,"Avenant n° 16 à la convention collective sectorielle du textile, agréé par arrêté du 21 janvier 2019",https://www.pist.tn/jort/2019/2019A/Ja0112019.pdf
salaire_base.agents_payes_a_l_heure.categorie_3_1.echelon_2,2021-09-01,3.062,"Avenant n° 17 à la convention collective sectorielle du textile, agréé par arrêté du 23 juin 2022",https://www.pist.tn/jort/2022/2022A/Ja0712022.pdf
salaire_base.agents_payes_a_l_heure.categorie_3_1.echelon_2,2022-05-01,3.276,"Avenant n° 17 à la convention collective sectorielle du textile, agréé par arrêté du 23 juin 2022",https://www.pist.tn/jort/2022/2022A/Ja0712022.pdf
salaire_base.agents_payes_a_l_heure.categorie_3_1.echelon_2,2024-01-01,3.489,"Avenant n° 18 à la convention collective sectorielle du textile, agréé par arrêté du 8 avril 2024",https://www.pist.tn/jort/2024/2024A/Ja0492024.pdf
salaire_base.agents_payes_a_l_heure.categorie_3_1.echelon_2,2025-01-01,3.716,"Avenant n° 18 à la convention collective sectorielle du textile, agréé par arrêté du 8 avril 2024",https://www.pist.tn/jort/2024/2024A/Ja0492024.pdf
salaire_base.agents_payes_a_l_heure.categorie_3_1.echelon_2,2026-01-01,3.976,"Avenant n° 18 à la convention collective sectorielle du textile, agréé par arrêté du 8 avril 2024",https://www.pist.tn/jort/2024/2024A/Ja0492024.pdf
salaire_base.agents_payes_a_l_heure.categorie_3_1.echelon_3,1994-05-01,0.848,"Avenant n° 5 à la convention collective nationale du textile, agréé par arrêté du 22 septembre 1994",https://www.pist.tn/jort/1994/1994F/Jo07894.pdf
salaire_base.agents_payes_a_l_heure.categorie_3_1.echelon_3,1995-05-01,0.896,"Avenant n° 5 à la convention collective nationale du textile, agréé par arrêté du 22 septembre 1994",https://www.pist.tn/jort/1994/1994F/Jo07894.pdf
salaire_base.agents_payes_a_l_heure.categorie_3_1.echelon_3,1996-05-01,0.944,"Avenant n° 6 à la convention collective nationale du textile, agréé par arrêté du 24 juillet 1996",https://www.pist.tn/jort/1996/1996A/Ja06096.pdf
salaire_base.agents_payes_a_l_heure.categorie_3_1.echelon_3,1997-05-01,0.997,"Avenant n° 6 à la convention collective nationale du textile, agréé par arrêté du 24 juillet 1996",https://www.pist.tn/jort/1996/1996A/Ja06096.pdf
salaire_base.agents_payes_a_l_heure.categorie_3_1.echelon_3,1998-05-01,1.055,"Avenant n° 6 à la convention collective nationale du textile, agréé par arrêté du 24 juillet 1996",https://www.pist.tn/jort/1996/1996A/Ja06096.pdf
salaire_base.agents_payes_a_l_heure.categorie_3_1.echelon_3,1999-05-01,1.108,"Avenant n° 7 à la convention collective nationale du textile, agréé par arrêté du 9 juin 1999",https://www.pist.tn/jort/1999/1999A/Ja04899.pdf
salaire_base.agents_payes_a_l_heure.categorie_3_1.echelon_3,2000-05-01,1.161,"Avenant n° 7 à la convention collective nationale du textile, agréé par arrêté du 9 juin 1999",https://www.pist.tn/jort/1999/1999A/Ja04899.pdf
salaire_base.agents_payes_a_l_heure.categorie_3_1.echelon_3,2001-05-01,1.214,"Avenant n° 7 à la convention collective nationale du textile, agréé par arrêté du 9 juin 1999",https://www.pist.tn/jort/1999/1999A/Ja04899.pdf
salaire_base.agents_payes_a_l_heure.categorie_3_1.echelon_3,2002-05-01,1.267,"Avenant n° 8 à la convention collective nationale du textile, agréé par arrêté du 25 novembre 2002",https://www.pist.tn/jort/2002/2002A/Ja0972002.pdf
salaire_base.agents_payes_a_l_heure.categorie_3_1.echelon_3,2003-05-01,1.322,"Avenant n° 8 à la convention collective nationale du textile, agréé par arrêté du 25 novembre 2002",https://www.pist.tn/jort/2002/2002A/Ja0972002.pdf
salaire_base.agents_payes_a_l_heure.categorie_3_1.echelon_3,2004-05-01,1.382,"Avenant n° 8 à la convention collective nationale du textile, agréé par arrêté du 25 novembre 2002",https://www.pist.tn/jort/2002/2002A/Ja0972002.pdf
salaire_base.agents_payes_a_l_heure.categorie_3_1.echelon_3,2005-06-15,1.435,"Avenant n° 9 à la convention collective sectorielle du textile, agréé par arrêté du 17 janvier 2006",https://www.pist.tn/jort/2006/2006A/Ja0072006.pdf
salaire_base.agents_payes_a_l_heure.categorie_3_1.echelon_3,2006-05-01,1.493,"Avenant n° 9 à la convention collective sectorielle du textile, agréé par arrêté du 17 janvier 2006",https://www.pist.tn/jort/2006/2006A/Ja0072006.pdf
salaire_base.agents_payes_a_l_heure.categorie_3_1.echelon_3,2007-05-01,1.551,"Avenant n° 9 à la convention collective sectorielle du textile, agréé par arrêté du 17 janvier 2006",https://www.pist.tn/jort/2006/2006A/Ja0072006.pdf
salaire_base.agents_payes_a_l_heure.categorie_3_1.echelon_3,2008-05-01,1.63,"Avenant n° 10 à la convention collective sectorielle du textile, agréé par arrêté du 17 février 2009",https://www.pist.tn/jort/2009/2009A/Ja0162009.pdf
salaire_base.agents_payes_a_l_heure.categorie_3_1.echelon_3,2009-05-01,1.707,"Avenant n° 10 à la convention collective sectorielle du textile, agréé par arrêté du 17 février 2009",https://www.pist.tn/jort/2009/2009A/Ja0162009.pdf
salaire_base.agents_payes_a_l_heure.categorie_3_1.echelon_3,2010-05-01,1.793,"Avenant n° 10 à la convention collective sectorielle du textile, agréé par arrêté du 17 février 2009",https://www.pist.tn/jort/2009/2009A/Ja0162009.pdf
salaire_base.agents_payes_a_l_heure.categorie_3_1.echelon_3,2011-05-01,1.882,"Avenant n° 11 à la convention collective sectorielle du textile, agréé par arrêté du 11 octobre 2011",https://www.pist.tn/jort/2011/2011A/Ja0782011.pdf
salaire_base.agents_payes_a_l_heure.categorie_3_1.echelon_3,2012-05-01,1.994,"Avenant n° 12 à la convention collective sectorielle du textile, agréé par arrêté du 19 février 2013",https://www.pist.tn/jort/2013/2013A/Ja0162013.pdf
salaire_base.agents_payes_a_l_heure.categorie_3_1.echelon_3,2014-05-01,2.113,"Avenant n° 13 à la convention collective sectorielle du textile, agréé par arrêté du 17 octobre 2014",https://www.pist.tn/jort/2014/2014A/Ja0902014.pdf
salaire_base.agents_payes_a_l_heure.categorie_3_1.echelon_3,2015-09-01,2.239,"Avenant n° 14 à la convention collective sectorielle du textile, agréé par arrêté du 8 avril 2016",https://www.pist.tn/jort/2016/2016A/Ja0302016.pdf
salaire_base.agents_payes_a_l_heure.categorie_3_1.echelon_3,2016-08-01,2.373,"Avenant n° 15 à la convention collective sectorielle du textile, agréé par arrêté du 14 août 2017",https://www.pist.tn/jort/2017/2017A/Ja0662017.pdf
salaire_base.agents_payes_a_l_heure.categorie_3_1.echelon_3,2018-01-01,2.515,"Avenant n° 15 à la convention collective sectorielle du textile, agréé par arrêté du 14 août 2017",https://www.pist.tn/jort/2017/2017A/Ja0662017.pdf
salaire_base.agents_payes_a_l_heure.categorie_3_1.echelon_3,2019-01-01,2.69,"Avenant n° 16 à la convention collective sectorielle du textile, agréé par arrêté du 21 janvier 2019",https://www.pist.tn/jort/2019/2019A/Ja0112019.pdf
salaire_base.agents_payes_a_l_heure.categorie_3_1.echelon_3,2020-01-01,2.878,"Avenant n° 16 à la convention collective sectorielle du textile, agréé par arrêté du 21 janvier 2019",https://www.pist.tn/jort/2019/2019A/Ja0112019.pdf
salaire_base.agents_payes_a_l_heure.categorie_3_1.echelon_3,2021-09-01,3.065,"Avenant n° 17 à la convention collective sectorielle du textile, agréé par arrêté du 23 juin 2022",https://www.pist.tn/jort/2022/2022A/Ja0712022.pdf
salaire_base.agents_payes_a_l_heure.categorie_3_1.echelon_3,2022-05-01,3.28,"Avenant n° 17 à la convention collective sectorielle du textile, agréé par arrêté du 23 juin 2022",https://www.pist.tn/jort/2022/2022A/Ja0712022.pdf
salaire_base.agents_payes_a_l_heure.categorie_3_1.echelon_3,2024-01-01,3.493,"Avenant n° 18 à la convention collective sectorielle du textile, agréé par arrêté du 8 avril 2024",https://www.pist.tn/jort/2024/2024A/Ja0492024.pdf
salaire_base.agents_payes_a_l_heure.categorie_3_1.echelon_3,2025-01-01,3.72,"Avenant n° 18 à la convention collective sectorielle du textile, agréé par arrêté du 8 avril 2024",https://www.pist.tn/jort/2024/2024A/Ja0492024.pdf
salaire_base.agents_payes_a_l_heure.categorie_3_1.echelon_3,2026-01-01,3.98,"Avenant n° 18 à la convention collective sectorielle du textile, agréé par arrêté du 8 avril 2024",https://www.pist.tn/jort/2024/2024A/Ja0492024.pdf
salaire_base.agents_payes_a_l_heure.categorie_3_1.echelon_4,1994-05-01,0.851,"Avenant n° 5 à la convention collective nationale du textile, agréé par arrêté du 22 septembre 1994",https://www.pist.tn/jort/1994/1994F/Jo07894.pdf
salaire_base.agents_payes_a_l_heure.categorie_3_1.echelon_4,1995-05-01,0.899,"Avenant n° 5 à la convention collective nationale du textile, agréé par arrêté du 22 septembre 1994",https://www.pist.tn/jort/1994/1994F/Jo07894.pdf
salaire_base.agents_payes_a_l_heure.categorie_3_1.echelon_4,1996-05-01,0.947,"Avenant n° 6 à la convention collective nationale du textile, agréé par arrêté du 24 juillet 1996",https://www.pist.tn/jort/1996/1996A/Ja06096.pdf
salaire_base.agents_payes_a_l_heure.categorie_3_1.echelon_4,1997-05-01,1.0,"Avenant n° 6 à la convention collective nationale du textile, agréé par arrêté du 24 juillet 1996",https://www.pist.tn/jort/1996/1996A/Ja06096.pdf
salaire_base.agents_payes_a_l_heure.categorie_3_1.echelon_4,1998-05-01,1.058,"Avenant n° 6 à la convention collective nationale du textile, agréé par arrêté du 24 juillet 1996",https://www.pist.tn/jort/1996/1996A/Ja06096.pdf
salaire_base.agents_payes_a_l_heure.categorie_3_1.echelon_4,1999-05-01,1.111,"Avenant n° 7 à la convention collective nationale du textile, agréé par arrêté du 9 juin 1999",https://www.pist.tn/jort/1999/1999A/Ja04899.pdf
salaire_base.agents_payes_a_l_heure.categorie_3_1.echelon_4,2000-05-01,1.164,"Avenant n° 7 à la convention collective nationale du textile, agréé par arrêté du 9 juin 1999",https://www.pist.tn/jort/1999/1999A/Ja04899.pdf
salaire_base.agents_payes_a_l_heure.categorie_3_1.echelon_4,2001-05-01,1.217,"Avenant n° 7 à la convention collective nationale du textile, agréé par arrêté du 9 juin 1999",https://www.pist.tn/jort/1999/1999A/Ja04899.pdf
salaire_base.agents_payes_a_l_heure.categorie_3_1.echelon_4,2002-05-01,1.27,"Avenant n° 8 à la convention collective nationale du textile, agréé par arrêté du 25 novembre 2002",https://www.pist.tn/jort/2002/2002A/Ja0972002.pdf
salaire_base.agents_payes_a_l_heure.categorie_3_1.echelon_4,2003-05-01,1.325,"Avenant n° 8 à la convention collective nationale du textile, agréé par arrêté du 25 novembre 2002",https://www.pist.tn/jort/2002/2002A/Ja0972002.pdf
salaire_base.agents_payes_a_l_heure.categorie_3_1.echelon_4,2004-05-01,1.385,"Avenant n° 8 à la convention collective nationale du textile, agréé par arrêté du 25 novembre 2002",https://www.pist.tn/jort/2002/2002A/Ja0972002.pdf
salaire_base.agents_payes_a_l_heure.categorie_3_1.echelon_4,2005-06-15,1.438,"Avenant n° 9 à la convention collective sectorielle du textile, agréé par arrêté du 17 janvier 2006",https://www.pist.tn/jort/2006/2006A/Ja0072006.pdf
salaire_base.agents_payes_a_l_heure.categorie_3_1.echelon_4,2006-05-01,1.496,"Avenant n° 9 à la convention collective sectorielle du textile, agréé par arrêté du 17 janvier 2006",https://www.pist.tn/jort/2006/2006A/Ja0072006.pdf
salaire_base.agents_payes_a_l_heure.categorie_3_1.echelon_4,2007-05-01,1.554,"Avenant n° 9 à la convention collective sectorielle du textile, agréé par arrêté du 17 janvier 2006",https://www.pist.tn/jort/2006/2006A/Ja0072006.pdf
salaire_base.agents_payes_a_l_heure.categorie_3_1.echelon_4,2008-05-01,1.632,"Avenant n° 10 à la convention collective sectorielle du textile, agréé par arrêté du 17 février 2009",https://www.pist.tn/jort/2009/2009A/Ja0162009.pdf
salaire_base.agents_payes_a_l_heure.categorie_3_1.echelon_4,2009-05-01,1.709,"Avenant n° 10 à la convention collective sectorielle du textile, agréé par arrêté du 17 février 2009",https://www.pist.tn/jort/2009/2009A/Ja0162009.pdf
salaire_base.agents_payes_a_l_heure.categorie_3_1.echelon_4,2010-05-01,1.795,"Avenant n° 10 à la convention collective sectorielle du textile, agréé par arrêté du 17 février 2009",https://www.pist.tn/jort/2009/2009A/Ja0162009.pdf
salaire_base.agents_payes_a_l_heure.categorie_3_1.echelon_4,2011-05-01,1.884,"Avenant n° 11 à la convention collective sectorielle du textile, agréé par arrêté du 11 octobre 2011",https://www.pist.tn/jort/2011/2011A/Ja0782011.pdf
salaire_base.agents_payes_a_l_heure.categorie_3_1.echelon_4,2012-05-01,1.996,"Avenant n° 12 à la convention collective sectorielle du textile, agréé par arrêté du 19 février 2013",https://www.pist.tn/jort/2013/2013A/Ja0162013.pdf
salaire_base.agents_payes_a_l_heure.categorie_3_1.echelon_4,2014-05-01,2.115,"Avenant n° 13 à la convention collective sectorielle du textile, agréé par arrêté du 17 octobre 2014",https://www.pist.tn/jort/2014/2014A/Ja0902014.pdf
salaire_base.agents_payes_a_l_heure.categorie_3_1.echelon_4,2015-09-01,2.241,"Avenant n° 14 à la convention collective sectorielle du textile, agréé par arrêté du 8 avril 2016",https://www.pist.tn/jort/2016/2016A/Ja0302016.pdf
salaire_base.agents_payes_a_l_heure.categorie_3_1.echelon_4,2016-08-01,2.375,"Avenant n° 15 à la convention collective sectorielle du textile, agréé par arrêté du 14 août 2017",https://www.pist.tn/jort/2017/2017A/Ja0662017.pdf
salaire_base.agents_payes_a_l_heure.categorie_3_1.echelon_4,2018-01-01,2.517,"Avenant n° 15 à la convention collective sectorielle du textile, agréé par arrêté du 14 août 2017",https://www.pist.tn/jort/2017/2017A/Ja0662017.pdf
salaire_base.agents_payes_a_l_heure.categorie_3_1.echelon_4,2019-01-01,2.692,"Avenant n° 16 à la convention collective sectorielle du textile, agréé par arrêté du 21 janvier 2019",https://www.pist.tn/jort/2019/2019A/Ja0112019.pdf
salaire_base.agents_payes_a_l_heure.categorie_3_1.echelon_4,2020-01-01,2.88,"Avenant n° 16 à la convention collective sectorielle du textile, agréé par arrêté du 21 janvier 2019",https://www.pist.tn/jort/2019/2019A/Ja0112019.pdf
salaire_base.agents_payes_a_l_heure.categorie_3_1.echelon_4,2021-09-01,3.067,"Avenant n° 17 à la convention collective sectorielle du textile, agréé par arrêté du 23 juin 2022",https://www.pist.tn/jort/2022/2022A/Ja0712022.pdf
salaire_base.agents_payes_a_l_heure.categorie_3_1.echelon_4,2022-05-01,3.282,"Avenant n° 17 à la convention collective sectorielle du textile, agréé par arrêté du 23 juin 2022",https://www.pist.tn/jort/2022/2022A/Ja0712022.pdf
salaire_base.agents_payes_a_l_heure.categorie_3_1.echelon_4,2024-01-01,3.495,"Avenant n° 18 à la convention collective sectorielle du textile, agréé par arrêté du 8 avril 2024",https://www.pist.tn/jort/2024/2024A/Ja0492024.pdf
salaire_base.agents_payes_a_l_heure.categorie_3_1.echelon_4,2025-01-01,3.722,"Avenant n° 18 à la convention collective sectorielle du textile, agréé par arrêté du 8 avril 2024",https://www.pist.tn/jort/2024/2024A/Ja0492024.pdf
salaire_base.agents_payes_a_l_heure.categorie_3_1.echelon_4,2026-01-01,3.983,"Avenant n° 18 à la convention collective sectorielle du textile, agréé par arrêté du 8 avril 2024",https://www.pist.tn/jort/2024/2024A/Ja0492024.pdf
salaire_base.agents_payes_a_l_heure.categorie_3_1.echelon_5,1994-05-01,0.853,"Avenant n° 5 à la convention collective nationale du textile, agréé par arrêté du 22 septembre 1994",https://www.pist.tn/jort/1994/1994F/Jo07894.pdf
salaire_base.agents_payes_a_l_heure.categorie_3_1.echelon_5,1995-05-01,0.901,"Avenant n° 5 à la convention collective nationale du textile, agréé par arrêté du 22 septembre 1994",https://www.pist.tn/jort/1994/1994F/Jo07894.pdf
salaire_base.agents_payes_a_l_heure.categorie_3_1.echelon_5,1996-05-01,0.949,"Avenant n° 6 à la convention collective nationale du textile, agréé par arrêté du 24 juillet 1996",https://www.pist.tn/jort/1996/1996A/Ja06096.pdf
salaire_base.agents_payes_a_l_heure.categorie_3_1.echelon_5,1997-05-01,1.002,"Avenant n° 6 à la convention collective nationale du textile, agréé par arrêté du 24 juillet 1996",https://www.pist.tn/jort/1996/1996A/Ja06096.pdf
salaire_base.agents_payes_a_l_heure.categorie_3_1.echelon_5,1998-05-01,1.06,"Avenant n° 6 à la convention collective nationale du textile, agréé par arrêté du 24 juillet 1996",https://www.pist.tn/jort/1996/1996A/Ja06096.pdf
salaire_base.agents_payes_a_l_heure.categorie_3_1.echelon_5,1999-05-01,1.113,"Avenant n° 7 à la convention collective nationale du textile, agréé par arrêté du 9 juin 1999",https://www.pist.tn/jort/1999/1999A/Ja04899.pdf
salaire_base.agents_payes_a_l_heure.categorie_3_1.echelon_5,2000-05-01,1.166,"Avenant n° 7 à la convention collective nationale du textile, agréé par arrêté du 9 juin 1999",https://www.pist.tn/jort/1999/1999A/Ja04899.pdf
salaire_base.agents_payes_a_l_heure.categorie_3_1.echelon_5,2001-05-01,1.219,"Avenant n° 7 à la convention collective nationale du textile, agréé par arrêté du 9 juin 1999",https://www.pist.tn/jort/1999/1999A/Ja04899.pdf
salaire_base.agents_payes_a_l_heure.categorie_3_1.echelon_5,2002-05-01,1.272,"Avenant n° 8 à la convention collective nationale du textile, agréé par arrêté du 25 novembre 2002",https://www.pist.tn/jort/2002/2002A/Ja0972002.pdf
salaire_base.agents_payes_a_l_heure.categorie_3_1.echelon_5,2003-05-01,1.327,"Avenant n° 8 à la convention collective nationale du textile, agréé par arrêté du 25 novembre 2002",https://www.pist.tn/jort/2002/2002A/Ja0972002.pdf
salaire_base.agents_payes_a_l_heure.categorie_3_1.echelon_5,2004-05-01,1.387,"Avenant n° 8 à la convention collective nationale du textile, agréé par arrêté du 25 novembre 2002",https://www.pist.tn/jort/2002/2002A/Ja0972002.pdf
salaire_base.agents_payes_a_l_heure.categorie_3_1.echelon_5,2005-06-15,1.44,"Avenant n° 9 à la convention collective sectorielle du textile, agréé par arrêté du 17 janvier 2006",https://www.pist.tn/jort/2006/2006A/Ja0072006.pdf
salaire_base.agents_payes_a_l_heure.categorie_3_1.echelon_5,2006-05-01,1.498,"Avenant n° 9 à la convention collective sectorielle du textile, agréé par arrêté du 17 janvier 2006",https://www.pist.tn/jort/2006/2006A/Ja0072006.pdf
salaire_base.agents_payes_a_l_heure.categorie_3_1.echelon_5,2007-05-01,1.556,"Avenant n° 9 à la convention collective sectorielle du textile, agréé par arrêté du 17 janvier 2006",https://www.pist.tn/jort/2006/2006A/Ja0072006.pdf
salaire_base.agents_payes_a_l_heure.categorie_3_1.echelon_5,2008-05-01,1.635,"Avenant n° 10 à la convention collective sectorielle du textile, agréé par arrêté du 17 février 2009",https://www.pist.tn/jort/2009/2009A/Ja0162009.pdf
salaire_base.agents_payes_a_l_heure.categorie_3_1.echelon_5,2009-05-01,1.712,"Avenant n° 10 à la convention collective sectorielle du textile, agréé par arrêté du 17 février 2009",https://www.pist.tn/jort/2009/2009A/Ja0162009.pdf
salaire_base.agents_payes_a_l_heure.categorie_3_1.echelon_5,2010-05-01,1.798,"Avenant n° 10 à la convention collective sectorielle du textile, agréé par arrêté du 17 février 2009",https://www.pist.tn/jort/2009/2009A/Ja0162009.pdf
salaire_base.agents_payes_a_l_heure.categorie_3_1.echelon_5,2011-05-01,1.887,"Avenant n° 11 à la convention collective sectorielle du textile, agréé par arrêté du 11 octobre 2011",https://www.pist.tn/jort/2011/2011A/Ja0782011.pdf
salaire_base.agents_payes_a_l_heure.categorie_3_1.echelon_5,2012-05-01,1.999,"Avenant n° 12 à la convention collective sectorielle du textile, agréé par arrêté du 19 février 2013",https://www.pist.tn/jort/2013/2013A/Ja0162013.pdf
salaire_base.agents_payes_a_l_heure.categorie_3_1.echelon_5,2014-05-01,2.118,"Avenant n° 13 à la convention collective sectorielle du textile, agréé par arrêté du 17 octobre 2014",https://www.pist.tn/jort/2014/2014A/Ja0902014.pdf
salaire_base.agents_payes_a_l_heure.categorie_3_1.echelon_5,2015-09-01,2.244,"Avenant n° 14 à la convention collective sectorielle du textile, agréé par arrêté du 8 avril 2016",https://www.pist.tn/jort/2016/2016A/Ja0302016.pdf
salaire_base.agents_payes_a_l_heure.categorie_3_1.echelon_5,2016-08-01,2.378,"Avenant n° 15 à la convention collective sectorielle du textile, agréé par arrêté du 14 août 2017",https://www.pist.tn/jort/2017/2017A/Ja0662017.pdf
salaire_base.agents_payes_a_l_heure.categorie_3_1.echelon_5,2018-01-01,2.52,"Avenant n° 15 à la convention collective sectorielle du textile, agréé par arrêté du 14 août 2017",https://www.pist.tn/jort/2017/2017A/Ja0662017.pdf
salaire_base.agents_payes_a_l_heure.categorie_3_1.echelon_5,2019-01-01,2.695,"Avenant n° 16 à la convention collective sectorielle du textile, agréé par arrêté du 21 janvier 2019",https://www.pist.tn/jort/2019/2019A/Ja0112019.pdf
salaire_base.agents_payes_a_l_heure.categorie_3_1.echelon_5,2020-01-01,2.883,"Avenant n° 16 à la convention collective sectorielle du textile, agréé par arrêté du 21 janvier 2019",https://www.pist.tn/jort/2019/2019A/Ja0112019.pdf
salaire_base.agents_payes_a_l_heure.categorie_3_1.echelon_5,2021-09-01,3.07,"Avenant n° 17 à la convention collective sectorielle du textile, agréé par arrêté du 23 juin 2022",https://www.pist.tn/jort/2022/2022A/Ja0712022.pdf
salaire_base.agents_payes_a_l_heure.categorie_3_1.echelon_5,2022-05-01,3.285,"Avenant n° 17 à la convention collective sectorielle du textile, agréé par arrêté du 23 juin 2022",https://www.pist.tn/jort/2022/2022A/Ja0712022.pdf
salaire_base.agents_payes_a_l_heure.categorie_3_1.echelon_5,2024-01-01,3.499,"Avenant n° 18 à la convention collective sectorielle du textile, agréé par arrêté du 8 avril 2024",https://www.pist.tn/jort/2024/2024A/Ja0492024.pdf
salaire_base.agents_payes_a_l_heure.categorie_3_1.echelon_5,2025-01-01,3.726,"Avenant n° 18 à la convention collective sectorielle du textile, agréé par arrêté du 8 avril 2024",https://www.pist.tn/jort/2024/2024A/Ja0492024.pdf
salaire_base.agents_payes_a_l_heure.categorie_3_1.echelon_5,2026-01-01,3.987,"Avenant n° 18 à la convention collective sectorielle du textile, agréé par arrêté du 8 avril 2024",https://www.pist.tn/jort/2024/2024A/Ja0492024.pdf
salaire_base.agents_payes_a_l_heure.categorie_3_1.echelon_6,1994-05-01,0.856,"Avenant n° 5 à la convention collective nationale du textile, agréé par arrêté du 22 septembre 1994",https://www.pist.tn/jort/1994/1994F/Jo07894.pdf
salaire_base.agents_payes_a_l_heure.categorie_3_1.echelon_6,1995-05-01,0.904,"Avenant n° 5 à la convention collective nationale du textile, agréé par arrêté du 22 septembre 1994",https://www.pist.tn/jort/1994/1994F/Jo07894.pdf
salaire_base.agents_payes_a_l_heure.categorie_3_1.echelon_6,1996-05-01,0.952,"Avenant n° 6 à la convention collective nationale du textile, agréé par arrêté du 24 juillet 1996",https://www.pist.tn/jort/1996/1996A/Ja06096.pdf
salaire_base.agents_payes_a_l_heure.categorie_3_1.echelon_6,1997-05-01,1.005,"Avenant n° 6 à la convention collective nationale du textile, agréé par arrêté du 24 juillet 1996",https://www.pist.tn/jort/1996/1996A/Ja06096.pdf
salaire_base.agents_payes_a_l_heure.categorie_3_1.echelon_6,1998-05-01,1.063,"Avenant n° 6 à la convention collective nationale du textile, agréé par arrêté du 24 juillet 1996",https://www.pist.tn/jort/1996/1996A/Ja06096.pdf
salaire_base.agents_payes_a_l_heure.categorie_3_1.echelon_6,1999-05-01,1.116,"Avenant n° 7 à la convention collective nationale du textile, agréé par arrêté du 9 juin 1999",https://www.pist.tn/jort/1999/1999A/Ja04899.pdf
salaire_base.agents_payes_a_l_heure.categorie_3_1.echelon_6,2000-05-01,1.169,"Avenant n° 7 à la convention collective nationale du textile, agréé par arrêté du 9 juin 1999",https://www.pist.tn/jort/1999/1999A/Ja04899.pdf
salaire_base.agents_payes_a_l_heure.categorie_3_1.echelon_6,2001-05-01,1.222,"Avenant n° 7 à la convention collective nationale du textile, agréé par arrêté du 9 juin 1999",https://www.pist.tn/jort/1999/1999A/Ja04899.pdf
salaire_base.agents_payes_a_l_heure.categorie_3_1.echelon_6,2002-05-01,1.275,"Avenant n° 8 à la convention collective nationale du textile, agréé par arrêté du 25 novembre 2002",https://www.pist.tn/jort/2002/2002A/Ja0972002.pdf
salaire_base.agents_payes_a_l_heure.categorie_3_1.echelon_6,2003-05-01,1.33,"Avenant n° 8 à la convention collective nationale du textile, agréé par arrêté du 25 novembre 2002",https://www.pist.tn/jort/2002/2002A/Ja0972002.pdf
salaire_base.agents_payes_a_l_heure.categorie_3_1.echelon_6,2004-05-01,1.39,"Avenant n° 8 à la convention collective nationale du textile, agréé par arrêté du 25 novembre 2002",https://www.pist.tn/jort/2002/2002A/Ja0972002.pdf
salaire_base.agents_payes_a_l_heure.categorie_3_1.echelon_6,2005-06-15,1.443,"Avenant n° 9 à la convention collective sectorielle du textile, agréé par arrêté du 17 janvier 2006",https://www.pist.tn/jort/2006/2006A/Ja0072006.pdf
salaire_base.agents_payes_a_l_heure.categorie_3_1.echelon_6,2006-05-01,1.501,"Avenant n° 9 à la convention collective sectorielle du textile, agréé par arrêté du 17 janvier 2006",https://www.pist.tn/jort/2006/2006A/Ja0072006.pdf
salaire_base.agents_payes_a_l_heure.categorie_3_1.echelon_6,2007-05-01,1.559,"Avenant n° 9 à la convention collective sectorielle du textile, agréé par arrêté du 17 janvier 2006",https://www.pist.tn/jort/2006/2006A/Ja0072006.pdf
salaire_base.agents_payes_a_l_heure.categorie_3_1.echelon_6,2008-05-01,1.639,"Avenant n° 10 à la convention collective sectorielle du textile, agréé par arrêté du 17 février 2009",https://www.pist.tn/jort/2009/2009A/Ja0162009.pdf
salaire_base.agents_payes_a_l_heure.categorie_3_1.echelon_6,2009-05-01,1.716,"Avenant n° 10 à la convention collective sectorielle du textile, agréé par arrêté du 17 février 2009",https://www.pist.tn/jort/2009/2009A/Ja0162009.pdf
salaire_base.agents_payes_a_l_heure.categorie_3_1.echelon_6,2010-05-01,1.803,"Avenant n° 10 à la convention collective sectorielle du textile, agréé par arrêté du 17 février 2009",https://www.pist.tn/jort/2009/2009A/Ja0162009.pdf
salaire_base.agents_payes_a_l_heure.categorie_3_1.echelon_6,2011-05-01,1.892,"Avenant n° 11 à la convention collective sectorielle du textile, agréé par arrêté du 11 octobre 2011",https://www.pist.tn/jort/2011/2011A/Ja0782011.pdf
salaire_base.agents_payes_a_l_heure.categorie_3_1.echelon_6,2012-05-01,2.004,"Avenant n° 12 à la convention collective sectorielle du textile, agréé par arrêté du 19 février 2013",https://www.pist.tn/jort/2013/2013A/Ja0162013.pdf
salaire_base.agents_payes_a_l_heure.categorie_3_1.echelon_6,2014-05-01,2.123,"Avenant n° 13 à la convention collective sectorielle du textile, agréé par arrêté du 17 octobre 2014",https://www.pist.tn/jort/2014/2014A/Ja0902014.pdf
salaire_base.agents_payes_a_l_heure.categorie_3_1.echelon_6,2015-09-01,2.249,"Avenant n° 14 à la convention collective sectorielle du textile, agréé par arrêté du 8 avril 2016",https://www.pist.tn/jort/2016/2016A/Ja0302016.pdf
salaire_base.agents_payes_a_l_heure.categorie_3_1.echelon_6,2016-08-01,2.383,"Avenant n° 15 à la convention collective sectorielle du textile, agréé par arrêté du 14 août 2017",https://www.pist.tn/jort/2017/2017A/Ja0662017.pdf
salaire_base.agents_payes_a_l_heure.categorie_3_1.echelon_6,2018-01-01,2.525,"Avenant n° 15 à la convention collective sectorielle du textile, agréé par arrêté du 14 août 2017",https://www.pist.tn/jort/2017/2017A/Ja0662017.pdf
salaire_base.agents_payes_a_l_heure.categorie_3_1.echelon_6,2019-01-01,2.7,"Avenant n° 16 à la convention collective sectorielle du textile, agréé par arrêté du 21 janvier 2019",https://www.pist.tn/jort/2019/2019A/Ja0112019.pdf
salaire_base.agents_payes_a_l_heure.categorie_3_1.echelon_6,2020-01-01,2.888,"Avenant n° 16 à la convention collective sectorielle du textile, agréé par arrêté du 21 janvier 2019",https://www.pist.tn/jort/2019/2019A/Ja0112019.pdf
salaire_base.agents_payes_a_l_heure.categorie_3_1.echelon_6,2021-09-01,3.076,"Avenant n° 17 à la convention collective sectorielle du textile, agréé par arrêté du 23 juin 2022",https://www.pist.tn/jort/2022/2022A/Ja0712022.pdf
salaire_base.agents_payes_a_l_heure.categorie_3_1.echelon_6,2022-05-01,3.291,"Avenant n° 17 à la convention collective sectorielle du textile, agréé par arrêté du 23 juin 2022",https://www.pist.tn/jort/2022/2022A/Ja0712022.pdf
salaire_base.agents_payes_a_l_heure.categorie_3_1.echelon_6,2024-01-01,3.505,"Avenant n° 18 à la convention collective sectorielle du textile, agréé par arrêté du 8 avril 2024",https://www.pist.tn/jort/2024/2024A/Ja0492024.pdf
salaire_base.agents_payes_a_l_heure.categorie_3_1.echelon_6,2025-01-01,3.733,"Avenant n° 18 à la convention collective sectorielle du textile, agréé par arrêté du 8 avril 2024",https://www.pist.tn/jort/2024/2024A/Ja0492024.pdf
salaire_base.agents_payes_a_l_heure.categorie_3_1.echelon_6,2026-01-01,3.994,"Avenant n° 18 à la convention collective sectorielle du textile, agréé par arrêté du 8 avril 2024",https://www.pist.tn/jort/2024/2024A/Ja0492024.pdf
salaire_base.agents_payes_a_l_heure.categorie_3_1.echelon_7,1994-05-01,0.861,"Avenant n° 5 à la convention collective nationale du textile, agréé par arrêté du 22 septembre 1994",https://www.pist.tn/jort/1994/1994F/Jo07894.pdf
salaire_base.agents_payes_a_l_heure.categorie_3_1.echelon_7,1995-05-01,0.909,"Avenant n° 5 à la convention collective nationale du textile, agréé par arrêté du 22 septembre 1994",https://www.pist.tn/jort/1994/1994F/Jo07894.pdf
salaire_base.agents_payes_a_l_heure.categorie_3_1.echelon_7,1996-05-01,0.957,"Avenant n° 6 à la convention collective nationale du textile, agréé par arrêté du 24 juillet 1996",https://www.pist.tn/jort/1996/1996A/Ja06096.pdf
salaire_base.agents_payes_a_l_heure.categorie_3_1.echelon_7,1997-05-01,1.01,"Avenant n° 6 à la convention collective nationale du textile, agréé par arrêté du 24 juillet 1996",https://www.pist.tn/jort/1996/1996A/Ja06096.pdf
salaire_base.agents_payes_a_l_heure.categorie_3_1.echelon_7,1998-05-01,1.068,"Avenant n° 6 à la convention collective nationale du textile, agréé par arrêté du 24 juillet 1996",https://www.pist.tn/jort/1996/1996A/Ja06096.pdf
salaire_base.agents_payes_a_l_heure.categorie_3_1.echelon_7,1999-05-01,1.121,"Avenant n° 7 à la convention collective nationale du textile, agréé par arrêté du 9 juin 1999",https://www.pist.tn/jort/1999/1999A/Ja04899.pdf
salaire_base.agents_payes_a_l_heure.categorie_3_1.echelon_7,2000-05-01,1.174,"Avenant n° 7 à la convention collective nationale du textile, agréé par arrêté du 9 juin 1999",https://www.pist.tn/jort/1999/1999A/Ja04899.pdf
salaire_base.agents_payes_a_l_heure.categorie_3_1.echelon_7,2001-05-01,1.227,"Avenant n° 7 à la convention collective nationale du textile, agréé par arrêté du 9 juin 1999",https://www.pist.tn/jort/1999/1999A/Ja04899.pdf
salaire_base.agents_payes_a_l_heure.categorie_3_1.echelon_7,2002-05-01,1.28,"Avenant n° 8 à la convention collective nationale du textile, agréé par arrêté du 25 novembre 2002",https://www.pist.tn/jort/2002/2002A/Ja0972002.pdf
salaire_base.agents_payes_a_l_heure.categorie_3_1.echelon_7,2003-05-01,1.335,"Avenant n° 8 à la convention collective nationale du textile, agréé par arrêté du 25 novembre 2002",https://www.pist.tn/jort/2002/2002A/Ja0972002.pdf
salaire_base.agents_payes_a_l_heure.categorie_3_1.echelon_7,2004-05-01,1.395,"Avenant n° 8 à la convention collective nationale du textile, agréé par arrêté du 25 novembre 2002",https://www.pist.tn/jort/2002/2002A/Ja0972002.pdf
salaire_base.agents_payes_a_l_heure.categorie_3_1.echelon_7,2005-06-15,1.448,"Avenant n° 9 à la convention collective sectorielle du textile, agréé par arrêté du 17 janvier 2006",https://www.pist.tn/jort/2006/2006A/Ja0072006.pdf
salaire_base.agents_payes_a_l_heure.categorie_3_1.echelon_7,2006-05-01,1.506,"Avenant n° 9 à la convention collective sectorielle du textile, agréé par arrêté du 17 janvier 2006",https://www.pist.tn/jort/2006/2006A/Ja0072006.pdf
salaire_base.agents_payes_a_l_heure.categorie_3_1.echelon_7,2007-05-01,1.564,"Avenant n° 9 à la convention collective sectorielle du textile, agréé par arrêté du 17 janvier 2006",https://www.pist.tn/jort/2006/2006A/Ja0072006.pdf
salaire_base.agents_payes_a_l_heure.categorie_3_1.echelon_7,2008-05-01,1.644,"Avenant n° 10 à la convention collective sectorielle du textile, agréé par arrêté du 17 février 2009",https://www.pist.tn/jort/2009/2009A/Ja0162009.pdf
salaire_base.agents_payes_a_l_heure.categorie_3_1.echelon_7,2009-05-01,1.721,"Avenant n° 10 à la convention collective sectorielle du textile, agréé par arrêté du 17 février 2009",https://www.pist.tn/jort/2009/2009A/Ja0162009.pdf
salaire_base.agents_payes_a_l_heure.categorie_3_1.echelon_7,2010-05-01,1.809,"Avenant n° 10 à la convention collective sectorielle du textile, agréé par arrêté du 17 février 2009",https://www.pist.tn/jort/2009/2009A/Ja0162009.pdf
salaire_base.agents_payes_a_l_heure.categorie_3_1.echelon_7,2011-05-01,1.898,"Avenant n° 11 à la convention collective sectorielle du textile, agréé par arrêté du 11 octobre 2011",https://www.pist.tn/jort/2011/2011A/Ja0782011.pdf
salaire_base.agents_payes_a_l_heure.categorie_3_1.echelon_7,2012-05-01,2.01,"Avenant n° 12 à la convention collective sectorielle du textile, agréé par arrêté du 19 février 2013",https://www.pist.tn/jort/2013/2013A/Ja0162013.pdf
salaire_base.agents_payes_a_l_heure.categorie_3_1.echelon_7,2014-05-01,2.129,"Avenant n° 13 à la convention collective sectorielle du textile, agréé par arrêté du 17 octobre 2014",https://www.pist.tn/jort/2014/2014A/Ja0902014.pdf
salaire_base.agents_payes_a_l_heure.categorie_3_1.echelon_7,2015-09-01,2.255,"Avenant n° 14 à la convention collective sectorielle du textile, agréé par arrêté du 8 avril 2016",https://www.pist.tn/jort/2016/2016A/Ja0302016.pdf
salaire_base.agents_payes_a_l_heure.categorie_3_1.echelon_7,2016-08-01,2.389,"Avenant n° 15 à la convention collective sectorielle du textile, agréé par arrêté du 14 août 2017",https://www.pist.tn/jort/2017/2017A/Ja0662017.pdf
salaire_base.agents_payes_a_l_heure.categorie_3_1.echelon_7,2018-01-01,2.531,"Avenant n° 15 à la convention collective sectorielle du textile, agréé par arrêté du 14 août 2017",https://www.pist.tn/jort/2017/2017A/Ja0662017.pdf
salaire_base.agents_payes_a_l_heure.categorie_3_1.echelon_7,2019-01-01,2.706,"Avenant n° 16 à la convention collective sectorielle du textile, agréé par arrêté du 21 janvier 2019",https://www.pist.tn/jort/2019/2019A/Ja0112019.pdf
salaire_base.agents_payes_a_l_heure.categorie_3_1.echelon_7,2020-01-01,2.894,"Avenant n° 16 à la convention collective sectorielle du textile, agréé par arrêté du 21 janvier 2019",https://www.pist.tn/jort/2019/2019A/Ja0112019.pdf
salaire_base.agents_payes_a_l_heure.categorie_3_1.echelon_7,2021-09-01,3.082,"Avenant n° 17 à la convention collective sectorielle du textile, agréé par arrêté du 23 juin 2022",https://www.pist.tn/jort/2022/2022A/Ja0712022.pdf
salaire_base.agents_payes_a_l_heure.categorie_3_1.echelon_7,2022-05-01,3.298,"Avenant n° 17 à la convention collective sectorielle du textile, agréé par arrêté du 23 juin 2022",https://www.pist.tn/jort/2022/2022A/Ja0712022.pdf
salaire_base.agents_payes_a_l_heure.categorie_3_1.echelon_7,2024-01-01,3.512,"Avenant n° 18 à la convention collective sectorielle du textile, agréé par arrêté du 8 avril 2024",https://www.pist.tn/jort/2024/2024A/Ja0492024.pdf
salaire_base.agents_payes_a_l_heure.categorie_3_1.echelon_7,2025-01-01,3.741,"Avenant n° 18 à la convention collective sectorielle du textile, agréé par arrêté du 8 avril 2024",https://www.pist.tn/jort/2024/2024A/Ja0492024.pdf
salaire_base.agents_payes_a_l_heure.categorie_3_1.echelon_7,2026-01-01,4.002,"Avenant n° 18 à la convention collective sectorielle du textile, agréé par arrêté du 8 avril 2024",https://www.pist.tn/jort/2024/2024A/Ja0492024.pdf
salaire_base.agents_payes_a_l_heure.categorie_3_1.echelon_8,1994-05-01,0.867,"Avenant n° 5 à la convention collective nationale du textile, agréé par arrêté du 22 septembre 1994",https://www.pist.tn/jort/1994/1994F/Jo07894.pdf
salaire_base.agents_payes_a_l_heure.categorie_3_1.echelon_8,1995-05-01,0.915,"Avenant n° 5 à la convention collective nationale du textile, agréé par arrêté du 22 septembre 1994",https://www.pist.tn/jort/1994/1994F/Jo07894.pdf
salaire_base.agents_payes_a_l_heure.categorie_3_1.echelon_8,1996-05-01,0.963,"Avenant n° 6 à la convention collective nationale du textile, agréé par arrêté du 24 juillet 1996",https://www.pist.tn/jort/1996/1996A/Ja06096.pdf
salaire_base.agents_payes_a_l_heure.categorie_3_1.echelon_8,1997-05-01,1.016,"Avenant n° 6 à la convention collective nationale du textile, agréé par arrêté du 24 juillet 1996",https://www.pist.tn/jort/1996/1996A/Ja06096.pdf
salaire_base.agents_payes_a_l_heure.categorie_3_1.echelon_8,1998-05-01,1.074,"Avenant n° 6 à la convention collective nationale du textile, agréé par arrêté du 24 juillet 1996",https://www.pist.tn/jort/1996/1996A/Ja06096.pdf
salaire_base.agents_payes_a_l_heure.categorie_3_1.echelon_8,1999-05-01,1.127,"Avenant n° 7 à la convention collective nationale du textile, agréé par arrêté du 9 juin 1999",https://www.pist.tn/jort/1999/1999A/Ja04899.pdf
salaire_base.agents_payes_a_l_heure.categorie_3_1.echelon_8,2000-05-01,1.18,"Avenant n° 7 à la convention collective nationale du textile, agréé par arrêté du 9 juin 1999",https://www.pist.tn/jort/1999/1999A/Ja04899.pdf
salaire_base.agents_payes_a_l_heure.categorie_3_1.echelon_8,2001-05-01,1.233,"Avenant n° 7 à la convention collective nationale du textile, agréé par arrêté du 9 juin 1999",https://www.pist.tn/jort/1999/1999A/Ja04899.pdf
salaire_base.agents_payes_a_l_heure.categorie_3_1.echelon_8,2002-05-01,1.286,"Avenant n° 8 à la convention collective nationale du textile, agréé par arrêté du 25 novembre 2002",https://www.pist.tn/jort/2002/2002A/Ja0972002.pdf
salaire_base.agents_payes_a_l_heure.categorie_3_1.echelon_8,2003-05-01,1.341,"Avenant n° 8 à la convention collective nationale du textile, agréé par arrêté du 25 novembre 2002",https://www.pist.tn/jort/2002/2002A/Ja0972002.pdf
salaire_base.agents_payes_a_l_heure.categorie_3_1.echelon_8,2004-05-01,1.401,"Avenant n° 8 à la convention collective nationale du textile, agréé par arrêté du 25 novembre 2002",https://www.pist.tn/jort/2002/2002A/Ja0972002.pdf
salaire_base.agents_payes_a_l_heure.categorie_3_1.echelon_8,2005-06-15,1.454,"Avenant n° 9 à la convention collective sectorielle du textile, agréé par arrêté du 17 janvier 2006",https://www.pist.tn/jort/2006/2006A/Ja0072006.pdf
salaire_base.agents_payes_a_l_heure.categorie_3_1.echelon_8,2006-05-01,1.512,"Avenant n° 9 à la convention collective sectorielle du textile, agréé par arrêté du 17 janvier 2006",https://www.pist.tn/jort/2006/2006A/Ja0072006.pdf
salaire_base.agents_payes_a_l_heure.categorie_3_1.echelon_8,2007-05-01,1.57,"Avenant n° 9 à la convention collective sectorielle du textile, agréé par arrêté du 17 janvier 2006",https://www.pist.tn/jort/2006/2006A/Ja0072006.pdf
salaire_base.agents_payes_a_l_heure.categorie_3_1.echelon_8,2008-05-01,1.651,"Avenant n° 10 à la convention collective sectorielle du textile, agréé par arrêté du 17 février 2009",https://www.pist.tn/jort/2009/2009A/Ja0162009.pdf
salaire_base.agents_payes_a_l_heure.categorie_3_1.echelon_8,2009-05-01,1.728,"Avenant n° 10 à la convention collective sectorielle du textile, agréé par arrêté du 17 février 2009",https://www.pist.tn/jort/2009/2009A/Ja0162009.pdf
salaire_base.agents_payes_a_l_heure.categorie_3_1.echelon_8,2010-05-01,1.816,"Avenant n° 10 à la convention collective sectorielle du textile, agréé par arrêté du 17 février 2009",https://www.pist.tn/jort/2009/2009A/Ja0162009.pdf
salaire_base.agents_payes_a_l_heure.categorie_3_1.echelon_8,2011-05-01,1.905,"Avenant n° 11 à la convention collective sectorielle du textile, agréé par arrêté du 11 octobre 2011",https://www.pist.tn/jort/2011/2011A/Ja0782011.pdf
salaire_base.agents_payes_a_l_heure.categorie_3_1.echelon_8,2012-05-01,2.017,"Avenant n° 12 à la convention collective sectorielle du textile, agréé par arrêté du 19 février 2013",https://www.pist.tn/jort/2013/2013A/Ja0162013.pdf
salaire_base.agents_payes_a_l_heure.categorie_3_1.echelon_8,2014-05-01,2.136,"Avenant n° 13 à la convention collective sectorielle du textile, agréé par arrêté du 17 octobre 2014",https://www.pist.tn/jort/2014/2014A/Ja0902014.pdf
salaire_base.agents_payes_a_l_heure.categorie_3_1.echelon_8,2015-09-01,2.262,"Avenant n° 14 à la convention collective sectorielle du textile, agréé par arrêté du 8 avril 2016",https://www.pist.tn/jort/2016/2016A/Ja0302016.pdf
salaire_base.agents_payes_a_l_heure.categorie_3_1.echelon_8,2016-08-01,2.396,"Avenant n° 15 à la convention collective sectorielle du textile, agréé par arrêté du 14 août 2017",https://www.pist.tn/jort/2017/2017A/Ja0662017.pdf
salaire_base.agents_payes_a_l_heure.categorie_3_1.echelon_8,2018-01-01,2.538,"Avenant n° 15 à la convention collective sectorielle du textile, agréé par arrêté du 14 août 2017",https://www.pist.tn/jort/2017/2017A/Ja0662017.pdf
salaire_base.agents_payes_a_l_heure.categorie_3_1.echelon_8,2019-01-01,2.713,"Avenant n° 16 à la convention collective sectorielle du textile, agréé par arrêté du 21 janvier 2019",https://www.pist.tn/jort/2019/2019A/Ja0112019.pdf
salaire_base.agents_payes_a_l_heure.categorie_3_1.echelon_8,2020-01-01,2.901,"Avenant n° 16 à la convention collective sectorielle du textile, agréé par arrêté du 21 janvier 2019",https://www.pist.tn/jort/2019/2019A/Ja0112019.pdf
salaire_base.agents_payes_a_l_heure.categorie_3_1.echelon_8,2021-09-01,3.09,"Avenant n° 17 à la convention collective sectorielle du textile, agréé par arrêté du 23 juin 2022",https://www.pist.tn/jort/2022/2022A/Ja0712022.pdf
salaire_base.agents_payes_a_l_heure.categorie_3_1.echelon_8,2022-05-01,3.306,"Avenant n° 17 à la convention collective sectorielle du textile, agréé par arrêté du 23 juin 2022",https://www.pist.tn/jort/2022/2022A/Ja0712022.pdf
salaire_base.agents_payes_a_l_heure.categorie_3_1.echelon_8,2024-01-01,3.521,"Avenant n° 18 à la convention collective sectorielle du textile, agréé par arrêté du 8 avril 2024",https://www.pist.tn/jort/2024/2024A/Ja0492024.pdf
salaire_base.agents_payes_a_l_heure.categorie_3_1.echelon_8,2025-01-01,3.75,"Avenant n° 18 à la convention collective sectorielle du textile, agréé par arrêté du 8 avril 2024",https://www.pist.tn/jort/2024/2024A/Ja0492024.pdf
salaire_base.agents_payes_a_l_heure.categorie_3_1.echelon_8,2026-01-01,4.012,"Avenant n° 18 à la convention collective sectorielle du textile, agréé par arrêté du 8 avril 2024",https://www.pist.tn/jort/2024/2024A/Ja0492024.pdf
salaire_base.agents_payes_a_l_heure.categorie_3_1.echelon_9,1994-05-01,0.874,"Avenant n° 5 à la convention collective nationale du textile, agréé par arrêté du 22 septembre 1994",https://www.pist.tn/jort/1994/1994F/Jo07894.pdf
salaire_base.agents_payes_a_l_heure.categorie_3_1.echelon_9,1995-05-01,0.922,"Avenant n° 5 à la convention collective nationale du textile, agréé par arrêté du 22 septembre 1994",https://www.pist.tn/jort/1994/1994F/Jo07894.pdf
salaire_base.agents_payes_a_l_heure.categorie_3_1.echelon_9,1996-05-01,0.97,"Avenant n° 6 à la convention collective nationale du textile, agréé par arrêté du 24 juillet 1996",https://www.pist.tn/jort/1996/1996A/Ja06096.pdf
salaire_base.agents_payes_a_l_heure.categorie_3_1.echelon_9,1997-05-01,1.023,"Avenant n° 6 à la convention collective nationale du textile, agréé par arrêté du 24 juillet 1996",https://www.pist.tn/jort/1996/1996A/Ja06096.pdf
salaire_base.agents_payes_a_l_heure.categorie_3_1.echelon_9,1998-05-01,1.081,"Avenant n° 6 à la convention collective nationale du textile, agréé par arrêté du 24 juillet 1996",https://www.pist.tn/jort/1996/1996A/Ja06096.pdf
salaire_base.agents_payes_a_l_heure.categorie_3_1.echelon_9,1999-05-01,1.134,"Avenant n° 7 à la convention collective nationale du textile, agréé par arrêté du 9 juin 1999",https://www.pist.tn/jort/1999/1999A/Ja04899.pdf
salaire_base.agents_payes_a_l_heure.categorie_3_1.echelon_9,2000-05-01,1.187,"Avenant n° 7 à la convention collective nationale du textile, agréé par arrêté du 9 juin 1999",https://www.pist.tn/jort/1999/1999A/Ja04899.pdf
salaire_base.agents_payes_a_l_heure.categorie_3_1.echelon_9,2001-05-01,1.24,"Avenant n° 7 à la convention collective nationale du textile, agréé par arrêté du 9 juin 1999",https://www.pist.tn/jort/1999/1999A/Ja04899.pdf
salaire_base.agents_payes_a_l_heure.categorie_3_1.echelon_9,2002-05-01,1.293,"Avenant n° 8 à la convention collective nationale du textile, agréé par arrêté du 25 novembre 2002",https://www.pist.tn/jort/2002/2002A/Ja0972002.pdf
salaire_base.agents_payes_a_l_heure.categorie_3_1.echelon_9,2003-05-01,1.348,"Avenant n° 8 à la convention collective nationale du textile, agréé par arrêté du 25 novembre 2002",https://www.pist.tn/jort/2002/2002A/Ja0972002.pdf
salaire_base.agents_payes_a_l_heure.categorie_3_1.echelon_9,2004-05-01,1.408,"Avenant n° 8 à la convention collective nationale du textile, agréé par arrêté du 25 novembre 2002",https://www.pist.tn/jort/2002/2002A/Ja0972002.pdf
salaire_base.agents_payes_a_l_heure.categorie_3_1.echelon_9,2005-06-15,1.461,"Avenant n° 9 à la convention collective sectorielle du textile, agréé par arrêté du 17 janvier 2006",https://www.pist.tn/jort/2006/2006A/Ja0072006.pdf
salaire_base.agents_payes_a_l_heure.categorie_3_1.echelon_9,2006-05-01,1.519,"Avenant n° 9 à la convention collective sectorielle du textile, agréé par arrêté du 17 janvier 2006",https://www.pist.tn/jort/2006/2006A/Ja0072006.pdf
salaire_base.agents_payes_a_l_heure.categorie_3_1.echelon_9,2007-05-01,1.577,"Avenant n° 9 à la convention collective sectorielle du textile, agréé par arrêté du 17 janvier 2006",https://www.pist.tn/jort/2006/2006A/Ja0072006.pdf
salaire_base.agents_payes_a_l_heure.categorie_3_1.echelon_9,2008-05-01,1.658,"Avenant n° 10 à la convention collective sectorielle du textile, agréé par arrêté du 17 février 2009",https://www.pist.tn/jort/2009/2009A/Ja0162009.pdf
salaire_base.agents_payes_a_l_heure.categorie_3_1.echelon_9,2009-05-01,1.735,"Avenant n° 10 à la convention collective sectorielle du textile, agréé par arrêté du 17 février 2009",https://www.pist.tn/jort/2009/2009A/Ja0162009.pdf
salaire_base.agents_payes_a_l_heure.categorie_3_1.echelon_9,2010-05-01,1.824,"Avenant n° 10 à la convention collective sectorielle du textile, agréé par arrêté du 17 février 2009",https://www.pist.tn/jort/2009/2009A/Ja0162009.pdf
salaire_base.agents_payes_a_l_heure.categorie_3_1.echelon_9,2011-05-01,1.913,"Avenant n° 11 à la convention collective sectorielle du textile, agréé par arrêté du 11 octobre 2011",https://www.pist.tn/jort/2011/2011A/Ja0782011.pdf
salaire_base.agents_payes_a_l_heure.categorie_3_1.echelon_9,2012-05-01,2.025,"Avenant n° 12 à la convention collective sectorielle du textile, agréé par arrêté du 19 février 2013",https://www.pist.tn/jort/2013/2013A/Ja0162013.pdf
salaire_base.agents_payes_a_l_heure.categorie_3_1.echelon_9,2014-05-01,2.144,"Avenant n° 13 à la convention collective sectorielle du textile, agréé par arrêté du 17 octobre 2014",https://www.pist.tn/jort/2014/2014A/Ja0902014.pdf
salaire_base.agents_payes_a_l_heure.categorie_3_1.echelon_9,2015-09-01,2.27,"Avenant n° 14 à la convention collective sectorielle du textile, agréé par arrêté du 8 avril 2016",https://www.pist.tn/jort/2016/2016A/Ja0302016.pdf
salaire_base.agents_payes_a_l_heure.categorie_3_1.echelon_9,2016-08-01,2.404,"Avenant n° 15 à la convention collective sectorielle du textile, agréé par arrêté du 14 août 2017",https://www.pist.tn/jort/2017/2017A/Ja0662017.pdf
salaire_base.agents_payes_a_l_heure.categorie_3_1.echelon_9,2018-01-01,2.546,"Avenant n° 15 à la convention collective sectorielle du textile, agréé par arrêté du 14 août 2017",https://www.pist.tn/jort/2017/2017A/Ja0662017.pdf
salaire_base.agents_payes_a_l_heure.categorie_3_1.echelon_9,2019-01-01,2.721,"Avenant n° 16 à la convention collective sectorielle du textile, agréé par arrêté du 21 janvier 2019",https://www.pist.tn/jort/2019/2019A/Ja0112019.pdf
salaire_base.agents_payes_a_l_heure.categorie_3_1.echelon_9,2020-01-01,2.909,"Avenant n° 16 à la convention collective sectorielle du textile, agréé par arrêté du 21 janvier 2019",https://www.pist.tn/jort/2019/2019A/Ja0112019.pdf
salaire_base.agents_payes_a_l_heure.categorie_3_1.echelon_9,2021-09-01,3.098,"Avenant n° 17 à la convention collective sectorielle du textile, agréé par arrêté du 23 juin 2022",https://www.pist.tn/jort/2022/2022A/Ja0712022.pdf
salaire_base.agents_payes_a_l_heure.categorie_3_1.echelon_9,2022-05-01,3.315,"Avenant n° 17 à la convention collective sectorielle du textile, agréé par arrêté du 23 juin 2022",https://www.pist.tn/jort/2022/2022A/Ja0712022.pdf
salaire_base.agents_payes_a_l_heure.categorie_3_1.echelon_9,2024-01-01,3.53,"Avenant n° 18 à la convention collective sectorielle du textile, agréé par arrêté du 8 avril 2024",https://www.pist.tn/jort/2024/2024A/Ja0492024.pdf
salaire_base.agents_payes_a_l_heure.categorie_3_1.echelon_9,2025-01-01,3.76,"Avenant n° 18 à la convention collective sectorielle du textile, agréé par arrêté du 8 avril 2024",https://www.pist.tn/jort/2024/2024A/Ja0492024.pdf
salaire_base.agents_payes_a_l_heure.categorie_3_1.echelon_9,2026-01-01,4.023,"Avenant n° 18 à la convention collective sectorielle du textile, agréé par arrêté du 8 avril 2024",https://www.pist.tn/jort/2024/2024A/Ja0492024.pdf
salaire_base.agents_payes_a_l_heure.categorie_3_1.echelon_10,1994-05-01,0.882,"Avenant n° 5 à la convention collective nationale du textile, agréé par arrêté du 22 septembre 1994",https://www.pist.tn/jort/1994/1994F/Jo07894.pdf
salaire_base.agents_payes_a_l_heure.categorie_3_1.echelon_10,1995-05-01,0.93,"Avenant n° 5 à la convention collective nationale du textile, agréé par arrêté du 22 septembre 1994",https://www.pist.tn/jort/1994/1994F/Jo07894.pdf
salaire_base.agents_payes_a_l_heure.categorie_3_1.echelon_10,1996-05-01,0.978,"Avenant n° 6 à la convention collective nationale du textile, agréé par arrêté du 24 juillet 1996",https://www.pist.tn/jort/1996/1996A/Ja06096.pdf
salaire_base.agents_payes_a_l_heure.categorie_3_1.echelon_10,1997-05-01,1.031,"Avenant n° 6 à la convention collective nationale du textile, agréé par arrêté du 24 juillet 1996",https://www.pist.tn/jort/1996/1996A/Ja06096.pdf
salaire_base.agents_payes_a_l_heure.categorie_3_1.echelon_10,1998-05-01,1.089,"Avenant n° 6 à la convention collective nationale du textile, agréé par arrêté du 24 juillet 1996",https://www.pist.tn/jort/1996/1996A/Ja06096.pdf
salaire_base.agents_payes_a_l_heure.categorie_3_1.echelon_10,1999-05-01,1.142,"Avenant n° 7 à la convention collective nationale du textile, agréé par arrêté du 9 juin 1999",https://www.pist.tn/jort/1999/1999A/Ja04899.pdf
salaire_base.agents_payes_a_l_heure.categorie_3_1.echelon_10,2000-05-01,1.195,"Avenant n° 7 à la convention collective nationale du textile, agréé par arrêté du 9 juin 1999",https://www.pist.tn/jort/1999/1999A/Ja04899.pdf
salaire_base.agents_payes_a_l_heure.categorie_3_1.echelon_10,2001-05-01,1.248,"Avenant n° 7 à la convention collective nationale du textile, agréé par arrêté du 9 juin 1999",https://www.pist.tn/jort/1999/1999A/Ja04899.pdf
salaire_base.agents_payes_a_l_heure.categorie_3_1.echelon_10,2002-05-01,1.301,"Avenant n° 8 à la convention collective nationale du textile, agréé par arrêté du 25 novembre 2002",https://www.pist.tn/jort/2002/2002A/Ja0972002.pdf
salaire_base.agents_payes_a_l_heure.categorie_3_1.echelon_10,2003-05-01,1.356,"Avenant n° 8 à la convention collective nationale du textile, agréé par arrêté du 25 novembre 2002",https://www.pist.tn/jort/2002/2002A/Ja0972002.pdf
salaire_base.agents_payes_a_l_heure.categorie_3_1.echelon_10,2004-05-01,1.416,"Avenant n° 8 à la convention collective nationale du textile, agréé par arrêté du 25 novembre 2002",https://www.pist.tn/jort/2002/2002A/Ja0972002.pdf
salaire_base.agents_payes_a_l_heure.categorie_3_1.echelon_10,2005-06-15,1.469,"Avenant n° 9 à la convention collective sectorielle du textile, agréé par arrêté du 17 janvier 2006",https://www.pist.tn/jort/2006/2006A/Ja0072006.pdf
salaire_base.agents_payes_a_l_heure.categorie_3_1.echelon_10,2006-05-01,1.527,"Avenant n° 9 à la convention collective sectorielle du textile, agréé par arrêté du 17 janvier 2006",https://www.pist.tn/jort/2006/2006A/Ja0072006.pdf
salaire_base.agents_payes_a_l_heure.categorie_3_1.echelon_10,2007-05-01,1.585,"Avenant n° 9 à la convention collective sectorielle du textile, agréé par arrêté du 17 janvier 2006",https://www.pist.tn/jort/2006/2006A/Ja0072006.pdf
salaire_base.agents_payes_a_l_heure.categorie_3_1.echelon_10,2008-05-01,1.666,"Avenant n° 10 à la convention collective sectorielle du textile, agréé par arrêté du 17 février 2009",https://www.pist.tn/jort/2009/2009A/Ja0162009.pdf
salaire_base.agents_payes_a_l_heure.categorie_3_1.echelon_10,2009-05-01,1.743,"Avenant n° 10 à la convention collective sectorielle du textile, agréé par arrêté du 17 février 2009",https://www.pist.tn/jort/2009/2009A/Ja0162009.pdf
salaire_base.agents_payes_a_l_heure.categorie_3_1.echelon_10,2010-05-01,1.832,"Avenant n° 10 à la convention collective sectorielle du textile, agréé par arrêté du 17 février 2009",https://www.pist.tn/jort/2009/2009A/Ja0162009.pdf
salaire_base.agents_payes_a_l_heure.categorie_3_1.echelon_10,2011-05-01,1.921,"Avenant n° 11 à la convention collective sectorielle du textile, agréé par arrêté du 11 octobre 2011",https://www.pist.tn/jort/2011/2011A/Ja0782011.pdf
salaire_base.agents_payes_a_l_heure.categorie_3_1.echelon_10,2012-05-01,2.033,"Avenant n° 12 à la convention collective sectorielle du textile, agréé par arrêté du 19 février 2013",https://www.pist.tn/jort/2013/2013A/Ja0162013.pdf
salaire_base.agents_payes_a_l_heure.categorie_3_1.echelon_10,2014-05-01,2.152,"Avenant n° 13 à la convention collective sectorielle du textile, agréé par arrêté du 17 octobre 2014",https://www.pist.tn/jort/2014/2014A/Ja0902014.pdf
salaire_base.agents_payes_a_l_heure.categorie_3_1.echelon_10,2015-09-01,2.278,"Avenant n° 14 à la convention collective sectorielle du textile, agréé par arrêté du 8 avril 2016",https://www.pist.tn/jort/2016/2016A/Ja0302016.pdf
salaire_base.agents_payes_a_l_heure.categorie_3_1.echelon_10,2016-08-01,2.412,"Avenant n° 15 à la convention collective sectorielle du textile, agréé par arrêté du 14 août 2017",https://www.pist.tn/jort/2017/2017A/Ja0662017.pdf
salaire_base.agents_payes_a_l_heure.categorie_3_1.echelon_10,2018-01-01,2.554,"Avenant n° 15 à la convention collective sectorielle du textile, agréé par arrêté du 14 août 2017",https://www.pist.tn/jort/2017/2017A/Ja0662017.pdf
salaire_base.agents_payes_a_l_heure.categorie_3_1.echelon_10,2019-01-01,2.729,"Avenant n° 16 à la convention collective sectorielle du textile, agréé par arrêté du 21 janvier 2019",https://www.pist.tn/jort/2019/2019A/Ja0112019.pdf
salaire_base.agents_payes_a_l_heure.categorie_3_1.echelon_10,2020-01-01,2.917,"Avenant n° 16 à la convention collective sectorielle du textile, agréé par arrêté du 21 janvier 2019",https://www.pist.tn/jort/2019/2019A/Ja0112019.pdf
salaire_base.agents_payes_a_l_heure.categorie_3_1.echelon_10,2021-09-01,3.107,"Avenant n° 17 à la convention collective sectorielle du textile, agréé par arrêté du 23 juin 2022",https://www.pist.tn/jort/2022/2022A/Ja0712022.pdf
salaire_base.agents_payes_a_l_heure.categorie_3_1.echelon_10,2022-05-01,3.324,"Avenant n° 17 à la convention collective sectorielle du textile, agréé par arrêté du 23 juin 2022",https://www.pist.tn/jort/2022/2022A/Ja0712022.pdf
salaire_base.agents_payes_a_l_heure.categorie_3_1.echelon_10,2024-01-01,3.54,"Avenant n° 18 à la convention collective sectorielle du textile, agréé par arrêté du 8 avril 2024",https://www.pist.tn/jort/2024/2024A/Ja0492024.pdf
salaire_base.agents_payes_a_l_heure.categorie_3_1.echelon_10,2025-01-01,3.77,"Avenant n° 18 à la convention collective sectorielle du textile, agréé par arrêté du 8 avril 2024",https://www.pist.tn/jort/2024/2024A/Ja0492024.pdf
salaire_base.agents_payes_a_l_heure.categorie_3_1.echelon_10,2026-01-01,4.034,"Avenant n° 18 à la convention collective sectorielle du textile, agréé par arrêté du 8 avril 2024",https://www.pist.tn/jort/2024/2024A/Ja0492024.pdf
salaire_base.agents_payes_a_l_heure.categorie_3_1.echelon_11,1994-05-01,0.89,"Avenant n° 5 à la convention collective nationale du textile, agréé par arrêté du 22 septembre 1994",https://www.pist.tn/jort/1994/1994F/Jo07894.pdf
salaire_base.agents_payes_a_l_heure.categorie_3_1.echelon_11,1995-05-01,0.938,"Avenant n° 5 à la convention collective nationale du textile, agréé par arrêté du 22 septembre 1994",https://www.pist.tn/jort/1994/1994F/Jo07894.pdf
salaire_base.agents_payes_a_l_heure.categorie_3_1.echelon_11,1996-05-01,0.986,"Avenant n° 6 à la convention collective nationale du textile, agréé par arrêté du 24 juillet 1996",https://www.pist.tn/jort/1996/1996A/Ja06096.pdf
salaire_base.agents_payes_a_l_heure.categorie_3_1.echelon_11,1997-05-01,1.039,"Avenant n° 6 à la convention collective nationale du textile, agréé par arrêté du 24 juillet 1996",https://www.pist.tn/jort/1996/1996A/Ja06096.pdf
salaire_base.agents_payes_a_l_heure.categorie_3_1.echelon_11,1998-05-01,1.097,"Avenant n° 6 à la convention collective nationale du textile, agréé par arrêté du 24 juillet 1996",https://www.pist.tn/jort/1996/1996A/Ja06096.pdf
salaire_base.agents_payes_a_l_heure.categorie_3_1.echelon_11,1999-05-01,1.15,"Avenant n° 7 à la convention collective nationale du textile, agréé par arrêté du 9 juin 1999",https://www.pist.tn/jort/1999/1999A/Ja04899.pdf
salaire_base.agents_payes_a_l_heure.categorie_3_1.echelon_11,2000-05-01,1.203,"Avenant n° 7 à la convention collective nationale du textile, agréé par arrêté du 9 juin 1999",https://www.pist.tn/jort/1999/1999A/Ja04899.pdf
salaire_base.agents_payes_a_l_heure.categorie_3_1.echelon_11,2001-05-01,1.256,"Avenant n° 7 à la convention collective nationale du textile, agréé par arrêté du 9 juin 1999",https://www.pist.tn/jort/1999/1999A/Ja04899.pdf
salaire_base.agents_payes_a_l_heure.categorie_3_1.echelon_11,2002-05-01,1.309,"Avenant n° 8 à la convention collective nationale du textile, agréé par arrêté du 25 novembre 2002",https://www.pist.tn/jort/2002/2002A/Ja0972002.pdf
salaire_base.agents_payes_a_l_heure.categorie_3_1.echelon_11,2003-05-01,1.364,"Avenant n° 8 à la convention collective nationale du textile, agréé par arrêté du 25 novembre 2002",https://www.pist.tn/jort/2002/2002A/Ja0972002.pdf
salaire_base.agents_payes_a_l_heure.categorie_3_1.echelon_11,2004-05-01,1.424,"Avenant n° 8 à la convention collective nationale du textile, agréé par arrêté du 25 novembre 2002",https://www.pist.tn/jort/2002/2002A/Ja0972002.pdf
salaire_base.agents_payes_a_l_heure.categorie_3_1.echelon_11,2005-06-15,1.477,"Avenant n° 9 à la convention collective sectorielle du textile, agréé par arrêté du 17 janvier 2006",https://www.pist.tn/jort/2006/2006A/Ja0072006.pdf
salaire_base.agents_payes_a_l_heure.categorie_3_1.echelon_11,2006-05-01,1.535,"Avenant n° 9 à la convention collective sectorielle du textile, agréé par arrêté du 17 janvier 2006",https://www.pist.tn/jort/2006/2006A/Ja0072006.pdf
salaire_base.agents_payes_a_l_heure.categorie_3_1.echelon_11,2007-05-01,1.593,"Avenant n° 9 à la convention collective sectorielle du textile, agréé par arrêté du 17 janvier 2006",https://www.pist.tn/jort/2006/2006A/Ja0072006.pdf
salaire_base.agents_payes_a_l_heure.categorie_3_1.echelon_11,2008-05-01,1.674,"Avenant n° 10 à la convention collective sectorielle du textile, agréé par arrêté du 17 février 2009",https://www.pist.tn/jort/2009/2009A/Ja0162009.pdf
salaire_base.agents_payes_a_l_heure.categorie_3_1.echelon_11,2009-05-01,1.751,"Avenant n° 10 à la convention collective sectorielle du textile, agréé par arrêté du 17 février 2009",https://www.pist.tn/jort/2009/2009A/Ja0162009.pdf
salaire_base.agents_payes_a_l_heure.categorie_3_1.echelon_11,2010-05-01,1.84,"Avenant n° 10 à la convention collective sectorielle du textile, agréé par arrêté du 17 février 2009",https://www.pist.tn/jort/2009/2009A/Ja0162009.pdf
salaire_base.agents_payes_a_l_heure.categorie_3_1.echelon_11,2011-05-01,1.929,"Avenant n° 11 à la convention collective sectorielle du textile, agréé par arrêté du 11 octobre 2011",https://www.pist.tn/jort/2011/2011A/Ja0782011.pdf
salaire_base.agents_payes_a_l_heure.categorie_3_1.echelon_11,2012-05-01,2.041,"Avenant n° 12 à la convention collective sectorielle du textile, agréé par arrêté du 19 février 2013",https://www.pist.tn/jort/2013/2013A/Ja0162013.pdf
salaire_base.agents_payes_a_l_heure.categorie_3_1.echelon_11,2014-05-01,2.16,"Avenant n° 13 à la convention collective sectorielle du textile, agréé par arrêté du 17 octobre 2014",https://www.pist.tn/jort/2014/2014A/Ja0902014.pdf
salaire_base.agents_payes_a_l_heure.categorie_3_1.echelon_11,2015-09-01,2.286,"Avenant n° 14 à la convention collective sectorielle du textile, agréé par arrêté du 8 avril 2016",https://www.pist.tn/jort/2016/2016A/Ja0302016.pdf
salaire_base.agents_payes_a_l_heure.categorie_3_1.echelon_11,2016-08-01,2.42,"Avenant n° 15 à la convention collective sectorielle du textile, agréé par arrêté du 14 août 2017",https://www.pist.tn/jort/2017/2017A/Ja0662017.pdf
salaire_base.agents_payes_a_l_heure.categorie_3_1.echelon_11,2018-01-01,2.562,"Avenant n° 15 à la convention collective sectorielle du textile, agréé par arrêté du 14 août 2017",https://www.pist.tn/jort/2017/2017A/Ja0662017.pdf
salaire_base.agents_payes_a_l_heure.categorie_3_1.echelon_11,2019-01-01,2.737,"Avenant n° 16 à la convention collective sectorielle du textile, agréé par arrêté du 21 janvier 2019",https://www.pist.tn/jort/2019/2019A/Ja0112019.pdf
salaire_base.agents_payes_a_l_heure.categorie_3_1.echelon_11,2020-01-01,2.925,"Avenant n° 16 à la convention collective sectorielle du textile, agréé par arrêté du 21 janvier 2019",https://www.pist.tn/jort/2019/2019A/Ja0112019.pdf
salaire_base.agents_payes_a_l_heure.categorie_3_1.echelon_11,2021-09-01,3.115,"Avenant n° 17 à la convention collective sectorielle du textile, agréé par arrêté du 23 juin 2022",https://www.pist.tn/jort/2022/2022A/Ja0712022.pdf
salaire_base.agents_payes_a_l_heure.categorie_3_1.echelon_11,2022-05-01,3.333,"Avenant n° 17 à la convention collective sectorielle du textile, agréé par arrêté du 23 juin 2022",https://www.pist.tn/jort/2022/2022A/Ja0712022.pdf
salaire_base.agents_payes_a_l_heure.categorie_3_1.echelon_11,2024-01-01,3.55,"Avenant n° 18 à la convention collective sectorielle du textile, agréé par arrêté du 8 avril 2024",https://www.pist.tn/jort/2024/2024A/Ja0492024.pdf
salaire_base.agents_payes_a_l_heure.categorie_3_1.echelon_11,2025-01-01,3.781,"Avenant n° 18 à la convention collective sectorielle du textile, agréé par arrêté du 8 avril 2024",https://www.pist.tn/jort/2024/2024A/Ja0492024.pdf
salaire_base.agents_payes_a_l_heure.categorie_3_1.echelon_11,2026-01-01,4.045,"Avenant n° 18 à la convention collective sectorielle du textile, agréé par arrêté du 8 avril 2024",https://www.pist.tn/jort/2024/2024A/Ja0492024.pdf
salaire_base.agents_payes_a_l_heure.categorie_3_1.echelon_12,1994-05-01,0.898,"Avenant n° 5 à la convention collective nationale du textile, agréé par arrêté du 22 septembre 1994",https://www.pist.tn/jort/1994/1994F/Jo07894.pdf
salaire_base.agents_payes_a_l_heure.categorie_3_1.echelon_12,1995-05-01,0.946,"Avenant n° 5 à la convention collective nationale du textile, agréé par arrêté du 22 septembre 1994",https://www.pist.tn/jort/1994/1994F/Jo07894.pdf
salaire_base.agents_payes_a_l_heure.categorie_3_1.echelon_12,1996-05-01,0.994,"Avenant n° 6 à la convention collective nationale du textile, agréé par arrêté du 24 juillet 1996",https://www.pist.tn/jort/1996/1996A/Ja06096.pdf
salaire_base.agents_payes_a_l_heure.categorie_3_1.echelon_12,1997-05-01,1.047,"Avenant n° 6 à la convention collective nationale du textile, agréé par arrêté du 24 juillet 1996",https://www.pist.tn/jort/1996/1996A/Ja06096.pdf
salaire_base.agents_payes_a_l_heure.categorie_3_1.echelon_12,1998-05-01,1.105,"Avenant n° 6 à la convention collective nationale du textile, agréé par arrêté du 24 juillet 1996",https://www.pist.tn/jort/1996/1996A/Ja06096.pdf
salaire_base.agents_payes_a_l_heure.categorie_3_1.echelon_12,1999-05-01,1.158,"Avenant n° 7 à la convention collective nationale du textile, agréé par arrêté du 9 juin 1999",https://www.pist.tn/jort/1999/1999A/Ja04899.pdf
salaire_base.agents_payes_a_l_heure.categorie_3_1.echelon_12,2000-05-01,1.211,"Avenant n° 7 à la convention collective nationale du textile, agréé par arrêté du 9 juin 1999",https://www.pist.tn/jort/1999/1999A/Ja04899.pdf
salaire_base.agents_payes_a_l_heure.categorie_3_1.echelon_12,2001-05-01,1.264,"Avenant n° 7 à la convention collective nationale du textile, agréé par arrêté du 9 juin 1999",https://www.pist.tn/jort/1999/1999A/Ja04899.pdf
salaire_base.agents_payes_a_l_heure.categorie_3_1.echelon_12,2002-05-01,1.317,"Avenant n° 8 à la convention collective nationale du textile, agréé par arrêté du 25 novembre 2002",https://www.pist.tn/jort/2002/2002A/Ja0972002.pdf
salaire_base.agents_payes_a_l_heure.categorie_3_1.echelon_12,2003-05-01,1.372,"Avenant n° 8 à la convention collective nationale du textile, agréé par arrêté du 25 novembre 2002",https://www.pist.tn/jort/2002/2002A/Ja0972002.pdf
salaire_base.agents_payes_a_l_heure.categorie_3_1.echelon_12,2004-05-01,1.432,"Avenant n° 8 à la convention collective nationale du textile, agréé par arrêté du 25 novembre 2002",https://www.pist.tn/jort/2002/2002A/Ja0972002.pdf
salaire_base.agents_payes_a_l_heure.categorie_3_1.echelon_12,2005-06-15,1.485,"Avenant n° 9 à la convention collective sectorielle du textile, agréé par arrêté du 17 janvier 2006",https://www.pist.tn/jort/2006/2006A/Ja0072006.pdf
salaire_base.agents_payes_a_l_heure.categorie_3_1.echelon_12,2006-05-01,1.543,"Avenant n° 9 à la convention collective sectorielle du textile, agréé par arrêté du 17 janvier 2006",https://www.pist.tn/jort/2006/2006A/Ja0072006.pdf
salaire_base.agents_payes_a_l_heure.categorie_3_1.echelon_12,2007-05-01,1.601,"Avenant n° 9 à la convention collective sectorielle du textile, agréé par arrêté du 17 janvier 2006",https://www.pist.tn/jort/2006/2006A/Ja0072006.pdf
salaire_base.agents_payes_a_l_heure.categorie_3_1.echelon_12,2008-05-01,1.682,"Avenant n° 10 à la convention collective sectorielle du textile, agréé par arrêté du 17 février 2009",https://www.pist.tn/jort/2009/2009A/Ja0162009.pdf
salaire_base.agents_payes_a_l_heure.categorie_3_1.echelon_12,2009-05-01,1.759,"Avenant n° 10 à la convention collective sectorielle du textile, agréé par arrêté du 17 février 2009",https://www.pist.tn/jort/2009/2009A/Ja0162009.pdf
salaire_base.agents_payes_a_l_heure.categorie_3_1.echelon_12,2010-05-01,1.847,"Avenant n° 10 à la convention collective sectorielle du textile, agréé par arrêté du 17 février 2009",https://www.pist.tn/jort/2009/2009A/Ja0162009.pdf
salaire_base.agents_payes_a_l_heure.categorie_3_1.echelon_12,2011-05-01,1.936,"Avenant n° 11 à la convention collective sectorielle du textile, agréé par arrêté du 11 octobre 2011",https://www.pist.tn/jort/2011/2011A/Ja0782011.pdf
salaire_base.agents_payes_a_l_heure.categorie_3_1.echelon_12,2012-05-01,2.048,"Avenant n° 12 à la convention collective sectorielle du textile, agréé par arrêté du 19 février 2013",https://www.pist.tn/jort/2013/2013A/Ja0162013.pdf
salaire_base.agents_payes_a_l_heure.categorie_3_1.echelon_12,2014-05-01,2.167,"Avenant n° 13 à la convention collective sectorielle du textile, agréé par arrêté du 17 octobre 2014",https://www.pist.tn/jort/2014/2014A/Ja0902014.pdf
salaire_base.agents_payes_a_l_heure.categorie_3_1.echelon_12,2015-09-01,2.293,"Avenant n° 14 à la convention collective sectorielle du textile, agréé par arrêté du 8 avril 2016",https://www.pist.tn/jort/2016/2016A/Ja0302016.pdf
salaire_base.agents_payes_a_l_heure.categorie_3_1.echelon_12,2016-08-01,2.427,"Avenant n° 15 à la convention collective sectorielle du textile, agréé par arrêté du 14 août 2017",https://www.pist.tn/jort/2017/2017A/Ja0662017.pdf
salaire_base.agents_payes_a_l_heure.categorie_3_1.echelon_12,2018-01-01,2.569,"Avenant n° 15 à la convention collective sectorielle du textile, agréé par arrêté du 14 août 2017",https://www.pist.tn/jort/2017/2017A/Ja0662017.pdf
salaire_base.agents_payes_a_l_heure.categorie_3_1.echelon_12,2019-01-01,2.744,"Avenant n° 16 à la convention collective sectorielle du textile, agréé par arrêté du 21 janvier 2019",https://www.pist.tn/jort/2019/2019A/Ja0112019.pdf
salaire_base.agents_payes_a_l_heure.categorie_3_1.echelon_12,2020-01-01,2.932,"Avenant n° 16 à la convention collective sectorielle du textile, agréé par arrêté du 21 janvier 2019",https://www.pist.tn/jort/2019/2019A/Ja0112019.pdf
salaire_base.agents_payes_a_l_heure.categorie_3_1.echelon_12,2021-09-01,3.123,"Avenant n° 17 à la convention collective sectorielle du textile, agréé par arrêté du 23 juin 2022",https://www.pist.tn/jort/2022/2022A/Ja0712022.pdf
salaire_base.agents_payes_a_l_heure.categorie_3_1.echelon_12,2022-05-01,3.341,"Avenant n° 17 à la convention collective sectorielle du textile, agréé par arrêté du 23 juin 2022",https://www.pist.tn/jort/2022/2022A/Ja0712022.pdf
salaire_base.agents_payes_a_l_heure.categorie_3_1.echelon_12,2024-01-01,3.558,"Avenant n° 18 à la convention collective sectorielle du textile, agréé par arrêté du 8 avril 2024",https://www.pist.tn/jort/2024/2024A/Ja0492024.pdf
salaire_base.agents_payes_a_l_heure.categorie_3_1.echelon_12,2025-01-01,3.79,"Avenant n° 18 à la convention collective sectorielle du textile, agréé par arrêté du 8 avril 2024",https://www.pist.tn/jort/2024/2024A/Ja0492024.pdf
salaire_base.agents_payes_a_l_heure.categorie_3_1.echelon_12,2026-01-01,4.055,"Avenant n° 18 à la convention collective sectorielle du textile, agréé par arrêté du 8 avril 2024",https://www.pist.tn/jort/2024/2024A/Ja0492024.pdf
salaire_base.agents_payes_a_l_heure.categorie_3_1.echelon_13,1994-05-01,0.905,"Avenant n° 5 à la convention collective nationale du textile, agréé par arrêté du 22 septembre 1994",https://www.pist.tn/jort/1994/1994F/Jo07894.pdf
salaire_base.agents_payes_a_l_heure.categorie_3_1.echelon_13,1995-05-01,0.953,"Avenant n° 5 à la convention collective nationale du textile, agréé par arrêté du 22 septembre 1994",https://www.pist.tn/jort/1994/1994F/Jo07894.pdf
salaire_base.agents_payes_a_l_heure.categorie_3_1.echelon_13,1996-05-01,1.001,"Avenant n° 6 à la convention collective nationale du textile, agréé par arrêté du 24 juillet 1996",https://www.pist.tn/jort/1996/1996A/Ja06096.pdf
salaire_base.agents_payes_a_l_heure.categorie_3_1.echelon_13,1997-05-01,1.054,"Avenant n° 6 à la convention collective nationale du textile, agréé par arrêté du 24 juillet 1996",https://www.pist.tn/jort/1996/1996A/Ja06096.pdf
salaire_base.agents_payes_a_l_heure.categorie_3_1.echelon_13,1998-05-01,1.112,"Avenant n° 6 à la convention collective nationale du textile, agréé par arrêté du 24 juillet 1996",https://www.pist.tn/jort/1996/1996A/Ja06096.pdf
salaire_base.agents_payes_a_l_heure.categorie_3_1.echelon_13,1999-05-01,1.165,"Avenant n° 7 à la convention collective nationale du textile, agréé par arrêté du 9 juin 1999",https://www.pist.tn/jort/1999/1999A/Ja04899.pdf
salaire_base.agents_payes_a_l_heure.categorie_3_1.echelon_13,2000-05-01,1.218,"Avenant n° 7 à la convention collective nationale du textile, agréé par arrêté du 9 juin 1999",https://www.pist.tn/jort/1999/1999A/Ja04899.pdf
salaire_base.agents_payes_a_l_heure.categorie_3_1.echelon_13,2001-05-01,1.271,"Avenant n° 7 à la convention collective nationale du textile, agréé par arrêté du 9 juin 1999",https://www.pist.tn/jort/1999/1999A/Ja04899.pdf
salaire_base.agents_payes_a_l_heure.categorie_3_1.echelon_13,2002-05-01,1.324,"Avenant n° 8 à la convention collective nationale du textile, agréé par arrêté du 25 novembre 2002",https://www.pist.tn/jort/2002/2002A/Ja0972002.pdf
salaire_base.agents_payes_a_l_heure.categorie_3_1.echelon_13,2003-05-01,1.379,"Avenant n° 8 à la convention collective nationale du textile, agréé par arrêté du 25 novembre 2002",https://www.pist.tn/jort/2002/2002A/Ja0972002.pdf
salaire_base.agents_payes_a_l_heure.categorie_3_1.echelon_13,2004-05-01,1.439,"Avenant n° 8 à la convention collective nationale du textile, agréé par arrêté du 25 novembre 2002",https://www.pist.tn/jort/2002/2002A/Ja0972002.pdf
salaire_base.agents_payes_a_l_heure.categorie_3_1.echelon_13,2005-06-15,1.492,"Avenant n° 9 à la convention collective sectorielle du textile, agréé par arrêté du 17 janvier 2006",https://www.pist.tn/jort/2006/2006A/Ja0072006.pdf
salaire_base.agents_payes_a_l_heure.categorie_3_1.echelon_13,2006-05-01,1.55,"Avenant n° 9 à la convention collective sectorielle du textile, agréé par arrêté du 17 janvier 2006",https://www.pist.tn/jort/2006/2006A/Ja0072006.pdf
salaire_base.agents_payes_a_l_heure.categorie_3_1.echelon_13,2007-05-01,1.608,"Avenant n° 9 à la convention collective sectorielle du textile, agréé par arrêté du 17 janvier 2006",https://www.pist.tn/jort/2006/2006A/Ja0072006.pdf
salaire_base.agents_payes_a_l_heure.categorie_3_1.echelon_13,2008-05-01,1.689,"Avenant n° 10 à la convention collective sectorielle du textile, agréé par arrêté du 17 février 2009",https://www.pist.tn/jort/2009/2009A/Ja0162009.pdf
salaire_base.agents_payes_a_l_heure.categorie_3_1.echelon_13,2009-05-01,1.766,"Avenant n° 10 à la convention collective sectorielle du textile, agréé par arrêté du 17 février 2009",https://www.pist.tn/jort/2009/2009A/Ja0162009.pdf
salaire_base.agents_payes_a_l_heure.categorie_3_1.echelon_13,2010-05-01,1.855,"Avenant n° 10 à la convention collective sectorielle du textile, agréé par arrêté du 17 février 2009",https://www.pist.tn/jort/2009/2009A/Ja0162009.pdf
salaire_base.agents_payes_a_l_heure.categorie_3_1.echelon_13,2011-05-01,1.944,"Avenant n° 11 à la convention collective sectorielle du textile, agréé par arrêté du 11 octobre 2011",https://www.pist.tn/jort/2011/2011A/Ja0782011.pdf
salaire_base.agents_payes_a_l_heure.categorie_3_1.echelon_13,2012-05-01,2.056,"Avenant n° 12 à la convention collective sectorielle du textile, agréé par arrêté du 19 février 2013",https://www.pist.tn/jort/2013/2013A/Ja0162013.pdf
salaire_base.agents_payes_a_l_heure.categorie_3_1.echelon_13,2014-05-01,2.175,"Avenant n° 13 à la convention collective sectorielle du textile, agréé par arrêté du 17 octobre 2014",https://www.pist.tn/jort/2014/2014A/Ja0902014.pdf
salaire_base.agents_payes_a_l_heure.categorie_3_1.echelon_13,2015-09-01,2.301,"Avenant n° 14 à la convention collective sectorielle du textile, agréé par arrêté du 8 avril 2016",https://www.pist.tn/jort/2016/2016A/Ja0302016.pdf
salaire_base.agents_payes_a_l_heure.categorie_3_1.echelon_13,2016-08-01,2.435,"Avenant n° 15 à la convention collective sectorielle du textile, agréé par arrêté du 14 août 2017",https://www.pist.tn/jort/2017/2017A/Ja0662017.pdf
salaire_base.agents_payes_a_l_heure.categorie_3_1.echelon_13,2018-01-01,2.577,"Avenant n° 15 à la convention collective sectorielle du textile, agréé par arrêté du 14 août 2017",https://www.pist.tn/jort/2017/2017A/Ja0662017.pdf
salaire_base.agents_payes_a_l_heure.categorie_3_1.echelon_13,2019-01-01,2.752,"Avenant n° 16 à la convention collective sectorielle du textile, agréé par arrêté du 21 janvier 2019",https://www.pist.tn/jort/2019/2019A/Ja0112019.pdf
salaire_base.agents_payes_a_l_heure.categorie_3_1.echelon_13,2020-01-01,2.94,"Avenant n° 16 à la convention collective sectorielle du textile, agréé par arrêté du 21 janvier 2019",https://www.pist.tn/jort/2019/2019A/Ja0112019.pdf
salaire_base.agents_payes_a_l_heure.categorie_3_1.echelon_13,2021-09-01,3.131,"Avenant n° 17 à la convention collective sectorielle du textile, agréé par arrêté du 23 juin 2022",https://www.pist.tn/jort/2022/2022A/Ja0712022.pdf
salaire_base.agents_payes_a_l_heure.categorie_3_1.echelon_13,2022-05-01,3.35,"Avenant n° 17 à la convention collective sectorielle du textile, agréé par arrêté du 23 juin 2022",https://www.pist.tn/jort/2022/2022A/Ja0712022.pdf
salaire_base.agents_payes_a_l_heure.categorie_3_1.echelon_13,2024-01-01,3.568,"Avenant n° 18 à la convention collective sectorielle du textile, agréé par arrêté du 8 avril 2024",https://www.pist.tn/jort/2024/2024A/Ja0492024.pdf
salaire_base.agents_payes_a_l_heure.categorie_3_1.echelon_13,2025-01-01,3.8,"Avenant n° 18 à la convention collective sectorielle du textile, agréé par arrêté du 8 avril 2024",https://www.pist.tn/jort/2024/2024A/Ja0492024.pdf
salaire_base.agents_payes_a_l_heure.categorie_3_1.echelon_13,2026-01-01,4.066,"Avenant n° 18 à la convention collective sectorielle du textile, agréé par arrêté du 8 avril 2024",https://www.pist.tn/jort/2024/2024A/Ja0492024.pdf
salaire_base.agents_payes_a_l_heure.categorie_3_1.echelon_14,1994-05-01,0.913,"Avenant n° 5 à la convention collective nationale du textile, agréé par arrêté du 22 septembre 1994",https://www.pist.tn/jort/1994/1994F/Jo07894.pdf
salaire_base.agents_payes_a_l_heure.categorie_3_1.echelon_14,1995-05-01,0.961,"Avenant n° 5 à la convention collective nationale du textile, agréé par arrêté du 22 septembre 1994",https://www.pist.tn/jort/1994/1994F/Jo07894.pdf
salaire_base.agents_payes_a_l_heure.categorie_3_1.echelon_14,1996-05-01,1.009,"Avenant n° 6 à la convention collective nationale du textile, agréé par arrêté du 24 juillet 1996",https://www.pist.tn/jort/1996/1996A/Ja06096.pdf
salaire_base.agents_payes_a_l_heure.categorie_3_1.echelon_14,1997-05-01,1.062,"Avenant n° 6 à la convention collective nationale du textile, agréé par arrêté du 24 juillet 1996",https://www.pist.tn/jort/1996/1996A/Ja06096.pdf
salaire_base.agents_payes_a_l_heure.categorie_3_1.echelon_14,1998-05-01,1.12,"Avenant n° 6 à la convention collective nationale du textile, agréé par arrêté du 24 juillet 1996",https://www.pist.tn/jort/1996/1996A/Ja06096.pdf
salaire_base.agents_payes_a_l_heure.categorie_3_1.echelon_14,1999-05-01,1.173,"Avenant n° 7 à la convention collective nationale du textile, agréé par arrêté du 9 juin 1999",https://www.pist.tn/jort/1999/1999A/Ja04899.pdf
salaire_base.agents_payes_a_l_heure.categorie_3_1.echelon_14,2000-05-01,1.226,"Avenant n° 7 à la convention collective nationale du textile, agréé par arrêté du 9 juin 1999",https://www.pist.tn/jort/1999/1999A/Ja04899.pdf
salaire_base.agents_payes_a_l_heure.categorie_3_1.echelon_14,2001-05-01,1.279,"Avenant n° 7 à la convention collective nationale du textile, agréé par arrêté du 9 juin 1999",https://www.pist.tn/jort/1999/1999A/Ja04899.pdf
salaire_base.agents_payes_a_l_heure.categorie_3_1.echelon_14,2002-05-01,1.332,"Avenant n° 8 à la convention collective nationale du textile, agréé par arrêté du 25 novembre 2002",https://www.pist.tn/jort/2002/2002A/Ja0972002.pdf
salaire_base.agents_payes_a_l_heure.categorie_3_1.echelon_14,2003-05-01,1.387,"Avenant n° 8 à la convention collective nationale du textile, agréé par arrêté du 25 novembre 2002",https://www.pist.tn/jort/2002/2002A/Ja0972002.pdf
salaire_base.agents_payes_a_l_heure.categorie_3_1.echelon_14,2004-05-01,1.447,"Avenant n° 8 à la convention collective nationale du textile, agréé par arrêté du 25 novembre 2002",https://www.pist.tn/jort/2002/2002A/Ja0972002.pdf
salaire_base.agents_payes_a_l_heure.categorie_3_1.echelon_14,2005-06-15,1.5,"Avenant n° 9 à la convention collective sectorielle du textile, agréé par arrêté du 17 janvier 2006",https://www.pist.tn/jort/2006/2006A/Ja0072006.pdf
salaire_base.agents_payes_a_l_heure.categorie_3_1.echelon_14,2006-05-01,1.558,"Avenant n° 9 à la convention collective sectorielle du textile, agréé par arrêté du 17 janvier 2006",https://www.pist.tn/jort/2006/2006A/Ja0072006.pdf
salaire_base.agents_payes_a_l_heure.categorie_3_1.echelon_14,2007-05-01,1.616,"Avenant n° 9 à la convention collective sectorielle du textile, agréé par arrêté du 17 janvier 2006",https://www.pist.tn/jort/2006/2006A/Ja0072006.pdf
salaire_base.agents_payes_a_l_heure.categorie_3_1.echelon_14,2008-05-01,1.697,"Avenant n° 10 à la convention collective sectorielle du textile, agréé par arrêté du 17 février 2009",https://www.pist.tn/jort/2009/2009A/Ja0162009.pdf
salaire_base.agents_payes_a_l_heure.categorie_3_1.echelon_14,2009-05-01,1.774,"Avenant n° 10 à la convention collective sectorielle du textile, agréé par arrêté du 17 février 2009",https://www.pist.tn/jort/2009/2009A/Ja0162009.pdf
salaire_base.agents_payes_a_l_heure.categorie_3_1.echelon_14,2010-05-01,1.862,"Avenant n° 10 à la convention collective sectorielle du textile, agréé par arrêté du 17 février 2009",https://www.pist.tn/jort/2009/2009A/Ja0162009.pdf
salaire_base.agents_payes_a_l_heure.categorie_3_1.echelon_14,2011-05-01,1.951,"Avenant n° 11 à la convention collective sectorielle du textile, agréé par arrêté du 11 octobre 2011",https://www.pist.tn/jort/2011/2011A/Ja0782011.pdf
salaire_base.agents_payes_a_l_heure.categorie_3_1.echelon_14,2012-05-01,2.063,"Avenant n° 12 à la convention collective sectorielle du textile, agréé par arrêté du 19 février 2013",https://www.pist.tn/jort/2013/2013A/Ja0162013.pdf
salaire_base.agents_payes_a_l_heure.categorie_3_1.echelon_14,2014-05-01,2.182,"Avenant n° 13 à la convention collective sectorielle du textile, agréé par arrêté du 17 octobre 2014",https://www.pist.tn/jort/2014/2014A/Ja0902014.pdf
salaire_base.agents_payes_a_l_heure.categorie_3_1.echelon_14,2015-09-01,2.308,"Avenant n° 14 à la convention collective sectorielle du textile, agréé par arrêté du 8 avril 2016",https://www.pist.tn/jort/2016/2016A/Ja0302016.pdf
salaire_base.agents_payes_a_l_heure.categorie_3_1.echelon_14,2016-08-01,2.442,"Avenant n° 15 à la convention collective sectorielle du textile, agréé par arrêté du 14 août 2017",https://www.pist.tn/jort/2017/2017A/Ja0662017.pdf
salaire_base.agents_payes_a_l_heure.categorie_3_1.echelon_14,2018-01-01,2.584,"Avenant n° 15 à la convention collective sectorielle du textile, agréé par arrêté du 14 août 2017",https://www.pist.tn/jort/2017/2017A/Ja0662017.pdf
salaire_base.agents_payes_a_l_heure.categorie_3_1.echelon_14,2019-01-01,2.759,"Avenant n° 16 à la convention collective sectorielle du textile, agréé par arrêté du 21 janvier 2019",https://www.pist.tn/jort/2019/2019A/Ja0112019.pdf
salaire_base.agents_payes_a_l_heure.categorie_3_1.echelon_14,2020-01-01,2.947,"Avenant n° 16 à la convention collective sectorielle du textile, agréé par arrêté du 21 janvier 2019",https://www.pist.tn/jort/2019/2019A/Ja0112019.pdf
salaire_base.agents_payes_a_l_heure.categorie_3_1.echelon_14,2021-09-01,3.139,"Avenant n° 17 à la convention collective sectorielle du textile, agréé par arrêté du 23 juin 2022",https://www.pist.tn/jort/2022/2022A/Ja0712022.pdf
salaire_base.agents_payes_a_l_heure.categorie_3_1.echelon_14,2022-05-01,3.358,"Avenant n° 17 à la convention collective sectorielle du textile, agréé par arrêté du 23 juin 2022",https://www.pist.tn/jort/2022/2022A/Ja0712022.pdf
salaire_base.agents_payes_a_l_heure.categorie_3_1.echelon_14,2024-01-01,3.577,"Avenant n° 18 à la convention collective sectorielle du textile, agréé par arrêté du 8 avril 2024",https://www.pist.tn/jort/2024/2024A/Ja0492024.pdf
salaire_base.agents_payes_a_l_heure.categorie_3_1.echelon_14,2025-01-01,3.809,"Avenant n° 18 à la convention collective sectorielle du textile, agréé par arrêté du 8 avril 2024",https://www.pist.tn/jort/2024/2024A/Ja0492024.pdf
salaire_base.agents_payes_a_l_heure.categorie_3_1.echelon_14,2026-01-01,4.076,"Avenant n° 18 à la convention collective sectorielle du textile, agréé par arrêté du 8 avril 2024",https://www.pist.tn/jort/2024/2024A/Ja0492024.pdf
salaire_base.agents_payes_a_l_heure.categorie_3_1.echelon_15,1994-05-01,0.92,"Avenant n° 5 à la convention collective nationale du textile, agréé par arrêté du 22 septembre 1994",https://www.pist.tn/jort/1994/1994F/Jo07894.pdf
salaire_base.agents_payes_a_l_heure.categorie_3_1.echelon_15,1995-05-01,0.968,"Avenant n° 5 à la convention collective nationale du textile, agréé par arrêté du 22 septembre 1994",https://www.pist.tn/jort/1994/1994F/Jo07894.pdf
salaire_base.agents_payes_a_l_heure.categorie_3_1.echelon_15,1996-05-01,1.016,"Avenant n° 6 à la convention collective nationale du textile, agréé par arrêté du 24 juillet 1996",https://www.pist.tn/jort/1996/1996A/Ja06096.pdf
salaire_base.agents_payes_a_l_heure.categorie_3_1.echelon_15,1997-05-01,1.069,"Avenant n° 6 à la convention collective nationale du textile, agréé par arrêté du 24 juillet 1996",https://www.pist.tn/jort/1996/1996A/Ja06096.pdf
salaire_base.agents_payes_a_l_heure.categorie_3_1.echelon_15,1998-05-01,1.127,"Avenant n° 6 à la convention collective nationale du textile, agréé par arrêté du 24 juillet 1996",https://www.pist.tn/jort/1996/1996A/Ja06096.pdf
salaire_base.agents_payes_a_l_heure.categorie_3_1.echelon_15,1999-05-01,1.18,"Avenant n° 7 à la convention collective nationale du textile, agréé par arrêté du 9 juin 1999",https://www.pist.tn/jort/1999/1999A/Ja04899.pdf
salaire_base.agents_payes_a_l_heure.categorie_3_1.echelon_15,2000-05-01,1.233,"Avenant n° 7 à la convention collective nationale du textile, agréé par arrêté du 9 juin 1999",https://www.pist.tn/jort/1999/1999A/Ja04899.pdf
salaire_base.agents_payes_a_l_heure.categorie_3_1.echelon_15,2001-05-01,1.286,"Avenant n° 7 à la convention collective nationale du textile, agréé par arrêté du 9 juin 1999",https://www.pist.tn/jort/1999/1999A/Ja04899.pdf
salaire_base.agents_payes_a_l_heure.categorie_3_1.echelon_15,2002-05-01,1.339,"Avenant n° 8 à la convention collective nationale du textile, agréé par arrêté du 25 novembre 2002",https://www.pist.tn/jort/2002/2002A/Ja0972002.pdf
salaire_base.agents_payes_a_l_heure.categorie_3_1.echelon_15,2003-05-01,1.394,"Avenant n° 8 à la convention collective nationale du textile, agréé par arrêté du 25 novembre 2002",https://www.pist.tn/jort/2002/2002A/Ja0972002.pdf
salaire_base.agents_payes_a_l_heure.categorie_3_1.echelon_15,2004-05-01,1.454,"Avenant n° 8 à la convention collective nationale du textile, agréé par arrêté du 25 novembre 2002",https://www.pist.tn/jort/2002/2002A/Ja0972002.pdf
salaire_base.agents_payes_a_l_heure.categorie_3_1.echelon_15,2005-06-15,1.507,"Avenant n° 9 à la convention collective sectorielle du textile, agréé par arrêté du 17 janvier 2006",https://www.pist.tn/jort/2006/2006A/Ja0072006.pdf
salaire_base.agents_payes_a_l_heure.categorie_3_1.echelon_15,2006-05-01,1.565,"Avenant n° 9 à la convention collective sectorielle du textile, agréé par arrêté du 17 janvier 2006",https://www.pist.tn/jort/2006/2006A/Ja0072006.pdf
salaire_base.agents_payes_a_l_heure.categorie_3_1.echelon_15,2007-05-01,1.623,"Avenant n° 9 à la convention collective sectorielle du textile, agréé par arrêté du 17 janvier 2006",https://www.pist.tn/jort/2006/2006A/Ja0072006.pdf
salaire_base.agents_payes_a_l_heure.categorie_3_1.echelon_15,2008-05-01,1.704,"Avenant n° 10 à la convention collective sectorielle du textile, agréé par arrêté du 17 février 2009",https://www.pist.tn/jort/2009/2009A/Ja0162009.pdf
salaire_base.agents_payes_a_l_heure.categorie_3_1.echelon_15,2009-05-01,1.781,"Avenant n° 10 à la convention collective sectorielle du textile, agréé par arrêté du 17 février 2009",https://www.pist.tn/jort/2009/2009A/Ja0162009.pdf
salaire_base.agents_payes_a_l_heure.categorie_3_1.echelon_15,2010-05-01,1.87,"Avenant n° 10 à la convention collective sectorielle du textile, agréé par arrêté du 17 février 2009",https://www.pist.tn/jort/2009/2009A/Ja0162009.pdf
salaire_base.agents_payes_a_l_heure.categorie_3_1.echelon_15,2011-05-01,1.959,"Avenant n° 11 à la convention collective sectorielle du textile, agréé par arrêté du 11 octobre 2011",https://www.pist.tn/jort/2011/2011A/Ja0782011.pdf
salaire_base.agents_payes_a_l_heure.categorie_3_1.echelon_15,2012-05-01,2.071,"Avenant n° 12 à la convention collective sectorielle du textile, agréé par arrêté du 19 février 2013",https://www.pist.tn/jort/2013/2013A/Ja0162013.pdf
salaire_base.agents_payes_a_l_heure.categorie_3_1.echelon_15,2014-05-01,2.19,"Avenant n° 13 à la convention collective sectorielle du textile, agréé par arrêté du 17 octobre 2014",https://www.pist.tn/jort/2014/2014A/Ja0902014.pdf
salaire_base.agents_payes_a_l_heure.categorie_3_1.echelon_15,2015-09-01,2.316,"Avenant n° 14 à la convention collective sectorielle du textile, agréé par arrêté du 8 avril 2016",https://www.pist.tn/jort/2016/2016A/Ja0302016.pdf
salaire_base.agents_payes_a_l_heure.categorie_3_1.echelon_15,2016-08-01,2.45,"Avenant n° 15 à la convention collective sectorielle du textile, agréé par arrêté du 14 août 2017",https://www.pist.tn/jort/2017/2017A/Ja0662017.pdf
salaire_base.agents_payes_a_l_heure.categorie_3_1.echelon_15,2018-01-01,2.592,"Avenant n° 15 à la convention collective sectorielle du textile, agréé par arrêté du 14 août 2017",https://www.pist.tn/jort/2017/2017A/Ja0662017.pdf
salaire_base.agents_payes_a_l_heure.categorie_3_1.echelon_15,2019-01-01,2.767,"Avenant n° 16 à la convention collective sectorielle du textile, agréé par arrêté du 21 janvier 2019",https://www.pist.tn/jort/2019/2019A/Ja0112019.pdf
salaire_base.agents_payes_a_l_heure.categorie_3_1.echelon_15,2020-01-01,2.955,"Avenant n° 16 à la convention collective sectorielle du textile, agréé par arrêté du 21 janvier 2019",https://www.pist.tn/jort/2019/2019A/Ja0112019.pdf
salaire_base.agents_payes_a_l_heure.categorie_3_1.echelon_15,2021-09-01,3.147,"Avenant n° 17 à la convention collective sectorielle du textile, agréé par arrêté du 23 juin 2022",https://www.pist.tn/jort/2022/2022A/Ja0712022.pdf
salaire_base.agents_payes_a_l_heure.categorie_3_1.echelon_15,2022-05-01,3.367,"Avenant n° 17 à la convention collective sectorielle du textile, agréé par arrêté du 23 juin 2022",https://www.pist.tn/jort/2022/2022A/Ja0712022.pdf
salaire_base.agents_payes_a_l_heure.categorie_3_1.echelon_15,2024-01-01,3.586,"Avenant n° 18 à la convention collective sectorielle du textile, agréé par arrêté du 8 avril 2024",https://www.pist.tn/jort/2024/2024A/Ja0492024.pdf
salaire_base.agents_payes_a_l_heure.categorie_3_1.echelon_15,2025-01-01,3.819,"Avenant n° 18 à la convention collective sectorielle du textile, agréé par arrêté du 8 avril 2024",https://www.pist.tn/jort/2024/2024A/Ja0492024.pdf
salaire_base.agents_payes_a_l_heure.categorie_3_1.echelon_15,2026-01-01,4.087,"Avenant n° 18 à la convention collective sectorielle du textile, agréé par arrêté du 8 avril 2024",https://www.pist.tn/jort/2024/2024A/Ja0492024.pdf
salaire_base.agents_payes_a_l_heure.categorie_3_1.echelon_16,1994-05-01,0.928,"Avenant n° 5 à la convention collective nationale du textile, agréé par arrêté du 22 septembre 1994",https://www.pist.tn/jort/1994/1994F/Jo07894.pdf
salaire_base.agents_payes_a_l_heure.categorie_3_1.echelon_16,1995-05-01,0.976,"Avenant n° 5 à la convention collective nationale du textile, agréé par arrêté du 22 septembre 1994",https://www.pist.tn/jort/1994/1994F/Jo07894.pdf
salaire_base.agents_payes_a_l_heure.categorie_3_1.echelon_16,1996-05-01,1.024,"Avenant n° 6 à la convention collective nationale du textile, agréé par arrêté du 24 juillet 1996",https://www.pist.tn/jort/1996/1996A/Ja06096.pdf
salaire_base.agents_payes_a_l_heure.categorie_3_1.echelon_16,1997-05-01,1.077,"Avenant n° 6 à la convention collective nationale du textile, agréé par arrêté du 24 juillet 1996",https://www.pist.tn/jort/1996/1996A/Ja06096.pdf
salaire_base.agents_payes_a_l_heure.categorie_3_1.echelon_16,1998-05-01,1.135,"Avenant n° 6 à la convention collective nationale du textile, agréé par arrêté du 24 juillet 1996",https://www.pist.tn/jort/1996/1996A/Ja06096.pdf
salaire_base.agents_payes_a_l_heure.categorie_3_1.echelon_16,1999-05-01,1.188,"Avenant n° 7 à la convention collective nationale du textile, agréé par arrêté du 9 juin 1999",https://www.pist.tn/jort/1999/1999A/Ja04899.pdf
salaire_base.agents_payes_a_l_heure.categorie_3_1.echelon_16,2000-05-01,1.241,"Avenant n° 7 à la convention collective nationale du textile, agréé par arrêté du 9 juin 1999",https://www.pist.tn/jort/1999/1999A/Ja04899.pdf
salaire_base.agents_payes_a_l_heure.categorie_3_1.echelon_16,2001-05-01,1.294,"Avenant n° 7 à la convention collective nationale du textile, agréé par arrêté du 9 juin 1999",https://www.pist.tn/jort/1999/1999A/Ja04899.pdf
salaire_base.agents_payes_a_l_heure.categorie_3_1.echelon_16,2002-05-01,1.347,"Avenant n° 8 à la convention collective nationale du textile, agréé par arrêté du 25 novembre 2002",https://www.pist.tn/jort/2002/2002A/Ja0972002.pdf
salaire_base.agents_payes_a_l_heure.categorie_3_1.echelon_16,2003-05-01,1.402,"Avenant n° 8 à la convention collective nationale du textile, agréé par arrêté du 25 novembre 2002",https://www.pist.tn/jort/2002/2002A/Ja0972002.pdf
salaire_base.agents_payes_a_l_heure.categorie_3_1.echelon_16,2004-05-01,1.462,"Avenant n° 8 à la convention collective nationale du textile, agréé par arrêté du 25 novembre 2002",https://www.pist.tn/jort/2002/2002A/Ja0972002.pdf
salaire_base.agents_payes_a_l_heure.categorie_3_1.echelon_16,2005-06-15,1.515,"Avenant n° 9 à la convention collective sectorielle du textile, agréé par arrêté du 17 janvier 2006",https://www.pist.tn/jort/2006/2006A/Ja0072006.pdf
salaire_base.agents_payes_a_l_heure.categorie_3_1.echelon_16,2006-05-01,1.573,"Avenant n° 9 à la convention collective sectorielle du textile, agréé par arrêté du 17 janvier 2006",https://www.pist.tn/jort/2006/2006A/Ja0072006.pdf
salaire_base.agents_payes_a_l_heure.categorie_3_1.echelon_16,2007-05-01,1.631,"Avenant n° 9 à la convention collective sectorielle du textile, agréé par arrêté du 17 janvier 2006",https://www.pist.tn/jort/2006/2006A/Ja0072006.pdf
salaire_base.agents_payes_a_l_heure.categorie_3_1.echelon_16,2008-05-01,1.711,"Avenant n° 10 à la convention collective sectorielle du textile, agréé par arrêté du 17 février 2009",https://www.pist.tn/jort/2009/2009A/Ja0162009.pdf
salaire_base.agents_payes_a_l_heure.categorie_3_1.echelon_16,2009-05-01,1.788,"Avenant n° 10 à la convention collective sectorielle du textile, agréé par arrêté du 17 février 2009",https://www.pist.tn/jort/2009/2009A/Ja0162009.pdf
salaire_base.agents_payes_a_l_heure.categorie_3_1.echelon_16,2010-05-01,1.875,"Avenant n° 10 à la convention collective sectorielle du textile, agréé par arrêté du 17 février 2009",https://www.pist.tn/jort/2009/2009A/Ja0162009.pdf
salaire_base.agents_payes_a_l_heure.categorie_3_1.echelon_16,2011-05-01,1.964,"Avenant n° 11 à la convention collective sectorielle du textile, agréé par arrêté du 11 octobre 2011",https://www.pist.tn/jort/2011/2011A/Ja0782011.pdf
salaire_base.agents_payes_a_l_heure.categorie_3_1.echelon_16,2012-05-01,2.076,"Avenant n° 12 à la convention collective sectorielle du textile, agréé par arrêté du 19 février 2013",https://www.pist.tn/jort/2013/2013A/Ja0162013.pdf
salaire_base.agents_payes_a_l_heure.categorie_3_1.echelon_16,2014-05-01,2.195,"Avenant n° 13 à la convention collective sectorielle du textile, agréé par arrêté du 17 octobre 2014",https://www.pist.tn/jort/2014/2014A/Ja0902014.pdf
salaire_base.agents_payes_a_l_heure.categorie_3_1.echelon_16,2015-09-01,2.321,"Avenant n° 14 à la convention collective sectorielle du textile, agréé par arrêté du 8 avril 2016",https://www.pist.tn/jort/2016/2016A/Ja0302016.pdf
salaire_base.agents_payes_a_l_heure.categorie_3_1.echelon_16,2016-08-01,2.455,"Avenant n° 15 à la convention collective sectorielle du textile, agréé par arrêté du 14 août 2017",https://www.pist.tn/jort/2017/2017A/Ja0662017.pdf
salaire_base.agents_payes_a_l_heure.categorie_3_1.echelon_16,2018-01-01,2.597,"Avenant n° 15 à la convention collective sectorielle du textile, agréé par arrêté du 14 août 2017",https://www.pist.tn/jort/2017/2017A/Ja0662017.pdf
salaire_base.agents_payes_a_l_heure.categorie_3_1.echelon_16,2019-01-01,2.772,"Avenant n° 16 à la convention collective sectorielle du textile, agréé par arrêté du 21 janvier 2019",https://www.pist.tn/jort/2019/2019A/Ja0112019.pdf
salaire_base.agents_payes_a_l_heure.categorie_3_1.echelon_16,2020-01-01,2.96,"Avenant n° 16 à la convention collective sectorielle du textile, agréé par arrêté du 21 janvier 2019",https://www.pist.tn/jort/2019/2019A/Ja0112019.pdf
salaire_base.agents_payes_a_l_heure.categorie_3_1.echelon_16,2021-09-01,3.152,"Avenant n° 17 à la convention collective sectorielle du textile, agréé par arrêté du 23 juin 2022",https://www.pist.tn/jort/2022/2022A/Ja0712022.pdf
salaire_base.agents_payes_a_l_heure.categorie_3_1.echelon_16,2022-05-01,3.373,"Avenant n° 17 à la convention collective sectorielle du textile, agréé par arrêté du 23 juin 2022",https://www.pist.tn/jort/2022/2022A/Ja0712022.pdf
salaire_base.agents_payes_a_l_heure.categorie_3_1.echelon_16,2024-01-01,3.592,"Avenant n° 18 à la convention collective sectorielle du textile, agréé par arrêté du 8 avril 2024",https://www.pist.tn/jort/2024/2024A/Ja0492024.pdf
salaire_base.agents_payes_a_l_heure.categorie_3_1.echelon_16,2025-01-01,3.826,"Avenant n° 18 à la convention collective sectorielle du textile, agréé par arrêté du 8 avril 2024",https://www.pist.tn/jort/2024/2024A/Ja0492024.pdf
salaire_base.agents_payes_a_l_heure.categorie_3_1.echelon_16,2026-01-01,4.094,"Avenant n° 18 à la convention collective sectorielle du textile, agréé par arrêté du 8 avril 2024",https://www.pist.tn/jort/2024/2024A/Ja0492024.pdf
salaire_base.agents_payes_a_l_heure.categorie_3_1.echelon_17,1999-05-01,1.193,"Avenant n° 7 à la convention collective nationale du textile, agréé par arrêté du 9 juin 1999",https://www.pist.tn/jort/1999/1999A/Ja04899.pdf
salaire_base.agents_payes_a_l_heure.categorie_3_1.echelon_17,2000-05-01,1.246,"Avenant n° 7 à la convention collective nationale du textile, agréé par arrêté du 9 juin 1999",https://www.pist.tn/jort/1999/1999A/Ja04899.pdf
salaire_base.agents_payes_a_l_heure.categorie_3_1.echelon_17,2001-05-01,1.299,"Avenant n° 7 à la convention collective nationale du textile, agréé par arrêté du 9 juin 1999",https://www.pist.tn/jort/1999/1999A/Ja04899.pdf
salaire_base.agents_payes_a_l_heure.categorie_3_1.echelon_17,2002-05-01,1.352,"Avenant n° 8 à la convention collective nationale du textile, agréé par arrêté du 25 novembre 2002",https://www.pist.tn/jort/2002/2002A/Ja0972002.pdf
salaire_base.agents_payes_a_l_heure.categorie_3_1.echelon_17,2003-05-01,1.407,"Avenant n° 8 à la convention collective nationale du textile, agréé par arrêté du 25 novembre 2002",https://www.pist.tn/jort/2002/2002A/Ja0972002.pdf
salaire_base.agents_payes_a_l_heure.categorie_3_1.echelon_17,2004-05-01,1.467,"Avenant n° 8 à la convention collective nationale du textile, agréé par arrêté du 25 novembre 2002",https://www.pist.tn/jort/2002/2002A/Ja0972002.pdf
salaire_base.agents_payes_a_l_heure.categorie_3_1.echelon_17,2005-06-15,1.52,"Avenant n° 9 à la convention collective sectorielle du textile, agréé par arrêté du 17 janvier 2006",https://www.pist.tn/jort/2006/2006A/Ja0072006.pdf
salaire_base.agents_payes_a_l_heure.categorie_3_1.echelon_17,2006-05-01,1.578,"Avenant n° 9 à la convention collective sectorielle du textile, agréé par arrêté du 17 janvier 2006",https://www.pist.tn/jort/2006/2006A/Ja0072006.pdf
salaire_base.agents_payes_a_l_heure.categorie_3_1.echelon_17,2007-05-01,1.636,"Avenant n° 9 à la convention collective sectorielle du textile, agréé par arrêté du 17 janvier 2006",https://www.pist.tn/jort/2006/2006A/Ja0072006.pdf
salaire_base.agents_payes_a_l_heure.categorie_3_1.echelon_17,2008-05-01,1.716,"Avenant n° 10 à la convention collective sectorielle du textile, agréé par arrêté du 17 février 2009",https://www.pist.tn/jort/2009/2009A/Ja0162009.pdf
salaire_base.agents_payes_a_l_heure.categorie_3_1.echelon_17,2009-05-01,1.793,"Avenant n° 10 à la convention collective sectorielle du textile, agréé par arrêté du 17 février 2009",https://www.pist.tn/jort/2009/2009A/Ja0162009.pdf
salaire_base.agents_payes_a_l_heure.categorie_3_1.echelon_17,2010-05-01,1.88,"Avenant n° 10 à la convention collective sectorielle du textile, agréé par arrêté du 17 février 2009",https://www.pist.tn/jort/2009/2009A/Ja0162009.pdf
salaire_base.agents_payes_a_l_heure.categorie_3_1.echelon_17,2011-05-01,1.969,"Avenant n° 11 à la convention collective sectorielle du textile, agréé par arrêté du 11 octobre 2011",https://www.pist.tn/jort/2011/2011A/Ja0782011.pdf
salaire_base.agents_payes_a_l_heure.categorie_3_1.echelon_17,2012-05-01,2.081,"Avenant n° 12 à la convention collective sectorielle du textile, agréé par arrêté du 19 février 2013",https://www.pist.tn/jort/2013/2013A/Ja0162013.pdf
salaire_base.agents_payes_a_l_heure.categorie_3_1.echelon_17,2014-05-01,2.2,"Avenant n° 13 à la convention collective sectorielle du textile, agréé par arrêté du 17 octobre 2014",https://www.pist.tn/jort/2014/2014A/Ja0902014.pdf
salaire_base.agents_payes_a_l_heure.categorie_3_1.echelon_17,2015-09-01,2.326,"Avenant n° 14 à la convention collective sectorielle du textile, agréé par arrêté du 8 avril 2016",https://www.pist.tn/jort/2016/2016A/Ja0302016.pdf
salaire_base.agents_payes_a_l_heure.categorie_3_1.echelon_17,2016-08-01,2.46,"Avenant n° 15 à la convention collective sectorielle du textile, agréé par arrêté du 14 août 2017",https://www.pist.tn/jort/2017/2017A/Ja0662017.pdf
salaire_base.agents_payes_a_l_heure.categorie_3_1.echelon_17,2018-01-01,2.602,"Avenant n° 15 à la convention collective sectorielle du textile, agréé par arrêté du 14 août 2017",https://www.pist.tn/jort/2017/2017A/Ja0662017.pdf
salaire_base.agents_payes_a_l_heure.categorie_3_1.echelon_17,2019-01-01,2.777,"Avenant n° 16 à la convention collective sectorielle du textile, agréé par arrêté du 21 janvier 2019",https://www.pist.tn/jort/2019/2019A/Ja0112019.pdf
salaire_base.agents_payes_a_l_heure.categorie_3_1.echelon_17,2020-01-01,2.965,"Avenant n° 16 à la convention collective sectorielle du textile, agréé par arrêté du 21 janvier 2019",https://www.pist.tn/jort/2019/2019A/Ja0112019.pdf
salaire_base.agents_payes_a_l_heure.categorie_3_1.echelon_17,2021-09-01,3.158,"Avenant n° 17 à la convention collective sectorielle du textile, agréé par arrêté du 23 juin 2022",https://www.pist.tn/jort/2022/2022A/Ja0712022.pdf
salaire_base.agents_payes_a_l_heure.categorie_3_1.echelon_17,2022-05-01,3.379,"Avenant n° 17 à la convention collective sectorielle du textile, agréé par arrêté du 23 juin 2022",https://www.pist.tn/jort/2022/2022A/Ja0712022.pdf
salaire_base.agents_payes_a_l_heure.categorie_3_1.echelon_17,2024-01-01,3.598,"Avenant n° 18 à la convention collective sectorielle du textile, agréé par arrêté du 8 avril 2024",https://www.pist.tn/jort/2024/2024A/Ja0492024.pdf
salaire_base.agents_payes_a_l_heure.categorie_3_1.echelon_17,2025-01-01,3.832,"Avenant n° 18 à la convention collective sectorielle du textile, agréé par arrêté du 8 avril 2024",https://www.pist.tn/jort/2024/2024A/Ja0492024.pdf
salaire_base.agents_payes_a_l_heure.categorie_3_1.echelon_17,2026-01-01,4.101,"Avenant n° 18 à la convention collective sectorielle du textile, agréé par arrêté du 8 avril 2024",https://www.pist.tn/jort/2024/2024A/Ja0492024.pdf
salaire_base.agents_payes_a_l_heure.categorie_3_1.echelon_18,1999-05-01,1.198,"Avenant n° 7 à la convention collective nationale du textile, agréé par arrêté du 9 juin 1999",https://www.pist.tn/jort/1999/1999A/Ja04899.pdf
salaire_base.agents_payes_a_l_heure.categorie_3_1.echelon_18,2000-05-01,1.251,"Avenant n° 7 à la convention collective nationale du textile, agréé par arrêté du 9 juin 1999",https://www.pist.tn/jort/1999/1999A/Ja04899.pdf
salaire_base.agents_payes_a_l_heure.categorie_3_1.echelon_18,2001-05-01,1.304,"Avenant n° 7 à la convention collective nationale du textile, agréé par arrêté du 9 juin 1999",https://www.pist.tn/jort/1999/1999A/Ja04899.pdf
salaire_base.agents_payes_a_l_heure.categorie_3_1.echelon_18,2002-05-01,1.357,"Avenant n° 8 à la convention collective nationale du textile, agréé par arrêté du 25 novembre 2002",https://www.pist.tn/jort/2002/2002A/Ja0972002.pdf
salaire_base.agents_payes_a_l_heure.categorie_3_1.echelon_18,2003-05-01,1.412,"Avenant n° 8 à la convention collective nationale du textile, agréé par arrêté du 25 novembre 2002",https://www.pist.tn/jort/2002/2002A/Ja0972002.pdf
salaire_base.agents_payes_a_l_heure.categorie_3_1.echelon_18,2004-05-01,1.472,"Avenant n° 8 à la convention collective nationale du textile, agréé par arrêté du 25 novembre 2002",https://www.pist.tn/jort/2002/2002A/Ja0972002.pdf
salaire_base.agents_payes_a_l_heure.categorie_3_1.echelon_18,2005-06-15,1.525,"Avenant n° 9 à la convention collective sectorielle du textile, agréé par arrêté du 17 janvier 2006",https://www.pist.tn/jort/2006/2006A/Ja0072006.pdf
salaire_base.agents_payes_a_l_heure.categorie_3_1.echelon_18,2006-05-01,1.583,"Avenant n° 9 à la convention collective sectorielle du textile, agréé par arrêté du 17 janvier 2006",https://www.pist.tn/jort/2006/2006A/Ja0072006.pdf
salaire_base.agents_payes_a_l_heure.categorie_3_1.echelon_18,2007-05-01,1.641,"Avenant n° 9 à la convention collective sectorielle du textile, agréé par arrêté du 17 janvier 2006",https://www.pist.tn/jort/2006/2006A/Ja0072006.pdf
salaire_base.agents_payes_a_l_heure.categorie_3_1.echelon_18,2008-05-01,1.721,"Avenant n° 10 à la convention collective sectorielle du textile, agréé par arrêté du 17 février 2009",https://www.pist.tn/jort/2009/2009A/Ja0162009.pdf
salaire_base.agents_payes_a_l_heure.categorie_3_1.echelon_18,2009-05-01,1.798,"Avenant n° 10 à la convention collective sectorielle du textile, agréé par arrêté du 17 février 2009",https://www.pist.tn/jort/2009/2009A/Ja0162009.pdf
salaire_base.agents_payes_a_l_heure.categorie_3_1.echelon_18,2010-05-01,1.885,"Avenant n° 10 à la convention collective sectorielle du textile, agréé par arrêté du 17 février 2009",https://www.pist.tn/jort/2009/2009A/Ja0162009.pdf
salaire_base.agents_payes_a_l_heure.categorie_3_1.echelon_18,2011-05-01,1.974,"Avenant n° 11 à la convention collective sectorielle du textile, agréé par arrêté du 11 octobre 2011",https://www.pist.tn/jort/2011/2011A/Ja0782011.pdf
salaire_base.agents_payes_a_l_heure.categorie_3_1.echelon_18,2012-05-01,2.086,"Avenant n° 12 à la convention collective sectorielle du textile, agréé par arrêté du 19 février 2013",https://www.pist.tn/jort/2013/2013A/Ja0162013.pdf
salaire_base.agents_payes_a_l_heure.categorie_3_1.echelon_18,2014-05-01,2.205,"Avenant n° 13 à la convention collective sectorielle du textile, agréé par arrêté du 17 octobre 2014",https://www.pist.tn/jort/2014/2014A/Ja0902014.pdf
salaire_base.agents_payes_a_l_heure.categorie_3_1.echelon_18,2015-09-01,2.331,"Avenant n° 14 à la convention collective sectorielle du textile, agréé par arrêté du 8 avril 2016",https://www.pist.tn/jort/2016/2016A/Ja0302016.pdf
salaire_base.agents_payes_a_l_heure.categorie_3_1.echelon_18,2016-08-01,2.465,"Avenant n° 15 à la convention collective sectorielle du textile, agréé par arrêté du 14 août 2017",https://www.pist.tn/jort/2017/2017A/Ja0662017.pdf
salaire_base.agents_payes_a_l_heure.categorie_3_1.echelon_18,2018-01-01,2.607,"Avenant n° 15 à la convention collective sectorielle du textile, agréé par arrêté du 14 août 2017",https://www.pist.tn/jort/2017/2017A/Ja0662017.pdf
salaire_base.agents_payes_a_l_heure.categorie_3_1.echelon_18,2019-01-01,2.782,"Avenant n° 16 à la convention collective sectorielle du textile, agréé par arrêté du 21 janvier 2019",https://www.pist.tn/jort/2019/2019A/Ja0112019.pdf
salaire_base.agents_payes_a_l_heure.categorie_3_1.echelon_18,2020-01-01,2.97,"Avenant n° 16 à la convention collective sectorielle du textile, agréé par arrêté du 21 janvier 2019",https://www.pist.tn/jort/2019/2019A/Ja0112019.pdf
salaire_base.agents_payes_a_l_heure.categorie_3_1.echelon_18,2021-09-01,3.163,"Avenant n° 17 à la convention collective sectorielle du textile, agréé par arrêté du 23 juin 2022",https://www.pist.tn/jort/2022/2022A/Ja0712022.pdf
salaire_base.agents_payes_a_l_heure.categorie_3_1.echelon_18,2022-05-01,3.384,"Avenant n° 17 à la convention collective sectorielle du textile, agréé par arrêté du 23 juin 2022",https://www.pist.tn/jort/2022/2022A/Ja0712022.pdf
salaire_base.agents_payes_a_l_heure.categorie_3_1.echelon_18,2024-01-01,3.604,"Avenant n° 18 à la convention collective sectorielle du textile, agréé par arrêté du 8 avril 2024",https://www.pist.tn/jort/2024/2024A/Ja0492024.pdf
salaire_base.agents_payes_a_l_heure.categorie_3_1.echelon_18,2025-01-01,3.839,"Avenant n° 18 à la convention collective sectorielle du textile, agréé par arrêté du 8 avril 2024",https://www.pist.tn/jort/2024/2024A/Ja0492024.pdf
salaire_base.agents_payes_a_l_heure.categorie_3_1.echelon_18,2026-01-01,4.107,"Avenant n° 18 à la convention collective sectorielle du textile, agréé par arrêté du 8 avril 2024",https://www.pist.tn/jort/2024/2024A/Ja0492024.pdf
salaire_base.agents_payes_a_l_heure.categorie_3_1.echelon_19,1999-05-01,1.203,"Avenant n° 7 à la convention collective nationale du textile, agréé par arrêté du 9 juin 1999",https://www.pist.tn/jort/1999/1999A/Ja04899.pdf
salaire_base.agents_payes_a_l_heure.categorie_3_1.echelon_19,2000-05-01,1.256,"Avenant n° 7 à la convention collective nationale du textile, agréé par arrêté du 9 juin 1999",https://www.pist.tn/jort/1999/1999A/Ja04899.pdf
salaire_base.agents_payes_a_l_heure.categorie_3_1.echelon_19,2001-05-01,1.309,"Avenant n° 7 à la convention collective nationale du textile, agréé par arrêté du 9 juin 1999",https://www.pist.tn/jort/1999/1999A/Ja04899.pdf
salaire_base.agents_payes_a_l_heure.categorie_3_1.echelon_19,2002-05-01,1.362,"Avenant n° 8 à la convention collective nationale du textile, agréé par arrêté du 25 novembre 2002",https://www.pist.tn/jort/2002/2002A/Ja0972002.pdf
salaire_base.agents_payes_a_l_heure.categorie_3_1.echelon_19,2003-05-01,1.417,"Avenant n° 8 à la convention collective nationale du textile, agréé par arrêté du 25 novembre 2002",https://www.pist.tn/jort/2002/2002A/Ja0972002.pdf
salaire_base.agents_payes_a_l_heure.categorie_3_1.echelon_19,2004-05-01,1.477,"Avenant n° 8 à la convention collective nationale du textile, agréé par arrêté du 25 novembre 2002",https://www.pist.tn/jort/2002/2002A/Ja0972002.pdf
salaire_base.agents_payes_a_l_heure.categorie_3_1.echelon_19,2005-06-15,1.53,"Avenant n° 9 à la convention collective sectorielle du textile, agréé par arrêté du 17 janvier 2006",https://www.pist.tn/jort/2006/2006A/Ja0072006.pdf
salaire_base.agents_payes_a_l_heure.categorie_3_1.echelon_19,2006-05-01,1.588,"Avenant n° 9 à la convention collective sectorielle du textile, agréé par arrêté du 17 janvier 2006",https://www.pist.tn/jort/2006/2006A/Ja0072006.pdf
salaire_base.agents_payes_a_l_heure.categorie_3_1.echelon_19,2007-05-01,1.646,"Avenant n° 9 à la convention collective sectorielle du textile, agréé par arrêté du 17 janvier 2006",https://www.pist.tn/jort/2006/2006A/Ja0072006.pdf
salaire_base.agents_payes_a_l_heure.categorie_3_1.echelon_19,2008-05-01,1.726,"Avenant n° 10 à la convention collective sectorielle du textile, agréé par arrêté du 17 février 2009",https://www.pist.tn/jort/2009/2009A/Ja0162009.pdf
salaire_base.agents_payes_a_l_heure.categorie_3_1.echelon_19,2009-05-01,1.803,"Avenant n° 10 à la convention collective sectorielle du textile, agréé par arrêté du 17 février 2009",https://www.pist.tn/jort/2009/2009A/Ja0162009.pdf
salaire_base.agents_payes_a_l_heure.categorie_3_1.echelon_19,2010-05-01,1.89,"Avenant n° 10 à la convention collective sectorielle du textile, agréé par arrêté du 17 février 2009",https://www.pist.tn/jort/2009/2009A/Ja0162009.pdf
salaire_base.agents_payes_a_l_heure.categorie_3_1.echelon_19,2011-05-01,1.979,"Avenant n° 11 à la convention collective sectorielle du textile, agréé par arrêté du 11 octobre 2011",https://www.pist.tn/jort/2011/2011A/Ja0782011.pdf
salaire_base.agents_payes_a_l_heure.categorie_3_1.echelon_19,2012-05-01,2.091,"Avenant n° 12 à la convention collective sectorielle du textile, agréé par arrêté du 19 février 2013",https://www.pist.tn/jort/2013/2013A/Ja0162013.pdf
salaire_base.agents_payes_a_l_heure.categorie_3_1.echelon_19,2014-05-01,2.21,"Avenant n° 13 à la convention collective sectorielle du textile, agréé par arrêté du 17 octobre 2014",https://www.pist.tn/jort/2014/2014A/Ja0902014.pdf
salaire_base.agents_payes_a_l_heure.categorie_3_1.echelon_19,2015-09-01,2.336,"Avenant n° 14 à la convention collective sectorielle du textile, agréé par arrêté du 8 avril 2016",https://www.pist.tn/jort/2016/2016A/Ja0302016.pdf
salaire_base.agents_payes_a_l_heure.categorie_3_1.echelon_19,2016-08-01,2.47,"Avenant n° 15 à la convention collective sectorielle du textile, agréé par arrêté du 14 août 2017",https://www.pist.tn/jort/2017/2017A/Ja0662017.pdf
salaire_base.agents_payes_a_l_heure.categorie_3_1.echelon_19,2018-01-01,2.612,"Avenant n° 15 à la convention collective sectorielle du textile, agréé par arrêté du 14 août 2017",https://www.pist.tn/jort/2017/2017A/Ja0662017.pdf
salaire_base.agents_payes_a_l_heure.categorie_3_1.echelon_19,2019-01-01,2.787,"Avenant n° 16 à la convention collective sectorielle du textile, agréé par arrêté du 21 janvier 2019",https://www.pist.tn/jort/2019/2019A/Ja0112019.pdf
salaire_base.agents_payes_a_l_heure.categorie_3_1.echelon_19,2020-01-01,2.975,"Avenant n° 16 à la convention collective sectorielle du textile, agréé par arrêté du 21 janvier 2019",https://www.pist.tn/jort/2019/2019A/Ja0112019.pdf
salaire_base.agents_payes_a_l_heure.categorie_3_1.echelon_19,2021-09-01,3.168,"Avenant n° 17 à la convention collective sectorielle du textile, agréé par arrêté du 23 juin 2022",https://www.pist.tn/jort/2022/2022A/Ja0712022.pdf
salaire_base.agents_payes_a_l_heure.categorie_3_1.echelon_19,2022-05-01,3.39,"Avenant n° 17 à la convention collective sectorielle du textile, agréé par arrêté du 23 juin 2022",https://www.pist.tn/jort/2022/2022A/Ja0712022.pdf
salaire_base.agents_payes_a_l_heure.categorie_3_1.echelon_19,2024-01-01,3.611,"Avenant n° 18 à la convention collective sectorielle du textile, agréé par arrêté du 8 avril 2024",https://www.pist.tn/jort/2024/2024A/Ja0492024.pdf
salaire_base.agents_payes_a_l_heure.categorie_3_1.echelon_19,2025-01-01,3.845,"Avenant n° 18 à la convention collective sectorielle du textile, agréé par arrêté du 8 avril 2024",https://www.pist.tn/jort/2024/2024A/Ja0492024.pdf
salaire_base.agents_payes_a_l_heure.categorie_3_1.echelon_19,2026-01-01,4.114,"Avenant n° 18 à la convention collective sectorielle du textile, agréé par arrêté du 8 avril 2024",https://www.pist.tn/jort/2024/2024A/Ja0492024.pdf
salaire_base.agents_payes_a_l_heure.categorie_3_1.echelon_20,1999-05-01,1.208,"Avenant n° 7 à la convention collective nationale du textile, agréé par arrêté du 9 juin 1999",https://www.pist.tn/jort/1999/1999A/Ja04899.pdf
salaire_base.agents_payes_a_l_heure.categorie_3_1.echelon_20,2000-05-01,1.261,"Avenant n° 7 à la convention collective nationale du textile, agréé par arrêté du 9 juin 1999",https://www.pist.tn/jort/1999/1999A/Ja04899.pdf
salaire_base.agents_payes_a_l_heure.categorie_3_1.echelon_20,2001-05-01,1.314,"Avenant n° 7 à la convention collective nationale du textile, agréé par arrêté du 9 juin 1999",https://www.pist.tn/jort/1999/1999A/Ja04899.pdf
salaire_base.agents_payes_a_l_heure.categorie_3_1.echelon_20,2002-05-01,1.367,"Avenant n° 8 à la convention collective nationale du textile, agréé par arrêté du 25 novembre 2002",https://www.pist.tn/jort/2002/2002A/Ja0972002.pdf
salaire_base.agents_payes_a_l_heure.categorie_3_1.echelon_20,2003-05-01,1.422,"Avenant n° 8 à la convention collective nationale du textile, agréé par arrêté du 25 novembre 2002",https://www.pist.tn/jort/2002/2002A/Ja0972002.pdf
salaire_base.agents_payes_a_l_heure.categorie_3_1.echelon_20,2004-05-01,1.482,"Avenant n° 8 à la convention collective nationale du textile, agréé par arrêté du 25 novembre 2002",https://www.pist.tn/jort/2002/2002A/Ja0972002.pdf
salaire_base.agents_payes_a_l_heure.categorie_3_1.echelon_20,2005-06-15,1.535,"Avenant n° 9 à la convention collective sectorielle du textile, agréé par arrêté du 17 janvier 2006",https://www.pist.tn/jort/2006/2006A/Ja0072006.pdf
salaire_base.agents_payes_a_l_heure.categorie_3_1.echelon_20,2006-05-01,1.593,"Avenant n° 9 à la convention collective sectorielle du textile, agréé par arrêté du 17 janvier 2006",https://www.pist.tn/jort/2006/2006A/Ja0072006.pdf
salaire_base.agents_payes_a_l_heure.categorie_3_1.echelon_20,2007-05-01,1.651,"Avenant n° 9 à la convention collective sectorielle du textile, agréé par arrêté du 17 janvier 2006",https://www.pist.tn/jort/2006/2006A/Ja0072006.pdf
salaire_base.agents_payes_a_l_heure.categorie_3_1.echelon_20,2008-05-01,1.731,"Avenant n° 10 à la convention collective sectorielle du textile, agréé par arrêté du 17 février 2009",https://www.pist.tn/jort/2009/2009A/Ja0162009.pdf
salaire_base.agents_payes_a_l_heure.categorie_3_1.echelon_20,2009-05-01,1.808,"Avenant n° 10 à la convention collective sectorielle du textile, agréé par arrêté du 17 février 2009",https://www.pist.tn/jort/2009/2009A/Ja0162009.pdf
salaire_base.agents_payes_a_l_heure.categorie_3_1.echelon_20,2010-05-01,1.895,"Avenant n° 10 à la convention collective sectorielle du textile, agréé par arrêté du 17 février 2009",https://www.pist.tn/jort/2009/2009A/Ja0162009.pdf
salaire_base.agents_payes_a_l_heure.categorie_3_1.echelon_20,2011-05-01,1.984,"Avenant n° 11 à la convention collective sectorielle du textile, agréé par arrêté du 11 octobre 2011",https://www.pist.tn/jort/2011/2011A/Ja0782011.pdf
salaire_base.agents_payes_a_l_heure.categorie_3_1.echelon_20,2012-05-01,2.096,"Avenant n° 12 à la convention collective sectorielle du textile, agréé par arrêté du 19 février 2013",https://www.pist.tn/jort/2013/2013A/Ja0162013.pdf
salaire_base.agents_payes_a_l_heure.categorie_3_1.echelon_20,2014-05-01,2.215,"Avenant n° 13 à la convention collective sectorielle du textile, agréé par arrêté du 17 octobre 2014",https://www.pist.tn/jort/2014/2014A/Ja0902014.pdf
salaire_base.agents_payes_a_l_heure.categorie_3_1.echelon_20,2015-09-01,2.341,"Avenant n° 14 à la convention collective sectorielle du textile, agréé par arrêté du 8 avril 2016",https://www.pist.tn/jort/2016/2016A/Ja0302016.pdf
salaire_base.agents_payes_a_l_heure.categorie_3_1.echelon_20,2016-08-01,2.475,"Avenant n° 15 à la convention collective sectorielle du textile, agréé par arrêté du 14 août 2017",https://www.pist.tn/jort/2017/2017A/Ja0662017.pdf
salaire_base.agents_payes_a_l_heure.categorie_3_1.echelon_20,2018-01-01,2.617,"Avenant n° 15 à la convention collective sectorielle du textile, agréé par arrêté du 14 août 2017",https://www.pist.tn/jort/2017/2017A/Ja0662017.pdf
salaire_base.agents_payes_a_l_heure.categorie_3_1.echelon_20,2019-01-01,2.792,"Avenant n° 16 à la convention collective sectorielle du textile, agréé par arrêté du 21 janvier 2019",https://www.pist.tn/jort/2019/2019A/Ja0112019.pdf
salaire_base.agents_payes_a_l_heure.categorie_3_1.echelon_20,2020-01-01,2.98,"Avenant n° 16 à la convention collective sectorielle du textile, agréé par arrêté du 21 janvier 2019",https://www.pist.tn/jort/2019/2019A/Ja0112019.pdf
salaire_base.agents_payes_a_l_heure.categorie_3_1.echelon_20,2021-09-01,3.174,"Avenant n° 17 à la convention collective sectorielle du textile, agréé par arrêté du 23 juin 2022",https://www.pist.tn/jort/2022/2022A/Ja0712022.pdf
salaire_base.agents_payes_a_l_heure.categorie_3_1.echelon_20,2022-05-01,3.396,"Avenant n° 17 à la convention collective sectorielle du textile, agréé par arrêté du 23 juin 2022",https://www.pist.tn/jort/2022/2022A/Ja0712022.pdf
salaire_base.agents_payes_a_l_heure.categorie_3_1.echelon_20,2024-01-01,3.617,"Avenant n° 18 à la convention collective sectorielle du textile, agréé par arrêté du 8 avril 2024",https://www.pist.tn/jort/2024/2024A/Ja0492024.pdf
salaire_base.agents_payes_a_l_heure.categorie_3_1.echelon_20,2025-01-01,3.852,"Avenant n° 18 à la convention collective sectorielle du textile, agréé par arrêté du 8 avril 2024",https://www.pist.tn/jort/2024/2024A/Ja0492024.pdf
salaire_base.agents_payes_a_l_heure.categorie_3_1.echelon_20,2026-01-01,4.121,"Avenant n° 18 à la convention collective sectorielle du textile, agréé par arrêté du 8 avril 2024",https://www.pist.tn/jort/2024/2024A/Ja0492024.pdf
salaire_base.agents_payes_a_l_heure.categorie_3_2.echelon_0,1994-05-01,0.861,"Avenant n° 5 à la convention collective nationale du textile, agréé par arrêté du 22 septembre 1994",https://www.pist.tn/jort/1994/1994F/Jo07894.pdf
salaire_base.agents_payes_a_l_heure.categorie_3_2.echelon_0,1995-05-01,0.909,"Avenant n° 5 à la convention collective nationale du textile, agréé par arrêté du 22 septembre 1994",https://www.pist.tn/jort/1994/1994F/Jo07894.pdf
salaire_base.agents_payes_a_l_heure.categorie_3_2.echelon_0,1996-05-01,0.957,"Avenant n° 6 à la convention collective nationale du textile, agréé par arrêté du 24 juillet 1996",https://www.pist.tn/jort/1996/1996A/Ja06096.pdf
salaire_base.agents_payes_a_l_heure.categorie_3_2.echelon_0,1997-05-01,1.01,"Avenant n° 6 à la convention collective nationale du textile, agréé par arrêté du 24 juillet 1996",https://www.pist.tn/jort/1996/1996A/Ja06096.pdf
salaire_base.agents_payes_a_l_heure.categorie_3_2.echelon_0,1998-05-01,1.068,"Avenant n° 6 à la convention collective nationale du textile, agréé par arrêté du 24 juillet 1996",https://www.pist.tn/jort/1996/1996A/Ja06096.pdf
salaire_base.agents_payes_a_l_heure.categorie_3_2.echelon_0,1999-05-01,1.121,"Avenant n° 7 à la convention collective nationale du textile, agréé par arrêté du 9 juin 1999",https://www.pist.tn/jort/1999/1999A/Ja04899.pdf
salaire_base.agents_payes_a_l_heure.categorie_3_2.echelon_0,2000-05-01,1.174,"Avenant n° 7 à la convention collective nationale du textile, agréé par arrêté du 9 juin 1999",https://www.pist.tn/jort/1999/1999A/Ja04899.pdf
salaire_base.agents_payes_a_l_heure.categorie_3_2.echelon_0,2001-05-01,1.227,"Avenant n° 7 à la convention collective nationale du textile, agréé par arrêté du 9 juin 1999",https://www.pist.tn/jort/1999/1999A/Ja04899.pdf
salaire_base.agents_payes_a_l_heure.categorie_3_2.echelon_0,2002-05-01,1.28,"Avenant n° 8 à la convention collective nationale du textile, agréé par arrêté du 25 novembre 2002",https://www.pist.tn/jort/2002/2002A/Ja0972002.pdf
salaire_base.agents_payes_a_l_heure.categorie_3_2.echelon_0,2003-05-01,1.338,"Avenant n° 8 à la convention collective nationale du textile, agréé par arrêté du 25 novembre 2002",https://www.pist.tn/jort/2002/2002A/Ja0972002.pdf
salaire_base.agents_payes_a_l_heure.categorie_3_2.echelon_0,2004-05-01,1.401,"Avenant n° 8 à la convention collective nationale du textile, agréé par arrêté du 25 novembre 2002",https://www.pist.tn/jort/2002/2002A/Ja0972002.pdf
salaire_base.agents_payes_a_l_heure.categorie_3_2.echelon_0,2005-06-15,1.454,"Avenant n° 9 à la convention collective sectorielle du textile, agréé par arrêté du 17 janvier 2006",https://www.pist.tn/jort/2006/2006A/Ja0072006.pdf
salaire_base.agents_payes_a_l_heure.categorie_3_2.echelon_0,2006-05-01,1.514,"Avenant n° 9 à la convention collective sectorielle du textile, agréé par arrêté du 17 janvier 2006",https://www.pist.tn/jort/2006/2006A/Ja0072006.pdf
salaire_base.agents_payes_a_l_heure.categorie_3_2.echelon_0,2007-05-01,1.574,"Avenant n° 9 à la convention collective sectorielle du textile, agréé par arrêté du 17 janvier 2006",https://www.pist.tn/jort/2006/2006A/Ja0072006.pdf
salaire_base.agents_payes_a_l_heure.categorie_3_2.echelon_0,2008-05-01,1.653,"Avenant n° 10 à la convention collective sectorielle du textile, agréé par arrêté du 17 février 2009",https://www.pist.tn/jort/2009/2009A/Ja0162009.pdf
salaire_base.agents_payes_a_l_heure.categorie_3_2.echelon_0,2009-05-01,1.732,"Avenant n° 10 à la convention collective sectorielle du textile, agréé par arrêté du 17 février 2009",https://www.pist.tn/jort/2009/2009A/Ja0162009.pdf
salaire_base.agents_payes_a_l_heure.categorie_3_2.echelon_0,2010-05-01,1.819,"Avenant n° 10 à la convention collective sectorielle du textile, agréé par arrêté du 17 février 2009",https://www.pist.tn/jort/2009/2009A/Ja0162009.pdf
salaire_base.agents_payes_a_l_heure.categorie_3_2.echelon_0,2011-05-01,1.91,"Avenant n° 11 à la convention collective sectorielle du textile, agréé par arrêté du 11 octobre 2011",https://www.pist.tn/jort/2011/2011A/Ja0782011.pdf
salaire_base.agents_payes_a_l_heure.categorie_3_2.echelon_0,2012-05-01,2.025,"Avenant n° 12 à la convention collective sectorielle du textile, agréé par arrêté du 19 février 2013",https://www.pist.tn/jort/2013/2013A/Ja0162013.pdf
salaire_base.agents_payes_a_l_heure.categorie_3_2.echelon_0,2014-05-01,2.146,"Avenant n° 13 à la convention collective sectorielle du textile, agréé par arrêté du 17 octobre 2014",https://www.pist.tn/jort/2014/2014A/Ja0902014.pdf
salaire_base.agents_payes_a_l_heure.categorie_3_2.echelon_0,2015-09-01,2.275,"Avenant n° 14 à la convention collective sectorielle du textile, agréé par arrêté du 8 avril 2016",https://www.pist.tn/jort/2016/2016A/Ja0302016.pdf
salaire_base.agents_payes_a_l_heure.categorie_3_2.echelon_0,2016-08-01,2.412,"Avenant n° 15 à la convention collective sectorielle du textile, agréé par arrêté du 14 août 2017",https://www.pist.tn/jort/2017/2017A/Ja0662017.pdf
salaire_base.agents_payes_a_l_heure.categorie_3_2.echelon_0,2018-01-01,2.556,"Avenant n° 15 à la convention collective sectorielle du textile, agréé par arrêté du 14 août 2017",https://www.pist.tn/jort/2017/2017A/Ja0662017.pdf
salaire_base.agents_payes_a_l_heure.categorie_3_2.echelon_0,2019-01-01,2.735,"Avenant n° 16 à la convention collective sectorielle du textile, agréé par arrêté du 21 janvier 2019",https://www.pist.tn/jort/2019/2019A/Ja0112019.pdf
salaire_base.agents_payes_a_l_heure.categorie_3_2.echelon_0,2020-01-01,2.927,"Avenant n° 16 à la convention collective sectorielle du textile, agréé par arrêté du 21 janvier 2019",https://www.pist.tn/jort/2019/2019A/Ja0112019.pdf
salaire_base.agents_payes_a_l_heure.categorie_3_2.echelon_0,2021-09-01,3.117,"Avenant n° 17 à la convention collective sectorielle du textile, agréé par arrêté du 23 juin 2022",https://www.pist.tn/jort/2022/2022A/Ja0712022.pdf
salaire_base.agents_payes_a_l_heure.categorie_3_2.echelon_0,2022-05-01,3.335,"Avenant n° 17 à la convention collective sectorielle du textile, agréé par arrêté du 23 juin 2022",https://www.pist.tn/jort/2022/2022A/Ja0712022.pdf
salaire_base.agents_payes_a_l_heure.categorie_3_2.echelon_0,2024-01-01,3.552,"Avenant n° 18 à la convention collective sectorielle du textile, agréé par arrêté du 8 avril 2024",https://www.pist.tn/jort/2024/2024A/Ja0492024.pdf
salaire_base.agents_payes_a_l_heure.categorie_3_2.echelon_0,2025-01-01,3.783,"Avenant n° 18 à la convention collective sectorielle du textile, agréé par arrêté du 8 avril 2024",https://www.pist.tn/jort/2024/2024A/Ja0492024.pdf
salaire_base.agents_payes_a_l_heure.categorie_3_2.echelon_0,2026-01-01,4.048,"Avenant n° 18 à la convention collective sectorielle du textile, agréé par arrêté du 8 avril 2024",https://www.pist.tn/jort/2024/2024A/Ja0492024.pdf
salaire_base.agents_payes_a_l_heure.categorie_3_2.echelon_1,1994-05-01,0.863,"Avenant n° 5 à la convention collective nationale du textile, agréé par arrêté du 22 septembre 1994",https://www.pist.tn/jort/1994/1994F/Jo07894.pdf
salaire_base.agents_payes_a_l_heure.categorie_3_2.echelon_1,1995-05-01,0.911,"Avenant n° 5 à la convention collective nationale du textile, agréé par arrêté du 22 septembre 1994",https://www.pist.tn/jort/1994/1994F/Jo07894.pdf
salaire_base.agents_payes_a_l_heure.categorie_3_2.echelon_1,1996-05-01,0.959,"Avenant n° 6 à la convention collective nationale du textile, agréé par arrêté du 24 juillet 1996",https://www.pist.tn/jort/1996/1996A/Ja06096.pdf
salaire_base.agents_payes_a_l_heure.categorie_3_2.echelon_1,1997-05-01,1.012,"Avenant n° 6 à la convention collective nationale du textile, agréé par arrêté du 24 juillet 1996",https://www.pist.tn/jort/1996/1996A/Ja06096.pdf
salaire_base.agents_payes_a_l_heure.categorie_3_2.echelon_1,1998-05-01,1.07,"Avenant n° 6 à la convention collective nationale du textile, agréé par arrêté du 24 juillet 1996",https://www.pist.tn/jort/1996/1996A/Ja06096.pdf
salaire_base.agents_payes_a_l_heure.categorie_3_2.echelon_1,1999-05-01,1.123,"Avenant n° 7 à la convention collective nationale du textile, agréé par arrêté du 9 juin 1999",https://www.pist.tn/jort/1999/1999A/Ja04899.pdf
salaire_base.agents_payes_a_l_heure.categorie_3_2.echelon_1,2000-05-01,1.176,"Avenant n° 7 à la convention collective nationale du textile, agréé par arrêté du 9 juin 1999",https://www.pist.tn/jort/1999/1999A/Ja04899.pdf
salaire_base.agents_payes_a_l_heure.categorie_3_2.echelon_1,2001-05-01,1.229,"Avenant n° 7 à la convention collective nationale du textile, agréé par arrêté du 9 juin 1999",https://www.pist.tn/jort/1999/1999A/Ja04899.pdf
salaire_base.agents_payes_a_l_heure.categorie_3_2.echelon_1,2002-05-01,1.282,"Avenant n° 8 à la convention collective nationale du textile, agréé par arrêté du 25 novembre 2002",https://www.pist.tn/jort/2002/2002A/Ja0972002.pdf
salaire_base.agents_payes_a_l_heure.categorie_3_2.echelon_1,2003-05-01,1.34,"Avenant n° 8 à la convention collective nationale du textile, agréé par arrêté du 25 novembre 2002",https://www.pist.tn/jort/2002/2002A/Ja0972002.pdf
salaire_base.agents_payes_a_l_heure.categorie_3_2.echelon_1,2004-05-01,1.403,"Avenant n° 8 à la convention collective nationale du textile, agréé par arrêté du 25 novembre 2002",https://www.pist.tn/jort/2002/2002A/Ja0972002.pdf
salaire_base.agents_payes_a_l_heure.categorie_3_2.echelon_1,2005-06-15,1.456,"Avenant n° 9 à la convention collective sectorielle du textile, agréé par arrêté du 17 janvier 2006",https://www.pist.tn/jort/2006/2006A/Ja0072006.pdf
salaire_base.agents_payes_a_l_heure.categorie_3_2.echelon_1,2006-05-01,1.516,"Avenant n° 9 à la convention collective sectorielle du textile, agréé par arrêté du 17 janvier 2006",https://www.pist.tn/jort/2006/2006A/Ja0072006.pdf
salaire_base.agents_payes_a_l_heure.categorie_3_2.echelon_1,2007-05-01,1.576,"Avenant n° 9 à la convention collective sectorielle du textile, agréé par arrêté du 17 janvier 2006",https://www.pist.tn/jort/2006/2006A/Ja0072006.pdf
salaire_base.agents_payes_a_l_heure.categorie_3_2.echelon_1,2008-05-01,1.657,"Avenant n° 10 à la convention collective sectorielle du textile, agréé par arrêté du 17 février 2009",https://www.pist.tn/jort/2009/2009A/Ja0162009.pdf
salaire_base.agents_payes_a_l_heure.categorie_3_2.echelon_1,2009-05-01,1.736,"Avenant n° 10 à la convention collective sectorielle du textile, agréé par arrêté du 17 février 2009",https://www.pist.tn/jort/2009/2009A/Ja0162009.pdf
salaire_base.agents_payes_a_l_heure.categorie_3_2.echelon_1,2010-05-01,1.824,"Avenant n° 10 à la convention collective sectorielle du textile, agréé par arrêté du 17 février 2009",https://www.pist.tn/jort/2009/2009A/Ja0162009.pdf
salaire_base.agents_payes_a_l_heure.categorie_3_2.echelon_1,2011-05-01,1.915,"Avenant n° 11 à la convention collective sectorielle du textile, agréé par arrêté du 11 octobre 2011",https://www.pist.tn/jort/2011/2011A/Ja0782011.pdf
salaire_base.agents_payes_a_l_heure.categorie_3_2.echelon_1,2012-05-01,2.03,"Avenant n° 12 à la convention collective sectorielle du textile, agréé par arrêté du 19 février 2013",https://www.pist.tn/jort/2013/2013A/Ja0162013.pdf
salaire_base.agents_payes_a_l_heure.categorie_3_2.echelon_1,2014-05-01,2.151,"Avenant n° 13 à la convention collective sectorielle du textile, agréé par arrêté du 17 octobre 2014",https://www.pist.tn/jort/2014/2014A/Ja0902014.pdf
salaire_base.agents_payes_a_l_heure.categorie_3_2.echelon_1,2015-09-01,2.28,"Avenant n° 14 à la convention collective sectorielle du textile, agréé par arrêté du 8 avril 2016",https://www.pist.tn/jort/2016/2016A/Ja0302016.pdf
salaire_base.agents_payes_a_l_heure.categorie_3_2.echelon_1,2016-08-01,2.417,"Avenant n° 15 à la convention collective sectorielle du textile, agréé par arrêté du 14 août 2017",https://www.pist.tn/jort/2017/2017A/Ja0662017.pdf
salaire_base.agents_payes_a_l_heure.categorie_3_2.echelon_1,2018-01-01,2.561,"Avenant n° 15 à la convention collective sectorielle du textile, agréé par arrêté du 14 août 2017",https://www.pist.tn/jort/2017/2017A/Ja0662017.pdf
salaire_base.agents_payes_a_l_heure.categorie_3_2.echelon_1,2019-01-01,2.74,"Avenant n° 16 à la convention collective sectorielle du textile, agréé par arrêté du 21 janvier 2019",https://www.pist.tn/jort/2019/2019A/Ja0112019.pdf
salaire_base.agents_payes_a_l_heure.categorie_3_2.echelon_1,2020-01-01,2.932,"Avenant n° 16 à la convention collective sectorielle du textile, agréé par arrêté du 21 janvier 2019",https://www.pist.tn/jort/2019/2019A/Ja0112019.pdf
salaire_base.agents_payes_a_l_heure.categorie_3_2.echelon_1,2021-09-01,3.122,"Avenant n° 17 à la convention collective sectorielle du textile, agréé par arrêté du 23 juin 2022",https://www.pist.tn/jort/2022/2022A/Ja0712022.pdf
salaire_base.agents_payes_a_l_heure.categorie_3_2.echelon_1,2022-05-01,3.341,"Avenant n° 17 à la convention collective sectorielle du textile, agréé par arrêté du 23 juin 2022",https://www.pist.tn/jort/2022/2022A/Ja0712022.pdf
salaire_base.agents_payes_a_l_heure.categorie_3_2.echelon_1,2024-01-01,3.558,"Avenant n° 18 à la convention collective sectorielle du textile, agréé par arrêté du 8 avril 2024",https://www.pist.tn/jort/2024/2024A/Ja0492024.pdf
salaire_base.agents_payes_a_l_heure.categorie_3_2.echelon_1,2025-01-01,3.789,"Avenant n° 18 à la convention collective sectorielle du textile, agréé par arrêté du 8 avril 2024",https://www.pist.tn/jort/2024/2024A/Ja0492024.pdf
salaire_base.agents_payes_a_l_heure.categorie_3_2.echelon_1,2026-01-01,4.055,"Avenant n° 18 à la convention collective sectorielle du textile, agréé par arrêté du 8 avril 2024",https://www.pist.tn/jort/2024/2024A/Ja0492024.pdf
salaire_base.agents_payes_a_l_heure.categorie_3_2.echelon_2,1994-05-01,0.866,"Avenant n° 5 à la convention collective nationale du textile, agréé par arrêté du 22 septembre 1994",https://www.pist.tn/jort/1994/1994F/Jo07894.pdf
salaire_base.agents_payes_a_l_heure.categorie_3_2.echelon_2,1995-05-01,0.914,"Avenant n° 5 à la convention collective nationale du textile, agréé par arrêté du 22 septembre 1994",https://www.pist.tn/jort/1994/1994F/Jo07894.pdf
salaire_base.agents_payes_a_l_heure.categorie_3_2.echelon_2,1996-05-01,0.962,"Avenant n° 6 à la convention collective nationale du textile, agréé par arrêté du 24 juillet 1996",https://www.pist.tn/jort/1996/1996A/Ja06096.pdf
salaire_base.agents_payes_a_l_heure.categorie_3_2.echelon_2,1997-05-01,1.015,"Avenant n° 6 à la convention collective nationale du textile, agréé par arrêté du 24 juillet 1996",https://www.pist.tn/jort/1996/1996A/Ja06096.pdf
salaire_base.agents_payes_a_l_heure.categorie_3_2.echelon_2,1998-05-01,1.073,"Avenant n° 6 à la convention collective nationale du textile, agréé par arrêté du 24 juillet 1996",https://www.pist.tn/jort/1996/1996A/Ja06096.pdf
salaire_base.agents_payes_a_l_heure.categorie_3_2.echelon_2,1999-05-01,1.126,"Avenant n° 7 à la convention collective nationale du textile, agréé par arrêté du 9 juin 1999",https://www.pist.tn/jort/1999/1999A/Ja04899.pdf
salaire_base.agents_payes_a_l_heure.categorie_3_2.echelon_2,2000-05-01,1.179,"Avenant n° 7 à la convention collective nationale du textile, agréé par arrêté du 9 juin 1999",https://www.pist.tn/jort/1999/1999A/Ja04899.pdf
salaire_base.agents_payes_a_l_heure.categorie_3_2.echelon_2,2001-05-01,1.232,"Avenant n° 7 à la convention collective nationale du textile, agréé par arrêté du 9 juin 1999",https://www.pist.tn/jort/1999/1999A/Ja04899.pdf
salaire_base.agents_payes_a_l_heure.categorie_3_2.echelon_2,2002-05-01,1.285,"Avenant n° 8 à la convention collective nationale du textile, agréé par arrêté du 25 novembre 2002",https://www.pist.tn/jort/2002/2002A/Ja0972002.pdf
salaire_base.agents_payes_a_l_heure.categorie_3_2.echelon_2,2003-05-01,1.343,"Avenant n° 8 à la convention collective nationale du textile, agréé par arrêté du 25 novembre 2002",https://www.pist.tn/jort/2002/2002A/Ja0972002.pdf
salaire_base.agents_payes_a_l_heure.categorie_3_2.echelon_2,2004-05-01,1.406,"Avenant n° 8 à la convention collective nationale du textile, agréé par arrêté du 25 novembre 2002",https://www.pist.tn/jort/2002/2002A/Ja0972002.pdf
salaire_base.agents_payes_a_l_heure.categorie_3_2.echelon_2,2005-06-15,1.459,"Avenant n° 9 à la convention collective sectorielle du textile, agréé par arrêté du 17 janvier 2006",https://www.pist.tn/jort/2006/2006A/Ja0072006.pdf
salaire_base.agents_payes_a_l_heure.categorie_3_2.echelon_2,2006-05-01,1.519,"Avenant n° 9 à la convention collective sectorielle du textile, agréé par arrêté du 17 janvier 2006",https://www.pist.tn/jort/2006/2006A/Ja0072006.pdf
salaire_base.agents_payes_a_l_heure.categorie_3_2.echelon_2,2007-05-01,1.579,"Avenant n° 9 à la convention collective sectorielle du textile, agréé par arrêté du 17 janvier 2006",https://www.pist.tn/jort/2006/2006A/Ja0072006.pdf
salaire_base.agents_payes_a_l_heure.categorie_3_2.echelon_2,2008-05-01,1.659,"Avenant n° 10 à la convention collective sectorielle du textile, agréé par arrêté du 17 février 2009",https://www.pist.tn/jort/2009/2009A/Ja0162009.pdf
salaire_base.agents_payes_a_l_heure.categorie_3_2.echelon_2,2009-05-01,1.738,"Avenant n° 10 à la convention collective sectorielle du textile, agréé par arrêté du 17 février 2009",https://www.pist.tn/jort/2009/2009A/Ja0162009.pdf
salaire_base.agents_payes_a_l_heure.categorie_3_2.echelon_2,2010-05-01,1.826,"Avenant n° 10 à la convention collective sectorielle du textile, agréé par arrêté du 17 février 2009",https://www.pist.tn/jort/2009/2009A/Ja0162009.pdf
salaire_base.agents_payes_a_l_heure.categorie_3_2.echelon_2,2011-05-01,1.917,"Avenant n° 11 à la convention collective sectorielle du textile, agréé par arrêté du 11 octobre 2011",https://www.pist.tn/jort/2011/2011A/Ja0782011.pdf
salaire_base.agents_payes_a_l_heure.categorie_3_2.echelon_2,2012-05-01,2.032,"Avenant n° 12 à la convention collective sectorielle du textile, agréé par arrêté du 19 février 2013",https://www.pist.tn/jort/2013/2013A/Ja0162013.pdf
salaire_base.agents_payes_a_l_heure.categorie_3_2.echelon_2,2014-05-01,2.153,"Avenant n° 13 à la convention collective sectorielle du textile, agréé par arrêté du 17 octobre 2014",https://www.pist.tn/jort/2014/2014A/Ja0902014.pdf
salaire_base.agents_payes_a_l_heure.categorie_3_2.echelon_2,2015-09-01,2.282,"Avenant n° 14 à la convention collective sectorielle du textile, agréé par arrêté du 8 avril 2016",https://www.pist.tn/jort/2016/2016A/Ja0302016.pdf
salaire_base.agents_payes_a_l_heure.categorie_3_2.echelon_2,2016-08-01,2.419,"Avenant n° 15 à la convention collective sectorielle du textile, agréé par arrêté du 14 août 2017",https://www.pist.tn/jort/2017/2017A/Ja0662017.pdf
salaire_base.agents_payes_a_l_heure.categorie_3_2.echelon_2,2018-01-01,2.563,"Avenant n° 15 à la convention collective sectorielle du textile, agréé par arrêté du 14 août 2017",https://www.pist.tn/jort/2017/2017A/Ja0662017.pdf
salaire_base.agents_payes_a_l_heure.categorie_3_2.echelon_2,2019-01-01,2.742,"Avenant n° 16 à la convention collective sectorielle du textile, agréé par arrêté du 21 janvier 2019",https://www.pist.tn/jort/2019/2019A/Ja0112019.pdf
salaire_base.agents_payes_a_l_heure.categorie_3_2.echelon_2,2020-01-01,2.934,"Avenant n° 16 à la convention collective sectorielle du textile, agréé par arrêté du 21 janvier 2019",https://www.pist.tn/jort/2019/2019A/Ja0112019.pdf
salaire_base.agents_payes_a_l_heure.categorie_3_2.echelon_2,2021-09-01,3.125,"Avenant n° 17 à la convention collective sectorielle du textile, agréé par arrêté du 23 juin 2022",https://www.pist.tn/jort/2022/2022A/Ja0712022.pdf
salaire_base.agents_payes_a_l_heure.categorie_3_2.echelon_2,2022-05-01,3.343,"Avenant n° 17 à la convention collective sectorielle du textile, agréé par arrêté du 23 juin 2022",https://www.pist.tn/jort/2022/2022A/Ja0712022.pdf
salaire_base.agents_payes_a_l_heure.categorie_3_2.echelon_2,2024-01-01,3.561,"Avenant n° 18 à la convention collective sectorielle du textile, agréé par arrêté du 8 avril 2024",https://www.pist.tn/jort/2024/2024A/Ja0492024.pdf
salaire_base.agents_payes_a_l_heure.categorie_3_2.echelon_2,2025-01-01,3.792,"Avenant n° 18 à la convention collective sectorielle du textile, agréé par arrêté du 8 avril 2024",https://www.pist.tn/jort/2024/2024A/Ja0492024.pdf
salaire_base.agents_payes_a_l_heure.categorie_3_2.echelon_2,2026-01-01,4.057,"Avenant n° 18 à la convention collective sectorielle du textile, agréé par arrêté du 8 avril 2024",https://www.pist.tn/jort/2024/2024A/Ja0492024.pdf
salaire_base.agents_payes_a_l_heure.categorie_3_2.echelon_3,1994-05-01,0.868,"Avenant n° 5 à la convention collective nationale du textile, agréé par arrêté du 22 septembre 1994",https://www.pist.tn/jort/1994/1994F/Jo07894.pdf
salaire_base.agents_payes_a_l_heure.categorie_3_2.echelon_3,1995-05-01,0.916,"Avenant n° 5 à la convention collective nationale du textile, agréé par arrêté du 22 septembre 1994",https://www.pist.tn/jort/1994/1994F/Jo07894.pdf
salaire_base.agents_payes_a_l_heure.categorie_3_2.echelon_3,1996-05-01,0.964,"Avenant n° 6 à la convention collective nationale du textile, agréé par arrêté du 24 juillet 1996",https://www.pist.tn/jort/1996/1996A/Ja06096.pdf
salaire_base.agents_payes_a_l_heure.categorie_3_2.echelon_3,1997-05-01,1.017,"Avenant n° 6 à la convention collective nationale du textile, agréé par arrêté du 24 juillet 1996",https://www.pist.tn/jort/1996/1996A/Ja06096.pdf
salaire_base.agents_payes_a_l_heure.categorie_3_2.echelon_3,1998-05-01,1.075,"Avenant n° 6 à la convention collective nationale du textile, agréé par arrêté du 24 juillet 1996",https://www.pist.tn/jort/1996/1996A/Ja06096.pdf
salaire_base.agents_payes_a_l_heure.categorie_3_2.echelon_3,1999-05-01,1.128,"Avenant n° 7 à la convention collective nationale du textile, agréé par arrêté du 9 juin 1999",https://www.pist.tn/jort/1999/1999A/Ja04899.pdf
salaire_base.agents_payes_a_l_heure.categorie_3_2.echelon_3,2000-05-01,1.181,"Avenant n° 7 à la convention collective nationale du textile, agréé par arrêté du 9 juin 1999",https://www.pist.tn/jort/1999/1999A/Ja04899.pdf
salaire_base.agents_payes_a_l_heure.categorie_3_2.echelon_3,2001-05-01,1.234,"Avenant n° 7 à la convention collective nationale du textile, agréé par arrêté du 9 juin 1999",https://www.pist.tn/jort/1999/1999A/Ja04899.pdf
salaire_base.agents_payes_a_l_heure.categorie_3_2.echelon_3,2002-05-01,1.287,"Avenant n° 8 à la convention collective nationale du textile, agréé par arrêté du 25 novembre 2002",https://www.pist.tn/jort/2002/2002A/Ja0972002.pdf
salaire_base.agents_payes_a_l_heure.categorie_3_2.echelon_3,2003-05-01,1.345,"Avenant n° 8 à la convention collective nationale du textile, agréé par arrêté du 25 novembre 2002",https://www.pist.tn/jort/2002/2002A/Ja0972002.pdf
salaire_base.agents_payes_a_l_heure.categorie_3_2.echelon_3,2004-05-01,1.408,"Avenant n° 8 à la convention collective nationale du textile, agréé par arrêté du 25 novembre 2002",https://www.pist.tn/jort/2002/2002A/Ja0972002.pdf
salaire_base.agents_payes_a_l_heure.categorie_3_2.echelon_3,2005-06-15,1.461,"Avenant n° 9 à la convention collective sectorielle du textile, agréé par arrêté du 17 janvier 2006",https://www.pist.tn/jort/2006/2006A/Ja0072006.pdf
salaire_base.agents_payes_a_l_heure.categorie_3_2.echelon_3,2006-05-01,1.521,"Avenant n° 9 à la convention collective sectorielle du textile, agréé par arrêté du 17 janvier 2006",https://www.pist.tn/jort/2006/2006A/Ja0072006.pdf
salaire_base.agents_payes_a_l_heure.categorie_3_2.echelon_3,2007-05-01,1.581,"Avenant n° 9 à la convention collective sectorielle du textile, agréé par arrêté du 17 janvier 2006",https://www.pist.tn/jort/2006/2006A/Ja0072006.pdf
salaire_base.agents_payes_a_l_heure.categorie_3_2.echelon_3,2008-05-01,1.662,"Avenant n° 10 à la convention collective sectorielle du textile, agréé par arrêté du 17 février 2009",https://www.pist.tn/jort/2009/2009A/Ja0162009.pdf
salaire_base.agents_payes_a_l_heure.categorie_3_2.echelon_3,2009-05-01,1.741,"Avenant n° 10 à la convention collective sectorielle du textile, agréé par arrêté du 17 février 2009",https://www.pist.tn/jort/2009/2009A/Ja0162009.pdf
salaire_base.agents_payes_a_l_heure.categorie_3_2.echelon_3,2010-05-01,1.829,"Avenant n° 10 à la convention collective sectorielle du textile, agréé par arrêté du 17 février 2009",https://www.pist.tn/jort/2009/2009A/Ja0162009.pdf
salaire_base.agents_payes_a_l_heure.categorie_3_2.echelon_3,2011-05-01,1.92,"Avenant n° 11 à la convention collective sectorielle du textile, agréé par arrêté du 11 octobre 2011",https://www.pist.tn/jort/2011/2011A/Ja0782011.pdf
salaire_base.agents_payes_a_l_heure.categorie_3_2.echelon_3,2012-05-01,2.035,"Avenant n° 12 à la convention collective sectorielle du textile, agréé par arrêté du 19 février 2013",https://www.pist.tn/jort/2013/2013A/Ja0162013.pdf
salaire_base.agents_payes_a_l_heure.categorie_3_2.echelon_3,2014-05-01,2.156,"Avenant n° 13 à la convention collective sectorielle du textile, agréé par arrêté du 17 octobre 2014",https://www.pist.tn/jort/2014/2014A/Ja0902014.pdf
salaire_base.agents_payes_a_l_heure.categorie_3_2.echelon_3,2015-09-01,2.285,"Avenant n° 14 à la convention collective sectorielle du textile, agréé par arrêté du 8 avril 2016",https://www.pist.tn/jort/2016/2016A/Ja0302016.pdf
salaire_base.agents_payes_a_l_heure.categorie_3_2.echelon_3,2016-08-01,2.422,"Avenant n° 15 à la convention collective sectorielle du textile, agréé par arrêté du 14 août 2017",https://www.pist.tn/jort/2017/2017A/Ja0662017.pdf
salaire_base.agents_payes_a_l_heure.categorie_3_2.echelon_3,2018-01-01,2.566,"Avenant n° 15 à la convention collective sectorielle du textile, agréé par arrêté du 14 août 2017",https://www.pist.tn/jort/2017/2017A/Ja0662017.pdf
salaire_base.agents_payes_a_l_heure.categorie_3_2.echelon_3,2019-01-01,2.745,"Avenant n° 16 à la convention collective sectorielle du textile, agréé par arrêté du 21 janvier 2019",https://www.pist.tn/jort/2019/2019A/Ja0112019.pdf
salaire_base.agents_payes_a_l_heure.categorie_3_2.echelon_3,2020-01-01,2.937,"Avenant n° 16 à la convention collective sectorielle du textile, agréé par arrêté du 21 janvier 2019",https://www.pist.tn/jort/2019/2019A/Ja0112019.pdf
salaire_base.agents_payes_a_l_heure.categorie_3_2.echelon_3,2021-09-01,3.128,"Avenant n° 17 à la convention collective sectorielle du textile, agréé par arrêté du 23 juin 2022",https://www.pist.tn/jort/2022/2022A/Ja0712022.pdf
salaire_base.agents_payes_a_l_heure.categorie_3_2.echelon_3,2022-05-01,3.347,"Avenant n° 17 à la convention collective sectorielle du textile, agréé par arrêté du 23 juin 2022",https://www.pist.tn/jort/2022/2022A/Ja0712022.pdf
salaire_base.agents_payes_a_l_heure.categorie_3_2.echelon_3,2024-01-01,3.564,"Avenant n° 18 à la convention collective sectorielle du textile, agréé par arrêté du 8 avril 2024",https://www.pist.tn/jort/2024/2024A/Ja0492024.pdf
salaire_base.agents_payes_a_l_heure.categorie_3_2.echelon_3,2025-01-01,3.796,"Avenant n° 18 à la convention collective sectorielle du textile, agréé par arrêté du 8 avril 2024",https://www.pist.tn/jort/2024/2024A/Ja0492024.pdf
salaire_base.agents_payes_a_l_heure.categorie_3_2.echelon_3,2026-01-01,4.062,"Avenant n° 18 à la convention collective sectorielle du textile, agréé par arrêté du 8 avril 2024",https://www.pist.tn/jort/2024/2024A/Ja0492024.pdf
salaire_base.agents_payes_a_l_heure.categorie_3_2.echelon_4,1994-05-01,0.871,"Avenant n° 5 à la convention collective nationale du textile, agréé par arrêté du 22 septembre 1994",https://www.pist.tn/jort/1994/1994F/Jo07894.pdf
salaire_base.agents_payes_a_l_heure.categorie_3_2.echelon_4,1995-05-01,0.919,"Avenant n° 5 à la convention collective nationale du textile, agréé par arrêté du 22 septembre 1994",https://www.pist.tn/jort/1994/1994F/Jo07894.pdf
salaire_base.agents_payes_a_l_heure.categorie_3_2.echelon_4,1996-05-01,0.967,"Avenant n° 6 à la convention collective nationale du textile, agréé par arrêté du 24 juillet 1996",https://www.pist.tn/jort/1996/1996A/Ja06096.pdf
salaire_base.agents_payes_a_l_heure.categorie_3_2.echelon_4,1997-05-01,1.02,"Avenant n° 6 à la convention collective nationale du textile, agréé par arrêté du 24 juillet 1996",https://www.pist.tn/jort/1996/1996A/Ja06096.pdf
salaire_base.agents_payes_a_l_heure.categorie_3_2.echelon_4,1998-05-01,1.078,"Avenant n° 6 à la convention collective nationale du textile, agréé par arrêté du 24 juillet 1996",https://www.pist.tn/jort/1996/1996A/Ja06096.pdf
salaire_base.agents_payes_a_l_heure.categorie_3_2.echelon_4,1999-05-01,1.131,"Avenant n° 7 à la convention collective nationale du textile, agréé par arrêté du 9 juin 1999",https://www.pist.tn/jort/1999/1999A/Ja04899.pdf
salaire_base.agents_payes_a_l_heure.categorie_3_2.echelon_4,2000-05-01,1.184,"Avenant n° 7 à la convention collective nationale du textile, agréé par arrêté du 9 juin 1999",https://www.pist.tn/jort/1999/1999A/Ja04899.pdf
salaire_base.agents_payes_a_l_heure.categorie_3_2.echelon_4,2001-05-01,1.237,"Avenant n° 7 à la convention collective nationale du textile, agréé par arrêté du 9 juin 1999",https://www.pist.tn/jort/1999/1999A/Ja04899.pdf
salaire_base.agents_payes_a_l_heure.categorie_3_2.echelon_4,2002-05-01,1.29,"Avenant n° 8 à la convention collective nationale du textile, agréé par arrêté du 25 novembre 2002",https://www.pist.tn/jort/2002/2002A/Ja0972002.pdf
salaire_base.agents_payes_a_l_heure.categorie_3_2.echelon_4,2003-05-01,1.348,"Avenant n° 8 à la convention collective nationale du textile, agréé par arrêté du 25 novembre 2002",https://www.pist.tn/jort/2002/2002A/Ja0972002.pdf
salaire_base.agents_payes_a_l_heure.categorie_3_2.echelon_4,2004-05-01,1.411,"Avenant n° 8 à la convention collective nationale du textile, agréé par arrêté du 25 novembre 2002",https://www.pist.tn/jort/2002/2002A/Ja0972002.pdf
salaire_base.agents_payes_a_l_heure.categorie_3_2.echelon_4,2005-06-15,1.464,"Avenant n° 9 à la convention collective sectorielle du textile, agréé par arrêté du 17 janvier 2006",https://www.pist.tn/jort/2006/2006A/Ja0072006.pdf
salaire_base.agents_payes_a_l_heure.categorie_3_2.echelon_4,2006-05-01,1.524,"Avenant n° 9 à la convention collective sectorielle du textile, agréé par arrêté du 17 janvier 2006",https://www.pist.tn/jort/2006/2006A/Ja0072006.pdf
salaire_base.agents_payes_a_l_heure.categorie_3_2.echelon_4,2007-05-01,1.584,"Avenant n° 9 à la convention collective sectorielle du textile, agréé par arrêté du 17 janvier 2006",https://www.pist.tn/jort/2006/2006A/Ja0072006.pdf
salaire_base.agents_payes_a_l_heure.categorie_3_2.echelon_4,2008-05-01,1.664,"Avenant n° 10 à la convention collective sectorielle du textile, agréé par arrêté du 17 février 2009",https://www.pist.tn/jort/2009/2009A/Ja0162009.pdf
salaire_base.agents_payes_a_l_heure.categorie_3_2.echelon_4,2009-05-01,1.743,"Avenant n° 10 à la convention collective sectorielle du textile, agréé par arrêté du 17 février 2009",https://www.pist.tn/jort/2009/2009A/Ja0162009.pdf
salaire_base.agents_payes_a_l_heure.categorie_3_2.echelon_4,2010-05-01,1.831,"Avenant n° 10 à la convention collective sectorielle du textile, agréé par arrêté du 17 février 2009",https://www.pist.tn/jort/2009/2009A/Ja0162009.pdf
salaire_base.agents_payes_a_l_heure.categorie_3_2.echelon_4,2011-05-01,1.922,"Avenant n° 11 à la convention collective sectorielle du textile, agréé par arrêté du 11 octobre 2011",https://www.pist.tn/jort/2011/2011A/Ja0782011.pdf
salaire_base.agents_payes_a_l_heure.categorie_3_2.echelon_4,2012-05-01,2.037,"Avenant n° 12 à la convention collective sectorielle du textile, agréé par arrêté du 19 février 2013",https://www.pist.tn/jort/2013/2013A/Ja0162013.pdf
salaire_base.agents_payes_a_l_heure.categorie_3_2.echelon_4,2014-05-01,2.158,"Avenant n° 13 à la convention collective sectorielle du textile, agréé par arrêté du 17 octobre 2014",https://www.pist.tn/jort/2014/2014A/Ja0902014.pdf
salaire_base.agents_payes_a_l_heure.categorie_3_2.echelon_4,2015-09-01,2.287,"Avenant n° 14 à la convention collective sectorielle du textile, agréé par arrêté du 8 avril 2016",https://www.pist.tn/jort/2016/2016A/Ja0302016.pdf
salaire_base.agents_payes_a_l_heure.categorie_3_2.echelon_4,2016-08-01,2.424,"Avenant n° 15 à la convention collective sectorielle du textile, agréé par arrêté du 14 août 2017",https://www.pist.tn/jort/2017/2017A/Ja0662017.pdf
salaire_base.agents_payes_a_l_heure.categorie_3_2.echelon_4,2018-01-01,2.568,"Avenant n° 15 à la convention collective sectorielle du textile, agréé par arrêté du 14 août 2017",https://www.pist.tn/jort/2017/2017A/Ja0662017.pdf
salaire_base.agents_payes_a_l_heure.categorie_3_2.echelon_4,2019-01-01,2.747,"Avenant n° 16 à la convention collective sectorielle du textile, agréé par arrêté du 21 janvier 2019",https://www.pist.tn/jort/2019/2019A/Ja0112019.pdf
salaire_base.agents_payes_a_l_heure.categorie_3_2.echelon_4,2020-01-01,2.939,"Avenant n° 16 à la convention collective sectorielle du textile, agréé par arrêté du 21 janvier 2019",https://www.pist.tn/jort/2019/2019A/Ja0112019.pdf
salaire_base.agents_payes_a_l_heure.categorie_3_2.echelon_4,2021-09-01,3.13,"Avenant n° 17 à la convention collective sectorielle du textile, agréé par arrêté du 23 juin 2022",https://www.pist.tn/jort/2022/2022A/Ja0712022.pdf
salaire_base.agents_payes_a_l_heure.categorie_3_2.echelon_4,2022-05-01,3.349,"Avenant n° 17 à la convention collective sectorielle du textile, agréé par arrêté du 23 juin 2022",https://www.pist.tn/jort/2022/2022A/Ja0712022.pdf
salaire_base.agents_payes_a_l_heure.categorie_3_2.echelon_4,2024-01-01,3.567,"Avenant n° 18 à la convention collective sectorielle du textile, agréé par arrêté du 8 avril 2024",https://www.pist.tn/jort/2024/2024A/Ja0492024.pdf
salaire_base.agents_payes_a_l_heure.categorie_3_2.echelon_4,2025-01-01,3.798,"Avenant n° 18 à la convention collective sectorielle du textile, agréé par arrêté du 8 avril 2024",https://www.pist.tn/jort/2024/2024A/Ja0492024.pdf
salaire_base.agents_payes_a_l_heure.categorie_3_2.echelon_4,2026-01-01,4.064,"Avenant n° 18 à la convention collective sectorielle du textile, agréé par arrêté du 8 avril 2024",https://www.pist.tn/jort/2024/2024A/Ja0492024.pdf
salaire_base.agents_payes_a_l_heure.categorie_3_2.echelon_5,1994-05-01,0.873,"Avenant n° 5 à la convention collective nationale du textile, agréé par arrêté du 22 septembre 1994",https://www.pist.tn/jort/1994/1994F/Jo07894.pdf
salaire_base.agents_payes_a_l_heure.categorie_3_2.echelon_5,1995-05-01,0.921,"Avenant n° 5 à la convention collective nationale du textile, agréé par arrêté du 22 septembre 1994",https://www.pist.tn/jort/1994/1994F/Jo07894.pdf
salaire_base.agents_payes_a_l_heure.categorie_3_2.echelon_5,1996-05-01,0.969,"Avenant n° 6 à la convention collective nationale du textile, agréé par arrêté du 24 juillet 1996",https://www.pist.tn/jort/1996/1996A/Ja06096.pdf
salaire_base.agents_payes_a_l_heure.categorie_3_2.echelon_5,1997-05-01,1.022,"Avenant n° 6 à la convention collective nationale du textile, agréé par arrêté du 24 juillet 1996",https://www.pist.tn/jort/1996/1996A/Ja06096.pdf
salaire_base.agents_payes_a_l_heure.categorie_3_2.echelon_5,1998-05-01,1.08,"Avenant n° 6 à la convention collective nationale du textile, agréé par arrêté du 24 juillet 1996",https://www.pist.tn/jort/1996/1996A/Ja06096.pdf
salaire_base.agents_payes_a_l_heure.categorie_3_2.echelon_5,1999-05-01,1.133,"Avenant n° 7 à la convention collective nationale du textile, agréé par arrêté du 9 juin 1999",https://www.pist.tn/jort/1999/1999A/Ja04899.pdf
salaire_base.agents_payes_a_l_heure.categorie_3_2.echelon_5,2000-05-01,1.186,"Avenant n° 7 à la convention collective nationale du textile, agréé par arrêté du 9 juin 1999",https://www.pist.tn/jort/1999/1999A/Ja04899.pdf
salaire_base.agents_payes_a_l_heure.categorie_3_2.echelon_5,2001-05-01,1.239,"Avenant n° 7 à la convention collective nationale du textile, agréé par arrêté du 9 juin 1999",https://www.pist.tn/jort/1999/1999A/Ja04899.pdf
salaire_base.agents_payes_a_l_heure.categorie_3_2.echelon_5,2002-05-01,1.292,"Avenant n° 8 à la convention collective nationale du textile, agréé par arrêté du 25 novembre 2002",https://www.pist.tn/jort/2002/2002A/Ja0972002.pdf
salaire_base.agents_payes_a_l_heure.categorie_3_2.echelon_5,2003-05-01,1.35,"Avenant n° 8 à la convention collective nationale du textile, agréé par arrêté du 25 novembre 2002",https://www.pist.tn/jort/2002/2002A/Ja0972002.pdf
salaire_base.agents_payes_a_l_heure.categorie_3_2.echelon_5,2004-05-01,1.413,"Avenant n° 8 à la convention collective nationale du textile, agréé par arrêté du 25 novembre 2002",https://www.pist.tn/jort/2002/2002A/Ja0972002.pdf
salaire_base.agents_payes_a_l_heure.categorie_3_2.echelon_5,2005-06-15,1.466,"Avenant n° 9 à la convention collective sectorielle du textile, agréé par arrêté du 17 janvier 2006",https://www.pist.tn/jort/2006/2006A/Ja0072006.pdf
salaire_base.agents_payes_a_l_heure.categorie_3_2.echelon_5,2006-05-01,1.526,"Avenant n° 9 à la convention collective sectorielle du textile, agréé par arrêté du 17 janvier 2006",https://www.pist.tn/jort/2006/2006A/Ja0072006.pdf
salaire_base.agents_payes_a_l_heure.categorie_3_2.echelon_5,2007-05-01,1.586,"Avenant n° 9 à la convention collective sectorielle du textile, agréé par arrêté du 17 janvier 2006",https://www.pist.tn/jort/2006/2006A/Ja0072006.pdf
salaire_base.agents_payes_a_l_heure.categorie_3_2.echelon_5,2008-05-01,1.67,"Avenant n° 10 à la convention collective sectorielle du textile, agréé par arrêté du 17 février 2009",https://www.pist.tn/jort/2009/2009A/Ja0162009.pdf
salaire_base.agents_payes_a_l_heure.categorie_3_2.echelon_5,2009-05-01,1.749,"Avenant n° 10 à la convention collective sectorielle du textile, agréé par arrêté du 17 février 2009",https://www.pist.tn/jort/2009/2009A/Ja0162009.pdf
salaire_base.agents_payes_a_l_heure.categorie_3_2.echelon_5,2010-05-01,1.841,"Avenant n° 10 à la convention collective sectorielle du textile, agréé par arrêté du 17 février 2009",https://www.pist.tn/jort/2009/2009A/Ja0162009.pdf
salaire_base.agents_payes_a_l_heure.categorie_3_2.echelon_5,2011-05-01,1.932,"Avenant n° 11 à la convention collective sectorielle du textile, agréé par arrêté du 11 octobre 2011",https://www.pist.tn/jort/2011/2011A/Ja0782011.pdf
salaire_base.agents_payes_a_l_heure.categorie_3_2.echelon_5,2012-05-01,2.047,"Avenant n° 12 à la convention collective sectorielle du textile, agréé par arrêté du 19 février 2013",https://www.pist.tn/jort/2013/2013A/Ja0162013.pdf
salaire_base.agents_payes_a_l_heure.categorie_3_2.echelon_5,2014-05-01,2.168,"Avenant n° 13 à la convention collective sectorielle du textile, agréé par arrêté du 17 octobre 2014",https://www.pist.tn/jort/2014/2014A/Ja0902014.pdf
salaire_base.agents_payes_a_l_heure.categorie_3_2.echelon_5,2015-09-01,2.297,"Avenant n° 14 à la convention collective sectorielle du textile, agréé par arrêté du 8 avril 2016",https://www.pist.tn/jort/2016/2016A/Ja0302016.pdf
salaire_base.agents_payes_a_l_heure.categorie_3_2.echelon_5,2016-08-01,2.434,"Avenant n° 15 à la convention collective sectorielle du textile, agréé par arrêté du 14 août 2017",https://www.pist.tn/jort/2017/2017A/Ja0662017.pdf
salaire_base.agents_payes_a_l_heure.categorie_3_2.echelon_5,2018-01-01,2.578,"Avenant n° 15 à la convention collective sectorielle du textile, agréé par arrêté du 14 août 2017",https://www.pist.tn/jort/2017/2017A/Ja0662017.pdf
salaire_base.agents_payes_a_l_heure.categorie_3_2.echelon_5,2019-01-01,2.757,"Avenant n° 16 à la convention collective sectorielle du textile, agréé par arrêté du 21 janvier 2019",https://www.pist.tn/jort/2019/2019A/Ja0112019.pdf
salaire_base.agents_payes_a_l_heure.categorie_3_2.echelon_5,2020-01-01,2.949,"Avenant n° 16 à la convention collective sectorielle du textile, agréé par arrêté du 21 janvier 2019",https://www.pist.tn/jort/2019/2019A/Ja0112019.pdf
salaire_base.agents_payes_a_l_heure.categorie_3_2.echelon_5,2021-09-01,3.141,"Avenant n° 17 à la convention collective sectorielle du textile, agréé par arrêté du 23 juin 2022",https://www.pist.tn/jort/2022/2022A/Ja0712022.pdf
salaire_base.agents_payes_a_l_heure.categorie_3_2.echelon_5,2022-05-01,3.36,"Avenant n° 17 à la convention collective sectorielle du textile, agréé par arrêté du 23 juin 2022",https://www.pist.tn/jort/2022/2022A/Ja0712022.pdf
salaire_base.agents_payes_a_l_heure.categorie_3_2.echelon_5,2024-01-01,3.579,"Avenant n° 18 à la convention collective sectorielle du textile, agréé par arrêté du 8 avril 2024",https://www.pist.tn/jort/2024/2024A/Ja0492024.pdf
salaire_base.agents_payes_a_l_heure.categorie_3_2.echelon_5,2025-01-01,3.811,"Avenant n° 18 à la convention collective sectorielle du textile, agréé par arrêté du 8 avril 2024",https://www.pist.tn/jort/2024/2024A/Ja0492024.pdf
salaire_base.agents_payes_a_l_heure.categorie_3_2.echelon_5,2026-01-01,4.078,"Avenant n° 18 à la convention collective sectorielle du textile, agréé par arrêté du 8 avril 2024",https://www.pist.tn/jort/2024/2024A/Ja0492024.pdf
salaire_base.agents_payes_a_l_heure.categorie_3_2.echelon_6,1994-05-01,0.883,"Avenant n° 5 à la convention collective nationale du textile, agréé par arrêté du 22 septembre 1994",https://www.pist.tn/jort/1994/1994F/Jo07894.pdf
salaire_base.agents_payes_a_l_heure.categorie_3_2.echelon_6,1995-05-01,0.931,"Avenant n° 5 à la convention collective nationale du textile, agréé par arrêté du 22 septembre 1994",https://www.pist.tn/jort/1994/1994F/Jo07894.pdf
salaire_base.agents_payes_a_l_heure.categorie_3_2.echelon_6,1996-05-01,0.979,"Avenant n° 6 à la convention collective nationale du textile, agréé par arrêté du 24 juillet 1996",https://www.pist.tn/jort/1996/1996A/Ja06096.pdf
salaire_base.agents_payes_a_l_heure.categorie_3_2.echelon_6,1997-05-01,1.032,"Avenant n° 6 à la convention collective nationale du textile, agréé par arrêté du 24 juillet 1996",https://www.pist.tn/jort/1996/1996A/Ja06096.pdf
salaire_base.agents_payes_a_l_heure.categorie_3_2.echelon_6,1998-05-01,1.09,"Avenant n° 6 à la convention collective nationale du textile, agréé par arrêté du 24 juillet 1996",https://www.pist.tn/jort/1996/1996A/Ja06096.pdf
salaire_base.agents_payes_a_l_heure.categorie_3_2.echelon_6,1999-05-01,1.143,"Avenant n° 7 à la convention collective nationale du textile, agréé par arrêté du 9 juin 1999",https://www.pist.tn/jort/1999/1999A/Ja04899.pdf
salaire_base.agents_payes_a_l_heure.categorie_3_2.echelon_6,2000-05-01,1.196,"Avenant n° 7 à la convention collective nationale du textile, agréé par arrêté du 9 juin 1999",https://www.pist.tn/jort/1999/1999A/Ja04899.pdf
salaire_base.agents_payes_a_l_heure.categorie_3_2.echelon_6,2001-05-01,1.249,"Avenant n° 7 à la convention collective nationale du textile, agréé par arrêté du 9 juin 1999",https://www.pist.tn/jort/1999/1999A/Ja04899.pdf
salaire_base.agents_payes_a_l_heure.categorie_3_2.echelon_6,2002-05-01,1.302,"Avenant n° 8 à la convention collective nationale du textile, agréé par arrêté du 25 novembre 2002",https://www.pist.tn/jort/2002/2002A/Ja0972002.pdf
salaire_base.agents_payes_a_l_heure.categorie_3_2.echelon_6,2003-05-01,1.36,"Avenant n° 8 à la convention collective nationale du textile, agréé par arrêté du 25 novembre 2002",https://www.pist.tn/jort/2002/2002A/Ja0972002.pdf
salaire_base.agents_payes_a_l_heure.categorie_3_2.echelon_6,2004-05-01,1.423,"Avenant n° 8 à la convention collective nationale du textile, agréé par arrêté du 25 novembre 2002",https://www.pist.tn/jort/2002/2002A/Ja0972002.pdf
salaire_base.agents_payes_a_l_heure.categorie_3_2.echelon_6,2005-06-15,1.476,"Avenant n° 9 à la convention collective sectorielle du textile, agréé par arrêté du 17 janvier 2006",https://www.pist.tn/jort/2006/2006A/Ja0072006.pdf
salaire_base.agents_payes_a_l_heure.categorie_3_2.echelon_6,2006-05-01,1.536,"Avenant n° 9 à la convention collective sectorielle du textile, agréé par arrêté du 17 janvier 2006",https://www.pist.tn/jort/2006/2006A/Ja0072006.pdf
salaire_base.agents_payes_a_l_heure.categorie_3_2.echelon_6,2007-05-01,1.596,"Avenant n° 9 à la convention collective sectorielle du textile, agréé par arrêté du 17 janvier 2006",https://www.pist.tn/jort/2006/2006A/Ja0072006.pdf
salaire_base.agents_payes_a_l_heure.categorie_3_2.echelon_6,2008-05-01,1.68,"Avenant n° 10 à la convention collective sectorielle du textile, agréé par arrêté du 17 février 2009",https://www.pist.tn/jort/2009/2009A/Ja0162009.pdf
salaire_base.agents_payes_a_l_heure.categorie_3_2.echelon_6,2009-05-01,1.759,"Avenant n° 10 à la convention collective sectorielle du textile, agréé par arrêté du 17 février 2009",https://www.pist.tn/jort/2009/2009A/Ja0162009.pdf
salaire_base.agents_payes_a_l_heure.categorie_3_2.echelon_6,2010-05-01,1.85,"Avenant n° 10 à la convention collective sectorielle du textile, agréé par arrêté du 17 février 2009",https://www.pist.tn/jort/2009/2009A/Ja0162009.pdf
salaire_base.agents_payes_a_l_heure.categorie_3_2.echelon_6,2011-05-01,1.941,"Avenant n° 11 à la convention collective sectorielle du textile, agréé par arrêté du 11 octobre 2011",https://www.pist.tn/jort/2011/2011A/Ja0782011.pdf
salaire_base.agents_payes_a_l_heure.categorie_3_2.echelon_6,2012-05-01,2.056,"Avenant n° 12 à la convention collective sectorielle du textile, agréé par arrêté du 19 février 2013",https://www.pist.tn/jort/2013/2013A/Ja0162013.pdf
salaire_base.agents_payes_a_l_heure.categorie_3_2.echelon_6,2014-05-01,2.177,"Avenant n° 13 à la convention collective sectorielle du textile, agréé par arrêté du 17 octobre 2014",https://www.pist.tn/jort/2014/2014A/Ja0902014.pdf
salaire_base.agents_payes_a_l_heure.categorie_3_2.echelon_6,2015-09-01,2.306,"Avenant n° 14 à la convention collective sectorielle du textile, agréé par arrêté du 8 avril 2016",https://www.pist.tn/jort/2016/2016A/Ja0302016.pdf
salaire_base.agents_payes_a_l_heure.categorie_3_2.echelon_6,2016-08-01,2.443,"Avenant n° 15 à la convention collective sectorielle du textile, agréé par arrêté du 14 août 2017",https://www.pist.tn/jort/2017/2017A/Ja0662017.pdf
salaire_base.agents_payes_a_l_heure.categorie_3_2.echelon_6,2018-01-01,2.587,"Avenant n° 15 à la convention collective sectorielle du textile, agréé par arrêté du 14 août 2017",https://www.pist.tn/jort/2017/2017A/Ja0662017.pdf
salaire_base.agents_payes_a_l_heure.categorie_3_2.echelon_6,2019-01-01,2.766,"Avenant n° 16 à la convention collective sectorielle du textile, agréé par arrêté du 21 janvier 2019",https://www.pist.tn/jort/2019/2019A/Ja0112019.pdf
salaire_base.agents_payes_a_l_heure.categorie_3_2.echelon_6,2020-01-01,2.958,"Avenant n° 16 à la convention collective sectorielle du textile, agréé par arrêté du 21 janvier 2019",https://www.pist.tn/jort/2019/2019A/Ja0112019.pdf
salaire_base.agents_payes_a_l_heure.categorie_3_2.echelon_6,2021-09-01,3.15,"Avenant n° 17 à la convention collective sectorielle du textile, agréé par arrêté du 23 juin 2022",https://www.pist.tn/jort/2022/2022A/Ja0712022.pdf
salaire_base.agents_payes_a_l_heure.categorie_3_2.echelon_6,2022-05-01,3.371,"Avenant n° 17 à la convention collective sectorielle du textile, agréé par arrêté du 23 juin 2022",https://www.pist.tn/jort/2022/2022A/Ja0712022.pdf
salaire_base.agents_payes_a_l_heure.categorie_3_2.echelon_6,2024-01-01,3.59,"Avenant n° 18 à la convention collective sectorielle du textile, agréé par arrêté du 8 avril 2024",https://www.pist.tn/jort/2024/2024A/Ja0492024.pdf
salaire_base.agents_payes_a_l_heure.categorie_3_2.echelon_6,2025-01-01,3.823,"Avenant n° 18 à la convention collective sectorielle du textile, agréé par arrêté du 8 avril 2024",https://www.pist.tn/jort/2024/2024A/Ja0492024.pdf
salaire_base.agents_payes_a_l_heure.categorie_3_2.echelon_6,2026-01-01,4.091,"Avenant n° 18 à la convention collective sectorielle du textile, agréé par arrêté du 8 avril 2024",https://www.pist.tn/jort/2024/2024A/Ja0492024.pdf
salaire_base.agents_payes_a_l_heure.categorie_3_2.echelon_7,1994-05-01,0.892,"Avenant n° 5 à la convention collective nationale du textile, agréé par arrêté du 22 septembre 1994",https://www.pist.tn/jort/1994/1994F/Jo07894.pdf
salaire_base.agents_payes_a_l_heure.categorie_3_2.echelon_7,1995-05-01,0.94,"Avenant n° 5 à la convention collective nationale du textile, agréé par arrêté du 22 septembre 1994",https://www.pist.tn/jort/1994/1994F/Jo07894.pdf
salaire_base.agents_payes_a_l_heure.categorie_3_2.echelon_7,1996-05-01,0.988,"Avenant n° 6 à la convention collective nationale du textile, agréé par arrêté du 24 juillet 1996",https://www.pist.tn/jort/1996/1996A/Ja06096.pdf
salaire_base.agents_payes_a_l_heure.categorie_3_2.echelon_7,1997-05-01,1.041,"Avenant n° 6 à la convention collective nationale du textile, agréé par arrêté du 24 juillet 1996",https://www.pist.tn/jort/1996/1996A/Ja06096.pdf
salaire_base.agents_payes_a_l_heure.categorie_3_2.echelon_7,1998-05-01,1.099,"Avenant n° 6 à la convention collective nationale du textile, agréé par arrêté du 24 juillet 1996",https://www.pist.tn/jort/1996/1996A/Ja06096.pdf
salaire_base.agents_payes_a_l_heure.categorie_3_2.echelon_7,1999-05-01,1.152,"Avenant n° 7 à la convention collective nationale du textile, agréé par arrêté du 9 juin 1999",https://www.pist.tn/jort/1999/1999A/Ja04899.pdf
salaire_base.agents_payes_a_l_heure.categorie_3_2.echelon_7,2000-05-01,1.205,"Avenant n° 7 à la convention collective nationale du textile, agréé par arrêté du 9 juin 1999",https://www.pist.tn/jort/1999/1999A/Ja04899.pdf
salaire_base.agents_payes_a_l_heure.categorie_3_2.echelon_7,2001-05-01,1.258,"Avenant n° 7 à la convention collective nationale du textile, agréé par arrêté du 9 juin 1999",https://www.pist.tn/jort/1999/1999A/Ja04899.pdf
salaire_base.agents_payes_a_l_heure.categorie_3_2.echelon_7,2002-05-01,1.311,"Avenant n° 8 à la convention collective nationale du textile, agréé par arrêté du 25 novembre 2002",https://www.pist.tn/jort/2002/2002A/Ja0972002.pdf
salaire_base.agents_payes_a_l_heure.categorie_3_2.echelon_7,2003-05-01,1.369,"Avenant n° 8 à la convention collective nationale du textile, agréé par arrêté du 25 novembre 2002",https://www.pist.tn/jort/2002/2002A/Ja0972002.pdf
salaire_base.agents_payes_a_l_heure.categorie_3_2.echelon_7,2004-05-01,1.432,"Avenant n° 8 à la convention collective nationale du textile, agréé par arrêté du 25 novembre 2002",https://www.pist.tn/jort/2002/2002A/Ja0972002.pdf
salaire_base.agents_payes_a_l_heure.categorie_3_2.echelon_7,2005-06-15,1.485,"Avenant n° 9 à la convention collective sectorielle du textile, agréé par arrêté du 17 janvier 2006",https://www.pist.tn/jort/2006/2006A/Ja0072006.pdf
salaire_base.agents_payes_a_l_heure.categorie_3_2.echelon_7,2006-05-01,1.545,"Avenant n° 9 à la convention collective sectorielle du textile, agréé par arrêté du 17 janvier 2006",https://www.pist.tn/jort/2006/2006A/Ja0072006.pdf
salaire_base.agents_payes_a_l_heure.categorie_3_2.echelon_7,2007-05-01,1.605,"Avenant n° 9 à la convention collective sectorielle du textile, agréé par arrêté du 17 janvier 2006",https://www.pist.tn/jort/2006/2006A/Ja0072006.pdf
salaire_base.agents_payes_a_l_heure.categorie_3_2.echelon_7,2008-05-01,1.688,"Avenant n° 10 à la convention collective sectorielle du textile, agréé par arrêté du 17 février 2009",https://www.pist.tn/jort/2009/2009A/Ja0162009.pdf
salaire_base.agents_payes_a_l_heure.categorie_3_2.echelon_7,2009-05-01,1.767,"Avenant n° 10 à la convention collective sectorielle du textile, agréé par arrêté du 17 février 2009",https://www.pist.tn/jort/2009/2009A/Ja0162009.pdf
salaire_base.agents_payes_a_l_heure.categorie_3_2.echelon_7,2010-05-01,1.858,"Avenant n° 10 à la convention collective sectorielle du textile, agréé par arrêté du 17 février 2009",https://www.pist.tn/jort/2009/2009A/Ja0162009.pdf
salaire_base.agents_payes_a_l_heure.categorie_3_2.echelon_7,2011-05-01,1.949,"Avenant n° 11 à la convention collective sectorielle du textile, agréé par arrêté du 11 octobre 2011",https://www.pist.tn/jort/2011/2011A/Ja0782011.pdf
salaire_base.agents_payes_a_l_heure.categorie_3_2.echelon_7,2012-05-01,2.064,"Avenant n° 12 à la convention collective sectorielle du textile, agréé par arrêté du 19 février 2013",https://www.pist.tn/jort/2013/2013A/Ja0162013.pdf
salaire_base.agents_payes_a_l_heure.categorie_3_2.echelon_7,2014-05-01,2.185,"Avenant n° 13 à la convention collective sectorielle du textile, agréé par arrêté du 17 octobre 2014",https://www.pist.tn/jort/2014/2014A/Ja0902014.pdf
salaire_base.agents_payes_a_l_heure.categorie_3_2.echelon_7,2015-09-01,2.314,"Avenant n° 14 à la convention collective sectorielle du textile, agréé par arrêté du 8 avril 2016",https://www.pist.tn/jort/2016/2016A/Ja0302016.pdf
salaire_base.agents_payes_a_l_heure.categorie_3_2.echelon_7,2016-08-01,2.451,"Avenant n° 15 à la convention collective sectorielle du textile, agréé par arrêté du 14 août 2017",https://www.pist.tn/jort/2017/2017A/Ja0662017.pdf
salaire_base.agents_payes_a_l_heure.categorie_3_2.echelon_7,2018-01-01,2.595,"Avenant n° 15 à la convention collective sectorielle du textile, agréé par arrêté du 14 août 2017",https://www.pist.tn/jort/2017/2017A/Ja0662017.pdf
salaire_base.agents_payes_a_l_heure.categorie_3_2.echelon_7,2019-01-01,2.774,"Avenant n° 16 à la convention collective sectorielle du textile, agréé par arrêté du 21 janvier 2019",https://www.pist.tn/jort/2019/2019A/Ja0112019.pdf
salaire_base.agents_payes_a_l_heure.categorie_3_2.echelon_7,2020-01-01,2.966,"Avenant n° 16 à la convention collective sectorielle du textile, agréé par arrêté du 21 janvier 2019",https://www.pist.tn/jort/2019/2019A/Ja0112019.pdf
salaire_base.agents_payes_a_l_heure.categorie_3_2.echelon_7,2021-09-01,3.159,"Avenant n° 17 à la convention collective sectorielle du textile, agréé par arrêté du 23 juin 2022",https://www.pist.tn/jort/2022/2022A/Ja0712022.pdf
salaire_base.agents_payes_a_l_heure.categorie_3_2.echelon_7,2022-05-01,3.38,"Avenant n° 17 à la convention collective sectorielle du textile, agréé par arrêté du 23 juin 2022",https://www.pist.tn/jort/2022/2022A/Ja0712022.pdf
salaire_base.agents_payes_a_l_heure.categorie_3_2.echelon_7,2024-01-01,3.599,"Avenant n° 18 à la convention collective sectorielle du textile, agréé par arrêté du 8 avril 2024",https://www.pist.tn/jort/2024/2024A/Ja0492024.pdf
salaire_base.agents_payes_a_l_heure.categorie_3_2.echelon_7,2025-01-01,3.833,"Avenant n° 18 à la convention collective sectorielle du textile, agréé par arrêté du 8 avril 2024",https://www.pist.tn/jort/2024/2024A/Ja0492024.pdf
salaire_base.agents_payes_a_l_heure.categorie_3_2.echelon_7,2026-01-01,4.102,"Avenant n° 18 à la convention collective sectorielle du textile, agréé par arrêté du 8 avril 2024",https://www.pist.tn/jort/2024/2024A/Ja0492024.pdf
salaire_base.agents_payes_a_l_heure.categorie_3_2.echelon_8,1994-05-01,0.9,"Avenant n° 5 à la convention collective nationale du textile, agréé par arrêté du 22 septembre 1994",https://www.pist.tn/jort/1994/1994F/Jo07894.pdf
salaire_base.agents_payes_a_l_heure.categorie_3_2.echelon_8,1995-05-01,0.948,"Avenant n° 5 à la convention collective nationale du textile, agréé par arrêté du 22 septembre 1994",https://www.pist.tn/jort/1994/1994F/Jo07894.pdf
salaire_base.agents_payes_a_l_heure.categorie_3_2.echelon_8,1996-05-01,0.996,"Avenant n° 6 à la convention collective nationale du textile, agréé par arrêté du 24 juillet 1996",https://www.pist.tn/jort/1996/1996A/Ja06096.pdf
salaire_base.agents_payes_a_l_heure.categorie_3_2.echelon_8,1997-05-01,1.049,"Avenant n° 6 à la convention collective nationale du textile, agréé par arrêté du 24 juillet 1996",https://www.pist.tn/jort/1996/1996A/Ja06096.pdf
salaire_base.agents_payes_a_l_heure.categorie_3_2.echelon_8,1998-05-01,1.107,"Avenant n° 6 à la convention collective nationale du textile, agréé par arrêté du 24 juillet 1996",https://www.pist.tn/jort/1996/1996A/Ja06096.pdf
salaire_base.agents_payes_a_l_heure.categorie_3_2.echelon_8,1999-05-01,1.16,"Avenant n° 7 à la convention collective nationale du textile, agréé par arrêté du 9 juin 1999",https://www.pist.tn/jort/1999/1999A/Ja04899.pdf
salaire_base.agents_payes_a_l_heure.categorie_3_2.echelon_8,2000-05-01,1.213,"Avenant n° 7 à la convention collective nationale du textile, agréé par arrêté du 9 juin 1999",https://www.pist.tn/jort/1999/1999A/Ja04899.pdf
salaire_base.agents_payes_a_l_heure.categorie_3_2.echelon_8,2001-05-01,1.266,"Avenant n° 7 à la convention collective nationale du textile, agréé par arrêté du 9 juin 1999",https://www.pist.tn/jort/1999/1999A/Ja04899.pdf
salaire_base.agents_payes_a_l_heure.categorie_3_2.echelon_8,2002-05-01,1.319,"Avenant n° 8 à la convention collective nationale du textile, agréé par arrêté du 25 novembre 2002",https://www.pist.tn/jort/2002/2002A/Ja0972002.pdf
salaire_base.agents_payes_a_l_heure.categorie_3_2.echelon_8,2003-05-01,1.377,"Avenant n° 8 à la convention collective nationale du textile, agréé par arrêté du 25 novembre 2002",https://www.pist.tn/jort/2002/2002A/Ja0972002.pdf
salaire_base.agents_payes_a_l_heure.categorie_3_2.echelon_8,2004-05-01,1.44,"Avenant n° 8 à la convention collective nationale du textile, agréé par arrêté du 25 novembre 2002",https://www.pist.tn/jort/2002/2002A/Ja0972002.pdf
salaire_base.agents_payes_a_l_heure.categorie_3_2.echelon_8,2005-06-15,1.493,"Avenant n° 9 à la convention collective sectorielle du textile, agréé par arrêté du 17 janvier 2006",https://www.pist.tn/jort/2006/2006A/Ja0072006.pdf
salaire_base.agents_payes_a_l_heure.categorie_3_2.echelon_8,2006-05-01,1.553,"Avenant n° 9 à la convention collective sectorielle du textile, agréé par arrêté du 17 janvier 2006",https://www.pist.tn/jort/2006/2006A/Ja0072006.pdf
salaire_base.agents_payes_a_l_heure.categorie_3_2.echelon_8,2007-05-01,1.613,"Avenant n° 9 à la convention collective sectorielle du textile, agréé par arrêté du 17 janvier 2006",https://www.pist.tn/jort/2006/2006A/Ja0072006.pdf
salaire_base.agents_payes_a_l_heure.categorie_3_2.echelon_8,2008-05-01,1.696,"Avenant n° 10 à la convention collective sectorielle du textile, agréé par arrêté du 17 février 2009",https://www.pist.tn/jort/2009/2009A/Ja0162009.pdf
salaire_base.agents_payes_a_l_heure.categorie_3_2.echelon_8,2009-05-01,1.775,"Avenant n° 10 à la convention collective sectorielle du textile, agréé par arrêté du 17 février 2009",https://www.pist.tn/jort/2009/2009A/Ja0162009.pdf
salaire_base.agents_payes_a_l_heure.categorie_3_2.echelon_8,2010-05-01,1.865,"Avenant n° 10 à la convention collective sectorielle du textile, agréé par arrêté du 17 février 2009",https://www.pist.tn/jort/2009/2009A/Ja0162009.pdf
salaire_base.agents_payes_a_l_heure.categorie_3_2.echelon_8,2011-05-01,1.956,"Avenant n° 11 à la convention collective sectorielle du textile, agréé par arrêté du 11 octobre 2011",https://www.pist.tn/jort/2011/2011A/Ja0782011.pdf
salaire_base.agents_payes_a_l_heure.categorie_3_2.echelon_8,2012-05-01,2.071,"Avenant n° 12 à la convention collective sectorielle du textile, agréé par arrêté du 19 février 2013",https://www.pist.tn/jort/2013/2013A/Ja0162013.pdf
salaire_base.agents_payes_a_l_heure.categorie_3_2.echelon_8,2014-05-01,2.192,"Avenant n° 13 à la convention collective sectorielle du textile, agréé par arrêté du 17 octobre 2014",https://www.pist.tn/jort/2014/2014A/Ja0902014.pdf
salaire_base.agents_payes_a_l_heure.categorie_3_2.echelon_8,2015-09-01,2.321,"Avenant n° 14 à la convention collective sectorielle du textile, agréé par arrêté du 8 avril 2016",https://www.pist.tn/jort/2016/2016A/Ja0302016.pdf
salaire_base.agents_payes_a_l_heure.categorie_3_2.echelon_8,2016-08-01,2.458,"Avenant n° 15 à la convention collective sectorielle du textile, agréé par arrêté du 14 août 2017",https://www.pist.tn/jort/2017/2017A/Ja0662017.pdf
salaire_base.agents_payes_a_l_heure.categorie_3_2.echelon_8,2018-01-01,2.602,"Avenant n° 15 à la convention collective sectorielle du textile, agréé par arrêté du 14 août 2017",https://www.pist.tn/jort/2017/2017A/Ja0662017.pdf
salaire_base.agents_payes_a_l_heure.categorie_3_2.echelon_8,2019-01-01,2.781,"Avenant n° 16 à la convention collective sectorielle du textile, agréé par arrêté du 21 janvier 2019",https://www.pist.tn/jort/2019/2019A/Ja0112019.pdf
salaire_base.agents_payes_a_l_heure.categorie_3_2.echelon_8,2020-01-01,2.973,"Avenant n° 16 à la convention collective sectorielle du textile, agréé par arrêté du 21 janvier 2019",https://www.pist.tn/jort/2019/2019A/Ja0112019.pdf
salaire_base.agents_payes_a_l_heure.categorie_3_2.echelon_8,2021-09-01,3.166,"Avenant n° 17 à la convention collective sectorielle du textile, agréé par arrêté du 23 juin 2022",https://www.pist.tn/jort/2022/2022A/Ja0712022.pdf
salaire_base.agents_payes_a_l_heure.categorie_3_2.echelon_8,2022-05-01,3.388,"Avenant n° 17 à la convention collective sectorielle du textile, agréé par arrêté du 23 juin 2022",https://www.pist.tn/jort/2022/2022A/Ja0712022.pdf
salaire_base.agents_payes_a_l_heure.categorie_3_2.echelon_8,2024-01-01,3.608,"Avenant n° 18 à la convention collective sectorielle du textile, agréé par arrêté du 8 avril 2024",https://www.pist.tn/jort/2024/2024A/Ja0492024.pdf
salaire_base.agents_payes_a_l_heure.categorie_3_2.echelon_8,2025-01-01,3.842,"Avenant n° 18 à la convention collective sectorielle du textile, agréé par arrêté du 8 avril 2024",https://www.pist.tn/jort/2024/2024A/Ja0492024.pdf
salaire_base.agents_payes_a_l_heure.categorie_3_2.echelon_8,2026-01-01,4.111,"Avenant n° 18 à la convention collective sectorielle du textile, agréé par arrêté du 8 avril 2024",https://www.pist.tn/jort/2024/2024A/Ja0492024.pdf
salaire_base.agents_payes_a_l_heure.categorie_3_2.echelon_9,1994-05-01,0.907,"Avenant n° 5 à la convention collective nationale du textile, agréé par arrêté du 22 septembre 1994",https://www.pist.tn/jort/1994/1994F/Jo07894.pdf
salaire_base.agents_payes_a_l_heure.categorie_3_2.echelon_9,1995-05-01,0.955,"Avenant n° 5 à la convention collective nationale du textile, agréé par arrêté du 22 septembre 1994",https://www.pist.tn/jort/1994/1994F/Jo07894.pdf
salaire_base.agents_payes_a_l_heure.categorie_3_2.echelon_9,1996-05-01,1.003,"Avenant n° 6 à la convention collective nationale du textile, agréé par arrêté du 24 juillet 1996",https://www.pist.tn/jort/1996/1996A/Ja06096.pdf
salaire_base.agents_payes_a_l_heure.categorie_3_2.echelon_9,1997-05-01,1.056,"Avenant n° 6 à la convention collective nationale du textile, agréé par arrêté du 24 juillet 1996",https://www.pist.tn/jort/1996/1996A/Ja06096.pdf
salaire_base.agents_payes_a_l_heure.categorie_3_2.echelon_9,1998-05-01,1.114,"Avenant n° 6 à la convention collective nationale du textile, agréé par arrêté du 24 juillet 1996",https://www.pist.tn/jort/1996/1996A/Ja06096.pdf
salaire_base.agents_payes_a_l_heure.categorie_3_2.echelon_9,1999-05-01,1.167,"Avenant n° 7 à la convention collective nationale du textile, agréé par arrêté du 9 juin 1999",https://www.pist.tn/jort/1999/1999A/Ja04899.pdf
salaire_base.agents_payes_a_l_heure.categorie_3_2.echelon_9,2000-05-01,1.22,"Avenant n° 7 à la convention collective nationale du textile, agréé par arrêté du 9 juin 1999",https://www.pist.tn/jort/1999/1999A/Ja04899.pdf
salaire_base.agents_payes_a_l_heure.categorie_3_2.echelon_9,2001-05-01,1.273,"Avenant n° 7 à la convention collective nationale du textile, agréé par arrêté du 9 juin 1999",https://www.pist.tn/jort/1999/1999A/Ja04899.pdf
salaire_base.agents_payes_a_l_heure.categorie_3_2.echelon_9,2002-05-01,1.326,"Avenant n° 8 à la convention collective nationale du textile, agréé par arrêté du 25 novembre 2002",https://www.pist.tn/jort/2002/2002A/Ja0972002.pdf
salaire_base.agents_payes_a_l_heure.categorie_3_2.echelon_9,2003-05-01,1.384,"Avenant n° 8 à la convention collective nationale du textile, agréé par arrêté du 25 novembre 2002",https://www.pist.tn/jort/2002/2002A/Ja0972002.pdf
salaire_base.agents_payes_a_l_heure.categorie_3_2.echelon_9,2004-05-01,1.447,"Avenant n° 8 à la convention collective nationale du textile, agréé par arrêté du 25 novembre 2002",https://www.pist.tn/jort/2002/2002A/Ja0972002.pdf
salaire_base.agents_payes_a_l_heure.categorie_3_2.echelon_9,2005-06-15,1.5,"Avenant n° 9 à la convention collective sectorielle du textile, agréé par arrêté du 17 janvier 2006",https://www.pist.tn/jort/2006/2006A/Ja0072006.pdf
salaire_base.agents_payes_a_l_heure.categorie_3_2.echelon_9,2006-05-01,1.56,"Avenant n° 9 à la convention collective sectorielle du textile, agréé par arrêté du 17 janvier 2006",https://www.pist.tn/jort/2006/2006A/Ja0072006.pdf
salaire_base.agents_payes_a_l_heure.categorie_3_2.echelon_9,2007-05-01,1.62,"Avenant n° 9 à la convention collective sectorielle du textile, agréé par arrêté du 17 janvier 2006",https://www.pist.tn/jort/2006/2006A/Ja0072006.pdf
salaire_base.agents_payes_a_l_heure.categorie_3_2.echelon_9,2008-05-01,1.704,"Avenant n° 10 à la convention collective sectorielle du textile, agréé par arrêté du 17 février 2009",https://www.pist.tn/jort/2009/2009A/Ja0162009.pdf
salaire_base.agents_payes_a_l_heure.categorie_3_2.echelon_9,2009-05-01,1.783,"Avenant n° 10 à la convention collective sectorielle du textile, agréé par arrêté du 17 février 2009",https://www.pist.tn/jort/2009/2009A/Ja0162009.pdf
salaire_base.agents_payes_a_l_heure.categorie_3_2.echelon_9,2010-05-01,1.874,"Avenant n° 10 à la convention collective sectorielle du textile, agréé par arrêté du 17 février 2009",https://www.pist.tn/jort/2009/2009A/Ja0162009.pdf
salaire_base.agents_payes_a_l_heure.categorie_3_2.echelon_9,2011-05-01,1.965,"Avenant n° 11 à la convention collective sectorielle du textile, agréé par arrêté du 11 octobre 2011",https://www.pist.tn/jort/2011/2011A/Ja0782011.pdf
salaire_base.agents_payes_a_l_heure.categorie_3_2.echelon_9,2012-05-01,2.08,"Avenant n° 12 à la convention collective sectorielle du textile, agréé par arrêté du 19 février 2013",https://www.pist.tn/jort/2013/2013A/Ja0162013.pdf
salaire_base.agents_payes_a_l_heure.categorie_3_2.echelon_9,2014-05-01,2.201,"Avenant n° 13 à la convention collective sectorielle du textile, agréé par arrêté du 17 octobre 2014",https://www.pist.tn/jort/2014/2014A/Ja0902014.pdf
salaire_base.agents_payes_a_l_heure.categorie_3_2.echelon_9,2015-09-01,2.33,"Avenant n° 14 à la convention collective sectorielle du textile, agréé par arrêté du 8 avril 2016",https://www.pist.tn/jort/2016/2016A/Ja0302016.pdf
salaire_base.agents_payes_a_l_heure.categorie_3_2.echelon_9,2016-08-01,2.467,"Avenant n° 15 à la convention collective sectorielle du textile, agréé par arrêté du 14 août 2017",https://www.pist.tn/jort/2017/2017A/Ja0662017.pdf
salaire_base.agents_payes_a_l_heure.categorie_3_2.echelon_9,2018-01-01,2.611,"Avenant n° 15 à la convention collective sectorielle du textile, agréé par arrêté du 14 août 2017",https://www.pist.tn/jort/2017/2017A/Ja0662017.pdf
salaire_base.agents_payes_a_l_heure.categorie_3_2.echelon_9,2019-01-01,2.79,"Avenant n° 16 à la convention collective sectorielle du textile, agréé par arrêté du 21 janvier 2019",https://www.pist.tn/jort/2019/2019A/Ja0112019.pdf
salaire_base.agents_payes_a_l_heure.categorie_3_2.echelon_9,2020-01-01,2.982,"Avenant n° 16 à la convention collective sectorielle du textile, agréé par arrêté du 21 janvier 2019",https://www.pist.tn/jort/2019/2019A/Ja0112019.pdf
salaire_base.agents_payes_a_l_heure.categorie_3_2.echelon_9,2021-09-01,3.176,"Avenant n° 17 à la convention collective sectorielle du textile, agréé par arrêté du 23 juin 2022",https://www.pist.tn/jort/2022/2022A/Ja0712022.pdf
salaire_base.agents_payes_a_l_heure.categorie_3_2.echelon_9,2022-05-01,3.398,"Avenant n° 17 à la convention collective sectorielle du textile, agréé par arrêté du 23 juin 2022",https://www.pist.tn/jort/2022/2022A/Ja0712022.pdf
salaire_base.agents_payes_a_l_heure.categorie_3_2.echelon_9,2024-01-01,3.619,"Avenant n° 18 à la convention collective sectorielle du textile, agréé par arrêté du 8 avril 2024",https://www.pist.tn/jort/2024/2024A/Ja0492024.pdf
salaire_base.agents_payes_a_l_heure.categorie_3_2.echelon_9,2025-01-01,3.854,"Avenant n° 18 à la convention collective sectorielle du textile, agréé par arrêté du 8 avril 2024",https://www.pist.tn/jort/2024/2024A/Ja0492024.pdf
salaire_base.agents_payes_a_l_heure.categorie_3_2.echelon_9,2026-01-01,4.124,"Avenant n° 18 à la convention collective sectorielle du textile, agréé par arrêté du 8 avril 2024",https://www.pist.tn/jort/2024/2024A/Ja0492024.pdf
salaire_base.agents_payes_a_l_heure.categorie_3_2.echelon_10,1994-05-01,0.916,"Avenant n° 5 à la convention collective nationale du textile, agréé par arrêté du 22 septembre 1994",https://www.pist.tn/jort/1994/1994F/Jo07894.pdf
salaire_base.agents_payes_a_l_heure.categorie_3_2.echelon_10,1995-05-01,0.964,"Avenant n° 5 à la convention collective nationale du textile, agréé par arrêté du 22 septembre 1994",https://www.pist.tn/jort/1994/1994F/Jo07894.pdf
salaire_base.agents_payes_a_l_heure.categorie_3_2.echelon_10,1996-05-01,1.012,"Avenant n° 6 à la convention collective nationale du textile, agréé par arrêté du 24 juillet 1996",https://www.pist.tn/jort/1996/1996A/Ja06096.pdf
salaire_base.agents_payes_a_l_heure.categorie_3_2.echelon_10,1997-05-01,1.065,"Avenant n° 6 à la convention collective nationale du textile, agréé par arrêté du 24 juillet 1996",https://www.pist.tn/jort/1996/1996A/Ja06096.pdf
salaire_base.agents_payes_a_l_heure.categorie_3_2.echelon_10,1998-05-01,1.123,"Avenant n° 6 à la convention collective nationale du textile, agréé par arrêté du 24 juillet 1996",https://www.pist.tn/jort/1996/1996A/Ja06096.pdf
salaire_base.agents_payes_a_l_heure.categorie_3_2.echelon_10,1999-05-01,1.176,"Avenant n° 7 à la convention collective nationale du textile, agréé par arrêté du 9 juin 1999",https://www.pist.tn/jort/1999/1999A/Ja04899.pdf
salaire_base.agents_payes_a_l_heure.categorie_3_2.echelon_10,2000-05-01,1.229,"Avenant n° 7 à la convention collective nationale du textile, agréé par arrêté du 9 juin 1999",https://www.pist.tn/jort/1999/1999A/Ja04899.pdf
salaire_base.agents_payes_a_l_heure.categorie_3_2.echelon_10,2001-05-01,1.282,"Avenant n° 7 à la convention collective nationale du textile, agréé par arrêté du 9 juin 1999",https://www.pist.tn/jort/1999/1999A/Ja04899.pdf
salaire_base.agents_payes_a_l_heure.categorie_3_2.echelon_10,2002-05-01,1.335,"Avenant n° 8 à la convention collective nationale du textile, agréé par arrêté du 25 novembre 2002",https://www.pist.tn/jort/2002/2002A/Ja0972002.pdf
salaire_base.agents_payes_a_l_heure.categorie_3_2.echelon_10,2003-05-01,1.393,"Avenant n° 8 à la convention collective nationale du textile, agréé par arrêté du 25 novembre 2002",https://www.pist.tn/jort/2002/2002A/Ja0972002.pdf
salaire_base.agents_payes_a_l_heure.categorie_3_2.echelon_10,2004-05-01,1.456,"Avenant n° 8 à la convention collective nationale du textile, agréé par arrêté du 25 novembre 2002",https://www.pist.tn/jort/2002/2002A/Ja0972002.pdf
salaire_base.agents_payes_a_l_heure.categorie_3_2.echelon_10,2005-06-15,1.509,"Avenant n° 9 à la convention collective sectorielle du textile, agréé par arrêté du 17 janvier 2006",https://www.pist.tn/jort/2006/2006A/Ja0072006.pdf
salaire_base.agents_payes_a_l_heure.categorie_3_2.echelon_10,2006-05-01,1.569,"Avenant n° 9 à la convention collective sectorielle du textile, agréé par arrêté du 17 janvier 2006",https://www.pist.tn/jort/2006/2006A/Ja0072006.pdf
salaire_base.agents_payes_a_l_heure.categorie_3_2.echelon_10,2007-05-01,1.629,"Avenant n° 9 à la convention collective sectorielle du textile, agréé par arrêté du 17 janvier 2006",https://www.pist.tn/jort/2006/2006A/Ja0072006.pdf
salaire_base.agents_payes_a_l_heure.categorie_3_2.echelon_10,2008-05-01,1.712,"Avenant n° 10 à la convention collective sectorielle du textile, agréé par arrêté du 17 février 2009",https://www.pist.tn/jort/2009/2009A/Ja0162009.pdf
salaire_base.agents_payes_a_l_heure.categorie_3_2.echelon_10,2009-05-01,1.791,"Avenant n° 10 à la convention collective sectorielle du textile, agréé par arrêté du 17 février 2009",https://www.pist.tn/jort/2009/2009A/Ja0162009.pdf
salaire_base.agents_payes_a_l_heure.categorie_3_2.echelon_10,2010-05-01,1.882,"Avenant n° 10 à la convention collective sectorielle du textile, agréé par arrêté du 17 février 2009",https://www.pist.tn/jort/2009/2009A/Ja0162009.pdf
salaire_base.agents_payes_a_l_heure.categorie_3_2.echelon_10,2011-05-01,1.973,"Avenant n° 11 à la convention collective sectorielle du textile, agréé par arrêté du 11 octobre 2011",https://www.pist.tn/jort/2011/2011A/Ja0782011.pdf
salaire_base.agents_payes_a_l_heure.categorie_3_2.echelon_10,2012-05-01,2.088,"Avenant n° 12 à la convention collective sectorielle du textile, agréé par arrêté du 19 février 2013",https://www.pist.tn/jort/2013/2013A/Ja0162013.pdf
salaire_base.agents_payes_a_l_heure.categorie_3_2.echelon_10,2014-05-01,2.209,"Avenant n° 13 à la convention collective sectorielle du textile, agréé par arrêté du 17 octobre 2014",https://www.pist.tn/jort/2014/2014A/Ja0902014.pdf
salaire_base.agents_payes_a_l_heure.categorie_3_2.echelon_10,2015-09-01,2.338,"Avenant n° 14 à la convention collective sectorielle du textile, agréé par arrêté du 8 avril 2016",https://www.pist.tn/jort/2016/2016A/Ja0302016.pdf
salaire_base.agents_payes_a_l_heure.categorie_3_2.echelon_10,2016-08-01,2.475,"Avenant n° 15 à la convention collective sectorielle du textile, agréé par arrêté du 14 août 2017",https://www.pist.tn/jort/2017/2017A/Ja0662017.pdf
salaire_base.agents_payes_a_l_heure.categorie_3_2.echelon_10,2018-01-01,2.619,"Avenant n° 15 à la convention collective sectorielle du textile, agréé par arrêté du 14 août 2017",https://www.pist.tn/jort/2017/2017A/Ja0662017.pdf
salaire_base.agents_payes_a_l_heure.categorie_3_2.echelon_10,2019-01-01,2.798,"Avenant n° 16 à la convention collective sectorielle du textile, agréé par arrêté du 21 janvier 2019",https://www.pist.tn/jort/2019/2019A/Ja0112019.pdf
salaire_base.agents_payes_a_l_heure.categorie_3_2.echelon_10,2020-01-01,2.99,"Avenant n° 16 à la convention collective sectorielle du textile, agréé par arrêté du 21 janvier 2019",https://www.pist.tn/jort/2019/2019A/Ja0112019.pdf
salaire_base.agents_payes_a_l_heure.categorie_3_2.echelon_10,2021-09-01,3.184,"Avenant n° 17 à la convention collective sectorielle du textile, agréé par arrêté du 23 juin 2022",https://www.pist.tn/jort/2022/2022A/Ja0712022.pdf
salaire_base.agents_payes_a_l_heure.categorie_3_2.echelon_10,2022-05-01,3.407,"Avenant n° 17 à la convention collective sectorielle du textile, agréé par arrêté du 23 juin 2022",https://www.pist.tn/jort/2022/2022A/Ja0712022.pdf
salaire_base.agents_payes_a_l_heure.categorie_3_2.echelon_10,2024-01-01,3.629,"Avenant n° 18 à la convention collective sectorielle du textile, agréé par arrêté du 8 avril 2024",https://www.pist.tn/jort/2024/2024A/Ja0492024.pdf
salaire_base.agents_payes_a_l_heure.categorie_3_2.echelon_10,2025-01-01,3.864,"Avenant n° 18 à la convention collective sectorielle du textile, agréé par arrêté du 8 avril 2024",https://www.pist.tn/jort/2024/2024A/Ja0492024.pdf
salaire_base.agents_payes_a_l_heure.categorie_3_2.echelon_10,2026-01-01,4.135,"Avenant n° 18 à la convention collective sectorielle du textile, agréé par arrêté du 8 avril 2024",https://www.pist.tn/jort/2024/2024A/Ja0492024.pdf
salaire_base.agents_payes_a_l_heure.categorie_3_2.echelon_11,1994-05-01,0.924,"Avenant n° 5 à la convention collective nationale du textile, agréé par arrêté du 22 septembre 1994",https://www.pist.tn/jort/1994/1994F/Jo07894.pdf
salaire_base.agents_payes_a_l_heure.categorie_3_2.echelon_11,1995-05-01,0.972,"Avenant n° 5 à la convention collective nationale du textile, agréé par arrêté du 22 septembre 1994",https://www.pist.tn/jort/1994/1994F/Jo07894.pdf
salaire_base.agents_payes_a_l_heure.categorie_3_2.echelon_11,1996-05-01,1.02,"Avenant n° 6 à la convention collective nationale du textile, agréé par arrêté du 24 juillet 1996",https://www.pist.tn/jort/1996/1996A/Ja06096.pdf
salaire_base.agents_payes_a_l_heure.categorie_3_2.echelon_11,1997-05-01,1.073,"Avenant n° 6 à la convention collective nationale du textile, agréé par arrêté du 24 juillet 1996",https://www.pist.tn/jort/1996/1996A/Ja06096.pdf
salaire_base.agents_payes_a_l_heure.categorie_3_2.echelon_11,1998-05-01,1.131,"Avenant n° 6 à la convention collective nationale du textile, agréé par arrêté du 24 juillet 1996",https://www.pist.tn/jort/1996/1996A/Ja06096.pdf
salaire_base.agents_payes_a_l_heure.categorie_3_2.echelon_11,1999-05-01,1.184,"Avenant n° 7 à la convention collective nationale du textile, agréé par arrêté du 9 juin 1999",https://www.pist.tn/jort/1999/1999A/Ja04899.pdf
salaire_base.agents_payes_a_l_heure.categorie_3_2.echelon_11,2000-05-01,1.237,"Avenant n° 7 à la convention collective nationale du textile, agréé par arrêté du 9 juin 1999",https://www.pist.tn/jort/1999/1999A/Ja04899.pdf
salaire_base.agents_payes_a_l_heure.categorie_3_2.echelon_11,2001-05-01,1.29,"Avenant n° 7 à la convention collective nationale du textile, agréé par arrêté du 9 juin 1999",https://www.pist.tn/jort/1999/1999A/Ja04899.pdf
salaire_base.agents_payes_a_l_heure.categorie_3_2.echelon_11,2002-05-01,1.343,"Avenant n° 8 à la convention collective nationale du textile, agréé par arrêté du 25 novembre 2002",https://www.pist.tn/jort/2002/2002A/Ja0972002.pdf
salaire_base.agents_payes_a_l_heure.categorie_3_2.echelon_11,2003-05-01,1.401,"Avenant n° 8 à la convention collective nationale du textile, agréé par arrêté du 25 novembre 2002",https://www.pist.tn/jort/2002/2002A/Ja0972002.pdf
salaire_base.agents_payes_a_l_heure.categorie_3_2.echelon_11,2004-05-01,1.464,"Avenant n° 8 à la convention collective nationale du textile, agréé par arrêté du 25 novembre 2002",https://www.pist.tn/jort/2002/2002A/Ja0972002.pdf
salaire_base.agents_payes_a_l_heure.categorie_3_2.echelon_11,2005-06-15,1.517,"Avenant n° 9 à la convention collective sectorielle du textile, agréé par arrêté du 17 janvier 2006",https://www.pist.tn/jort/2006/2006A/Ja0072006.pdf
salaire_base.agents_payes_a_l_heure.categorie_3_2.echelon_11,2006-05-01,1.577,"Avenant n° 9 à la convention collective sectorielle du textile, agréé par arrêté du 17 janvier 2006",https://www.pist.tn/jort/2006/2006A/Ja0072006.pdf
salaire_base.agents_payes_a_l_heure.categorie_3_2.echelon_11,2007-05-01,1.637,"Avenant n° 9 à la convention collective sectorielle du textile, agréé par arrêté du 17 janvier 2006",https://www.pist.tn/jort/2006/2006A/Ja0072006.pdf
salaire_base.agents_payes_a_l_heure.categorie_3_2.echelon_11,2008-05-01,1.72,"Avenant n° 10 à la convention collective sectorielle du textile, agréé par arrêté du 17 février 2009",https://www.pist.tn/jort/2009/2009A/Ja0162009.pdf
salaire_base.agents_payes_a_l_heure.categorie_3_2.echelon_11,2009-05-01,1.799,"Avenant n° 10 à la convention collective sectorielle du textile, agréé par arrêté du 17 février 2009",https://www.pist.tn/jort/2009/2009A/Ja0162009.pdf
salaire_base.agents_payes_a_l_heure.categorie_3_2.echelon_11,2010-05-01,1.89,"Avenant n° 10 à la convention collective sectorielle du textile, agréé par arrêté du 17 février 2009",https://www.pist.tn/jort/2009/2009A/Ja0162009.pdf
salaire_base.agents_payes_a_l_heure.categorie_3_2.echelon_11,2011-05-01,1.981,"Avenant n° 11 à la convention collective sectorielle du textile, agréé par arrêté du 11 octobre 2011",https://www.pist.tn/jort/2011/2011A/Ja0782011.pdf
salaire_base.agents_payes_a_l_heure.categorie_3_2.echelon_11,2012-05-01,2.096,"Avenant n° 12 à la convention collective sectorielle du textile, agréé par arrêté du 19 février 2013",https://www.pist.tn/jort/2013/2013A/Ja0162013.pdf
salaire_base.agents_payes_a_l_heure.categorie_3_2.echelon_11,2014-05-01,2.217,"Avenant n° 13 à la convention collective sectorielle du textile, agréé par arrêté du 17 octobre 2014",https://www.pist.tn/jort/2014/2014A/Ja0902014.pdf
salaire_base.agents_payes_a_l_heure.categorie_3_2.echelon_11,2015-09-01,2.346,"Avenant n° 14 à la convention collective sectorielle du textile, agréé par arrêté du 8 avril 2016",https://www.pist.tn/jort/2016/2016A/Ja0302016.pdf
salaire_base.agents_payes_a_l_heure.categorie_3_2.echelon_11,2016-08-01,2.483,"Avenant n° 15 à la convention collective sectorielle du textile, agréé par arrêté du 14 août 2017",https://www.pist.tn/jort/2017/2017A/Ja0662017.pdf
salaire_base.agents_payes_a_l_heure.categorie_3_2.echelon_11,2018-01-01,2.627,"Avenant n° 15 à la convention collective sectorielle du textile, agréé par arrêté du 14 août 2017",https://www.pist.tn/jort/2017/2017A/Ja0662017.pdf
salaire_base.agents_payes_a_l_heure.categorie_3_2.echelon_11,2019-01-01,2.806,"Avenant n° 16 à la convention collective sectorielle du textile, agréé par arrêté du 21 janvier 2019",https://www.pist.tn/jort/2019/2019A/Ja0112019.pdf
salaire_base.agents_payes_a_l_heure.categorie_3_2.echelon_11,2020-01-01,2.998,"Avenant n° 16 à la convention collective sectorielle du textile, agréé par arrêté du 21 janvier 2019",https://www.pist.tn/jort/2019/2019A/Ja0112019.pdf
salaire_base.agents_payes_a_l_heure.categorie_3_2.echelon_11,2021-09-01,3.193,"Avenant n° 17 à la convention collective sectorielle du textile, agréé par arrêté du 23 juin 2022",https://www.pist.tn/jort/2022/2022A/Ja0712022.pdf
salaire_base.agents_payes_a_l_heure.categorie_3_2.echelon_11,2022-05-01,3.416,"Avenant n° 17 à la convention collective sectorielle du textile, agréé par arrêté du 23 juin 2022",https://www.pist.tn/jort/2022/2022A/Ja0712022.pdf
salaire_base.agents_payes_a_l_heure.categorie_3_2.echelon_11,2024-01-01,3.638,"Avenant n° 18 à la convention collective sectorielle du textile, agréé par arrêté du 8 avril 2024",https://www.pist.tn/jort/2024/2024A/Ja0492024.pdf
salaire_base.agents_payes_a_l_heure.categorie_3_2.echelon_11,2025-01-01,3.875,"Avenant n° 18 à la convention collective sectorielle du textile, agréé par arrêté du 8 avril 2024",https://www.pist.tn/jort/2024/2024A/Ja0492024.pdf
salaire_base.agents_payes_a_l_heure.categorie_3_2.echelon_11,2026-01-01,4.146,"Avenant n° 18 à la convention collective sectorielle du textile, agréé par arrêté du 8 avril 2024",https://www.pist.tn/jort/2024/2024A/Ja0492024.pdf
salaire_base.agents_payes_a_l_heure.categorie_3_2.echelon_12,1994-05-01,0.932,"Avenant n° 5 à la convention collective nationale du textile, agréé par arrêté du 22 septembre 1994",https://www.pist.tn/jort/1994/1994F/Jo07894.pdf
salaire_base.agents_payes_a_l_heure.categorie_3_2.echelon_12,1995-05-01,0.98,"Avenant n° 5 à la convention collective nationale du textile, agréé par arrêté du 22 septembre 1994",https://www.pist.tn/jort/1994/1994F/Jo07894.pdf
salaire_base.agents_payes_a_l_heure.categorie_3_2.echelon_12,1996-05-01,1.028,"Avenant n° 6 à la convention collective nationale du textile, agréé par arrêté du 24 juillet 1996",https://www.pist.tn/jort/1996/1996A/Ja06096.pdf
salaire_base.agents_payes_a_l_heure.categorie_3_2.echelon_12,1997-05-01,1.081,"Avenant n° 6 à la convention collective nationale du textile, agréé par arrêté du 24 juillet 1996",https://www.pist.tn/jort/1996/1996A/Ja06096.pdf
salaire_base.agents_payes_a_l_heure.categorie_3_2.echelon_12,1998-05-01,1.139,"Avenant n° 6 à la convention collective nationale du textile, agréé par arrêté du 24 juillet 1996",https://www.pist.tn/jort/1996/1996A/Ja06096.pdf
salaire_base.agents_payes_a_l_heure.categorie_3_2.echelon_12,1999-05-01,1.192,"Avenant n° 7 à la convention collective nationale du textile, agréé par arrêté du 9 juin 1999",https://www.pist.tn/jort/1999/1999A/Ja04899.pdf
salaire_base.agents_payes_a_l_heure.categorie_3_2.echelon_12,2000-05-01,1.245,"Avenant n° 7 à la convention collective nationale du textile, agréé par arrêté du 9 juin 1999",https://www.pist.tn/jort/1999/1999A/Ja04899.pdf
salaire_base.agents_payes_a_l_heure.categorie_3_2.echelon_12,2001-05-01,1.298,"Avenant n° 7 à la convention collective nationale du textile, agréé par arrêté du 9 juin 1999",https://www.pist.tn/jort/1999/1999A/Ja04899.pdf
salaire_base.agents_payes_a_l_heure.categorie_3_2.echelon_12,2002-05-01,1.351,"Avenant n° 8 à la convention collective nationale du textile, agréé par arrêté du 25 novembre 2002",https://www.pist.tn/jort/2002/2002A/Ja0972002.pdf
salaire_base.agents_payes_a_l_heure.categorie_3_2.echelon_12,2003-05-01,1.409,"Avenant n° 8 à la convention collective nationale du textile, agréé par arrêté du 25 novembre 2002",https://www.pist.tn/jort/2002/2002A/Ja0972002.pdf
salaire_base.agents_payes_a_l_heure.categorie_3_2.echelon_12,2004-05-01,1.472,"Avenant n° 8 à la convention collective nationale du textile, agréé par arrêté du 25 novembre 2002",https://www.pist.tn/jort/2002/2002A/Ja0972002.pdf
salaire_base.agents_payes_a_l_heure.categorie_3_2.echelon_12,2005-06-15,1.525,"Avenant n° 9 à la convention collective sectorielle du textile, agréé par arrêté du 17 janvier 2006",https://www.pist.tn/jort/2006/2006A/Ja0072006.pdf
salaire_base.agents_payes_a_l_heure.categorie_3_2.echelon_12,2006-05-01,1.585,"Avenant n° 9 à la convention collective sectorielle du textile, agréé par arrêté du 17 janvier 2006",https://www.pist.tn/jort/2006/2006A/Ja0072006.pdf
salaire_base.agents_payes_a_l_heure.categorie_3_2.echelon_12,2007-05-01,1.645,"Avenant n° 9 à la convention collective sectorielle du textile, agréé par arrêté du 17 janvier 2006",https://www.pist.tn/jort/2006/2006A/Ja0072006.pdf
salaire_base.agents_payes_a_l_heure.categorie_3_2.echelon_12,2008-05-01,1.729,"Avenant n° 10 à la convention collective sectorielle du textile, agréé par arrêté du 17 février 2009",https://www.pist.tn/jort/2009/2009A/Ja0162009.pdf
salaire_base.agents_payes_a_l_heure.categorie_3_2.echelon_12,2009-05-01,1.808,"Avenant n° 10 à la convention collective sectorielle du textile, agréé par arrêté du 17 février 2009",https://www.pist.tn/jort/2009/2009A/Ja0162009.pdf
salaire_base.agents_payes_a_l_heure.categorie_3_2.echelon_12,2010-05-01,1.899,"Avenant n° 10 à la convention collective sectorielle du textile, agréé par arrêté du 17 février 2009",https://www.pist.tn/jort/2009/2009A/Ja0162009.pdf
salaire_base.agents_payes_a_l_heure.categorie_3_2.echelon_12,2011-05-01,1.99,"Avenant n° 11 à la convention collective sectorielle du textile, agréé par arrêté du 11 octobre 2011",https://www.pist.tn/jort/2011/2011A/Ja0782011.pdf
salaire_base.agents_payes_a_l_heure.categorie_3_2.echelon_12,2012-05-01,2.105,"Avenant n° 12 à la convention collective sectorielle du textile, agréé par arrêté du 19 février 2013",https://www.pist.tn/jort/2013/2013A/Ja0162013.pdf
salaire_base.agents_payes_a_l_heure.categorie_3_2.echelon_12,2014-05-01,2.226,"Avenant n° 13 à la convention collective sectorielle du textile, agréé par arrêté du 17 octobre 2014",https://www.pist.tn/jort/2014/2014A/Ja0902014.pdf
salaire_base.agents_payes_a_l_heure.categorie_3_2.echelon_12,2015-09-01,2.355,"Avenant n° 14 à la convention collective sectorielle du textile, agréé par arrêté du 8 avril 2016",https://www.pist.tn/jort/2016/2016A/Ja0302016.pdf
salaire_base.agents_payes_a_l_heure.categorie_3_2.echelon_12,2016-08-01,2.492,"Avenant n° 15 à la convention collective sectorielle du textile, agréé par arrêté du 14 août 2017",https://www.pist.tn/jort/2017/2017A/Ja0662017.pdf
salaire_base.agents_payes_a_l_heure.categorie_3_2.echelon_12,2018-01-01,2.636,"Avenant n° 15 à la convention collective sectorielle du textile, agréé par arrêté du 14 août 2017",https://www.pist.tn/jort/2017/2017A/Ja0662017.pdf
salaire_base.agents_payes_a_l_heure.categorie_3_2.echelon_12,2019-01-01,2.815,"Avenant n° 16 à la convention collective sectorielle du textile, agréé par arrêté du 21 janvier 2019",https://www.pist.tn/jort/2019/2019A/Ja0112019.pdf
salaire_base.agents_payes_a_l_heure.categorie_3_2.echelon_12,2020-01-01,3.007,"Avenant n° 16 à la convention collective sectorielle du textile, agréé par arrêté du 21 janvier 2019",https://www.pist.tn/jort/2019/2019A/Ja0112019.pdf
salaire_base.agents_payes_a_l_heure.categorie_3_2.echelon_12,2021-09-01,3.202,"Avenant n° 17 à la convention collective sectorielle du textile, agréé par arrêté du 23 juin 2022",https://www.pist.tn/jort/2022/2022A/Ja0712022.pdf
salaire_base.agents_payes_a_l_heure.categorie_3_2.echelon_12,2022-05-01,3.426,"Avenant n° 17 à la convention collective sectorielle du textile, agréé par arrêté du 23 juin 2022",https://www.pist.tn/jort/2022/2022A/Ja0712022.pdf
salaire_base.agents_payes_a_l_heure.categorie_3_2.echelon_12,2024-01-01,3.649,"Avenant n° 18 à la convention collective sectorielle du textile, agréé par arrêté du 8 avril 2024",https://www.pist.tn/jort/2024/2024A/Ja0492024.pdf
salaire_base.agents_payes_a_l_heure.categorie_3_2.echelon_12,2025-01-01,3.886,"Avenant n° 18 à la convention collective sectorielle du textile, agréé par arrêté du 8 avril 2024",https://www.pist.tn/jort/2024/2024A/Ja0492024.pdf
salaire_base.agents_payes_a_l_heure.categorie_3_2.echelon_12,2026-01-01,4.158,"Avenant n° 18 à la convention collective sectorielle du textile, agréé par arrêté du 8 avril 2024",https://www.pist.tn/jort/2024/2024A/Ja0492024.pdf
salaire_base.agents_payes_a_l_heure.categorie_3_2.echelon_13,1994-05-01,0.941,"Avenant n° 5 à la convention collective nationale du textile, agréé par arrêté du 22 septembre 1994",https://www.pist.tn/jort/1994/1994F/Jo07894.pdf
salaire_base.agents_payes_a_l_heure.categorie_3_2.echelon_13,1995-05-01,0.989,"Avenant n° 5 à la convention collective nationale du textile, agréé par arrêté du 22 septembre 1994",https://www.pist.tn/jort/1994/1994F/Jo07894.pdf
salaire_base.agents_payes_a_l_heure.categorie_3_2.echelon_13,1996-05-01,1.037,"Avenant n° 6 à la convention collective nationale du textile, agréé par arrêté du 24 juillet 1996",https://www.pist.tn/jort/1996/1996A/Ja06096.pdf
salaire_base.agents_payes_a_l_heure.categorie_3_2.echelon_13,1997-05-01,1.09,"Avenant n° 6 à la convention collective nationale du textile, agréé par arrêté du 24 juillet 1996",https://www.pist.tn/jort/1996/1996A/Ja06096.pdf
salaire_base.agents_payes_a_l_heure.categorie_3_2.echelon_13,1998-05-01,1.148,"Avenant n° 6 à la convention collective nationale du textile, agréé par arrêté du 24 juillet 1996",https://www.pist.tn/jort/1996/1996A/Ja06096.pdf
salaire_base.agents_payes_a_l_heure.categorie_3_2.echelon_13,1999-05-01,1.201,"Avenant n° 7 à la convention collective nationale du textile, agréé par arrêté du 9 juin 1999",https://www.pist.tn/jort/1999/1999A/Ja04899.pdf
salaire_base.agents_payes_a_l_heure.categorie_3_2.echelon_13,2000-05-01,1.254,"Avenant n° 7 à la convention collective nationale du textile, agréé par arrêté du 9 juin 1999",https://www.pist.tn/jort/1999/1999A/Ja04899.pdf
salaire_base.agents_payes_a_l_heure.categorie_3_2.echelon_13,2001-05-01,1.307,"Avenant n° 7 à la convention collective nationale du textile, agréé par arrêté du 9 juin 1999",https://www.pist.tn/jort/1999/1999A/Ja04899.pdf
salaire_base.agents_payes_a_l_heure.categorie_3_2.echelon_13,2002-05-01,1.36,"Avenant n° 8 à la convention collective nationale du textile, agréé par arrêté du 25 novembre 2002",https://www.pist.tn/jort/2002/2002A/Ja0972002.pdf
salaire_base.agents_payes_a_l_heure.categorie_3_2.echelon_13,2003-05-01,1.418,"Avenant n° 8 à la convention collective nationale du textile, agréé par arrêté du 25 novembre 2002",https://www.pist.tn/jort/2002/2002A/Ja0972002.pdf
salaire_base.agents_payes_a_l_heure.categorie_3_2.echelon_13,2004-05-01,1.481,"Avenant n° 8 à la convention collective nationale du textile, agréé par arrêté du 25 novembre 2002",https://www.pist.tn/jort/2002/2002A/Ja0972002.pdf
salaire_base.agents_payes_a_l_heure.categorie_3_2.echelon_13,2005-06-15,1.534,"Avenant n° 9 à la convention collective sectorielle du textile, agréé par arrêté du 17 janvier 2006",https://www.pist.tn/jort/2006/2006A/Ja0072006.pdf
salaire_base.agents_payes_a_l_heure.categorie_3_2.echelon_13,2006-05-01,1.594,"Avenant n° 9 à la convention collective sectorielle du textile, agréé par arrêté du 17 janvier 2006",https://www.pist.tn/jort/2006/2006A/Ja0072006.pdf
salaire_base.agents_payes_a_l_heure.categorie_3_2.echelon_13,2007-05-01,1.654,"Avenant n° 9 à la convention collective sectorielle du textile, agréé par arrêté du 17 janvier 2006",https://www.pist.tn/jort/2006/2006A/Ja0072006.pdf
salaire_base.agents_payes_a_l_heure.categorie_3_2.echelon_13,2008-05-01,1.737,"Avenant n° 10 à la convention collective sectorielle du textile, agréé par arrêté du 17 février 2009",https://www.pist.tn/jort/2009/2009A/Ja0162009.pdf
salaire_base.agents_payes_a_l_heure.categorie_3_2.echelon_13,2009-05-01,1.816,"Avenant n° 10 à la convention collective sectorielle du textile, agréé par arrêté du 17 février 2009",https://www.pist.tn/jort/2009/2009A/Ja0162009.pdf
salaire_base.agents_payes_a_l_heure.categorie_3_2.echelon_13,2010-05-01,1.907,"Avenant n° 10 à la convention collective sectorielle du textile, agréé par arrêté du 17 février 2009",https://www.pist.tn/jort/2009/2009A/Ja0162009.pdf
salaire_base.agents_payes_a_l_heure.categorie_3_2.echelon_13,2011-05-01,1.998,"Avenant n° 11 à la convention collective sectorielle du textile, agréé par arrêté du 11 octobre 2011",https://www.pist.tn/jort/2011/2011A/Ja0782011.pdf
salaire_base.agents_payes_a_l_heure.categorie_3_2.echelon_13,2012-05-01,2.113,"Avenant n° 12 à la convention collective sectorielle du textile, agréé par arrêté du 19 février 2013",https://www.pist.tn/jort/2013/2013A/Ja0162013.pdf
salaire_base.agents_payes_a_l_heure.categorie_3_2.echelon_13,2014-05-01,2.234,"Avenant n° 13 à la convention collective sectorielle du textile, agréé par arrêté du 17 octobre 2014",https://www.pist.tn/jort/2014/2014A/Ja0902014.pdf
salaire_base.agents_payes_a_l_heure.categorie_3_2.echelon_13,2015-09-01,2.363,"Avenant n° 14 à la convention collective sectorielle du textile, agréé par arrêté du 8 avril 2016",https://www.pist.tn/jort/2016/2016A/Ja0302016.pdf
salaire_base.agents_payes_a_l_heure.categorie_3_2.echelon_13,2016-08-01,2.5,"Avenant n° 15 à la convention collective sectorielle du textile, agréé par arrêté du 14 août 2017",https://www.pist.tn/jort/2017/2017A/Ja0662017.pdf
salaire_base.agents_payes_a_l_heure.categorie_3_2.echelon_13,2018-01-01,2.644,"Avenant n° 15 à la convention collective sectorielle du textile, agréé par arrêté du 14 août 2017",https://www.pist.tn/jort/2017/2017A/Ja0662017.pdf
salaire_base.agents_payes_a_l_heure.categorie_3_2.echelon_13,2019-01-01,2.823,"Avenant n° 16 à la convention collective sectorielle du textile, agréé par arrêté du 21 janvier 2019",https://www.pist.tn/jort/2019/2019A/Ja0112019.pdf
salaire_base.agents_payes_a_l_heure.categorie_3_2.echelon_13,2020-01-01,3.015,"Avenant n° 16 à la convention collective sectorielle du textile, agréé par arrêté du 21 janvier 2019",https://www.pist.tn/jort/2019/2019A/Ja0112019.pdf
salaire_base.agents_payes_a_l_heure.categorie_3_2.echelon_13,2021-09-01,3.211,"Avenant n° 17 à la convention collective sectorielle du textile, agréé par arrêté du 23 juin 2022",https://www.pist.tn/jort/2022/2022A/Ja0712022.pdf
salaire_base.agents_payes_a_l_heure.categorie_3_2.echelon_13,2022-05-01,3.436,"Avenant n° 17 à la convention collective sectorielle du textile, agréé par arrêté du 23 juin 2022",https://www.pist.tn/jort/2022/2022A/Ja0712022.pdf
salaire_base.agents_payes_a_l_heure.categorie_3_2.echelon_13,2024-01-01,3.659,"Avenant n° 18 à la convention collective sectorielle du textile, agréé par arrêté du 8 avril 2024",https://www.pist.tn/jort/2024/2024A/Ja0492024.pdf
salaire_base.agents_payes_a_l_heure.categorie_3_2.echelon_13,2025-01-01,3.897,"Avenant n° 18 à la convention collective sectorielle du textile, agréé par arrêté du 8 avril 2024",https://www.pist.tn/jort/2024/2024A/Ja0492024.pdf
salaire_base.agents_payes_a_l_heure.categorie_3_2.echelon_13,2026-01-01,4.169,"Avenant n° 18 à la convention collective sectorielle du textile, agréé par arrêté du 8 avril 2024",https://www.pist.tn/jort/2024/2024A/Ja0492024.pdf
salaire_base.agents_payes_a_l_heure.categorie_3_2.echelon_14,1994-05-01,0.949,"Avenant n° 5 à la convention collective nationale du textile, agréé par arrêté du 22 septembre 1994",https://www.pist.tn/jort/1994/1994F/Jo07894.pdf
salaire_base.agents_payes_a_l_heure.categorie_3_2.echelon_14,1995-05-01,0.997,"Avenant n° 5 à la convention collective nationale du textile, agréé par arrêté du 22 septembre 1994",https://www.pist.tn/jort/1994/1994F/Jo07894.pdf
salaire_base.agents_payes_a_l_heure.categorie_3_2.echelon_14,1996-05-01,1.045,"Avenant n° 6 à la convention collective nationale du textile, agréé par arrêté du 24 juillet 1996",https://www.pist.tn/jort/1996/1996A/Ja06096.pdf
salaire_base.agents_payes_a_l_heure.categorie_3_2.echelon_14,1997-05-01,1.098,"Avenant n° 6 à la convention collective nationale du textile, agréé par arrêté du 24 juillet 1996",https://www.pist.tn/jort/1996/1996A/Ja06096.pdf
salaire_base.agents_payes_a_l_heure.categorie_3_2.echelon_14,1998-05-01,1.156,"Avenant n° 6 à la convention collective nationale du textile, agréé par arrêté du 24 juillet 1996",https://www.pist.tn/jort/1996/1996A/Ja06096.pdf
salaire_base.agents_payes_a_l_heure.categorie_3_2.echelon_14,1999-05-01,1.209,"Avenant n° 7 à la convention collective nationale du textile, agréé par arrêté du 9 juin 1999",https://www.pist.tn/jort/1999/1999A/Ja04899.pdf
salaire_base.agents_payes_a_l_heure.categorie_3_2.echelon_14,2000-05-01,1.262,"Avenant n° 7 à la convention collective nationale du textile, agréé par arrêté du 9 juin 1999",https://www.pist.tn/jort/1999/1999A/Ja04899.pdf
salaire_base.agents_payes_a_l_heure.categorie_3_2.echelon_14,2001-05-01,1.315,"Avenant n° 7 à la convention collective nationale du textile, agréé par arrêté du 9 juin 1999",https://www.pist.tn/jort/1999/1999A/Ja04899.pdf
salaire_base.agents_payes_a_l_heure.categorie_3_2.echelon_14,2002-05-01,1.368,"Avenant n° 8 à la convention collective nationale du textile, agréé par arrêté du 25 novembre 2002",https://www.pist.tn/jort/2002/2002A/Ja0972002.pdf
salaire_base.agents_payes_a_l_heure.categorie_3_2.echelon_14,2003-05-01,1.426,"Avenant n° 8 à la convention collective nationale du textile, agréé par arrêté du 25 novembre 2002",https://www.pist.tn/jort/2002/2002A/Ja0972002.pdf
salaire_base.agents_payes_a_l_heure.categorie_3_2.echelon_14,2004-05-01,1.489,"Avenant n° 8 à la convention collective nationale du textile, agréé par arrêté du 25 novembre 2002",https://www.pist.tn/jort/2002/2002A/Ja0972002.pdf
salaire_base.agents_payes_a_l_heure.categorie_3_2.echelon_14,2005-06-15,1.542,"Avenant n° 9 à la convention collective sectorielle du textile, agréé par arrêté du 17 janvier 2006",https://www.pist.tn/jort/2006/2006A/Ja0072006.pdf
salaire_base.agents_payes_a_l_heure.categorie_3_2.echelon_14,2006-05-01,1.602,"Avenant n° 9 à la convention collective sectorielle du textile, agréé par arrêté du 17 janvier 2006",https://www.pist.tn/jort/2006/2006A/Ja0072006.pdf
salaire_base.agents_payes_a_l_heure.categorie_3_2.echelon_14,2007-05-01,1.662,"Avenant n° 9 à la convention collective sectorielle du textile, agréé par arrêté du 17 janvier 2006",https://www.pist.tn/jort/2006/2006A/Ja0072006.pdf
salaire_base.agents_payes_a_l_heure.categorie_3_2.echelon_14,2008-05-01,1.745,"Avenant n° 10 à la convention collective sectorielle du textile, agréé par arrêté du 17 février 2009",https://www.pist.tn/jort/2009/2009A/Ja0162009.pdf
salaire_base.agents_payes_a_l_heure.categorie_3_2.echelon_14,2009-05-01,1.824,"Avenant n° 10 à la convention collective sectorielle du textile, agréé par arrêté du 17 février 2009",https://www.pist.tn/jort/2009/2009A/Ja0162009.pdf
salaire_base.agents_payes_a_l_heure.categorie_3_2.echelon_14,2010-05-01,1.915,"Avenant n° 10 à la convention collective sectorielle du textile, agréé par arrêté du 17 février 2009",https://www.pist.tn/jort/2009/2009A/Ja0162009.pdf
salaire_base.agents_payes_a_l_heure.categorie_3_2.echelon_14,2011-05-01,2.006,"Avenant n° 11 à la convention collective sectorielle du textile, agréé par arrêté du 11 octobre 2011",https://www.pist.tn/jort/2011/2011A/Ja0782011.pdf
salaire_base.agents_payes_a_l_heure.categorie_3_2.echelon_14,2012-05-01,2.121,"Avenant n° 12 à la convention collective sectorielle du textile, agréé par arrêté du 19 février 2013",https://www.pist.tn/jort/2013/2013A/Ja0162013.pdf
salaire_base.agents_payes_a_l_heure.categorie_3_2.echelon_14,2014-05-01,2.242,"Avenant n° 13 à la convention collective sectorielle du textile, agréé par arrêté du 17 octobre 2014",https://www.pist.tn/jort/2014/2014A/Ja0902014.pdf
salaire_base.agents_payes_a_l_heure.categorie_3_2.echelon_14,2015-09-01,2.371,"Avenant n° 14 à la convention collective sectorielle du textile, agréé par arrêté du 8 avril 2016",https://www.pist.tn/jort/2016/2016A/Ja0302016.pdf
salaire_base.agents_payes_a_l_heure.categorie_3_2.echelon_14,2016-08-01,2.508,"Avenant n° 15 à la convention collective sectorielle du textile, agréé par arrêté du 14 août 2017",https://www.pist.tn/jort/2017/2017A/Ja0662017.pdf
salaire_base.agents_payes_a_l_heure.categorie_3_2.echelon_14,2018-01-01,2.652,"Avenant n° 15 à la convention collective sectorielle du textile, agréé par arrêté du 14 août 2017",https://www.pist.tn/jort/2017/2017A/Ja0662017.pdf
salaire_base.agents_payes_a_l_heure.categorie_3_2.echelon_14,2019-01-01,2.831,"Avenant n° 16 à la convention collective sectorielle du textile, agréé par arrêté du 21 janvier 2019",https://www.pist.tn/jort/2019/2019A/Ja0112019.pdf
salaire_base.agents_payes_a_l_heure.categorie_3_2.echelon_14,2020-01-01,3.023,"Avenant n° 16 à la convention collective sectorielle du textile, agréé par arrêté du 21 janvier 2019",https://www.pist.tn/jort/2019/2019A/Ja0112019.pdf
salaire_base.agents_payes_a_l_heure.categorie_3_2.echelon_14,2021-09-01,3.219,"Avenant n° 17 à la convention collective sectorielle du textile, agréé par arrêté du 23 juin 2022",https://www.pist.tn/jort/2022/2022A/Ja0712022.pdf
salaire_base.agents_payes_a_l_heure.categorie_3_2.echelon_14,2022-05-01,3.445,"Avenant n° 17 à la convention collective sectorielle du textile, agréé par arrêté du 23 juin 2022",https://www.pist.tn/jort/2022/2022A/Ja0712022.pdf
salaire_base.agents_payes_a_l_heure.categorie_3_2.echelon_14,2024-01-01,3.669,"Avenant n° 18 à la convention collective sectorielle du textile, agréé par arrêté du 8 avril 2024",https://www.pist.tn/jort/2024/2024A/Ja0492024.pdf
salaire_base.agents_payes_a_l_heure.categorie_3_2.echelon_14,2025-01-01,3.907,"Avenant n° 18 à la convention collective sectorielle du textile, agréé par arrêté du 8 avril 2024",https://www.pist.tn/jort/2024/2024A/Ja0492024.pdf
salaire_base.agents_payes_a_l_heure.categorie_3_2.echelon_14,2026-01-01,4.181,"Avenant n° 18 à la convention collective sectorielle du textile, agréé par arrêté du 8 avril 2024",https://www.pist.tn/jort/2024/2024A/Ja0492024.pdf
salaire_base.agents_payes_a_l_heure.categorie_3_2.echelon_15,1994-05-01,0.957,"Avenant n° 5 à la convention collective nationale du textile, agréé par arrêté du 22 septembre 1994",https://www.pist.tn/jort/1994/1994F/Jo07894.pdf
salaire_base.agents_payes_a_l_heure.categorie_3_2.echelon_15,1995-05-01,1.005,"Avenant n° 5 à la convention collective nationale du textile, agréé par arrêté du 22 septembre 1994",https://www.pist.tn/jort/1994/1994F/Jo07894.pdf
salaire_base.agents_payes_a_l_heure.categorie_3_2.echelon_15,1996-05-01,1.053,"Avenant n° 6 à la convention collective nationale du textile, agréé par arrêté du 24 juillet 1996",https://www.pist.tn/jort/1996/1996A/Ja06096.pdf
salaire_base.agents_payes_a_l_heure.categorie_3_2.echelon_15,1997-05-01,1.106,"Avenant n° 6 à la convention collective nationale du textile, agréé par arrêté du 24 juillet 1996",https://www.pist.tn/jort/1996/1996A/Ja06096.pdf
salaire_base.agents_payes_a_l_heure.categorie_3_2.echelon_15,1998-05-01,1.164,"Avenant n° 6 à la convention collective nationale du textile, agréé par arrêté du 24 juillet 1996",https://www.pist.tn/jort/1996/1996A/Ja06096.pdf
salaire_base.agents_payes_a_l_heure.categorie_3_2.echelon_15,1999-05-01,1.217,"Avenant n° 7 à la convention collective nationale du textile, agréé par arrêté du 9 juin 1999",https://www.pist.tn/jort/1999/1999A/Ja04899.pdf
salaire_base.agents_payes_a_l_heure.categorie_3_2.echelon_15,2000-05-01,1.27,"Avenant n° 7 à la convention collective nationale du textile, agréé par arrêté du 9 juin 1999",https://www.pist.tn/jort/1999/1999A/Ja04899.pdf
salaire_base.agents_payes_a_l_heure.categorie_3_2.echelon_15,2001-05-01,1.323,"Avenant n° 7 à la convention collective nationale du textile, agréé par arrêté du 9 juin 1999",https://www.pist.tn/jort/1999/1999A/Ja04899.pdf
salaire_base.agents_payes_a_l_heure.categorie_3_2.echelon_15,2002-05-01,1.376,"Avenant n° 8 à la convention collective nationale du textile, agréé par arrêté du 25 novembre 2002",https://www.pist.tn/jort/2002/2002A/Ja0972002.pdf
salaire_base.agents_payes_a_l_heure.categorie_3_2.echelon_15,2003-05-01,1.434,"Avenant n° 8 à la convention collective nationale du textile, agréé par arrêté du 25 novembre 2002",https://www.pist.tn/jort/2002/2002A/Ja0972002.pdf
salaire_base.agents_payes_a_l_heure.categorie_3_2.echelon_15,2004-05-01,1.497,"Avenant n° 8 à la convention collective nationale du textile, agréé par arrêté du 25 novembre 2002",https://www.pist.tn/jort/2002/2002A/Ja0972002.pdf
salaire_base.agents_payes_a_l_heure.categorie_3_2.echelon_15,2005-06-15,1.55,"Avenant n° 9 à la convention collective sectorielle du textile, agréé par arrêté du 17 janvier 2006",https://www.pist.tn/jort/2006/2006A/Ja0072006.pdf
salaire_base.agents_payes_a_l_heure.categorie_3_2.echelon_15,2006-05-01,1.61,"Avenant n° 9 à la convention collective sectorielle du textile, agréé par arrêté du 17 janvier 2006",https://www.pist.tn/jort/2006/2006A/Ja0072006.pdf
salaire_base.agents_payes_a_l_heure.categorie_3_2.echelon_15,2007-05-01,1.67,"Avenant n° 9 à la convention collective sectorielle du textile, agréé par arrêté du 17 janvier 2006",https://www.pist.tn/jort/2006/2006A/Ja0072006.pdf
salaire_base.agents_payes_a_l_heure.categorie_3_2.echelon_15,2008-05-01,1.759,"Avenant n° 10 à la convention collective sectorielle du textile, agréé par arrêté du 17 février 2009",https://www.pist.tn/jort/2009/2009A/Ja0162009.pdf
salaire_base.agents_payes_a_l_heure.categorie_3_2.echelon_15,2009-05-01,1.838,"Avenant n° 10 à la convention collective sectorielle du textile, agréé par arrêté du 17 février 2009",https://www.pist.tn/jort/2009/2009A/Ja0162009.pdf
salaire_base.agents_payes_a_l_heure.categorie_3_2.echelon_15,2010-05-01,1.934,"Avenant n° 10 à la convention collective sectorielle du textile, agréé par arrêté du 17 février 2009",https://www.pist.tn/jort/2009/2009A/Ja0162009.pdf
salaire_base.agents_payes_a_l_heure.categorie_3_2.echelon_15,2011-05-01,2.025,"Avenant n° 11 à la convention collective sectorielle du textile, agréé par arrêté du 11 octobre 2011",https://www.pist.tn/jort/2011/2011A/Ja0782011.pdf
salaire_base.agents_payes_a_l_heure.categorie_3_2.echelon_15,2012-05-01,2.14,"Avenant n° 12 à la convention collective sectorielle du textile, agréé par arrêté du 19 février 2013",https://www.pist.tn/jort/2013/2013A/Ja0162013.pdf
salaire_base.agents_payes_a_l_heure.categorie_3_2.echelon_15,2014-05-01,2.261,"Avenant n° 13 à la convention collective sectorielle du textile, agréé par arrêté du 17 octobre 2014",https://www.pist.tn/jort/2014/2014A/Ja0902014.pdf
salaire_base.agents_payes_a_l_heure.categorie_3_2.echelon_15,2015-09-01,2.39,"Avenant n° 14 à la convention collective sectorielle du textile, agréé par arrêté du 8 avril 2016",https://www.pist.tn/jort/2016/2016A/Ja0302016.pdf
salaire_base.agents_payes_a_l_heure.categorie_3_2.echelon_15,2016-08-01,2.527,"Avenant n° 15 à la convention collective sectorielle du textile, agréé par arrêté du 14 août 2017",https://www.pist.tn/jort/2017/2017A/Ja0662017.pdf
salaire_base.agents_payes_a_l_heure.categorie_3_2.echelon_15,2018-01-01,2.671,"Avenant n° 15 à la convention collective sectorielle du textile, agréé par arrêté du 14 août 2017",https://www.pist.tn/jort/2017/2017A/Ja0662017.pdf
salaire_base.agents_payes_a_l_heure.categorie_3_2.echelon_15,2019-01-01,2.85,"Avenant n° 16 à la convention collective sectorielle du textile, agréé par arrêté du 21 janvier 2019",https://www.pist.tn/jort/2019/2019A/Ja0112019.pdf
salaire_base.agents_payes_a_l_heure.categorie_3_2.echelon_15,2020-01-01,3.042,"Avenant n° 16 à la convention collective sectorielle du textile, agréé par arrêté du 21 janvier 2019",https://www.pist.tn/jort/2019/2019A/Ja0112019.pdf
salaire_base.agents_payes_a_l_heure.categorie_3_2.echelon_15,2021-09-01,3.24,"Avenant n° 17 à la convention collective sectorielle du textile, agréé par arrêté du 23 juin 2022",https://www.pist.tn/jort/2022/2022A/Ja0712022.pdf
salaire_base.agents_payes_a_l_heure.categorie_3_2.echelon_15,2022-05-01,3.466,"Avenant n° 17 à la convention collective sectorielle du textile, agréé par arrêté du 23 juin 2022",https://www.pist.tn/jort/2022/2022A/Ja0712022.pdf
salaire_base.agents_payes_a_l_heure.categorie_3_2.echelon_15,2024-01-01,3.692,"Avenant n° 18 à la convention collective sectorielle du textile, agréé par arrêté du 8 avril 2024",https://www.pist.tn/jort/2024/2024A/Ja0492024.pdf
salaire_base.agents_payes_a_l_heure.categorie_3_2.echelon_15,2025-01-01,3.932,"Avenant n° 18 à la convention collective sectorielle du textile, agréé par arrêté du 8 avril 2024",https://www.pist.tn/jort/2024/2024A/Ja0492024.pdf
salaire_base.agents_payes_a_l_heure.categorie_3_2.echelon_15,2026-01-01,4.207,"Avenant n° 18 à la convention collective sectorielle du textile, agréé par arrêté du 8 avril 2024",https://www.pist.tn/jort/2024/2024A/Ja0492024.pdf
salaire_base.agents_payes_a_l_heure.categorie_3_2.echelon_16,1994-05-01,0.976,"Avenant n° 5 à la convention collective nationale du textile, agréé par arrêté du 22 septembre 1994",https://www.pist.tn/jort/1994/1994F/Jo07894.pdf
salaire_base.agents_payes_a_l_heure.categorie_3_2.echelon_16,1995-05-01,1.024,"Avenant n° 5 à la convention collective nationale du textile, agréé par arrêté du 22 septembre 1994",https://www.pist.tn/jort/1994/1994F/Jo07894.pdf
salaire_base.agents_payes_a_l_heure.categorie_3_2.echelon_16,1996-05-01,1.072,"Avenant n° 6 à la convention collective nationale du textile, agréé par arrêté du 24 juillet 1996",https://www.pist.tn/jort/1996/1996A/Ja06096.pdf
salaire_base.agents_payes_a_l_heure.categorie_3_2.echelon_16,1997-05-01,1.125,"Avenant n° 6 à la convention collective nationale du textile, agréé par arrêté du 24 juillet 1996",https://www.pist.tn/jort/1996/1996A/Ja06096.pdf
salaire_base.agents_payes_a_l_heure.categorie_3_2.echelon_16,1998-05-01,1.183,"Avenant n° 6 à la convention collective nationale du textile, agréé par arrêté du 24 juillet 1996",https://www.pist.tn/jort/1996/1996A/Ja06096.pdf
salaire_base.agents_payes_a_l_heure.categorie_3_2.echelon_16,1999-05-01,1.236,"Avenant n° 7 à la convention collective nationale du textile, agréé par arrêté du 9 juin 1999",https://www.pist.tn/jort/1999/1999A/Ja04899.pdf
salaire_base.agents_payes_a_l_heure.categorie_3_2.echelon_16,2000-05-01,1.289,"Avenant n° 7 à la convention collective nationale du textile, agréé par arrêté du 9 juin 1999",https://www.pist.tn/jort/1999/1999A/Ja04899.pdf
salaire_base.agents_payes_a_l_heure.categorie_3_2.echelon_16,2001-05-01,1.342,"Avenant n° 7 à la convention collective nationale du textile, agréé par arrêté du 9 juin 1999",https://www.pist.tn/jort/1999/1999A/Ja04899.pdf
salaire_base.agents_payes_a_l_heure.categorie_3_2.echelon_16,2002-05-01,1.395,"Avenant n° 8 à la convention collective nationale du textile, agréé par arrêté du 25 novembre 2002",https://www.pist.tn/jort/2002/2002A/Ja0972002.pdf
salaire_base.agents_payes_a_l_heure.categorie_3_2.echelon_16,2003-05-01,1.453,"Avenant n° 8 à la convention collective nationale du textile, agréé par arrêté du 25 novembre 2002",https://www.pist.tn/jort/2002/2002A/Ja0972002.pdf
salaire_base.agents_payes_a_l_heure.categorie_3_2.echelon_16,2004-05-01,1.516,"Avenant n° 8 à la convention collective nationale du textile, agréé par arrêté du 25 novembre 2002",https://www.pist.tn/jort/2002/2002A/Ja0972002.pdf
salaire_base.agents_payes_a_l_heure.categorie_3_2.echelon_16,2005-06-15,1.569,"Avenant n° 9 à la convention collective sectorielle du textile, agréé par arrêté du 17 janvier 2006",https://www.pist.tn/jort/2006/2006A/Ja0072006.pdf
salaire_base.agents_payes_a_l_heure.categorie_3_2.echelon_16,2006-05-01,1.629,"Avenant n° 9 à la convention collective sectorielle du textile, agréé par arrêté du 17 janvier 2006",https://www.pist.tn/jort/2006/2006A/Ja0072006.pdf
salaire_base.agents_payes_a_l_heure.categorie_3_2.echelon_16,2007-05-01,1.689,"Avenant n° 9 à la convention collective sectorielle du textile, agréé par arrêté du 17 janvier 2006",https://www.pist.tn/jort/2006/2006A/Ja0072006.pdf
salaire_base.agents_payes_a_l_heure.categorie_3_2.echelon_16,2008-05-01,1.772,"Avenant n° 10 à la convention collective sectorielle du textile, agréé par arrêté du 17 février 2009",https://www.pist.tn/jort/2009/2009A/Ja0162009.pdf
salaire_base.agents_payes_a_l_heure.categorie_3_2.echelon_16,2009-05-01,1.851,"Avenant n° 10 à la convention collective sectorielle du textile, agréé par arrêté du 17 février 2009",https://www.pist.tn/jort/2009/2009A/Ja0162009.pdf
salaire_base.agents_payes_a_l_heure.categorie_3_2.echelon_16,2010-05-01,1.941,"Avenant n° 10 à la convention collective sectorielle du textile, agréé par arrêté du 17 février 2009",https://www.pist.tn/jort/2009/2009A/Ja0162009.pdf
salaire_base.agents_payes_a_l_heure.categorie_3_2.echelon_16,2011-05-01,2.032,"Avenant n° 11 à la convention collective sectorielle du textile, agréé par arrêté du 11 octobre 2011",https://www.pist.tn/jort/2011/2011A/Ja0782011.pdf
salaire_base.agents_payes_a_l_heure.categorie_3_2.echelon_16,2012-05-01,2.147,"Avenant n° 12 à la convention collective sectorielle du textile, agréé par arrêté du 19 février 2013",https://www.pist.tn/jort/2013/2013A/Ja0162013.pdf
salaire_base.agents_payes_a_l_heure.categorie_3_2.echelon_16,2014-05-01,2.268,"Avenant n° 13 à la convention collective sectorielle du textile, agréé par arrêté du 17 octobre 2014",https://www.pist.tn/jort/2014/2014A/Ja0902014.pdf
salaire_base.agents_payes_a_l_heure.categorie_3_2.echelon_16,2015-09-01,2.397,"Avenant n° 14 à la convention collective sectorielle du textile, agréé par arrêté du 8 avril 2016",https://www.pist.tn/jort/2016/2016A/Ja0302016.pdf
salaire_base.agents_payes_a_l_heure.categorie_3_2.echelon_16,2016-08-01,2.534,"Avenant n° 15 à la convention collective sectorielle du textile, agréé par arrêté du 14 août 2017",https://www.pist.tn/jort/2017/2017A/Ja0662017.pdf
salaire_base.agents_payes_a_l_heure.categorie_3_2.echelon_16,2018-01-01,2.678,"Avenant n° 15 à la convention collective sectorielle du textile, agréé par arrêté du 14 août 2017",https://www.pist.tn/jort/2017/2017A/Ja0662017.pdf
salaire_base.agents_payes_a_l_heure.categorie_3_2.echelon_16,2019-01-01,2.857,"Avenant n° 16 à la convention collective sectorielle du textile, agréé par arrêté du 21 janvier 2019",https://www.pist.tn/jort/2019/2019A/Ja0112019.pdf
salaire_base.agents_payes_a_l_heure.categorie_3_2.echelon_16,2020-01-01,3.049,"Avenant n° 16 à la convention collective sectorielle du textile, agréé par arrêté du 21 janvier 2019",https://www.pist.tn/jort/2019/2019A/Ja0112019.pdf
salaire_base.agents_payes_a_l_heure.categorie_3_2.echelon_16,2021-09-01,3.247,"Avenant n° 17 à la convention collective sectorielle du textile, agréé par arrêté du 23 juin 2022",https://www.pist.tn/jort/2022/2022A/Ja0712022.pdf
salaire_base.agents_payes_a_l_heure.categorie_3_2.echelon_16,2022-05-01,3.474,"Avenant n° 17 à la convention collective sectorielle du textile, agréé par arrêté du 23 juin 2022",https://www.pist.tn/jort/2022/2022A/Ja0712022.pdf
salaire_base.agents_payes_a_l_heure.categorie_3_2.echelon_16,2024-01-01,3.7,"Avenant n° 18 à la convention collective sectorielle du textile, agréé par arrêté du 8 avril 2024",https://www.pist.tn/jort/2024/2024A/Ja0492024.pdf
salaire_base.agents_payes_a_l_heure.categorie_3_2.echelon_16,2025-01-01,3.941,"Avenant n° 18 à la convention collective sectorielle du textile, agréé par arrêté du 8 avril 2024",https://www.pist.tn/jort/2024/2024A/Ja0492024.pdf
salaire_base.agents_payes_a_l_heure.categorie_3_2.echelon_16,2026-01-01,4.216,"Avenant n° 18 à la convention collective sectorielle du textile, agréé par arrêté du 8 avril 2024",https://www.pist.tn/jort/2024/2024A/Ja0492024.pdf
salaire_base.agents_payes_a_l_heure.categorie_3_2.echelon_17,1999-05-01,1.243,"Avenant n° 7 à la convention collective nationale du textile, agréé par arrêté du 9 juin 1999",https://www.pist.tn/jort/1999/1999A/Ja04899.pdf
salaire_base.agents_payes_a_l_heure.categorie_3_2.echelon_17,2000-05-01,1.296,"Avenant n° 7 à la convention collective nationale du textile, agréé par arrêté du 9 juin 1999",https://www.pist.tn/jort/1999/1999A/Ja04899.pdf
salaire_base.agents_payes_a_l_heure.categorie_3_2.echelon_17,2001-05-01,1.349,"Avenant n° 7 à la convention collective nationale du textile, agréé par arrêté du 9 juin 1999",https://www.pist.tn/jort/1999/1999A/Ja04899.pdf
salaire_base.agents_payes_a_l_heure.categorie_3_2.echelon_17,2002-05-01,1.402,"Avenant n° 8 à la convention collective nationale du textile, agréé par arrêté du 25 novembre 2002",https://www.pist.tn/jort/2002/2002A/Ja0972002.pdf
salaire_base.agents_payes_a_l_heure.categorie_3_2.echelon_17,2003-05-01,1.46,"Avenant n° 8 à la convention collective nationale du textile, agréé par arrêté du 25 novembre 2002",https://www.pist.tn/jort/2002/2002A/Ja0972002.pdf
salaire_base.agents_payes_a_l_heure.categorie_3_2.echelon_17,2004-05-01,1.523,"Avenant n° 8 à la convention collective nationale du textile, agréé par arrêté du 25 novembre 2002",https://www.pist.tn/jort/2002/2002A/Ja0972002.pdf
salaire_base.agents_payes_a_l_heure.categorie_3_2.echelon_17,2005-06-15,1.576,"Avenant n° 9 à la convention collective sectorielle du textile, agréé par arrêté du 17 janvier 2006",https://www.pist.tn/jort/2006/2006A/Ja0072006.pdf
salaire_base.agents_payes_a_l_heure.categorie_3_2.echelon_17,2006-05-01,1.636,"Avenant n° 9 à la convention collective sectorielle du textile, agréé par arrêté du 17 janvier 2006",https://www.pist.tn/jort/2006/2006A/Ja0072006.pdf
salaire_base.agents_payes_a_l_heure.categorie_3_2.echelon_17,2007-05-01,1.696,"Avenant n° 9 à la convention collective sectorielle du textile, agréé par arrêté du 17 janvier 2006",https://www.pist.tn/jort/2006/2006A/Ja0072006.pdf
salaire_base.agents_payes_a_l_heure.categorie_3_2.echelon_17,2008-05-01,1.779,"Avenant n° 10 à la convention collective sectorielle du textile, agréé par arrêté du 17 février 2009",https://www.pist.tn/jort/2009/2009A/Ja0162009.pdf
salaire_base.agents_payes_a_l_heure.categorie_3_2.echelon_17,2009-05-01,1.858,"Avenant n° 10 à la convention collective sectorielle du textile, agréé par arrêté du 17 février 2009",https://www.pist.tn/jort/2009/2009A/Ja0162009.pdf
salaire_base.agents_payes_a_l_heure.categorie_3_2.echelon_17,2010-05-01,1.948,"Avenant n° 10 à la convention collective sectorielle du textile, agréé par arrêté du 17 février 2009",https://www.pist.tn/jort/2009/2009A/Ja0162009.pdf
salaire_base.agents_payes_a_l_heure.categorie_3_2.echelon_17,2011-05-01,2.039,"Avenant n° 11 à la convention collective sectorielle du textile, agréé par arrêté du 11 octobre 2011",https://www.pist.tn/jort/2011/2011A/Ja0782011.pdf
salaire_base.agents_payes_a_l_heure.categorie_3_2.echelon_17,2012-05-01,2.154,"Avenant n° 12 à la convention collective sectorielle du textile, agréé par arrêté du 19 février 2013",https://www.pist.tn/jort/2013/2013A/Ja0162013.pdf
salaire_base.agents_payes_a_l_heure.categorie_3_2.echelon_17,2014-05-01,2.275,"Avenant n° 13 à la convention collective sectorielle du textile, agréé par arrêté du 17 octobre 2014",https://www.pist.tn/jort/2014/2014A/Ja0902014.pdf
salaire_base.agents_payes_a_l_heure.categorie_3_2.echelon_17,2015-09-01,2.404,"Avenant n° 14 à la convention collective sectorielle du textile, agréé par arrêté du 8 avril 2016",https://www.pist.tn/jort/2016/2016A/Ja0302016.pdf
salaire_base.agents_payes_a_l_heure.categorie_3_2.echelon_17,2016-08-01,2.541,"Avenant n° 15 à la convention collective sectorielle du textile, agréé par arrêté du 14 août 2017",https://www.pist.tn/jort/2017/2017A/Ja0662017.pdf
salaire_base.agents_payes_a_l_heure.categorie_3_2.echelon_17,2018-01-01,2.685,"Avenant n° 15 à la convention collective sectorielle du textile, agréé par arrêté du 14 août 2017",https://www.pist.tn/jort/2017/2017A/Ja0662017.pdf
salaire_base.agents_payes_a_l_heure.categorie_3_2.echelon_17,2019-01-01,2.864,"Avenant n° 16 à la convention collective sectorielle du textile, agréé par arrêté du 21 janvier 2019",https://www.pist.tn/jort/2019/2019A/Ja0112019.pdf
salaire_base.agents_payes_a_l_heure.categorie_3_2.echelon_17,2020-01-01,3.056,"Avenant n° 16 à la convention collective sectorielle du textile, agréé par arrêté du 21 janvier 2019",https://www.pist.tn/jort/2019/2019A/Ja0112019.pdf
salaire_base.agents_payes_a_l_heure.categorie_3_2.echelon_17,2021-09-01,3.254,"Avenant n° 17 à la convention collective sectorielle du textile, agréé par arrêté du 23 juin 2022",https://www.pist.tn/jort/2022/2022A/Ja0712022.pdf
salaire_base.agents_payes_a_l_heure.categorie_3_2.echelon_17,2022-05-01,3.482,"Avenant n° 17 à la convention collective sectorielle du textile, agréé par arrêté du 23 juin 2022",https://www.pist.tn/jort/2022/2022A/Ja0712022.pdf
salaire_base.agents_payes_a_l_heure.categorie_3_2.echelon_17,2024-01-01,3.709,"Avenant n° 18 à la convention collective sectorielle du textile, agréé par arrêté du 8 avril 2024",https://www.pist.tn/jort/2024/2024A/Ja0492024.pdf
salaire_base.agents_payes_a_l_heure.categorie_3_2.echelon_17,2025-01-01,3.95,"Avenant n° 18 à la convention collective sectorielle du textile, agréé par arrêté du 8 avril 2024",https://www.pist.tn/jort/2024/2024A/Ja0492024.pdf
salaire_base.agents_payes_a_l_heure.categorie_3_2.echelon_17,2026-01-01,4.226,"Avenant n° 18 à la convention collective sectorielle du textile, agréé par arrêté du 8 avril 2024",https://www.pist.tn/jort/2024/2024A/Ja0492024.pdf
salaire_base.agents_payes_a_l_heure.categorie_3_2.echelon_18,1999-05-01,1.25,"Avenant n° 7 à la convention collective nationale du textile, agréé par arrêté du 9 juin 1999",https://www.pist.tn/jort/1999/1999A/Ja04899.pdf
salaire_base.agents_payes_a_l_heure.categorie_3_2.echelon_18,2000-05-01,1.303,"Avenant n° 7 à la convention collective nationale du textile, agréé par arrêté du 9 juin 1999",https://www.pist.tn/jort/1999/1999A/Ja04899.pdf
salaire_base.agents_payes_a_l_heure.categorie_3_2.echelon_18,2001-05-01,1.356,"Avenant n° 7 à la convention collective nationale du textile, agréé par arrêté du 9 juin 1999",https://www.pist.tn/jort/1999/1999A/Ja04899.pdf
salaire_base.agents_payes_a_l_heure.categorie_3_2.echelon_18,2002-05-01,1.409,"Avenant n° 8 à la convention collective nationale du textile, agréé par arrêté du 25 novembre 2002",https://www.pist.tn/jort/2002/2002A/Ja0972002.pdf
salaire_base.agents_payes_a_l_heure.categorie_3_2.echelon_18,2003-05-01,1.467,"Avenant n° 8 à la convention collective nationale du textile, agréé par arrêté du 25 novembre 2002",https://www.pist.tn/jort/2002/2002A/Ja0972002.pdf
salaire_base.agents_payes_a_l_heure.categorie_3_2.echelon_18,2004-05-01,1.53,"Avenant n° 8 à la convention collective nationale du textile, agréé par arrêté du 25 novembre 2002",https://www.pist.tn/jort/2002/2002A/Ja0972002.pdf
salaire_base.agents_payes_a_l_heure.categorie_3_2.echelon_18,2005-06-15,1.583,"Avenant n° 9 à la convention collective sectorielle du textile, agréé par arrêté du 17 janvier 2006",https://www.pist.tn/jort/2006/2006A/Ja0072006.pdf
salaire_base.agents_payes_a_l_heure.categorie_3_2.echelon_18,2006-05-01,1.643,"Avenant n° 9 à la convention collective sectorielle du textile, agréé par arrêté du 17 janvier 2006",https://www.pist.tn/jort/2006/2006A/Ja0072006.pdf
salaire_base.agents_payes_a_l_heure.categorie_3_2.echelon_18,2007-05-01,1.703,"Avenant n° 9 à la convention collective sectorielle du textile, agréé par arrêté du 17 janvier 2006",https://www.pist.tn/jort/2006/2006A/Ja0072006.pdf
salaire_base.agents_payes_a_l_heure.categorie_3_2.echelon_18,2008-05-01,1.786,"Avenant n° 10 à la convention collective sectorielle du textile, agréé par arrêté du 17 février 2009",https://www.pist.tn/jort/2009/2009A/Ja0162009.pdf
salaire_base.agents_payes_a_l_heure.categorie_3_2.echelon_18,2009-05-01,1.865,"Avenant n° 10 à la convention collective sectorielle du textile, agréé par arrêté du 17 février 2009",https://www.pist.tn/jort/2009/2009A/Ja0162009.pdf
salaire_base.agents_payes_a_l_heure.categorie_3_2.echelon_18,2010-05-01,1.955,"Avenant n° 10 à la convention collective sectorielle du textile, agréé par arrêté du 17 février 2009",https://www.pist.tn/jort/2009/2009A/Ja0162009.pdf
salaire_base.agents_payes_a_l_heure.categorie_3_2.echelon_18,2011-05-01,2.046,"Avenant n° 11 à la convention collective sectorielle du textile, agréé par arrêté du 11 octobre 2011",https://www.pist.tn/jort/2011/2011A/Ja0782011.pdf
salaire_base.agents_payes_a_l_heure.categorie_3_2.echelon_18,2012-05-01,2.161,"Avenant n° 12 à la convention collective sectorielle du textile, agréé par arrêté du 19 février 2013",https://www.pist.tn/jort/2013/2013A/Ja0162013.pdf
salaire_base.agents_payes_a_l_heure.categorie_3_2.echelon_18,2014-05-01,2.282,"Avenant n° 13 à la convention collective sectorielle du textile, agréé par arrêté du 17 octobre 2014",https://www.pist.tn/jort/2014/2014A/Ja0902014.pdf
salaire_base.agents_payes_a_l_heure.categorie_3_2.echelon_18,2015-09-01,2.411,"Avenant n° 14 à la convention collective sectorielle du textile, agréé par arrêté du 8 avril 2016",https://www.pist.tn/jort/2016/2016A/Ja0302016.pdf
salaire_base.agents_payes_a_l_heure.categorie_3_2.echelon_18,2016-08-01,2.548,"Avenant n° 15 à la convention collective sectorielle du textile, agréé par arrêté du 14 août 2017",https://www.pist.tn/jort/2017/2017A/Ja0662017.pdf
salaire_base.agents_payes_a_l_heure.categorie_3_2.echelon_18,2018-01-01,2.692,"Avenant n° 15 à la convention collective sectorielle du textile, agréé par arrêté du 14 août 2017",https://www.pist.tn/jort/2017/2017A/Ja0662017.pdf
salaire_base.agents_payes_a_l_heure.categorie_3_2.echelon_18,2019-01-01,2.871,"Avenant n° 16 à la convention collective sectorielle du textile, agréé par arrêté du 21 janvier 2019",https://www.pist.tn/jort/2019/2019A/Ja0112019.pdf
salaire_base.agents_payes_a_l_heure.categorie_3_2.echelon_18,2020-01-01,3.063,"Avenant n° 16 à la convention collective sectorielle du textile, agréé par arrêté du 21 janvier 2019",https://www.pist.tn/jort/2019/2019A/Ja0112019.pdf
salaire_base.agents_payes_a_l_heure.categorie_3_2.echelon_18,2021-09-01,3.262,"Avenant n° 17 à la convention collective sectorielle du textile, agréé par arrêté du 23 juin 2022",https://www.pist.tn/jort/2022/2022A/Ja0712022.pdf
salaire_base.agents_payes_a_l_heure.categorie_3_2.echelon_18,2022-05-01,3.49,"Avenant n° 17 à la convention collective sectorielle du textile, agréé par arrêté du 23 juin 2022",https://www.pist.tn/jort/2022/2022A/Ja0712022.pdf
salaire_base.agents_payes_a_l_heure.categorie_3_2.echelon_18,2024-01-01,3.717,"Avenant n° 18 à la convention collective sectorielle du textile, agréé par arrêté du 8 avril 2024",https://www.pist.tn/jort/2024/2024A/Ja0492024.pdf
salaire_base.agents_payes_a_l_heure.categorie_3_2.echelon_18,2025-01-01,3.959,"Avenant n° 18 à la convention collective sectorielle du textile, agréé par arrêté du 8 avril 2024",https://www.pist.tn/jort/2024/2024A/Ja0492024.pdf
salaire_base.agents_payes_a_l_heure.categorie_3_2.echelon_18,2026-01-01,4.236,"Avenant n° 18 à la convention collective sectorielle du textile, agréé par arrêté du 8 avril 2024",https://www.pist.tn/jort/2024/2024A/Ja0492024.pdf
salaire_base.agents_payes_a_l_heure.categorie_3_2.echelon_19,1999-05-01,1.257,"Avenant n° 7 à la convention collective nationale du textile, agréé par arrêté du 9 juin 1999",https://www.pist.tn/jort/1999/1999A/Ja04899.pdf
salaire_base.agents_payes_a_l_heure.categorie_3_2.echelon_19,2000-05-01,1.31,"Avenant n° 7 à la convention collective nationale du textile, agréé par arrêté du 9 juin 1999",https://www.pist.tn/jort/1999/1999A/Ja04899.pdf
salaire_base.agents_payes_a_l_heure.categorie_3_2.echelon_19,2001-05-01,1.363,"Avenant n° 7 à la convention collective nationale du textile, agréé par arrêté du 9 juin 1999",https://www.pist.tn/jort/1999/1999A/Ja04899.pdf
salaire_base.agents_payes_a_l_heure.categorie_3_2.echelon_19,2002-05-01,1.416,"Avenant n° 8 à la convention collective nationale du textile, agréé par arrêté du 25 novembre 2002",https://www.pist.tn/jort/2002/2002A/Ja0972002.pdf
salaire_base.agents_payes_a_l_heure.categorie_3_2.echelon_19,2003-05-01,1.474,"Avenant n° 8 à la convention collective nationale du textile, agréé par arrêté du 25 novembre 2002",https://www.pist.tn/jort/2002/2002A/Ja0972002.pdf
salaire_base.agents_payes_a_l_heure.categorie_3_2.echelon_19,2004-05-01,1.537,"Avenant n° 8 à la convention collective nationale du textile, agréé par arrêté du 25 novembre 2002",https://www.pist.tn/jort/2002/2002A/Ja0972002.pdf
salaire_base.agents_payes_a_l_heure.categorie_3_2.echelon_19,2005-06-15,1.59,"Avenant n° 9 à la convention collective sectorielle du textile, agréé par arrêté du 17 janvier 2006",https://www.pist.tn/jort/2006/2006A/Ja0072006.pdf
salaire_base.agents_payes_a_l_heure.categorie_3_2.echelon_19,2006-05-01,1.65,"Avenant n° 9 à la convention collective sectorielle du textile, agréé par arrêté du 17 janvier 2006",https://www.pist.tn/jort/2006/2006A/Ja0072006.pdf
salaire_base.agents_payes_a_l_heure.categorie_3_2.echelon_19,2007-05-01,1.71,"Avenant n° 9 à la convention collective sectorielle du textile, agréé par arrêté du 17 janvier 2006",https://www.pist.tn/jort/2006/2006A/Ja0072006.pdf
salaire_base.agents_payes_a_l_heure.categorie_3_2.echelon_19,2008-05-01,1.793,"Avenant n° 10 à la convention collective sectorielle du textile, agréé par arrêté du 17 février 2009",https://www.pist.tn/jort/2009/2009A/Ja0162009.pdf
salaire_base.agents_payes_a_l_heure.categorie_3_2.echelon_19,2009-05-01,1.872,"Avenant n° 10 à la convention collective sectorielle du textile, agréé par arrêté du 17 février 2009",https://www.pist.tn/jort/2009/2009A/Ja0162009.pdf
salaire_base.agents_payes_a_l_heure.categorie_3_2.echelon_19,2010-05-01,1.962,"Avenant n° 10 à la convention collective sectorielle du textile, agréé par arrêté du 17 février 2009",https://www.pist.tn/jort/2009/2009A/Ja0162009.pdf
salaire_base.agents_payes_a_l_heure.categorie_3_2.echelon_19,2011-05-01,2.053,"Avenant n° 11 à la convention collective sectorielle du textile, agréé par arrêté du 11 octobre 2011",https://www.pist.tn/jort/2011/2011A/Ja0782011.pdf
salaire_base.agents_payes_a_l_heure.categorie_3_2.echelon_19,2012-05-01,2.168,"Avenant n° 12 à la convention collective sectorielle du textile, agréé par arrêté du 19 février 2013",https://www.pist.tn/jort/2013/2013A/Ja0162013.pdf
salaire_base.agents_payes_a_l_heure.categorie_3_2.echelon_19,2014-05-01,2.289,"Avenant n° 13 à la convention collective sectorielle du textile, agréé par arrêté du 17 octobre 2014",https://www.pist.tn/jort/2014/2014A/Ja0902014.pdf
salaire_base.agents_payes_a_l_heure.categorie_3_2.echelon_19,2015-09-01,2.418,"Avenant n° 14 à la convention collective sectorielle du textile, agréé par arrêté du 8 avril 2016",https://www.pist.tn/jort/2016/2016A/Ja0302016.pdf
salaire_base.agents_payes_a_l_heure.categorie_3_2.echelon_19,2016-08-01,2.555,"Avenant n° 15 à la convention collective sectorielle du textile, agréé par arrêté du 14 août 2017",https://www.pist.tn/jort/2017/2017A/Ja0662017.pdf
salaire_base.agents_payes_a_l_heure.categorie_3_2.echelon_19,2018-01-01,2.699,"Avenant n° 15 à la convention collective sectorielle du textile, agréé par arrêté du 14 août 2017",https://www.pist.tn/jort/2017/2017A/Ja0662017.pdf
salaire_base.agents_payes_a_l_heure.categorie_3_2.echelon_19,2019-01-01,2.878,"Avenant n° 16 à la convention collective sectorielle du textile, agréé par arrêté du 21 janvier 2019",https://www.pist.tn/jort/2019/2019A/Ja0112019.pdf
salaire_base.agents_payes_a_l_heure.categorie_3_2.echelon_19,2020-01-01,3.07,"Avenant n° 16 à la convention collective sectorielle du textile, agréé par arrêté du 21 janvier 2019",https://www.pist.tn/jort/2019/2019A/Ja0112019.pdf
salaire_base.agents_payes_a_l_heure.categorie_3_2.echelon_19,2021-09-01,3.269,"Avenant n° 17 à la convention collective sectorielle du textile, agréé par arrêté du 23 juin 2022",https://www.pist.tn/jort/2022/2022A/Ja0712022.pdf
salaire_base.agents_payes_a_l_heure.categorie_3_2.echelon_19,2022-05-01,3.498,"Avenant n° 17 à la convention collective sectorielle du textile, agréé par arrêté du 23 juin 2022",https://www.pist.tn/jort/2022/2022A/Ja0712022.pdf
salaire_base.agents_payes_a_l_heure.categorie_3_2.echelon_19,2024-01-01,3.726,"Avenant n° 18 à la convention collective sectorielle du textile, agréé par arrêté du 8 avril 2024",https://www.pist.tn/jort/2024/2024A/Ja0492024.pdf
salaire_base.agents_payes_a_l_heure.categorie_3_2.echelon_19,2025-01-01,3.968,"Avenant n° 18 à la convention collective sectorielle du textile, agréé par arrêté du 8 avril 2024",https://www.pist.tn/jort/2024/2024A/Ja0492024.pdf
salaire_base.agents_payes_a_l_heure.categorie_3_2.echelon_19,2026-01-01,4.246,"Avenant n° 18 à la convention collective sectorielle du textile, agréé par arrêté du 8 avril 2024",https://www.pist.tn/jort/2024/2024A/Ja0492024.pdf
salaire_base.agents_payes_a_l_heure.categorie_3_2.echelon_20,1999-05-01,1.264,"Avenant n° 7 à la convention collective nationale du textile, agréé par arrêté du 9 juin 1999",https://www.pist.tn/jort/1999/1999A/Ja04899.pdf
salaire_base.agents_payes_a_l_heure.categorie_3_2.echelon_20,2000-05-01,1.317,"Avenant n° 7 à la convention collective nationale du textile, agréé par arrêté du 9 juin 1999",https://www.pist.tn/jort/1999/1999A/Ja04899.pdf
salaire_base.agents_payes_a_l_heure.categorie_3_2.echelon_20,2001-05-01,1.37,"Avenant n° 7 à la convention collective nationale du textile, agréé par arrêté du 9 juin 1999",https://www.pist.tn/jort/1999/1999A/Ja04899.pdf
salaire_base.agents_payes_a_l_heure.categorie_3_2.echelon_20,2002-05-01,1.423,"Avenant n° 8 à la convention collective nationale du textile, agréé par arrêté du 25 novembre 2002",https://www.pist.tn/jort/2002/2002A/Ja0972002.pdf
salaire_base.agents_payes_a_l_heure.categorie_3_2.echelon_20,2003-05-01,1.481,"Avenant n° 8 à la convention collective nationale du textile, agréé par arrêté du 25 novembre 2002",https://www.pist.tn/jort/2002/2002A/Ja0972002.pdf
salaire_base.agents_payes_a_l_heure.categorie_3_2.echelon_20,2004-05-01,1.544,"Avenant n° 8 à la convention collective nationale du textile, agréé par arrêté du 25 novembre 2002",https://www.pist.tn/jort/2002/2002A/Ja0972002.pdf
salaire_base.agents_payes_a_l_heure.categorie_3_2.echelon_20,2005-06-15,1.597,"Avenant n° 9 à la convention collective sectorielle du textile, agréé par arrêté du 17 janvier 2006",https://www.pist.tn/jort/2006/2006A/Ja0072006.pdf
salaire_base.agents_payes_a_l_heure.categorie_3_2.echelon_20,2006-05-01,1.657,"Avenant n° 9 à la convention collective sectorielle du textile, agréé par arrêté du 17 janvier 2006",https://www.pist.tn/jort/2006/2006A/Ja0072006.pdf
salaire_base.agents_payes_a_l_heure.categorie_3_2.echelon_20,2007-05-01,1.717,"Avenant n° 9 à la convention collective sectorielle du textile, agréé par arrêté du 17 janvier 2006",https://www.pist.tn/jort/2006/2006A/Ja0072006.pdf
salaire_base.agents_payes_a_l_heure.categorie_3_2.echelon_20,2008-05-01,1.8,"Avenant n° 10 à la convention collective sectorielle du textile, agréé par arrêté du 17 février 2009",https://www.pist.tn/jort/2009/2009A/Ja0162009.pdf
salaire_base.agents_payes_a_l_heure.categorie_3_2.echelon_20,2009-05-01,1.879,"Avenant n° 10 à la convention collective sectorielle du textile, agréé par arrêté du 17 février 2009",https://www.pist.tn/jort/2009/2009A/Ja0162009.pdf
salaire_base.agents_payes_a_l_heure.categorie_3_2.echelon_20,2010-05-01,1.969,"Avenant n° 10 à la convention collective sectorielle du textile, agréé par arrêté du 17 février 2009",https://www.pist.tn/jort/2009/2009A/Ja0162009.pdf
salaire_base.agents_payes_a_l_heure.categorie_3_2.echelon_20,2011-05-01,2.06,"Avenant n° 11 à la convention collective sectorielle du textile, agréé par arrêté du 11 octobre 2011",https://www.pist.tn/jort/2011/2011A/Ja0782011.pdf
salaire_base.agents_payes_a_l_heure.categorie_3_2.echelon_20,2012-05-01,2.175,"Avenant n° 12 à la convention collective sectorielle du textile, agréé par arrêté du 19 février 2013",https://www.pist.tn/jort/2013/2013A/Ja0162013.pdf
salaire_base.agents_payes_a_l_heure.categorie_3_2.echelon_20,2014-05-01,2.296,"Avenant n° 13 à la convention collective sectorielle du textile, agréé par arrêté du 17 octobre 2014",https://www.pist.tn/jort/2014/2014A/Ja0902014.pdf
salaire_base.agents_payes_a_l_heure.categorie_3_2.echelon_20,2015-09-01,2.425,"Avenant n° 14 à la convention collective sectorielle du textile, agréé par arrêté du 8 avril 2016",https://www.pist.tn/jort/2016/2016A/Ja0302016.pdf
salaire_base.agents_payes_a_l_heure.categorie_3_2.echelon_20,2016-08-01,2.562,"Avenant n° 15 à la convention collective sectorielle du textile, agréé par arrêté du 14 août 2017",https://www.pist.tn/jort/2017/2017A/Ja0662017.pdf
salaire_base.agents_payes_a_l_heure.categorie_3_2.echelon_20,2018-01-01,2.706,"Avenant n° 15 à la convention collective sectorielle du textile, agréé par arrêté du 14 août 2017",https://www.pist.tn/jort/2017/2017A/Ja0662017.pdf
salaire_base.agents_payes_a_l_heure.categorie_3_2.echelon_20,2019-01-01,2.885,"Avenant n° 16 à la convention collective sectorielle du textile, agréé par arrêté du 21 janvier 2019",https://www.pist.tn/jort/2019/2019A/Ja0112019.pdf
salaire_base.agents_payes_a_l_heure.categorie_3_2.echelon_20,2020-01-01,3.077,"Avenant n° 16 à la convention collective sectorielle du textile, agréé par arrêté du 21 janvier 2019",https://www.pist.tn/jort/2019/2019A/Ja0112019.pdf
salaire_base.agents_payes_a_l_heure.categorie_3_2.echelon_20,2021-09-01,3.277,"Avenant n° 17 à la convention collective sectorielle du textile, agréé par arrêté du 23 juin 2022",https://www.pist.tn/jort/2022/2022A/Ja0712022.pdf
salaire_base.agents_payes_a_l_heure.categorie_3_2.echelon_20,2022-05-01,3.506,"Avenant n° 17 à la convention collective sectorielle du textile, agréé par arrêté du 23 juin 2022",https://www.pist.tn/jort/2022/2022A/Ja0712022.pdf
salaire_base.agents_payes_a_l_heure.categorie_3_2.echelon_20,2024-01-01,3.734,"Avenant n° 18 à la convention collective sectorielle du textile, agréé par arrêté du 8 avril 2024",https://www.pist.tn/jort/2024/2024A/Ja0492024.pdf
salaire_base.agents_payes_a_l_heure.categorie_3_2.echelon_20,2025-01-01,3.977,"Avenant n° 18 à la convention collective sectorielle du textile, agréé par arrêté du 8 avril 2024",https://www.pist.tn/jort/2024/2024A/Ja0492024.pdf
salaire_base.agents_payes_a_l_heure.categorie_3_2.echelon_20,2026-01-01,4.255,"Avenant n° 18 à la convention collective sectorielle du textile, agréé par arrêté du 8 avril 2024",https://www.pist.tn/jort/2024/2024A/Ja0492024.pdf
salaire_base.agents_payes_a_l_heure.categorie_3_3.echelon_0,1994-05-01,0.877,"Avenant n° 5 à la convention collective nationale du textile, agréé par arrêté du 22 septembre 1994",https://www.pist.tn/jort/1994/1994F/Jo07894.pdf
salaire_base.agents_payes_a_l_heure.categorie_3_3.echelon_0,1995-05-01,0.925,"Avenant n° 5 à la convention collective nationale du textile, agréé par arrêté du 22 septembre 1994",https://www.pist.tn/jort/1994/1994F/Jo07894.pdf
salaire_base.agents_payes_a_l_heure.categorie_3_3.echelon_0,1996-05-01,0.983,"Avenant n° 6 à la convention collective nationale du textile, agréé par arrêté du 24 juillet 1996",https://www.pist.tn/jort/1996/1996A/Ja06096.pdf
salaire_base.agents_payes_a_l_heure.categorie_3_3.echelon_0,1997-05-01,1.041,"Avenant n° 6 à la convention collective nationale du textile, agréé par arrêté du 24 juillet 1996",https://www.pist.tn/jort/1996/1996A/Ja06096.pdf
salaire_base.agents_payes_a_l_heure.categorie_3_3.echelon_0,1998-05-01,1.099,"Avenant n° 6 à la convention collective nationale du textile, agréé par arrêté du 24 juillet 1996",https://www.pist.tn/jort/1996/1996A/Ja06096.pdf
salaire_base.agents_payes_a_l_heure.categorie_3_3.echelon_0,1999-05-01,1.157,"Avenant n° 7 à la convention collective nationale du textile, agréé par arrêté du 9 juin 1999",https://www.pist.tn/jort/1999/1999A/Ja04899.pdf
salaire_base.agents_payes_a_l_heure.categorie_3_3.echelon_0,2000-05-01,1.215,"Avenant n° 7 à la convention collective nationale du textile, agréé par arrêté du 9 juin 1999",https://www.pist.tn/jort/1999/1999A/Ja04899.pdf
salaire_base.agents_payes_a_l_heure.categorie_3_3.echelon_0,2001-05-01,1.273,"Avenant n° 7 à la convention collective nationale du textile, agréé par arrêté du 9 juin 1999",https://www.pist.tn/jort/1999/1999A/Ja04899.pdf
salaire_base.agents_payes_a_l_heure.categorie_3_3.echelon_0,2002-05-01,1.331,"Avenant n° 8 à la convention collective nationale du textile, agréé par arrêté du 25 novembre 2002",https://www.pist.tn/jort/2002/2002A/Ja0972002.pdf
salaire_base.agents_payes_a_l_heure.categorie_3_3.echelon_0,2003-05-01,1.391,"Avenant n° 8 à la convention collective nationale du textile, agréé par arrêté du 25 novembre 2002",https://www.pist.tn/jort/2002/2002A/Ja0972002.pdf
salaire_base.agents_payes_a_l_heure.categorie_3_3.echelon_0,2004-05-01,1.456,"Avenant n° 8 à la convention collective nationale du textile, agréé par arrêté du 25 novembre 2002",https://www.pist.tn/jort/2002/2002A/Ja0972002.pdf
salaire_base.agents_payes_a_l_heure.categorie_3_3.echelon_0,2005-06-15,1.514,"Avenant n° 9 à la convention collective sectorielle du textile, agréé par arrêté du 17 janvier 2006",https://www.pist.tn/jort/2006/2006A/Ja0072006.pdf
salaire_base.agents_payes_a_l_heure.categorie_3_3.echelon_0,2006-05-01,1.577,"Avenant n° 9 à la convention collective sectorielle du textile, agréé par arrêté du 17 janvier 2006",https://www.pist.tn/jort/2006/2006A/Ja0072006.pdf
salaire_base.agents_payes_a_l_heure.categorie_3_3.echelon_0,2007-05-01,1.64,"Avenant n° 9 à la convention collective sectorielle du textile, agréé par arrêté du 17 janvier 2006",https://www.pist.tn/jort/2006/2006A/Ja0072006.pdf
salaire_base.agents_payes_a_l_heure.categorie_3_3.echelon_0,2008-05-01,1.722,"Avenant n° 10 à la convention collective sectorielle du textile, agréé par arrêté du 17 février 2009",https://www.pist.tn/jort/2009/2009A/Ja0162009.pdf
salaire_base.agents_payes_a_l_heure.categorie_3_3.echelon_0,2009-05-01,1.804,"Avenant n° 10 à la convention collective sectorielle du textile, agréé par arrêté du 17 février 2009",https://www.pist.tn/jort/2009/2009A/Ja0162009.pdf
salaire_base.agents_payes_a_l_heure.categorie_3_3.echelon_0,2010-05-01,1.894,"Avenant n° 10 à la convention collective sectorielle du textile, agréé par arrêté du 17 février 2009",https://www.pist.tn/jort/2009/2009A/Ja0162009.pdf
salaire_base.agents_payes_a_l_heure.categorie_3_3.echelon_0,2011-05-01,1.989,"Avenant n° 11 à la convention collective sectorielle du textile, agréé par arrêté du 11 octobre 2011",https://www.pist.tn/jort/2011/2011A/Ja0782011.pdf
salaire_base.agents_payes_a_l_heure.categorie_3_3.echelon_0,2012-05-01,2.108,"Avenant n° 12 à la convention collective sectorielle du textile, agréé par arrêté du 19 février 2013",https://www.pist.tn/jort/2013/2013A/Ja0162013.pdf
salaire_base.agents_payes_a_l_heure.categorie_3_3.echelon_0,2014-05-01,2.235,"Avenant n° 13 à la convention collective sectorielle du textile, agréé par arrêté du 17 octobre 2014",https://www.pist.tn/jort/2014/2014A/Ja0902014.pdf
salaire_base.agents_payes_a_l_heure.categorie_3_3.echelon_0,2015-09-01,2.369,"Avenant n° 14 à la convention collective sectorielle du textile, agréé par arrêté du 8 avril 2016",https://www.pist.tn/jort/2016/2016A/Ja0302016.pdf
salaire_base.agents_payes_a_l_heure.categorie_3_3.echelon_0,2016-08-01,2.511,"Avenant n° 15 à la convention collective sectorielle du textile, agréé par arrêté du 14 août 2017",https://www.pist.tn/jort/2017/2017A/Ja0662017.pdf
salaire_base.agents_payes_a_l_heure.categorie_3_3.echelon_0,2018-01-01,2.661,"Avenant n° 15 à la convention collective sectorielle du textile, agréé par arrêté du 14 août 2017",https://www.pist.tn/jort/2017/2017A/Ja0662017.pdf
salaire_base.agents_payes_a_l_heure.categorie_3_3.echelon_0,2019-01-01,2.848,"Avenant n° 16 à la convention collective sectorielle du textile, agréé par arrêté du 21 janvier 2019",https://www.pist.tn/jort/2019/2019A/Ja0112019.pdf
salaire_base.agents_payes_a_l_heure.categorie_3_3.echelon_0,2020-01-01,3.047,"Avenant n° 16 à la convention collective sectorielle du textile, agréé par arrêté du 21 janvier 2019",https://www.pist.tn/jort/2019/2019A/Ja0112019.pdf
salaire_base.agents_payes_a_l_heure.categorie_3_3.echelon_0,2021-09-01,3.245,"Avenant n° 17 à la convention collective sectorielle du textile, agréé par arrêté du 23 juin 2022",https://www.pist.tn/jort/2022/2022A/Ja0712022.pdf
salaire_base.agents_payes_a_l_heure.categorie_3_3.echelon_0,2022-05-01,3.472,"Avenant n° 17 à la convention collective sectorielle du textile, agréé par arrêté du 23 juin 2022",https://www.pist.tn/jort/2022/2022A/Ja0712022.pdf
salaire_base.agents_payes_a_l_heure.categorie_3_3.echelon_0,2024-01-01,3.698,"Avenant n° 18 à la convention collective sectorielle du textile, agréé par arrêté du 8 avril 2024",https://www.pist.tn/jort/2024/2024A/Ja0492024.pdf
salaire_base.agents_payes_a_l_heure.categorie_3_3.echelon_0,2025-01-01,3.938,"Avenant n° 18 à la convention collective sectorielle du textile, agréé par arrêté du 8 avril 2024",https://www.pist.tn/jort/2024/2024A/Ja0492024.pdf
salaire_base.agents_payes_a_l_heure.categorie_3_3.echelon_0,2026-01-01,4.214,"Avenant n° 18 à la convention collective sectorielle du textile, agréé par arrêté du 8 avril 2024",https://www.pist.tn/jort/2024/2024A/Ja0492024.pdf
salaire_base.agents_payes_a_l_heure.categorie_3_3.echelon_1,1994-05-01,0.88,"Avenant n° 5 à la convention collective nationale du textile, agréé par arrêté du 22 septembre 1994",https://www.pist.tn/jort/1994/1994F/Jo07894.pdf
salaire_base.agents_payes_a_l_heure.categorie_3_3.echelon_1,1995-05-01,0.928,"Avenant n° 5 à la convention collective nationale du textile, agréé par arrêté du 22 septembre 1994",https://www.pist.tn/jort/1994/1994F/Jo07894.pdf
salaire_base.agents_payes_a_l_heure.categorie_3_3.echelon_1,1996-05-01,0.986,"Avenant n° 6 à la convention collective nationale du textile, agréé par arrêté du 24 juillet 1996",https://www.pist.tn/jort/1996/1996A/Ja06096.pdf
salaire_base.agents_payes_a_l_heure.categorie_3_3.echelon_1,1997-05-01,1.044,"Avenant n° 6 à la convention collective nationale du textile, agréé par arrêté du 24 juillet 1996",https://www.pist.tn/jort/1996/1996A/Ja06096.pdf
salaire_base.agents_payes_a_l_heure.categorie_3_3.echelon_1,1998-05-01,1.102,"Avenant n° 6 à la convention collective nationale du textile, agréé par arrêté du 24 juillet 1996",https://www.pist.tn/jort/1996/1996A/Ja06096.pdf
salaire_base.agents_payes_a_l_heure.categorie_3_3.echelon_1,1999-05-01,1.16,"Avenant n° 7 à la convention collective nationale du textile, agréé par arrêté du 9 juin 1999",https://www.pist.tn/jort/1999/1999A/Ja04899.pdf
salaire_base.agents_payes_a_l_heure.categorie_3_3.echelon_1,2000-05-01,1.218,"Avenant n° 7 à la convention collective nationale du textile, agréé par arrêté du 9 juin 1999",https://www.pist.tn/jort/1999/1999A/Ja04899.pdf
salaire_base.agents_payes_a_l_heure.categorie_3_3.echelon_1,2001-05-01,1.276,"Avenant n° 7 à la convention collective nationale du textile, agréé par arrêté du 9 juin 1999",https://www.pist.tn/jort/1999/1999A/Ja04899.pdf
salaire_base.agents_payes_a_l_heure.categorie_3_3.echelon_1,2002-05-01,1.334,"Avenant n° 8 à la convention collective nationale du textile, agréé par arrêté du 25 novembre 2002",https://www.pist.tn/jort/2002/2002A/Ja0972002.pdf
salaire_base.agents_payes_a_l_heure.categorie_3_3.echelon_1,2003-05-01,1.394,"Avenant n° 8 à la convention collective nationale du textile, agréé par arrêté du 25 novembre 2002",https://www.pist.tn/jort/2002/2002A/Ja0972002.pdf
salaire_base.agents_payes_a_l_heure.categorie_3_3.echelon_1,2004-05-01,1.459,"Avenant n° 8 à la convention collective nationale du textile, agréé par arrêté du 25 novembre 2002",https://www.pist.tn/jort/2002/2002A/Ja0972002.pdf
salaire_base.agents_payes_a_l_heure.categorie_3_3.echelon_1,2005-06-15,1.517,"Avenant n° 9 à la convention collective sectorielle du textile, agréé par arrêté du 17 janvier 2006",https://www.pist.tn/jort/2006/2006A/Ja0072006.pdf
salaire_base.agents_payes_a_l_heure.categorie_3_3.echelon_1,2006-05-01,1.58,"Avenant n° 9 à la convention collective sectorielle du textile, agréé par arrêté du 17 janvier 2006",https://www.pist.tn/jort/2006/2006A/Ja0072006.pdf
salaire_base.agents_payes_a_l_heure.categorie_3_3.echelon_1,2007-05-01,1.643,"Avenant n° 9 à la convention collective sectorielle du textile, agréé par arrêté du 17 janvier 2006",https://www.pist.tn/jort/2006/2006A/Ja0072006.pdf
salaire_base.agents_payes_a_l_heure.categorie_3_3.echelon_1,2008-05-01,1.727,"Avenant n° 10 à la convention collective sectorielle du textile, agréé par arrêté du 17 février 2009",https://www.pist.tn/jort/2009/2009A/Ja0162009.pdf
salaire_base.agents_payes_a_l_heure.categorie_3_3.echelon_1,2009-05-01,1.809,"Avenant n° 10 à la convention collective sectorielle du textile, agréé par arrêté du 17 février 2009",https://www.pist.tn/jort/2009/2009A/Ja0162009.pdf
salaire_base.agents_payes_a_l_heure.categorie_3_3.echelon_1,2010-05-01,1.9,"Avenant n° 10 à la convention collective sectorielle du textile, agréé par arrêté du 17 février 2009",https://www.pist.tn/jort/2009/2009A/Ja0162009.pdf
salaire_base.agents_payes_a_l_heure.categorie_3_3.echelon_1,2011-05-01,1.995,"Avenant n° 11 à la convention collective sectorielle du textile, agréé par arrêté du 11 octobre 2011",https://www.pist.tn/jort/2011/2011A/Ja0782011.pdf
salaire_base.agents_payes_a_l_heure.categorie_3_3.echelon_1,2012-05-01,2.114,"Avenant n° 12 à la convention collective sectorielle du textile, agréé par arrêté du 19 février 2013",https://www.pist.tn/jort/2013/2013A/Ja0162013.pdf
salaire_base.agents_payes_a_l_heure.categorie_3_3.echelon_1,2014-05-01,2.241,"Avenant n° 13 à la convention collective sectorielle du textile, agréé par arrêté du 17 octobre 2014",https://www.pist.tn/jort/2014/2014A/Ja0902014.pdf
salaire_base.agents_payes_a_l_heure.categorie_3_3.echelon_1,2015-09-01,2.375,"Avenant n° 14 à la convention collective sectorielle du textile, agréé par arrêté du 8 avril 2016",https://www.pist.tn/jort/2016/2016A/Ja0302016.pdf
salaire_base.agents_payes_a_l_heure.categorie_3_3.echelon_1,2016-08-01,2.517,"Avenant n° 15 à la convention collective sectorielle du textile, agréé par arrêté du 14 août 2017",https://www.pist.tn/jort/2017/2017A/Ja0662017.pdf
salaire_base.agents_payes_a_l_heure.categorie_3_3.echelon_1,2018-01-01,2.667,"Avenant n° 15 à la convention collective sectorielle du textile, agréé par arrêté du 14 août 2017",https://www.pist.tn/jort/2017/2017A/Ja0662017.pdf
salaire_base.agents_payes_a_l_heure.categorie_3_3.echelon_1,2019-01-01,2.854,"Avenant n° 16 à la convention collective sectorielle du textile, agréé par arrêté du 21 janvier 2019",https://www.pist.tn/jort/2019/2019A/Ja0112019.pdf
salaire_base.agents_payes_a_l_heure.categorie_3_3.echelon_1,2020-01-01,3.053,"Avenant n° 16 à la convention collective sectorielle du textile, agréé par arrêté du 21 janvier 2019",https://www.pist.tn/jort/2019/2019A/Ja0112019.pdf
salaire_base.agents_payes_a_l_heure.categorie_3_3.echelon_1,2021-09-01,3.251,"Avenant n° 17 à la convention collective sectorielle du textile, agréé par arrêté du 23 juin 2022",https://www.pist.tn/jort/2022/2022A/Ja0712022.pdf
salaire_base.agents_payes_a_l_heure.categorie_3_3.echelon_1,2022-05-01,3.479,"Avenant n° 17 à la convention collective sectorielle du textile, agréé par arrêté du 23 juin 2022",https://www.pist.tn/jort/2022/2022A/Ja0712022.pdf
salaire_base.agents_payes_a_l_heure.categorie_3_3.echelon_1,2024-01-01,3.705,"Avenant n° 18 à la convention collective sectorielle du textile, agréé par arrêté du 8 avril 2024",https://www.pist.tn/jort/2024/2024A/Ja0492024.pdf
salaire_base.agents_payes_a_l_heure.categorie_3_3.echelon_1,2025-01-01,3.946,"Avenant n° 18 à la convention collective sectorielle du textile, agréé par arrêté du 8 avril 2024",https://www.pist.tn/jort/2024/2024A/Ja0492024.pdf
salaire_base.agents_payes_a_l_heure.categorie_3_3.echelon_1,2026-01-01,4.222,"Avenant n° 18 à la convention collective sectorielle du textile, agréé par arrêté du 8 avril 2024",https://www.pist.tn/jort/2024/2024A/Ja0492024.pdf
salaire_base.agents_payes_a_l_heure.categorie_3_3.echelon_2,1994-05-01,0.883,"Avenant n° 5 à la convention collective nationale du textile, agréé par arrêté du 22 septembre 1994",https://www.pist.tn/jort/1994/1994F/Jo07894.pdf
salaire_base.agents_payes_a_l_heure.categorie_3_3.echelon_2,1995-05-01,0.931,"Avenant n° 5 à la convention collective nationale du textile, agréé par arrêté du 22 septembre 1994",https://www.pist.tn/jort/1994/1994F/Jo07894.pdf
salaire_base.agents_payes_a_l_heure.categorie_3_3.echelon_2,1996-05-01,0.989,"Avenant n° 6 à la convention collective nationale du textile, agréé par arrêté du 24 juillet 1996",https://www.pist.tn/jort/1996/1996A/Ja06096.pdf
salaire_base.agents_payes_a_l_heure.categorie_3_3.echelon_2,1997-05-01,1.047,"Avenant n° 6 à la convention collective nationale du textile, agréé par arrêté du 24 juillet 1996",https://www.pist.tn/jort/1996/1996A/Ja06096.pdf
salaire_base.agents_payes_a_l_heure.categorie_3_3.echelon_2,1998-05-01,1.105,"Avenant n° 6 à la convention collective nationale du textile, agréé par arrêté du 24 juillet 1996",https://www.pist.tn/jort/1996/1996A/Ja06096.pdf
salaire_base.agents_payes_a_l_heure.categorie_3_3.echelon_2,1999-05-01,1.163,"Avenant n° 7 à la convention collective nationale du textile, agréé par arrêté du 9 juin 1999",https://www.pist.tn/jort/1999/1999A/Ja04899.pdf
salaire_base.agents_payes_a_l_heure.categorie_3_3.echelon_2,2000-05-01,1.221,"Avenant n° 7 à la convention collective nationale du textile, agréé par arrêté du 9 juin 1999",https://www.pist.tn/jort/1999/1999A/Ja04899.pdf
salaire_base.agents_payes_a_l_heure.categorie_3_3.echelon_2,2001-05-01,1.279,"Avenant n° 7 à la convention collective nationale du textile, agréé par arrêté du 9 juin 1999",https://www.pist.tn/jort/1999/1999A/Ja04899.pdf
salaire_base.agents_payes_a_l_heure.categorie_3_3.echelon_2,2002-05-01,1.337,"Avenant n° 8 à la convention collective nationale du textile, agréé par arrêté du 25 novembre 2002",https://www.pist.tn/jort/2002/2002A/Ja0972002.pdf
salaire_base.agents_payes_a_l_heure.categorie_3_3.echelon_2,2003-05-01,1.397,"Avenant n° 8 à la convention collective nationale du textile, agréé par arrêté du 25 novembre 2002",https://www.pist.tn/jort/2002/2002A/Ja0972002.pdf
salaire_base.agents_payes_a_l_heure.categorie_3_3.echelon_2,2004-05-01,1.462,"Avenant n° 8 à la convention collective nationale du textile, agréé par arrêté du 25 novembre 2002",https://www.pist.tn/jort/2002/2002A/Ja0972002.pdf
salaire_base.agents_payes_a_l_heure.categorie_3_3.echelon_2,2005-06-15,1.52,"Avenant n° 9 à la convention collective sectorielle du textile, agréé par arrêté du 17 janvier 2006",https://www.pist.tn/jort/2006/2006A/Ja0072006.pdf
salaire_base.agents_payes_a_l_heure.categorie_3_3.echelon_2,2006-05-01,1.583,"Avenant n° 9 à la convention collective sectorielle du textile, agréé par arrêté du 17 janvier 2006",https://www.pist.tn/jort/2006/2006A/Ja0072006.pdf
salaire_base.agents_payes_a_l_heure.categorie_3_3.echelon_2,2007-05-01,1.646,"Avenant n° 9 à la convention collective sectorielle du textile, agréé par arrêté du 17 janvier 2006",https://www.pist.tn/jort/2006/2006A/Ja0072006.pdf
salaire_base.agents_payes_a_l_heure.categorie_3_3.echelon_2,2008-05-01,1.729,"Avenant n° 10 à la convention collective sectorielle du textile, agréé par arrêté du 17 février 2009",https://www.pist.tn/jort/2009/2009A/Ja0162009.pdf
salaire_base.agents_payes_a_l_heure.categorie_3_3.echelon_2,2009-05-01,1.811,"Avenant n° 10 à la convention collective sectorielle du textile, agréé par arrêté du 17 février 2009",https://www.pist.tn/jort/2009/2009A/Ja0162009.pdf
salaire_base.agents_payes_a_l_heure.categorie_3_3.echelon_2,2010-05-01,1.902,"Avenant n° 10 à la convention collective sectorielle du textile, agréé par arrêté du 17 février 2009",https://www.pist.tn/jort/2009/2009A/Ja0162009.pdf
salaire_base.agents_payes_a_l_heure.categorie_3_3.echelon_2,2011-05-01,1.997,"Avenant n° 11 à la convention collective sectorielle du textile, agréé par arrêté du 11 octobre 2011",https://www.pist.tn/jort/2011/2011A/Ja0782011.pdf
salaire_base.agents_payes_a_l_heure.categorie_3_3.echelon_2,2012-05-01,2.116,"Avenant n° 12 à la convention collective sectorielle du textile, agréé par arrêté du 19 février 2013",https://www.pist.tn/jort/2013/2013A/Ja0162013.pdf
salaire_base.agents_payes_a_l_heure.categorie_3_3.echelon_2,2014-05-01,2.243,"Avenant n° 13 à la convention collective sectorielle du textile, agréé par arrêté du 17 octobre 2014",https://www.pist.tn/jort/2014/2014A/Ja0902014.pdf
salaire_base.agents_payes_a_l_heure.categorie_3_3.echelon_2,2015-09-01,2.377,"Avenant n° 14 à la convention collective sectorielle du textile, agréé par arrêté du 8 avril 2016",https://www.pist.tn/jort/2016/2016A/Ja0302016.pdf
salaire_base.agents_payes_a_l_heure.categorie_3_3.echelon_2,2016-08-01,2.519,"Avenant n° 15 à la convention collective sectorielle du textile, agréé par arrêté du 14 août 2017",https://www.pist.tn/jort/2017/2017A/Ja0662017.pdf
salaire_base.agents_payes_a_l_heure.categorie_3_3.echelon_2,2018-01-01,2.669,"Avenant n° 15 à la convention collective sectorielle du textile, agréé par arrêté du 14 août 2017",https://www.pist.tn/jort/2017/2017A/Ja0662017.pdf
salaire_base.agents_payes_a_l_heure.categorie_3_3.echelon_2,2019-01-01,2.856,"Avenant n° 16 à la convention collective sectorielle du textile, agréé par arrêté du 21 janvier 2019",https://www.pist.tn/jort/2019/2019A/Ja0112019.pdf
salaire_base.agents_payes_a_l_heure.categorie_3_3.echelon_2,2020-01-01,3.055,"Avenant n° 16 à la convention collective sectorielle du textile, agréé par arrêté du 21 janvier 2019",https://www.pist.tn/jort/2019/2019A/Ja0112019.pdf
salaire_base.agents_payes_a_l_heure.categorie_3_3.echelon_2,2021-09-01,3.254,"Avenant n° 17 à la convention collective sectorielle du textile, agréé par arrêté du 23 juin 2022",https://www.pist.tn/jort/2022/2022A/Ja0712022.pdf
salaire_base.agents_payes_a_l_heure.categorie_3_3.echelon_2,2022-05-01,3.481,"Avenant n° 17 à la convention collective sectorielle du textile, agréé par arrêté du 23 juin 2022",https://www.pist.tn/jort/2022/2022A/Ja0712022.pdf
salaire_base.agents_payes_a_l_heure.categorie_3_3.echelon_2,2024-01-01,3.708,"Avenant n° 18 à la convention collective sectorielle du textile, agréé par arrêté du 8 avril 2024",https://www.pist.tn/jort/2024/2024A/Ja0492024.pdf
salaire_base.agents_payes_a_l_heure.categorie_3_3.echelon_2,2025-01-01,3.949,"Avenant n° 18 à la convention collective sectorielle du textile, agréé par arrêté du 8 avril 2024",https://www.pist.tn/jort/2024/2024A/Ja0492024.pdf
salaire_base.agents_payes_a_l_heure.categorie_3_3.echelon_2,2026-01-01,4.225,"Avenant n° 18 à la convention collective sectorielle du textile, agréé par arrêté du 8 avril 2024",https://www.pist.tn/jort/2024/2024A/Ja0492024.pdf
salaire_base.agents_payes_a_l_heure.categorie_3_3.echelon_3,1994-05-01,0.885,"Avenant n° 5 à la convention collective nationale du textile, agréé par arrêté du 22 septembre 1994",https://www.pist.tn/jort/1994/1994F/Jo07894.pdf
salaire_base.agents_payes_a_l_heure.categorie_3_3.echelon_3,1995-05-01,0.933,"Avenant n° 5 à la convention collective nationale du textile, agréé par arrêté du 22 septembre 1994",https://www.pist.tn/jort/1994/1994F/Jo07894.pdf
salaire_base.agents_payes_a_l_heure.categorie_3_3.echelon_3,1996-05-01,0.991,"Avenant n° 6 à la convention collective nationale du textile, agréé par arrêté du 24 juillet 1996",https://www.pist.tn/jort/1996/1996A/Ja06096.pdf
salaire_base.agents_payes_a_l_heure.categorie_3_3.echelon_3,1997-05-01,1.049,"Avenant n° 6 à la convention collective nationale du textile, agréé par arrêté du 24 juillet 1996",https://www.pist.tn/jort/1996/1996A/Ja06096.pdf
salaire_base.agents_payes_a_l_heure.categorie_3_3.echelon_3,1998-05-01,1.107,"Avenant n° 6 à la convention collective nationale du textile, agréé par arrêté du 24 juillet 1996",https://www.pist.tn/jort/1996/1996A/Ja06096.pdf
salaire_base.agents_payes_a_l_heure.categorie_3_3.echelon_3,1999-05-01,1.165,"Avenant n° 7 à la convention collective nationale du textile, agréé par arrêté du 9 juin 1999",https://www.pist.tn/jort/1999/1999A/Ja04899.pdf
salaire_base.agents_payes_a_l_heure.categorie_3_3.echelon_3,2000-05-01,1.223,"Avenant n° 7 à la convention collective nationale du textile, agréé par arrêté du 9 juin 1999",https://www.pist.tn/jort/1999/1999A/Ja04899.pdf
salaire_base.agents_payes_a_l_heure.categorie_3_3.echelon_3,2001-05-01,1.281,"Avenant n° 7 à la convention collective nationale du textile, agréé par arrêté du 9 juin 1999",https://www.pist.tn/jort/1999/1999A/Ja04899.pdf
salaire_base.agents_payes_a_l_heure.categorie_3_3.echelon_3,2002-05-01,1.339,"Avenant n° 8 à la convention collective nationale du textile, agréé par arrêté du 25 novembre 2002",https://www.pist.tn/jort/2002/2002A/Ja0972002.pdf
salaire_base.agents_payes_a_l_heure.categorie_3_3.echelon_3,2003-05-01,1.399,"Avenant n° 8 à la convention collective nationale du textile, agréé par arrêté du 25 novembre 2002",https://www.pist.tn/jort/2002/2002A/Ja0972002.pdf
salaire_base.agents_payes_a_l_heure.categorie_3_3.echelon_3,2004-05-01,1.464,"Avenant n° 8 à la convention collective nationale du textile, agréé par arrêté du 25 novembre 2002",https://www.pist.tn/jort/2002/2002A/Ja0972002.pdf
salaire_base.agents_payes_a_l_heure.categorie_3_3.echelon_3,2005-06-15,1.522,"Avenant n° 9 à la convention collective sectorielle du textile, agréé par arrêté du 17 janvier 2006",https://www.pist.tn/jort/2006/2006A/Ja0072006.pdf
salaire_base.agents_payes_a_l_heure.categorie_3_3.echelon_3,2006-05-01,1.585,"Avenant n° 9 à la convention collective sectorielle du textile, agréé par arrêté du 17 janvier 2006",https://www.pist.tn/jort/2006/2006A/Ja0072006.pdf
salaire_base.agents_payes_a_l_heure.categorie_3_3.echelon_3,2007-05-01,1.648,"Avenant n° 9 à la convention collective sectorielle du textile, agréé par arrêté du 17 janvier 2006",https://www.pist.tn/jort/2006/2006A/Ja0072006.pdf
salaire_base.agents_payes_a_l_heure.categorie_3_3.echelon_3,2008-05-01,1.735,"Avenant n° 10 à la convention collective sectorielle du textile, agréé par arrêté du 17 février 2009",https://www.pist.tn/jort/2009/2009A/Ja0162009.pdf
salaire_base.agents_payes_a_l_heure.categorie_3_3.echelon_3,2009-05-01,1.817,"Avenant n° 10 à la convention collective sectorielle du textile, agréé par arrêté du 17 février 2009",https://www.pist.tn/jort/2009/2009A/Ja0162009.pdf
salaire_base.agents_payes_a_l_heure.categorie_3_3.echelon_3,2010-05-01,1.912,"Avenant n° 10 à la convention collective sectorielle du textile, agréé par arrêté du 17 février 2009",https://www.pist.tn/jort/2009/2009A/Ja0162009.pdf
salaire_base.agents_payes_a_l_heure.categorie_3_3.echelon_3,2011-05-01,2.007,"Avenant n° 11 à la convention collective sectorielle du textile, agréé par arrêté du 11 octobre 2011",https://www.pist.tn/jort/2011/2011A/Ja0782011.pdf
salaire_base.agents_payes_a_l_heure.categorie_3_3.echelon_3,2012-05-01,2.126,"Avenant n° 12 à la convention collective sectorielle du textile, agréé par arrêté du 19 février 2013",https://www.pist.tn/jort/2013/2013A/Ja0162013.pdf
salaire_base.agents_payes_a_l_heure.categorie_3_3.echelon_3,2014-05-01,2.253,"Avenant n° 13 à la convention collective sectorielle du textile, agréé par arrêté du 17 octobre 2014",https://www.pist.tn/jort/2014/2014A/Ja0902014.pdf
salaire_base.agents_payes_a_l_heure.categorie_3_3.echelon_3,2015-09-01,2.387,"Avenant n° 14 à la convention collective sectorielle du textile, agréé par arrêté du 8 avril 2016",https://www.pist.tn/jort/2016/2016A/Ja0302016.pdf
salaire_base.agents_payes_a_l_heure.categorie_3_3.echelon_3,2016-08-01,2.529,"Avenant n° 15 à la convention collective sectorielle du textile, agréé par arrêté du 14 août 2017",https://www.pist.tn/jort/2017/2017A/Ja0662017.pdf
salaire_base.agents_payes_a_l_heure.categorie_3_3.echelon_3,2018-01-01,2.679,"Avenant n° 15 à la convention collective sectorielle du textile, agréé par arrêté du 14 août 2017",https://www.pist.tn/jort/2017/2017A/Ja0662017.pdf
salaire_base.agents_payes_a_l_heure.categorie_3_3.echelon_3,2019-01-01,2.866,"Avenant n° 16 à la convention collective sectorielle du textile, agréé par arrêté du 21 janvier 2019",https://www.pist.tn/jort/2019/2019A/Ja0112019.pdf
salaire_base.agents_payes_a_l_heure.categorie_3_3.echelon_3,2020-01-01,3.065,"Avenant n° 16 à la convention collective sectorielle du textile, agréé par arrêté du 21 janvier 2019",https://www.pist.tn/jort/2019/2019A/Ja0112019.pdf
salaire_base.agents_payes_a_l_heure.categorie_3_3.echelon_3,2021-09-01,3.264,"Avenant n° 17 à la convention collective sectorielle du textile, agréé par arrêté du 23 juin 2022",https://www.pist.tn/jort/2022/2022A/Ja0712022.pdf
salaire_base.agents_payes_a_l_heure.categorie_3_3.echelon_3,2022-05-01,3.493,"Avenant n° 17 à la convention collective sectorielle du textile, agréé par arrêté du 23 juin 2022",https://www.pist.tn/jort/2022/2022A/Ja0712022.pdf
salaire_base.agents_payes_a_l_heure.categorie_3_3.echelon_3,2024-01-01,3.72,"Avenant n° 18 à la convention collective sectorielle du textile, agréé par arrêté du 8 avril 2024",https://www.pist.tn/jort/2024/2024A/Ja0492024.pdf
salaire_base.agents_payes_a_l_heure.categorie_3_3.echelon_3,2025-01-01,3.961,"Avenant n° 18 à la convention collective sectorielle du textile, agréé par arrêté du 8 avril 2024",https://www.pist.tn/jort/2024/2024A/Ja0492024.pdf
salaire_base.agents_payes_a_l_heure.categorie_3_3.echelon_3,2026-01-01,4.239,"Avenant n° 18 à la convention collective sectorielle du textile, agréé par arrêté du 8 avril 2024",https://www.pist.tn/jort/2024/2024A/Ja0492024.pdf
salaire_base.agents_payes_a_l_heure.categorie_3_3.echelon_4,1994-05-01,0.895,"Avenant n° 5 à la convention collective nationale du textile, agréé par arrêté du 22 septembre 1994",https://www.pist.tn/jort/1994/1994F/Jo07894.pdf
salaire_base.agents_payes_a_l_heure.categorie_3_3.echelon_4,1995-05-01,0.943,"Avenant n° 5 à la convention collective nationale du textile, agréé par arrêté du 22 septembre 1994",https://www.pist.tn/jort/1994/1994F/Jo07894.pdf
salaire_base.agents_payes_a_l_heure.categorie_3_3.echelon_4,1996-05-01,1.001,"Avenant n° 6 à la convention collective nationale du textile, agréé par arrêté du 24 juillet 1996",https://www.pist.tn/jort/1996/1996A/Ja06096.pdf
salaire_base.agents_payes_a_l_heure.categorie_3_3.echelon_4,1997-05-01,1.059,"Avenant n° 6 à la convention collective nationale du textile, agréé par arrêté du 24 juillet 1996",https://www.pist.tn/jort/1996/1996A/Ja06096.pdf
salaire_base.agents_payes_a_l_heure.categorie_3_3.echelon_4,1998-05-01,1.117,"Avenant n° 6 à la convention collective nationale du textile, agréé par arrêté du 24 juillet 1996",https://www.pist.tn/jort/1996/1996A/Ja06096.pdf
salaire_base.agents_payes_a_l_heure.categorie_3_3.echelon_4,1999-05-01,1.175,"Avenant n° 7 à la convention collective nationale du textile, agréé par arrêté du 9 juin 1999",https://www.pist.tn/jort/1999/1999A/Ja04899.pdf
salaire_base.agents_payes_a_l_heure.categorie_3_3.echelon_4,2000-05-01,1.233,"Avenant n° 7 à la convention collective nationale du textile, agréé par arrêté du 9 juin 1999",https://www.pist.tn/jort/1999/1999A/Ja04899.pdf
salaire_base.agents_payes_a_l_heure.categorie_3_3.echelon_4,2001-05-01,1.291,"Avenant n° 7 à la convention collective nationale du textile, agréé par arrêté du 9 juin 1999",https://www.pist.tn/jort/1999/1999A/Ja04899.pdf
salaire_base.agents_payes_a_l_heure.categorie_3_3.echelon_4,2002-05-01,1.349,"Avenant n° 8 à la convention collective nationale du textile, agréé par arrêté du 25 novembre 2002",https://www.pist.tn/jort/2002/2002A/Ja0972002.pdf
salaire_base.agents_payes_a_l_heure.categorie_3_3.echelon_4,2003-05-01,1.409,"Avenant n° 8 à la convention collective nationale du textile, agréé par arrêté du 25 novembre 2002",https://www.pist.tn/jort/2002/2002A/Ja0972002.pdf
salaire_base.agents_payes_a_l_heure.categorie_3_3.echelon_4,2004-05-01,1.474,"Avenant n° 8 à la convention collective nationale du textile, agréé par arrêté du 25 novembre 2002",https://www.pist.tn/jort/2002/2002A/Ja0972002.pdf
salaire_base.agents_payes_a_l_heure.categorie_3_3.echelon_4,2005-06-15,1.532,"Avenant n° 9 à la convention collective sectorielle du textile, agréé par arrêté du 17 janvier 2006",https://www.pist.tn/jort/2006/2006A/Ja0072006.pdf
salaire_base.agents_payes_a_l_heure.categorie_3_3.echelon_4,2006-05-01,1.595,"Avenant n° 9 à la convention collective sectorielle du textile, agréé par arrêté du 17 janvier 2006",https://www.pist.tn/jort/2006/2006A/Ja0072006.pdf
salaire_base.agents_payes_a_l_heure.categorie_3_3.echelon_4,2007-05-01,1.658,"Avenant n° 9 à la convention collective sectorielle du textile, agréé par arrêté du 17 janvier 2006",https://www.pist.tn/jort/2006/2006A/Ja0072006.pdf
salaire_base.agents_payes_a_l_heure.categorie_3_3.echelon_4,2008-05-01,1.745,"Avenant n° 10 à la convention collective sectorielle du textile, agréé par arrêté du 17 février 2009",https://www.pist.tn/jort/2009/2009A/Ja0162009.pdf
salaire_base.agents_payes_a_l_heure.categorie_3_3.echelon_4,2009-05-01,1.827,"Avenant n° 10 à la convention collective sectorielle du textile, agréé par arrêté du 17 février 2009",https://www.pist.tn/jort/2009/2009A/Ja0162009.pdf
salaire_base.agents_payes_a_l_heure.categorie_3_3.echelon_4,2010-05-01,1.921,"Avenant n° 10 à la convention collective sectorielle du textile, agréé par arrêté du 17 février 2009",https://www.pist.tn/jort/2009/2009A/Ja0162009.pdf
salaire_base.agents_payes_a_l_heure.categorie_3_3.echelon_4,2011-05-01,2.016,"Avenant n° 11 à la convention collective sectorielle du textile, agréé par arrêté du 11 octobre 2011",https://www.pist.tn/jort/2011/2011A/Ja0782011.pdf
salaire_base.agents_payes_a_l_heure.categorie_3_3.echelon_4,2012-05-01,2.135,"Avenant n° 12 à la convention collective sectorielle du textile, agréé par arrêté du 19 février 2013",https://www.pist.tn/jort/2013/2013A/Ja0162013.pdf
salaire_base.agents_payes_a_l_heure.categorie_3_3.echelon_4,2014-05-01,2.262,"Avenant n° 13 à la convention collective sectorielle du textile, agréé par arrêté du 17 octobre 2014",https://www.pist.tn/jort/2014/2014A/Ja0902014.pdf
salaire_base.agents_payes_a_l_heure.categorie_3_3.echelon_4,2015-09-01,2.396,"Avenant n° 14 à la convention collective sectorielle du textile, agréé par arrêté du 8 avril 2016",https://www.pist.tn/jort/2016/2016A/Ja0302016.pdf
salaire_base.agents_payes_a_l_heure.categorie_3_3.echelon_4,2016-08-01,2.538,"Avenant n° 15 à la convention collective sectorielle du textile, agréé par arrêté du 14 août 2017",https://www.pist.tn/jort/2017/2017A/Ja0662017.pdf
salaire_base.agents_payes_a_l_heure.categorie_3_3.echelon_4,2018-01-01,2.688,"Avenant n° 15 à la convention collective sectorielle du textile, agréé par arrêté du 14 août 2017",https://www.pist.tn/jort/2017/2017A/Ja0662017.pdf
salaire_base.agents_payes_a_l_heure.categorie_3_3.echelon_4,2019-01-01,2.875,"Avenant n° 16 à la convention collective sectorielle du textile, agréé par arrêté du 21 janvier 2019",https://www.pist.tn/jort/2019/2019A/Ja0112019.pdf
salaire_base.agents_payes_a_l_heure.categorie_3_3.echelon_4,2020-01-01,3.074,"Avenant n° 16 à la convention collective sectorielle du textile, agréé par arrêté du 21 janvier 2019",https://www.pist.tn/jort/2019/2019A/Ja0112019.pdf
salaire_base.agents_payes_a_l_heure.categorie_3_3.echelon_4,2021-09-01,3.274,"Avenant n° 17 à la convention collective sectorielle du textile, agréé par arrêté du 23 juin 2022",https://www.pist.tn/jort/2022/2022A/Ja0712022.pdf
salaire_base.agents_payes_a_l_heure.categorie_3_3.echelon_4,2022-05-01,3.503,"Avenant n° 17 à la convention collective sectorielle du textile, agréé par arrêté du 23 juin 2022",https://www.pist.tn/jort/2022/2022A/Ja0712022.pdf
salaire_base.agents_payes_a_l_heure.categorie_3_3.echelon_4,2024-01-01,3.731,"Avenant n° 18 à la convention collective sectorielle du textile, agréé par arrêté du 8 avril 2024",https://www.pist.tn/jort/2024/2024A/Ja0492024.pdf
salaire_base.agents_payes_a_l_heure.categorie_3_3.echelon_4,2025-01-01,3.973,"Avenant n° 18 à la convention collective sectorielle du textile, agréé par arrêté du 8 avril 2024",https://www.pist.tn/jort/2024/2024A/Ja0492024.pdf
salaire_base.agents_payes_a_l_heure.categorie_3_3.echelon_4,2026-01-01,4.251,"Avenant n° 18 à la convention collective sectorielle du textile, agréé par arrêté du 8 avril 2024",https://www.pist.tn/jort/2024/2024A/Ja0492024.pdf
salaire_base.agents_payes_a_l_heure.categorie_3_3.echelon_5,1994-05-01,0.904,"Avenant n° 5 à la convention collective nationale du textile, agréé par arrêté du 22 septembre 1994",https://www.pist.tn/jort/1994/1994F/Jo07894.pdf
salaire_base.agents_payes_a_l_heure.categorie_3_3.echelon_5,1995-05-01,0.952,"Avenant n° 5 à la convention collective nationale du textile, agréé par arrêté du 22 septembre 1994",https://www.pist.tn/jort/1994/1994F/Jo07894.pdf
salaire_base.agents_payes_a_l_heure.categorie_3_3.echelon_5,1996-05-01,1.01,"Avenant n° 6 à la convention collective nationale du textile, agréé par arrêté du 24 juillet 1996",https://www.pist.tn/jort/1996/1996A/Ja06096.pdf
salaire_base.agents_payes_a_l_heure.categorie_3_3.echelon_5,1997-05-01,1.068,"Avenant n° 6 à la convention collective nationale du textile, agréé par arrêté du 24 juillet 1996",https://www.pist.tn/jort/1996/1996A/Ja06096.pdf
salaire_base.agents_payes_a_l_heure.categorie_3_3.echelon_5,1998-05-01,1.126,"Avenant n° 6 à la convention collective nationale du textile, agréé par arrêté du 24 juillet 1996",https://www.pist.tn/jort/1996/1996A/Ja06096.pdf
salaire_base.agents_payes_a_l_heure.categorie_3_3.echelon_5,1999-05-01,1.184,"Avenant n° 7 à la convention collective nationale du textile, agréé par arrêté du 9 juin 1999",https://www.pist.tn/jort/1999/1999A/Ja04899.pdf
salaire_base.agents_payes_a_l_heure.categorie_3_3.echelon_5,2000-05-01,1.242,"Avenant n° 7 à la convention collective nationale du textile, agréé par arrêté du 9 juin 1999",https://www.pist.tn/jort/1999/1999A/Ja04899.pdf
salaire_base.agents_payes_a_l_heure.categorie_3_3.echelon_5,2001-05-01,1.3,"Avenant n° 7 à la convention collective nationale du textile, agréé par arrêté du 9 juin 1999",https://www.pist.tn/jort/1999/1999A/Ja04899.pdf
salaire_base.agents_payes_a_l_heure.categorie_3_3.echelon_5,2002-05-01,1.358,"Avenant n° 8 à la convention collective nationale du textile, agréé par arrêté du 25 novembre 2002",https://www.pist.tn/jort/2002/2002A/Ja0972002.pdf
salaire_base.agents_payes_a_l_heure.categorie_3_3.echelon_5,2003-05-01,1.418,"Avenant n° 8 à la convention collective nationale du textile, agréé par arrêté du 25 novembre 2002",https://www.pist.tn/jort/2002/2002A/Ja0972002.pdf
salaire_base.agents_payes_a_l_heure.categorie_3_3.echelon_5,2004-05-01,1.483,"Avenant n° 8 à la convention collective nationale du textile, agréé par arrêté du 25 novembre 2002",https://www.pist.tn/jort/2002/2002A/Ja0972002.pdf
salaire_base.agents_payes_a_l_heure.categorie_3_3.echelon_5,2005-06-15,1.541,"Avenant n° 9 à la convention collective sectorielle du textile, agréé par arrêté du 17 janvier 2006",https://www.pist.tn/jort/2006/2006A/Ja0072006.pdf
salaire_base.agents_payes_a_l_heure.categorie_3_3.echelon_5,2006-05-01,1.604,"Avenant n° 9 à la convention collective sectorielle du textile, agréé par arrêté du 17 janvier 2006",https://www.pist.tn/jort/2006/2006A/Ja0072006.pdf
salaire_base.agents_payes_a_l_heure.categorie_3_3.echelon_5,2007-05-01,1.667,"Avenant n° 9 à la convention collective sectorielle du textile, agréé par arrêté du 17 janvier 2006",https://www.pist.tn/jort/2006/2006A/Ja0072006.pdf
salaire_base.agents_payes_a_l_heure.categorie_3_3.echelon_5,2008-05-01,1.754,"Avenant n° 10 à la convention collective sectorielle du textile, agréé par arrêté du 17 février 2009",https://www.pist.tn/jort/2009/2009A/Ja0162009.pdf
salaire_base.agents_payes_a_l_heure.categorie_3_3.echelon_5,2009-05-01,1.836,"Avenant n° 10 à la convention collective sectorielle du textile, agréé par arrêté du 17 février 2009",https://www.pist.tn/jort/2009/2009A/Ja0162009.pdf
salaire_base.agents_payes_a_l_heure.categorie_3_3.echelon_5,2010-05-01,1.93,"Avenant n° 10 à la convention collective sectorielle du textile, agréé par arrêté du 17 février 2009",https://www.pist.tn/jort/2009/2009A/Ja0162009.pdf
salaire_base.agents_payes_a_l_heure.categorie_3_3.echelon_5,2011-05-01,2.025,"Avenant n° 11 à la convention collective sectorielle du textile, agréé par arrêté du 11 octobre 2011",https://www.pist.tn/jort/2011/2011A/Ja0782011.pdf
salaire_base.agents_payes_a_l_heure.categorie_3_3.echelon_5,2012-05-01,2.144,"Avenant n° 12 à la convention collective sectorielle du textile, agréé par arrêté du 19 février 2013",https://www.pist.tn/jort/2013/2013A/Ja0162013.pdf
salaire_base.agents_payes_a_l_heure.categorie_3_3.echelon_5,2014-05-01,2.271,"Avenant n° 13 à la convention collective sectorielle du textile, agréé par arrêté du 17 octobre 2014",https://www.pist.tn/jort/2014/2014A/Ja0902014.pdf
salaire_base.agents_payes_a_l_heure.categorie_3_3.echelon_5,2015-09-01,2.405,"Avenant n° 14 à la convention collective sectorielle du textile, agréé par arrêté du 8 avril 2016",https://www.pist.tn/jort/2016/2016A/Ja0302016.pdf
salaire_base.agents_payes_a_l_heure.categorie_3_3.echelon_5,2016-08-01,2.547,"Avenant n° 15 à la convention collective sectorielle du textile, agréé par arrêté du 14 août 2017",https://www.pist.tn/jort/2017/2017A/Ja0662017.pdf
salaire_base.agents_payes_a_l_heure.categorie_3_3.echelon_5,2018-01-01,2.697,"Avenant n° 15 à la convention collective sectorielle du textile, agréé par arrêté du 14 août 2017",https://www.pist.tn/jort/2017/2017A/Ja0662017.pdf
salaire_base.agents_payes_a_l_heure.categorie_3_3.echelon_5,2019-01-01,2.884,"Avenant n° 16 à la convention collective sectorielle du textile, agréé par arrêté du 21 janvier 2019",https://www.pist.tn/jort/2019/2019A/Ja0112019.pdf
salaire_base.agents_payes_a_l_heure.categorie_3_3.echelon_5,2020-01-01,3.083,"Avenant n° 16 à la convention collective sectorielle du textile, agréé par arrêté du 21 janvier 2019",https://www.pist.tn/jort/2019/2019A/Ja0112019.pdf
salaire_base.agents_payes_a_l_heure.categorie_3_3.echelon_5,2021-09-01,3.283,"Avenant n° 17 à la convention collective sectorielle du textile, agréé par arrêté du 23 juin 2022",https://www.pist.tn/jort/2022/2022A/Ja0712022.pdf
salaire_base.agents_payes_a_l_heure.categorie_3_3.echelon_5,2022-05-01,3.513,"Avenant n° 17 à la convention collective sectorielle du textile, agréé par arrêté du 23 juin 2022",https://www.pist.tn/jort/2022/2022A/Ja0712022.pdf
salaire_base.agents_payes_a_l_heure.categorie_3_3.echelon_5,2024-01-01,3.742,"Avenant n° 18 à la convention collective sectorielle du textile, agréé par arrêté du 8 avril 2024",https://www.pist.tn/jort/2024/2024A/Ja0492024.pdf
salaire_base.agents_payes_a_l_heure.categorie_3_3.echelon_5,2025-01-01,3.985,"Avenant n° 18 à la convention collective sectorielle du textile, agréé par arrêté du 8 avril 2024",https://www.pist.tn/jort/2024/2024A/Ja0492024.pdf
salaire_base.agents_payes_a_l_heure.categorie_3_3.echelon_5,2026-01-01,4.264,"Avenant n° 18 à la convention collective sectorielle du textile, agréé par arrêté du 8 avril 2024",https://www.pist.tn/jort/2024/2024A/Ja0492024.pdf
salaire_base.agents_payes_a_l_heure.categorie_3_3.echelon_6,1994-05-01,0.913,"Avenant n° 5 à la convention collective nationale du textile, agréé par arrêté du 22 septembre 1994",https://www.pist.tn/jort/1994/1994F/Jo07894.pdf
salaire_base.agents_payes_a_l_heure.categorie_3_3.echelon_6,1995-05-01,0.961,"Avenant n° 5 à la convention collective nationale du textile, agréé par arrêté du 22 septembre 1994",https://www.pist.tn/jort/1994/1994F/Jo07894.pdf
salaire_base.agents_payes_a_l_heure.categorie_3_3.echelon_6,1996-05-01,1.019,"Avenant n° 6 à la convention collective nationale du textile, agréé par arrêté du 24 juillet 1996",https://www.pist.tn/jort/1996/1996A/Ja06096.pdf
salaire_base.agents_payes_a_l_heure.categorie_3_3.echelon_6,1997-05-01,1.077,"Avenant n° 6 à la convention collective nationale du textile, agréé par arrêté du 24 juillet 1996",https://www.pist.tn/jort/1996/1996A/Ja06096.pdf
salaire_base.agents_payes_a_l_heure.categorie_3_3.echelon_6,1998-05-01,1.135,"Avenant n° 6 à la convention collective nationale du textile, agréé par arrêté du 24 juillet 1996",https://www.pist.tn/jort/1996/1996A/Ja06096.pdf
salaire_base.agents_payes_a_l_heure.categorie_3_3.echelon_6,1999-05-01,1.193,"Avenant n° 7 à la convention collective nationale du textile, agréé par arrêté du 9 juin 1999",https://www.pist.tn/jort/1999/1999A/Ja04899.pdf
salaire_base.agents_payes_a_l_heure.categorie_3_3.echelon_6,2000-05-01,1.251,"Avenant n° 7 à la convention collective nationale du textile, agréé par arrêté du 9 juin 1999",https://www.pist.tn/jort/1999/1999A/Ja04899.pdf
salaire_base.agents_payes_a_l_heure.categorie_3_3.echelon_6,2001-05-01,1.309,"Avenant n° 7 à la convention collective nationale du textile, agréé par arrêté du 9 juin 1999",https://www.pist.tn/jort/1999/1999A/Ja04899.pdf
salaire_base.agents_payes_a_l_heure.categorie_3_3.echelon_6,2002-05-01,1.367,"Avenant n° 8 à la convention collective nationale du textile, agréé par arrêté du 25 novembre 2002",https://www.pist.tn/jort/2002/2002A/Ja0972002.pdf
salaire_base.agents_payes_a_l_heure.categorie_3_3.echelon_6,2003-05-01,1.427,"Avenant n° 8 à la convention collective nationale du textile, agréé par arrêté du 25 novembre 2002",https://www.pist.tn/jort/2002/2002A/Ja0972002.pdf
salaire_base.agents_payes_a_l_heure.categorie_3_3.echelon_6,2004-05-01,1.492,"Avenant n° 8 à la convention collective nationale du textile, agréé par arrêté du 25 novembre 2002",https://www.pist.tn/jort/2002/2002A/Ja0972002.pdf
salaire_base.agents_payes_a_l_heure.categorie_3_3.echelon_6,2005-06-15,1.55,"Avenant n° 9 à la convention collective sectorielle du textile, agréé par arrêté du 17 janvier 2006",https://www.pist.tn/jort/2006/2006A/Ja0072006.pdf
salaire_base.agents_payes_a_l_heure.categorie_3_3.echelon_6,2006-05-01,1.613,"Avenant n° 9 à la convention collective sectorielle du textile, agréé par arrêté du 17 janvier 2006",https://www.pist.tn/jort/2006/2006A/Ja0072006.pdf
salaire_base.agents_payes_a_l_heure.categorie_3_3.echelon_6,2007-05-01,1.676,"Avenant n° 9 à la convention collective sectorielle du textile, agréé par arrêté du 17 janvier 2006",https://www.pist.tn/jort/2006/2006A/Ja0072006.pdf
salaire_base.agents_payes_a_l_heure.categorie_3_3.echelon_6,2008-05-01,1.762,"Avenant n° 10 à la convention collective sectorielle du textile, agréé par arrêté du 17 février 2009",https://www.pist.tn/jort/2009/2009A/Ja0162009.pdf
salaire_base.agents_payes_a_l_heure.categorie_3_3.echelon_6,2009-05-01,1.844,"Avenant n° 10 à la convention collective sectorielle du textile, agréé par arrêté du 17 février 2009",https://www.pist.tn/jort/2009/2009A/Ja0162009.pdf
salaire_base.agents_payes_a_l_heure.categorie_3_3.echelon_6,2010-05-01,1.938,"Avenant n° 10 à la convention collective sectorielle du textile, agréé par arrêté du 17 février 2009",https://www.pist.tn/jort/2009/2009A/Ja0162009.pdf
salaire_base.agents_payes_a_l_heure.categorie_3_3.echelon_6,2011-05-01,2.033,"Avenant n° 11 à la convention collective sectorielle du textile, agréé par arrêté du 11 octobre 2011",https://www.pist.tn/jort/2011/2011A/Ja0782011.pdf
salaire_base.agents_payes_a_l_heure.categorie_3_3.echelon_6,2012-05-01,2.152,"Avenant n° 12 à la convention collective sectorielle du textile, agréé par arrêté du 19 février 2013",https://www.pist.tn/jort/2013/2013A/Ja0162013.pdf
salaire_base.agents_payes_a_l_heure.categorie_3_3.echelon_6,2014-05-01,2.279,"Avenant n° 13 à la convention collective sectorielle du textile, agréé par arrêté du 17 octobre 2014",https://www.pist.tn/jort/2014/2014A/Ja0902014.pdf
salaire_base.agents_payes_a_l_heure.categorie_3_3.echelon_6,2015-09-01,2.413,"Avenant n° 14 à la convention collective sectorielle du textile, agréé par arrêté du 8 avril 2016",https://www.pist.tn/jort/2016/2016A/Ja0302016.pdf
salaire_base.agents_payes_a_l_heure.categorie_3_3.echelon_6,2016-08-01,2.555,"Avenant n° 15 à la convention collective sectorielle du textile, agréé par arrêté du 14 août 2017",https://www.pist.tn/jort/2017/2017A/Ja0662017.pdf
salaire_base.agents_payes_a_l_heure.categorie_3_3.echelon_6,2018-01-01,2.705,"Avenant n° 15 à la convention collective sectorielle du textile, agréé par arrêté du 14 août 2017",https://www.pist.tn/jort/2017/2017A/Ja0662017.pdf
salaire_base.agents_payes_a_l_heure.categorie_3_3.echelon_6,2019-01-01,2.892,"Avenant n° 16 à la convention collective sectorielle du textile, agréé par arrêté du 21 janvier 2019",https://www.pist.tn/jort/2019/2019A/Ja0112019.pdf
salaire_base.agents_payes_a_l_heure.categorie_3_3.echelon_6,2020-01-01,3.091,"Avenant n° 16 à la convention collective sectorielle du textile, agréé par arrêté du 21 janvier 2019",https://www.pist.tn/jort/2019/2019A/Ja0112019.pdf
salaire_base.agents_payes_a_l_heure.categorie_3_3.echelon_6,2021-09-01,3.292,"Avenant n° 17 à la convention collective sectorielle du textile, agréé par arrêté du 23 juin 2022",https://www.pist.tn/jort/2022/2022A/Ja0712022.pdf
salaire_base.agents_payes_a_l_heure.categorie_3_3.echelon_6,2022-05-01,3.522,"Avenant n° 17 à la convention collective sectorielle du textile, agréé par arrêté du 23 juin 2022",https://www.pist.tn/jort/2022/2022A/Ja0712022.pdf
salaire_base.agents_payes_a_l_heure.categorie_3_3.echelon_6,2024-01-01,3.751,"Avenant n° 18 à la convention collective sectorielle du textile, agréé par arrêté du 8 avril 2024",https://www.pist.tn/jort/2024/2024A/Ja0492024.pdf
salaire_base.agents_payes_a_l_heure.categorie_3_3.echelon_6,2025-01-01,3.995,"Avenant n° 18 à la convention collective sectorielle du textile, agréé par arrêté du 8 avril 2024",https://www.pist.tn/jort/2024/2024A/Ja0492024.pdf
salaire_base.agents_payes_a_l_heure.categorie_3_3.echelon_6,2026-01-01,4.275,"Avenant n° 18 à la convention collective sectorielle du textile, agréé par arrêté du 8 avril 2024",https://www.pist.tn/jort/2024/2024A/Ja0492024.pdf
salaire_base.agents_payes_a_l_heure.categorie_3_3.echelon_7,1994-05-01,0.921,"Avenant n° 5 à la convention collective nationale du textile, agréé par arrêté du 22 septembre 1994",https://www.pist.tn/jort/1994/1994F/Jo07894.pdf
salaire_base.agents_payes_a_l_heure.categorie_3_3.echelon_7,1995-05-01,0.969,"Avenant n° 5 à la convention collective nationale du textile, agréé par arrêté du 22 septembre 1994",https://www.pist.tn/jort/1994/1994F/Jo07894.pdf
salaire_base.agents_payes_a_l_heure.categorie_3_3.echelon_7,1996-05-01,1.027,"Avenant n° 6 à la convention collective nationale du textile, agréé par arrêté du 24 juillet 1996",https://www.pist.tn/jort/1996/1996A/Ja06096.pdf
salaire_base.agents_payes_a_l_heure.categorie_3_3.echelon_7,1997-05-01,1.085,"Avenant n° 6 à la convention collective nationale du textile, agréé par arrêté du 24 juillet 1996",https://www.pist.tn/jort/1996/1996A/Ja06096.pdf
salaire_base.agents_payes_a_l_heure.categorie_3_3.echelon_7,1998-05-01,1.143,"Avenant n° 6 à la convention collective nationale du textile, agréé par arrêté du 24 juillet 1996",https://www.pist.tn/jort/1996/1996A/Ja06096.pdf
salaire_base.agents_payes_a_l_heure.categorie_3_3.echelon_7,1999-05-01,1.201,"Avenant n° 7 à la convention collective nationale du textile, agréé par arrêté du 9 juin 1999",https://www.pist.tn/jort/1999/1999A/Ja04899.pdf
salaire_base.agents_payes_a_l_heure.categorie_3_3.echelon_7,2000-05-01,1.259,"Avenant n° 7 à la convention collective nationale du textile, agréé par arrêté du 9 juin 1999",https://www.pist.tn/jort/1999/1999A/Ja04899.pdf
salaire_base.agents_payes_a_l_heure.categorie_3_3.echelon_7,2001-05-01,1.317,"Avenant n° 7 à la convention collective nationale du textile, agréé par arrêté du 9 juin 1999",https://www.pist.tn/jort/1999/1999A/Ja04899.pdf
salaire_base.agents_payes_a_l_heure.categorie_3_3.echelon_7,2002-05-01,1.375,"Avenant n° 8 à la convention collective nationale du textile, agréé par arrêté du 25 novembre 2002",https://www.pist.tn/jort/2002/2002A/Ja0972002.pdf
salaire_base.agents_payes_a_l_heure.categorie_3_3.echelon_7,2003-05-01,1.435,"Avenant n° 8 à la convention collective nationale du textile, agréé par arrêté du 25 novembre 2002",https://www.pist.tn/jort/2002/2002A/Ja0972002.pdf
salaire_base.agents_payes_a_l_heure.categorie_3_3.echelon_7,2004-05-01,1.5,"Avenant n° 8 à la convention collective nationale du textile, agréé par arrêté du 25 novembre 2002",https://www.pist.tn/jort/2002/2002A/Ja0972002.pdf
salaire_base.agents_payes_a_l_heure.categorie_3_3.echelon_7,2005-06-15,1.558,"Avenant n° 9 à la convention collective sectorielle du textile, agréé par arrêté du 17 janvier 2006",https://www.pist.tn/jort/2006/2006A/Ja0072006.pdf
salaire_base.agents_payes_a_l_heure.categorie_3_3.echelon_7,2006-05-01,1.621,"Avenant n° 9 à la convention collective sectorielle du textile, agréé par arrêté du 17 janvier 2006",https://www.pist.tn/jort/2006/2006A/Ja0072006.pdf
salaire_base.agents_payes_a_l_heure.categorie_3_3.echelon_7,2007-05-01,1.684,"Avenant n° 9 à la convention collective sectorielle du textile, agréé par arrêté du 17 janvier 2006",https://www.pist.tn/jort/2006/2006A/Ja0072006.pdf
salaire_base.agents_payes_a_l_heure.categorie_3_3.echelon_7,2008-05-01,1.771,"Avenant n° 10 à la convention collective sectorielle du textile, agréé par arrêté du 17 février 2009",https://www.pist.tn/jort/2009/2009A/Ja0162009.pdf
salaire_base.agents_payes_a_l_heure.categorie_3_3.echelon_7,2009-05-01,1.853,"Avenant n° 10 à la convention collective sectorielle du textile, agréé par arrêté du 17 février 2009",https://www.pist.tn/jort/2009/2009A/Ja0162009.pdf
salaire_base.agents_payes_a_l_heure.categorie_3_3.echelon_7,2010-05-01,1.947,"Avenant n° 10 à la convention collective sectorielle du textile, agréé par arrêté du 17 février 2009",https://www.pist.tn/jort/2009/2009A/Ja0162009.pdf
salaire_base.agents_payes_a_l_heure.categorie_3_3.echelon_7,2011-05-01,2.042,"Avenant n° 11 à la convention collective sectorielle du textile, agréé par arrêté du 11 octobre 2011",https://www.pist.tn/jort/2011/2011A/Ja0782011.pdf
salaire_base.agents_payes_a_l_heure.categorie_3_3.echelon_7,2012-05-01,2.161,"Avenant n° 12 à la convention collective sectorielle du textile, agréé par arrêté du 19 février 2013",https://www.pist.tn/jort/2013/2013A/Ja0162013.pdf
salaire_base.agents_payes_a_l_heure.categorie_3_3.echelon_7,2014-05-01,2.288,"Avenant n° 13 à la convention collective sectorielle du textile, agréé par arrêté du 17 octobre 2014",https://www.pist.tn/jort/2014/2014A/Ja0902014.pdf
salaire_base.agents_payes_a_l_heure.categorie_3_3.echelon_7,2015-09-01,2.422,"Avenant n° 14 à la convention collective sectorielle du textile, agréé par arrêté du 8 avril 2016",https://www.pist.tn/jort/2016/2016A/Ja0302016.pdf
salaire_base.agents_payes_a_l_heure.categorie_3_3.echelon_7,2016-08-01,2.564,"Avenant n° 15 à la convention collective sectorielle du textile, agréé par arrêté du 14 août 2017",https://www.pist.tn/jort/2017/2017A/Ja0662017.pdf
salaire_base.agents_payes_a_l_heure.categorie_3_3.echelon_7,2018-01-01,2.714,"Avenant n° 15 à la convention collective sectorielle du textile, agréé par arrêté du 14 août 2017",https://www.pist.tn/jort/2017/2017A/Ja0662017.pdf
salaire_base.agents_payes_a_l_heure.categorie_3_3.echelon_7,2019-01-01,2.901,"Avenant n° 16 à la convention collective sectorielle du textile, agréé par arrêté du 21 janvier 2019",https://www.pist.tn/jort/2019/2019A/Ja0112019.pdf
salaire_base.agents_payes_a_l_heure.categorie_3_3.echelon_7,2020-01-01,3.1,"Avenant n° 16 à la convention collective sectorielle du textile, agréé par arrêté du 21 janvier 2019",https://www.pist.tn/jort/2019/2019A/Ja0112019.pdf
salaire_base.agents_payes_a_l_heure.categorie_3_3.echelon_7,2021-09-01,3.301,"Avenant n° 17 à la convention collective sectorielle du textile, agréé par arrêté du 23 juin 2022",https://www.pist.tn/jort/2022/2022A/Ja0712022.pdf
salaire_base.agents_payes_a_l_heure.categorie_3_3.echelon_7,2022-05-01,3.533,"Avenant n° 17 à la convention collective sectorielle du textile, agréé par arrêté du 23 juin 2022",https://www.pist.tn/jort/2022/2022A/Ja0712022.pdf
salaire_base.agents_payes_a_l_heure.categorie_3_3.echelon_7,2024-01-01,3.762,"Avenant n° 18 à la convention collective sectorielle du textile, agréé par arrêté du 8 avril 2024",https://www.pist.tn/jort/2024/2024A/Ja0492024.pdf
salaire_base.agents_payes_a_l_heure.categorie_3_3.echelon_7,2025-01-01,4.007,"Avenant n° 18 à la convention collective sectorielle du textile, agréé par arrêté du 8 avril 2024",https://www.pist.tn/jort/2024/2024A/Ja0492024.pdf
salaire_base.agents_payes_a_l_heure.categorie_3_3.echelon_7,2026-01-01,4.287,"Avenant n° 18 à la convention collective sectorielle du textile, agréé par arrêté du 8 avril 2024",https://www.pist.tn/jort/2024/2024A/Ja0492024.pdf
salaire_base.agents_payes_a_l_heure.categorie_3_3.echelon_8,1994-05-01,0.93,"Avenant n° 5 à la convention collective nationale du textile, agréé par arrêté du 22 septembre 1994",https://www.pist.tn/jort/1994/1994F/Jo07894.pdf
salaire_base.agents_payes_a_l_heure.categorie_3_3.echelon_8,1995-05-01,0.978,"Avenant n° 5 à la convention collective nationale du textile, agréé par arrêté du 22 septembre 1994",https://www.pist.tn/jort/1994/1994F/Jo07894.pdf
salaire_base.agents_payes_a_l_heure.categorie_3_3.echelon_8,1996-05-01,1.036,"Avenant n° 6 à la convention collective nationale du textile, agréé par arrêté du 24 juillet 1996",https://www.pist.tn/jort/1996/1996A/Ja06096.pdf
salaire_base.agents_payes_a_l_heure.categorie_3_3.echelon_8,1997-05-01,1.094,"Avenant n° 6 à la convention collective nationale du textile, agréé par arrêté du 24 juillet 1996",https://www.pist.tn/jort/1996/1996A/Ja06096.pdf
salaire_base.agents_payes_a_l_heure.categorie_3_3.echelon_8,1998-05-01,1.152,"Avenant n° 6 à la convention collective nationale du textile, agréé par arrêté du 24 juillet 1996",https://www.pist.tn/jort/1996/1996A/Ja06096.pdf
salaire_base.agents_payes_a_l_heure.categorie_3_3.echelon_8,1999-05-01,1.21,"Avenant n° 7 à la convention collective nationale du textile, agréé par arrêté du 9 juin 1999",https://www.pist.tn/jort/1999/1999A/Ja04899.pdf
salaire_base.agents_payes_a_l_heure.categorie_3_3.echelon_8,2000-05-01,1.268,"Avenant n° 7 à la convention collective nationale du textile, agréé par arrêté du 9 juin 1999",https://www.pist.tn/jort/1999/1999A/Ja04899.pdf
salaire_base.agents_payes_a_l_heure.categorie_3_3.echelon_8,2001-05-01,1.326,"Avenant n° 7 à la convention collective nationale du textile, agréé par arrêté du 9 juin 1999",https://www.pist.tn/jort/1999/1999A/Ja04899.pdf
salaire_base.agents_payes_a_l_heure.categorie_3_3.echelon_8,2002-05-01,1.384,"Avenant n° 8 à la convention collective nationale du textile, agréé par arrêté du 25 novembre 2002",https://www.pist.tn/jort/2002/2002A/Ja0972002.pdf
salaire_base.agents_payes_a_l_heure.categorie_3_3.echelon_8,2003-05-01,1.444,"Avenant n° 8 à la convention collective nationale du textile, agréé par arrêté du 25 novembre 2002",https://www.pist.tn/jort/2002/2002A/Ja0972002.pdf
salaire_base.agents_payes_a_l_heure.categorie_3_3.echelon_8,2004-05-01,1.509,"Avenant n° 8 à la convention collective nationale du textile, agréé par arrêté du 25 novembre 2002",https://www.pist.tn/jort/2002/2002A/Ja0972002.pdf
salaire_base.agents_payes_a_l_heure.categorie_3_3.echelon_8,2005-06-15,1.567,"Avenant n° 9 à la convention collective sectorielle du textile, agréé par arrêté du 17 janvier 2006",https://www.pist.tn/jort/2006/2006A/Ja0072006.pdf
salaire_base.agents_payes_a_l_heure.categorie_3_3.echelon_8,2006-05-01,1.63,"Avenant n° 9 à la convention collective sectorielle du textile, agréé par arrêté du 17 janvier 2006",https://www.pist.tn/jort/2006/2006A/Ja0072006.pdf
salaire_base.agents_payes_a_l_heure.categorie_3_3.echelon_8,2007-05-01,1.693,"Avenant n° 9 à la convention collective sectorielle du textile, agréé par arrêté du 17 janvier 2006",https://www.pist.tn/jort/2006/2006A/Ja0072006.pdf
salaire_base.agents_payes_a_l_heure.categorie_3_3.echelon_8,2008-05-01,1.78,"Avenant n° 10 à la convention collective sectorielle du textile, agréé par arrêté du 17 février 2009",https://www.pist.tn/jort/2009/2009A/Ja0162009.pdf
salaire_base.agents_payes_a_l_heure.categorie_3_3.echelon_8,2009-05-01,1.862,"Avenant n° 10 à la convention collective sectorielle du textile, agréé par arrêté du 17 février 2009",https://www.pist.tn/jort/2009/2009A/Ja0162009.pdf
salaire_base.agents_payes_a_l_heure.categorie_3_3.echelon_8,2010-05-01,1.956,"Avenant n° 10 à la convention collective sectorielle du textile, agréé par arrêté du 17 février 2009",https://www.pist.tn/jort/2009/2009A/Ja0162009.pdf
salaire_base.agents_payes_a_l_heure.categorie_3_3.echelon_8,2011-05-01,2.051,"Avenant n° 11 à la convention collective sectorielle du textile, agréé par arrêté du 11 octobre 2011",https://www.pist.tn/jort/2011/2011A/Ja0782011.pdf
salaire_base.agents_payes_a_l_heure.categorie_3_3.echelon_8,2012-05-01,2.17,"Avenant n° 12 à la convention collective sectorielle du textile, agréé par arrêté du 19 février 2013",https://www.pist.tn/jort/2013/2013A/Ja0162013.pdf
salaire_base.agents_payes_a_l_heure.categorie_3_3.echelon_8,2014-05-01,2.297,"Avenant n° 13 à la convention collective sectorielle du textile, agréé par arrêté du 17 octobre 2014",https://www.pist.tn/jort/2014/2014A/Ja0902014.pdf
salaire_base.agents_payes_a_l_heure.categorie_3_3.echelon_8,2015-09-01,2.431,"Avenant n° 14 à la convention collective sectorielle du textile, agréé par arrêté du 8 avril 2016",https://www.pist.tn/jort/2016/2016A/Ja0302016.pdf
salaire_base.agents_payes_a_l_heure.categorie_3_3.echelon_8,2016-08-01,2.573,"Avenant n° 15 à la convention collective sectorielle du textile, agréé par arrêté du 14 août 2017",https://www.pist.tn/jort/2017/2017A/Ja0662017.pdf
salaire_base.agents_payes_a_l_heure.categorie_3_3.echelon_8,2018-01-01,2.723,"Avenant n° 15 à la convention collective sectorielle du textile, agréé par arrêté du 14 août 2017",https://www.pist.tn/jort/2017/2017A/Ja0662017.pdf
salaire_base.agents_payes_a_l_heure.categorie_3_3.echelon_8,2019-01-01,2.91,"Avenant n° 16 à la convention collective sectorielle du textile, agréé par arrêté du 21 janvier 2019",https://www.pist.tn/jort/2019/2019A/Ja0112019.pdf
salaire_base.agents_payes_a_l_heure.categorie_3_3.echelon_8,2020-01-01,3.109,"Avenant n° 16 à la convention collective sectorielle du textile, agréé par arrêté du 21 janvier 2019",https://www.pist.tn/jort/2019/2019A/Ja0112019.pdf
salaire_base.agents_payes_a_l_heure.categorie_3_3.echelon_8,2021-09-01,3.311,"Avenant n° 17 à la convention collective sectorielle du textile, agréé par arrêté du 23 juin 2022",https://www.pist.tn/jort/2022/2022A/Ja0712022.pdf
salaire_base.agents_payes_a_l_heure.categorie_3_3.echelon_8,2022-05-01,3.543,"Avenant n° 17 à la convention collective sectorielle du textile, agréé par arrêté du 23 juin 2022",https://www.pist.tn/jort/2022/2022A/Ja0712022.pdf
salaire_base.agents_payes_a_l_heure.categorie_3_3.echelon_8,2024-01-01,3.773,"Avenant n° 18 à la convention collective sectorielle du textile, agréé par arrêté du 8 avril 2024",https://www.pist.tn/jort/2024/2024A/Ja0492024.pdf
salaire_base.agents_payes_a_l_heure.categorie_3_3.echelon_8,2025-01-01,4.018,"Avenant n° 18 à la convention collective sectorielle du textile, agréé par arrêté du 8 avril 2024",https://www.pist.tn/jort/2024/2024A/Ja0492024.pdf
salaire_base.agents_payes_a_l_heure.categorie_3_3.echelon_8,2026-01-01,4.3,"Avenant n° 18 à la convention collective sectorielle du textile, agréé par arrêté du 8 avril 2024",https://www.pist.tn/jort/2024/2024A/Ja0492024.pdf
salaire_base.agents_payes_a_l_heure.categorie_3_3.echelon_9,1994-05-01,0.939,"Avenant n° 5 à la convention collective nationale du textile, agréé par arrêté du 22 septembre 1994",https://www.pist.tn/jort/1994/1994F/Jo07894.pdf
salaire_base.agents_payes_a_l_heure.categorie_3_3.echelon_9,1995-05-01,0.987,"Avenant n° 5 à la convention collective nationale du textile, agréé par arrêté du 22 septembre 1994",https://www.pist.tn/jort/1994/1994F/Jo07894.pdf
salaire_base.agents_payes_a_l_heure.categorie_3_3.echelon_9,1996-05-01,1.045,"Avenant n° 6 à la convention collective nationale du textile, agréé par arrêté du 24 juillet 1996",https://www.pist.tn/jort/1996/1996A/Ja06096.pdf
salaire_base.agents_payes_a_l_heure.categorie_3_3.echelon_9,1997-05-01,1.103,"Avenant n° 6 à la convention collective nationale du textile, agréé par arrêté du 24 juillet 1996",https://www.pist.tn/jort/1996/1996A/Ja06096.pdf
salaire_base.agents_payes_a_l_heure.categorie_3_3.echelon_9,1998-05-01,1.161,"Avenant n° 6 à la convention collective nationale du textile, agréé par arrêté du 24 juillet 1996",https://www.pist.tn/jort/1996/1996A/Ja06096.pdf
salaire_base.agents_payes_a_l_heure.categorie_3_3.echelon_9,1999-05-01,1.219,"Avenant n° 7 à la convention collective nationale du textile, agréé par arrêté du 9 juin 1999",https://www.pist.tn/jort/1999/1999A/Ja04899.pdf
salaire_base.agents_payes_a_l_heure.categorie_3_3.echelon_9,2000-05-01,1.277,"Avenant n° 7 à la convention collective nationale du textile, agréé par arrêté du 9 juin 1999",https://www.pist.tn/jort/1999/1999A/Ja04899.pdf
salaire_base.agents_payes_a_l_heure.categorie_3_3.echelon_9,2001-05-01,1.335,"Avenant n° 7 à la convention collective nationale du textile, agréé par arrêté du 9 juin 1999",https://www.pist.tn/jort/1999/1999A/Ja04899.pdf
salaire_base.agents_payes_a_l_heure.categorie_3_3.echelon_9,2002-05-01,1.393,"Avenant n° 8 à la convention collective nationale du textile, agréé par arrêté du 25 novembre 2002",https://www.pist.tn/jort/2002/2002A/Ja0972002.pdf
salaire_base.agents_payes_a_l_heure.categorie_3_3.echelon_9,2003-05-01,1.453,"Avenant n° 8 à la convention collective nationale du textile, agréé par arrêté du 25 novembre 2002",https://www.pist.tn/jort/2002/2002A/Ja0972002.pdf
salaire_base.agents_payes_a_l_heure.categorie_3_3.echelon_9,2004-05-01,1.518,"Avenant n° 8 à la convention collective nationale du textile, agréé par arrêté du 25 novembre 2002",https://www.pist.tn/jort/2002/2002A/Ja0972002.pdf
salaire_base.agents_payes_a_l_heure.categorie_3_3.echelon_9,2005-06-15,1.576,"Avenant n° 9 à la convention collective sectorielle du textile, agréé par arrêté du 17 janvier 2006",https://www.pist.tn/jort/2006/2006A/Ja0072006.pdf
salaire_base.agents_payes_a_l_heure.categorie_3_3.echelon_9,2006-05-01,1.639,"Avenant n° 9 à la convention collective sectorielle du textile, agréé par arrêté du 17 janvier 2006",https://www.pist.tn/jort/2006/2006A/Ja0072006.pdf
salaire_base.agents_payes_a_l_heure.categorie_3_3.echelon_9,2007-05-01,1.702,"Avenant n° 9 à la convention collective sectorielle du textile, agréé par arrêté du 17 janvier 2006",https://www.pist.tn/jort/2006/2006A/Ja0072006.pdf
salaire_base.agents_payes_a_l_heure.categorie_3_3.echelon_9,2008-05-01,1.789,"Avenant n° 10 à la convention collective sectorielle du textile, agréé par arrêté du 17 février 2009",https://www.pist.tn/jort/2009/2009A/Ja0162009.pdf
salaire_base.agents_payes_a_l_heure.categorie_3_3.echelon_9,2009-05-01,1.871,"Avenant n° 10 à la convention collective sectorielle du textile, agréé par arrêté du 17 février 2009",https://www.pist.tn/jort/2009/2009A/Ja0162009.pdf
salaire_base.agents_payes_a_l_heure.categorie_3_3.echelon_9,2010-05-01,1.965,"Avenant n° 10 à la convention collective sectorielle du textile, agréé par arrêté du 17 février 2009",https://www.pist.tn/jort/2009/2009A/Ja0162009.pdf
salaire_base.agents_payes_a_l_heure.categorie_3_3.echelon_9,2011-05-01,2.06,"Avenant n° 11 à la convention collective sectorielle du textile, agréé par arrêté du 11 octobre 2011",https://www.pist.tn/jort/2011/2011A/Ja0782011.pdf
salaire_base.agents_payes_a_l_heure.categorie_3_3.echelon_9,2012-05-01,2.179,"Avenant n° 12 à la convention collective sectorielle du textile, agréé par arrêté du 19 février 2013",https://www.pist.tn/jort/2013/2013A/Ja0162013.pdf
salaire_base.agents_payes_a_l_heure.categorie_3_3.echelon_9,2014-05-01,2.306,"Avenant n° 13 à la convention collective sectorielle du textile, agréé par arrêté du 17 octobre 2014",https://www.pist.tn/jort/2014/2014A/Ja0902014.pdf
salaire_base.agents_payes_a_l_heure.categorie_3_3.echelon_9,2015-09-01,2.44,"Avenant n° 14 à la convention collective sectorielle du textile, agréé par arrêté du 8 avril 2016",https://www.pist.tn/jort/2016/2016A/Ja0302016.pdf
salaire_base.agents_payes_a_l_heure.categorie_3_3.echelon_9,2016-08-01,2.582,"Avenant n° 15 à la convention collective sectorielle du textile, agréé par arrêté du 14 août 2017",https://www.pist.tn/jort/2017/2017A/Ja0662017.pdf
salaire_base.agents_payes_a_l_heure.categorie_3_3.echelon_9,2018-01-01,2.732,"Avenant n° 15 à la convention collective sectorielle du textile, agréé par arrêté du 14 août 2017",https://www.pist.tn/jort/2017/2017A/Ja0662017.pdf
salaire_base.agents_payes_a_l_heure.categorie_3_3.echelon_9,2019-01-01,2.919,"Avenant n° 16 à la convention collective sectorielle du textile, agréé par arrêté du 21 janvier 2019",https://www.pist.tn/jort/2019/2019A/Ja0112019.pdf
salaire_base.agents_payes_a_l_heure.categorie_3_3.echelon_9,2020-01-01,3.118,"Avenant n° 16 à la convention collective sectorielle du textile, agréé par arrêté du 21 janvier 2019",https://www.pist.tn/jort/2019/2019A/Ja0112019.pdf
salaire_base.agents_payes_a_l_heure.categorie_3_3.echelon_9,2021-09-01,3.321,"Avenant n° 17 à la convention collective sectorielle du textile, agréé par arrêté du 23 juin 2022",https://www.pist.tn/jort/2022/2022A/Ja0712022.pdf
salaire_base.agents_payes_a_l_heure.categorie_3_3.echelon_9,2022-05-01,3.553,"Avenant n° 17 à la convention collective sectorielle du textile, agréé par arrêté du 23 juin 2022",https://www.pist.tn/jort/2022/2022A/Ja0712022.pdf
salaire_base.agents_payes_a_l_heure.categorie_3_3.echelon_9,2024-01-01,3.784,"Avenant n° 18 à la convention collective sectorielle du textile, agréé par arrêté du 8 avril 2024",https://www.pist.tn/jort/2024/2024A/Ja0492024.pdf
salaire_base.agents_payes_a_l_heure.categorie_3_3.echelon_9,2025-01-01,4.03,"Avenant n° 18 à la convention collective sectorielle du textile, agréé par arrêté du 8 avril 2024",https://www.pist.tn/jort/2024/2024A/Ja0492024.pdf
salaire_base.agents_payes_a_l_heure.categorie_3_3.echelon_9,2026-01-01,4.312,"Avenant n° 18 à la convention collective sectorielle du textile, agréé par arrêté du 8 avril 2024",https://www.pist.tn/jort/2024/2024A/Ja0492024.pdf
salaire_base.agents_payes_a_l_heure.categorie_3_3.echelon_10,1994-05-01,0.948,"Avenant n° 5 à la convention collective nationale du textile, agréé par arrêté du 22 septembre 1994",https://www.pist.tn/jort/1994/1994F/Jo07894.pdf
salaire_base.agents_payes_a_l_heure.categorie_3_3.echelon_10,1995-05-01,0.996,"Avenant n° 5 à la convention collective nationale du textile, agréé par arrêté du 22 septembre 1994",https://www.pist.tn/jort/1994/1994F/Jo07894.pdf
salaire_base.agents_payes_a_l_heure.categorie_3_3.echelon_10,1996-05-01,1.054,"Avenant n° 6 à la convention collective nationale du textile, agréé par arrêté du 24 juillet 1996",https://www.pist.tn/jort/1996/1996A/Ja06096.pdf
salaire_base.agents_payes_a_l_heure.categorie_3_3.echelon_10,1997-05-01,1.112,"Avenant n° 6 à la convention collective nationale du textile, agréé par arrêté du 24 juillet 1996",https://www.pist.tn/jort/1996/1996A/Ja06096.pdf
salaire_base.agents_payes_a_l_heure.categorie_3_3.echelon_10,1998-05-01,1.17,"Avenant n° 6 à la convention collective nationale du textile, agréé par arrêté du 24 juillet 1996",https://www.pist.tn/jort/1996/1996A/Ja06096.pdf
salaire_base.agents_payes_a_l_heure.categorie_3_3.echelon_10,1999-05-01,1.228,"Avenant n° 7 à la convention collective nationale du textile, agréé par arrêté du 9 juin 1999",https://www.pist.tn/jort/1999/1999A/Ja04899.pdf
salaire_base.agents_payes_a_l_heure.categorie_3_3.echelon_10,2000-05-01,1.286,"Avenant n° 7 à la convention collective nationale du textile, agréé par arrêté du 9 juin 1999",https://www.pist.tn/jort/1999/1999A/Ja04899.pdf
salaire_base.agents_payes_a_l_heure.categorie_3_3.echelon_10,2001-05-01,1.344,"Avenant n° 7 à la convention collective nationale du textile, agréé par arrêté du 9 juin 1999",https://www.pist.tn/jort/1999/1999A/Ja04899.pdf
salaire_base.agents_payes_a_l_heure.categorie_3_3.echelon_10,2002-05-01,1.402,"Avenant n° 8 à la convention collective nationale du textile, agréé par arrêté du 25 novembre 2002",https://www.pist.tn/jort/2002/2002A/Ja0972002.pdf
salaire_base.agents_payes_a_l_heure.categorie_3_3.echelon_10,2003-05-01,1.462,"Avenant n° 8 à la convention collective nationale du textile, agréé par arrêté du 25 novembre 2002",https://www.pist.tn/jort/2002/2002A/Ja0972002.pdf
salaire_base.agents_payes_a_l_heure.categorie_3_3.echelon_10,2004-05-01,1.527,"Avenant n° 8 à la convention collective nationale du textile, agréé par arrêté du 25 novembre 2002",https://www.pist.tn/jort/2002/2002A/Ja0972002.pdf
salaire_base.agents_payes_a_l_heure.categorie_3_3.echelon_10,2005-06-15,1.585,"Avenant n° 9 à la convention collective sectorielle du textile, agréé par arrêté du 17 janvier 2006",https://www.pist.tn/jort/2006/2006A/Ja0072006.pdf
salaire_base.agents_payes_a_l_heure.categorie_3_3.echelon_10,2006-05-01,1.648,"Avenant n° 9 à la convention collective sectorielle du textile, agréé par arrêté du 17 janvier 2006",https://www.pist.tn/jort/2006/2006A/Ja0072006.pdf
salaire_base.agents_payes_a_l_heure.categorie_3_3.echelon_10,2007-05-01,1.711,"Avenant n° 9 à la convention collective sectorielle du textile, agréé par arrêté du 17 janvier 2006",https://www.pist.tn/jort/2006/2006A/Ja0072006.pdf
salaire_base.agents_payes_a_l_heure.categorie_3_3.echelon_10,2008-05-01,1.797,"Avenant n° 10 à la convention collective sectorielle du textile, agréé par arrêté du 17 février 2009",https://www.pist.tn/jort/2009/2009A/Ja0162009.pdf
salaire_base.agents_payes_a_l_heure.categorie_3_3.echelon_10,2009-05-01,1.879,"Avenant n° 10 à la convention collective sectorielle du textile, agréé par arrêté du 17 février 2009",https://www.pist.tn/jort/2009/2009A/Ja0162009.pdf
salaire_base.agents_payes_a_l_heure.categorie_3_3.echelon_10,2010-05-01,1.972,"Avenant n° 10 à la convention collective sectorielle du textile, agréé par arrêté du 17 février 2009",https://www.pist.tn/jort/2009/2009A/Ja0162009.pdf
salaire_base.agents_payes_a_l_heure.categorie_3_3.echelon_10,2011-05-01,2.067,"Avenant n° 11 à la convention collective sectorielle du textile, agréé par arrêté du 11 octobre 2011",https://www.pist.tn/jort/2011/2011A/Ja0782011.pdf
salaire_base.agents_payes_a_l_heure.categorie_3_3.echelon_10,2012-05-01,2.186,"Avenant n° 12 à la convention collective sectorielle du textile, agréé par arrêté du 19 février 2013",https://www.pist.tn/jort/2013/2013A/Ja0162013.pdf
salaire_base.agents_payes_a_l_heure.categorie_3_3.echelon_10,2014-05-01,2.313,"Avenant n° 13 à la convention collective sectorielle du textile, agréé par arrêté du 17 octobre 2014",https://www.pist.tn/jort/2014/2014A/Ja0902014.pdf
salaire_base.agents_payes_a_l_heure.categorie_3_3.echelon_10,2015-09-01,2.447,"Avenant n° 14 à la convention collective sectorielle du textile, agréé par arrêté du 8 avril 2016",https://www.pist.tn/jort/2016/2016A/Ja0302016.pdf
salaire_base.agents_payes_a_l_heure.categorie_3_3.echelon_10,2016-08-01,2.589,"Avenant n° 15 à la convention collective sectorielle du textile, agréé par arrêté du 14 août 2017",https://www.pist.tn/jort/2017/2017A/Ja0662017.pdf
salaire_base.agents_payes_a_l_heure.categorie_3_3.echelon_10,2018-01-01,2.739,"Avenant n° 15 à la convention collective sectorielle du textile, agréé par arrêté du 14 août 2017",https://www.pist.tn/jort/2017/2017A/Ja0662017.pdf
salaire_base.agents_payes_a_l_heure.categorie_3_3.echelon_10,2019-01-01,2.926,"Avenant n° 16 à la convention collective sectorielle du textile, agréé par arrêté du 21 janvier 2019",https://www.pist.tn/jort/2019/2019A/Ja0112019.pdf
salaire_base.agents_payes_a_l_heure.categorie_3_3.echelon_10,2020-01-01,3.125,"Avenant n° 16 à la convention collective sectorielle du textile, agréé par arrêté du 21 janvier 2019",https://www.pist.tn/jort/2019/2019A/Ja0112019.pdf
salaire_base.agents_payes_a_l_heure.categorie_3_3.echelon_10,2021-09-01,3.328,"Avenant n° 17 à la convention collective sectorielle du textile, agréé par arrêté du 23 juin 2022",https://www.pist.tn/jort/2022/2022A/Ja0712022.pdf
salaire_base.agents_payes_a_l_heure.categorie_3_3.echelon_10,2022-05-01,3.561,"Avenant n° 17 à la convention collective sectorielle du textile, agréé par arrêté du 23 juin 2022",https://www.pist.tn/jort/2022/2022A/Ja0712022.pdf
salaire_base.agents_payes_a_l_heure.categorie_3_3.echelon_10,2024-01-01,3.793,"Avenant n° 18 à la convention collective sectorielle du textile, agréé par arrêté du 8 avril 2024",https://www.pist.tn/jort/2024/2024A/Ja0492024.pdf
salaire_base.agents_payes_a_l_heure.categorie_3_3.echelon_10,2025-01-01,4.039,"Avenant n° 18 à la convention collective sectorielle du textile, agréé par arrêté du 8 avril 2024",https://www.pist.tn/jort/2024/2024A/Ja0492024.pdf
salaire_base.agents_payes_a_l_heure.categorie_3_3.echelon_10,2026-01-01,4.322,"Avenant n° 18 à la convention collective sectorielle du textile, agréé par arrêté du 8 avril 2024",https://www.pist.tn/jort/2024/2024A/Ja0492024.pdf
salaire_base.agents_payes_a_l_heure.categorie_3_3.echelon_11,1994-05-01,0.955,"Avenant n° 5 à la convention collective nationale du textile, agréé par arrêté du 22 septembre 1994",https://www.pist.tn/jort/1994/1994F/Jo07894.pdf
salaire_base.agents_payes_a_l_heure.categorie_3_3.echelon_11,1995-05-01,1.003,"Avenant n° 5 à la convention collective nationale du textile, agréé par arrêté du 22 septembre 1994",https://www.pist.tn/jort/1994/1994F/Jo07894.pdf
salaire_base.agents_payes_a_l_heure.categorie_3_3.echelon_11,1996-05-01,1.061,"Avenant n° 6 à la convention collective nationale du textile, agréé par arrêté du 24 juillet 1996",https://www.pist.tn/jort/1996/1996A/Ja06096.pdf
salaire_base.agents_payes_a_l_heure.categorie_3_3.echelon_11,1997-05-01,1.119,"Avenant n° 6 à la convention collective nationale du textile, agréé par arrêté du 24 juillet 1996",https://www.pist.tn/jort/1996/1996A/Ja06096.pdf
salaire_base.agents_payes_a_l_heure.categorie_3_3.echelon_11,1998-05-01,1.177,"Avenant n° 6 à la convention collective nationale du textile, agréé par arrêté du 24 juillet 1996",https://www.pist.tn/jort/1996/1996A/Ja06096.pdf
salaire_base.agents_payes_a_l_heure.categorie_3_3.echelon_11,1999-05-01,1.235,"Avenant n° 7 à la convention collective nationale du textile, agréé par arrêté du 9 juin 1999",https://www.pist.tn/jort/1999/1999A/Ja04899.pdf
salaire_base.agents_payes_a_l_heure.categorie_3_3.echelon_11,2000-05-01,1.293,"Avenant n° 7 à la convention collective nationale du textile, agréé par arrêté du 9 juin 1999",https://www.pist.tn/jort/1999/1999A/Ja04899.pdf
salaire_base.agents_payes_a_l_heure.categorie_3_3.echelon_11,2001-05-01,1.351,"Avenant n° 7 à la convention collective nationale du textile, agréé par arrêté du 9 juin 1999",https://www.pist.tn/jort/1999/1999A/Ja04899.pdf
salaire_base.agents_payes_a_l_heure.categorie_3_3.echelon_11,2002-05-01,1.409,"Avenant n° 8 à la convention collective nationale du textile, agréé par arrêté du 25 novembre 2002",https://www.pist.tn/jort/2002/2002A/Ja0972002.pdf
salaire_base.agents_payes_a_l_heure.categorie_3_3.echelon_11,2003-05-01,1.469,"Avenant n° 8 à la convention collective nationale du textile, agréé par arrêté du 25 novembre 2002",https://www.pist.tn/jort/2002/2002A/Ja0972002.pdf
salaire_base.agents_payes_a_l_heure.categorie_3_3.echelon_11,2004-05-01,1.534,"Avenant n° 8 à la convention collective nationale du textile, agréé par arrêté du 25 novembre 2002",https://www.pist.tn/jort/2002/2002A/Ja0972002.pdf
salaire_base.agents_payes_a_l_heure.categorie_3_3.echelon_11,2005-06-15,1.592,"Avenant n° 9 à la convention collective sectorielle du textile, agréé par arrêté du 17 janvier 2006",https://www.pist.tn/jort/2006/2006A/Ja0072006.pdf
salaire_base.agents_payes_a_l_heure.categorie_3_3.echelon_11,2006-05-01,1.655,"Avenant n° 9 à la convention collective sectorielle du textile, agréé par arrêté du 17 janvier 2006",https://www.pist.tn/jort/2006/2006A/Ja0072006.pdf
salaire_base.agents_payes_a_l_heure.categorie_3_3.echelon_11,2007-05-01,1.718,"Avenant n° 9 à la convention collective sectorielle du textile, agréé par arrêté du 17 janvier 2006",https://www.pist.tn/jort/2006/2006A/Ja0072006.pdf
salaire_base.agents_payes_a_l_heure.categorie_3_3.echelon_11,2008-05-01,1.805,"Avenant n° 10 à la convention collective sectorielle du textile, agréé par arrêté du 17 février 2009",https://www.pist.tn/jort/2009/2009A/Ja0162009.pdf
salaire_base.agents_payes_a_l_heure.categorie_3_3.echelon_11,2009-05-01,1.887,"Avenant n° 10 à la convention collective sectorielle du textile, agréé par arrêté du 17 février 2009",https://www.pist.tn/jort/2009/2009A/Ja0162009.pdf
salaire_base.agents_payes_a_l_heure.categorie_3_3.echelon_11,2010-05-01,1.981,"Avenant n° 10 à la convention collective sectorielle du textile, agréé par arrêté du 17 février 2009",https://www.pist.tn/jort/2009/2009A/Ja0162009.pdf
salaire_base.agents_payes_a_l_heure.categorie_3_3.echelon_11,2011-05-01,2.076,"Avenant n° 11 à la convention collective sectorielle du textile, agréé par arrêté du 11 octobre 2011",https://www.pist.tn/jort/2011/2011A/Ja0782011.pdf
salaire_base.agents_payes_a_l_heure.categorie_3_3.echelon_11,2012-05-01,2.195,"Avenant n° 12 à la convention collective sectorielle du textile, agréé par arrêté du 19 février 2013",https://www.pist.tn/jort/2013/2013A/Ja0162013.pdf
salaire_base.agents_payes_a_l_heure.categorie_3_3.echelon_11,2014-05-01,2.322,"Avenant n° 13 à la convention collective sectorielle du textile, agréé par arrêté du 17 octobre 2014",https://www.pist.tn/jort/2014/2014A/Ja0902014.pdf
salaire_base.agents_payes_a_l_heure.categorie_3_3.echelon_11,2015-09-01,2.456,"Avenant n° 14 à la convention collective sectorielle du textile, agréé par arrêté du 8 avril 2016",https://www.pist.tn/jort/2016/2016A/Ja0302016.pdf
salaire_base.agents_payes_a_l_heure.categorie_3_3.echelon_11,2016-08-01,2.598,"Avenant n° 15 à la convention collective sectorielle du textile, agréé par arrêté du 14 août 2017",https://www.pist.tn/jort/2017/2017A/Ja0662017.pdf
salaire_base.agents_payes_a_l_heure.categorie_3_3.echelon_11,2018-01-01,2.748,"Avenant n° 15 à la convention collective sectorielle du textile, agréé par arrêté du 14 août 2017",https://www.pist.tn/jort/2017/2017A/Ja0662017.pdf
salaire_base.agents_payes_a_l_heure.categorie_3_3.echelon_11,2019-01-01,2.935,"Avenant n° 16 à la convention collective sectorielle du textile, agréé par arrêté du 21 janvier 2019",https://www.pist.tn/jort/2019/2019A/Ja0112019.pdf
salaire_base.agents_payes_a_l_heure.categorie_3_3.echelon_11,2020-01-01,3.134,"Avenant n° 16 à la convention collective sectorielle du textile, agréé par arrêté du 21 janvier 2019",https://www.pist.tn/jort/2019/2019A/Ja0112019.pdf
salaire_base.agents_payes_a_l_heure.categorie_3_3.echelon_11,2021-09-01,3.338,"Avenant n° 17 à la convention collective sectorielle du textile, agréé par arrêté du 23 juin 2022",https://www.pist.tn/jort/2022/2022A/Ja0712022.pdf
salaire_base.agents_payes_a_l_heure.categorie_3_3.echelon_11,2022-05-01,3.571,"Avenant n° 17 à la convention collective sectorielle du textile, agréé par arrêté du 23 juin 2022",https://www.pist.tn/jort/2022/2022A/Ja0712022.pdf
salaire_base.agents_payes_a_l_heure.categorie_3_3.echelon_11,2024-01-01,3.803,"Avenant n° 18 à la convention collective sectorielle du textile, agréé par arrêté du 8 avril 2024",https://www.pist.tn/jort/2024/2024A/Ja0492024.pdf
salaire_base.agents_payes_a_l_heure.categorie_3_3.echelon_11,2025-01-01,4.051,"Avenant n° 18 à la convention collective sectorielle du textile, agréé par arrêté du 8 avril 2024",https://www.pist.tn/jort/2024/2024A/Ja0492024.pdf
salaire_base.agents_payes_a_l_heure.categorie_3_3.echelon_11,2026-01-01,4.334,"Avenant n° 18 à la convention collective sectorielle du textile, agréé par arrêté du 8 avril 2024",https://www.pist.tn/jort/2024/2024A/Ja0492024.pdf
salaire_base.agents_payes_a_l_heure.categorie_3_3.echelon_12,1994-05-01,0.964,"Avenant n° 5 à la convention collective nationale du textile, agréé par arrêté du 22 septembre 1994",https://www.pist.tn/jort/1994/1994F/Jo07894.pdf
salaire_base.agents_payes_a_l_heure.categorie_3_3.echelon_12,1995-05-01,1.012,"Avenant n° 5 à la convention collective nationale du textile, agréé par arrêté du 22 septembre 1994",https://www.pist.tn/jort/1994/1994F/Jo07894.pdf
salaire_base.agents_payes_a_l_heure.categorie_3_3.echelon_12,1996-05-01,1.07,"Avenant n° 6 à la convention collective nationale du textile, agréé par arrêté du 24 juillet 1996",https://www.pist.tn/jort/1996/1996A/Ja06096.pdf
salaire_base.agents_payes_a_l_heure.categorie_3_3.echelon_12,1997-05-01,1.128,"Avenant n° 6 à la convention collective nationale du textile, agréé par arrêté du 24 juillet 1996",https://www.pist.tn/jort/1996/1996A/Ja06096.pdf
salaire_base.agents_payes_a_l_heure.categorie_3_3.echelon_12,1998-05-01,1.186,"Avenant n° 6 à la convention collective nationale du textile, agréé par arrêté du 24 juillet 1996",https://www.pist.tn/jort/1996/1996A/Ja06096.pdf
salaire_base.agents_payes_a_l_heure.categorie_3_3.echelon_12,1999-05-01,1.244,"Avenant n° 7 à la convention collective nationale du textile, agréé par arrêté du 9 juin 1999",https://www.pist.tn/jort/1999/1999A/Ja04899.pdf
salaire_base.agents_payes_a_l_heure.categorie_3_3.echelon_12,2000-05-01,1.302,"Avenant n° 7 à la convention collective nationale du textile, agréé par arrêté du 9 juin 1999",https://www.pist.tn/jort/1999/1999A/Ja04899.pdf
salaire_base.agents_payes_a_l_heure.categorie_3_3.echelon_12,2001-05-01,1.36,"Avenant n° 7 à la convention collective nationale du textile, agréé par arrêté du 9 juin 1999",https://www.pist.tn/jort/1999/1999A/Ja04899.pdf
salaire_base.agents_payes_a_l_heure.categorie_3_3.echelon_12,2002-05-01,1.418,"Avenant n° 8 à la convention collective nationale du textile, agréé par arrêté du 25 novembre 2002",https://www.pist.tn/jort/2002/2002A/Ja0972002.pdf
salaire_base.agents_payes_a_l_heure.categorie_3_3.echelon_12,2003-05-01,1.478,"Avenant n° 8 à la convention collective nationale du textile, agréé par arrêté du 25 novembre 2002",https://www.pist.tn/jort/2002/2002A/Ja0972002.pdf
salaire_base.agents_payes_a_l_heure.categorie_3_3.echelon_12,2004-05-01,1.543,"Avenant n° 8 à la convention collective nationale du textile, agréé par arrêté du 25 novembre 2002",https://www.pist.tn/jort/2002/2002A/Ja0972002.pdf
salaire_base.agents_payes_a_l_heure.categorie_3_3.echelon_12,2005-06-15,1.601,"Avenant n° 9 à la convention collective sectorielle du textile, agréé par arrêté du 17 janvier 2006",https://www.pist.tn/jort/2006/2006A/Ja0072006.pdf
salaire_base.agents_payes_a_l_heure.categorie_3_3.echelon_12,2006-05-01,1.664,"Avenant n° 9 à la convention collective sectorielle du textile, agréé par arrêté du 17 janvier 2006",https://www.pist.tn/jort/2006/2006A/Ja0072006.pdf
salaire_base.agents_payes_a_l_heure.categorie_3_3.echelon_12,2007-05-01,1.727,"Avenant n° 9 à la convention collective sectorielle du textile, agréé par arrêté du 17 janvier 2006",https://www.pist.tn/jort/2006/2006A/Ja0072006.pdf
salaire_base.agents_payes_a_l_heure.categorie_3_3.echelon_12,2008-05-01,1.82,"Avenant n° 10 à la convention collective sectorielle du textile, agréé par arrêté du 17 février 2009",https://www.pist.tn/jort/2009/2009A/Ja0162009.pdf
salaire_base.agents_payes_a_l_heure.categorie_3_3.echelon_12,2009-05-01,1.902,"Avenant n° 10 à la convention collective sectorielle du textile, agréé par arrêté du 17 février 2009",https://www.pist.tn/jort/2009/2009A/Ja0162009.pdf
salaire_base.agents_payes_a_l_heure.categorie_3_3.echelon_12,2010-05-01,2.002,"Avenant n° 10 à la convention collective sectorielle du textile, agréé par arrêté du 17 février 2009",https://www.pist.tn/jort/2009/2009A/Ja0162009.pdf
salaire_base.agents_payes_a_l_heure.categorie_3_3.echelon_12,2011-05-01,2.097,"Avenant n° 11 à la convention collective sectorielle du textile, agréé par arrêté du 11 octobre 2011",https://www.pist.tn/jort/2011/2011A/Ja0782011.pdf
salaire_base.agents_payes_a_l_heure.categorie_3_3.echelon_12,2012-05-01,2.216,"Avenant n° 12 à la convention collective sectorielle du textile, agréé par arrêté du 19 février 2013",https://www.pist.tn/jort/2013/2013A/Ja0162013.pdf
salaire_base.agents_payes_a_l_heure.categorie_3_3.echelon_12,2014-05-01,2.343,"Avenant n° 13 à la convention collective sectorielle du textile, agréé par arrêté du 17 octobre 2014",https://www.pist.tn/jort/2014/2014A/Ja0902014.pdf
salaire_base.agents_payes_a_l_heure.categorie_3_3.echelon_12,2015-09-01,2.477,"Avenant n° 14 à la convention collective sectorielle du textile, agréé par arrêté du 8 avril 2016",https://www.pist.tn/jort/2016/2016A/Ja0302016.pdf
salaire_base.agents_payes_a_l_heure.categorie_3_3.echelon_12,2016-08-01,2.619,"Avenant n° 15 à la convention collective sectorielle du textile, agréé par arrêté du 14 août 2017",https://www.pist.tn/jort/2017/2017A/Ja0662017.pdf
salaire_base.agents_payes_a_l_heure.categorie_3_3.echelon_12,2018-01-01,2.769,"Avenant n° 15 à la convention collective sectorielle du textile, agréé par arrêté du 14 août 2017",https://www.pist.tn/jort/2017/2017A/Ja0662017.pdf
salaire_base.agents_payes_a_l_heure.categorie_3_3.echelon_12,2019-01-01,2.956,"Avenant n° 16 à la convention collective sectorielle du textile, agréé par arrêté du 21 janvier 2019",https://www.pist.tn/jort/2019/2019A/Ja0112019.pdf
salaire_base.agents_payes_a_l_heure.categorie_3_3.echelon_12,2020-01-01,3.155,"Avenant n° 16 à la convention collective sectorielle du textile, agréé par arrêté du 21 janvier 2019",https://www.pist.tn/jort/2019/2019A/Ja0112019.pdf
salaire_base.agents_payes_a_l_heure.categorie_3_3.echelon_12,2021-09-01,3.36,"Avenant n° 17 à la convention collective sectorielle du textile, agréé par arrêté du 23 juin 2022",https://www.pist.tn/jort/2022/2022A/Ja0712022.pdf
salaire_base.agents_payes_a_l_heure.categorie_3_3.echelon_12,2022-05-01,3.595,"Avenant n° 17 à la convention collective sectorielle du textile, agréé par arrêté du 23 juin 2022",https://www.pist.tn/jort/2022/2022A/Ja0712022.pdf
salaire_base.agents_payes_a_l_heure.categorie_3_3.echelon_12,2024-01-01,3.829,"Avenant n° 18 à la convention collective sectorielle du textile, agréé par arrêté du 8 avril 2024",https://www.pist.tn/jort/2024/2024A/Ja0492024.pdf
salaire_base.agents_payes_a_l_heure.categorie_3_3.echelon_12,2025-01-01,4.078,"Avenant n° 18 à la convention collective sectorielle du textile, agréé par arrêté du 8 avril 2024",https://www.pist.tn/jort/2024/2024A/Ja0492024.pdf
salaire_base.agents_payes_a_l_heure.categorie_3_3.echelon_12,2026-01-01,4.363,"Avenant n° 18 à la convention collective sectorielle du textile, agréé par arrêté du 8 avril 2024",https://www.pist.tn/jort/2024/2024A/Ja0492024.pdf
salaire_base.agents_payes_a_l_heure.categorie_3_3.echelon_13,1994-05-01,0.985,"Avenant n° 5 à la convention collective nationale du textile, agréé par arrêté du 22 septembre 1994",https://www.pist.tn/jort/1994/1994F/Jo07894.pdf
salaire_base.agents_payes_a_l_heure.categorie_3_3.echelon_13,1995-05-01,1.033,"Avenant n° 5 à la convention collective nationale du textile, agréé par arrêté du 22 septembre 1994",https://www.pist.tn/jort/1994/1994F/Jo07894.pdf
salaire_base.agents_payes_a_l_heure.categorie_3_3.echelon_13,1996-05-01,1.091,"Avenant n° 6 à la convention collective nationale du textile, agréé par arrêté du 24 juillet 1996",https://www.pist.tn/jort/1996/1996A/Ja06096.pdf
salaire_base.agents_payes_a_l_heure.categorie_3_3.echelon_13,1997-05-01,1.149,"Avenant n° 6 à la convention collective nationale du textile, agréé par arrêté du 24 juillet 1996",https://www.pist.tn/jort/1996/1996A/Ja06096.pdf
salaire_base.agents_payes_a_l_heure.categorie_3_3.echelon_13,1998-05-01,1.207,"Avenant n° 6 à la convention collective nationale du textile, agréé par arrêté du 24 juillet 1996",https://www.pist.tn/jort/1996/1996A/Ja06096.pdf
salaire_base.agents_payes_a_l_heure.categorie_3_3.echelon_13,1999-05-01,1.265,"Avenant n° 7 à la convention collective nationale du textile, agréé par arrêté du 9 juin 1999",https://www.pist.tn/jort/1999/1999A/Ja04899.pdf
salaire_base.agents_payes_a_l_heure.categorie_3_3.echelon_13,2000-05-01,1.323,"Avenant n° 7 à la convention collective nationale du textile, agréé par arrêté du 9 juin 1999",https://www.pist.tn/jort/1999/1999A/Ja04899.pdf
salaire_base.agents_payes_a_l_heure.categorie_3_3.echelon_13,2001-05-01,1.381,"Avenant n° 7 à la convention collective nationale du textile, agréé par arrêté du 9 juin 1999",https://www.pist.tn/jort/1999/1999A/Ja04899.pdf
salaire_base.agents_payes_a_l_heure.categorie_3_3.echelon_13,2002-05-01,1.439,"Avenant n° 8 à la convention collective nationale du textile, agréé par arrêté du 25 novembre 2002",https://www.pist.tn/jort/2002/2002A/Ja0972002.pdf
salaire_base.agents_payes_a_l_heure.categorie_3_3.echelon_13,2003-05-01,1.499,"Avenant n° 8 à la convention collective nationale du textile, agréé par arrêté du 25 novembre 2002",https://www.pist.tn/jort/2002/2002A/Ja0972002.pdf
salaire_base.agents_payes_a_l_heure.categorie_3_3.echelon_13,2004-05-01,1.564,"Avenant n° 8 à la convention collective nationale du textile, agréé par arrêté du 25 novembre 2002",https://www.pist.tn/jort/2002/2002A/Ja0972002.pdf
salaire_base.agents_payes_a_l_heure.categorie_3_3.echelon_13,2005-06-15,1.622,"Avenant n° 9 à la convention collective sectorielle du textile, agréé par arrêté du 17 janvier 2006",https://www.pist.tn/jort/2006/2006A/Ja0072006.pdf
salaire_base.agents_payes_a_l_heure.categorie_3_3.echelon_13,2006-05-01,1.685,"Avenant n° 9 à la convention collective sectorielle du textile, agréé par arrêté du 17 janvier 2006",https://www.pist.tn/jort/2006/2006A/Ja0072006.pdf
salaire_base.agents_payes_a_l_heure.categorie_3_3.echelon_13,2007-05-01,1.748,"Avenant n° 9 à la convention collective sectorielle du textile, agréé par arrêté du 17 janvier 2006",https://www.pist.tn/jort/2006/2006A/Ja0072006.pdf
salaire_base.agents_payes_a_l_heure.categorie_3_3.echelon_13,2008-05-01,1.834,"Avenant n° 10 à la convention collective sectorielle du textile, agréé par arrêté du 17 février 2009",https://www.pist.tn/jort/2009/2009A/Ja0162009.pdf
salaire_base.agents_payes_a_l_heure.categorie_3_3.echelon_13,2009-05-01,1.916,"Avenant n° 10 à la convention collective sectorielle du textile, agréé par arrêté du 17 février 2009",https://www.pist.tn/jort/2009/2009A/Ja0162009.pdf
salaire_base.agents_payes_a_l_heure.categorie_3_3.echelon_13,2010-05-01,2.01,"Avenant n° 10 à la convention collective sectorielle du textile, agréé par arrêté du 17 février 2009",https://www.pist.tn/jort/2009/2009A/Ja0162009.pdf
salaire_base.agents_payes_a_l_heure.categorie_3_3.echelon_13,2011-05-01,2.105,"Avenant n° 11 à la convention collective sectorielle du textile, agréé par arrêté du 11 octobre 2011",https://www.pist.tn/jort/2011/2011A/Ja0782011.pdf
salaire_base.agents_payes_a_l_heure.categorie_3_3.echelon_13,2012-05-01,2.224,"Avenant n° 12 à la convention collective sectorielle du textile, agréé par arrêté du 19 février 2013",https://www.pist.tn/jort/2013/2013A/Ja0162013.pdf
salaire_base.agents_payes_a_l_heure.categorie_3_3.echelon_13,2014-05-01,2.351,"Avenant n° 13 à la convention collective sectorielle du textile, agréé par arrêté du 17 octobre 2014",https://www.pist.tn/jort/2014/2014A/Ja0902014.pdf
salaire_base.agents_payes_a_l_heure.categorie_3_3.echelon_13,2015-09-01,2.485,"Avenant n° 14 à la convention collective sectorielle du textile, agréé par arrêté du 8 avril 2016",https://www.pist.tn/jort/2016/2016A/Ja0302016.pdf
salaire_base.agents_payes_a_l_heure.categorie_3_3.echelon_13,2016-08-01,2.627,"Avenant n° 15 à la convention collective sectorielle du textile, agréé par arrêté du 14 août 2017",https://www.pist.tn/jort/2017/2017A/Ja0662017.pdf
salaire_base.agents_payes_a_l_heure.categorie_3_3.echelon_13,2018-01-01,2.777,"Avenant n° 15 à la convention collective sectorielle du textile, agréé par arrêté du 14 août 2017",https://www.pist.tn/jort/2017/2017A/Ja0662017.pdf
salaire_base.agents_payes_a_l_heure.categorie_3_3.echelon_13,2019-01-01,2.964,"Avenant n° 16 à la convention collective sectorielle du textile, agréé par arrêté du 21 janvier 2019",https://www.pist.tn/jort/2019/2019A/Ja0112019.pdf
salaire_base.agents_payes_a_l_heure.categorie_3_3.echelon_13,2020-01-01,3.163,"Avenant n° 16 à la convention collective sectorielle du textile, agréé par arrêté du 21 janvier 2019",https://www.pist.tn/jort/2019/2019A/Ja0112019.pdf
salaire_base.agents_payes_a_l_heure.categorie_3_3.echelon_13,2021-09-01,3.369,"Avenant n° 17 à la convention collective sectorielle du textile, agréé par arrêté du 23 juin 2022",https://www.pist.tn/jort/2022/2022A/Ja0712022.pdf
salaire_base.agents_payes_a_l_heure.categorie_3_3.echelon_13,2022-05-01,3.604,"Avenant n° 17 à la convention collective sectorielle du textile, agréé par arrêté du 23 juin 2022",https://www.pist.tn/jort/2022/2022A/Ja0712022.pdf
salaire_base.agents_payes_a_l_heure.categorie_3_3.echelon_13,2024-01-01,3.839,"Avenant n° 18 à la convention collective sectorielle du textile, agréé par arrêté du 8 avril 2024",https://www.pist.tn/jort/2024/2024A/Ja0492024.pdf
salaire_base.agents_payes_a_l_heure.categorie_3_3.echelon_13,2025-01-01,4.088,"Avenant n° 18 à la convention collective sectorielle du textile, agréé par arrêté du 8 avril 2024",https://www.pist.tn/jort/2024/2024A/Ja0492024.pdf
salaire_base.agents_payes_a_l_heure.categorie_3_3.echelon_13,2026-01-01,4.374,"Avenant n° 18 à la convention collective sectorielle du textile, agréé par arrêté du 8 avril 2024",https://www.pist.tn/jort/2024/2024A/Ja0492024.pdf
salaire_base.agents_payes_a_l_heure.categorie_3_3.echelon_14,1994-05-01,0.993,"Avenant n° 5 à la convention collective nationale du textile, agréé par arrêté du 22 septembre 1994",https://www.pist.tn/jort/1994/1994F/Jo07894.pdf
salaire_base.agents_payes_a_l_heure.categorie_3_3.echelon_14,1995-05-01,1.041,"Avenant n° 5 à la convention collective nationale du textile, agréé par arrêté du 22 septembre 1994",https://www.pist.tn/jort/1994/1994F/Jo07894.pdf
salaire_base.agents_payes_a_l_heure.categorie_3_3.echelon_14,1996-05-01,1.099,"Avenant n° 6 à la convention collective nationale du textile, agréé par arrêté du 24 juillet 1996",https://www.pist.tn/jort/1996/1996A/Ja06096.pdf
salaire_base.agents_payes_a_l_heure.categorie_3_3.echelon_14,1997-05-01,1.157,"Avenant n° 6 à la convention collective nationale du textile, agréé par arrêté du 24 juillet 1996",https://www.pist.tn/jort/1996/1996A/Ja06096.pdf
salaire_base.agents_payes_a_l_heure.categorie_3_3.echelon_14,1998-05-01,1.215,"Avenant n° 6 à la convention collective nationale du textile, agréé par arrêté du 24 juillet 1996",https://www.pist.tn/jort/1996/1996A/Ja06096.pdf
salaire_base.agents_payes_a_l_heure.categorie_3_3.echelon_14,1999-05-01,1.273,"Avenant n° 7 à la convention collective nationale du textile, agréé par arrêté du 9 juin 1999",https://www.pist.tn/jort/1999/1999A/Ja04899.pdf
salaire_base.agents_payes_a_l_heure.categorie_3_3.echelon_14,2000-05-01,1.331,"Avenant n° 7 à la convention collective nationale du textile, agréé par arrêté du 9 juin 1999",https://www.pist.tn/jort/1999/1999A/Ja04899.pdf
salaire_base.agents_payes_a_l_heure.categorie_3_3.echelon_14,2001-05-01,1.389,"Avenant n° 7 à la convention collective nationale du textile, agréé par arrêté du 9 juin 1999",https://www.pist.tn/jort/1999/1999A/Ja04899.pdf
salaire_base.agents_payes_a_l_heure.categorie_3_3.echelon_14,2002-05-01,1.447,"Avenant n° 8 à la convention collective nationale du textile, agréé par arrêté du 25 novembre 2002",https://www.pist.tn/jort/2002/2002A/Ja0972002.pdf
salaire_base.agents_payes_a_l_heure.categorie_3_3.echelon_14,2003-05-01,1.507,"Avenant n° 8 à la convention collective nationale du textile, agréé par arrêté du 25 novembre 2002",https://www.pist.tn/jort/2002/2002A/Ja0972002.pdf
salaire_base.agents_payes_a_l_heure.categorie_3_3.echelon_14,2004-05-01,1.572,"Avenant n° 8 à la convention collective nationale du textile, agréé par arrêté du 25 novembre 2002",https://www.pist.tn/jort/2002/2002A/Ja0972002.pdf
salaire_base.agents_payes_a_l_heure.categorie_3_3.echelon_14,2005-06-15,1.63,"Avenant n° 9 à la convention collective sectorielle du textile, agréé par arrêté du 17 janvier 2006",https://www.pist.tn/jort/2006/2006A/Ja0072006.pdf
salaire_base.agents_payes_a_l_heure.categorie_3_3.echelon_14,2006-05-01,1.693,"Avenant n° 9 à la convention collective sectorielle du textile, agréé par arrêté du 17 janvier 2006",https://www.pist.tn/jort/2006/2006A/Ja0072006.pdf
salaire_base.agents_payes_a_l_heure.categorie_3_3.echelon_14,2007-05-01,1.756,"Avenant n° 9 à la convention collective sectorielle du textile, agréé par arrêté du 17 janvier 2006",https://www.pist.tn/jort/2006/2006A/Ja0072006.pdf
salaire_base.agents_payes_a_l_heure.categorie_3_3.echelon_14,2008-05-01,1.842,"Avenant n° 10 à la convention collective sectorielle du textile, agréé par arrêté du 17 février 2009",https://www.pist.tn/jort/2009/2009A/Ja0162009.pdf
salaire_base.agents_payes_a_l_heure.categorie_3_3.echelon_14,2009-05-01,1.924,"Avenant n° 10 à la convention collective sectorielle du textile, agréé par arrêté du 17 février 2009",https://www.pist.tn/jort/2009/2009A/Ja0162009.pdf
salaire_base.agents_payes_a_l_heure.categorie_3_3.echelon_14,2010-05-01,2.017,"Avenant n° 10 à la convention collective sectorielle du textile, agréé par arrêté du 17 février 2009",https://www.pist.tn/jort/2009/2009A/Ja0162009.pdf
salaire_base.agents_payes_a_l_heure.categorie_3_3.echelon_14,2011-05-01,2.112,"Avenant n° 11 à la convention collective sectorielle du textile, agréé par arrêté du 11 octobre 2011",https://www.pist.tn/jort/2011/2011A/Ja0782011.pdf
salaire_base.agents_payes_a_l_heure.categorie_3_3.echelon_14,2012-05-01,2.231,"Avenant n° 12 à la convention collective sectorielle du textile, agréé par arrêté du 19 février 2013",https://www.pist.tn/jort/2013/2013A/Ja0162013.pdf
salaire_base.agents_payes_a_l_heure.categorie_3_3.echelon_14,2014-05-01,2.358,"Avenant n° 13 à la convention collective sectorielle du textile, agréé par arrêté du 17 octobre 2014",https://www.pist.tn/jort/2014/2014A/Ja0902014.pdf
salaire_base.agents_payes_a_l_heure.categorie_3_3.echelon_14,2015-09-01,2.492,"Avenant n° 14 à la convention collective sectorielle du textile, agréé par arrêté du 8 avril 2016",https://www.pist.tn/jort/2016/2016A/Ja0302016.pdf
salaire_base.agents_payes_a_l_heure.categorie_3_3.echelon_14,2016-08-01,2.634,"Avenant n° 15 à la convention collective sectorielle du textile, agréé par arrêté du 14 août 2017",https://www.pist.tn/jort/2017/2017A/Ja0662017.pdf
salaire_base.agents_payes_a_l_heure.categorie_3_3.echelon_14,2018-01-01,2.784,"Avenant n° 15 à la convention collective sectorielle du textile, agréé par arrêté du 14 août 2017",https://www.pist.tn/jort/2017/2017A/Ja0662017.pdf
salaire_base.agents_payes_a_l_heure.categorie_3_3.echelon_14,2019-01-01,2.971,"Avenant n° 16 à la convention collective sectorielle du textile, agréé par arrêté du 21 janvier 2019",https://www.pist.tn/jort/2019/2019A/Ja0112019.pdf
salaire_base.agents_payes_a_l_heure.categorie_3_3.echelon_14,2020-01-01,3.17,"Avenant n° 16 à la convention collective sectorielle du textile, agréé par arrêté du 21 janvier 2019",https://www.pist.tn/jort/2019/2019A/Ja0112019.pdf
salaire_base.agents_payes_a_l_heure.categorie_3_3.echelon_14,2021-09-01,3.376,"Avenant n° 17 à la convention collective sectorielle du textile, agréé par arrêté du 23 juin 2022",https://www.pist.tn/jort/2022/2022A/Ja0712022.pdf
salaire_base.agents_payes_a_l_heure.categorie_3_3.echelon_14,2022-05-01,3.612,"Avenant n° 17 à la convention collective sectorielle du textile, agréé par arrêté du 23 juin 2022",https://www.pist.tn/jort/2022/2022A/Ja0712022.pdf
salaire_base.agents_payes_a_l_heure.categorie_3_3.echelon_14,2024-01-01,3.847,"Avenant n° 18 à la convention collective sectorielle du textile, agréé par arrêté du 8 avril 2024",https://www.pist.tn/jort/2024/2024A/Ja0492024.pdf
salaire_base.agents_payes_a_l_heure.categorie_3_3.echelon_14,2025-01-01,4.097,"Avenant n° 18 à la convention collective sectorielle du textile, agréé par arrêté du 8 avril 2024",https://www.pist.tn/jort/2024/2024A/Ja0492024.pdf
salaire_base.agents_payes_a_l_heure.categorie_3_3.echelon_14,2026-01-01,4.384,"Avenant n° 18 à la convention collective sectorielle du textile, agréé par arrêté du 8 avril 2024",https://www.pist.tn/jort/2024/2024A/Ja0492024.pdf
salaire_base.agents_payes_a_l_heure.categorie_3_3.echelon_15,1994-05-01,1.0,"Avenant n° 5 à la convention collective nationale du textile, agréé par arrêté du 22 septembre 1994",https://www.pist.tn/jort/1994/1994F/Jo07894.pdf
salaire_base.agents_payes_a_l_heure.categorie_3_3.echelon_15,1995-05-01,1.048,"Avenant n° 5 à la convention collective nationale du textile, agréé par arrêté du 22 septembre 1994",https://www.pist.tn/jort/1994/1994F/Jo07894.pdf
salaire_base.agents_payes_a_l_heure.categorie_3_3.echelon_15,1996-05-01,1.106,"Avenant n° 6 à la convention collective nationale du textile, agréé par arrêté du 24 juillet 1996",https://www.pist.tn/jort/1996/1996A/Ja06096.pdf
salaire_base.agents_payes_a_l_heure.categorie_3_3.echelon_15,1997-05-01,1.164,"Avenant n° 6 à la convention collective nationale du textile, agréé par arrêté du 24 juillet 1996",https://www.pist.tn/jort/1996/1996A/Ja06096.pdf
salaire_base.agents_payes_a_l_heure.categorie_3_3.echelon_15,1998-05-01,1.222,"Avenant n° 6 à la convention collective nationale du textile, agréé par arrêté du 24 juillet 1996",https://www.pist.tn/jort/1996/1996A/Ja06096.pdf
salaire_base.agents_payes_a_l_heure.categorie_3_3.echelon_15,1999-05-01,1.28,"Avenant n° 7 à la convention collective nationale du textile, agréé par arrêté du 9 juin 1999",https://www.pist.tn/jort/1999/1999A/Ja04899.pdf
salaire_base.agents_payes_a_l_heure.categorie_3_3.echelon_15,2000-05-01,1.338,"Avenant n° 7 à la convention collective nationale du textile, agréé par arrêté du 9 juin 1999",https://www.pist.tn/jort/1999/1999A/Ja04899.pdf
salaire_base.agents_payes_a_l_heure.categorie_3_3.echelon_15,2001-05-01,1.396,"Avenant n° 7 à la convention collective nationale du textile, agréé par arrêté du 9 juin 1999",https://www.pist.tn/jort/1999/1999A/Ja04899.pdf
salaire_base.agents_payes_a_l_heure.categorie_3_3.echelon_15,2002-05-01,1.454,"Avenant n° 8 à la convention collective nationale du textile, agréé par arrêté du 25 novembre 2002",https://www.pist.tn/jort/2002/2002A/Ja0972002.pdf
salaire_base.agents_payes_a_l_heure.categorie_3_3.echelon_15,2003-05-01,1.514,"Avenant n° 8 à la convention collective nationale du textile, agréé par arrêté du 25 novembre 2002",https://www.pist.tn/jort/2002/2002A/Ja0972002.pdf
salaire_base.agents_payes_a_l_heure.categorie_3_3.echelon_15,2004-05-01,1.579,"Avenant n° 8 à la convention collective nationale du textile, agréé par arrêté du 25 novembre 2002",https://www.pist.tn/jort/2002/2002A/Ja0972002.pdf
salaire_base.agents_payes_a_l_heure.categorie_3_3.echelon_15,2005-06-15,1.637,"Avenant n° 9 à la convention collective sectorielle du textile, agréé par arrêté du 17 janvier 2006",https://www.pist.tn/jort/2006/2006A/Ja0072006.pdf
salaire_base.agents_payes_a_l_heure.categorie_3_3.echelon_15,2006-05-01,1.7,"Avenant n° 9 à la convention collective sectorielle du textile, agréé par arrêté du 17 janvier 2006",https://www.pist.tn/jort/2006/2006A/Ja0072006.pdf
salaire_base.agents_payes_a_l_heure.categorie_3_3.echelon_15,2007-05-01,1.763,"Avenant n° 9 à la convention collective sectorielle du textile, agréé par arrêté du 17 janvier 2006",https://www.pist.tn/jort/2006/2006A/Ja0072006.pdf
salaire_base.agents_payes_a_l_heure.categorie_3_3.echelon_15,2008-05-01,1.849,"Avenant n° 10 à la convention collective sectorielle du textile, agréé par arrêté du 17 février 2009",https://www.pist.tn/jort/2009/2009A/Ja0162009.pdf
salaire_base.agents_payes_a_l_heure.categorie_3_3.echelon_15,2009-05-01,1.931,"Avenant n° 10 à la convention collective sectorielle du textile, agréé par arrêté du 17 février 2009",https://www.pist.tn/jort/2009/2009A/Ja0162009.pdf
salaire_base.agents_payes_a_l_heure.categorie_3_3.echelon_15,2010-05-01,2.025,"Avenant n° 10 à la convention collective sectorielle du textile, agréé par arrêté du 17 février 2009",https://www.pist.tn/jort/2009/2009A/Ja0162009.pdf
salaire_base.agents_payes_a_l_heure.categorie_3_3.echelon_15,2011-05-01,2.12,"Avenant n° 11 à la convention collective sectorielle du textile, agréé par arrêté du 11 octobre 2011",https://www.pist.tn/jort/2011/2011A/Ja0782011.pdf
salaire_base.agents_payes_a_l_heure.categorie_3_3.echelon_15,2012-05-01,2.239,"Avenant n° 12 à la convention collective sectorielle du textile, agréé par arrêté du 19 février 2013",https://www.pist.tn/jort/2013/2013A/Ja0162013.pdf
salaire_base.agents_payes_a_l_heure.categorie_3_3.echelon_15,2014-05-01,2.366,"Avenant n° 13 à la convention collective sectorielle du textile, agréé par arrêté du 17 octobre 2014",https://www.pist.tn/jort/2014/2014A/Ja0902014.pdf
salaire_base.agents_payes_a_l_heure.categorie_3_3.echelon_15,2015-09-01,2.5,"Avenant n° 14 à la convention collective sectorielle du textile, agréé par arrêté du 8 avril 2016",https://www.pist.tn/jort/2016/2016A/Ja0302016.pdf
salaire_base.agents_payes_a_l_heure.categorie_3_3.echelon_15,2016-08-01,2.642,"Avenant n° 15 à la convention collective sectorielle du textile, agréé par arrêté du 14 août 2017",https://www.pist.tn/jort/2017/2017A/Ja0662017.pdf
salaire_base.agents_payes_a_l_heure.categorie_3_3.echelon_15,2018-01-01,2.792,"Avenant n° 15 à la convention collective sectorielle du textile, agréé par arrêté du 14 août 2017",https://www.pist.tn/jort/2017/2017A/Ja0662017.pdf
salaire_base.agents_payes_a_l_heure.categorie_3_3.echelon_15,2019-01-01,2.979,"Avenant n° 16 à la convention collective sectorielle du textile, agréé par arrêté du 21 janvier 2019",https://www.pist.tn/jort/2019/2019A/Ja0112019.pdf
salaire_base.agents_payes_a_l_heure.categorie_3_3.echelon_15,2020-01-01,3.178,"Avenant n° 16 à la convention collective sectorielle du textile, agréé par arrêté du 21 janvier 2019",https://www.pist.tn/jort/2019/2019A/Ja0112019.pdf
salaire_base.agents_payes_a_l_heure.categorie_3_3.echelon_15,2021-09-01,3.385,"Avenant n° 17 à la convention collective sectorielle du textile, agréé par arrêté du 23 juin 2022",https://www.pist.tn/jort/2022/2022A/Ja0712022.pdf
salaire_base.agents_payes_a_l_heure.categorie_3_3.echelon_15,2022-05-01,3.621,"Avenant n° 17 à la convention collective sectorielle du textile, agréé par arrêté du 23 juin 2022",https://www.pist.tn/jort/2022/2022A/Ja0712022.pdf
salaire_base.agents_payes_a_l_heure.categorie_3_3.echelon_15,2024-01-01,3.857,"Avenant n° 18 à la convention collective sectorielle du textile, agréé par arrêté du 8 avril 2024",https://www.pist.tn/jort/2024/2024A/Ja0492024.pdf
salaire_base.agents_payes_a_l_heure.categorie_3_3.echelon_15,2025-01-01,4.108,"Avenant n° 18 à la convention collective sectorielle du textile, agréé par arrêté du 8 avril 2024",https://www.pist.tn/jort/2024/2024A/Ja0492024.pdf
salaire_base.agents_payes_a_l_heure.categorie_3_3.echelon_15,2026-01-01,4.395,"Avenant n° 18 à la convention collective sectorielle du textile, agréé par arrêté du 8 avril 2024",https://www.pist.tn/jort/2024/2024A/Ja0492024.pdf
salaire_base.agents_payes_a_l_heure.categorie_3_3.echelon_16,1994-05-01,1.008,"Avenant n° 5 à la convention collective nationale du textile, agréé par arrêté du 22 septembre 1994",https://www.pist.tn/jort/1994/1994F/Jo07894.pdf
salaire_base.agents_payes_a_l_heure.categorie_3_3.echelon_16,1995-05-01,1.056,"Avenant n° 5 à la convention collective nationale du textile, agréé par arrêté du 22 septembre 1994",https://www.pist.tn/jort/1994/1994F/Jo07894.pdf
salaire_base.agents_payes_a_l_heure.categorie_3_3.echelon_16,1996-05-01,1.114,"Avenant n° 6 à la convention collective nationale du textile, agréé par arrêté du 24 juillet 1996",https://www.pist.tn/jort/1996/1996A/Ja06096.pdf
salaire_base.agents_payes_a_l_heure.categorie_3_3.echelon_16,1997-05-01,1.172,"Avenant n° 6 à la convention collective nationale du textile, agréé par arrêté du 24 juillet 1996",https://www.pist.tn/jort/1996/1996A/Ja06096.pdf
salaire_base.agents_payes_a_l_heure.categorie_3_3.echelon_16,1998-05-01,1.23,"Avenant n° 6 à la convention collective nationale du textile, agréé par arrêté du 24 juillet 1996",https://www.pist.tn/jort/1996/1996A/Ja06096.pdf
salaire_base.agents_payes_a_l_heure.categorie_3_3.echelon_16,1999-05-01,1.288,"Avenant n° 7 à la convention collective nationale du textile, agréé par arrêté du 9 juin 1999",https://www.pist.tn/jort/1999/1999A/Ja04899.pdf
salaire_base.agents_payes_a_l_heure.categorie_3_3.echelon_16,2000-05-01,1.346,"Avenant n° 7 à la convention collective nationale du textile, agréé par arrêté du 9 juin 1999",https://www.pist.tn/jort/1999/1999A/Ja04899.pdf
salaire_base.agents_payes_a_l_heure.categorie_3_3.echelon_16,2001-05-01,1.404,"Avenant n° 7 à la convention collective nationale du textile, agréé par arrêté du 9 juin 1999",https://www.pist.tn/jort/1999/1999A/Ja04899.pdf
salaire_base.agents_payes_a_l_heure.categorie_3_3.echelon_16,2002-05-01,1.462,"Avenant n° 8 à la convention collective nationale du textile, agréé par arrêté du 25 novembre 2002",https://www.pist.tn/jort/2002/2002A/Ja0972002.pdf
salaire_base.agents_payes_a_l_heure.categorie_3_3.echelon_16,2003-05-01,1.522,"Avenant n° 8 à la convention collective nationale du textile, agréé par arrêté du 25 novembre 2002",https://www.pist.tn/jort/2002/2002A/Ja0972002.pdf
salaire_base.agents_payes_a_l_heure.categorie_3_3.echelon_16,2004-05-01,1.587,"Avenant n° 8 à la convention collective nationale du textile, agréé par arrêté du 25 novembre 2002",https://www.pist.tn/jort/2002/2002A/Ja0972002.pdf
salaire_base.agents_payes_a_l_heure.categorie_3_3.echelon_16,2005-06-15,1.645,"Avenant n° 9 à la convention collective sectorielle du textile, agréé par arrêté du 17 janvier 2006",https://www.pist.tn/jort/2006/2006A/Ja0072006.pdf
salaire_base.agents_payes_a_l_heure.categorie_3_3.echelon_16,2006-05-01,1.708,"Avenant n° 9 à la convention collective sectorielle du textile, agréé par arrêté du 17 janvier 2006",https://www.pist.tn/jort/2006/2006A/Ja0072006.pdf
salaire_base.agents_payes_a_l_heure.categorie_3_3.echelon_16,2007-05-01,1.771,"Avenant n° 9 à la convention collective sectorielle du textile, agréé par arrêté du 17 janvier 2006",https://www.pist.tn/jort/2006/2006A/Ja0072006.pdf
salaire_base.agents_payes_a_l_heure.categorie_3_3.echelon_16,2008-05-01,1.857,"Avenant n° 10 à la convention collective sectorielle du textile, agréé par arrêté du 17 février 2009",https://www.pist.tn/jort/2009/2009A/Ja0162009.pdf
salaire_base.agents_payes_a_l_heure.categorie_3_3.echelon_16,2009-05-01,1.939,"Avenant n° 10 à la convention collective sectorielle du textile, agréé par arrêté du 17 février 2009",https://www.pist.tn/jort/2009/2009A/Ja0162009.pdf
salaire_base.agents_payes_a_l_heure.categorie_3_3.echelon_16,2010-05-01,2.033,"Avenant n° 10 à la convention collective sectorielle du textile, agréé par arrêté du 17 février 2009",https://www.pist.tn/jort/2009/2009A/Ja0162009.pdf
salaire_base.agents_payes_a_l_heure.categorie_3_3.echelon_16,2011-05-01,2.128,"Avenant n° 11 à la convention collective sectorielle du textile, agréé par arrêté du 11 octobre 2011",https://www.pist.tn/jort/2011/2011A/Ja0782011.pdf
salaire_base.agents_payes_a_l_heure.categorie_3_3.echelon_16,2012-05-01,2.247,"Avenant n° 12 à la convention collective sectorielle du textile, agréé par arrêté du 19 février 2013",https://www.pist.tn/jort/2013/2013A/Ja0162013.pdf
salaire_base.agents_payes_a_l_heure.categorie_3_3.echelon_16,2014-05-01,2.374,"Avenant n° 13 à la convention collective sectorielle du textile, agréé par arrêté du 17 octobre 2014",https://www.pist.tn/jort/2014/2014A/Ja0902014.pdf
salaire_base.agents_payes_a_l_heure.categorie_3_3.echelon_16,2015-09-01,2.508,"Avenant n° 14 à la convention collective sectorielle du textile, agréé par arrêté du 8 avril 2016",https://www.pist.tn/jort/2016/2016A/Ja0302016.pdf
salaire_base.agents_payes_a_l_heure.categorie_3_3.echelon_16,2016-08-01,2.65,"Avenant n° 15 à la convention collective sectorielle du textile, agréé par arrêté du 14 août 2017",https://www.pist.tn/jort/2017/2017A/Ja0662017.pdf
salaire_base.agents_payes_a_l_heure.categorie_3_3.echelon_16,2018-01-01,2.8,"Avenant n° 15 à la convention collective sectorielle du textile, agréé par arrêté du 14 août 2017",https://www.pist.tn/jort/2017/2017A/Ja0662017.pdf
salaire_base.agents_payes_a_l_heure.categorie_3_3.echelon_16,2019-01-01,2.987,"Avenant n° 16 à la convention collective sectorielle du textile, agréé par arrêté du 21 janvier 2019",https://www.pist.tn/jort/2019/2019A/Ja0112019.pdf
salaire_base.agents_payes_a_l_heure.categorie_3_3.echelon_16,2020-01-01,3.186,"Avenant n° 16 à la convention collective sectorielle du textile, agréé par arrêté du 21 janvier 2019",https://www.pist.tn/jort/2019/2019A/Ja0112019.pdf
salaire_base.agents_payes_a_l_heure.categorie_3_3.echelon_16,2021-09-01,3.393,"Avenant n° 17 à la convention collective sectorielle du textile, agréé par arrêté du 23 juin 2022",https://www.pist.tn/jort/2022/2022A/Ja0712022.pdf
salaire_base.agents_payes_a_l_heure.categorie_3_3.echelon_16,2022-05-01,3.631,"Avenant n° 17 à la convention collective sectorielle du textile, agréé par arrêté du 23 juin 2022",https://www.pist.tn/jort/2022/2022A/Ja0712022.pdf
salaire_base.agents_payes_a_l_heure.categorie_3_3.echelon_16,2024-01-01,3.867,"Avenant n° 18 à la convention collective sectorielle du textile, agréé par arrêté du 8 avril 2024",https://www.pist.tn/jort/2024/2024A/Ja0492024.pdf
salaire_base.agents_payes_a_l_heure.categorie_3_3.echelon_16,2025-01-01,4.118,"Avenant n° 18 à la convention collective sectorielle du textile, agréé par arrêté du 8 avril 2024",https://www.pist.tn/jort/2024/2024A/Ja0492024.pdf
salaire_base.agents_payes_a_l_heure.categorie_3_3.echelon_16,2026-01-01,4.406,"Avenant n° 18 à la convention collective sectorielle du textile, agréé par arrêté du 8 avril 2024",https://www.pist.tn/jort/2024/2024A/Ja0492024.pdf
salaire_base.agents_payes_a_l_heure.categorie_3_3.echelon_17,1999-05-01,1.296,"Avenant n° 7 à la convention collective nationale du textile, agréé par arrêté du 9 juin 1999",https://www.pist.tn/jort/1999/1999A/Ja04899.pdf
salaire_base.agents_payes_a_l_heure.categorie_3_3.echelon_17,2000-05-01,1.354,"Avenant n° 7 à la convention collective nationale du textile, agréé par arrêté du 9 juin 1999",https://www.pist.tn/jort/1999/1999A/Ja04899.pdf
salaire_base.agents_payes_a_l_heure.categorie_3_3.echelon_17,2001-05-01,1.412,"Avenant n° 7 à la convention collective nationale du textile, agréé par arrêté du 9 juin 1999",https://www.pist.tn/jort/1999/1999A/Ja04899.pdf
salaire_base.agents_payes_a_l_heure.categorie_3_3.echelon_17,2002-05-01,1.47,"Avenant n° 8 à la convention collective nationale du textile, agréé par arrêté du 25 novembre 2002",https://www.pist.tn/jort/2002/2002A/Ja0972002.pdf
salaire_base.agents_payes_a_l_heure.categorie_3_3.echelon_17,2003-05-01,1.53,"Avenant n° 8 à la convention collective nationale du textile, agréé par arrêté du 25 novembre 2002",https://www.pist.tn/jort/2002/2002A/Ja0972002.pdf
salaire_base.agents_payes_a_l_heure.categorie_3_3.echelon_17,2004-05-01,1.595,"Avenant n° 8 à la convention collective nationale du textile, agréé par arrêté du 25 novembre 2002",https://www.pist.tn/jort/2002/2002A/Ja0972002.pdf
salaire_base.agents_payes_a_l_heure.categorie_3_3.echelon_17,2005-06-15,1.653,"Avenant n° 9 à la convention collective sectorielle du textile, agréé par arrêté du 17 janvier 2006",https://www.pist.tn/jort/2006/2006A/Ja0072006.pdf
salaire_base.agents_payes_a_l_heure.categorie_3_3.echelon_17,2006-05-01,1.716,"Avenant n° 9 à la convention collective sectorielle du textile, agréé par arrêté du 17 janvier 2006",https://www.pist.tn/jort/2006/2006A/Ja0072006.pdf
salaire_base.agents_payes_a_l_heure.categorie_3_3.echelon_17,2007-05-01,1.779,"Avenant n° 9 à la convention collective sectorielle du textile, agréé par arrêté du 17 janvier 2006",https://www.pist.tn/jort/2006/2006A/Ja0072006.pdf
salaire_base.agents_payes_a_l_heure.categorie_3_3.echelon_17,2008-05-01,1.865,"Avenant n° 10 à la convention collective sectorielle du textile, agréé par arrêté du 17 février 2009",https://www.pist.tn/jort/2009/2009A/Ja0162009.pdf
salaire_base.agents_payes_a_l_heure.categorie_3_3.echelon_17,2009-05-01,1.947,"Avenant n° 10 à la convention collective sectorielle du textile, agréé par arrêté du 17 février 2009",https://www.pist.tn/jort/2009/2009A/Ja0162009.pdf
salaire_base.agents_payes_a_l_heure.categorie_3_3.echelon_17,2010-05-01,2.041,"Avenant n° 10 à la convention collective sectorielle du textile, agréé par arrêté du 17 février 2009",https://www.pist.tn/jort/2009/2009A/Ja0162009.pdf
salaire_base.agents_payes_a_l_heure.categorie_3_3.echelon_17,2011-05-01,2.136,"Avenant n° 11 à la convention collective sectorielle du textile, agréé par arrêté du 11 octobre 2011",https://www.pist.tn/jort/2011/2011A/Ja0782011.pdf
salaire_base.agents_payes_a_l_heure.categorie_3_3.echelon_17,2012-05-01,2.255,"Avenant n° 12 à la convention collective sectorielle du textile, agréé par arrêté du 19 février 2013",https://www.pist.tn/jort/2013/2013A/Ja0162013.pdf
salaire_base.agents_payes_a_l_heure.categorie_3_3.echelon_17,2014-05-01,2.382,"Avenant n° 13 à la convention collective sectorielle du textile, agréé par arrêté du 17 octobre 2014",https://www.pist.tn/jort/2014/2014A/Ja0902014.pdf
salaire_base.agents_payes_a_l_heure.categorie_3_3.echelon_17,2015-09-01,2.516,"Avenant n° 14 à la convention collective sectorielle du textile, agréé par arrêté du 8 avril 2016",https://www.pist.tn/jort/2016/2016A/Ja0302016.pdf
salaire_base.agents_payes_a_l_heure.categorie_3_3.echelon_17,2016-08-01,2.658,"Avenant n° 15 à la convention collective sectorielle du textile, agréé par arrêté du 14 août 2017",https://www.pist.tn/jort/2017/2017A/Ja0662017.pdf
salaire_base.agents_payes_a_l_heure.categorie_3_3.echelon_17,2018-01-01,2.808,"Avenant n° 15 à la convention collective sectorielle du textile, agréé par arrêté du 14 août 2017",https://www.pist.tn/jort/2017/2017A/Ja0662017.pdf
salaire_base.agents_payes_a_l_heure.categorie_3_3.echelon_17,2019-01-01,2.995,"Avenant n° 16 à la convention collective sectorielle du textile, agréé par arrêté du 21 janvier 2019",https://www.pist.tn/jort/2019/2019A/Ja0112019.pdf
salaire_base.agents_payes_a_l_heure.categorie_3_3.echelon_17,2020-01-01,3.194,"Avenant n° 16 à la convention collective sectorielle du textile, agréé par arrêté du 21 janvier 2019",https://www.pist.tn/jort/2019/2019A/Ja0112019.pdf
salaire_base.agents_payes_a_l_heure.categorie_3_3.echelon_17,2021-09-01,3.402,"Avenant n° 17 à la convention collective sectorielle du textile, agréé par arrêté du 23 juin 2022",https://www.pist.tn/jort/2022/2022A/Ja0712022.pdf
salaire_base.agents_payes_a_l_heure.categorie_3_3.echelon_17,2022-05-01,3.64,"Avenant n° 17 à la convention collective sectorielle du textile, agréé par arrêté du 23 juin 2022",https://www.pist.tn/jort/2022/2022A/Ja0712022.pdf
salaire_base.agents_payes_a_l_heure.categorie_3_3.echelon_17,2024-01-01,3.876,"Avenant n° 18 à la convention collective sectorielle du textile, agréé par arrêté du 8 avril 2024",https://www.pist.tn/jort/2024/2024A/Ja0492024.pdf
salaire_base.agents_payes_a_l_heure.categorie_3_3.echelon_17,2025-01-01,4.128,"Avenant n° 18 à la convention collective sectorielle du textile, agréé par arrêté du 8 avril 2024",https://www.pist.tn/jort/2024/2024A/Ja0492024.pdf
salaire_base.agents_payes_a_l_heure.categorie_3_3.echelon_17,2026-01-01,4.417,"Avenant n° 18 à la convention collective sectorielle du textile, agréé par arrêté du 8 avril 2024",https://www.pist.tn/jort/2024/2024A/Ja0492024.pdf
salaire_base.agents_payes_a_l_heure.categorie_3_3.echelon_18,1999-05-01,1.304,"Avenant n° 7 à la convention collective nationale du textile, agréé par arrêté du 9 juin 1999",https://www.pist.tn/jort/1999/1999A/Ja04899.pdf
salaire_base.agents_payes_a_l_heure.categorie_3_3.echelon_18,2000-05-01,1.362,"Avenant n° 7 à la convention collective nationale du textile, agréé par arrêté du 9 juin 1999",https://www.pist.tn/jort/1999/1999A/Ja04899.pdf
salaire_base.agents_payes_a_l_heure.categorie_3_3.echelon_18,2001-05-01,1.42,"Avenant n° 7 à la convention collective nationale du textile, agréé par arrêté du 9 juin 1999",https://www.pist.tn/jort/1999/1999A/Ja04899.pdf
salaire_base.agents_payes_a_l_heure.categorie_3_3.echelon_18,2002-05-01,1.478,"Avenant n° 8 à la convention collective nationale du textile, agréé par arrêté du 25 novembre 2002",https://www.pist.tn/jort/2002/2002A/Ja0972002.pdf
salaire_base.agents_payes_a_l_heure.categorie_3_3.echelon_18,2003-05-01,1.538,"Avenant n° 8 à la convention collective nationale du textile, agréé par arrêté du 25 novembre 2002",https://www.pist.tn/jort/2002/2002A/Ja0972002.pdf
salaire_base.agents_payes_a_l_heure.categorie_3_3.echelon_18,2004-05-01,1.603,"Avenant n° 8 à la convention collective nationale du textile, agréé par arrêté du 25 novembre 2002",https://www.pist.tn/jort/2002/2002A/Ja0972002.pdf
salaire_base.agents_payes_a_l_heure.categorie_3_3.echelon_18,2005-06-15,1.661,"Avenant n° 9 à la convention collective sectorielle du textile, agréé par arrêté du 17 janvier 2006",https://www.pist.tn/jort/2006/2006A/Ja0072006.pdf
salaire_base.agents_payes_a_l_heure.categorie_3_3.echelon_18,2006-05-01,1.724,"Avenant n° 9 à la convention collective sectorielle du textile, agréé par arrêté du 17 janvier 2006",https://www.pist.tn/jort/2006/2006A/Ja0072006.pdf
salaire_base.agents_payes_a_l_heure.categorie_3_3.echelon_18,2007-05-01,1.787,"Avenant n° 9 à la convention collective sectorielle du textile, agréé par arrêté du 17 janvier 2006",https://www.pist.tn/jort/2006/2006A/Ja0072006.pdf
salaire_base.agents_payes_a_l_heure.categorie_3_3.echelon_18,2008-05-01,1.873,"Avenant n° 10 à la convention collective sectorielle du textile, agréé par arrêté du 17 février 2009",https://www.pist.tn/jort/2009/2009A/Ja0162009.pdf
salaire_base.agents_payes_a_l_heure.categorie_3_3.echelon_18,2009-05-01,1.955,"Avenant n° 10 à la convention collective sectorielle du textile, agréé par arrêté du 17 février 2009",https://www.pist.tn/jort/2009/2009A/Ja0162009.pdf
salaire_base.agents_payes_a_l_heure.categorie_3_3.echelon_18,2010-05-01,2.049,"Avenant n° 10 à la convention collective sectorielle du textile, agréé par arrêté du 17 février 2009",https://www.pist.tn/jort/2009/2009A/Ja0162009.pdf
salaire_base.agents_payes_a_l_heure.categorie_3_3.echelon_18,2011-05-01,2.144,"Avenant n° 11 à la convention collective sectorielle du textile, agréé par arrêté du 11 octobre 2011",https://www.pist.tn/jort/2011/2011A/Ja0782011.pdf
salaire_base.agents_payes_a_l_heure.categorie_3_3.echelon_18,2012-05-01,2.263,"Avenant n° 12 à la convention collective sectorielle du textile, agréé par arrêté du 19 février 2013",https://www.pist.tn/jort/2013/2013A/Ja0162013.pdf
salaire_base.agents_payes_a_l_heure.categorie_3_3.echelon_18,2014-05-01,2.39,"Avenant n° 13 à la convention collective sectorielle du textile, agréé par arrêté du 17 octobre 2014",https://www.pist.tn/jort/2014/2014A/Ja0902014.pdf
salaire_base.agents_payes_a_l_heure.categorie_3_3.echelon_18,2015-09-01,2.524,"Avenant n° 14 à la convention collective sectorielle du textile, agréé par arrêté du 8 avril 2016",https://www.pist.tn/jort/2016/2016A/Ja0302016.pdf
salaire_base.agents_payes_a_l_heure.categorie_3_3.echelon_18,2016-08-01,2.666,"Avenant n° 15 à la convention collective sectorielle du textile, agréé par arrêté du 14 août 2017",https://www.pist.tn/jort/2017/2017A/Ja0662017.pdf
salaire_base.agents_payes_a_l_heure.categorie_3_3.echelon_18,2018-01-01,2.816,"Avenant n° 15 à la convention collective sectorielle du textile, agréé par arrêté du 14 août 2017",https://www.pist.tn/jort/2017/2017A/Ja0662017.pdf
salaire_base.agents_payes_a_l_heure.categorie_3_3.echelon_18,2019-01-01,3.003,"Avenant n° 16 à la convention collective sectorielle du textile, agréé par arrêté du 21 janvier 2019",https://www.pist.tn/jort/2019/2019A/Ja0112019.pdf
salaire_base.agents_payes_a_l_heure.categorie_3_3.echelon_18,2020-01-01,3.202,"Avenant n° 16 à la convention collective sectorielle du textile, agréé par arrêté du 21 janvier 2019",https://www.pist.tn/jort/2019/2019A/Ja0112019.pdf
salaire_base.agents_payes_a_l_heure.categorie_3_3.echelon_18,2021-09-01,3.41,"Avenant n° 17 à la convention collective sectorielle du textile, agréé par arrêté du 23 juin 2022",https://www.pist.tn/jort/2022/2022A/Ja0712022.pdf
salaire_base.agents_payes_a_l_heure.categorie_3_3.echelon_18,2022-05-01,3.649,"Avenant n° 17 à la convention collective sectorielle du textile, agréé par arrêté du 23 juin 2022",https://www.pist.tn/jort/2022/2022A/Ja0712022.pdf
salaire_base.agents_payes_a_l_heure.categorie_3_3.echelon_18,2024-01-01,3.886,"Avenant n° 18 à la convention collective sectorielle du textile, agréé par arrêté du 8 avril 2024",https://www.pist.tn/jort/2024/2024A/Ja0492024.pdf
salaire_base.agents_payes_a_l_heure.categorie_3_3.echelon_18,2025-01-01,4.139,"Avenant n° 18 à la convention collective sectorielle du textile, agréé par arrêté du 8 avril 2024",https://www.pist.tn/jort/2024/2024A/Ja0492024.pdf
salaire_base.agents_payes_a_l_heure.categorie_3_3.echelon_18,2026-01-01,4.428,"Avenant n° 18 à la convention collective sectorielle du textile, agréé par arrêté du 8 avril 2024",https://www.pist.tn/jort/2024/2024A/Ja0492024.pdf
salaire_base.agents_payes_a_l_heure.categorie_3_3.echelon_19,1999-05-01,1.312,"Avenant n° 7 à la convention collective nationale du textile, agréé par arrêté du 9 juin 1999",https://www.pist.tn/jort/1999/1999A/Ja04899.pdf
salaire_base.agents_payes_a_l_heure.categorie_3_3.echelon_19,2000-05-01,1.37,"Avenant n° 7 à la convention collective nationale du textile, agréé par arrêté du 9 juin 1999",https://www.pist.tn/jort/1999/1999A/Ja04899.pdf
salaire_base.agents_payes_a_l_heure.categorie_3_3.echelon_19,2001-05-01,1.428,"Avenant n° 7 à la convention collective nationale du textile, agréé par arrêté du 9 juin 1999",https://www.pist.tn/jort/1999/1999A/Ja04899.pdf
salaire_base.agents_payes_a_l_heure.categorie_3_3.echelon_19,2002-05-01,1.486,"Avenant n° 8 à la convention collective nationale du textile, agréé par arrêté du 25 novembre 2002",https://www.pist.tn/jort/2002/2002A/Ja0972002.pdf
salaire_base.agents_payes_a_l_heure.categorie_3_3.echelon_19,2003-05-01,1.546,"Avenant n° 8 à la convention collective nationale du textile, agréé par arrêté du 25 novembre 2002",https://www.pist.tn/jort/2002/2002A/Ja0972002.pdf
salaire_base.agents_payes_a_l_heure.categorie_3_3.echelon_19,2004-05-01,1.611,"Avenant n° 8 à la convention collective nationale du textile, agréé par arrêté du 25 novembre 2002",https://www.pist.tn/jort/2002/2002A/Ja0972002.pdf
salaire_base.agents_payes_a_l_heure.categorie_3_3.echelon_19,2005-06-15,1.669,"Avenant n° 9 à la convention collective sectorielle du textile, agréé par arrêté du 17 janvier 2006",https://www.pist.tn/jort/2006/2006A/Ja0072006.pdf
salaire_base.agents_payes_a_l_heure.categorie_3_3.echelon_19,2006-05-01,1.732,"Avenant n° 9 à la convention collective sectorielle du textile, agréé par arrêté du 17 janvier 2006",https://www.pist.tn/jort/2006/2006A/Ja0072006.pdf
salaire_base.agents_payes_a_l_heure.categorie_3_3.echelon_19,2007-05-01,1.795,"Avenant n° 9 à la convention collective sectorielle du textile, agréé par arrêté du 17 janvier 2006",https://www.pist.tn/jort/2006/2006A/Ja0072006.pdf
salaire_base.agents_payes_a_l_heure.categorie_3_3.echelon_19,2008-05-01,1.881,"Avenant n° 10 à la convention collective sectorielle du textile, agréé par arrêté du 17 février 2009",https://www.pist.tn/jort/2009/2009A/Ja0162009.pdf
salaire_base.agents_payes_a_l_heure.categorie_3_3.echelon_19,2009-05-01,1.963,"Avenant n° 10 à la convention collective sectorielle du textile, agréé par arrêté du 17 février 2009",https://www.pist.tn/jort/2009/2009A/Ja0162009.pdf
salaire_base.agents_payes_a_l_heure.categorie_3_3.echelon_19,2010-05-01,2.057,"Avenant n° 10 à la convention collective sectorielle du textile, agréé par arrêté du 17 février 2009",https://www.pist.tn/jort/2009/2009A/Ja0162009.pdf
salaire_base.agents_payes_a_l_heure.categorie_3_3.echelon_19,2011-05-01,2.152,"Avenant n° 11 à la convention collective sectorielle du textile, agréé par arrêté du 11 octobre 2011",https://www.pist.tn/jort/2011/2011A/Ja0782011.pdf
salaire_base.agents_payes_a_l_heure.categorie_3_3.echelon_19,2012-05-01,2.271,"Avenant n° 12 à la convention collective sectorielle du textile, agréé par arrêté du 19 février 2013",https://www.pist.tn/jort/2013/2013A/Ja0162013.pdf
salaire_base.agents_payes_a_l_heure.categorie_3_3.echelon_19,2014-05-01,2.398,"Avenant n° 13 à la convention collective sectorielle du textile, agréé par arrêté du 17 octobre 2014",https://www.pist.tn/jort/2014/2014A/Ja0902014.pdf
salaire_base.agents_payes_a_l_heure.categorie_3_3.echelon_19,2015-09-01,2.532,"Avenant n° 14 à la convention collective sectorielle du textile, agréé par arrêté du 8 avril 2016",https://www.pist.tn/jort/2016/2016A/Ja0302016.pdf
salaire_base.agents_payes_a_l_heure.categorie_3_3.echelon_19,2016-08-01,2.674,"Avenant n° 15 à la convention collective sectorielle du textile, agréé par arrêté du 14 août 2017",https://www.pist.tn/jort/2017/2017A/Ja0662017.pdf
salaire_base.agents_payes_a_l_heure.categorie_3_3.echelon_19,2018-01-01,2.824,"Avenant n° 15 à la convention collective sectorielle du textile, agréé par arrêté du 14 août 2017",https://www.pist.tn/jort/2017/2017A/Ja0662017.pdf
salaire_base.agents_payes_a_l_heure.categorie_3_3.echelon_19,2019-01-01,3.011,"Avenant n° 16 à la convention collective sectorielle du textile, agréé par arrêté du 21 janvier 2019",https://www.pist.tn/jort/2019/2019A/Ja0112019.pdf
salaire_base.agents_payes_a_l_heure.categorie_3_3.echelon_19,2020-01-01,3.21,"Avenant n° 16 à la convention collective sectorielle du textile, agréé par arrêté du 21 janvier 2019",https://www.pist.tn/jort/2019/2019A/Ja0112019.pdf
salaire_base.agents_payes_a_l_heure.categorie_3_3.echelon_19,2021-09-01,3.419,"Avenant n° 17 à la convention collective sectorielle du textile, agréé par arrêté du 23 juin 2022",https://www.pist.tn/jort/2022/2022A/Ja0712022.pdf
salaire_base.agents_payes_a_l_heure.categorie_3_3.echelon_19,2022-05-01,3.658,"Avenant n° 17 à la convention collective sectorielle du textile, agréé par arrêté du 23 juin 2022",https://www.pist.tn/jort/2022/2022A/Ja0712022.pdf
salaire_base.agents_payes_a_l_heure.categorie_3_3.echelon_19,2024-01-01,3.896,"Avenant n° 18 à la convention collective sectorielle du textile, agréé par arrêté du 8 avril 2024",https://www.pist.tn/jort/2024/2024A/Ja0492024.pdf
salaire_base.agents_payes_a_l_heure.categorie_3_3.echelon_19,2025-01-01,4.149,"Avenant n° 18 à la convention collective sectorielle du textile, agréé par arrêté du 8 avril 2024",https://www.pist.tn/jort/2024/2024A/Ja0492024.pdf
salaire_base.agents_payes_a_l_heure.categorie_3_3.echelon_19,2026-01-01,4.439,"Avenant n° 18 à la convention collective sectorielle du textile, agréé par arrêté du 8 avril 2024",https://www.pist.tn/jort/2024/2024A/Ja0492024.pdf
salaire_base.agents_payes_a_l_heure.categorie_3_3.echelon_20,1999-05-01,1.32,"Avenant n° 7 à la convention collective nationale du textile, agréé par arrêté du 9 juin 1999",https://www.pist.tn/jort/1999/1999A/Ja04899.pdf
salaire_base.agents_payes_a_l_heure.categorie_3_3.echelon_20,2000-05-01,1.378,"Avenant n° 7 à la convention collective nationale du textile, agréé par arrêté du 9 juin 1999",https://www.pist.tn/jort/1999/1999A/Ja04899.pdf
salaire_base.agents_payes_a_l_heure.categorie_3_3.echelon_20,2001-05-01,1.436,"Avenant n° 7 à la convention collective nationale du textile, agréé par arrêté du 9 juin 1999",https://www.pist.tn/jort/1999/1999A/Ja04899.pdf
salaire_base.agents_payes_a_l_heure.categorie_3_3.echelon_20,2002-05-01,1.494,"Avenant n° 8 à la convention collective nationale du textile, agréé par arrêté du 25 novembre 2002",https://www.pist.tn/jort/2002/2002A/Ja0972002.pdf
salaire_base.agents_payes_a_l_heure.categorie_3_3.echelon_20,2003-05-01,1.554,"Avenant n° 8 à la convention collective nationale du textile, agréé par arrêté du 25 novembre 2002",https://www.pist.tn/jort/2002/2002A/Ja0972002.pdf
salaire_base.agents_payes_a_l_heure.categorie_3_3.echelon_20,2004-05-01,1.619,"Avenant n° 8 à la convention collective nationale du textile, agréé par arrêté du 25 novembre 2002",https://www.pist.tn/jort/2002/2002A/Ja0972002.pdf
salaire_base.agents_payes_a_l_heure.categorie_3_3.echelon_20,2005-06-15,1.677,"Avenant n° 9 à la convention collective sectorielle du textile, agréé par arrêté du 17 janvier 2006",https://www.pist.tn/jort/2006/2006A/Ja0072006.pdf
salaire_base.agents_payes_a_l_heure.categorie_3_3.echelon_20,2006-05-01,1.74,"Avenant n° 9 à la convention collective sectorielle du textile, agréé par arrêté du 17 janvier 2006",https://www.pist.tn/jort/2006/2006A/Ja0072006.pdf
salaire_base.agents_payes_a_l_heure.categorie_3_3.echelon_20,2007-05-01,1.803,"Avenant n° 9 à la convention collective sectorielle du textile, agréé par arrêté du 17 janvier 2006",https://www.pist.tn/jort/2006/2006A/Ja0072006.pdf
salaire_base.agents_payes_a_l_heure.categorie_3_3.echelon_20,2008-05-01,1.889,"Avenant n° 10 à la convention collective sectorielle du textile, agréé par arrêté du 17 février 2009",https://www.pist.tn/jort/2009/2009A/Ja0162009.pdf
salaire_base.agents_payes_a_l_heure.categorie_3_3.echelon_20,2009-05-01,1.971,"Avenant n° 10 à la convention collective sectorielle du textile, agréé par arrêté du 17 février 2009",https://www.pist.tn/jort/2009/2009A/Ja0162009.pdf
salaire_base.agents_payes_a_l_heure.categorie_3_3.echelon_20,2010-05-01,2.065,"Avenant n° 10 à la convention collective sectorielle du textile, agréé par arrêté du 17 février 2009",https://www.pist.tn/jort/2009/2009A/Ja0162009.pdf
salaire_base.agents_payes_a_l_heure.categorie_3_3.echelon_20,2011-05-01,2.16,"Avenant n° 11 à la convention collective sectorielle du textile, agréé par arrêté du 11 octobre 2011",https://www.pist.tn/jort/2011/2011A/Ja0782011.pdf
salaire_base.agents_payes_a_l_heure.categorie_3_3.echelon_20,2012-05-01,2.279,"Avenant n° 12 à la convention collective sectorielle du textile, agréé par arrêté du 19 février 2013",https://www.pist.tn/jort/2013/2013A/Ja0162013.pdf
salaire_base.agents_payes_a_l_heure.categorie_3_3.echelon_20,2014-05-01,2.406,"Avenant n° 13 à la convention collective sectorielle du textile, agréé par arrêté du 17 octobre 2014",https://www.pist.tn/jort/2014/2014A/Ja0902014.pdf
salaire_base.agents_payes_a_l_heure.categorie_3_3.echelon_20,2015-09-01,2.54,"Avenant n° 14 à la convention collective sectorielle du textile, agréé par arrêté du 8 avril 2016",https://www.pist.tn/jort/2016/2016A/Ja0302016.pdf
salaire_base.agents_payes_a_l_heure.categorie_3_3.echelon_20,2016-08-01,2.682,"Avenant n° 15 à la convention collective sectorielle du textile, agréé par arrêté du 14 août 2017",https://www.pist.tn/jort/2017/2017A/Ja0662017.pdf
salaire_base.agents_payes_a_l_heure.categorie_3_3.echelon_20,2018-01-01,2.832,"Avenant n° 15 à la convention collective sectorielle du textile, agréé par arrêté du 14 août 2017",https://www.pist.tn/jort/2017/2017A/Ja0662017.pdf
salaire_base.agents_payes_a_l_heure.categorie_3_3.echelon_20,2019-01-01,3.019,"Avenant n° 16 à la convention collective sectorielle du textile, agréé par arrêté du 21 janvier 2019",https://www.pist.tn/jort/2019/2019A/Ja0112019.pdf
salaire_base.agents_payes_a_l_heure.categorie_3_3.echelon_20,2020-01-01,3.218,"Avenant n° 16 à la convention collective sectorielle du textile, agréé par arrêté du 21 janvier 2019",https://www.pist.tn/jort/2019/2019A/Ja0112019.pdf
salaire_base.agents_payes_a_l_heure.categorie_3_3.echelon_20,2021-09-01,3.427,"Avenant n° 17 à la convention collective sectorielle du textile, agréé par arrêté du 23 juin 2022",https://www.pist.tn/jort/2022/2022A/Ja0712022.pdf
salaire_base.agents_payes_a_l_heure.categorie_3_3.echelon_20,2022-05-01,3.667,"Avenant n° 17 à la convention collective sectorielle du textile, agréé par arrêté du 23 juin 2022",https://www.pist.tn/jort/2022/2022A/Ja0712022.pdf
salaire_base.agents_payes_a_l_heure.categorie_3_3.echelon_20,2024-01-01,3.905,"Avenant n° 18 à la convention collective sectorielle du textile, agréé par arrêté du 8 avril 2024",https://www.pist.tn/jort/2024/2024A/Ja0492024.pdf
salaire_base.agents_payes_a_l_heure.categorie_3_3.echelon_20,2025-01-01,4.159,"Avenant n° 18 à la convention collective sectorielle du textile, agréé par arrêté du 8 avril 2024",https://www.pist.tn/jort/2024/2024A/Ja0492024.pdf
salaire_base.agents_payes_a_l_heure.categorie_3_3.echelon_20,2026-01-01,4.45,"Avenant n° 18 à la convention collective sectorielle du textile, agréé par arrêté du 8 avril 2024",https://www.pist.tn/jort/2024/2024A/Ja0492024.pdf
salaire_base.agents_payes_a_l_heure.categorie_4_1.echelon_0,1994-05-01,0.931,"Avenant n° 5 à la convention collective nationale du textile, agréé par arrêté du 22 septembre 1994",https://www.pist.tn/jort/1994/1994F/Jo07894.pdf
salaire_base.agents_payes_a_l_heure.categorie_4_1.echelon_0,1995-05-01,0.979,"Avenant n° 5 à la convention collective nationale du textile, agréé par arrêté du 22 septembre 1994",https://www.pist.tn/jort/1994/1994F/Jo07894.pdf
salaire_base.agents_payes_a_l_heure.categorie_4_1.echelon_0,1996-05-01,1.042,"Avenant n° 6 à la convention collective nationale du textile, agréé par arrêté du 24 juillet 1996",https://www.pist.tn/jort/1996/1996A/Ja06096.pdf
salaire_base.agents_payes_a_l_heure.categorie_4_1.echelon_0,1997-05-01,1.105,"Avenant n° 6 à la convention collective nationale du textile, agréé par arrêté du 24 juillet 1996",https://www.pist.tn/jort/1996/1996A/Ja06096.pdf
salaire_base.agents_payes_a_l_heure.categorie_4_1.echelon_0,1998-05-01,1.168,"Avenant n° 6 à la convention collective nationale du textile, agréé par arrêté du 24 juillet 1996",https://www.pist.tn/jort/1996/1996A/Ja06096.pdf
salaire_base.agents_payes_a_l_heure.categorie_4_1.echelon_0,1999-05-01,1.231,"Avenant n° 7 à la convention collective nationale du textile, agréé par arrêté du 9 juin 1999",https://www.pist.tn/jort/1999/1999A/Ja04899.pdf
salaire_base.agents_payes_a_l_heure.categorie_4_1.echelon_0,2000-05-01,1.294,"Avenant n° 7 à la convention collective nationale du textile, agréé par arrêté du 9 juin 1999",https://www.pist.tn/jort/1999/1999A/Ja04899.pdf
salaire_base.agents_payes_a_l_heure.categorie_4_1.echelon_0,2001-05-01,1.357,"Avenant n° 7 à la convention collective nationale du textile, agréé par arrêté du 9 juin 1999",https://www.pist.tn/jort/1999/1999A/Ja04899.pdf
salaire_base.agents_payes_a_l_heure.categorie_4_1.echelon_0,2002-05-01,1.42,"Avenant n° 8 à la convention collective nationale du textile, agréé par arrêté du 25 novembre 2002",https://www.pist.tn/jort/2002/2002A/Ja0972002.pdf
salaire_base.agents_payes_a_l_heure.categorie_4_1.echelon_0,2003-05-01,1.485,"Avenant n° 8 à la convention collective nationale du textile, agréé par arrêté du 25 novembre 2002",https://www.pist.tn/jort/2002/2002A/Ja0972002.pdf
salaire_base.agents_payes_a_l_heure.categorie_4_1.echelon_0,2004-05-01,1.555,"Avenant n° 8 à la convention collective nationale du textile, agréé par arrêté du 25 novembre 2002",https://www.pist.tn/jort/2002/2002A/Ja0972002.pdf
salaire_base.agents_payes_a_l_heure.categorie_4_1.echelon_0,2005-06-15,1.618,"Avenant n° 9 à la convention collective sectorielle du textile, agréé par arrêté du 17 janvier 2006",https://www.pist.tn/jort/2006/2006A/Ja0072006.pdf
salaire_base.agents_payes_a_l_heure.categorie_4_1.echelon_0,2006-05-01,1.685,"Avenant n° 9 à la convention collective sectorielle du textile, agréé par arrêté du 17 janvier 2006",https://www.pist.tn/jort/2006/2006A/Ja0072006.pdf
salaire_base.agents_payes_a_l_heure.categorie_4_1.echelon_0,2007-05-01,1.752,"Avenant n° 9 à la convention collective sectorielle du textile, agréé par arrêté du 17 janvier 2006",https://www.pist.tn/jort/2006/2006A/Ja0072006.pdf
salaire_base.agents_payes_a_l_heure.categorie_4_1.echelon_0,2008-05-01,1.84,"Avenant n° 10 à la convention collective sectorielle du textile, agréé par arrêté du 17 février 2009",https://www.pist.tn/jort/2009/2009A/Ja0162009.pdf
salaire_base.agents_payes_a_l_heure.categorie_4_1.echelon_0,2009-05-01,1.928,"Avenant n° 10 à la convention collective sectorielle du textile, agréé par arrêté du 17 février 2009",https://www.pist.tn/jort/2009/2009A/Ja0162009.pdf
salaire_base.agents_payes_a_l_heure.categorie_4_1.echelon_0,2010-05-01,2.024,"Avenant n° 10 à la convention collective sectorielle du textile, agréé par arrêté du 17 février 2009",https://www.pist.tn/jort/2009/2009A/Ja0162009.pdf
salaire_base.agents_payes_a_l_heure.categorie_4_1.echelon_0,2011-05-01,2.126,"Avenant n° 11 à la convention collective sectorielle du textile, agréé par arrêté du 11 octobre 2011",https://www.pist.tn/jort/2011/2011A/Ja0782011.pdf
salaire_base.agents_payes_a_l_heure.categorie_4_1.echelon_0,2012-05-01,2.253,"Avenant n° 12 à la convention collective sectorielle du textile, agréé par arrêté du 19 février 2013",https://www.pist.tn/jort/2013/2013A/Ja0162013.pdf
salaire_base.agents_payes_a_l_heure.categorie_4_1.echelon_0,2014-05-01,2.388,"Avenant n° 13 à la convention collective sectorielle du textile, agréé par arrêté du 17 octobre 2014",https://www.pist.tn/jort/2014/2014A/Ja0902014.pdf
salaire_base.agents_payes_a_l_heure.categorie_4_1.echelon_0,2015-09-01,2.532,"Avenant n° 14 à la convention collective sectorielle du textile, agréé par arrêté du 8 avril 2016",https://www.pist.tn/jort/2016/2016A/Ja0302016.pdf
salaire_base.agents_payes_a_l_heure.categorie_4_1.echelon_0,2016-08-01,2.684,"Avenant n° 15 à la convention collective sectorielle du textile, agréé par arrêté du 14 août 2017",https://www.pist.tn/jort/2017/2017A/Ja0662017.pdf
salaire_base.agents_payes_a_l_heure.categorie_4_1.echelon_0,2018-01-01,2.845,"Avenant n° 15 à la convention collective sectorielle du textile, agréé par arrêté du 14 août 2017",https://www.pist.tn/jort/2017/2017A/Ja0662017.pdf
salaire_base.agents_payes_a_l_heure.categorie_4_1.echelon_0,2019-01-01,3.044,"Avenant n° 16 à la convention collective sectorielle du textile, agréé par arrêté du 21 janvier 2019",https://www.pist.tn/jort/2019/2019A/Ja0112019.pdf
salaire_base.agents_payes_a_l_heure.categorie_4_1.echelon_0,2020-01-01,3.257,"Avenant n° 16 à la convention collective sectorielle du textile, agréé par arrêté du 21 janvier 2019",https://www.pist.tn/jort/2019/2019A/Ja0112019.pdf
salaire_base.agents_payes_a_l_heure.categorie_4_1.echelon_0,2021-09-01,3.468,"Avenant n° 17 à la convention collective sectorielle du textile, agréé par arrêté du 23 juin 2022",https://www.pist.tn/jort/2022/2022A/Ja0712022.pdf
salaire_base.agents_payes_a_l_heure.categorie_4_1.echelon_0,2022-05-01,3.711,"Avenant n° 17 à la convention collective sectorielle du textile, agréé par arrêté du 23 juin 2022",https://www.pist.tn/jort/2022/2022A/Ja0712022.pdf
salaire_base.agents_payes_a_l_heure.categorie_4_1.echelon_0,2024-01-01,3.953,"Avenant n° 18 à la convention collective sectorielle du textile, agréé par arrêté du 8 avril 2024",https://www.pist.tn/jort/2024/2024A/Ja0492024.pdf
salaire_base.agents_payes_a_l_heure.categorie_4_1.echelon_0,2025-01-01,4.209,"Avenant n° 18 à la convention collective sectorielle du textile, agréé par arrêté du 8 avril 2024",https://www.pist.tn/jort/2024/2024A/Ja0492024.pdf
salaire_base.agents_payes_a_l_heure.categorie_4_1.echelon_0,2026-01-01,4.504,"Avenant n° 18 à la convention collective sectorielle du textile, agréé par arrêté du 8 avril 2024",https://www.pist.tn/jort/2024/2024A/Ja0492024.pdf
salaire_base.agents_payes_a_l_heure.categorie_4_1.echelon_1,1994-05-01,0.941,"Avenant n° 5 à la convention collective nationale du textile, agréé par arrêté du 22 septembre 1994",https://www.pist.tn/jort/1994/1994F/Jo07894.pdf
salaire_base.agents_payes_a_l_heure.categorie_4_1.echelon_1,1995-05-01,0.989,"Avenant n° 5 à la convention collective nationale du textile, agréé par arrêté du 22 septembre 1994",https://www.pist.tn/jort/1994/1994F/Jo07894.pdf
salaire_base.agents_payes_a_l_heure.categorie_4_1.echelon_1,1996-05-01,1.052,"Avenant n° 6 à la convention collective nationale du textile, agréé par arrêté du 24 juillet 1996",https://www.pist.tn/jort/1996/1996A/Ja06096.pdf
salaire_base.agents_payes_a_l_heure.categorie_4_1.echelon_1,1997-05-01,1.115,"Avenant n° 6 à la convention collective nationale du textile, agréé par arrêté du 24 juillet 1996",https://www.pist.tn/jort/1996/1996A/Ja06096.pdf
salaire_base.agents_payes_a_l_heure.categorie_4_1.echelon_1,1998-05-01,1.178,"Avenant n° 6 à la convention collective nationale du textile, agréé par arrêté du 24 juillet 1996",https://www.pist.tn/jort/1996/1996A/Ja06096.pdf
salaire_base.agents_payes_a_l_heure.categorie_4_1.echelon_1,1999-05-01,1.241,"Avenant n° 7 à la convention collective nationale du textile, agréé par arrêté du 9 juin 1999",https://www.pist.tn/jort/1999/1999A/Ja04899.pdf
salaire_base.agents_payes_a_l_heure.categorie_4_1.echelon_1,2000-05-01,1.304,"Avenant n° 7 à la convention collective nationale du textile, agréé par arrêté du 9 juin 1999",https://www.pist.tn/jort/1999/1999A/Ja04899.pdf
salaire_base.agents_payes_a_l_heure.categorie_4_1.echelon_1,2001-05-01,1.367,"Avenant n° 7 à la convention collective nationale du textile, agréé par arrêté du 9 juin 1999",https://www.pist.tn/jort/1999/1999A/Ja04899.pdf
salaire_base.agents_payes_a_l_heure.categorie_4_1.echelon_1,2002-05-01,1.43,"Avenant n° 8 à la convention collective nationale du textile, agréé par arrêté du 25 novembre 2002",https://www.pist.tn/jort/2002/2002A/Ja0972002.pdf
salaire_base.agents_payes_a_l_heure.categorie_4_1.echelon_1,2003-05-01,1.495,"Avenant n° 8 à la convention collective nationale du textile, agréé par arrêté du 25 novembre 2002",https://www.pist.tn/jort/2002/2002A/Ja0972002.pdf
salaire_base.agents_payes_a_l_heure.categorie_4_1.echelon_1,2004-05-01,1.565,"Avenant n° 8 à la convention collective nationale du textile, agréé par arrêté du 25 novembre 2002",https://www.pist.tn/jort/2002/2002A/Ja0972002.pdf
salaire_base.agents_payes_a_l_heure.categorie_4_1.echelon_1,2005-06-15,1.628,"Avenant n° 9 à la convention collective sectorielle du textile, agréé par arrêté du 17 janvier 2006",https://www.pist.tn/jort/2006/2006A/Ja0072006.pdf
salaire_base.agents_payes_a_l_heure.categorie_4_1.echelon_1,2006-05-01,1.695,"Avenant n° 9 à la convention collective sectorielle du textile, agréé par arrêté du 17 janvier 2006",https://www.pist.tn/jort/2006/2006A/Ja0072006.pdf
salaire_base.agents_payes_a_l_heure.categorie_4_1.echelon_1,2007-05-01,1.762,"Avenant n° 9 à la convention collective sectorielle du textile, agréé par arrêté du 17 janvier 2006",https://www.pist.tn/jort/2006/2006A/Ja0072006.pdf
salaire_base.agents_payes_a_l_heure.categorie_4_1.echelon_1,2008-05-01,1.856,"Avenant n° 10 à la convention collective sectorielle du textile, agréé par arrêté du 17 février 2009",https://www.pist.tn/jort/2009/2009A/Ja0162009.pdf
salaire_base.agents_payes_a_l_heure.categorie_4_1.echelon_1,2009-05-01,1.944,"Avenant n° 10 à la convention collective sectorielle du textile, agréé par arrêté du 17 février 2009",https://www.pist.tn/jort/2009/2009A/Ja0162009.pdf
salaire_base.agents_payes_a_l_heure.categorie_4_1.echelon_1,2010-05-01,2.045,"Avenant n° 10 à la convention collective sectorielle du textile, agréé par arrêté du 17 février 2009",https://www.pist.tn/jort/2009/2009A/Ja0162009.pdf
salaire_base.agents_payes_a_l_heure.categorie_4_1.echelon_1,2011-05-01,2.147,"Avenant n° 11 à la convention collective sectorielle du textile, agréé par arrêté du 11 octobre 2011",https://www.pist.tn/jort/2011/2011A/Ja0782011.pdf
salaire_base.agents_payes_a_l_heure.categorie_4_1.echelon_1,2012-05-01,2.274,"Avenant n° 12 à la convention collective sectorielle du textile, agréé par arrêté du 19 février 2013",https://www.pist.tn/jort/2013/2013A/Ja0162013.pdf
salaire_base.agents_payes_a_l_heure.categorie_4_1.echelon_1,2014-05-01,2.409,"Avenant n° 13 à la convention collective sectorielle du textile, agréé par arrêté du 17 octobre 2014",https://www.pist.tn/jort/2014/2014A/Ja0902014.pdf
salaire_base.agents_payes_a_l_heure.categorie_4_1.echelon_1,2015-09-01,2.553,"Avenant n° 14 à la convention collective sectorielle du textile, agréé par arrêté du 8 avril 2016",https://www.pist.tn/jort/2016/2016A/Ja0302016.pdf
salaire_base.agents_payes_a_l_heure.categorie_4_1.echelon_1,2016-08-01,2.705,"Avenant n° 15 à la convention collective sectorielle du textile, agréé par arrêté du 14 août 2017",https://www.pist.tn/jort/2017/2017A/Ja0662017.pdf
salaire_base.agents_payes_a_l_heure.categorie_4_1.echelon_1,2018-01-01,2.866,"Avenant n° 15 à la convention collective sectorielle du textile, agréé par arrêté du 14 août 2017",https://www.pist.tn/jort/2017/2017A/Ja0662017.pdf
salaire_base.agents_payes_a_l_heure.categorie_4_1.echelon_1,2019-01-01,3.065,"Avenant n° 16 à la convention collective sectorielle du textile, agréé par arrêté du 21 janvier 2019",https://www.pist.tn/jort/2019/2019A/Ja0112019.pdf
salaire_base.agents_payes_a_l_heure.categorie_4_1.echelon_1,2020-01-01,3.278,"Avenant n° 16 à la convention collective sectorielle du textile, agréé par arrêté du 21 janvier 2019",https://www.pist.tn/jort/2019/2019A/Ja0112019.pdf
salaire_base.agents_payes_a_l_heure.categorie_4_1.echelon_1,2021-09-01,3.491,"Avenant n° 17 à la convention collective sectorielle du textile, agréé par arrêté du 23 juin 2022",https://www.pist.tn/jort/2022/2022A/Ja0712022.pdf
salaire_base.agents_payes_a_l_heure.categorie_4_1.echelon_1,2022-05-01,3.735,"Avenant n° 17 à la convention collective sectorielle du textile, agréé par arrêté du 23 juin 2022",https://www.pist.tn/jort/2022/2022A/Ja0712022.pdf
salaire_base.agents_payes_a_l_heure.categorie_4_1.echelon_1,2024-01-01,3.978,"Avenant n° 18 à la convention collective sectorielle du textile, agréé par arrêté du 8 avril 2024",https://www.pist.tn/jort/2024/2024A/Ja0492024.pdf
salaire_base.agents_payes_a_l_heure.categorie_4_1.echelon_1,2025-01-01,4.237,"Avenant n° 18 à la convention collective sectorielle du textile, agréé par arrêté du 8 avril 2024",https://www.pist.tn/jort/2024/2024A/Ja0492024.pdf
salaire_base.agents_payes_a_l_heure.categorie_4_1.echelon_1,2026-01-01,4.533,"Avenant n° 18 à la convention collective sectorielle du textile, agréé par arrêté du 8 avril 2024",https://www.pist.tn/jort/2024/2024A/Ja0492024.pdf
salaire_base.agents_payes_a_l_heure.categorie_4_1.echelon_2,1994-05-01,0.952,"Avenant n° 5 à la convention collective nationale du textile, agréé par arrêté du 22 septembre 1994",https://www.pist.tn/jort/1994/1994F/Jo07894.pdf
salaire_base.agents_payes_a_l_heure.categorie_4_1.echelon_2,1995-05-01,1.0,"Avenant n° 5 à la convention collective nationale du textile, agréé par arrêté du 22 septembre 1994",https://www.pist.tn/jort/1994/1994F/Jo07894.pdf
salaire_base.agents_payes_a_l_heure.categorie_4_1.echelon_2,1996-05-01,1.063,"Avenant n° 6 à la convention collective nationale du textile, agréé par arrêté du 24 juillet 1996",https://www.pist.tn/jort/1996/1996A/Ja06096.pdf
salaire_base.agents_payes_a_l_heure.categorie_4_1.echelon_2,1997-05-01,1.126,"Avenant n° 6 à la convention collective nationale du textile, agréé par arrêté du 24 juillet 1996",https://www.pist.tn/jort/1996/1996A/Ja06096.pdf
salaire_base.agents_payes_a_l_heure.categorie_4_1.echelon_2,1998-05-01,1.189,"Avenant n° 6 à la convention collective nationale du textile, agréé par arrêté du 24 juillet 1996",https://www.pist.tn/jort/1996/1996A/Ja06096.pdf
salaire_base.agents_payes_a_l_heure.categorie_4_1.echelon_2,1999-05-01,1.252,"Avenant n° 7 à la convention collective nationale du textile, agréé par arrêté du 9 juin 1999",https://www.pist.tn/jort/1999/1999A/Ja04899.pdf
salaire_base.agents_payes_a_l_heure.categorie_4_1.echelon_2,2000-05-01,1.315,"Avenant n° 7 à la convention collective nationale du textile, agréé par arrêté du 9 juin 1999",https://www.pist.tn/jort/1999/1999A/Ja04899.pdf
salaire_base.agents_payes_a_l_heure.categorie_4_1.echelon_2,2001-05-01,1.378,"Avenant n° 7 à la convention collective nationale du textile, agréé par arrêté du 9 juin 1999",https://www.pist.tn/jort/1999/1999A/Ja04899.pdf
salaire_base.agents_payes_a_l_heure.categorie_4_1.echelon_2,2002-05-01,1.441,"Avenant n° 8 à la convention collective nationale du textile, agréé par arrêté du 25 novembre 2002",https://www.pist.tn/jort/2002/2002A/Ja0972002.pdf
salaire_base.agents_payes_a_l_heure.categorie_4_1.echelon_2,2003-05-01,1.506,"Avenant n° 8 à la convention collective nationale du textile, agréé par arrêté du 25 novembre 2002",https://www.pist.tn/jort/2002/2002A/Ja0972002.pdf
salaire_base.agents_payes_a_l_heure.categorie_4_1.echelon_2,2004-05-01,1.576,"Avenant n° 8 à la convention collective nationale du textile, agréé par arrêté du 25 novembre 2002",https://www.pist.tn/jort/2002/2002A/Ja0972002.pdf
salaire_base.agents_payes_a_l_heure.categorie_4_1.echelon_2,2005-06-15,1.639,"Avenant n° 9 à la convention collective sectorielle du textile, agréé par arrêté du 17 janvier 2006",https://www.pist.tn/jort/2006/2006A/Ja0072006.pdf
salaire_base.agents_payes_a_l_heure.categorie_4_1.echelon_2,2006-05-01,1.706,"Avenant n° 9 à la convention collective sectorielle du textile, agréé par arrêté du 17 janvier 2006",https://www.pist.tn/jort/2006/2006A/Ja0072006.pdf
salaire_base.agents_payes_a_l_heure.categorie_4_1.echelon_2,2007-05-01,1.773,"Avenant n° 9 à la convention collective sectorielle du textile, agréé par arrêté du 17 janvier 2006",https://www.pist.tn/jort/2006/2006A/Ja0072006.pdf
salaire_base.agents_payes_a_l_heure.categorie_4_1.echelon_2,2008-05-01,1.867,"Avenant n° 10 à la convention collective sectorielle du textile, agréé par arrêté du 17 février 2009",https://www.pist.tn/jort/2009/2009A/Ja0162009.pdf
salaire_base.agents_payes_a_l_heure.categorie_4_1.echelon_2,2009-05-01,1.955,"Avenant n° 10 à la convention collective sectorielle du textile, agréé par arrêté du 17 février 2009",https://www.pist.tn/jort/2009/2009A/Ja0162009.pdf
salaire_base.agents_payes_a_l_heure.categorie_4_1.echelon_2,2010-05-01,2.056,"Avenant n° 10 à la convention collective sectorielle du textile, agréé par arrêté du 17 février 2009",https://www.pist.tn/jort/2009/2009A/Ja0162009.pdf
salaire_base.agents_payes_a_l_heure.categorie_4_1.echelon_2,2011-05-01,2.158,"Avenant n° 11 à la convention collective sectorielle du textile, agréé par arrêté du 11 octobre 2011",https://www.pist.tn/jort/2011/2011A/Ja0782011.pdf
salaire_base.agents_payes_a_l_heure.categorie_4_1.echelon_2,2012-05-01,2.285,"Avenant n° 12 à la convention collective sectorielle du textile, agréé par arrêté du 19 février 2013",https://www.pist.tn/jort/2013/2013A/Ja0162013.pdf
salaire_base.agents_payes_a_l_heure.categorie_4_1.echelon_2,2014-05-01,2.42,"Avenant n° 13 à la convention collective sectorielle du textile, agréé par arrêté du 17 octobre 2014",https://www.pist.tn/jort/2014/2014A/Ja0902014.pdf
salaire_base.agents_payes_a_l_heure.categorie_4_1.echelon_2,2015-09-01,2.564,"Avenant n° 14 à la convention collective sectorielle du textile, agréé par arrêté du 8 avril 2016",https://www.pist.tn/jort/2016/2016A/Ja0302016.pdf
salaire_base.agents_payes_a_l_heure.categorie_4_1.echelon_2,2016-08-01,2.716,"Avenant n° 15 à la convention collective sectorielle du textile, agréé par arrêté du 14 août 2017",https://www.pist.tn/jort/2017/2017A/Ja0662017.pdf
salaire_base.agents_payes_a_l_heure.categorie_4_1.echelon_2,2018-01-01,2.877,"Avenant n° 15 à la convention collective sectorielle du textile, agréé par arrêté du 14 août 2017",https://www.pist.tn/jort/2017/2017A/Ja0662017.pdf
salaire_base.agents_payes_a_l_heure.categorie_4_1.echelon_2,2019-01-01,3.076,"Avenant n° 16 à la convention collective sectorielle du textile, agréé par arrêté du 21 janvier 2019",https://www.pist.tn/jort/2019/2019A/Ja0112019.pdf
salaire_base.agents_payes_a_l_heure.categorie_4_1.echelon_2,2020-01-01,3.289,"Avenant n° 16 à la convention collective sectorielle du textile, agréé par arrêté du 21 janvier 2019",https://www.pist.tn/jort/2019/2019A/Ja0112019.pdf
salaire_base.agents_payes_a_l_heure.categorie_4_1.echelon_2,2021-09-01,3.503,"Avenant n° 17 à la convention collective sectorielle du textile, agréé par arrêté du 23 juin 2022",https://www.pist.tn/jort/2022/2022A/Ja0712022.pdf
salaire_base.agents_payes_a_l_heure.categorie_4_1.echelon_2,2022-05-01,3.748,"Avenant n° 17 à la convention collective sectorielle du textile, agréé par arrêté du 23 juin 2022",https://www.pist.tn/jort/2022/2022A/Ja0712022.pdf
salaire_base.agents_payes_a_l_heure.categorie_4_1.echelon_2,2024-01-01,3.991,"Avenant n° 18 à la convention collective sectorielle du textile, agréé par arrêté du 8 avril 2024",https://www.pist.tn/jort/2024/2024A/Ja0492024.pdf
salaire_base.agents_payes_a_l_heure.categorie_4_1.echelon_2,2025-01-01,4.251,"Avenant n° 18 à la convention collective sectorielle du textile, agréé par arrêté du 8 avril 2024",https://www.pist.tn/jort/2024/2024A/Ja0492024.pdf
salaire_base.agents_payes_a_l_heure.categorie_4_1.echelon_2,2026-01-01,4.548,"Avenant n° 18 à la convention collective sectorielle du textile, agréé par arrêté du 8 avril 2024",https://www.pist.tn/jort/2024/2024A/Ja0492024.pdf
salaire_base.agents_payes_a_l_heure.categorie_4_1.echelon_3,1994-05-01,0.963,"Avenant n° 5 à la convention collective nationale du textile, agréé par arrêté du 22 septembre 1994",https://www.pist.tn/jort/1994/1994F/Jo07894.pdf
salaire_base.agents_payes_a_l_heure.categorie_4_1.echelon_3,1995-05-01,1.011,"Avenant n° 5 à la convention collective nationale du textile, agréé par arrêté du 22 septembre 1994",https://www.pist.tn/jort/1994/1994F/Jo07894.pdf
salaire_base.agents_payes_a_l_heure.categorie_4_1.echelon_3,1996-05-01,1.074,"Avenant n° 6 à la convention collective nationale du textile, agréé par arrêté du 24 juillet 1996",https://www.pist.tn/jort/1996/1996A/Ja06096.pdf
salaire_base.agents_payes_a_l_heure.categorie_4_1.echelon_3,1997-05-01,1.137,"Avenant n° 6 à la convention collective nationale du textile, agréé par arrêté du 24 juillet 1996",https://www.pist.tn/jort/1996/1996A/Ja06096.pdf
salaire_base.agents_payes_a_l_heure.categorie_4_1.echelon_3,1998-05-01,1.2,"Avenant n° 6 à la convention collective nationale du textile, agréé par arrêté du 24 juillet 1996",https://www.pist.tn/jort/1996/1996A/Ja06096.pdf
salaire_base.agents_payes_a_l_heure.categorie_4_1.echelon_3,1999-05-01,1.263,"Avenant n° 7 à la convention collective nationale du textile, agréé par arrêté du 9 juin 1999",https://www.pist.tn/jort/1999/1999A/Ja04899.pdf
salaire_base.agents_payes_a_l_heure.categorie_4_1.echelon_3,2000-05-01,1.326,"Avenant n° 7 à la convention collective nationale du textile, agréé par arrêté du 9 juin 1999",https://www.pist.tn/jort/1999/1999A/Ja04899.pdf
salaire_base.agents_payes_a_l_heure.categorie_4_1.echelon_3,2001-05-01,1.389,"Avenant n° 7 à la convention collective nationale du textile, agréé par arrêté du 9 juin 1999",https://www.pist.tn/jort/1999/1999A/Ja04899.pdf
salaire_base.agents_payes_a_l_heure.categorie_4_1.echelon_3,2002-05-01,1.452,"Avenant n° 8 à la convention collective nationale du textile, agréé par arrêté du 25 novembre 2002",https://www.pist.tn/jort/2002/2002A/Ja0972002.pdf
salaire_base.agents_payes_a_l_heure.categorie_4_1.echelon_3,2003-05-01,1.517,"Avenant n° 8 à la convention collective nationale du textile, agréé par arrêté du 25 novembre 2002",https://www.pist.tn/jort/2002/2002A/Ja0972002.pdf
salaire_base.agents_payes_a_l_heure.categorie_4_1.echelon_3,2004-05-01,1.587,"Avenant n° 8 à la convention collective nationale du textile, agréé par arrêté du 25 novembre 2002",https://www.pist.tn/jort/2002/2002A/Ja0972002.pdf
salaire_base.agents_payes_a_l_heure.categorie_4_1.echelon_3,2005-06-15,1.65,"Avenant n° 9 à la convention collective sectorielle du textile, agréé par arrêté du 17 janvier 2006",https://www.pist.tn/jort/2006/2006A/Ja0072006.pdf
salaire_base.agents_payes_a_l_heure.categorie_4_1.echelon_3,2006-05-01,1.717,"Avenant n° 9 à la convention collective sectorielle du textile, agréé par arrêté du 17 janvier 2006",https://www.pist.tn/jort/2006/2006A/Ja0072006.pdf
salaire_base.agents_payes_a_l_heure.categorie_4_1.echelon_3,2007-05-01,1.784,"Avenant n° 9 à la convention collective sectorielle du textile, agréé par arrêté du 17 janvier 2006",https://www.pist.tn/jort/2006/2006A/Ja0072006.pdf
salaire_base.agents_payes_a_l_heure.categorie_4_1.echelon_3,2008-05-01,1.878,"Avenant n° 10 à la convention collective sectorielle du textile, agréé par arrêté du 17 février 2009",https://www.pist.tn/jort/2009/2009A/Ja0162009.pdf
salaire_base.agents_payes_a_l_heure.categorie_4_1.echelon_3,2009-05-01,1.966,"Avenant n° 10 à la convention collective sectorielle du textile, agréé par arrêté du 17 février 2009",https://www.pist.tn/jort/2009/2009A/Ja0162009.pdf
salaire_base.agents_payes_a_l_heure.categorie_4_1.echelon_3,2010-05-01,2.067,"Avenant n° 10 à la convention collective sectorielle du textile, agréé par arrêté du 17 février 2009",https://www.pist.tn/jort/2009/2009A/Ja0162009.pdf
salaire_base.agents_payes_a_l_heure.categorie_4_1.echelon_3,2011-05-01,2.169,"Avenant n° 11 à la convention collective sectorielle du textile, agréé par arrêté du 11 octobre 2011",https://www.pist.tn/jort/2011/2011A/Ja0782011.pdf
salaire_base.agents_payes_a_l_heure.categorie_4_1.echelon_3,2012-05-01,2.296,"Avenant n° 12 à la convention collective sectorielle du textile, agréé par arrêté du 19 février 2013",https://www.pist.tn/jort/2013/2013A/Ja0162013.pdf
salaire_base.agents_payes_a_l_heure.categorie_4_1.echelon_3,2014-05-01,2.431,"Avenant n° 13 à la convention collective sectorielle du textile, agréé par arrêté du 17 octobre 2014",https://www.pist.tn/jort/2014/2014A/Ja0902014.pdf
salaire_base.agents_payes_a_l_heure.categorie_4_1.echelon_3,2015-09-01,2.575,"Avenant n° 14 à la convention collective sectorielle du textile, agréé par arrêté du 8 avril 2016",https://www.pist.tn/jort/2016/2016A/Ja0302016.pdf
salaire_base.agents_payes_a_l_heure.categorie_4_1.echelon_3,2016-08-01,2.727,"Avenant n° 15 à la convention collective sectorielle du textile, agréé par arrêté du 14 août 2017",https://www.pist.tn/jort/2017/2017A/Ja0662017.pdf
salaire_base.agents_payes_a_l_heure.categorie_4_1.echelon_3,2018-01-01,2.888,"Avenant n° 15 à la convention collective sectorielle du textile, agréé par arrêté du 14 août 2017",https://www.pist.tn/jort/2017/2017A/Ja0662017.pdf
salaire_base.agents_payes_a_l_heure.categorie_4_1.echelon_3,2019-01-01,3.087,"Avenant n° 16 à la convention collective sectorielle du textile, agréé par arrêté du 21 janvier 2019",https://www.pist.tn/jort/2019/2019A/Ja0112019.pdf
salaire_base.agents_payes_a_l_heure.categorie_4_1.echelon_3,2020-01-01,3.3,"Avenant n° 16 à la convention collective sectorielle du textile, agréé par arrêté du 21 janvier 2019",https://www.pist.tn/jort/2019/2019A/Ja0112019.pdf
salaire_base.agents_payes_a_l_heure.categorie_4_1.echelon_3,2021-09-01,3.514,"Avenant n° 17 à la convention collective sectorielle du textile, agréé par arrêté du 23 juin 2022",https://www.pist.tn/jort/2022/2022A/Ja0712022.pdf
salaire_base.agents_payes_a_l_heure.categorie_4_1.echelon_3,2022-05-01,3.76,"Avenant n° 17 à la convention collective sectorielle du textile, agréé par arrêté du 23 juin 2022",https://www.pist.tn/jort/2022/2022A/Ja0712022.pdf
salaire_base.agents_payes_a_l_heure.categorie_4_1.echelon_3,2024-01-01,4.005,"Avenant n° 18 à la convention collective sectorielle du textile, agréé par arrêté du 8 avril 2024",https://www.pist.tn/jort/2024/2024A/Ja0492024.pdf
salaire_base.agents_payes_a_l_heure.categorie_4_1.echelon_3,2025-01-01,4.265,"Avenant n° 18 à la convention collective sectorielle du textile, agréé par arrêté du 8 avril 2024",https://www.pist.tn/jort/2024/2024A/Ja0492024.pdf
salaire_base.agents_payes_a_l_heure.categorie_4_1.echelon_3,2026-01-01,4.564,"Avenant n° 18 à la convention collective sectorielle du textile, agréé par arrêté du 8 avril 2024",https://www.pist.tn/jort/2024/2024A/Ja0492024.pdf
salaire_base.agents_payes_a_l_heure.categorie_4_1.echelon_4,1994-05-01,0.974,"Avenant n° 5 à la convention collective nationale du textile, agréé par arrêté du 22 septembre 1994",https://www.pist.tn/jort/1994/1994F/Jo07894.pdf
salaire_base.agents_payes_a_l_heure.categorie_4_1.echelon_4,1995-05-01,1.022,"Avenant n° 5 à la convention collective nationale du textile, agréé par arrêté du 22 septembre 1994",https://www.pist.tn/jort/1994/1994F/Jo07894.pdf
salaire_base.agents_payes_a_l_heure.categorie_4_1.echelon_4,1996-05-01,1.085,"Avenant n° 6 à la convention collective nationale du textile, agréé par arrêté du 24 juillet 1996",https://www.pist.tn/jort/1996/1996A/Ja06096.pdf
salaire_base.agents_payes_a_l_heure.categorie_4_1.echelon_4,1997-05-01,1.148,"Avenant n° 6 à la convention collective nationale du textile, agréé par arrêté du 24 juillet 1996",https://www.pist.tn/jort/1996/1996A/Ja06096.pdf
salaire_base.agents_payes_a_l_heure.categorie_4_1.echelon_4,1998-05-01,1.211,"Avenant n° 6 à la convention collective nationale du textile, agréé par arrêté du 24 juillet 1996",https://www.pist.tn/jort/1996/1996A/Ja06096.pdf
salaire_base.agents_payes_a_l_heure.categorie_4_1.echelon_4,1999-05-01,1.274,"Avenant n° 7 à la convention collective nationale du textile, agréé par arrêté du 9 juin 1999",https://www.pist.tn/jort/1999/1999A/Ja04899.pdf
salaire_base.agents_payes_a_l_heure.categorie_4_1.echelon_4,2000-05-01,1.337,"Avenant n° 7 à la convention collective nationale du textile, agréé par arrêté du 9 juin 1999",https://www.pist.tn/jort/1999/1999A/Ja04899.pdf
salaire_base.agents_payes_a_l_heure.categorie_4_1.echelon_4,2001-05-01,1.4,"Avenant n° 7 à la convention collective nationale du textile, agréé par arrêté du 9 juin 1999",https://www.pist.tn/jort/1999/1999A/Ja04899.pdf
salaire_base.agents_payes_a_l_heure.categorie_4_1.echelon_4,2002-05-01,1.463,"Avenant n° 8 à la convention collective nationale du textile, agréé par arrêté du 25 novembre 2002",https://www.pist.tn/jort/2002/2002A/Ja0972002.pdf
salaire_base.agents_payes_a_l_heure.categorie_4_1.echelon_4,2003-05-01,1.528,"Avenant n° 8 à la convention collective nationale du textile, agréé par arrêté du 25 novembre 2002",https://www.pist.tn/jort/2002/2002A/Ja0972002.pdf
salaire_base.agents_payes_a_l_heure.categorie_4_1.echelon_4,2004-05-01,1.598,"Avenant n° 8 à la convention collective nationale du textile, agréé par arrêté du 25 novembre 2002",https://www.pist.tn/jort/2002/2002A/Ja0972002.pdf
salaire_base.agents_payes_a_l_heure.categorie_4_1.echelon_4,2005-06-15,1.661,"Avenant n° 9 à la convention collective sectorielle du textile, agréé par arrêté du 17 janvier 2006",https://www.pist.tn/jort/2006/2006A/Ja0072006.pdf
salaire_base.agents_payes_a_l_heure.categorie_4_1.echelon_4,2006-05-01,1.728,"Avenant n° 9 à la convention collective sectorielle du textile, agréé par arrêté du 17 janvier 2006",https://www.pist.tn/jort/2006/2006A/Ja0072006.pdf
salaire_base.agents_payes_a_l_heure.categorie_4_1.echelon_4,2007-05-01,1.795,"Avenant n° 9 à la convention collective sectorielle du textile, agréé par arrêté du 17 janvier 2006",https://www.pist.tn/jort/2006/2006A/Ja0072006.pdf
salaire_base.agents_payes_a_l_heure.categorie_4_1.echelon_4,2008-05-01,1.888,"Avenant n° 10 à la convention collective sectorielle du textile, agréé par arrêté du 17 février 2009",https://www.pist.tn/jort/2009/2009A/Ja0162009.pdf
salaire_base.agents_payes_a_l_heure.categorie_4_1.echelon_4,2009-05-01,1.976,"Avenant n° 10 à la convention collective sectorielle du textile, agréé par arrêté du 17 février 2009",https://www.pist.tn/jort/2009/2009A/Ja0162009.pdf
salaire_base.agents_payes_a_l_heure.categorie_4_1.echelon_4,2010-05-01,2.077,"Avenant n° 10 à la convention collective sectorielle du textile, agréé par arrêté du 17 février 2009",https://www.pist.tn/jort/2009/2009A/Ja0162009.pdf
salaire_base.agents_payes_a_l_heure.categorie_4_1.echelon_4,2011-05-01,2.179,"Avenant n° 11 à la convention collective sectorielle du textile, agréé par arrêté du 11 octobre 2011",https://www.pist.tn/jort/2011/2011A/Ja0782011.pdf
salaire_base.agents_payes_a_l_heure.categorie_4_1.echelon_4,2012-05-01,2.306,"Avenant n° 12 à la convention collective sectorielle du textile, agréé par arrêté du 19 février 2013",https://www.pist.tn/jort/2013/2013A/Ja0162013.pdf
salaire_base.agents_payes_a_l_heure.categorie_4_1.echelon_4,2014-05-01,2.441,"Avenant n° 13 à la convention collective sectorielle du textile, agréé par arrêté du 17 octobre 2014",https://www.pist.tn/jort/2014/2014A/Ja0902014.pdf
salaire_base.agents_payes_a_l_heure.categorie_4_1.echelon_4,2015-09-01,2.585,"Avenant n° 14 à la convention collective sectorielle du textile, agréé par arrêté du 8 avril 2016",https://www.pist.tn/jort/2016/2016A/Ja0302016.pdf
salaire_base.agents_payes_a_l_heure.categorie_4_1.echelon_4,2016-08-01,2.737,"Avenant n° 15 à la convention collective sectorielle du textile, agréé par arrêté du 14 août 2017",https://www.pist.tn/jort/2017/2017A/Ja0662017.pdf
salaire_base.agents_payes_a_l_heure.categorie_4_1.echelon_4,2018-01-01,2.898,"Avenant n° 15 à la convention collective sectorielle du textile, agréé par arrêté du 14 août 2017",https://www.pist.tn/jort/2017/2017A/Ja0662017.pdf
salaire_base.agents_payes_a_l_heure.categorie_4_1.echelon_4,2019-01-01,3.097,"Avenant n° 16 à la convention collective sectorielle du textile, agréé par arrêté du 21 janvier 2019",https://www.pist.tn/jort/2019/2019A/Ja0112019.pdf
salaire_base.agents_payes_a_l_heure.categorie_4_1.echelon_4,2020-01-01,3.31,"Avenant n° 16 à la convention collective sectorielle du textile, agréé par arrêté du 21 janvier 2019",https://www.pist.tn/jort/2019/2019A/Ja0112019.pdf
salaire_base.agents_payes_a_l_heure.categorie_4_1.echelon_4,2021-09-01,3.525,"Avenant n° 17 à la convention collective sectorielle du textile, agréé par arrêté du 23 juin 2022",https://www.pist.tn/jort/2022/2022A/Ja0712022.pdf
salaire_base.agents_payes_a_l_heure.categorie_4_1.echelon_4,2022-05-01,3.772,"Avenant n° 17 à la convention collective sectorielle du textile, agréé par arrêté du 23 juin 2022",https://www.pist.tn/jort/2022/2022A/Ja0712022.pdf
salaire_base.agents_payes_a_l_heure.categorie_4_1.echelon_4,2024-01-01,4.017,"Avenant n° 18 à la convention collective sectorielle du textile, agréé par arrêté du 8 avril 2024",https://www.pist.tn/jort/2024/2024A/Ja0492024.pdf
salaire_base.agents_payes_a_l_heure.categorie_4_1.echelon_4,2025-01-01,4.278,"Avenant n° 18 à la convention collective sectorielle du textile, agréé par arrêté du 8 avril 2024",https://www.pist.tn/jort/2024/2024A/Ja0492024.pdf
salaire_base.agents_payes_a_l_heure.categorie_4_1.echelon_4,2026-01-01,4.577,"Avenant n° 18 à la convention collective sectorielle du textile, agréé par arrêté du 8 avril 2024",https://www.pist.tn/jort/2024/2024A/Ja0492024.pdf
salaire_base.agents_payes_a_l_heure.categorie_4_1.echelon_5,1994-05-01,0.984,"Avenant n° 5 à la convention collective nationale du textile, agréé par arrêté du 22 septembre 1994",https://www.pist.tn/jort/1994/1994F/Jo07894.pdf
salaire_base.agents_payes_a_l_heure.categorie_4_1.echelon_5,1995-05-01,1.032,"Avenant n° 5 à la convention collective nationale du textile, agréé par arrêté du 22 septembre 1994",https://www.pist.tn/jort/1994/1994F/Jo07894.pdf
salaire_base.agents_payes_a_l_heure.categorie_4_1.echelon_5,1996-05-01,1.095,"Avenant n° 6 à la convention collective nationale du textile, agréé par arrêté du 24 juillet 1996",https://www.pist.tn/jort/1996/1996A/Ja06096.pdf
salaire_base.agents_payes_a_l_heure.categorie_4_1.echelon_5,1997-05-01,1.158,"Avenant n° 6 à la convention collective nationale du textile, agréé par arrêté du 24 juillet 1996",https://www.pist.tn/jort/1996/1996A/Ja06096.pdf
salaire_base.agents_payes_a_l_heure.categorie_4_1.echelon_5,1998-05-01,1.221,"Avenant n° 6 à la convention collective nationale du textile, agréé par arrêté du 24 juillet 1996",https://www.pist.tn/jort/1996/1996A/Ja06096.pdf
salaire_base.agents_payes_a_l_heure.categorie_4_1.echelon_5,1999-05-01,1.284,"Avenant n° 7 à la convention collective nationale du textile, agréé par arrêté du 9 juin 1999",https://www.pist.tn/jort/1999/1999A/Ja04899.pdf
salaire_base.agents_payes_a_l_heure.categorie_4_1.echelon_5,2000-05-01,1.347,"Avenant n° 7 à la convention collective nationale du textile, agréé par arrêté du 9 juin 1999",https://www.pist.tn/jort/1999/1999A/Ja04899.pdf
salaire_base.agents_payes_a_l_heure.categorie_4_1.echelon_5,2001-05-01,1.41,"Avenant n° 7 à la convention collective nationale du textile, agréé par arrêté du 9 juin 1999",https://www.pist.tn/jort/1999/1999A/Ja04899.pdf
salaire_base.agents_payes_a_l_heure.categorie_4_1.echelon_5,2002-05-01,1.473,"Avenant n° 8 à la convention collective nationale du textile, agréé par arrêté du 25 novembre 2002",https://www.pist.tn/jort/2002/2002A/Ja0972002.pdf
salaire_base.agents_payes_a_l_heure.categorie_4_1.echelon_5,2003-05-01,1.538,"Avenant n° 8 à la convention collective nationale du textile, agréé par arrêté du 25 novembre 2002",https://www.pist.tn/jort/2002/2002A/Ja0972002.pdf
salaire_base.agents_payes_a_l_heure.categorie_4_1.echelon_5,2004-05-01,1.608,"Avenant n° 8 à la convention collective nationale du textile, agréé par arrêté du 25 novembre 2002",https://www.pist.tn/jort/2002/2002A/Ja0972002.pdf
salaire_base.agents_payes_a_l_heure.categorie_4_1.echelon_5,2005-06-15,1.671,"Avenant n° 9 à la convention collective sectorielle du textile, agréé par arrêté du 17 janvier 2006",https://www.pist.tn/jort/2006/2006A/Ja0072006.pdf
salaire_base.agents_payes_a_l_heure.categorie_4_1.echelon_5,2006-05-01,1.738,"Avenant n° 9 à la convention collective sectorielle du textile, agréé par arrêté du 17 janvier 2006",https://www.pist.tn/jort/2006/2006A/Ja0072006.pdf
salaire_base.agents_payes_a_l_heure.categorie_4_1.echelon_5,2007-05-01,1.805,"Avenant n° 9 à la convention collective sectorielle du textile, agréé par arrêté du 17 janvier 2006",https://www.pist.tn/jort/2006/2006A/Ja0072006.pdf
salaire_base.agents_payes_a_l_heure.categorie_4_1.echelon_5,2008-05-01,1.905,"Avenant n° 10 à la convention collective sectorielle du textile, agréé par arrêté du 17 février 2009",https://www.pist.tn/jort/2009/2009A/Ja0162009.pdf
salaire_base.agents_payes_a_l_heure.categorie_4_1.echelon_5,2009-05-01,1.993,"Avenant n° 10 à la convention collective sectorielle du textile, agréé par arrêté du 17 février 2009",https://www.pist.tn/jort/2009/2009A/Ja0162009.pdf
salaire_base.agents_payes_a_l_heure.categorie_4_1.echelon_5,2010-05-01,2.1,"Avenant n° 10 à la convention collective sectorielle du textile, agréé par arrêté du 17 février 2009",https://www.pist.tn/jort/2009/2009A/Ja0162009.pdf
salaire_base.agents_payes_a_l_heure.categorie_4_1.echelon_5,2011-05-01,2.202,"Avenant n° 11 à la convention collective sectorielle du textile, agréé par arrêté du 11 octobre 2011",https://www.pist.tn/jort/2011/2011A/Ja0782011.pdf
salaire_base.agents_payes_a_l_heure.categorie_4_1.echelon_5,2012-05-01,2.329,"Avenant n° 12 à la convention collective sectorielle du textile, agréé par arrêté du 19 février 2013",https://www.pist.tn/jort/2013/2013A/Ja0162013.pdf
salaire_base.agents_payes_a_l_heure.categorie_4_1.echelon_5,2014-05-01,2.464,"Avenant n° 13 à la convention collective sectorielle du textile, agréé par arrêté du 17 octobre 2014",https://www.pist.tn/jort/2014/2014A/Ja0902014.pdf
salaire_base.agents_payes_a_l_heure.categorie_4_1.echelon_5,2015-09-01,2.608,"Avenant n° 14 à la convention collective sectorielle du textile, agréé par arrêté du 8 avril 2016",https://www.pist.tn/jort/2016/2016A/Ja0302016.pdf
salaire_base.agents_payes_a_l_heure.categorie_4_1.echelon_5,2016-08-01,2.76,"Avenant n° 15 à la convention collective sectorielle du textile, agréé par arrêté du 14 août 2017",https://www.pist.tn/jort/2017/2017A/Ja0662017.pdf
salaire_base.agents_payes_a_l_heure.categorie_4_1.echelon_5,2018-01-01,2.921,"Avenant n° 15 à la convention collective sectorielle du textile, agréé par arrêté du 14 août 2017",https://www.pist.tn/jort/2017/2017A/Ja0662017.pdf
salaire_base.agents_payes_a_l_heure.categorie_4_1.echelon_5,2019-01-01,3.12,"Avenant n° 16 à la convention collective sectorielle du textile, agréé par arrêté du 21 janvier 2019",https://www.pist.tn/jort/2019/2019A/Ja0112019.pdf
salaire_base.agents_payes_a_l_heure.categorie_4_1.echelon_5,2020-01-01,3.333,"Avenant n° 16 à la convention collective sectorielle du textile, agréé par arrêté du 21 janvier 2019",https://www.pist.tn/jort/2019/2019A/Ja0112019.pdf
salaire_base.agents_payes_a_l_heure.categorie_4_1.echelon_5,2021-09-01,3.549,"Avenant n° 17 à la convention collective sectorielle du textile, agréé par arrêté du 23 juin 2022",https://www.pist.tn/jort/2022/2022A/Ja0712022.pdf
salaire_base.agents_payes_a_l_heure.categorie_4_1.echelon_5,2022-05-01,3.798,"Avenant n° 17 à la convention collective sectorielle du textile, agréé par arrêté du 23 juin 2022",https://www.pist.tn/jort/2022/2022A/Ja0712022.pdf
salaire_base.agents_payes_a_l_heure.categorie_4_1.echelon_5,2024-01-01,4.045,"Avenant n° 18 à la convention collective sectorielle du textile, agréé par arrêté du 8 avril 2024",https://www.pist.tn/jort/2024/2024A/Ja0492024.pdf
salaire_base.agents_payes_a_l_heure.categorie_4_1.echelon_5,2025-01-01,4.308,"Avenant n° 18 à la convention collective sectorielle du textile, agréé par arrêté du 8 avril 2024",https://www.pist.tn/jort/2024/2024A/Ja0492024.pdf
salaire_base.agents_payes_a_l_heure.categorie_4_1.echelon_5,2026-01-01,4.609,"Avenant n° 18 à la convention collective sectorielle du textile, agréé par arrêté du 8 avril 2024",https://www.pist.tn/jort/2024/2024A/Ja0492024.pdf
salaire_base.agents_payes_a_l_heure.categorie_4_1.echelon_6,1994-05-01,1.007,"Avenant n° 5 à la convention collective nationale du textile, agréé par arrêté du 22 septembre 1994",https://www.pist.tn/jort/1994/1994F/Jo07894.pdf
salaire_base.agents_payes_a_l_heure.categorie_4_1.echelon_6,1995-05-01,1.055,"Avenant n° 5 à la convention collective nationale du textile, agréé par arrêté du 22 septembre 1994",https://www.pist.tn/jort/1994/1994F/Jo07894.pdf
salaire_base.agents_payes_a_l_heure.categorie_4_1.echelon_6,1996-05-01,1.118,"Avenant n° 6 à la convention collective nationale du textile, agréé par arrêté du 24 juillet 1996",https://www.pist.tn/jort/1996/1996A/Ja06096.pdf
salaire_base.agents_payes_a_l_heure.categorie_4_1.echelon_6,1997-05-01,1.181,"Avenant n° 6 à la convention collective nationale du textile, agréé par arrêté du 24 juillet 1996",https://www.pist.tn/jort/1996/1996A/Ja06096.pdf
salaire_base.agents_payes_a_l_heure.categorie_4_1.echelon_6,1998-05-01,1.244,"Avenant n° 6 à la convention collective nationale du textile, agréé par arrêté du 24 juillet 1996",https://www.pist.tn/jort/1996/1996A/Ja06096.pdf
salaire_base.agents_payes_a_l_heure.categorie_4_1.echelon_6,1999-05-01,1.307,"Avenant n° 7 à la convention collective nationale du textile, agréé par arrêté du 9 juin 1999",https://www.pist.tn/jort/1999/1999A/Ja04899.pdf
salaire_base.agents_payes_a_l_heure.categorie_4_1.echelon_6,2000-05-01,1.37,"Avenant n° 7 à la convention collective nationale du textile, agréé par arrêté du 9 juin 1999",https://www.pist.tn/jort/1999/1999A/Ja04899.pdf
salaire_base.agents_payes_a_l_heure.categorie_4_1.echelon_6,2001-05-01,1.433,"Avenant n° 7 à la convention collective nationale du textile, agréé par arrêté du 9 juin 1999",https://www.pist.tn/jort/1999/1999A/Ja04899.pdf
salaire_base.agents_payes_a_l_heure.categorie_4_1.echelon_6,2002-05-01,1.496,"Avenant n° 8 à la convention collective nationale du textile, agréé par arrêté du 25 novembre 2002",https://www.pist.tn/jort/2002/2002A/Ja0972002.pdf
salaire_base.agents_payes_a_l_heure.categorie_4_1.echelon_6,2003-05-01,1.561,"Avenant n° 8 à la convention collective nationale du textile, agréé par arrêté du 25 novembre 2002",https://www.pist.tn/jort/2002/2002A/Ja0972002.pdf
salaire_base.agents_payes_a_l_heure.categorie_4_1.echelon_6,2004-05-01,1.631,"Avenant n° 8 à la convention collective nationale du textile, agréé par arrêté du 25 novembre 2002",https://www.pist.tn/jort/2002/2002A/Ja0972002.pdf
salaire_base.agents_payes_a_l_heure.categorie_4_1.echelon_6,2005-06-15,1.694,"Avenant n° 9 à la convention collective sectorielle du textile, agréé par arrêté du 17 janvier 2006",https://www.pist.tn/jort/2006/2006A/Ja0072006.pdf
salaire_base.agents_payes_a_l_heure.categorie_4_1.echelon_6,2006-05-01,1.761,"Avenant n° 9 à la convention collective sectorielle du textile, agréé par arrêté du 17 janvier 2006",https://www.pist.tn/jort/2006/2006A/Ja0072006.pdf
salaire_base.agents_payes_a_l_heure.categorie_4_1.echelon_6,2007-05-01,1.828,"Avenant n° 9 à la convention collective sectorielle du textile, agréé par arrêté du 17 janvier 2006",https://www.pist.tn/jort/2006/2006A/Ja0072006.pdf
salaire_base.agents_payes_a_l_heure.categorie_4_1.echelon_6,2008-05-01,1.921,"Avenant n° 10 à la convention collective sectorielle du textile, agréé par arrêté du 17 février 2009",https://www.pist.tn/jort/2009/2009A/Ja0162009.pdf
salaire_base.agents_payes_a_l_heure.categorie_4_1.echelon_6,2009-05-01,2.009,"Avenant n° 10 à la convention collective sectorielle du textile, agréé par arrêté du 17 février 2009",https://www.pist.tn/jort/2009/2009A/Ja0162009.pdf
salaire_base.agents_payes_a_l_heure.categorie_4_1.echelon_6,2010-05-01,2.109,"Avenant n° 10 à la convention collective sectorielle du textile, agréé par arrêté du 17 février 2009",https://www.pist.tn/jort/2009/2009A/Ja0162009.pdf
salaire_base.agents_payes_a_l_heure.categorie_4_1.echelon_6,2011-05-01,2.211,"Avenant n° 11 à la convention collective sectorielle du textile, agréé par arrêté du 11 octobre 2011",https://www.pist.tn/jort/2011/2011A/Ja0782011.pdf
salaire_base.agents_payes_a_l_heure.categorie_4_1.echelon_6,2012-05-01,2.338,"Avenant n° 12 à la convention collective sectorielle du textile, agréé par arrêté du 19 février 2013",https://www.pist.tn/jort/2013/2013A/Ja0162013.pdf
salaire_base.agents_payes_a_l_heure.categorie_4_1.echelon_6,2014-05-01,2.473,"Avenant n° 13 à la convention collective sectorielle du textile, agréé par arrêté du 17 octobre 2014",https://www.pist.tn/jort/2014/2014A/Ja0902014.pdf
salaire_base.agents_payes_a_l_heure.categorie_4_1.echelon_6,2015-09-01,2.617,"Avenant n° 14 à la convention collective sectorielle du textile, agréé par arrêté du 8 avril 2016",https://www.pist.tn/jort/2016/2016A/Ja0302016.pdf
salaire_base.agents_payes_a_l_heure.categorie_4_1.echelon_6,2016-08-01,2.769,"Avenant n° 15 à la convention collective sectorielle du textile, agréé par arrêté du 14 août 2017",https://www.pist.tn/jort/2017/2017A/Ja0662017.pdf
salaire_base.agents_payes_a_l_heure.categorie_4_1.echelon_6,2018-01-01,2.93,"Avenant n° 15 à la convention collective sectorielle du textile, agréé par arrêté du 14 août 2017",https://www.pist.tn/jort/2017/2017A/Ja0662017.pdf
salaire_base.agents_payes_a_l_heure.categorie_4_1.echelon_6,2019-01-01,3.129,"Avenant n° 16 à la convention collective sectorielle du textile, agréé par arrêté du 21 janvier 2019",https://www.pist.tn/jort/2019/2019A/Ja0112019.pdf
salaire_base.agents_payes_a_l_heure.categorie_4_1.echelon_6,2020-01-01,3.342,"Avenant n° 16 à la convention collective sectorielle du textile, agréé par arrêté du 21 janvier 2019",https://www.pist.tn/jort/2019/2019A/Ja0112019.pdf
salaire_base.agents_payes_a_l_heure.categorie_4_1.echelon_6,2021-09-01,3.559,"Avenant n° 17 à la convention collective sectorielle du textile, agréé par arrêté du 23 juin 2022",https://www.pist.tn/jort/2022/2022A/Ja0712022.pdf
salaire_base.agents_payes_a_l_heure.categorie_4_1.echelon_6,2022-05-01,3.808,"Avenant n° 17 à la convention collective sectorielle du textile, agréé par arrêté du 23 juin 2022",https://www.pist.tn/jort/2022/2022A/Ja0712022.pdf
salaire_base.agents_payes_a_l_heure.categorie_4_1.echelon_6,2024-01-01,4.056,"Avenant n° 18 à la convention collective sectorielle du textile, agréé par arrêté du 8 avril 2024",https://www.pist.tn/jort/2024/2024A/Ja0492024.pdf
salaire_base.agents_payes_a_l_heure.categorie_4_1.echelon_6,2025-01-01,4.319,"Avenant n° 18 à la convention collective sectorielle du textile, agréé par arrêté du 8 avril 2024",https://www.pist.tn/jort/2024/2024A/Ja0492024.pdf
salaire_base.agents_payes_a_l_heure.categorie_4_1.echelon_6,2026-01-01,4.622,"Avenant n° 18 à la convention collective sectorielle du textile, agréé par arrêté du 8 avril 2024",https://www.pist.tn/jort/2024/2024A/Ja0492024.pdf
salaire_base.agents_payes_a_l_heure.categorie_4_1.echelon_7,1994-05-01,1.016,"Avenant n° 5 à la convention collective nationale du textile, agréé par arrêté du 22 septembre 1994",https://www.pist.tn/jort/1994/1994F/Jo07894.pdf
salaire_base.agents_payes_a_l_heure.categorie_4_1.echelon_7,1995-05-01,1.064,"Avenant n° 5 à la convention collective nationale du textile, agréé par arrêté du 22 septembre 1994",https://www.pist.tn/jort/1994/1994F/Jo07894.pdf
salaire_base.agents_payes_a_l_heure.categorie_4_1.echelon_7,1996-05-01,1.127,"Avenant n° 6 à la convention collective nationale du textile, agréé par arrêté du 24 juillet 1996",https://www.pist.tn/jort/1996/1996A/Ja06096.pdf
salaire_base.agents_payes_a_l_heure.categorie_4_1.echelon_7,1997-05-01,1.19,"Avenant n° 6 à la convention collective nationale du textile, agréé par arrêté du 24 juillet 1996",https://www.pist.tn/jort/1996/1996A/Ja06096.pdf
salaire_base.agents_payes_a_l_heure.categorie_4_1.echelon_7,1998-05-01,1.253,"Avenant n° 6 à la convention collective nationale du textile, agréé par arrêté du 24 juillet 1996",https://www.pist.tn/jort/1996/1996A/Ja06096.pdf
salaire_base.agents_payes_a_l_heure.categorie_4_1.echelon_7,1999-05-01,1.316,"Avenant n° 7 à la convention collective nationale du textile, agréé par arrêté du 9 juin 1999",https://www.pist.tn/jort/1999/1999A/Ja04899.pdf
salaire_base.agents_payes_a_l_heure.categorie_4_1.echelon_7,2000-05-01,1.379,"Avenant n° 7 à la convention collective nationale du textile, agréé par arrêté du 9 juin 1999",https://www.pist.tn/jort/1999/1999A/Ja04899.pdf
salaire_base.agents_payes_a_l_heure.categorie_4_1.echelon_7,2001-05-01,1.442,"Avenant n° 7 à la convention collective nationale du textile, agréé par arrêté du 9 juin 1999",https://www.pist.tn/jort/1999/1999A/Ja04899.pdf
salaire_base.agents_payes_a_l_heure.categorie_4_1.echelon_7,2002-05-01,1.505,"Avenant n° 8 à la convention collective nationale du textile, agréé par arrêté du 25 novembre 2002",https://www.pist.tn/jort/2002/2002A/Ja0972002.pdf
salaire_base.agents_payes_a_l_heure.categorie_4_1.echelon_7,2003-05-01,1.57,"Avenant n° 8 à la convention collective nationale du textile, agréé par arrêté du 25 novembre 2002",https://www.pist.tn/jort/2002/2002A/Ja0972002.pdf
salaire_base.agents_payes_a_l_heure.categorie_4_1.echelon_7,2004-05-01,1.64,"Avenant n° 8 à la convention collective nationale du textile, agréé par arrêté du 25 novembre 2002",https://www.pist.tn/jort/2002/2002A/Ja0972002.pdf
salaire_base.agents_payes_a_l_heure.categorie_4_1.echelon_7,2005-06-15,1.703,"Avenant n° 9 à la convention collective sectorielle du textile, agréé par arrêté du 17 janvier 2006",https://www.pist.tn/jort/2006/2006A/Ja0072006.pdf
salaire_base.agents_payes_a_l_heure.categorie_4_1.echelon_7,2006-05-01,1.77,"Avenant n° 9 à la convention collective sectorielle du textile, agréé par arrêté du 17 janvier 2006",https://www.pist.tn/jort/2006/2006A/Ja0072006.pdf
salaire_base.agents_payes_a_l_heure.categorie_4_1.echelon_7,2007-05-01,1.837,"Avenant n° 9 à la convention collective sectorielle du textile, agréé par arrêté du 17 janvier 2006",https://www.pist.tn/jort/2006/2006A/Ja0072006.pdf
salaire_base.agents_payes_a_l_heure.categorie_4_1.echelon_7,2008-05-01,1.93,"Avenant n° 10 à la convention collective sectorielle du textile, agréé par arrêté du 17 février 2009",https://www.pist.tn/jort/2009/2009A/Ja0162009.pdf
salaire_base.agents_payes_a_l_heure.categorie_4_1.echelon_7,2009-05-01,2.018,"Avenant n° 10 à la convention collective sectorielle du textile, agréé par arrêté du 17 février 2009",https://www.pist.tn/jort/2009/2009A/Ja0162009.pdf
salaire_base.agents_payes_a_l_heure.categorie_4_1.echelon_7,2010-05-01,2.118,"Avenant n° 10 à la convention collective sectorielle du textile, agréé par arrêté du 17 février 2009",https://www.pist.tn/jort/2009/2009A/Ja0162009.pdf
salaire_base.agents_payes_a_l_heure.categorie_4_1.echelon_7,2011-05-01,2.22,"Avenant n° 11 à la convention collective sectorielle du textile, agréé par arrêté du 11 octobre 2011",https://www.pist.tn/jort/2011/2011A/Ja0782011.pdf
salaire_base.agents_payes_a_l_heure.categorie_4_1.echelon_7,2012-05-01,2.347,"Avenant n° 12 à la convention collective sectorielle du textile, agréé par arrêté du 19 février 2013",https://www.pist.tn/jort/2013/2013A/Ja0162013.pdf
salaire_base.agents_payes_a_l_heure.categorie_4_1.echelon_7,2014-05-01,2.482,"Avenant n° 13 à la convention collective sectorielle du textile, agréé par arrêté du 17 octobre 2014",https://www.pist.tn/jort/2014/2014A/Ja0902014.pdf
salaire_base.agents_payes_a_l_heure.categorie_4_1.echelon_7,2015-09-01,2.626,"Avenant n° 14 à la convention collective sectorielle du textile, agréé par arrêté du 8 avril 2016",https://www.pist.tn/jort/2016/2016A/Ja0302016.pdf
salaire_base.agents_payes_a_l_heure.categorie_4_1.echelon_7,2016-08-01,2.778,"Avenant n° 15 à la convention collective sectorielle du textile, agréé par arrêté du 14 août 2017",https://www.pist.tn/jort/2017/2017A/Ja0662017.pdf
salaire_base.agents_payes_a_l_heure.categorie_4_1.echelon_7,2018-01-01,2.939,"Avenant n° 15 à la convention collective sectorielle du textile, agréé par arrêté du 14 août 2017",https://www.pist.tn/jort/2017/2017A/Ja0662017.pdf
salaire_base.agents_payes_a_l_heure.categorie_4_1.echelon_7,2019-01-01,3.138,"Avenant n° 16 à la convention collective sectorielle du textile, agréé par arrêté du 21 janvier 2019",https://www.pist.tn/jort/2019/2019A/Ja0112019.pdf
salaire_base.agents_payes_a_l_heure.categorie_4_1.echelon_7,2020-01-01,3.351,"Avenant n° 16 à la convention collective sectorielle du textile, agréé par arrêté du 21 janvier 2019",https://www.pist.tn/jort/2019/2019A/Ja0112019.pdf
salaire_base.agents_payes_a_l_heure.categorie_4_1.echelon_7,2021-09-01,3.569,"Avenant n° 17 à la convention collective sectorielle du textile, agréé par arrêté du 23 juin 2022",https://www.pist.tn/jort/2022/2022A/Ja0712022.pdf
salaire_base.agents_payes_a_l_heure.categorie_4_1.echelon_7,2022-05-01,3.818,"Avenant n° 17 à la convention collective sectorielle du textile, agréé par arrêté du 23 juin 2022",https://www.pist.tn/jort/2022/2022A/Ja0712022.pdf
salaire_base.agents_payes_a_l_heure.categorie_4_1.echelon_7,2024-01-01,4.067,"Avenant n° 18 à la convention collective sectorielle du textile, agréé par arrêté du 8 avril 2024",https://www.pist.tn/jort/2024/2024A/Ja0492024.pdf
salaire_base.agents_payes_a_l_heure.categorie_4_1.echelon_7,2025-01-01,4.331,"Avenant n° 18 à la convention collective sectorielle du textile, agréé par arrêté du 8 avril 2024",https://www.pist.tn/jort/2024/2024A/Ja0492024.pdf
salaire_base.agents_payes_a_l_heure.categorie_4_1.echelon_7,2026-01-01,4.634,"Avenant n° 18 à la convention collective sectorielle du textile, agréé par arrêté du 8 avril 2024",https://www.pist.tn/jort/2024/2024A/Ja0492024.pdf
salaire_base.agents_payes_a_l_heure.categorie_4_1.echelon_8,1994-05-01,1.025,"Avenant n° 5 à la convention collective nationale du textile, agréé par arrêté du 22 septembre 1994",https://www.pist.tn/jort/1994/1994F/Jo07894.pdf
salaire_base.agents_payes_a_l_heure.categorie_4_1.echelon_8,1995-05-01,1.073,"Avenant n° 5 à la convention collective nationale du textile, agréé par arrêté du 22 septembre 1994",https://www.pist.tn/jort/1994/1994F/Jo07894.pdf
salaire_base.agents_payes_a_l_heure.categorie_4_1.echelon_8,1996-05-01,1.136,"Avenant n° 6 à la convention collective nationale du textile, agréé par arrêté du 24 juillet 1996",https://www.pist.tn/jort/1996/1996A/Ja06096.pdf
salaire_base.agents_payes_a_l_heure.categorie_4_1.echelon_8,1997-05-01,1.199,"Avenant n° 6 à la convention collective nationale du textile, agréé par arrêté du 24 juillet 1996",https://www.pist.tn/jort/1996/1996A/Ja06096.pdf
salaire_base.agents_payes_a_l_heure.categorie_4_1.echelon_8,1998-05-01,1.262,"Avenant n° 6 à la convention collective nationale du textile, agréé par arrêté du 24 juillet 1996",https://www.pist.tn/jort/1996/1996A/Ja06096.pdf
salaire_base.agents_payes_a_l_heure.categorie_4_1.echelon_8,1999-05-01,1.325,"Avenant n° 7 à la convention collective nationale du textile, agréé par arrêté du 9 juin 1999",https://www.pist.tn/jort/1999/1999A/Ja04899.pdf
salaire_base.agents_payes_a_l_heure.categorie_4_1.echelon_8,2000-05-01,1.388,"Avenant n° 7 à la convention collective nationale du textile, agréé par arrêté du 9 juin 1999",https://www.pist.tn/jort/1999/1999A/Ja04899.pdf
salaire_base.agents_payes_a_l_heure.categorie_4_1.echelon_8,2001-05-01,1.451,"Avenant n° 7 à la convention collective nationale du textile, agréé par arrêté du 9 juin 1999",https://www.pist.tn/jort/1999/1999A/Ja04899.pdf
salaire_base.agents_payes_a_l_heure.categorie_4_1.echelon_8,2002-05-01,1.514,"Avenant n° 8 à la convention collective nationale du textile, agréé par arrêté du 25 novembre 2002",https://www.pist.tn/jort/2002/2002A/Ja0972002.pdf
salaire_base.agents_payes_a_l_heure.categorie_4_1.echelon_8,2003-05-01,1.579,"Avenant n° 8 à la convention collective nationale du textile, agréé par arrêté du 25 novembre 2002",https://www.pist.tn/jort/2002/2002A/Ja0972002.pdf
salaire_base.agents_payes_a_l_heure.categorie_4_1.echelon_8,2004-05-01,1.649,"Avenant n° 8 à la convention collective nationale du textile, agréé par arrêté du 25 novembre 2002",https://www.pist.tn/jort/2002/2002A/Ja0972002.pdf
salaire_base.agents_payes_a_l_heure.categorie_4_1.echelon_8,2005-06-15,1.712,"Avenant n° 9 à la convention collective sectorielle du textile, agréé par arrêté du 17 janvier 2006",https://www.pist.tn/jort/2006/2006A/Ja0072006.pdf
salaire_base.agents_payes_a_l_heure.categorie_4_1.echelon_8,2006-05-01,1.779,"Avenant n° 9 à la convention collective sectorielle du textile, agréé par arrêté du 17 janvier 2006",https://www.pist.tn/jort/2006/2006A/Ja0072006.pdf
salaire_base.agents_payes_a_l_heure.categorie_4_1.echelon_8,2007-05-01,1.846,"Avenant n° 9 à la convention collective sectorielle du textile, agréé par arrêté du 17 janvier 2006",https://www.pist.tn/jort/2006/2006A/Ja0072006.pdf
salaire_base.agents_payes_a_l_heure.categorie_4_1.echelon_8,2008-05-01,1.939,"Avenant n° 10 à la convention collective sectorielle du textile, agréé par arrêté du 17 février 2009",https://www.pist.tn/jort/2009/2009A/Ja0162009.pdf
salaire_base.agents_payes_a_l_heure.categorie_4_1.echelon_8,2009-05-01,2.027,"Avenant n° 10 à la convention collective sectorielle du textile, agréé par arrêté du 17 février 2009",https://www.pist.tn/jort/2009/2009A/Ja0162009.pdf
salaire_base.agents_payes_a_l_heure.categorie_4_1.echelon_8,2010-05-01,2.128,"Avenant n° 10 à la convention collective sectorielle du textile, agréé par arrêté du 17 février 2009",https://www.pist.tn/jort/2009/2009A/Ja0162009.pdf
salaire_base.agents_payes_a_l_heure.categorie_4_1.echelon_8,2011-05-01,2.23,"Avenant n° 11 à la convention collective sectorielle du textile, agréé par arrêté du 11 octobre 2011",https://www.pist.tn/jort/2011/2011A/Ja0782011.pdf
salaire_base.agents_payes_a_l_heure.categorie_4_1.echelon_8,2012-05-01,2.357,"Avenant n° 12 à la convention collective sectorielle du textile, agréé par arrêté du 19 février 2013",https://www.pist.tn/jort/2013/2013A/Ja0162013.pdf
salaire_base.agents_payes_a_l_heure.categorie_4_1.echelon_8,2014-05-01,2.492,"Avenant n° 13 à la convention collective sectorielle du textile, agréé par arrêté du 17 octobre 2014",https://www.pist.tn/jort/2014/2014A/Ja0902014.pdf
salaire_base.agents_payes_a_l_heure.categorie_4_1.echelon_8,2015-09-01,2.636,"Avenant n° 14 à la convention collective sectorielle du textile, agréé par arrêté du 8 avril 2016",https://www.pist.tn/jort/2016/2016A/Ja0302016.pdf
salaire_base.agents_payes_a_l_heure.categorie_4_1.echelon_8,2016-08-01,2.788,"Avenant n° 15 à la convention collective sectorielle du textile, agréé par arrêté du 14 août 2017",https://www.pist.tn/jort/2017/2017A/Ja0662017.pdf
salaire_base.agents_payes_a_l_heure.categorie_4_1.echelon_8,2018-01-01,2.949,"Avenant n° 15 à la convention collective sectorielle du textile, agréé par arrêté du 14 août 2017",https://www.pist.tn/jort/2017/2017A/Ja0662017.pdf
salaire_base.agents_payes_a_l_heure.categorie_4_1.echelon_8,2019-01-01,3.148,"Avenant n° 16 à la convention collective sectorielle du textile, agréé par arrêté du 21 janvier 2019",https://www.pist.tn/jort/2019/2019A/Ja0112019.pdf
salaire_base.agents_payes_a_l_heure.categorie_4_1.echelon_8,2020-01-01,3.361,"Avenant n° 16 à la convention collective sectorielle du textile, agréé par arrêté du 21 janvier 2019",https://www.pist.tn/jort/2019/2019A/Ja0112019.pdf
salaire_base.agents_payes_a_l_heure.categorie_4_1.echelon_8,2021-09-01,3.579,"Avenant n° 17 à la convention collective sectorielle du textile, agréé par arrêté du 23 juin 2022",https://www.pist.tn/jort/2022/2022A/Ja0712022.pdf
salaire_base.agents_payes_a_l_heure.categorie_4_1.echelon_8,2022-05-01,3.83,"Avenant n° 17 à la convention collective sectorielle du textile, agréé par arrêté du 23 juin 2022",https://www.pist.tn/jort/2022/2022A/Ja0712022.pdf
salaire_base.agents_payes_a_l_heure.categorie_4_1.echelon_8,2024-01-01,4.079,"Avenant n° 18 à la convention collective sectorielle du textile, agréé par arrêté du 8 avril 2024",https://www.pist.tn/jort/2024/2024A/Ja0492024.pdf
salaire_base.agents_payes_a_l_heure.categorie_4_1.echelon_8,2025-01-01,4.344,"Avenant n° 18 à la convention collective sectorielle du textile, agréé par arrêté du 8 avril 2024",https://www.pist.tn/jort/2024/2024A/Ja0492024.pdf
salaire_base.agents_payes_a_l_heure.categorie_4_1.echelon_8,2026-01-01,4.648,"Avenant n° 18 à la convention collective sectorielle du textile, agréé par arrêté du 8 avril 2024",https://www.pist.tn/jort/2024/2024A/Ja0492024.pdf
salaire_base.agents_payes_a_l_heure.categorie_4_1.echelon_9,1994-05-01,1.035,"Avenant n° 5 à la convention collective nationale du textile, agréé par arrêté du 22 septembre 1994",https://www.pist.tn/jort/1994/1994F/Jo07894.pdf
salaire_base.agents_payes_a_l_heure.categorie_4_1.echelon_9,1995-05-01,1.083,"Avenant n° 5 à la convention collective nationale du textile, agréé par arrêté du 22 septembre 1994",https://www.pist.tn/jort/1994/1994F/Jo07894.pdf
salaire_base.agents_payes_a_l_heure.categorie_4_1.echelon_9,1996-05-01,1.146,"Avenant n° 6 à la convention collective nationale du textile, agréé par arrêté du 24 juillet 1996",https://www.pist.tn/jort/1996/1996A/Ja06096.pdf
salaire_base.agents_payes_a_l_heure.categorie_4_1.echelon_9,1997-05-01,1.209,"Avenant n° 6 à la convention collective nationale du textile, agréé par arrêté du 24 juillet 1996",https://www.pist.tn/jort/1996/1996A/Ja06096.pdf
salaire_base.agents_payes_a_l_heure.categorie_4_1.echelon_9,1998-05-01,1.272,"Avenant n° 6 à la convention collective nationale du textile, agréé par arrêté du 24 juillet 1996",https://www.pist.tn/jort/1996/1996A/Ja06096.pdf
salaire_base.agents_payes_a_l_heure.categorie_4_1.echelon_9,1999-05-01,1.335,"Avenant n° 7 à la convention collective nationale du textile, agréé par arrêté du 9 juin 1999",https://www.pist.tn/jort/1999/1999A/Ja04899.pdf
salaire_base.agents_payes_a_l_heure.categorie_4_1.echelon_9,2000-05-01,1.398,"Avenant n° 7 à la convention collective nationale du textile, agréé par arrêté du 9 juin 1999",https://www.pist.tn/jort/1999/1999A/Ja04899.pdf
salaire_base.agents_payes_a_l_heure.categorie_4_1.echelon_9,2001-05-01,1.461,"Avenant n° 7 à la convention collective nationale du textile, agréé par arrêté du 9 juin 1999",https://www.pist.tn/jort/1999/1999A/Ja04899.pdf
salaire_base.agents_payes_a_l_heure.categorie_4_1.echelon_9,2002-05-01,1.524,"Avenant n° 8 à la convention collective nationale du textile, agréé par arrêté du 25 novembre 2002",https://www.pist.tn/jort/2002/2002A/Ja0972002.pdf
salaire_base.agents_payes_a_l_heure.categorie_4_1.echelon_9,2003-05-01,1.589,"Avenant n° 8 à la convention collective nationale du textile, agréé par arrêté du 25 novembre 2002",https://www.pist.tn/jort/2002/2002A/Ja0972002.pdf
salaire_base.agents_payes_a_l_heure.categorie_4_1.echelon_9,2004-05-01,1.659,"Avenant n° 8 à la convention collective nationale du textile, agréé par arrêté du 25 novembre 2002",https://www.pist.tn/jort/2002/2002A/Ja0972002.pdf
salaire_base.agents_payes_a_l_heure.categorie_4_1.echelon_9,2005-06-15,1.722,"Avenant n° 9 à la convention collective sectorielle du textile, agréé par arrêté du 17 janvier 2006",https://www.pist.tn/jort/2006/2006A/Ja0072006.pdf
salaire_base.agents_payes_a_l_heure.categorie_4_1.echelon_9,2006-05-01,1.789,"Avenant n° 9 à la convention collective sectorielle du textile, agréé par arrêté du 17 janvier 2006",https://www.pist.tn/jort/2006/2006A/Ja0072006.pdf
salaire_base.agents_payes_a_l_heure.categorie_4_1.echelon_9,2007-05-01,1.856,"Avenant n° 9 à la convention collective sectorielle du textile, agréé par arrêté du 17 janvier 2006",https://www.pist.tn/jort/2006/2006A/Ja0072006.pdf
salaire_base.agents_payes_a_l_heure.categorie_4_1.echelon_9,2008-05-01,1.949,"Avenant n° 10 à la convention collective sectorielle du textile, agréé par arrêté du 17 février 2009",https://www.pist.tn/jort/2009/2009A/Ja0162009.pdf
salaire_base.agents_payes_a_l_heure.categorie_4_1.echelon_9,2009-05-01,2.037,"Avenant n° 10 à la convention collective sectorielle du textile, agréé par arrêté du 17 février 2009",https://www.pist.tn/jort/2009/2009A/Ja0162009.pdf
salaire_base.agents_payes_a_l_heure.categorie_4_1.echelon_9,2010-05-01,2.137,"Avenant n° 10 à la convention collective sectorielle du textile, agréé par arrêté du 17 février 2009",https://www.pist.tn/jort/2009/2009A/Ja0162009.pdf
salaire_base.agents_payes_a_l_heure.categorie_4_1.echelon_9,2011-05-01,2.239,"Avenant n° 11 à la convention collective sectorielle du textile, agréé par arrêté du 11 octobre 2011",https://www.pist.tn/jort/2011/2011A/Ja0782011.pdf
salaire_base.agents_payes_a_l_heure.categorie_4_1.echelon_9,2012-05-01,2.366,"Avenant n° 12 à la convention collective sectorielle du textile, agréé par arrêté du 19 février 2013",https://www.pist.tn/jort/2013/2013A/Ja0162013.pdf
salaire_base.agents_payes_a_l_heure.categorie_4_1.echelon_9,2014-05-01,2.501,"Avenant n° 13 à la convention collective sectorielle du textile, agréé par arrêté du 17 octobre 2014",https://www.pist.tn/jort/2014/2014A/Ja0902014.pdf
salaire_base.agents_payes_a_l_heure.categorie_4_1.echelon_9,2015-09-01,2.645,"Avenant n° 14 à la convention collective sectorielle du textile, agréé par arrêté du 8 avril 2016",https://www.pist.tn/jort/2016/2016A/Ja0302016.pdf
salaire_base.agents_payes_a_l_heure.categorie_4_1.echelon_9,2016-08-01,2.797,"Avenant n° 15 à la convention collective sectorielle du textile, agréé par arrêté du 14 août 2017",https://www.pist.tn/jort/2017/2017A/Ja0662017.pdf
salaire_base.agents_payes_a_l_heure.categorie_4_1.echelon_9,2018-01-01,2.958,"Avenant n° 15 à la convention collective sectorielle du textile, agréé par arrêté du 14 août 2017",https://www.pist.tn/jort/2017/2017A/Ja0662017.pdf
salaire_base.agents_payes_a_l_heure.categorie_4_1.echelon_9,2019-01-01,3.157,"Avenant n° 16 à la convention collective sectorielle du textile, agréé par arrêté du 21 janvier 2019",https://www.pist.tn/jort/2019/2019A/Ja0112019.pdf
salaire_base.agents_payes_a_l_heure.categorie_4_1.echelon_9,2020-01-01,3.37,"Avenant n° 16 à la convention collective sectorielle du textile, agréé par arrêté du 21 janvier 2019",https://www.pist.tn/jort/2019/2019A/Ja0112019.pdf
salaire_base.agents_payes_a_l_heure.categorie_4_1.echelon_9,2021-09-01,3.589,"Avenant n° 17 à la convention collective sectorielle du textile, agréé par arrêté du 23 juin 2022",https://www.pist.tn/jort/2022/2022A/Ja0712022.pdf
salaire_base.agents_payes_a_l_heure.categorie_4_1.echelon_9,2022-05-01,3.84,"Avenant n° 17 à la convention collective sectorielle du textile, agréé par arrêté du 23 juin 2022",https://www.pist.tn/jort/2022/2022A/Ja0712022.pdf
salaire_base.agents_payes_a_l_heure.categorie_4_1.echelon_9,2024-01-01,4.09,"Avenant n° 18 à la convention collective sectorielle du textile, agréé par arrêté du 8 avril 2024",https://www.pist.tn/jort/2024/2024A/Ja0492024.pdf
salaire_base.agents_payes_a_l_heure.categorie_4_1.echelon_9,2025-01-01,4.355,"Avenant n° 18 à la convention collective sectorielle du textile, agréé par arrêté du 8 avril 2024",https://www.pist.tn/jort/2024/2024A/Ja0492024.pdf
salaire_base.agents_payes_a_l_heure.categorie_4_1.echelon_9,2026-01-01,4.66,"Avenant n° 18 à la convention collective sectorielle du textile, agréé par arrêté du 8 avril 2024",https://www.pist.tn/jort/2024/2024A/Ja0492024.pdf
salaire_base.agents_payes_a_l_heure.categorie_4_1.echelon_10,1994-05-01,1.044,"Avenant n° 5 à la convention collective nationale du textile, agréé par arrêté du 22 septembre 1994",https://www.pist.tn/jort/1994/1994F/Jo07894.pdf
salaire_base.agents_payes_a_l_heure.categorie_4_1.echelon_10,1995-05-01,1.092,"Avenant n° 5 à la convention collective nationale du textile, agréé par arrêté du 22 septembre 1994",https://www.pist.tn/jort/1994/1994F/Jo07894.pdf
salaire_base.agents_payes_a_l_heure.categorie_4_1.echelon_10,1996-05-01,1.155,"Avenant n° 6 à la convention collective nationale du textile, agréé par arrêté du 24 juillet 1996",https://www.pist.tn/jort/1996/1996A/Ja06096.pdf
salaire_base.agents_payes_a_l_heure.categorie_4_1.echelon_10,1997-05-01,1.218,"Avenant n° 6 à la convention collective nationale du textile, agréé par arrêté du 24 juillet 1996",https://www.pist.tn/jort/1996/1996A/Ja06096.pdf
salaire_base.agents_payes_a_l_heure.categorie_4_1.echelon_10,1998-05-01,1.281,"Avenant n° 6 à la convention collective nationale du textile, agréé par arrêté du 24 juillet 1996",https://www.pist.tn/jort/1996/1996A/Ja06096.pdf
salaire_base.agents_payes_a_l_heure.categorie_4_1.echelon_10,1999-05-01,1.344,"Avenant n° 7 à la convention collective nationale du textile, agréé par arrêté du 9 juin 1999",https://www.pist.tn/jort/1999/1999A/Ja04899.pdf
salaire_base.agents_payes_a_l_heure.categorie_4_1.echelon_10,2000-05-01,1.407,"Avenant n° 7 à la convention collective nationale du textile, agréé par arrêté du 9 juin 1999",https://www.pist.tn/jort/1999/1999A/Ja04899.pdf
salaire_base.agents_payes_a_l_heure.categorie_4_1.echelon_10,2001-05-01,1.47,"Avenant n° 7 à la convention collective nationale du textile, agréé par arrêté du 9 juin 1999",https://www.pist.tn/jort/1999/1999A/Ja04899.pdf
salaire_base.agents_payes_a_l_heure.categorie_4_1.echelon_10,2002-05-01,1.533,"Avenant n° 8 à la convention collective nationale du textile, agréé par arrêté du 25 novembre 2002",https://www.pist.tn/jort/2002/2002A/Ja0972002.pdf
salaire_base.agents_payes_a_l_heure.categorie_4_1.echelon_10,2003-05-01,1.598,"Avenant n° 8 à la convention collective nationale du textile, agréé par arrêté du 25 novembre 2002",https://www.pist.tn/jort/2002/2002A/Ja0972002.pdf
salaire_base.agents_payes_a_l_heure.categorie_4_1.echelon_10,2004-05-01,1.668,"Avenant n° 8 à la convention collective nationale du textile, agréé par arrêté du 25 novembre 2002",https://www.pist.tn/jort/2002/2002A/Ja0972002.pdf
salaire_base.agents_payes_a_l_heure.categorie_4_1.echelon_10,2005-06-15,1.731,"Avenant n° 9 à la convention collective sectorielle du textile, agréé par arrêté du 17 janvier 2006",https://www.pist.tn/jort/2006/2006A/Ja0072006.pdf
salaire_base.agents_payes_a_l_heure.categorie_4_1.echelon_10,2006-05-01,1.798,"Avenant n° 9 à la convention collective sectorielle du textile, agréé par arrêté du 17 janvier 2006",https://www.pist.tn/jort/2006/2006A/Ja0072006.pdf
salaire_base.agents_payes_a_l_heure.categorie_4_1.echelon_10,2007-05-01,1.865,"Avenant n° 9 à la convention collective sectorielle du textile, agréé par arrêté du 17 janvier 2006",https://www.pist.tn/jort/2006/2006A/Ja0072006.pdf
salaire_base.agents_payes_a_l_heure.categorie_4_1.echelon_10,2008-05-01,1.958,"Avenant n° 10 à la convention collective sectorielle du textile, agréé par arrêté du 17 février 2009",https://www.pist.tn/jort/2009/2009A/Ja0162009.pdf
salaire_base.agents_payes_a_l_heure.categorie_4_1.echelon_10,2009-05-01,2.046,"Avenant n° 10 à la convention collective sectorielle du textile, agréé par arrêté du 17 février 2009",https://www.pist.tn/jort/2009/2009A/Ja0162009.pdf
salaire_base.agents_payes_a_l_heure.categorie_4_1.echelon_10,2010-05-01,2.146,"Avenant n° 10 à la convention collective sectorielle du textile, agréé par arrêté du 17 février 2009",https://www.pist.tn/jort/2009/2009A/Ja0162009.pdf
salaire_base.agents_payes_a_l_heure.categorie_4_1.echelon_10,2011-05-01,2.248,"Avenant n° 11 à la convention collective sectorielle du textile, agréé par arrêté du 11 octobre 2011",https://www.pist.tn/jort/2011/2011A/Ja0782011.pdf
salaire_base.agents_payes_a_l_heure.categorie_4_1.echelon_10,2012-05-01,2.375,"Avenant n° 12 à la convention collective sectorielle du textile, agréé par arrêté du 19 février 2013",https://www.pist.tn/jort/2013/2013A/Ja0162013.pdf
salaire_base.agents_payes_a_l_heure.categorie_4_1.echelon_10,2014-05-01,2.51,"Avenant n° 13 à la convention collective sectorielle du textile, agréé par arrêté du 17 octobre 2014",https://www.pist.tn/jort/2014/2014A/Ja0902014.pdf
salaire_base.agents_payes_a_l_heure.categorie_4_1.echelon_10,2015-09-01,2.654,"Avenant n° 14 à la convention collective sectorielle du textile, agréé par arrêté du 8 avril 2016",https://www.pist.tn/jort/2016/2016A/Ja0302016.pdf
salaire_base.agents_payes_a_l_heure.categorie_4_1.echelon_10,2016-08-01,2.806,"Avenant n° 15 à la convention collective sectorielle du textile, agréé par arrêté du 14 août 2017",https://www.pist.tn/jort/2017/2017A/Ja0662017.pdf
salaire_base.agents_payes_a_l_heure.categorie_4_1.echelon_10,2018-01-01,2.967,"Avenant n° 15 à la convention collective sectorielle du textile, agréé par arrêté du 14 août 2017",https://www.pist.tn/jort/2017/2017A/Ja0662017.pdf
salaire_base.agents_payes_a_l_heure.categorie_4_1.echelon_10,2019-01-01,3.166,"Avenant n° 16 à la convention collective sectorielle du textile, agréé par arrêté du 21 janvier 2019",https://www.pist.tn/jort/2019/2019A/Ja0112019.pdf
salaire_base.agents_payes_a_l_heure.categorie_4_1.echelon_10,2020-01-01,3.379,"Avenant n° 16 à la convention collective sectorielle du textile, agréé par arrêté du 21 janvier 2019",https://www.pist.tn/jort/2019/2019A/Ja0112019.pdf
salaire_base.agents_payes_a_l_heure.categorie_4_1.echelon_10,2021-09-01,3.598,"Avenant n° 17 à la convention collective sectorielle du textile, agréé par arrêté du 23 juin 2022",https://www.pist.tn/jort/2022/2022A/Ja0712022.pdf
salaire_base.agents_payes_a_l_heure.categorie_4_1.echelon_10,2022-05-01,3.85,"Avenant n° 17 à la convention collective sectorielle du textile, agréé par arrêté du 23 juin 2022",https://www.pist.tn/jort/2022/2022A/Ja0712022.pdf
salaire_base.agents_payes_a_l_heure.categorie_4_1.echelon_10,2024-01-01,4.101,"Avenant n° 18 à la convention collective sectorielle du textile, agréé par arrêté du 8 avril 2024",https://www.pist.tn/jort/2024/2024A/Ja0492024.pdf
salaire_base.agents_payes_a_l_heure.categorie_4_1.echelon_10,2025-01-01,4.367,"Avenant n° 18 à la convention collective sectorielle du textile, agréé par arrêté du 8 avril 2024",https://www.pist.tn/jort/2024/2024A/Ja0492024.pdf
salaire_base.agents_payes_a_l_heure.categorie_4_1.echelon_10,2026-01-01,4.673,"Avenant n° 18 à la convention collective sectorielle du textile, agréé par arrêté du 8 avril 2024",https://www.pist.tn/jort/2024/2024A/Ja0492024.pdf
salaire_base.agents_payes_a_l_heure.categorie_4_1.echelon_11,1994-05-01,1.053,"Avenant n° 5 à la convention collective nationale du textile, agréé par arrêté du 22 septembre 1994",https://www.pist.tn/jort/1994/1994F/Jo07894.pdf
salaire_base.agents_payes_a_l_heure.categorie_4_1.echelon_11,1995-05-01,1.101,"Avenant n° 5 à la convention collective nationale du textile, agréé par arrêté du 22 septembre 1994",https://www.pist.tn/jort/1994/1994F/Jo07894.pdf
salaire_base.agents_payes_a_l_heure.categorie_4_1.echelon_11,1996-05-01,1.164,"Avenant n° 6 à la convention collective nationale du textile, agréé par arrêté du 24 juillet 1996",https://www.pist.tn/jort/1996/1996A/Ja06096.pdf
salaire_base.agents_payes_a_l_heure.categorie_4_1.echelon_11,1997-05-01,1.227,"Avenant n° 6 à la convention collective nationale du textile, agréé par arrêté du 24 juillet 1996",https://www.pist.tn/jort/1996/1996A/Ja06096.pdf
salaire_base.agents_payes_a_l_heure.categorie_4_1.echelon_11,1998-05-01,1.29,"Avenant n° 6 à la convention collective nationale du textile, agréé par arrêté du 24 juillet 1996",https://www.pist.tn/jort/1996/1996A/Ja06096.pdf
salaire_base.agents_payes_a_l_heure.categorie_4_1.echelon_11,1999-05-01,1.353,"Avenant n° 7 à la convention collective nationale du textile, agréé par arrêté du 9 juin 1999",https://www.pist.tn/jort/1999/1999A/Ja04899.pdf
salaire_base.agents_payes_a_l_heure.categorie_4_1.echelon_11,2000-05-01,1.416,"Avenant n° 7 à la convention collective nationale du textile, agréé par arrêté du 9 juin 1999",https://www.pist.tn/jort/1999/1999A/Ja04899.pdf
salaire_base.agents_payes_a_l_heure.categorie_4_1.echelon_11,2001-05-01,1.479,"Avenant n° 7 à la convention collective nationale du textile, agréé par arrêté du 9 juin 1999",https://www.pist.tn/jort/1999/1999A/Ja04899.pdf
salaire_base.agents_payes_a_l_heure.categorie_4_1.echelon_11,2002-05-01,1.542,"Avenant n° 8 à la convention collective nationale du textile, agréé par arrêté du 25 novembre 2002",https://www.pist.tn/jort/2002/2002A/Ja0972002.pdf
salaire_base.agents_payes_a_l_heure.categorie_4_1.echelon_11,2003-05-01,1.607,"Avenant n° 8 à la convention collective nationale du textile, agréé par arrêté du 25 novembre 2002",https://www.pist.tn/jort/2002/2002A/Ja0972002.pdf
salaire_base.agents_payes_a_l_heure.categorie_4_1.echelon_11,2004-05-01,1.677,"Avenant n° 8 à la convention collective nationale du textile, agréé par arrêté du 25 novembre 2002",https://www.pist.tn/jort/2002/2002A/Ja0972002.pdf
salaire_base.agents_payes_a_l_heure.categorie_4_1.echelon_11,2005-06-15,1.74,"Avenant n° 9 à la convention collective sectorielle du textile, agréé par arrêté du 17 janvier 2006",https://www.pist.tn/jort/2006/2006A/Ja0072006.pdf
salaire_base.agents_payes_a_l_heure.categorie_4_1.echelon_11,2006-05-01,1.807,"Avenant n° 9 à la convention collective sectorielle du textile, agréé par arrêté du 17 janvier 2006",https://www.pist.tn/jort/2006/2006A/Ja0072006.pdf
salaire_base.agents_payes_a_l_heure.categorie_4_1.echelon_11,2007-05-01,1.874,"Avenant n° 9 à la convention collective sectorielle du textile, agréé par arrêté du 17 janvier 2006",https://www.pist.tn/jort/2006/2006A/Ja0072006.pdf
salaire_base.agents_payes_a_l_heure.categorie_4_1.echelon_11,2008-05-01,1.966,"Avenant n° 10 à la convention collective sectorielle du textile, agréé par arrêté du 17 février 2009",https://www.pist.tn/jort/2009/2009A/Ja0162009.pdf
salaire_base.agents_payes_a_l_heure.categorie_4_1.echelon_11,2009-05-01,2.054,"Avenant n° 10 à la convention collective sectorielle du textile, agréé par arrêté du 17 février 2009",https://www.pist.tn/jort/2009/2009A/Ja0162009.pdf
salaire_base.agents_payes_a_l_heure.categorie_4_1.echelon_11,2010-05-01,2.154,"Avenant n° 10 à la convention collective sectorielle du textile, agréé par arrêté du 17 février 2009",https://www.pist.tn/jort/2009/2009A/Ja0162009.pdf
salaire_base.agents_payes_a_l_heure.categorie_4_1.echelon_11,2011-05-01,2.256,"Avenant n° 11 à la convention collective sectorielle du textile, agréé par arrêté du 11 octobre 2011",https://www.pist.tn/jort/2011/2011A/Ja0782011.pdf
salaire_base.agents_payes_a_l_heure.categorie_4_1.echelon_11,2012-05-01,2.383,"Avenant n° 12 à la convention collective sectorielle du textile, agréé par arrêté du 19 février 2013",https://www.pist.tn/jort/2013/2013A/Ja0162013.pdf
salaire_base.agents_payes_a_l_heure.categorie_4_1.echelon_11,2014-05-01,2.518,"Avenant n° 13 à la convention collective sectorielle du textile, agréé par arrêté du 17 octobre 2014",https://www.pist.tn/jort/2014/2014A/Ja0902014.pdf
salaire_base.agents_payes_a_l_heure.categorie_4_1.echelon_11,2015-09-01,2.662,"Avenant n° 14 à la convention collective sectorielle du textile, agréé par arrêté du 8 avril 2016",https://www.pist.tn/jort/2016/2016A/Ja0302016.pdf
salaire_base.agents_payes_a_l_heure.categorie_4_1.echelon_11,2016-08-01,2.814,"Avenant n° 15 à la convention collective sectorielle du textile, agréé par arrêté du 14 août 2017",https://www.pist.tn/jort/2017/2017A/Ja0662017.pdf
salaire_base.agents_payes_a_l_heure.categorie_4_1.echelon_11,2018-01-01,2.975,"Avenant n° 15 à la convention collective sectorielle du textile, agréé par arrêté du 14 août 2017",https://www.pist.tn/jort/2017/2017A/Ja0662017.pdf
salaire_base.agents_payes_a_l_heure.categorie_4_1.echelon_11,2019-01-01,3.174,"Avenant n° 16 à la convention collective sectorielle du textile, agréé par arrêté du 21 janvier 2019",https://www.pist.tn/jort/2019/2019A/Ja0112019.pdf
salaire_base.agents_payes_a_l_heure.categorie_4_1.echelon_11,2020-01-01,3.387,"Avenant n° 16 à la convention collective sectorielle du textile, agréé par arrêté du 21 janvier 2019",https://www.pist.tn/jort/2019/2019A/Ja0112019.pdf
salaire_base.agents_payes_a_l_heure.categorie_4_1.echelon_11,2021-09-01,3.607,"Avenant n° 17 à la convention collective sectorielle du textile, agréé par arrêté du 23 juin 2022",https://www.pist.tn/jort/2022/2022A/Ja0712022.pdf
salaire_base.agents_payes_a_l_heure.categorie_4_1.echelon_11,2022-05-01,3.859,"Avenant n° 17 à la convention collective sectorielle du textile, agréé par arrêté du 23 juin 2022",https://www.pist.tn/jort/2022/2022A/Ja0712022.pdf
salaire_base.agents_payes_a_l_heure.categorie_4_1.echelon_11,2024-01-01,4.11,"Avenant n° 18 à la convention collective sectorielle du textile, agréé par arrêté du 8 avril 2024",https://www.pist.tn/jort/2024/2024A/Ja0492024.pdf
salaire_base.agents_payes_a_l_heure.categorie_4_1.echelon_11,2025-01-01,4.377,"Avenant n° 18 à la convention collective sectorielle du textile, agréé par arrêté du 8 avril 2024",https://www.pist.tn/jort/2024/2024A/Ja0492024.pdf
salaire_base.agents_payes_a_l_heure.categorie_4_1.echelon_11,2026-01-01,4.684,"Avenant n° 18 à la convention collective sectorielle du textile, agréé par arrêté du 8 avril 2024",https://www.pist.tn/jort/2024/2024A/Ja0492024.pdf
salaire_base.agents_payes_a_l_heure.categorie_4_1.echelon_12,1994-05-01,1.061,"Avenant n° 5 à la convention collective nationale du textile, agréé par arrêté du 22 septembre 1994",https://www.pist.tn/jort/1994/1994F/Jo07894.pdf
salaire_base.agents_payes_a_l_heure.categorie_4_1.echelon_12,1995-05-01,1.109,"Avenant n° 5 à la convention collective nationale du textile, agréé par arrêté du 22 septembre 1994",https://www.pist.tn/jort/1994/1994F/Jo07894.pdf
salaire_base.agents_payes_a_l_heure.categorie_4_1.echelon_12,1996-05-01,1.172,"Avenant n° 6 à la convention collective nationale du textile, agréé par arrêté du 24 juillet 1996",https://www.pist.tn/jort/1996/1996A/Ja06096.pdf
salaire_base.agents_payes_a_l_heure.categorie_4_1.echelon_12,1997-05-01,1.235,"Avenant n° 6 à la convention collective nationale du textile, agréé par arrêté du 24 juillet 1996",https://www.pist.tn/jort/1996/1996A/Ja06096.pdf
salaire_base.agents_payes_a_l_heure.categorie_4_1.echelon_12,1998-05-01,1.298,"Avenant n° 6 à la convention collective nationale du textile, agréé par arrêté du 24 juillet 1996",https://www.pist.tn/jort/1996/1996A/Ja06096.pdf
salaire_base.agents_payes_a_l_heure.categorie_4_1.echelon_12,1999-05-01,1.361,"Avenant n° 7 à la convention collective nationale du textile, agréé par arrêté du 9 juin 1999",https://www.pist.tn/jort/1999/1999A/Ja04899.pdf
salaire_base.agents_payes_a_l_heure.categorie_4_1.echelon_12,2000-05-01,1.424,"Avenant n° 7 à la convention collective nationale du textile, agréé par arrêté du 9 juin 1999",https://www.pist.tn/jort/1999/1999A/Ja04899.pdf
salaire_base.agents_payes_a_l_heure.categorie_4_1.echelon_12,2001-05-01,1.487,"Avenant n° 7 à la convention collective nationale du textile, agréé par arrêté du 9 juin 1999",https://www.pist.tn/jort/1999/1999A/Ja04899.pdf
salaire_base.agents_payes_a_l_heure.categorie_4_1.echelon_12,2002-05-01,1.55,"Avenant n° 8 à la convention collective nationale du textile, agréé par arrêté du 25 novembre 2002",https://www.pist.tn/jort/2002/2002A/Ja0972002.pdf
salaire_base.agents_payes_a_l_heure.categorie_4_1.echelon_12,2003-05-01,1.615,"Avenant n° 8 à la convention collective nationale du textile, agréé par arrêté du 25 novembre 2002",https://www.pist.tn/jort/2002/2002A/Ja0972002.pdf
salaire_base.agents_payes_a_l_heure.categorie_4_1.echelon_12,2004-05-01,1.685,"Avenant n° 8 à la convention collective nationale du textile, agréé par arrêté du 25 novembre 2002",https://www.pist.tn/jort/2002/2002A/Ja0972002.pdf
salaire_base.agents_payes_a_l_heure.categorie_4_1.echelon_12,2005-06-15,1.748,"Avenant n° 9 à la convention collective sectorielle du textile, agréé par arrêté du 17 janvier 2006",https://www.pist.tn/jort/2006/2006A/Ja0072006.pdf
salaire_base.agents_payes_a_l_heure.categorie_4_1.echelon_12,2006-05-01,1.815,"Avenant n° 9 à la convention collective sectorielle du textile, agréé par arrêté du 17 janvier 2006",https://www.pist.tn/jort/2006/2006A/Ja0072006.pdf
salaire_base.agents_payes_a_l_heure.categorie_4_1.echelon_12,2007-05-01,1.882,"Avenant n° 9 à la convention collective sectorielle du textile, agréé par arrêté du 17 janvier 2006",https://www.pist.tn/jort/2006/2006A/Ja0072006.pdf
salaire_base.agents_payes_a_l_heure.categorie_4_1.echelon_12,2008-05-01,1.975,"Avenant n° 10 à la convention collective sectorielle du textile, agréé par arrêté du 17 février 2009",https://www.pist.tn/jort/2009/2009A/Ja0162009.pdf
salaire_base.agents_payes_a_l_heure.categorie_4_1.echelon_12,2009-05-01,2.063,"Avenant n° 10 à la convention collective sectorielle du textile, agréé par arrêté du 17 février 2009",https://www.pist.tn/jort/2009/2009A/Ja0162009.pdf
salaire_base.agents_payes_a_l_heure.categorie_4_1.echelon_12,2010-05-01,2.163,"Avenant n° 10 à la convention collective sectorielle du textile, agréé par arrêté du 17 février 2009",https://www.pist.tn/jort/2009/2009A/Ja0162009.pdf
salaire_base.agents_payes_a_l_heure.categorie_4_1.echelon_12,2011-05-01,2.265,"Avenant n° 11 à la convention collective sectorielle du textile, agréé par arrêté du 11 octobre 2011",https://www.pist.tn/jort/2011/2011A/Ja0782011.pdf
salaire_base.agents_payes_a_l_heure.categorie_4_1.echelon_12,2012-05-01,2.392,"Avenant n° 12 à la convention collective sectorielle du textile, agréé par arrêté du 19 février 2013",https://www.pist.tn/jort/2013/2013A/Ja0162013.pdf
salaire_base.agents_payes_a_l_heure.categorie_4_1.echelon_12,2014-05-01,2.527,"Avenant n° 13 à la convention collective sectorielle du textile, agréé par arrêté du 17 octobre 2014",https://www.pist.tn/jort/2014/2014A/Ja0902014.pdf
salaire_base.agents_payes_a_l_heure.categorie_4_1.echelon_12,2015-09-01,2.671,"Avenant n° 14 à la convention collective sectorielle du textile, agréé par arrêté du 8 avril 2016",https://www.pist.tn/jort/2016/2016A/Ja0302016.pdf
salaire_base.agents_payes_a_l_heure.categorie_4_1.echelon_12,2016-08-01,2.823,"Avenant n° 15 à la convention collective sectorielle du textile, agréé par arrêté du 14 août 2017",https://www.pist.tn/jort/2017/2017A/Ja0662017.pdf
salaire_base.agents_payes_a_l_heure.categorie_4_1.echelon_12,2018-01-01,2.984,"Avenant n° 15 à la convention collective sectorielle du textile, agréé par arrêté du 14 août 2017",https://www.pist.tn/jort/2017/2017A/Ja0662017.pdf
salaire_base.agents_payes_a_l_heure.categorie_4_1.echelon_12,2019-01-01,3.183,"Avenant n° 16 à la convention collective sectorielle du textile, agréé par arrêté du 21 janvier 2019",https://www.pist.tn/jort/2019/2019A/Ja0112019.pdf
salaire_base.agents_payes_a_l_heure.categorie_4_1.echelon_12,2020-01-01,3.396,"Avenant n° 16 à la convention collective sectorielle du textile, agréé par arrêté du 21 janvier 2019",https://www.pist.tn/jort/2019/2019A/Ja0112019.pdf
salaire_base.agents_payes_a_l_heure.categorie_4_1.echelon_12,2021-09-01,3.617,"Avenant n° 17 à la convention collective sectorielle du textile, agréé par arrêté du 23 juin 2022",https://www.pist.tn/jort/2022/2022A/Ja0712022.pdf
salaire_base.agents_payes_a_l_heure.categorie_4_1.echelon_12,2022-05-01,3.87,"Avenant n° 17 à la convention collective sectorielle du textile, agréé par arrêté du 23 juin 2022",https://www.pist.tn/jort/2022/2022A/Ja0712022.pdf
salaire_base.agents_payes_a_l_heure.categorie_4_1.echelon_12,2024-01-01,4.121,"Avenant n° 18 à la convention collective sectorielle du textile, agréé par arrêté du 8 avril 2024",https://www.pist.tn/jort/2024/2024A/Ja0492024.pdf
salaire_base.agents_payes_a_l_heure.categorie_4_1.echelon_12,2025-01-01,4.389,"Avenant n° 18 à la convention collective sectorielle du textile, agréé par arrêté du 8 avril 2024",https://www.pist.tn/jort/2024/2024A/Ja0492024.pdf
salaire_base.agents_payes_a_l_heure.categorie_4_1.echelon_12,2026-01-01,4.696,"Avenant n° 18 à la convention collective sectorielle du textile, agréé par arrêté du 8 avril 2024",https://www.pist.tn/jort/2024/2024A/Ja0492024.pdf
salaire_base.agents_payes_a_l_heure.categorie_4_1.echelon_13,1994-05-01,1.07,"Avenant n° 5 à la convention collective nationale du textile, agréé par arrêté du 22 septembre 1994",https://www.pist.tn/jort/1994/1994F/Jo07894.pdf
salaire_base.agents_payes_a_l_heure.categorie_4_1.echelon_13,1995-05-01,1.118,"Avenant n° 5 à la convention collective nationale du textile, agréé par arrêté du 22 septembre 1994",https://www.pist.tn/jort/1994/1994F/Jo07894.pdf
salaire_base.agents_payes_a_l_heure.categorie_4_1.echelon_13,1996-05-01,1.181,"Avenant n° 6 à la convention collective nationale du textile, agréé par arrêté du 24 juillet 1996",https://www.pist.tn/jort/1996/1996A/Ja06096.pdf
salaire_base.agents_payes_a_l_heure.categorie_4_1.echelon_13,1997-05-01,1.244,"Avenant n° 6 à la convention collective nationale du textile, agréé par arrêté du 24 juillet 1996",https://www.pist.tn/jort/1996/1996A/Ja06096.pdf
salaire_base.agents_payes_a_l_heure.categorie_4_1.echelon_13,1998-05-01,1.307,"Avenant n° 6 à la convention collective nationale du textile, agréé par arrêté du 24 juillet 1996",https://www.pist.tn/jort/1996/1996A/Ja06096.pdf
salaire_base.agents_payes_a_l_heure.categorie_4_1.echelon_13,1999-05-01,1.37,"Avenant n° 7 à la convention collective nationale du textile, agréé par arrêté du 9 juin 1999",https://www.pist.tn/jort/1999/1999A/Ja04899.pdf
salaire_base.agents_payes_a_l_heure.categorie_4_1.echelon_13,2000-05-01,1.433,"Avenant n° 7 à la convention collective nationale du textile, agréé par arrêté du 9 juin 1999",https://www.pist.tn/jort/1999/1999A/Ja04899.pdf
salaire_base.agents_payes_a_l_heure.categorie_4_1.echelon_13,2001-05-01,1.496,"Avenant n° 7 à la convention collective nationale du textile, agréé par arrêté du 9 juin 1999",https://www.pist.tn/jort/1999/1999A/Ja04899.pdf
salaire_base.agents_payes_a_l_heure.categorie_4_1.echelon_13,2002-05-01,1.559,"Avenant n° 8 à la convention collective nationale du textile, agréé par arrêté du 25 novembre 2002",https://www.pist.tn/jort/2002/2002A/Ja0972002.pdf
salaire_base.agents_payes_a_l_heure.categorie_4_1.echelon_13,2003-05-01,1.624,"Avenant n° 8 à la convention collective nationale du textile, agréé par arrêté du 25 novembre 2002",https://www.pist.tn/jort/2002/2002A/Ja0972002.pdf
salaire_base.agents_payes_a_l_heure.categorie_4_1.echelon_13,2004-05-01,1.694,"Avenant n° 8 à la convention collective nationale du textile, agréé par arrêté du 25 novembre 2002",https://www.pist.tn/jort/2002/2002A/Ja0972002.pdf
salaire_base.agents_payes_a_l_heure.categorie_4_1.echelon_13,2005-06-15,1.757,"Avenant n° 9 à la convention collective sectorielle du textile, agréé par arrêté du 17 janvier 2006",https://www.pist.tn/jort/2006/2006A/Ja0072006.pdf
salaire_base.agents_payes_a_l_heure.categorie_4_1.echelon_13,2006-05-01,1.824,"Avenant n° 9 à la convention collective sectorielle du textile, agréé par arrêté du 17 janvier 2006",https://www.pist.tn/jort/2006/2006A/Ja0072006.pdf
salaire_base.agents_payes_a_l_heure.categorie_4_1.echelon_13,2007-05-01,1.891,"Avenant n° 9 à la convention collective sectorielle du textile, agréé par arrêté du 17 janvier 2006",https://www.pist.tn/jort/2006/2006A/Ja0072006.pdf
salaire_base.agents_payes_a_l_heure.categorie_4_1.echelon_13,2008-05-01,1.985,"Avenant n° 10 à la convention collective sectorielle du textile, agréé par arrêté du 17 février 2009",https://www.pist.tn/jort/2009/2009A/Ja0162009.pdf
salaire_base.agents_payes_a_l_heure.categorie_4_1.echelon_13,2009-05-01,2.073,"Avenant n° 10 à la convention collective sectorielle du textile, agréé par arrêté du 17 février 2009",https://www.pist.tn/jort/2009/2009A/Ja0162009.pdf
salaire_base.agents_payes_a_l_heure.categorie_4_1.echelon_13,2010-05-01,2.174,"Avenant n° 10 à la convention collective sectorielle du textile, agréé par arrêté du 17 février 2009",https://www.pist.tn/jort/2009/2009A/Ja0162009.pdf
salaire_base.agents_payes_a_l_heure.categorie_4_1.echelon_13,2011-05-01,2.276,"Avenant n° 11 à la convention collective sectorielle du textile, agréé par arrêté du 11 octobre 2011",https://www.pist.tn/jort/2011/2011A/Ja0782011.pdf
salaire_base.agents_payes_a_l_heure.categorie_4_1.echelon_13,2012-05-01,2.403,"Avenant n° 12 à la convention collective sectorielle du textile, agréé par arrêté du 19 février 2013",https://www.pist.tn/jort/2013/2013A/Ja0162013.pdf
salaire_base.agents_payes_a_l_heure.categorie_4_1.echelon_13,2014-05-01,2.538,"Avenant n° 13 à la convention collective sectorielle du textile, agréé par arrêté du 17 octobre 2014",https://www.pist.tn/jort/2014/2014A/Ja0902014.pdf
salaire_base.agents_payes_a_l_heure.categorie_4_1.echelon_13,2015-09-01,2.682,"Avenant n° 14 à la convention collective sectorielle du textile, agréé par arrêté du 8 avril 2016",https://www.pist.tn/jort/2016/2016A/Ja0302016.pdf
salaire_base.agents_payes_a_l_heure.categorie_4_1.echelon_13,2016-08-01,2.834,"Avenant n° 15 à la convention collective sectorielle du textile, agréé par arrêté du 14 août 2017",https://www.pist.tn/jort/2017/2017A/Ja0662017.pdf
salaire_base.agents_payes_a_l_heure.categorie_4_1.echelon_13,2018-01-01,2.995,"Avenant n° 15 à la convention collective sectorielle du textile, agréé par arrêté du 14 août 2017",https://www.pist.tn/jort/2017/2017A/Ja0662017.pdf
salaire_base.agents_payes_a_l_heure.categorie_4_1.echelon_13,2019-01-01,3.194,"Avenant n° 16 à la convention collective sectorielle du textile, agréé par arrêté du 21 janvier 2019",https://www.pist.tn/jort/2019/2019A/Ja0112019.pdf
salaire_base.agents_payes_a_l_heure.categorie_4_1.echelon_13,2020-01-01,3.407,"Avenant n° 16 à la convention collective sectorielle du textile, agréé par arrêté du 21 janvier 2019",https://www.pist.tn/jort/2019/2019A/Ja0112019.pdf
salaire_base.agents_payes_a_l_heure.categorie_4_1.echelon_13,2021-09-01,3.628,"Avenant n° 17 à la convention collective sectorielle du textile, agréé par arrêté du 23 juin 2022",https://www.pist.tn/jort/2022/2022A/Ja0712022.pdf
salaire_base.agents_payes_a_l_heure.categorie_4_1.echelon_13,2022-05-01,3.882,"Avenant n° 17 à la convention collective sectorielle du textile, agréé par arrêté du 23 juin 2022",https://www.pist.tn/jort/2022/2022A/Ja0712022.pdf
salaire_base.agents_payes_a_l_heure.categorie_4_1.echelon_13,2024-01-01,4.135,"Avenant n° 18 à la convention collective sectorielle du textile, agréé par arrêté du 8 avril 2024",https://www.pist.tn/jort/2024/2024A/Ja0492024.pdf
salaire_base.agents_payes_a_l_heure.categorie_4_1.echelon_13,2025-01-01,4.403,"Avenant n° 18 à la convention collective sectorielle du textile, agréé par arrêté du 8 avril 2024",https://www.pist.tn/jort/2024/2024A/Ja0492024.pdf
salaire_base.agents_payes_a_l_heure.categorie_4_1.echelon_13,2026-01-01,4.712,"Avenant n° 18 à la convention collective sectorielle du textile, agréé par arrêté du 8 avril 2024",https://www.pist.tn/jort/2024/2024A/Ja0492024.pdf
salaire_base.agents_payes_a_l_heure.categorie_4_1.echelon_14,1994-05-01,1.081,"Avenant n° 5 à la convention collective nationale du textile, agréé par arrêté du 22 septembre 1994",https://www.pist.tn/jort/1994/1994F/Jo07894.pdf
salaire_base.agents_payes_a_l_heure.categorie_4_1.echelon_14,1995-05-01,1.129,"Avenant n° 5 à la convention collective nationale du textile, agréé par arrêté du 22 septembre 1994",https://www.pist.tn/jort/1994/1994F/Jo07894.pdf
salaire_base.agents_payes_a_l_heure.categorie_4_1.echelon_14,1996-05-01,1.192,"Avenant n° 6 à la convention collective nationale du textile, agréé par arrêté du 24 juillet 1996",https://www.pist.tn/jort/1996/1996A/Ja06096.pdf
salaire_base.agents_payes_a_l_heure.categorie_4_1.echelon_14,1997-05-01,1.255,"Avenant n° 6 à la convention collective nationale du textile, agréé par arrêté du 24 juillet 1996",https://www.pist.tn/jort/1996/1996A/Ja06096.pdf
salaire_base.agents_payes_a_l_heure.categorie_4_1.echelon_14,1998-05-01,1.318,"Avenant n° 6 à la convention collective nationale du textile, agréé par arrêté du 24 juillet 1996",https://www.pist.tn/jort/1996/1996A/Ja06096.pdf
salaire_base.agents_payes_a_l_heure.categorie_4_1.echelon_14,1999-05-01,1.381,"Avenant n° 7 à la convention collective nationale du textile, agréé par arrêté du 9 juin 1999",https://www.pist.tn/jort/1999/1999A/Ja04899.pdf
salaire_base.agents_payes_a_l_heure.categorie_4_1.echelon_14,2000-05-01,1.444,"Avenant n° 7 à la convention collective nationale du textile, agréé par arrêté du 9 juin 1999",https://www.pist.tn/jort/1999/1999A/Ja04899.pdf
salaire_base.agents_payes_a_l_heure.categorie_4_1.echelon_14,2001-05-01,1.507,"Avenant n° 7 à la convention collective nationale du textile, agréé par arrêté du 9 juin 1999",https://www.pist.tn/jort/1999/1999A/Ja04899.pdf
salaire_base.agents_payes_a_l_heure.categorie_4_1.echelon_14,2002-05-01,1.57,"Avenant n° 8 à la convention collective nationale du textile, agréé par arrêté du 25 novembre 2002",https://www.pist.tn/jort/2002/2002A/Ja0972002.pdf
salaire_base.agents_payes_a_l_heure.categorie_4_1.echelon_14,2003-05-01,1.635,"Avenant n° 8 à la convention collective nationale du textile, agréé par arrêté du 25 novembre 2002",https://www.pist.tn/jort/2002/2002A/Ja0972002.pdf
salaire_base.agents_payes_a_l_heure.categorie_4_1.echelon_14,2004-05-01,1.705,"Avenant n° 8 à la convention collective nationale du textile, agréé par arrêté du 25 novembre 2002",https://www.pist.tn/jort/2002/2002A/Ja0972002.pdf
salaire_base.agents_payes_a_l_heure.categorie_4_1.echelon_14,2005-06-15,1.768,"Avenant n° 9 à la convention collective sectorielle du textile, agréé par arrêté du 17 janvier 2006",https://www.pist.tn/jort/2006/2006A/Ja0072006.pdf
salaire_base.agents_payes_a_l_heure.categorie_4_1.echelon_14,2006-05-01,1.835,"Avenant n° 9 à la convention collective sectorielle du textile, agréé par arrêté du 17 janvier 2006",https://www.pist.tn/jort/2006/2006A/Ja0072006.pdf
salaire_base.agents_payes_a_l_heure.categorie_4_1.echelon_14,2007-05-01,1.902,"Avenant n° 9 à la convention collective sectorielle du textile, agréé par arrêté du 17 janvier 2006",https://www.pist.tn/jort/2006/2006A/Ja0072006.pdf
salaire_base.agents_payes_a_l_heure.categorie_4_1.echelon_14,2008-05-01,1.994,"Avenant n° 10 à la convention collective sectorielle du textile, agréé par arrêté du 17 février 2009",https://www.pist.tn/jort/2009/2009A/Ja0162009.pdf
salaire_base.agents_payes_a_l_heure.categorie_4_1.echelon_14,2009-05-01,2.082,"Avenant n° 10 à la convention collective sectorielle du textile, agréé par arrêté du 17 février 2009",https://www.pist.tn/jort/2009/2009A/Ja0162009.pdf
salaire_base.agents_payes_a_l_heure.categorie_4_1.echelon_14,2010-05-01,2.182,"Avenant n° 10 à la convention collective sectorielle du textile, agréé par arrêté du 17 février 2009",https://www.pist.tn/jort/2009/2009A/Ja0162009.pdf
salaire_base.agents_payes_a_l_heure.categorie_4_1.echelon_14,2011-05-01,2.284,"Avenant n° 11 à la convention collective sectorielle du textile, agréé par arrêté du 11 octobre 2011",https://www.pist.tn/jort/2011/2011A/Ja0782011.pdf
salaire_base.agents_payes_a_l_heure.categorie_4_1.echelon_14,2012-05-01,2.411,"Avenant n° 12 à la convention collective sectorielle du textile, agréé par arrêté du 19 février 2013",https://www.pist.tn/jort/2013/2013A/Ja0162013.pdf
salaire_base.agents_payes_a_l_heure.categorie_4_1.echelon_14,2014-05-01,2.546,"Avenant n° 13 à la convention collective sectorielle du textile, agréé par arrêté du 17 octobre 2014",https://www.pist.tn/jort/2014/2014A/Ja0902014.pdf
salaire_base.agents_payes_a_l_heure.categorie_4_1.echelon_14,2015-09-01,2.69,"Avenant n° 14 à la convention collective sectorielle du textile, agréé par arrêté du 8 avril 2016",https://www.pist.tn/jort/2016/2016A/Ja0302016.pdf
salaire_base.agents_payes_a_l_heure.categorie_4_1.echelon_14,2016-08-01,2.842,"Avenant n° 15 à la convention collective sectorielle du textile, agréé par arrêté du 14 août 2017",https://www.pist.tn/jort/2017/2017A/Ja0662017.pdf
salaire_base.agents_payes_a_l_heure.categorie_4_1.echelon_14,2018-01-01,3.003,"Avenant n° 15 à la convention collective sectorielle du textile, agréé par arrêté du 14 août 2017",https://www.pist.tn/jort/2017/2017A/Ja0662017.pdf
salaire_base.agents_payes_a_l_heure.categorie_4_1.echelon_14,2019-01-01,3.202,"Avenant n° 16 à la convention collective sectorielle du textile, agréé par arrêté du 21 janvier 2019",https://www.pist.tn/jort/2019/2019A/Ja0112019.pdf
salaire_base.agents_payes_a_l_heure.categorie_4_1.echelon_14,2020-01-01,3.415,"Avenant n° 16 à la convention collective sectorielle du textile, agréé par arrêté du 21 janvier 2019",https://www.pist.tn/jort/2019/2019A/Ja0112019.pdf
salaire_base.agents_payes_a_l_heure.categorie_4_1.echelon_14,2021-09-01,3.637,"Avenant n° 17 à la convention collective sectorielle du textile, agréé par arrêté du 23 juin 2022",https://www.pist.tn/jort/2022/2022A/Ja0712022.pdf
salaire_base.agents_payes_a_l_heure.categorie_4_1.echelon_14,2022-05-01,3.891,"Avenant n° 17 à la convention collective sectorielle du textile, agréé par arrêté du 23 juin 2022",https://www.pist.tn/jort/2022/2022A/Ja0712022.pdf
salaire_base.agents_payes_a_l_heure.categorie_4_1.echelon_14,2024-01-01,4.144,"Avenant n° 18 à la convention collective sectorielle du textile, agréé par arrêté du 8 avril 2024",https://www.pist.tn/jort/2024/2024A/Ja0492024.pdf
salaire_base.agents_payes_a_l_heure.categorie_4_1.echelon_14,2025-01-01,4.414,"Avenant n° 18 à la convention collective sectorielle du textile, agréé par arrêté du 8 avril 2024",https://www.pist.tn/jort/2024/2024A/Ja0492024.pdf
salaire_base.agents_payes_a_l_heure.categorie_4_1.echelon_14,2026-01-01,4.723,"Avenant n° 18 à la convention collective sectorielle du textile, agréé par arrêté du 8 avril 2024",https://www.pist.tn/jort/2024/2024A/Ja0492024.pdf
salaire_base.agents_payes_a_l_heure.categorie_4_1.echelon_15,1994-05-01,1.089,"Avenant n° 5 à la convention collective nationale du textile, agréé par arrêté du 22 septembre 1994",https://www.pist.tn/jort/1994/1994F/Jo07894.pdf
salaire_base.agents_payes_a_l_heure.categorie_4_1.echelon_15,1995-05-01,1.137,"Avenant n° 5 à la convention collective nationale du textile, agréé par arrêté du 22 septembre 1994",https://www.pist.tn/jort/1994/1994F/Jo07894.pdf
salaire_base.agents_payes_a_l_heure.categorie_4_1.echelon_15,1996-05-01,1.2,"Avenant n° 6 à la convention collective nationale du textile, agréé par arrêté du 24 juillet 1996",https://www.pist.tn/jort/1996/1996A/Ja06096.pdf
salaire_base.agents_payes_a_l_heure.categorie_4_1.echelon_15,1997-05-01,1.263,"Avenant n° 6 à la convention collective nationale du textile, agréé par arrêté du 24 juillet 1996",https://www.pist.tn/jort/1996/1996A/Ja06096.pdf
salaire_base.agents_payes_a_l_heure.categorie_4_1.echelon_15,1998-05-01,1.326,"Avenant n° 6 à la convention collective nationale du textile, agréé par arrêté du 24 juillet 1996",https://www.pist.tn/jort/1996/1996A/Ja06096.pdf
salaire_base.agents_payes_a_l_heure.categorie_4_1.echelon_15,1999-05-01,1.389,"Avenant n° 7 à la convention collective nationale du textile, agréé par arrêté du 9 juin 1999",https://www.pist.tn/jort/1999/1999A/Ja04899.pdf
salaire_base.agents_payes_a_l_heure.categorie_4_1.echelon_15,2000-05-01,1.452,"Avenant n° 7 à la convention collective nationale du textile, agréé par arrêté du 9 juin 1999",https://www.pist.tn/jort/1999/1999A/Ja04899.pdf
salaire_base.agents_payes_a_l_heure.categorie_4_1.echelon_15,2001-05-01,1.515,"Avenant n° 7 à la convention collective nationale du textile, agréé par arrêté du 9 juin 1999",https://www.pist.tn/jort/1999/1999A/Ja04899.pdf
salaire_base.agents_payes_a_l_heure.categorie_4_1.echelon_15,2002-05-01,1.578,"Avenant n° 8 à la convention collective nationale du textile, agréé par arrêté du 25 novembre 2002",https://www.pist.tn/jort/2002/2002A/Ja0972002.pdf
salaire_base.agents_payes_a_l_heure.categorie_4_1.echelon_15,2003-05-01,1.643,"Avenant n° 8 à la convention collective nationale du textile, agréé par arrêté du 25 novembre 2002",https://www.pist.tn/jort/2002/2002A/Ja0972002.pdf
salaire_base.agents_payes_a_l_heure.categorie_4_1.echelon_15,2004-05-01,1.713,"Avenant n° 8 à la convention collective nationale du textile, agréé par arrêté du 25 novembre 2002",https://www.pist.tn/jort/2002/2002A/Ja0972002.pdf
salaire_base.agents_payes_a_l_heure.categorie_4_1.echelon_15,2005-06-15,1.776,"Avenant n° 9 à la convention collective sectorielle du textile, agréé par arrêté du 17 janvier 2006",https://www.pist.tn/jort/2006/2006A/Ja0072006.pdf
salaire_base.agents_payes_a_l_heure.categorie_4_1.echelon_15,2006-05-01,1.843,"Avenant n° 9 à la convention collective sectorielle du textile, agréé par arrêté du 17 janvier 2006",https://www.pist.tn/jort/2006/2006A/Ja0072006.pdf
salaire_base.agents_payes_a_l_heure.categorie_4_1.echelon_15,2007-05-01,1.91,"Avenant n° 9 à la convention collective sectorielle du textile, agréé par arrêté du 17 janvier 2006",https://www.pist.tn/jort/2006/2006A/Ja0072006.pdf
salaire_base.agents_payes_a_l_heure.categorie_4_1.echelon_15,2008-05-01,2.002,"Avenant n° 10 à la convention collective sectorielle du textile, agréé par arrêté du 17 février 2009",https://www.pist.tn/jort/2009/2009A/Ja0162009.pdf
salaire_base.agents_payes_a_l_heure.categorie_4_1.echelon_15,2009-05-01,2.09,"Avenant n° 10 à la convention collective sectorielle du textile, agréé par arrêté du 17 février 2009",https://www.pist.tn/jort/2009/2009A/Ja0162009.pdf
salaire_base.agents_payes_a_l_heure.categorie_4_1.echelon_15,2010-05-01,2.19,"Avenant n° 10 à la convention collective sectorielle du textile, agréé par arrêté du 17 février 2009",https://www.pist.tn/jort/2009/2009A/Ja0162009.pdf
salaire_base.agents_payes_a_l_heure.categorie_4_1.echelon_15,2011-05-01,2.292,"Avenant n° 11 à la convention collective sectorielle du textile, agréé par arrêté du 11 octobre 2011",https://www.pist.tn/jort/2011/2011A/Ja0782011.pdf
salaire_base.agents_payes_a_l_heure.categorie_4_1.echelon_15,2012-05-01,2.419,"Avenant n° 12 à la convention collective sectorielle du textile, agréé par arrêté du 19 février 2013",https://www.pist.tn/jort/2013/2013A/Ja0162013.pdf
salaire_base.agents_payes_a_l_heure.categorie_4_1.echelon_15,2014-05-01,2.554,"Avenant n° 13 à la convention collective sectorielle du textile, agréé par arrêté du 17 octobre 2014",https://www.pist.tn/jort/2014/2014A/Ja0902014.pdf
salaire_base.agents_payes_a_l_heure.categorie_4_1.echelon_15,2015-09-01,2.698,"Avenant n° 14 à la convention collective sectorielle du textile, agréé par arrêté du 8 avril 2016",https://www.pist.tn/jort/2016/2016A/Ja0302016.pdf
salaire_base.agents_payes_a_l_heure.categorie_4_1.echelon_15,2016-08-01,2.85,"Avenant n° 15 à la convention collective sectorielle du textile, agréé par arrêté du 14 août 2017",https://www.pist.tn/jort/2017/2017A/Ja0662017.pdf
salaire_base.agents_payes_a_l_heure.categorie_4_1.echelon_15,2018-01-01,3.011,"Avenant n° 15 à la convention collective sectorielle du textile, agréé par arrêté du 14 août 2017",https://www.pist.tn/jort/2017/2017A/Ja0662017.pdf
salaire_base.agents_payes_a_l_heure.categorie_4_1.echelon_15,2019-01-01,3.21,"Avenant n° 16 à la convention collective sectorielle du textile, agréé par arrêté du 21 janvier 2019",https://www.pist.tn/jort/2019/2019A/Ja0112019.pdf
salaire_base.agents_payes_a_l_heure.categorie_4_1.echelon_15,2020-01-01,3.423,"Avenant n° 16 à la convention collective sectorielle du textile, agréé par arrêté du 21 janvier 2019",https://www.pist.tn/jort/2019/2019A/Ja0112019.pdf
salaire_base.agents_payes_a_l_heure.categorie_4_1.echelon_15,2021-09-01,3.645,"Avenant n° 17 à la convention collective sectorielle du textile, agréé par arrêté du 23 juin 2022",https://www.pist.tn/jort/2022/2022A/Ja0712022.pdf
salaire_base.agents_payes_a_l_heure.categorie_4_1.echelon_15,2022-05-01,3.9,"Avenant n° 17 à la convention collective sectorielle du textile, agréé par arrêté du 23 juin 2022",https://www.pist.tn/jort/2022/2022A/Ja0712022.pdf
salaire_base.agents_payes_a_l_heure.categorie_4_1.echelon_15,2024-01-01,4.154,"Avenant n° 18 à la convention collective sectorielle du textile, agréé par arrêté du 8 avril 2024",https://www.pist.tn/jort/2024/2024A/Ja0492024.pdf
salaire_base.agents_payes_a_l_heure.categorie_4_1.echelon_15,2025-01-01,4.424,"Avenant n° 18 à la convention collective sectorielle du textile, agréé par arrêté du 8 avril 2024",https://www.pist.tn/jort/2024/2024A/Ja0492024.pdf
salaire_base.agents_payes_a_l_heure.categorie_4_1.echelon_15,2026-01-01,4.734,"Avenant n° 18 à la convention collective sectorielle du textile, agréé par arrêté du 8 avril 2024",https://www.pist.tn/jort/2024/2024A/Ja0492024.pdf
salaire_base.agents_payes_a_l_heure.categorie_4_1.echelon_16,1994-05-01,1.097,"Avenant n° 5 à la convention collective nationale du textile, agréé par arrêté du 22 septembre 1994",https://www.pist.tn/jort/1994/1994F/Jo07894.pdf
salaire_base.agents_payes_a_l_heure.categorie_4_1.echelon_16,1995-05-01,1.145,"Avenant n° 5 à la convention collective nationale du textile, agréé par arrêté du 22 septembre 1994",https://www.pist.tn/jort/1994/1994F/Jo07894.pdf
salaire_base.agents_payes_a_l_heure.categorie_4_1.echelon_16,1996-05-01,1.208,"Avenant n° 6 à la convention collective nationale du textile, agréé par arrêté du 24 juillet 1996",https://www.pist.tn/jort/1996/1996A/Ja06096.pdf
salaire_base.agents_payes_a_l_heure.categorie_4_1.echelon_16,1997-05-01,1.271,"Avenant n° 6 à la convention collective nationale du textile, agréé par arrêté du 24 juillet 1996",https://www.pist.tn/jort/1996/1996A/Ja06096.pdf
salaire_base.agents_payes_a_l_heure.categorie_4_1.echelon_16,1998-05-01,1.334,"Avenant n° 6 à la convention collective nationale du textile, agréé par arrêté du 24 juillet 1996",https://www.pist.tn/jort/1996/1996A/Ja06096.pdf
salaire_base.agents_payes_a_l_heure.categorie_4_1.echelon_16,1999-05-01,1.397,"Avenant n° 7 à la convention collective nationale du textile, agréé par arrêté du 9 juin 1999",https://www.pist.tn/jort/1999/1999A/Ja04899.pdf
salaire_base.agents_payes_a_l_heure.categorie_4_1.echelon_16,2000-05-01,1.46,"Avenant n° 7 à la convention collective nationale du textile, agréé par arrêté du 9 juin 1999",https://www.pist.tn/jort/1999/1999A/Ja04899.pdf
salaire_base.agents_payes_a_l_heure.categorie_4_1.echelon_16,2001-05-01,1.523,"Avenant n° 7 à la convention collective nationale du textile, agréé par arrêté du 9 juin 1999",https://www.pist.tn/jort/1999/1999A/Ja04899.pdf
salaire_base.agents_payes_a_l_heure.categorie_4_1.echelon_16,2002-05-01,1.586,"Avenant n° 8 à la convention collective nationale du textile, agréé par arrêté du 25 novembre 2002",https://www.pist.tn/jort/2002/2002A/Ja0972002.pdf
salaire_base.agents_payes_a_l_heure.categorie_4_1.echelon_16,2003-05-01,1.651,"Avenant n° 8 à la convention collective nationale du textile, agréé par arrêté du 25 novembre 2002",https://www.pist.tn/jort/2002/2002A/Ja0972002.pdf
salaire_base.agents_payes_a_l_heure.categorie_4_1.echelon_16,2004-05-01,1.721,"Avenant n° 8 à la convention collective nationale du textile, agréé par arrêté du 25 novembre 2002",https://www.pist.tn/jort/2002/2002A/Ja0972002.pdf
salaire_base.agents_payes_a_l_heure.categorie_4_1.echelon_16,2005-06-15,1.784,"Avenant n° 9 à la convention collective sectorielle du textile, agréé par arrêté du 17 janvier 2006",https://www.pist.tn/jort/2006/2006A/Ja0072006.pdf
salaire_base.agents_payes_a_l_heure.categorie_4_1.echelon_16,2006-05-01,1.851,"Avenant n° 9 à la convention collective sectorielle du textile, agréé par arrêté du 17 janvier 2006",https://www.pist.tn/jort/2006/2006A/Ja0072006.pdf
salaire_base.agents_payes_a_l_heure.categorie_4_1.echelon_16,2007-05-01,1.918,"Avenant n° 9 à la convention collective sectorielle du textile, agréé par arrêté du 17 janvier 2006",https://www.pist.tn/jort/2006/2006A/Ja0072006.pdf
salaire_base.agents_payes_a_l_heure.categorie_4_1.echelon_16,2008-05-01,2.011,"Avenant n° 10 à la convention collective sectorielle du textile, agréé par arrêté du 17 février 2009",https://www.pist.tn/jort/2009/2009A/Ja0162009.pdf
salaire_base.agents_payes_a_l_heure.categorie_4_1.echelon_16,2009-05-01,2.099,"Avenant n° 10 à la convention collective sectorielle du textile, agréé par arrêté du 17 février 2009",https://www.pist.tn/jort/2009/2009A/Ja0162009.pdf
salaire_base.agents_payes_a_l_heure.categorie_4_1.echelon_16,2010-05-01,2.2,"Avenant n° 10 à la convention collective sectorielle du textile, agréé par arrêté du 17 février 2009",https://www.pist.tn/jort/2009/2009A/Ja0162009.pdf
salaire_base.agents_payes_a_l_heure.categorie_4_1.echelon_16,2011-05-01,2.302,"Avenant n° 11 à la convention collective sectorielle du textile, agréé par arrêté du 11 octobre 2011",https://www.pist.tn/jort/2011/2011A/Ja0782011.pdf
salaire_base.agents_payes_a_l_heure.categorie_4_1.echelon_16,2012-05-01,2.429,"Avenant n° 12 à la convention collective sectorielle du textile, agréé par arrêté du 19 février 2013",https://www.pist.tn/jort/2013/2013A/Ja0162013.pdf
salaire_base.agents_payes_a_l_heure.categorie_4_1.echelon_16,2014-05-01,2.564,"Avenant n° 13 à la convention collective sectorielle du textile, agréé par arrêté du 17 octobre 2014",https://www.pist.tn/jort/2014/2014A/Ja0902014.pdf
salaire_base.agents_payes_a_l_heure.categorie_4_1.echelon_16,2015-09-01,2.708,"Avenant n° 14 à la convention collective sectorielle du textile, agréé par arrêté du 8 avril 2016",https://www.pist.tn/jort/2016/2016A/Ja0302016.pdf
salaire_base.agents_payes_a_l_heure.categorie_4_1.echelon_16,2016-08-01,2.86,"Avenant n° 15 à la convention collective sectorielle du textile, agréé par arrêté du 14 août 2017",https://www.pist.tn/jort/2017/2017A/Ja0662017.pdf
salaire_base.agents_payes_a_l_heure.categorie_4_1.echelon_16,2018-01-01,3.021,"Avenant n° 15 à la convention collective sectorielle du textile, agréé par arrêté du 14 août 2017",https://www.pist.tn/jort/2017/2017A/Ja0662017.pdf
salaire_base.agents_payes_a_l_heure.categorie_4_1.echelon_16,2019-01-01,3.22,"Avenant n° 16 à la convention collective sectorielle du textile, agréé par arrêté du 21 janvier 2019",https://www.pist.tn/jort/2019/2019A/Ja0112019.pdf
salaire_base.agents_payes_a_l_heure.categorie_4_1.echelon_16,2020-01-01,3.433,"Avenant n° 16 à la convention collective sectorielle du textile, agréé par arrêté du 21 janvier 2019",https://www.pist.tn/jort/2019/2019A/Ja0112019.pdf
salaire_base.agents_payes_a_l_heure.categorie_4_1.echelon_16,2021-09-01,3.656,"Avenant n° 17 à la convention collective sectorielle du textile, agréé par arrêté du 23 juin 2022",https://www.pist.tn/jort/2022/2022A/Ja0712022.pdf
salaire_base.agents_payes_a_l_heure.categorie_4_1.echelon_16,2022-05-01,3.912,"Avenant n° 17 à la convention collective sectorielle du textile, agréé par arrêté du 23 juin 2022",https://www.pist.tn/jort/2022/2022A/Ja0712022.pdf
salaire_base.agents_payes_a_l_heure.categorie_4_1.echelon_16,2024-01-01,4.166,"Avenant n° 18 à la convention collective sectorielle du textile, agréé par arrêté du 8 avril 2024",https://www.pist.tn/jort/2024/2024A/Ja0492024.pdf
salaire_base.agents_payes_a_l_heure.categorie_4_1.echelon_16,2025-01-01,4.437,"Avenant n° 18 à la convention collective sectorielle du textile, agréé par arrêté du 8 avril 2024",https://www.pist.tn/jort/2024/2024A/Ja0492024.pdf
salaire_base.agents_payes_a_l_heure.categorie_4_1.echelon_16,2026-01-01,4.747,"Avenant n° 18 à la convention collective sectorielle du textile, agréé par arrêté du 8 avril 2024",https://www.pist.tn/jort/2024/2024A/Ja0492024.pdf
salaire_base.agents_payes_a_l_heure.categorie_4_1.echelon_17,1999-05-01,1.407,"Avenant n° 7 à la convention collective nationale du textile, agréé par arrêté du 9 juin 1999",https://www.pist.tn/jort/1999/1999A/Ja04899.pdf
salaire_base.agents_payes_a_l_heure.categorie_4_1.echelon_17,2000-05-01,1.47,"Avenant n° 7 à la convention collective nationale du textile, agréé par arrêté du 9 juin 1999",https://www.pist.tn/jort/1999/1999A/Ja04899.pdf
salaire_base.agents_payes_a_l_heure.categorie_4_1.echelon_17,2001-05-01,1.533,"Avenant n° 7 à la convention collective nationale du textile, agréé par arrêté du 9 juin 1999",https://www.pist.tn/jort/1999/1999A/Ja04899.pdf
salaire_base.agents_payes_a_l_heure.categorie_4_1.echelon_17,2002-05-01,1.596,"Avenant n° 8 à la convention collective nationale du textile, agréé par arrêté du 25 novembre 2002",https://www.pist.tn/jort/2002/2002A/Ja0972002.pdf
salaire_base.agents_payes_a_l_heure.categorie_4_1.echelon_17,2003-05-01,1.661,"Avenant n° 8 à la convention collective nationale du textile, agréé par arrêté du 25 novembre 2002",https://www.pist.tn/jort/2002/2002A/Ja0972002.pdf
salaire_base.agents_payes_a_l_heure.categorie_4_1.echelon_17,2004-05-01,1.731,"Avenant n° 8 à la convention collective nationale du textile, agréé par arrêté du 25 novembre 2002",https://www.pist.tn/jort/2002/2002A/Ja0972002.pdf
salaire_base.agents_payes_a_l_heure.categorie_4_1.echelon_17,2005-06-15,1.794,"Avenant n° 9 à la convention collective sectorielle du textile, agréé par arrêté du 17 janvier 2006",https://www.pist.tn/jort/2006/2006A/Ja0072006.pdf
salaire_base.agents_payes_a_l_heure.categorie_4_1.echelon_17,2006-05-01,1.861,"Avenant n° 9 à la convention collective sectorielle du textile, agréé par arrêté du 17 janvier 2006",https://www.pist.tn/jort/2006/2006A/Ja0072006.pdf
salaire_base.agents_payes_a_l_heure.categorie_4_1.echelon_17,2007-05-01,1.928,"Avenant n° 9 à la convention collective sectorielle du textile, agréé par arrêté du 17 janvier 2006",https://www.pist.tn/jort/2006/2006A/Ja0072006.pdf
salaire_base.agents_payes_a_l_heure.categorie_4_1.echelon_17,2008-05-01,2.021,"Avenant n° 10 à la convention collective sectorielle du textile, agréé par arrêté du 17 février 2009",https://www.pist.tn/jort/2009/2009A/Ja0162009.pdf
salaire_base.agents_payes_a_l_heure.categorie_4_1.echelon_17,2009-05-01,2.109,"Avenant n° 10 à la convention collective sectorielle du textile, agréé par arrêté du 17 février 2009",https://www.pist.tn/jort/2009/2009A/Ja0162009.pdf
salaire_base.agents_payes_a_l_heure.categorie_4_1.echelon_17,2010-05-01,2.21,"Avenant n° 10 à la convention collective sectorielle du textile, agréé par arrêté du 17 février 2009",https://www.pist.tn/jort/2009/2009A/Ja0162009.pdf
salaire_base.agents_payes_a_l_heure.categorie_4_1.echelon_17,2011-05-01,2.312,"Avenant n° 11 à la convention collective sectorielle du textile, agréé par arrêté du 11 octobre 2011",https://www.pist.tn/jort/2011/2011A/Ja0782011.pdf
salaire_base.agents_payes_a_l_heure.categorie_4_1.echelon_17,2012-05-01,2.439,"Avenant n° 12 à la convention collective sectorielle du textile, agréé par arrêté du 19 février 2013",https://www.pist.tn/jort/2013/2013A/Ja0162013.pdf
salaire_base.agents_payes_a_l_heure.categorie_4_1.echelon_17,2014-05-01,2.574,"Avenant n° 13 à la convention collective sectorielle du textile, agréé par arrêté du 17 octobre 2014",https://www.pist.tn/jort/2014/2014A/Ja0902014.pdf
salaire_base.agents_payes_a_l_heure.categorie_4_1.echelon_17,2015-09-01,2.718,"Avenant n° 14 à la convention collective sectorielle du textile, agréé par arrêté du 8 avril 2016",https://www.pist.tn/jort/2016/2016A/Ja0302016.pdf
salaire_base.agents_payes_a_l_heure.categorie_4_1.echelon_17,2016-08-01,2.87,"Avenant n° 15 à la convention collective sectorielle du textile, agréé par arrêté du 14 août 2017",https://www.pist.tn/jort/2017/2017A/Ja0662017.pdf
salaire_base.agents_payes_a_l_heure.categorie_4_1.echelon_17,2018-01-01,3.031,"Avenant n° 15 à la convention collective sectorielle du textile, agréé par arrêté du 14 août 2017",https://www.pist.tn/jort/2017/2017A/Ja0662017.pdf
salaire_base.agents_payes_a_l_heure.categorie_4_1.echelon_17,2019-01-01,3.23,"Avenant n° 16 à la convention collective sectorielle du textile, agréé par arrêté du 21 janvier 2019",https://www.pist.tn/jort/2019/2019A/Ja0112019.pdf
salaire_base.agents_payes_a_l_heure.categorie_4_1.echelon_17,2020-01-01,3.443,"Avenant n° 16 à la convention collective sectorielle du textile, agréé par arrêté du 21 janvier 2019",https://www.pist.tn/jort/2019/2019A/Ja0112019.pdf
salaire_base.agents_payes_a_l_heure.categorie_4_1.echelon_17,2021-09-01,3.667,"Avenant n° 17 à la convention collective sectorielle du textile, agréé par arrêté du 23 juin 2022",https://www.pist.tn/jort/2022/2022A/Ja0712022.pdf
salaire_base.agents_payes_a_l_heure.categorie_4_1.echelon_17,2022-05-01,3.923,"Avenant n° 17 à la convention collective sectorielle du textile, agréé par arrêté du 23 juin 2022",https://www.pist.tn/jort/2022/2022A/Ja0712022.pdf
salaire_base.agents_payes_a_l_heure.categorie_4_1.echelon_17,2024-01-01,4.178,"Avenant n° 18 à la convention collective sectorielle du textile, agréé par arrêté du 8 avril 2024",https://www.pist.tn/jort/2024/2024A/Ja0492024.pdf
salaire_base.agents_payes_a_l_heure.categorie_4_1.echelon_17,2025-01-01,4.45,"Avenant n° 18 à la convention collective sectorielle du textile, agréé par arrêté du 8 avril 2024",https://www.pist.tn/jort/2024/2024A/Ja0492024.pdf
salaire_base.agents_payes_a_l_heure.categorie_4_1.echelon_17,2026-01-01,4.761,"Avenant n° 18 à la convention collective sectorielle du textile, agréé par arrêté du 8 avril 2024",https://www.pist.tn/jort/2024/2024A/Ja0492024.pdf
salaire_base.agents_payes_a_l_heure.categorie_4_1.echelon_18,1999-05-01,1.417,"Avenant n° 7 à la convention collective nationale du textile, agréé par arrêté du 9 juin 1999",https://www.pist.tn/jort/1999/1999A/Ja04899.pdf
salaire_base.agents_payes_a_l_heure.categorie_4_1.echelon_18,2000-05-01,1.48,"Avenant n° 7 à la convention collective nationale du textile, agréé par arrêté du 9 juin 1999",https://www.pist.tn/jort/1999/1999A/Ja04899.pdf
salaire_base.agents_payes_a_l_heure.categorie_4_1.echelon_18,2001-05-01,1.543,"Avenant n° 7 à la convention collective nationale du textile, agréé par arrêté du 9 juin 1999",https://www.pist.tn/jort/1999/1999A/Ja04899.pdf
salaire_base.agents_payes_a_l_heure.categorie_4_1.echelon_18,2002-05-01,1.606,"Avenant n° 8 à la convention collective nationale du textile, agréé par arrêté du 25 novembre 2002",https://www.pist.tn/jort/2002/2002A/Ja0972002.pdf
salaire_base.agents_payes_a_l_heure.categorie_4_1.echelon_18,2003-05-01,1.671,"Avenant n° 8 à la convention collective nationale du textile, agréé par arrêté du 25 novembre 2002",https://www.pist.tn/jort/2002/2002A/Ja0972002.pdf
salaire_base.agents_payes_a_l_heure.categorie_4_1.echelon_18,2004-05-01,1.741,"Avenant n° 8 à la convention collective nationale du textile, agréé par arrêté du 25 novembre 2002",https://www.pist.tn/jort/2002/2002A/Ja0972002.pdf
salaire_base.agents_payes_a_l_heure.categorie_4_1.echelon_18,2005-06-15,1.804,"Avenant n° 9 à la convention collective sectorielle du textile, agréé par arrêté du 17 janvier 2006",https://www.pist.tn/jort/2006/2006A/Ja0072006.pdf
salaire_base.agents_payes_a_l_heure.categorie_4_1.echelon_18,2006-05-01,1.871,"Avenant n° 9 à la convention collective sectorielle du textile, agréé par arrêté du 17 janvier 2006",https://www.pist.tn/jort/2006/2006A/Ja0072006.pdf
salaire_base.agents_payes_a_l_heure.categorie_4_1.echelon_18,2007-05-01,1.938,"Avenant n° 9 à la convention collective sectorielle du textile, agréé par arrêté du 17 janvier 2006",https://www.pist.tn/jort/2006/2006A/Ja0072006.pdf
salaire_base.agents_payes_a_l_heure.categorie_4_1.echelon_18,2008-05-01,2.031,"Avenant n° 10 à la convention collective sectorielle du textile, agréé par arrêté du 17 février 2009",https://www.pist.tn/jort/2009/2009A/Ja0162009.pdf
salaire_base.agents_payes_a_l_heure.categorie_4_1.echelon_18,2009-05-01,2.119,"Avenant n° 10 à la convention collective sectorielle du textile, agréé par arrêté du 17 février 2009",https://www.pist.tn/jort/2009/2009A/Ja0162009.pdf
salaire_base.agents_payes_a_l_heure.categorie_4_1.echelon_18,2010-05-01,2.22,"Avenant n° 10 à la convention collective sectorielle du textile, agréé par arrêté du 17 février 2009",https://www.pist.tn/jort/2009/2009A/Ja0162009.pdf
salaire_base.agents_payes_a_l_heure.categorie_4_1.echelon_18,2011-05-01,2.322,"Avenant n° 11 à la convention collective sectorielle du textile, agréé par arrêté du 11 octobre 2011",https://www.pist.tn/jort/2011/2011A/Ja0782011.pdf
salaire_base.agents_payes_a_l_heure.categorie_4_1.echelon_18,2012-05-01,2.449,"Avenant n° 12 à la convention collective sectorielle du textile, agréé par arrêté du 19 février 2013",https://www.pist.tn/jort/2013/2013A/Ja0162013.pdf
salaire_base.agents_payes_a_l_heure.categorie_4_1.echelon_18,2014-05-01,2.584,"Avenant n° 13 à la convention collective sectorielle du textile, agréé par arrêté du 17 octobre 2014",https://www.pist.tn/jort/2014/2014A/Ja0902014.pdf
salaire_base.agents_payes_a_l_heure.categorie_4_1.echelon_18,2015-09-01,2.728,"Avenant n° 14 à la convention collective sectorielle du textile, agréé par arrêté du 8 avril 2016",https://www.pist.tn/jort/2016/2016A/Ja0302016.pdf
salaire_base.agents_payes_a_l_heure.categorie_4_1.echelon_18,2016-08-01,2.88,"Avenant n° 15 à la convention collective sectorielle du textile, agréé par arrêté du 14 août 2017",https://www.pist.tn/jort/2017/2017A/Ja0662017.pdf
salaire_base.agents_payes_a_l_heure.categorie_4_1.echelon_18,2018-01-01,3.041,"Avenant n° 15 à la convention collective sectorielle du textile, agréé par arrêté du 14 août 2017",https://www.pist.tn/jort/2017/2017A/Ja0662017.pdf
salaire_base.agents_payes_a_l_heure.categorie_4_1.echelon_18,2019-01-01,3.24,"Avenant n° 16 à la convention collective sectorielle du textile, agréé par arrêté du 21 janvier 2019",https://www.pist.tn/jort/2019/2019A/Ja0112019.pdf
salaire_base.agents_payes_a_l_heure.categorie_4_1.echelon_18,2020-01-01,3.453,"Avenant n° 16 à la convention collective sectorielle du textile, agréé par arrêté du 21 janvier 2019",https://www.pist.tn/jort/2019/2019A/Ja0112019.pdf
salaire_base.agents_payes_a_l_heure.categorie_4_1.echelon_18,2021-09-01,3.677,"Avenant n° 17 à la convention collective sectorielle du textile, agréé par arrêté du 23 juin 2022",https://www.pist.tn/jort/2022/2022A/Ja0712022.pdf
salaire_base.agents_payes_a_l_heure.categorie_4_1.echelon_18,2022-05-01,3.935,"Avenant n° 17 à la convention collective sectorielle du textile, agréé par arrêté du 23 juin 2022",https://www.pist.tn/jort/2022/2022A/Ja0712022.pdf
salaire_base.agents_payes_a_l_heure.categorie_4_1.echelon_18,2024-01-01,4.19,"Avenant n° 18 à la convention collective sectorielle du textile, agréé par arrêté du 8 avril 2024",https://www.pist.tn/jort/2024/2024A/Ja0492024.pdf
salaire_base.agents_payes_a_l_heure.categorie_4_1.echelon_18,2025-01-01,4.463,"Avenant n° 18 à la convention collective sectorielle du textile, agréé par arrêté du 8 avril 2024",https://www.pist.tn/jort/2024/2024A/Ja0492024.pdf
salaire_base.agents_payes_a_l_heure.categorie_4_1.echelon_18,2026-01-01,4.775,"Avenant n° 18 à la convention collective sectorielle du textile, agréé par arrêté du 8 avril 2024",https://www.pist.tn/jort/2024/2024A/Ja0492024.pdf
salaire_base.agents_payes_a_l_heure.categorie_4_1.echelon_19,1999-05-01,1.427,"Avenant n° 7 à la convention collective nationale du textile, agréé par arrêté du 9 juin 1999",https://www.pist.tn/jort/1999/1999A/Ja04899.pdf
salaire_base.agents_payes_a_l_heure.categorie_4_1.echelon_19,2000-05-01,1.49,"Avenant n° 7 à la convention collective nationale du textile, agréé par arrêté du 9 juin 1999",https://www.pist.tn/jort/1999/1999A/Ja04899.pdf
salaire_base.agents_payes_a_l_heure.categorie_4_1.echelon_19,2001-05-01,1.553,"Avenant n° 7 à la convention collective nationale du textile, agréé par arrêté du 9 juin 1999",https://www.pist.tn/jort/1999/1999A/Ja04899.pdf
salaire_base.agents_payes_a_l_heure.categorie_4_1.echelon_19,2002-05-01,1.616,"Avenant n° 8 à la convention collective nationale du textile, agréé par arrêté du 25 novembre 2002",https://www.pist.tn/jort/2002/2002A/Ja0972002.pdf
salaire_base.agents_payes_a_l_heure.categorie_4_1.echelon_19,2003-05-01,1.681,"Avenant n° 8 à la convention collective nationale du textile, agréé par arrêté du 25 novembre 2002",https://www.pist.tn/jort/2002/2002A/Ja0972002.pdf
salaire_base.agents_payes_a_l_heure.categorie_4_1.echelon_19,2004-05-01,1.751,"Avenant n° 8 à la convention collective nationale du textile, agréé par arrêté du 25 novembre 2002",https://www.pist.tn/jort/2002/2002A/Ja0972002.pdf
salaire_base.agents_payes_a_l_heure.categorie_4_1.echelon_19,2005-06-15,1.814,"Avenant n° 9 à la convention collective sectorielle du textile, agréé par arrêté du 17 janvier 2006",https://www.pist.tn/jort/2006/2006A/Ja0072006.pdf
salaire_base.agents_payes_a_l_heure.categorie_4_1.echelon_19,2006-05-01,1.881,"Avenant n° 9 à la convention collective sectorielle du textile, agréé par arrêté du 17 janvier 2006",https://www.pist.tn/jort/2006/2006A/Ja0072006.pdf
salaire_base.agents_payes_a_l_heure.categorie_4_1.echelon_19,2007-05-01,1.948,"Avenant n° 9 à la convention collective sectorielle du textile, agréé par arrêté du 17 janvier 2006",https://www.pist.tn/jort/2006/2006A/Ja0072006.pdf
salaire_base.agents_payes_a_l_heure.categorie_4_1.echelon_19,2008-05-01,2.041,"Avenant n° 10 à la convention collective sectorielle du textile, agréé par arrêté du 17 février 2009",https://www.pist.tn/jort/2009/2009A/Ja0162009.pdf
salaire_base.agents_payes_a_l_heure.categorie_4_1.echelon_19,2009-05-01,2.129,"Avenant n° 10 à la convention collective sectorielle du textile, agréé par arrêté du 17 février 2009",https://www.pist.tn/jort/2009/2009A/Ja0162009.pdf
salaire_base.agents_payes_a_l_heure.categorie_4_1.echelon_19,2010-05-01,2.23,"Avenant n° 10 à la convention collective sectorielle du textile, agréé par arrêté du 17 février 2009",https://www.pist.tn/jort/2009/2009A/Ja0162009.pdf
salaire_base.agents_payes_a_l_heure.categorie_4_1.echelon_19,2011-05-01,2.332,"Avenant n° 11 à la convention collective sectorielle du textile, agréé par arrêté du 11 octobre 2011",https://www.pist.tn/jort/2011/2011A/Ja0782011.pdf
salaire_base.agents_payes_a_l_heure.categorie_4_1.echelon_19,2012-05-01,2.459,"Avenant n° 12 à la convention collective sectorielle du textile, agréé par arrêté du 19 février 2013",https://www.pist.tn/jort/2013/2013A/Ja0162013.pdf
salaire_base.agents_payes_a_l_heure.categorie_4_1.echelon_19,2014-05-01,2.594,"Avenant n° 13 à la convention collective sectorielle du textile, agréé par arrêté du 17 octobre 2014",https://www.pist.tn/jort/2014/2014A/Ja0902014.pdf
salaire_base.agents_payes_a_l_heure.categorie_4_1.echelon_19,2015-09-01,2.738,"Avenant n° 14 à la convention collective sectorielle du textile, agréé par arrêté du 8 avril 2016",https://www.pist.tn/jort/2016/2016A/Ja0302016.pdf
salaire_base.agents_payes_a_l_heure.categorie_4_1.echelon_19,2016-08-01,2.89,"Avenant n° 15 à la convention collective sectorielle du textile, agréé par arrêté du 14 août 2017",https://www.pist.tn/jort/2017/2017A/Ja0662017.pdf
salaire_base.agents_payes_a_l_heure.categorie_4_1.echelon_19,2018-01-01,3.051,"Avenant n° 15 à la convention collective sectorielle du textile, agréé par arrêté du 14 août 2017",https://www.pist.tn/jort/2017/2017A/Ja0662017.pdf
salaire_base.agents_payes_a_l_heure.categorie_4_1.echelon_19,2019-01-01,3.25,"Avenant n° 16 à la convention collective sectorielle du textile, agréé par arrêté du 21 janvier 2019",https://www.pist.tn/jort/2019/2019A/Ja0112019.pdf
salaire_base.agents_payes_a_l_heure.categorie_4_1.echelon_19,2020-01-01,3.463,"Avenant n° 16 à la convention collective sectorielle du textile, agréé par arrêté du 21 janvier 2019",https://www.pist.tn/jort/2019/2019A/Ja0112019.pdf
salaire_base.agents_payes_a_l_heure.categorie_4_1.echelon_19,2021-09-01,3.688,"Avenant n° 17 à la convention collective sectorielle du textile, agréé par arrêté du 23 juin 2022",https://www.pist.tn/jort/2022/2022A/Ja0712022.pdf
salaire_base.agents_payes_a_l_heure.categorie_4_1.echelon_19,2022-05-01,3.946,"Avenant n° 17 à la convention collective sectorielle du textile, agréé par arrêté du 23 juin 2022",https://www.pist.tn/jort/2022/2022A/Ja0712022.pdf
salaire_base.agents_payes_a_l_heure.categorie_4_1.echelon_19,2024-01-01,4.203,"Avenant n° 18 à la convention collective sectorielle du textile, agréé par arrêté du 8 avril 2024",https://www.pist.tn/jort/2024/2024A/Ja0492024.pdf
salaire_base.agents_payes_a_l_heure.categorie_4_1.echelon_19,2025-01-01,4.476,"Avenant n° 18 à la convention collective sectorielle du textile, agréé par arrêté du 8 avril 2024",https://www.pist.tn/jort/2024/2024A/Ja0492024.pdf
salaire_base.agents_payes_a_l_heure.categorie_4_1.echelon_19,2026-01-01,4.789,"Avenant n° 18 à la convention collective sectorielle du textile, agréé par arrêté du 8 avril 2024",https://www.pist.tn/jort/2024/2024A/Ja0492024.pdf
salaire_base.agents_payes_a_l_heure.categorie_4_1.echelon_20,1999-05-01,1.437,"Avenant n° 7 à la convention collective nationale du textile, agréé par arrêté du 9 juin 1999",https://www.pist.tn/jort/1999/1999A/Ja04899.pdf
salaire_base.agents_payes_a_l_heure.categorie_4_1.echelon_20,2000-05-01,1.5,"Avenant n° 7 à la convention collective nationale du textile, agréé par arrêté du 9 juin 1999",https://www.pist.tn/jort/1999/1999A/Ja04899.pdf
salaire_base.agents_payes_a_l_heure.categorie_4_1.echelon_20,2001-05-01,1.563,"Avenant n° 7 à la convention collective nationale du textile, agréé par arrêté du 9 juin 1999",https://www.pist.tn/jort/1999/1999A/Ja04899.pdf
salaire_base.agents_payes_a_l_heure.categorie_4_1.echelon_20,2002-05-01,1.626,"Avenant n° 8 à la convention collective nationale du textile, agréé par arrêté du 25 novembre 2002",https://www.pist.tn/jort/2002/2002A/Ja0972002.pdf
salaire_base.agents_payes_a_l_heure.categorie_4_1.echelon_20,2003-05-01,1.691,"Avenant n° 8 à la convention collective nationale du textile, agréé par arrêté du 25 novembre 2002",https://www.pist.tn/jort/2002/2002A/Ja0972002.pdf
salaire_base.agents_payes_a_l_heure.categorie_4_1.echelon_20,2004-05-01,1.761,"Avenant n° 8 à la convention collective nationale du textile, agréé par arrêté du 25 novembre 2002",https://www.pist.tn/jort/2002/2002A/Ja0972002.pdf
salaire_base.agents_payes_a_l_heure.categorie_4_1.echelon_20,2005-06-15,1.824,"Avenant n° 9 à la convention collective sectorielle du textile, agréé par arrêté du 17 janvier 2006",https://www.pist.tn/jort/2006/2006A/Ja0072006.pdf
salaire_base.agents_payes_a_l_heure.categorie_4_1.echelon_20,2006-05-01,1.891,"Avenant n° 9 à la convention collective sectorielle du textile, agréé par arrêté du 17 janvier 2006",https://www.pist.tn/jort/2006/2006A/Ja0072006.pdf
salaire_base.agents_payes_a_l_heure.categorie_4_1.echelon_20,2007-05-01,1.958,"Avenant n° 9 à la convention collective sectorielle du textile, agréé par arrêté du 17 janvier 2006",https://www.pist.tn/jort/2006/2006A/Ja0072006.pdf
salaire_base.agents_payes_a_l_heure.categorie_4_1.echelon_20,2008-05-01,2.051,"Avenant n° 10 à la convention collective sectorielle du textile, agréé par arrêté du 17 février 2009",https://www.pist.tn/jort/2009/2009A/Ja0162009.pdf
salaire_base.agents_payes_a_l_heure.categorie_4_1.echelon_20,2009-05-01,2.139,"Avenant n° 10 à la convention collective sectorielle du textile, agréé par arrêté du 17 février 2009",https://www.pist.tn/jort/2009/2009A/Ja0162009.pdf
salaire_base.agents_payes_a_l_heure.categorie_4_1.echelon_20,2010-05-01,2.24,"Avenant n° 10 à la convention collective sectorielle du textile, agréé par arrêté du 17 février 2009",https://www.pist.tn/jort/2009/2009A/Ja0162009.pdf
salaire_base.agents_payes_a_l_heure.categorie_4_1.echelon_20,2011-05-01,2.342,"Avenant n° 11 à la convention collective sectorielle du textile, agréé par arrêté du 11 octobre 2011",https://www.pist.tn/jort/2011/2011A/Ja0782011.pdf
salaire_base.agents_payes_a_l_heure.categorie_4_1.echelon_20,2012-05-01,2.469,"Avenant n° 12 à la convention collective sectorielle du textile, agréé par arrêté du 19 février 2013",https://www.pist.tn/jort/2013/2013A/Ja0162013.pdf
salaire_base.agents_payes_a_l_heure.categorie_4_1.echelon_20,2014-05-01,2.604,"Avenant n° 13 à la convention collective sectorielle du textile, agréé par arrêté du 17 octobre 2014",https://www.pist.tn/jort/2014/2014A/Ja0902014.pdf
salaire_base.agents_payes_a_l_heure.categorie_4_1.echelon_20,2015-09-01,2.748,"Avenant n° 14 à la convention collective sectorielle du textile, agréé par arrêté du 8 avril 2016",https://www.pist.tn/jort/2016/2016A/Ja0302016.pdf
salaire_base.agents_payes_a_l_heure.categorie_4_1.echelon_20,2016-08-01,2.9,"Avenant n° 15 à la convention collective sectorielle du textile, agréé par arrêté du 14 août 2017",https://www.pist.tn/jort/2017/2017A/Ja0662017.pdf
salaire_base.agents_payes_a_l_heure.categorie_4_1.echelon_20,2018-01-01,3.061,"Avenant n° 15 à la convention collective sectorielle du textile, agréé par arrêté du 14 août 2017",https://www.pist.tn/jort/2017/2017A/Ja0662017.pdf
salaire_base.agents_payes_a_l_heure.categorie_4_1.echelon_20,2019-01-01,3.26,"Avenant n° 16 à la convention collective sectorielle du textile, agréé par arrêté du 21 janvier 2019",https://www.pist.tn/jort/2019/2019A/Ja0112019.pdf
salaire_base.agents_payes_a_l_heure.categorie_4_1.echelon_20,2020-01-01,3.473,"Avenant n° 16 à la convention collective sectorielle du textile, agréé par arrêté du 21 janvier 2019",https://www.pist.tn/jort/2019/2019A/Ja0112019.pdf
salaire_base.agents_payes_a_l_heure.categorie_4_1.echelon_20,2021-09-01,3.699,"Avenant n° 17 à la convention collective sectorielle du textile, agréé par arrêté du 23 juin 2022",https://www.pist.tn/jort/2022/2022A/Ja0712022.pdf
salaire_base.agents_payes_a_l_heure.categorie_4_1.echelon_20,2022-05-01,3.957,"Avenant n° 17 à la convention collective sectorielle du textile, agréé par arrêté du 23 juin 2022",https://www.pist.tn/jort/2022/2022A/Ja0712022.pdf
salaire_base.agents_payes_a_l_heure.categorie_4_1.echelon_20,2024-01-01,4.215,"Avenant n° 18 à la convention collective sectorielle du textile, agréé par arrêté du 8 avril 2024",https://www.pist.tn/jort/2024/2024A/Ja0492024.pdf
salaire_base.agents_payes_a_l_heure.categorie_4_1.echelon_20,2025-01-01,4.489,"Avenant n° 18 à la convention collective sectorielle du textile, agréé par arrêté du 8 avril 2024",https://www.pist.tn/jort/2024/2024A/Ja0492024.pdf
salaire_base.agents_payes_a_l_heure.categorie_4_1.echelon_20,2026-01-01,4.803,"Avenant n° 18 à la convention collective sectorielle du textile, agréé par arrêté du 8 avril 2024",https://www.pist.tn/jort/2024/2024A/Ja0492024.pdf
salaire_base.agents_payes_a_l_heure.categorie_4_2.echelon_0,1994-05-01,1.005,"Avenant n° 5 à la convention collective nationale du textile, agréé par arrêté du 22 septembre 1994",https://www.pist.tn/jort/1994/1994F/Jo07894.pdf
salaire_base.agents_payes_a_l_heure.categorie_4_2.echelon_0,1995-05-01,1.053,"Avenant n° 5 à la convention collective nationale du textile, agréé par arrêté du 22 septembre 1994",https://www.pist.tn/jort/1994/1994F/Jo07894.pdf
salaire_base.agents_payes_a_l_heure.categorie_4_2.echelon_0,1996-05-01,1.116,"Avenant n° 6 à la convention collective nationale du textile, agréé par arrêté du 24 juillet 1996",https://www.pist.tn/jort/1996/1996A/Ja06096.pdf
salaire_base.agents_payes_a_l_heure.categorie_4_2.echelon_0,1997-05-01,1.179,"Avenant n° 6 à la convention collective nationale du textile, agréé par arrêté du 24 juillet 1996",https://www.pist.tn/jort/1996/1996A/Ja06096.pdf
salaire_base.agents_payes_a_l_heure.categorie_4_2.echelon_0,1998-05-01,1.242,"Avenant n° 6 à la convention collective nationale du textile, agréé par arrêté du 24 juillet 1996",https://www.pist.tn/jort/1996/1996A/Ja06096.pdf
salaire_base.agents_payes_a_l_heure.categorie_4_2.echelon_0,1999-05-01,1.305,"Avenant n° 7 à la convention collective nationale du textile, agréé par arrêté du 9 juin 1999",https://www.pist.tn/jort/1999/1999A/Ja04899.pdf
salaire_base.agents_payes_a_l_heure.categorie_4_2.echelon_0,2000-05-01,1.368,"Avenant n° 7 à la convention collective nationale du textile, agréé par arrêté du 9 juin 1999",https://www.pist.tn/jort/1999/1999A/Ja04899.pdf
salaire_base.agents_payes_a_l_heure.categorie_4_2.echelon_0,2001-05-01,1.431,"Avenant n° 7 à la convention collective nationale du textile, agréé par arrêté du 9 juin 1999",https://www.pist.tn/jort/1999/1999A/Ja04899.pdf
salaire_base.agents_payes_a_l_heure.categorie_4_2.echelon_0,2002-05-01,1.494,"Avenant n° 8 à la convention collective nationale du textile, agréé par arrêté du 25 novembre 2002",https://www.pist.tn/jort/2002/2002A/Ja0972002.pdf
salaire_base.agents_payes_a_l_heure.categorie_4_2.echelon_0,2003-05-01,1.559,"Avenant n° 8 à la convention collective nationale du textile, agréé par arrêté du 25 novembre 2002",https://www.pist.tn/jort/2002/2002A/Ja0972002.pdf
salaire_base.agents_payes_a_l_heure.categorie_4_2.echelon_0,2004-05-01,1.629,"Avenant n° 8 à la convention collective nationale du textile, agréé par arrêté du 25 novembre 2002",https://www.pist.tn/jort/2002/2002A/Ja0972002.pdf
salaire_base.agents_payes_a_l_heure.categorie_4_2.echelon_0,2005-06-15,1.692,"Avenant n° 9 à la convention collective sectorielle du textile, agréé par arrêté du 17 janvier 2006",https://www.pist.tn/jort/2006/2006A/Ja0072006.pdf
salaire_base.agents_payes_a_l_heure.categorie_4_2.echelon_0,2006-05-01,1.759,"Avenant n° 9 à la convention collective sectorielle du textile, agréé par arrêté du 17 janvier 2006",https://www.pist.tn/jort/2006/2006A/Ja0072006.pdf
salaire_base.agents_payes_a_l_heure.categorie_4_2.echelon_0,2007-05-01,1.826,"Avenant n° 9 à la convention collective sectorielle du textile, agréé par arrêté du 17 janvier 2006",https://www.pist.tn/jort/2006/2006A/Ja0072006.pdf
salaire_base.agents_payes_a_l_heure.categorie_4_2.echelon_0,2008-05-01,1.912,"Avenant n° 10 à la convention collective sectorielle du textile, agréé par arrêté du 17 février 2009",https://www.pist.tn/jort/2009/2009A/Ja0162009.pdf
salaire_base.agents_payes_a_l_heure.categorie_4_2.echelon_0,2009-05-01,1.998,"Avenant n° 10 à la convention collective sectorielle du textile, agréé par arrêté du 17 février 2009",https://www.pist.tn/jort/2009/2009A/Ja0162009.pdf
salaire_base.agents_payes_a_l_heure.categorie_4_2.echelon_0,2010-05-01,2.093,"Avenant n° 10 à la convention collective sectorielle du textile, agréé par arrêté du 17 février 2009",https://www.pist.tn/jort/2009/2009A/Ja0162009.pdf
salaire_base.agents_payes_a_l_heure.categorie_4_2.echelon_0,2011-05-01,2.192,"Avenant n° 11 à la convention collective sectorielle du textile, agréé par arrêté du 11 octobre 2011",https://www.pist.tn/jort/2011/2011A/Ja0782011.pdf
salaire_base.agents_payes_a_l_heure.categorie_4_2.echelon_0,2012-05-01,2.323,"Avenant n° 12 à la convention collective sectorielle du textile, agréé par arrêté du 19 février 2013",https://www.pist.tn/jort/2013/2013A/Ja0162013.pdf
salaire_base.agents_payes_a_l_heure.categorie_4_2.echelon_0,2014-05-01,2.462,"Avenant n° 13 à la convention collective sectorielle du textile, agréé par arrêté du 17 octobre 2014",https://www.pist.tn/jort/2014/2014A/Ja0902014.pdf
salaire_base.agents_payes_a_l_heure.categorie_4_2.echelon_0,2015-09-01,2.61,"Avenant n° 14 à la convention collective sectorielle du textile, agréé par arrêté du 8 avril 2016",https://www.pist.tn/jort/2016/2016A/Ja0302016.pdf
salaire_base.agents_payes_a_l_heure.categorie_4_2.echelon_0,2016-08-01,2.767,"Avenant n° 15 à la convention collective sectorielle du textile, agréé par arrêté du 14 août 2017",https://www.pist.tn/jort/2017/2017A/Ja0662017.pdf
salaire_base.agents_payes_a_l_heure.categorie_4_2.echelon_0,2018-01-01,2.933,"Avenant n° 15 à la convention collective sectorielle du textile, agréé par arrêté du 14 août 2017",https://www.pist.tn/jort/2017/2017A/Ja0662017.pdf
salaire_base.agents_payes_a_l_heure.categorie_4_2.echelon_0,2019-01-01,3.138,"Avenant n° 16 à la convention collective sectorielle du textile, agréé par arrêté du 21 janvier 2019",https://www.pist.tn/jort/2019/2019A/Ja0112019.pdf
salaire_base.agents_payes_a_l_heure.categorie_4_2.echelon_0,2020-01-01,3.358,"Avenant n° 16 à la convention collective sectorielle du textile, agréé par arrêté du 21 janvier 2019",https://www.pist.tn/jort/2019/2019A/Ja0112019.pdf
salaire_base.agents_payes_a_l_heure.categorie_4_2.echelon_0,2021-09-01,3.576,"Avenant n° 17 à la convention collective sectorielle du textile, agréé par arrêté du 23 juin 2022",https://www.pist.tn/jort/2022/2022A/Ja0712022.pdf
salaire_base.agents_payes_a_l_heure.categorie_4_2.echelon_0,2022-05-01,3.826,"Avenant n° 17 à la convention collective sectorielle du textile, agréé par arrêté du 23 juin 2022",https://www.pist.tn/jort/2022/2022A/Ja0712022.pdf
salaire_base.agents_payes_a_l_heure.categorie_4_2.echelon_0,2024-01-01,4.075,"Avenant n° 18 à la convention collective sectorielle du textile, agréé par arrêté du 8 avril 2024",https://www.pist.tn/jort/2024/2024A/Ja0492024.pdf
salaire_base.agents_payes_a_l_heure.categorie_4_2.echelon_0,2025-01-01,4.34,"Avenant n° 18 à la convention collective sectorielle du textile, agréé par arrêté du 8 avril 2024",https://www.pist.tn/jort/2024/2024A/Ja0492024.pdf
salaire_base.agents_payes_a_l_heure.categorie_4_2.echelon_0,2026-01-01,4.644,"Avenant n° 18 à la convention collective sectorielle du textile, agréé par arrêté du 8 avril 2024",https://www.pist.tn/jort/2024/2024A/Ja0492024.pdf
salaire_base.agents_payes_a_l_heure.categorie_4_2.echelon_1,1994-05-01,1.016,"Avenant n° 5 à la convention collective nationale du textile, agréé par arrêté du 22 septembre 1994",https://www.pist.tn/jort/1994/1994F/Jo07894.pdf
salaire_base.agents_payes_a_l_heure.categorie_4_2.echelon_1,1995-05-01,1.064,"Avenant n° 5 à la convention collective nationale du textile, agréé par arrêté du 22 septembre 1994",https://www.pist.tn/jort/1994/1994F/Jo07894.pdf
salaire_base.agents_payes_a_l_heure.categorie_4_2.echelon_1,1996-05-01,1.127,"Avenant n° 6 à la convention collective nationale du textile, agréé par arrêté du 24 juillet 1996",https://www.pist.tn/jort/1996/1996A/Ja06096.pdf
salaire_base.agents_payes_a_l_heure.categorie_4_2.echelon_1,1997-05-01,1.19,"Avenant n° 6 à la convention collective nationale du textile, agréé par arrêté du 24 juillet 1996",https://www.pist.tn/jort/1996/1996A/Ja06096.pdf
salaire_base.agents_payes_a_l_heure.categorie_4_2.echelon_1,1998-05-01,1.253,"Avenant n° 6 à la convention collective nationale du textile, agréé par arrêté du 24 juillet 1996",https://www.pist.tn/jort/1996/1996A/Ja06096.pdf
salaire_base.agents_payes_a_l_heure.categorie_4_2.echelon_1,1999-05-01,1.316,"Avenant n° 7 à la convention collective nationale du textile, agréé par arrêté du 9 juin 1999",https://www.pist.tn/jort/1999/1999A/Ja04899.pdf
salaire_base.agents_payes_a_l_heure.categorie_4_2.echelon_1,2000-05-01,1.379,"Avenant n° 7 à la convention collective nationale du textile, agréé par arrêté du 9 juin 1999",https://www.pist.tn/jort/1999/1999A/Ja04899.pdf
salaire_base.agents_payes_a_l_heure.categorie_4_2.echelon_1,2001-05-01,1.442,"Avenant n° 7 à la convention collective nationale du textile, agréé par arrêté du 9 juin 1999",https://www.pist.tn/jort/1999/1999A/Ja04899.pdf
salaire_base.agents_payes_a_l_heure.categorie_4_2.echelon_1,2002-05-01,1.505,"Avenant n° 8 à la convention collective nationale du textile, agréé par arrêté du 25 novembre 2002",https://www.pist.tn/jort/2002/2002A/Ja0972002.pdf
salaire_base.agents_payes_a_l_heure.categorie_4_2.echelon_1,2003-05-01,1.57,"Avenant n° 8 à la convention collective nationale du textile, agréé par arrêté du 25 novembre 2002",https://www.pist.tn/jort/2002/2002A/Ja0972002.pdf
salaire_base.agents_payes_a_l_heure.categorie_4_2.echelon_1,2004-05-01,1.64,"Avenant n° 8 à la convention collective nationale du textile, agréé par arrêté du 25 novembre 2002",https://www.pist.tn/jort/2002/2002A/Ja0972002.pdf
salaire_base.agents_payes_a_l_heure.categorie_4_2.echelon_1,2005-06-15,1.703,"Avenant n° 9 à la convention collective sectorielle du textile, agréé par arrêté du 17 janvier 2006",https://www.pist.tn/jort/2006/2006A/Ja0072006.pdf
salaire_base.agents_payes_a_l_heure.categorie_4_2.echelon_1,2006-05-01,1.77,"Avenant n° 9 à la convention collective sectorielle du textile, agréé par arrêté du 17 janvier 2006",https://www.pist.tn/jort/2006/2006A/Ja0072006.pdf
salaire_base.agents_payes_a_l_heure.categorie_4_2.echelon_1,2007-05-01,1.837,"Avenant n° 9 à la convention collective sectorielle du textile, agréé par arrêté du 17 janvier 2006",https://www.pist.tn/jort/2006/2006A/Ja0072006.pdf
salaire_base.agents_payes_a_l_heure.categorie_4_2.echelon_1,2008-05-01,1.935,"Avenant n° 10 à la convention collective sectorielle du textile, agréé par arrêté du 17 février 2009",https://www.pist.tn/jort/2009/2009A/Ja0162009.pdf
salaire_base.agents_payes_a_l_heure.categorie_4_2.echelon_1,2009-05-01,2.021,"Avenant n° 10 à la convention collective sectorielle du textile, agréé par arrêté du 17 février 2009",https://www.pist.tn/jort/2009/2009A/Ja0162009.pdf
salaire_base.agents_payes_a_l_heure.categorie_4_2.echelon_1,2010-05-01,2.127,"Avenant n° 10 à la convention collective sectorielle du textile, agréé par arrêté du 17 février 2009",https://www.pist.tn/jort/2009/2009A/Ja0162009.pdf
salaire_base.agents_payes_a_l_heure.categorie_4_2.echelon_1,2011-05-01,2.226,"Avenant n° 11 à la convention collective sectorielle du textile, agréé par arrêté du 11 octobre 2011",https://www.pist.tn/jort/2011/2011A/Ja0782011.pdf
salaire_base.agents_payes_a_l_heure.categorie_4_2.echelon_1,2012-05-01,2.357,"Avenant n° 12 à la convention collective sectorielle du textile, agréé par arrêté du 19 février 2013",https://www.pist.tn/jort/2013/2013A/Ja0162013.pdf
salaire_base.agents_payes_a_l_heure.categorie_4_2.echelon_1,2014-05-01,2.496,"Avenant n° 13 à la convention collective sectorielle du textile, agréé par arrêté du 17 octobre 2014",https://www.pist.tn/jort/2014/2014A/Ja0902014.pdf
salaire_base.agents_payes_a_l_heure.categorie_4_2.echelon_1,2015-09-01,2.644,"Avenant n° 14 à la convention collective sectorielle du textile, agréé par arrêté du 8 avril 2016",https://www.pist.tn/jort/2016/2016A/Ja0302016.pdf
salaire_base.agents_payes_a_l_heure.categorie_4_2.echelon_1,2016-08-01,2.801,"Avenant n° 15 à la convention collective sectorielle du textile, agréé par arrêté du 14 août 2017",https://www.pist.tn/jort/2017/2017A/Ja0662017.pdf
salaire_base.agents_payes_a_l_heure.categorie_4_2.echelon_1,2018-01-01,2.967,"Avenant n° 15 à la convention collective sectorielle du textile, agréé par arrêté du 14 août 2017",https://www.pist.tn/jort/2017/2017A/Ja0662017.pdf
salaire_base.agents_payes_a_l_heure.categorie_4_2.echelon_1,2019-01-01,3.172,"Avenant n° 16 à la convention collective sectorielle du textile, agréé par arrêté du 21 janvier 2019",https://www.pist.tn/jort/2019/2019A/Ja0112019.pdf
salaire_base.agents_payes_a_l_heure.categorie_4_2.echelon_1,2020-01-01,3.392,"Avenant n° 16 à la convention collective sectorielle du textile, agréé par arrêté du 21 janvier 2019",https://www.pist.tn/jort/2019/2019A/Ja0112019.pdf
salaire_base.agents_payes_a_l_heure.categorie_4_2.echelon_1,2021-09-01,3.612,"Avenant n° 17 à la convention collective sectorielle du textile, agréé par arrêté du 23 juin 2022",https://www.pist.tn/jort/2022/2022A/Ja0712022.pdf
salaire_base.agents_payes_a_l_heure.categorie_4_2.echelon_1,2022-05-01,3.865,"Avenant n° 17 à la convention collective sectorielle du textile, agréé par arrêté du 23 juin 2022",https://www.pist.tn/jort/2022/2022A/Ja0712022.pdf
salaire_base.agents_payes_a_l_heure.categorie_4_2.echelon_1,2024-01-01,4.116,"Avenant n° 18 à la convention collective sectorielle du textile, agréé par arrêté du 8 avril 2024",https://www.pist.tn/jort/2024/2024A/Ja0492024.pdf
salaire_base.agents_payes_a_l_heure.categorie_4_2.echelon_1,2025-01-01,4.384,"Avenant n° 18 à la convention collective sectorielle du textile, agréé par arrêté du 8 avril 2024",https://www.pist.tn/jort/2024/2024A/Ja0492024.pdf
salaire_base.agents_payes_a_l_heure.categorie_4_2.echelon_1,2026-01-01,4.691,"Avenant n° 18 à la convention collective sectorielle du textile, agréé par arrêté du 8 avril 2024",https://www.pist.tn/jort/2024/2024A/Ja0492024.pdf
salaire_base.agents_payes_a_l_heure.categorie_4_2.echelon_2,1994-05-01,1.039,"Avenant n° 5 à la convention collective nationale du textile, agréé par arrêté du 22 septembre 1994",https://www.pist.tn/jort/1994/1994F/Jo07894.pdf
salaire_base.agents_payes_a_l_heure.categorie_4_2.echelon_2,1995-05-01,1.087,"Avenant n° 5 à la convention collective nationale du textile, agréé par arrêté du 22 septembre 1994",https://www.pist.tn/jort/1994/1994F/Jo07894.pdf
salaire_base.agents_payes_a_l_heure.categorie_4_2.echelon_2,1996-05-01,1.15,"Avenant n° 6 à la convention collective nationale du textile, agréé par arrêté du 24 juillet 1996",https://www.pist.tn/jort/1996/1996A/Ja06096.pdf
salaire_base.agents_payes_a_l_heure.categorie_4_2.echelon_2,1997-05-01,1.213,"Avenant n° 6 à la convention collective nationale du textile, agréé par arrêté du 24 juillet 1996",https://www.pist.tn/jort/1996/1996A/Ja06096.pdf
salaire_base.agents_payes_a_l_heure.categorie_4_2.echelon_2,1998-05-01,1.276,"Avenant n° 6 à la convention collective nationale du textile, agréé par arrêté du 24 juillet 1996",https://www.pist.tn/jort/1996/1996A/Ja06096.pdf
salaire_base.agents_payes_a_l_heure.categorie_4_2.echelon_2,1999-05-01,1.339,"Avenant n° 7 à la convention collective nationale du textile, agréé par arrêté du 9 juin 1999",https://www.pist.tn/jort/1999/1999A/Ja04899.pdf
salaire_base.agents_payes_a_l_heure.categorie_4_2.echelon_2,2000-05-01,1.402,"Avenant n° 7 à la convention collective nationale du textile, agréé par arrêté du 9 juin 1999",https://www.pist.tn/jort/1999/1999A/Ja04899.pdf
salaire_base.agents_payes_a_l_heure.categorie_4_2.echelon_2,2001-05-01,1.465,"Avenant n° 7 à la convention collective nationale du textile, agréé par arrêté du 9 juin 1999",https://www.pist.tn/jort/1999/1999A/Ja04899.pdf
salaire_base.agents_payes_a_l_heure.categorie_4_2.echelon_2,2002-05-01,1.528,"Avenant n° 8 à la convention collective nationale du textile, agréé par arrêté du 25 novembre 2002",https://www.pist.tn/jort/2002/2002A/Ja0972002.pdf
salaire_base.agents_payes_a_l_heure.categorie_4_2.echelon_2,2003-05-01,1.593,"Avenant n° 8 à la convention collective nationale du textile, agréé par arrêté du 25 novembre 2002",https://www.pist.tn/jort/2002/2002A/Ja0972002.pdf
salaire_base.agents_payes_a_l_heure.categorie_4_2.echelon_2,2004-05-01,1.663,"Avenant n° 8 à la convention collective nationale du textile, agréé par arrêté du 25 novembre 2002",https://www.pist.tn/jort/2002/2002A/Ja0972002.pdf
salaire_base.agents_payes_a_l_heure.categorie_4_2.echelon_2,2005-06-15,1.726,"Avenant n° 9 à la convention collective sectorielle du textile, agréé par arrêté du 17 janvier 2006",https://www.pist.tn/jort/2006/2006A/Ja0072006.pdf
salaire_base.agents_payes_a_l_heure.categorie_4_2.echelon_2,2006-05-01,1.793,"Avenant n° 9 à la convention collective sectorielle du textile, agréé par arrêté du 17 janvier 2006",https://www.pist.tn/jort/2006/2006A/Ja0072006.pdf
salaire_base.agents_payes_a_l_heure.categorie_4_2.echelon_2,2007-05-01,1.86,"Avenant n° 9 à la convention collective sectorielle du textile, agréé par arrêté du 17 janvier 2006",https://www.pist.tn/jort/2006/2006A/Ja0072006.pdf
salaire_base.agents_payes_a_l_heure.categorie_4_2.echelon_2,2008-05-01,1.951,"Avenant n° 10 à la convention collective sectorielle du textile, agréé par arrêté du 17 février 2009",https://www.pist.tn/jort/2009/2009A/Ja0162009.pdf
salaire_base.agents_payes_a_l_heure.categorie_4_2.echelon_2,2009-05-01,2.037,"Avenant n° 10 à la convention collective sectorielle du textile, agréé par arrêté du 17 février 2009",https://www.pist.tn/jort/2009/2009A/Ja0162009.pdf
salaire_base.agents_payes_a_l_heure.categorie_4_2.echelon_2,2010-05-01,2.137,"Avenant n° 10 à la convention collective sectorielle du textile, agréé par arrêté du 17 février 2009",https://www.pist.tn/jort/2009/2009A/Ja0162009.pdf
salaire_base.agents_payes_a_l_heure.categorie_4_2.echelon_2,2011-05-01,2.236,"Avenant n° 11 à la convention collective sectorielle du textile, agréé par arrêté du 11 octobre 2011",https://www.pist.tn/jort/2011/2011A/Ja0782011.pdf
salaire_base.agents_payes_a_l_heure.categorie_4_2.echelon_2,2012-05-01,2.367,"Avenant n° 12 à la convention collective sectorielle du textile, agréé par arrêté du 19 février 2013",https://www.pist.tn/jort/2013/2013A/Ja0162013.pdf
salaire_base.agents_payes_a_l_heure.categorie_4_2.echelon_2,2014-05-01,2.506,"Avenant n° 13 à la convention collective sectorielle du textile, agréé par arrêté du 17 octobre 2014",https://www.pist.tn/jort/2014/2014A/Ja0902014.pdf
salaire_base.agents_payes_a_l_heure.categorie_4_2.echelon_2,2015-09-01,2.654,"Avenant n° 14 à la convention collective sectorielle du textile, agréé par arrêté du 8 avril 2016",https://www.pist.tn/jort/2016/2016A/Ja0302016.pdf
salaire_base.agents_payes_a_l_heure.categorie_4_2.echelon_2,2016-08-01,2.811,"Avenant n° 15 à la convention collective sectorielle du textile, agréé par arrêté du 14 août 2017",https://www.pist.tn/jort/2017/2017A/Ja0662017.pdf
salaire_base.agents_payes_a_l_heure.categorie_4_2.echelon_2,2018-01-01,2.977,"Avenant n° 15 à la convention collective sectorielle du textile, agréé par arrêté du 14 août 2017",https://www.pist.tn/jort/2017/2017A/Ja0662017.pdf
salaire_base.agents_payes_a_l_heure.categorie_4_2.echelon_2,2019-01-01,3.182,"Avenant n° 16 à la convention collective sectorielle du textile, agréé par arrêté du 21 janvier 2019",https://www.pist.tn/jort/2019/2019A/Ja0112019.pdf
salaire_base.agents_payes_a_l_heure.categorie_4_2.echelon_2,2020-01-01,3.402,"Avenant n° 16 à la convention collective sectorielle du textile, agréé par arrêté du 21 janvier 2019",https://www.pist.tn/jort/2019/2019A/Ja0112019.pdf
salaire_base.agents_payes_a_l_heure.categorie_4_2.echelon_2,2021-09-01,3.623,"Avenant n° 17 à la convention collective sectorielle du textile, agréé par arrêté du 23 juin 2022",https://www.pist.tn/jort/2022/2022A/Ja0712022.pdf
salaire_base.agents_payes_a_l_heure.categorie_4_2.echelon_2,2022-05-01,3.877,"Avenant n° 17 à la convention collective sectorielle du textile, agréé par arrêté du 23 juin 2022",https://www.pist.tn/jort/2022/2022A/Ja0712022.pdf
salaire_base.agents_payes_a_l_heure.categorie_4_2.echelon_2,2024-01-01,4.128,"Avenant n° 18 à la convention collective sectorielle du textile, agréé par arrêté du 8 avril 2024",https://www.pist.tn/jort/2024/2024A/Ja0492024.pdf
salaire_base.agents_payes_a_l_heure.categorie_4_2.echelon_2,2025-01-01,4.397,"Avenant n° 18 à la convention collective sectorielle du textile, agréé par arrêté du 8 avril 2024",https://www.pist.tn/jort/2024/2024A/Ja0492024.pdf
salaire_base.agents_payes_a_l_heure.categorie_4_2.echelon_2,2026-01-01,4.705,"Avenant n° 18 à la convention collective sectorielle du textile, agréé par arrêté du 8 avril 2024",https://www.pist.tn/jort/2024/2024A/Ja0492024.pdf
salaire_base.agents_payes_a_l_heure.categorie_4_2.echelon_3,1994-05-01,1.049,"Avenant n° 5 à la convention collective nationale du textile, agréé par arrêté du 22 septembre 1994",https://www.pist.tn/jort/1994/1994F/Jo07894.pdf
salaire_base.agents_payes_a_l_heure.categorie_4_2.echelon_3,1995-05-01,1.097,"Avenant n° 5 à la convention collective nationale du textile, agréé par arrêté du 22 septembre 1994",https://www.pist.tn/jort/1994/1994F/Jo07894.pdf
salaire_base.agents_payes_a_l_heure.categorie_4_2.echelon_3,1996-05-01,1.16,"Avenant n° 6 à la convention collective nationale du textile, agréé par arrêté du 24 juillet 1996",https://www.pist.tn/jort/1996/1996A/Ja06096.pdf
salaire_base.agents_payes_a_l_heure.categorie_4_2.echelon_3,1997-05-01,1.223,"Avenant n° 6 à la convention collective nationale du textile, agréé par arrêté du 24 juillet 1996",https://www.pist.tn/jort/1996/1996A/Ja06096.pdf
salaire_base.agents_payes_a_l_heure.categorie_4_2.echelon_3,1998-05-01,1.286,"Avenant n° 6 à la convention collective nationale du textile, agréé par arrêté du 24 juillet 1996",https://www.pist.tn/jort/1996/1996A/Ja06096.pdf
salaire_base.agents_payes_a_l_heure.categorie_4_2.echelon_3,1999-05-01,1.349,"Avenant n° 7 à la convention collective nationale du textile, agréé par arrêté du 9 juin 1999",https://www.pist.tn/jort/1999/1999A/Ja04899.pdf
salaire_base.agents_payes_a_l_heure.categorie_4_2.echelon_3,2000-05-01,1.412,"Avenant n° 7 à la convention collective nationale du textile, agréé par arrêté du 9 juin 1999",https://www.pist.tn/jort/1999/1999A/Ja04899.pdf
salaire_base.agents_payes_a_l_heure.categorie_4_2.echelon_3,2001-05-01,1.475,"Avenant n° 7 à la convention collective nationale du textile, agréé par arrêté du 9 juin 1999",https://www.pist.tn/jort/1999/1999A/Ja04899.pdf
salaire_base.agents_payes_a_l_heure.categorie_4_2.echelon_3,2002-05-01,1.538,"Avenant n° 8 à la convention collective nationale du textile, agréé par arrêté du 25 novembre 2002",https://www.pist.tn/jort/2002/2002A/Ja0972002.pdf
salaire_base.agents_payes_a_l_heure.categorie_4_2.echelon_3,2003-05-01,1.603,"Avenant n° 8 à la convention collective nationale du textile, agréé par arrêté du 25 novembre 2002",https://www.pist.tn/jort/2002/2002A/Ja0972002.pdf
salaire_base.agents_payes_a_l_heure.categorie_4_2.echelon_3,2004-05-01,1.673,"Avenant n° 8 à la convention collective nationale du textile, agréé par arrêté du 25 novembre 2002",https://www.pist.tn/jort/2002/2002A/Ja0972002.pdf
salaire_base.agents_payes_a_l_heure.categorie_4_2.echelon_3,2005-06-15,1.736,"Avenant n° 9 à la convention collective sectorielle du textile, agréé par arrêté du 17 janvier 2006",https://www.pist.tn/jort/2006/2006A/Ja0072006.pdf
salaire_base.agents_payes_a_l_heure.categorie_4_2.echelon_3,2006-05-01,1.803,"Avenant n° 9 à la convention collective sectorielle du textile, agréé par arrêté du 17 janvier 2006",https://www.pist.tn/jort/2006/2006A/Ja0072006.pdf
salaire_base.agents_payes_a_l_heure.categorie_4_2.echelon_3,2007-05-01,1.87,"Avenant n° 9 à la convention collective sectorielle du textile, agréé par arrêté du 17 janvier 2006",https://www.pist.tn/jort/2006/2006A/Ja0072006.pdf
salaire_base.agents_payes_a_l_heure.categorie_4_2.echelon_3,2008-05-01,1.961,"Avenant n° 10 à la convention collective sectorielle du textile, agréé par arrêté du 17 février 2009",https://www.pist.tn/jort/2009/2009A/Ja0162009.pdf
salaire_base.agents_payes_a_l_heure.categorie_4_2.echelon_3,2009-05-01,2.047,"Avenant n° 10 à la convention collective sectorielle du textile, agréé par arrêté du 17 février 2009",https://www.pist.tn/jort/2009/2009A/Ja0162009.pdf
salaire_base.agents_payes_a_l_heure.categorie_4_2.echelon_3,2010-05-01,2.146,"Avenant n° 10 à la convention collective sectorielle du textile, agréé par arrêté du 17 février 2009",https://www.pist.tn/jort/2009/2009A/Ja0162009.pdf
salaire_base.agents_payes_a_l_heure.categorie_4_2.echelon_3,2011-05-01,2.245,"Avenant n° 11 à la convention collective sectorielle du textile, agréé par arrêté du 11 octobre 2011",https://www.pist.tn/jort/2011/2011A/Ja0782011.pdf
salaire_base.agents_payes_a_l_heure.categorie_4_2.echelon_3,2012-05-01,2.376,"Avenant n° 12 à la convention collective sectorielle du textile, agréé par arrêté du 19 février 2013",https://www.pist.tn/jort/2013/2013A/Ja0162013.pdf
salaire_base.agents_payes_a_l_heure.categorie_4_2.echelon_3,2014-05-01,2.515,"Avenant n° 13 à la convention collective sectorielle du textile, agréé par arrêté du 17 octobre 2014",https://www.pist.tn/jort/2014/2014A/Ja0902014.pdf
salaire_base.agents_payes_a_l_heure.categorie_4_2.echelon_3,2015-09-01,2.663,"Avenant n° 14 à la convention collective sectorielle du textile, agréé par arrêté du 8 avril 2016",https://www.pist.tn/jort/2016/2016A/Ja0302016.pdf
salaire_base.agents_payes_a_l_heure.categorie_4_2.echelon_3,2016-08-01,2.82,"Avenant n° 15 à la convention collective sectorielle du textile, agréé par arrêté du 14 août 2017",https://www.pist.tn/jort/2017/2017A/Ja0662017.pdf
salaire_base.agents_payes_a_l_heure.categorie_4_2.echelon_3,2018-01-01,2.986,"Avenant n° 15 à la convention collective sectorielle du textile, agréé par arrêté du 14 août 2017",https://www.pist.tn/jort/2017/2017A/Ja0662017.pdf
salaire_base.agents_payes_a_l_heure.categorie_4_2.echelon_3,2019-01-01,3.191,"Avenant n° 16 à la convention collective sectorielle du textile, agréé par arrêté du 21 janvier 2019",https://www.pist.tn/jort/2019/2019A/Ja0112019.pdf
salaire_base.agents_payes_a_l_heure.categorie_4_2.echelon_3,2020-01-01,3.411,"Avenant n° 16 à la convention collective sectorielle du textile, agréé par arrêté du 21 janvier 2019",https://www.pist.tn/jort/2019/2019A/Ja0112019.pdf
salaire_base.agents_payes_a_l_heure.categorie_4_2.echelon_3,2021-09-01,3.632,"Avenant n° 17 à la convention collective sectorielle du textile, agréé par arrêté du 23 juin 2022",https://www.pist.tn/jort/2022/2022A/Ja0712022.pdf
salaire_base.agents_payes_a_l_heure.categorie_4_2.echelon_3,2022-05-01,3.887,"Avenant n° 17 à la convention collective sectorielle du textile, agréé par arrêté du 23 juin 2022",https://www.pist.tn/jort/2022/2022A/Ja0712022.pdf
salaire_base.agents_payes_a_l_heure.categorie_4_2.echelon_3,2024-01-01,4.139,"Avenant n° 18 à la convention collective sectorielle du textile, agréé par arrêté du 8 avril 2024",https://www.pist.tn/jort/2024/2024A/Ja0492024.pdf
salaire_base.agents_payes_a_l_heure.categorie_4_2.echelon_3,2025-01-01,4.408,"Avenant n° 18 à la convention collective sectorielle du textile, agréé par arrêté du 8 avril 2024",https://www.pist.tn/jort/2024/2024A/Ja0492024.pdf
salaire_base.agents_payes_a_l_heure.categorie_4_2.echelon_3,2026-01-01,4.717,"Avenant n° 18 à la convention collective sectorielle du textile, agréé par arrêté du 8 avril 2024",https://www.pist.tn/jort/2024/2024A/Ja0492024.pdf
salaire_base.agents_payes_a_l_heure.categorie_4_2.echelon_4,1994-05-01,1.058,"Avenant n° 5 à la convention collective nationale du textile, agréé par arrêté du 22 septembre 1994",https://www.pist.tn/jort/1994/1994F/Jo07894.pdf
salaire_base.agents_payes_a_l_heure.categorie_4_2.echelon_4,1995-05-01,1.106,"Avenant n° 5 à la convention collective nationale du textile, agréé par arrêté du 22 septembre 1994",https://www.pist.tn/jort/1994/1994F/Jo07894.pdf
salaire_base.agents_payes_a_l_heure.categorie_4_2.echelon_4,1996-05-01,1.169,"Avenant n° 6 à la convention collective nationale du textile, agréé par arrêté du 24 juillet 1996",https://www.pist.tn/jort/1996/1996A/Ja06096.pdf
salaire_base.agents_payes_a_l_heure.categorie_4_2.echelon_4,1997-05-01,1.232,"Avenant n° 6 à la convention collective nationale du textile, agréé par arrêté du 24 juillet 1996",https://www.pist.tn/jort/1996/1996A/Ja06096.pdf
salaire_base.agents_payes_a_l_heure.categorie_4_2.echelon_4,1998-05-01,1.295,"Avenant n° 6 à la convention collective nationale du textile, agréé par arrêté du 24 juillet 1996",https://www.pist.tn/jort/1996/1996A/Ja06096.pdf
salaire_base.agents_payes_a_l_heure.categorie_4_2.echelon_4,1999-05-01,1.358,"Avenant n° 7 à la convention collective nationale du textile, agréé par arrêté du 9 juin 1999",https://www.pist.tn/jort/1999/1999A/Ja04899.pdf
salaire_base.agents_payes_a_l_heure.categorie_4_2.echelon_4,2000-05-01,1.421,"Avenant n° 7 à la convention collective nationale du textile, agréé par arrêté du 9 juin 1999",https://www.pist.tn/jort/1999/1999A/Ja04899.pdf
salaire_base.agents_payes_a_l_heure.categorie_4_2.echelon_4,2001-05-01,1.484,"Avenant n° 7 à la convention collective nationale du textile, agréé par arrêté du 9 juin 1999",https://www.pist.tn/jort/1999/1999A/Ja04899.pdf
salaire_base.agents_payes_a_l_heure.categorie_4_2.echelon_4,2002-05-01,1.547,"Avenant n° 8 à la convention collective nationale du textile, agréé par arrêté du 25 novembre 2002",https://www.pist.tn/jort/2002/2002A/Ja0972002.pdf
salaire_base.agents_payes_a_l_heure.categorie_4_2.echelon_4,2003-05-01,1.612,"Avenant n° 8 à la convention collective nationale du textile, agréé par arrêté du 25 novembre 2002",https://www.pist.tn/jort/2002/2002A/Ja0972002.pdf
salaire_base.agents_payes_a_l_heure.categorie_4_2.echelon_4,2004-05-01,1.682,"Avenant n° 8 à la convention collective nationale du textile, agréé par arrêté du 25 novembre 2002",https://www.pist.tn/jort/2002/2002A/Ja0972002.pdf
salaire_base.agents_payes_a_l_heure.categorie_4_2.echelon_4,2005-06-15,1.745,"Avenant n° 9 à la convention collective sectorielle du textile, agréé par arrêté du 17 janvier 2006",https://www.pist.tn/jort/2006/2006A/Ja0072006.pdf
salaire_base.agents_payes_a_l_heure.categorie_4_2.echelon_4,2006-05-01,1.812,"Avenant n° 9 à la convention collective sectorielle du textile, agréé par arrêté du 17 janvier 2006",https://www.pist.tn/jort/2006/2006A/Ja0072006.pdf
salaire_base.agents_payes_a_l_heure.categorie_4_2.echelon_4,2007-05-01,1.879,"Avenant n° 9 à la convention collective sectorielle du textile, agréé par arrêté du 17 janvier 2006",https://www.pist.tn/jort/2006/2006A/Ja0072006.pdf
salaire_base.agents_payes_a_l_heure.categorie_4_2.echelon_4,2008-05-01,1.97,"Avenant n° 10 à la convention collective sectorielle du textile, agréé par arrêté du 17 février 2009",https://www.pist.tn/jort/2009/2009A/Ja0162009.pdf
salaire_base.agents_payes_a_l_heure.categorie_4_2.echelon_4,2009-05-01,2.056,"Avenant n° 10 à la convention collective sectorielle du textile, agréé par arrêté du 17 février 2009",https://www.pist.tn/jort/2009/2009A/Ja0162009.pdf
salaire_base.agents_payes_a_l_heure.categorie_4_2.echelon_4,2010-05-01,2.156,"Avenant n° 10 à la convention collective sectorielle du textile, agréé par arrêté du 17 février 2009",https://www.pist.tn/jort/2009/2009A/Ja0162009.pdf
salaire_base.agents_payes_a_l_heure.categorie_4_2.echelon_4,2011-05-01,2.255,"Avenant n° 11 à la convention collective sectorielle du textile, agréé par arrêté du 11 octobre 2011",https://www.pist.tn/jort/2011/2011A/Ja0782011.pdf
salaire_base.agents_payes_a_l_heure.categorie_4_2.echelon_4,2012-05-01,2.386,"Avenant n° 12 à la convention collective sectorielle du textile, agréé par arrêté du 19 février 2013",https://www.pist.tn/jort/2013/2013A/Ja0162013.pdf
salaire_base.agents_payes_a_l_heure.categorie_4_2.echelon_4,2014-05-01,2.525,"Avenant n° 13 à la convention collective sectorielle du textile, agréé par arrêté du 17 octobre 2014",https://www.pist.tn/jort/2014/2014A/Ja0902014.pdf
salaire_base.agents_payes_a_l_heure.categorie_4_2.echelon_4,2015-09-01,2.673,"Avenant n° 14 à la convention collective sectorielle du textile, agréé par arrêté du 8 avril 2016",https://www.pist.tn/jort/2016/2016A/Ja0302016.pdf
salaire_base.agents_payes_a_l_heure.categorie_4_2.echelon_4,2016-08-01,2.83,"Avenant n° 15 à la convention collective sectorielle du textile, agréé par arrêté du 14 août 2017",https://www.pist.tn/jort/2017/2017A/Ja0662017.pdf
salaire_base.agents_payes_a_l_heure.categorie_4_2.echelon_4,2018-01-01,2.996,"Avenant n° 15 à la convention collective sectorielle du textile, agréé par arrêté du 14 août 2017",https://www.pist.tn/jort/2017/2017A/Ja0662017.pdf
salaire_base.agents_payes_a_l_heure.categorie_4_2.echelon_4,2019-01-01,3.201,"Avenant n° 16 à la convention collective sectorielle du textile, agréé par arrêté du 21 janvier 2019",https://www.pist.tn/jort/2019/2019A/Ja0112019.pdf
salaire_base.agents_payes_a_l_heure.categorie_4_2.echelon_4,2020-01-01,3.421,"Avenant n° 16 à la convention collective sectorielle du textile, agréé par arrêté du 21 janvier 2019",https://www.pist.tn/jort/2019/2019A/Ja0112019.pdf
salaire_base.agents_payes_a_l_heure.categorie_4_2.echelon_4,2021-09-01,3.643,"Avenant n° 17 à la convention collective sectorielle du textile, agréé par arrêté du 23 juin 2022",https://www.pist.tn/jort/2022/2022A/Ja0712022.pdf
salaire_base.agents_payes_a_l_heure.categorie_4_2.echelon_4,2022-05-01,3.898,"Avenant n° 17 à la convention collective sectorielle du textile, agréé par arrêté du 23 juin 2022",https://www.pist.tn/jort/2022/2022A/Ja0712022.pdf
salaire_base.agents_payes_a_l_heure.categorie_4_2.echelon_4,2024-01-01,4.152,"Avenant n° 18 à la convention collective sectorielle du textile, agréé par arrêté du 8 avril 2024",https://www.pist.tn/jort/2024/2024A/Ja0492024.pdf
salaire_base.agents_payes_a_l_heure.categorie_4_2.echelon_4,2025-01-01,4.421,"Avenant n° 18 à la convention collective sectorielle du textile, agréé par arrêté du 8 avril 2024",https://www.pist.tn/jort/2024/2024A/Ja0492024.pdf
salaire_base.agents_payes_a_l_heure.categorie_4_2.echelon_4,2026-01-01,4.731,"Avenant n° 18 à la convention collective sectorielle du textile, agréé par arrêté du 8 avril 2024",https://www.pist.tn/jort/2024/2024A/Ja0492024.pdf
salaire_base.agents_payes_a_l_heure.categorie_4_2.echelon_5,1994-05-01,1.068,"Avenant n° 5 à la convention collective nationale du textile, agréé par arrêté du 22 septembre 1994",https://www.pist.tn/jort/1994/1994F/Jo07894.pdf
salaire_base.agents_payes_a_l_heure.categorie_4_2.echelon_5,1995-05-01,1.116,"Avenant n° 5 à la convention collective nationale du textile, agréé par arrêté du 22 septembre 1994",https://www.pist.tn/jort/1994/1994F/Jo07894.pdf
salaire_base.agents_payes_a_l_heure.categorie_4_2.echelon_5,1996-05-01,1.179,"Avenant n° 6 à la convention collective nationale du textile, agréé par arrêté du 24 juillet 1996",https://www.pist.tn/jort/1996/1996A/Ja06096.pdf
salaire_base.agents_payes_a_l_heure.categorie_4_2.echelon_5,1997-05-01,1.242,"Avenant n° 6 à la convention collective nationale du textile, agréé par arrêté du 24 juillet 1996",https://www.pist.tn/jort/1996/1996A/Ja06096.pdf
salaire_base.agents_payes_a_l_heure.categorie_4_2.echelon_5,1998-05-01,1.305,"Avenant n° 6 à la convention collective nationale du textile, agréé par arrêté du 24 juillet 1996",https://www.pist.tn/jort/1996/1996A/Ja06096.pdf
salaire_base.agents_payes_a_l_heure.categorie_4_2.echelon_5,1999-05-01,1.368,"Avenant n° 7 à la convention collective nationale du textile, agréé par arrêté du 9 juin 1999",https://www.pist.tn/jort/1999/1999A/Ja04899.pdf
salaire_base.agents_payes_a_l_heure.categorie_4_2.echelon_5,2000-05-01,1.431,"Avenant n° 7 à la convention collective nationale du textile, agréé par arrêté du 9 juin 1999",https://www.pist.tn/jort/1999/1999A/Ja04899.pdf
salaire_base.agents_payes_a_l_heure.categorie_4_2.echelon_5,2001-05-01,1.494,"Avenant n° 7 à la convention collective nationale du textile, agréé par arrêté du 9 juin 1999",https://www.pist.tn/jort/1999/1999A/Ja04899.pdf
salaire_base.agents_payes_a_l_heure.categorie_4_2.echelon_5,2002-05-01,1.557,"Avenant n° 8 à la convention collective nationale du textile, agréé par arrêté du 25 novembre 2002",https://www.pist.tn/jort/2002/2002A/Ja0972002.pdf
salaire_base.agents_payes_a_l_heure.categorie_4_2.echelon_5,2003-05-01,1.622,"Avenant n° 8 à la convention collective nationale du textile, agréé par arrêté du 25 novembre 2002",https://www.pist.tn/jort/2002/2002A/Ja0972002.pdf
salaire_base.agents_payes_a_l_heure.categorie_4_2.echelon_5,2004-05-01,1.692,"Avenant n° 8 à la convention collective nationale du textile, agréé par arrêté du 25 novembre 2002",https://www.pist.tn/jort/2002/2002A/Ja0972002.pdf
salaire_base.agents_payes_a_l_heure.categorie_4_2.echelon_5,2005-06-15,1.755,"Avenant n° 9 à la convention collective sectorielle du textile, agréé par arrêté du 17 janvier 2006",https://www.pist.tn/jort/2006/2006A/Ja0072006.pdf
salaire_base.agents_payes_a_l_heure.categorie_4_2.echelon_5,2006-05-01,1.822,"Avenant n° 9 à la convention collective sectorielle du textile, agréé par arrêté du 17 janvier 2006",https://www.pist.tn/jort/2006/2006A/Ja0072006.pdf
salaire_base.agents_payes_a_l_heure.categorie_4_2.echelon_5,2007-05-01,1.889,"Avenant n° 9 à la convention collective sectorielle du textile, agréé par arrêté du 17 janvier 2006",https://www.pist.tn/jort/2006/2006A/Ja0072006.pdf
salaire_base.agents_payes_a_l_heure.categorie_4_2.echelon_5,2008-05-01,1.98,"Avenant n° 10 à la convention collective sectorielle du textile, agréé par arrêté du 17 février 2009",https://www.pist.tn/jort/2009/2009A/Ja0162009.pdf
salaire_base.agents_payes_a_l_heure.categorie_4_2.echelon_5,2009-05-01,2.066,"Avenant n° 10 à la convention collective sectorielle du textile, agréé par arrêté du 17 février 2009",https://www.pist.tn/jort/2009/2009A/Ja0162009.pdf
salaire_base.agents_payes_a_l_heure.categorie_4_2.echelon_5,2010-05-01,2.166,"Avenant n° 10 à la convention collective sectorielle du textile, agréé par arrêté du 17 février 2009",https://www.pist.tn/jort/2009/2009A/Ja0162009.pdf
salaire_base.agents_payes_a_l_heure.categorie_4_2.echelon_5,2011-05-01,2.265,"Avenant n° 11 à la convention collective sectorielle du textile, agréé par arrêté du 11 octobre 2011",https://www.pist.tn/jort/2011/2011A/Ja0782011.pdf
salaire_base.agents_payes_a_l_heure.categorie_4_2.echelon_5,2012-05-01,2.396,"Avenant n° 12 à la convention collective sectorielle du textile, agréé par arrêté du 19 février 2013",https://www.pist.tn/jort/2013/2013A/Ja0162013.pdf
salaire_base.agents_payes_a_l_heure.categorie_4_2.echelon_5,2014-05-01,2.535,"Avenant n° 13 à la convention collective sectorielle du textile, agréé par arrêté du 17 octobre 2014",https://www.pist.tn/jort/2014/2014A/Ja0902014.pdf
salaire_base.agents_payes_a_l_heure.categorie_4_2.echelon_5,2015-09-01,2.683,"Avenant n° 14 à la convention collective sectorielle du textile, agréé par arrêté du 8 avril 2016",https://www.pist.tn/jort/2016/2016A/Ja0302016.pdf
salaire_base.agents_payes_a_l_heure.categorie_4_2.echelon_5,2016-08-01,2.84,"Avenant n° 15 à la convention collective sectorielle du textile, agréé par arrêté du 14 août 2017",https://www.pist.tn/jort/2017/2017A/Ja0662017.pdf
salaire_base.agents_payes_a_l_heure.categorie_4_2.echelon_5,2018-01-01,3.006,"Avenant n° 15 à la convention collective sectorielle du textile, agréé par arrêté du 14 août 2017",https://www.pist.tn/jort/2017/2017A/Ja0662017.pdf
salaire_base.agents_payes_a_l_heure.categorie_4_2.echelon_5,2019-01-01,3.211,"Avenant n° 16 à la convention collective sectorielle du textile, agréé par arrêté du 21 janvier 2019",https://www.pist.tn/jort/2019/2019A/Ja0112019.pdf
salaire_base.agents_payes_a_l_heure.categorie_4_2.echelon_5,2020-01-01,3.431,"Avenant n° 16 à la convention collective sectorielle du textile, agréé par arrêté du 21 janvier 2019",https://www.pist.tn/jort/2019/2019A/Ja0112019.pdf
salaire_base.agents_payes_a_l_heure.categorie_4_2.echelon_5,2021-09-01,3.654,"Avenant n° 17 à la convention collective sectorielle du textile, agréé par arrêté du 23 juin 2022",https://www.pist.tn/jort/2022/2022A/Ja0712022.pdf
salaire_base.agents_payes_a_l_heure.categorie_4_2.echelon_5,2022-05-01,3.91,"Avenant n° 17 à la convention collective sectorielle du textile, agréé par arrêté du 23 juin 2022",https://www.pist.tn/jort/2022/2022A/Ja0712022.pdf
salaire_base.agents_payes_a_l_heure.categorie_4_2.echelon_5,2024-01-01,4.164,"Avenant n° 18 à la convention collective sectorielle du textile, agréé par arrêté du 8 avril 2024",https://www.pist.tn/jort/2024/2024A/Ja0492024.pdf
salaire_base.agents_payes_a_l_heure.categorie_4_2.echelon_5,2025-01-01,4.434,"Avenant n° 18 à la convention collective sectorielle du textile, agréé par arrêté du 8 avril 2024",https://www.pist.tn/jort/2024/2024A/Ja0492024.pdf
salaire_base.agents_payes_a_l_heure.categorie_4_2.echelon_5,2026-01-01,4.745,"Avenant n° 18 à la convention collective sectorielle du textile, agréé par arrêté du 8 avril 2024",https://www.pist.tn/jort/2024/2024A/Ja0492024.pdf
salaire_base.agents_payes_a_l_heure.categorie_4_2.echelon_6,1994-05-01,1.078,"Avenant n° 5 à la convention collective nationale du textile, agréé par arrêté du 22 septembre 1994",https://www.pist.tn/jort/1994/1994F/Jo07894.pdf
salaire_base.agents_payes_a_l_heure.categorie_4_2.echelon_6,1995-05-01,1.126,"Avenant n° 5 à la convention collective nationale du textile, agréé par arrêté du 22 septembre 1994",https://www.pist.tn/jort/1994/1994F/Jo07894.pdf
salaire_base.agents_payes_a_l_heure.categorie_4_2.echelon_6,1996-05-01,1.189,"Avenant n° 6 à la convention collective nationale du textile, agréé par arrêté du 24 juillet 1996",https://www.pist.tn/jort/1996/1996A/Ja06096.pdf
salaire_base.agents_payes_a_l_heure.categorie_4_2.echelon_6,1997-05-01,1.252,"Avenant n° 6 à la convention collective nationale du textile, agréé par arrêté du 24 juillet 1996",https://www.pist.tn/jort/1996/1996A/Ja06096.pdf
salaire_base.agents_payes_a_l_heure.categorie_4_2.echelon_6,1998-05-01,1.315,"Avenant n° 6 à la convention collective nationale du textile, agréé par arrêté du 24 juillet 1996",https://www.pist.tn/jort/1996/1996A/Ja06096.pdf
salaire_base.agents_payes_a_l_heure.categorie_4_2.echelon_6,1999-05-01,1.378,"Avenant n° 7 à la convention collective nationale du textile, agréé par arrêté du 9 juin 1999",https://www.pist.tn/jort/1999/1999A/Ja04899.pdf
salaire_base.agents_payes_a_l_heure.categorie_4_2.echelon_6,2000-05-01,1.441,"Avenant n° 7 à la convention collective nationale du textile, agréé par arrêté du 9 juin 1999",https://www.pist.tn/jort/1999/1999A/Ja04899.pdf
salaire_base.agents_payes_a_l_heure.categorie_4_2.echelon_6,2001-05-01,1.504,"Avenant n° 7 à la convention collective nationale du textile, agréé par arrêté du 9 juin 1999",https://www.pist.tn/jort/1999/1999A/Ja04899.pdf
salaire_base.agents_payes_a_l_heure.categorie_4_2.echelon_6,2002-05-01,1.567,"Avenant n° 8 à la convention collective nationale du textile, agréé par arrêté du 25 novembre 2002",https://www.pist.tn/jort/2002/2002A/Ja0972002.pdf
salaire_base.agents_payes_a_l_heure.categorie_4_2.echelon_6,2003-05-01,1.632,"Avenant n° 8 à la convention collective nationale du textile, agréé par arrêté du 25 novembre 2002",https://www.pist.tn/jort/2002/2002A/Ja0972002.pdf
salaire_base.agents_payes_a_l_heure.categorie_4_2.echelon_6,2004-05-01,1.702,"Avenant n° 8 à la convention collective nationale du textile, agréé par arrêté du 25 novembre 2002",https://www.pist.tn/jort/2002/2002A/Ja0972002.pdf
salaire_base.agents_payes_a_l_heure.categorie_4_2.echelon_6,2005-06-15,1.765,"Avenant n° 9 à la convention collective sectorielle du textile, agréé par arrêté du 17 janvier 2006",https://www.pist.tn/jort/2006/2006A/Ja0072006.pdf
salaire_base.agents_payes_a_l_heure.categorie_4_2.echelon_6,2006-05-01,1.832,"Avenant n° 9 à la convention collective sectorielle du textile, agréé par arrêté du 17 janvier 2006",https://www.pist.tn/jort/2006/2006A/Ja0072006.pdf
salaire_base.agents_payes_a_l_heure.categorie_4_2.echelon_6,2007-05-01,1.899,"Avenant n° 9 à la convention collective sectorielle du textile, agréé par arrêté du 17 janvier 2006",https://www.pist.tn/jort/2006/2006A/Ja0072006.pdf
salaire_base.agents_payes_a_l_heure.categorie_4_2.echelon_6,2008-05-01,1.99,"Avenant n° 10 à la convention collective sectorielle du textile, agréé par arrêté du 17 février 2009",https://www.pist.tn/jort/2009/2009A/Ja0162009.pdf
salaire_base.agents_payes_a_l_heure.categorie_4_2.echelon_6,2009-05-01,2.076,"Avenant n° 10 à la convention collective sectorielle du textile, agréé par arrêté du 17 février 2009",https://www.pist.tn/jort/2009/2009A/Ja0162009.pdf
salaire_base.agents_payes_a_l_heure.categorie_4_2.echelon_6,2010-05-01,2.176,"Avenant n° 10 à la convention collective sectorielle du textile, agréé par arrêté du 17 février 2009",https://www.pist.tn/jort/2009/2009A/Ja0162009.pdf
salaire_base.agents_payes_a_l_heure.categorie_4_2.echelon_6,2011-05-01,2.275,"Avenant n° 11 à la convention collective sectorielle du textile, agréé par arrêté du 11 octobre 2011",https://www.pist.tn/jort/2011/2011A/Ja0782011.pdf
salaire_base.agents_payes_a_l_heure.categorie_4_2.echelon_6,2012-05-01,2.406,"Avenant n° 12 à la convention collective sectorielle du textile, agréé par arrêté du 19 février 2013",https://www.pist.tn/jort/2013/2013A/Ja0162013.pdf
salaire_base.agents_payes_a_l_heure.categorie_4_2.echelon_6,2014-05-01,2.545,"Avenant n° 13 à la convention collective sectorielle du textile, agréé par arrêté du 17 octobre 2014",https://www.pist.tn/jort/2014/2014A/Ja0902014.pdf
salaire_base.agents_payes_a_l_heure.categorie_4_2.echelon_6,2015-09-01,2.693,"Avenant n° 14 à la convention collective sectorielle du textile, agréé par arrêté du 8 avril 2016",https://www.pist.tn/jort/2016/2016A/Ja0302016.pdf
salaire_base.agents_payes_a_l_heure.categorie_4_2.echelon_6,2016-08-01,2.85,"Avenant n° 15 à la convention collective sectorielle du textile, agréé par arrêté du 14 août 2017",https://www.pist.tn/jort/2017/2017A/Ja0662017.pdf
salaire_base.agents_payes_a_l_heure.categorie_4_2.echelon_6,2018-01-01,3.016,"Avenant n° 15 à la convention collective sectorielle du textile, agréé par arrêté du 14 août 2017",https://www.pist.tn/jort/2017/2017A/Ja0662017.pdf
salaire_base.agents_payes_a_l_heure.categorie_4_2.echelon_6,2019-01-01,3.221,"Avenant n° 16 à la convention collective sectorielle du textile, agréé par arrêté du 21 janvier 2019",https://www.pist.tn/jort/2019/2019A/Ja0112019.pdf
salaire_base.agents_payes_a_l_heure.categorie_4_2.echelon_6,2020-01-01,3.441,"Avenant n° 16 à la convention collective sectorielle du textile, agréé par arrêté du 21 janvier 2019",https://www.pist.tn/jort/2019/2019A/Ja0112019.pdf
salaire_base.agents_payes_a_l_heure.categorie_4_2.echelon_6,2021-09-01,3.664,"Avenant n° 17 à la convention collective sectorielle du textile, agréé par arrêté du 23 juin 2022",https://www.pist.tn/jort/2022/2022A/Ja0712022.pdf
salaire_base.agents_payes_a_l_heure.categorie_4_2.echelon_6,2022-05-01,3.921,"Avenant n° 17 à la convention collective sectorielle du textile, agréé par arrêté du 23 juin 2022",https://www.pist.tn/jort/2022/2022A/Ja0712022.pdf
salaire_base.agents_payes_a_l_heure.categorie_4_2.echelon_6,2024-01-01,4.176,"Avenant n° 18 à la convention collective sectorielle du textile, agréé par arrêté du 8 avril 2024",https://www.pist.tn/jort/2024/2024A/Ja0492024.pdf
salaire_base.agents_payes_a_l_heure.categorie_4_2.echelon_6,2025-01-01,4.447,"Avenant n° 18 à la convention collective sectorielle du textile, agréé par arrêté du 8 avril 2024",https://www.pist.tn/jort/2024/2024A/Ja0492024.pdf
salaire_base.agents_payes_a_l_heure.categorie_4_2.echelon_6,2026-01-01,4.759,"Avenant n° 18 à la convention collective sectorielle du textile, agréé par arrêté du 8 avril 2024",https://www.pist.tn/jort/2024/2024A/Ja0492024.pdf
salaire_base.agents_payes_a_l_heure.categorie_4_2.echelon_7,1994-05-01,1.088,"Avenant n° 5 à la convention collective nationale du textile, agréé par arrêté du 22 septembre 1994",https://www.pist.tn/jort/1994/1994F/Jo07894.pdf
salaire_base.agents_payes_a_l_heure.categorie_4_2.echelon_7,1995-05-01,1.136,"Avenant n° 5 à la convention collective nationale du textile, agréé par arrêté du 22 septembre 1994",https://www.pist.tn/jort/1994/1994F/Jo07894.pdf
salaire_base.agents_payes_a_l_heure.categorie_4_2.echelon_7,1996-05-01,1.199,"Avenant n° 6 à la convention collective nationale du textile, agréé par arrêté du 24 juillet 1996",https://www.pist.tn/jort/1996/1996A/Ja06096.pdf
salaire_base.agents_payes_a_l_heure.categorie_4_2.echelon_7,1997-05-01,1.262,"Avenant n° 6 à la convention collective nationale du textile, agréé par arrêté du 24 juillet 1996",https://www.pist.tn/jort/1996/1996A/Ja06096.pdf
salaire_base.agents_payes_a_l_heure.categorie_4_2.echelon_7,1998-05-01,1.325,"Avenant n° 6 à la convention collective nationale du textile, agréé par arrêté du 24 juillet 1996",https://www.pist.tn/jort/1996/1996A/Ja06096.pdf
salaire_base.agents_payes_a_l_heure.categorie_4_2.echelon_7,1999-05-01,1.388,"Avenant n° 7 à la convention collective nationale du textile, agréé par arrêté du 9 juin 1999",https://www.pist.tn/jort/1999/1999A/Ja04899.pdf
salaire_base.agents_payes_a_l_heure.categorie_4_2.echelon_7,2000-05-01,1.451,"Avenant n° 7 à la convention collective nationale du textile, agréé par arrêté du 9 juin 1999",https://www.pist.tn/jort/1999/1999A/Ja04899.pdf
salaire_base.agents_payes_a_l_heure.categorie_4_2.echelon_7,2001-05-01,1.514,"Avenant n° 7 à la convention collective nationale du textile, agréé par arrêté du 9 juin 1999",https://www.pist.tn/jort/1999/1999A/Ja04899.pdf
salaire_base.agents_payes_a_l_heure.categorie_4_2.echelon_7,2002-05-01,1.577,"Avenant n° 8 à la convention collective nationale du textile, agréé par arrêté du 25 novembre 2002",https://www.pist.tn/jort/2002/2002A/Ja0972002.pdf
salaire_base.agents_payes_a_l_heure.categorie_4_2.echelon_7,2003-05-01,1.642,"Avenant n° 8 à la convention collective nationale du textile, agréé par arrêté du 25 novembre 2002",https://www.pist.tn/jort/2002/2002A/Ja0972002.pdf
salaire_base.agents_payes_a_l_heure.categorie_4_2.echelon_7,2004-05-01,1.712,"Avenant n° 8 à la convention collective nationale du textile, agréé par arrêté du 25 novembre 2002",https://www.pist.tn/jort/2002/2002A/Ja0972002.pdf
salaire_base.agents_payes_a_l_heure.categorie_4_2.echelon_7,2005-06-15,1.775,"Avenant n° 9 à la convention collective sectorielle du textile, agréé par arrêté du 17 janvier 2006",https://www.pist.tn/jort/2006/2006A/Ja0072006.pdf
salaire_base.agents_payes_a_l_heure.categorie_4_2.echelon_7,2006-05-01,1.842,"Avenant n° 9 à la convention collective sectorielle du textile, agréé par arrêté du 17 janvier 2006",https://www.pist.tn/jort/2006/2006A/Ja0072006.pdf
salaire_base.agents_payes_a_l_heure.categorie_4_2.echelon_7,2007-05-01,1.909,"Avenant n° 9 à la convention collective sectorielle du textile, agréé par arrêté du 17 janvier 2006",https://www.pist.tn/jort/2006/2006A/Ja0072006.pdf
salaire_base.agents_payes_a_l_heure.categorie_4_2.echelon_7,2008-05-01,2.0,"Avenant n° 10 à la convention collective sectorielle du textile, agréé par arrêté du 17 février 2009",https://www.pist.tn/jort/2009/2009A/Ja0162009.pdf
salaire_base.agents_payes_a_l_heure.categorie_4_2.echelon_7,2009-05-01,2.086,"Avenant n° 10 à la convention collective sectorielle du textile, agréé par arrêté du 17 février 2009",https://www.pist.tn/jort/2009/2009A/Ja0162009.pdf
salaire_base.agents_payes_a_l_heure.categorie_4_2.echelon_7,2010-05-01,2.186,"Avenant n° 10 à la convention collective sectorielle du textile, agréé par arrêté du 17 février 2009",https://www.pist.tn/jort/2009/2009A/Ja0162009.pdf
salaire_base.agents_payes_a_l_heure.categorie_4_2.echelon_7,2011-05-01,2.285,"Avenant n° 11 à la convention collective sectorielle du textile, agréé par arrêté du 11 octobre 2011",https://www.pist.tn/jort/2011/2011A/Ja0782011.pdf
salaire_base.agents_payes_a_l_heure.categorie_4_2.echelon_7,2012-05-01,2.416,"Avenant n° 12 à la convention collective sectorielle du textile, agréé par arrêté du 19 février 2013",https://www.pist.tn/jort/2013/2013A/Ja0162013.pdf
salaire_base.agents_payes_a_l_heure.categorie_4_2.echelon_7,2014-05-01,2.555,"Avenant n° 13 à la convention collective sectorielle du textile, agréé par arrêté du 17 octobre 2014",https://www.pist.tn/jort/2014/2014A/Ja0902014.pdf
salaire_base.agents_payes_a_l_heure.categorie_4_2.echelon_7,2015-09-01,2.703,"Avenant n° 14 à la convention collective sectorielle du textile, agréé par arrêté du 8 avril 2016",https://www.pist.tn/jort/2016/2016A/Ja0302016.pdf
salaire_base.agents_payes_a_l_heure.categorie_4_2.echelon_7,2016-08-01,2.86,"Avenant n° 15 à la convention collective sectorielle du textile, agréé par arrêté du 14 août 2017",https://www.pist.tn/jort/2017/2017A/Ja0662017.pdf
salaire_base.agents_payes_a_l_heure.categorie_4_2.echelon_7,2018-01-01,3.026,"Avenant n° 15 à la convention collective sectorielle du textile, agréé par arrêté du 14 août 2017",https://www.pist.tn/jort/2017/2017A/Ja0662017.pdf
salaire_base.agents_payes_a_l_heure.categorie_4_2.echelon_7,2019-01-01,3.231,"Avenant n° 16 à la convention collective sectorielle du textile, agréé par arrêté du 21 janvier 2019",https://www.pist.tn/jort/2019/2019A/Ja0112019.pdf
salaire_base.agents_payes_a_l_heure.categorie_4_2.echelon_7,2020-01-01,3.451,"Avenant n° 16 à la convention collective sectorielle du textile, agréé par arrêté du 21 janvier 2019",https://www.pist.tn/jort/2019/2019A/Ja0112019.pdf
salaire_base.agents_payes_a_l_heure.categorie_4_2.echelon_7,2021-09-01,3.675,"Avenant n° 17 à la convention collective sectorielle du textile, agréé par arrêté du 23 juin 2022",https://www.pist.tn/jort/2022/2022A/Ja0712022.pdf
salaire_base.agents_payes_a_l_heure.categorie_4_2.echelon_7,2022-05-01,3.932,"Avenant n° 17 à la convention collective sectorielle du textile, agréé par arrêté du 23 juin 2022",https://www.pist.tn/jort/2022/2022A/Ja0712022.pdf
salaire_base.agents_payes_a_l_heure.categorie_4_2.echelon_7,2024-01-01,4.188,"Avenant n° 18 à la convention collective sectorielle du textile, agréé par arrêté du 8 avril 2024",https://www.pist.tn/jort/2024/2024A/Ja0492024.pdf
salaire_base.agents_payes_a_l_heure.categorie_4_2.echelon_7,2025-01-01,4.46,"Avenant n° 18 à la convention collective sectorielle du textile, agréé par arrêté du 8 avril 2024",https://www.pist.tn/jort/2024/2024A/Ja0492024.pdf
salaire_base.agents_payes_a_l_heure.categorie_4_2.echelon_7,2026-01-01,4.772,"Avenant n° 18 à la convention collective sectorielle du textile, agréé par arrêté du 8 avril 2024",https://www.pist.tn/jort/2024/2024A/Ja0492024.pdf
salaire_base.agents_payes_a_l_heure.categorie_4_2.echelon_8,1994-05-01,1.098,"Avenant n° 5 à la convention collective nationale du textile, agréé par arrêté du 22 septembre 1994",https://www.pist.tn/jort/1994/1994F/Jo07894.pdf
salaire_base.agents_payes_a_l_heure.categorie_4_2.echelon_8,1995-05-01,1.146,"Avenant n° 5 à la convention collective nationale du textile, agréé par arrêté du 22 septembre 1994",https://www.pist.tn/jort/1994/1994F/Jo07894.pdf
salaire_base.agents_payes_a_l_heure.categorie_4_2.echelon_8,1996-05-01,1.209,"Avenant n° 6 à la convention collective nationale du textile, agréé par arrêté du 24 juillet 1996",https://www.pist.tn/jort/1996/1996A/Ja06096.pdf
salaire_base.agents_payes_a_l_heure.categorie_4_2.echelon_8,1997-05-01,1.272,"Avenant n° 6 à la convention collective nationale du textile, agréé par arrêté du 24 juillet 1996",https://www.pist.tn/jort/1996/1996A/Ja06096.pdf
salaire_base.agents_payes_a_l_heure.categorie_4_2.echelon_8,1998-05-01,1.335,"Avenant n° 6 à la convention collective nationale du textile, agréé par arrêté du 24 juillet 1996",https://www.pist.tn/jort/1996/1996A/Ja06096.pdf
salaire_base.agents_payes_a_l_heure.categorie_4_2.echelon_8,1999-05-01,1.398,"Avenant n° 7 à la convention collective nationale du textile, agréé par arrêté du 9 juin 1999",https://www.pist.tn/jort/1999/1999A/Ja04899.pdf
salaire_base.agents_payes_a_l_heure.categorie_4_2.echelon_8,2000-05-01,1.461,"Avenant n° 7 à la convention collective nationale du textile, agréé par arrêté du 9 juin 1999",https://www.pist.tn/jort/1999/1999A/Ja04899.pdf
salaire_base.agents_payes_a_l_heure.categorie_4_2.echelon_8,2001-05-01,1.524,"Avenant n° 7 à la convention collective nationale du textile, agréé par arrêté du 9 juin 1999",https://www.pist.tn/jort/1999/1999A/Ja04899.pdf
salaire_base.agents_payes_a_l_heure.categorie_4_2.echelon_8,2002-05-01,1.587,"Avenant n° 8 à la convention collective nationale du textile, agréé par arrêté du 25 novembre 2002",https://www.pist.tn/jort/2002/2002A/Ja0972002.pdf
salaire_base.agents_payes_a_l_heure.categorie_4_2.echelon_8,2003-05-01,1.652,"Avenant n° 8 à la convention collective nationale du textile, agréé par arrêté du 25 novembre 2002",https://www.pist.tn/jort/2002/2002A/Ja0972002.pdf
salaire_base.agents_payes_a_l_heure.categorie_4_2.echelon_8,2004-05-01,1.722,"Avenant n° 8 à la convention collective nationale du textile, agréé par arrêté du 25 novembre 2002",https://www.pist.tn/jort/2002/2002A/Ja0972002.pdf
salaire_base.agents_payes_a_l_heure.categorie_4_2.echelon_8,2005-06-15,1.785,"Avenant n° 9 à la convention collective sectorielle du textile, agréé par arrêté du 17 janvier 2006",https://www.pist.tn/jort/2006/2006A/Ja0072006.pdf
salaire_base.agents_payes_a_l_heure.categorie_4_2.echelon_8,2006-05-01,1.852,"Avenant n° 9 à la convention collective sectorielle du textile, agréé par arrêté du 17 janvier 2006",https://www.pist.tn/jort/2006/2006A/Ja0072006.pdf
salaire_base.agents_payes_a_l_heure.categorie_4_2.echelon_8,2007-05-01,1.919,"Avenant n° 9 à la convention collective sectorielle du textile, agréé par arrêté du 17 janvier 2006",https://www.pist.tn/jort/2006/2006A/Ja0072006.pdf
salaire_base.agents_payes_a_l_heure.categorie_4_2.echelon_8,2008-05-01,2.011,"Avenant n° 10 à la convention collective sectorielle du textile, agréé par arrêté du 17 février 2009",https://www.pist.tn/jort/2009/2009A/Ja0162009.pdf
salaire_base.agents_payes_a_l_heure.categorie_4_2.echelon_8,2009-05-01,2.097,"Avenant n° 10 à la convention collective sectorielle du textile, agréé par arrêté du 17 février 2009",https://www.pist.tn/jort/2009/2009A/Ja0162009.pdf
salaire_base.agents_payes_a_l_heure.categorie_4_2.echelon_8,2010-05-01,2.197,"Avenant n° 10 à la convention collective sectorielle du textile, agréé par arrêté du 17 février 2009",https://www.pist.tn/jort/2009/2009A/Ja0162009.pdf
salaire_base.agents_payes_a_l_heure.categorie_4_2.echelon_8,2011-05-01,2.296,"Avenant n° 11 à la convention collective sectorielle du textile, agréé par arrêté du 11 octobre 2011",https://www.pist.tn/jort/2011/2011A/Ja0782011.pdf
salaire_base.agents_payes_a_l_heure.categorie_4_2.echelon_8,2012-05-01,2.427,"Avenant n° 12 à la convention collective sectorielle du textile, agréé par arrêté du 19 février 2013",https://www.pist.tn/jort/2013/2013A/Ja0162013.pdf
salaire_base.agents_payes_a_l_heure.categorie_4_2.echelon_8,2014-05-01,2.566,"Avenant n° 13 à la convention collective sectorielle du textile, agréé par arrêté du 17 octobre 2014",https://www.pist.tn/jort/2014/2014A/Ja0902014.pdf
salaire_base.agents_payes_a_l_heure.categorie_4_2.echelon_8,2015-09-01,2.714,"Avenant n° 14 à la convention collective sectorielle du textile, agréé par arrêté du 8 avril 2016",https://www.pist.tn/jort/2016/2016A/Ja0302016.pdf
salaire_base.agents_payes_a_l_heure.categorie_4_2.echelon_8,2016-08-01,2.871,"Avenant n° 15 à la convention collective sectorielle du textile, agréé par arrêté du 14 août 2017",https://www.pist.tn/jort/2017/2017A/Ja0662017.pdf
salaire_base.agents_payes_a_l_heure.categorie_4_2.echelon_8,2018-01-01,3.037,"Avenant n° 15 à la convention collective sectorielle du textile, agréé par arrêté du 14 août 2017",https://www.pist.tn/jort/2017/2017A/Ja0662017.pdf
salaire_base.agents_payes_a_l_heure.categorie_4_2.echelon_8,2019-01-01,3.242,"Avenant n° 16 à la convention collective sectorielle du textile, agréé par arrêté du 21 janvier 2019",https://www.pist.tn/jort/2019/2019A/Ja0112019.pdf
salaire_base.agents_payes_a_l_heure.categorie_4_2.echelon_8,2020-01-01,3.462,"Avenant n° 16 à la convention collective sectorielle du textile, agréé par arrêté du 21 janvier 2019",https://www.pist.tn/jort/2019/2019A/Ja0112019.pdf
salaire_base.agents_payes_a_l_heure.categorie_4_2.echelon_8,2021-09-01,3.687,"Avenant n° 17 à la convention collective sectorielle du textile, agréé par arrêté du 23 juin 2022",https://www.pist.tn/jort/2022/2022A/Ja0712022.pdf
salaire_base.agents_payes_a_l_heure.categorie_4_2.echelon_8,2022-05-01,3.945,"Avenant n° 17 à la convention collective sectorielle du textile, agréé par arrêté du 23 juin 2022",https://www.pist.tn/jort/2022/2022A/Ja0712022.pdf
salaire_base.agents_payes_a_l_heure.categorie_4_2.echelon_8,2024-01-01,4.201,"Avenant n° 18 à la convention collective sectorielle du textile, agréé par arrêté du 8 avril 2024",https://www.pist.tn/jort/2024/2024A/Ja0492024.pdf
salaire_base.agents_payes_a_l_heure.categorie_4_2.echelon_8,2025-01-01,4.474,"Avenant n° 18 à la convention collective sectorielle du textile, agréé par arrêté du 8 avril 2024",https://www.pist.tn/jort/2024/2024A/Ja0492024.pdf
salaire_base.agents_payes_a_l_heure.categorie_4_2.echelon_8,2026-01-01,4.788,"Avenant n° 18 à la convention collective sectorielle du textile, agréé par arrêté du 8 avril 2024",https://www.pist.tn/jort/2024/2024A/Ja0492024.pdf
salaire_base.agents_payes_a_l_heure.categorie_4_2.echelon_9,1994-05-01,1.109,"Avenant n° 5 à la convention collective nationale du textile, agréé par arrêté du 22 septembre 1994",https://www.pist.tn/jort/1994/1994F/Jo07894.pdf
salaire_base.agents_payes_a_l_heure.categorie_4_2.echelon_9,1995-05-01,1.157,"Avenant n° 5 à la convention collective nationale du textile, agréé par arrêté du 22 septembre 1994",https://www.pist.tn/jort/1994/1994F/Jo07894.pdf
salaire_base.agents_payes_a_l_heure.categorie_4_2.echelon_9,1996-05-01,1.22,"Avenant n° 6 à la convention collective nationale du textile, agréé par arrêté du 24 juillet 1996",https://www.pist.tn/jort/1996/1996A/Ja06096.pdf
salaire_base.agents_payes_a_l_heure.categorie_4_2.echelon_9,1997-05-01,1.283,"Avenant n° 6 à la convention collective nationale du textile, agréé par arrêté du 24 juillet 1996",https://www.pist.tn/jort/1996/1996A/Ja06096.pdf
salaire_base.agents_payes_a_l_heure.categorie_4_2.echelon_9,1998-05-01,1.346,"Avenant n° 6 à la convention collective nationale du textile, agréé par arrêté du 24 juillet 1996",https://www.pist.tn/jort/1996/1996A/Ja06096.pdf
salaire_base.agents_payes_a_l_heure.categorie_4_2.echelon_9,1999-05-01,1.409,"Avenant n° 7 à la convention collective nationale du textile, agréé par arrêté du 9 juin 1999",https://www.pist.tn/jort/1999/1999A/Ja04899.pdf
salaire_base.agents_payes_a_l_heure.categorie_4_2.echelon_9,2000-05-01,1.472,"Avenant n° 7 à la convention collective nationale du textile, agréé par arrêté du 9 juin 1999",https://www.pist.tn/jort/1999/1999A/Ja04899.pdf
salaire_base.agents_payes_a_l_heure.categorie_4_2.echelon_9,2001-05-01,1.535,"Avenant n° 7 à la convention collective nationale du textile, agréé par arrêté du 9 juin 1999",https://www.pist.tn/jort/1999/1999A/Ja04899.pdf
salaire_base.agents_payes_a_l_heure.categorie_4_2.echelon_9,2002-05-01,1.598,"Avenant n° 8 à la convention collective nationale du textile, agréé par arrêté du 25 novembre 2002",https://www.pist.tn/jort/2002/2002A/Ja0972002.pdf
salaire_base.agents_payes_a_l_heure.categorie_4_2.echelon_9,2003-05-01,1.663,"Avenant n° 8 à la convention collective nationale du textile, agréé par arrêté du 25 novembre 2002",https://www.pist.tn/jort/2002/2002A/Ja0972002.pdf
salaire_base.agents_payes_a_l_heure.categorie_4_2.echelon_9,2004-05-01,1.733,"Avenant n° 8 à la convention collective nationale du textile, agréé par arrêté du 25 novembre 2002",https://www.pist.tn/jort/2002/2002A/Ja0972002.pdf
salaire_base.agents_payes_a_l_heure.categorie_4_2.echelon_9,2005-06-15,1.796,"Avenant n° 9 à la convention collective sectorielle du textile, agréé par arrêté du 17 janvier 2006",https://www.pist.tn/jort/2006/2006A/Ja0072006.pdf
salaire_base.agents_payes_a_l_heure.categorie_4_2.echelon_9,2006-05-01,1.863,"Avenant n° 9 à la convention collective sectorielle du textile, agréé par arrêté du 17 janvier 2006",https://www.pist.tn/jort/2006/2006A/Ja0072006.pdf
salaire_base.agents_payes_a_l_heure.categorie_4_2.echelon_9,2007-05-01,1.93,"Avenant n° 9 à la convention collective sectorielle du textile, agréé par arrêté du 17 janvier 2006",https://www.pist.tn/jort/2006/2006A/Ja0072006.pdf
salaire_base.agents_payes_a_l_heure.categorie_4_2.echelon_9,2008-05-01,2.021,"Avenant n° 10 à la convention collective sectorielle du textile, agréé par arrêté du 17 février 2009",https://www.pist.tn/jort/2009/2009A/Ja0162009.pdf
salaire_base.agents_payes_a_l_heure.categorie_4_2.echelon_9,2009-05-01,2.107,"Avenant n° 10 à la convention collective sectorielle du textile, agréé par arrêté du 17 février 2009",https://www.pist.tn/jort/2009/2009A/Ja0162009.pdf
salaire_base.agents_payes_a_l_heure.categorie_4_2.echelon_9,2010-05-01,2.207,"Avenant n° 10 à la convention collective sectorielle du textile, agréé par arrêté du 17 février 2009",https://www.pist.tn/jort/2009/2009A/Ja0162009.pdf
salaire_base.agents_payes_a_l_heure.categorie_4_2.echelon_9,2011-05-01,2.306,"Avenant n° 11 à la convention collective sectorielle du textile, agréé par arrêté du 11 octobre 2011",https://www.pist.tn/jort/2011/2011A/Ja0782011.pdf
salaire_base.agents_payes_a_l_heure.categorie_4_2.echelon_9,2012-05-01,2.437,"Avenant n° 12 à la convention collective sectorielle du textile, agréé par arrêté du 19 février 2013",https://www.pist.tn/jort/2013/2013A/Ja0162013.pdf
salaire_base.agents_payes_a_l_heure.categorie_4_2.echelon_9,2014-05-01,2.576,"Avenant n° 13 à la convention collective sectorielle du textile, agréé par arrêté du 17 octobre 2014",https://www.pist.tn/jort/2014/2014A/Ja0902014.pdf
salaire_base.agents_payes_a_l_heure.categorie_4_2.echelon_9,2015-09-01,2.724,"Avenant n° 14 à la convention collective sectorielle du textile, agréé par arrêté du 8 avril 2016",https://www.pist.tn/jort/2016/2016A/Ja0302016.pdf
salaire_base.agents_payes_a_l_heure.categorie_4_2.echelon_9,2016-08-01,2.881,"Avenant n° 15 à la convention collective sectorielle du textile, agréé par arrêté du 14 août 2017",https://www.pist.tn/jort/2017/2017A/Ja0662017.pdf
salaire_base.agents_payes_a_l_heure.categorie_4_2.echelon_9,2018-01-01,3.047,"Avenant n° 15 à la convention collective sectorielle du textile, agréé par arrêté du 14 août 2017",https://www.pist.tn/jort/2017/2017A/Ja0662017.pdf
salaire_base.agents_payes_a_l_heure.categorie_4_2.echelon_9,2019-01-01,3.252,"Avenant n° 16 à la convention collective sectorielle du textile, agréé par arrêté du 21 janvier 2019",https://www.pist.tn/jort/2019/2019A/Ja0112019.pdf
salaire_base.agents_payes_a_l_heure.categorie_4_2.echelon_9,2020-01-01,3.472,"Avenant n° 16 à la convention collective sectorielle du textile, agréé par arrêté du 21 janvier 2019",https://www.pist.tn/jort/2019/2019A/Ja0112019.pdf
salaire_base.agents_payes_a_l_heure.categorie_4_2.echelon_9,2021-09-01,3.697,"Avenant n° 17 à la convention collective sectorielle du textile, agréé par arrêté du 23 juin 2022",https://www.pist.tn/jort/2022/2022A/Ja0712022.pdf
salaire_base.agents_payes_a_l_heure.categorie_4_2.echelon_9,2022-05-01,3.956,"Avenant n° 17 à la convention collective sectorielle du textile, agréé par arrêté du 23 juin 2022",https://www.pist.tn/jort/2022/2022A/Ja0712022.pdf
salaire_base.agents_payes_a_l_heure.categorie_4_2.echelon_9,2024-01-01,4.213,"Avenant n° 18 à la convention collective sectorielle du textile, agréé par arrêté du 8 avril 2024",https://www.pist.tn/jort/2024/2024A/Ja0492024.pdf
salaire_base.agents_payes_a_l_heure.categorie_4_2.echelon_9,2025-01-01,4.487,"Avenant n° 18 à la convention collective sectorielle du textile, agréé par arrêté du 8 avril 2024",https://www.pist.tn/jort/2024/2024A/Ja0492024.pdf
salaire_base.agents_payes_a_l_heure.categorie_4_2.echelon_9,2026-01-01,4.801,"Avenant n° 18 à la convention collective sectorielle du textile, agréé par arrêté du 8 avril 2024",https://www.pist.tn/jort/2024/2024A/Ja0492024.pdf
salaire_base.agents_payes_a_l_heure.categorie_4_2.echelon_10,1994-05-01,1.119,"Avenant n° 5 à la convention collective nationale du textile, agréé par arrêté du 22 septembre 1994",https://www.pist.tn/jort/1994/1994F/Jo07894.pdf
salaire_base.agents_payes_a_l_heure.categorie_4_2.echelon_10,1995-05-01,1.167,"Avenant n° 5 à la convention collective nationale du textile, agréé par arrêté du 22 septembre 1994",https://www.pist.tn/jort/1994/1994F/Jo07894.pdf
salaire_base.agents_payes_a_l_heure.categorie_4_2.echelon_10,1996-05-01,1.23,"Avenant n° 6 à la convention collective nationale du textile, agréé par arrêté du 24 juillet 1996",https://www.pist.tn/jort/1996/1996A/Ja06096.pdf
salaire_base.agents_payes_a_l_heure.categorie_4_2.echelon_10,1997-05-01,1.293,"Avenant n° 6 à la convention collective nationale du textile, agréé par arrêté du 24 juillet 1996",https://www.pist.tn/jort/1996/1996A/Ja06096.pdf
salaire_base.agents_payes_a_l_heure.categorie_4_2.echelon_10,1998-05-01,1.356,"Avenant n° 6 à la convention collective nationale du textile, agréé par arrêté du 24 juillet 1996",https://www.pist.tn/jort/1996/1996A/Ja06096.pdf
salaire_base.agents_payes_a_l_heure.categorie_4_2.echelon_10,1999-05-01,1.419,"Avenant n° 7 à la convention collective nationale du textile, agréé par arrêté du 9 juin 1999",https://www.pist.tn/jort/1999/1999A/Ja04899.pdf
salaire_base.agents_payes_a_l_heure.categorie_4_2.echelon_10,2000-05-01,1.482,"Avenant n° 7 à la convention collective nationale du textile, agréé par arrêté du 9 juin 1999",https://www.pist.tn/jort/1999/1999A/Ja04899.pdf
salaire_base.agents_payes_a_l_heure.categorie_4_2.echelon_10,2001-05-01,1.545,"Avenant n° 7 à la convention collective nationale du textile, agréé par arrêté du 9 juin 1999",https://www.pist.tn/jort/1999/1999A/Ja04899.pdf
salaire_base.agents_payes_a_l_heure.categorie_4_2.echelon_10,2002-05-01,1.608,"Avenant n° 8 à la convention collective nationale du textile, agréé par arrêté du 25 novembre 2002",https://www.pist.tn/jort/2002/2002A/Ja0972002.pdf
salaire_base.agents_payes_a_l_heure.categorie_4_2.echelon_10,2003-05-01,1.673,"Avenant n° 8 à la convention collective nationale du textile, agréé par arrêté du 25 novembre 2002",https://www.pist.tn/jort/2002/2002A/Ja0972002.pdf
salaire_base.agents_payes_a_l_heure.categorie_4_2.echelon_10,2004-05-01,1.743,"Avenant n° 8 à la convention collective nationale du textile, agréé par arrêté du 25 novembre 2002",https://www.pist.tn/jort/2002/2002A/Ja0972002.pdf
salaire_base.agents_payes_a_l_heure.categorie_4_2.echelon_10,2005-06-15,1.806,"Avenant n° 9 à la convention collective sectorielle du textile, agréé par arrêté du 17 janvier 2006",https://www.pist.tn/jort/2006/2006A/Ja0072006.pdf
salaire_base.agents_payes_a_l_heure.categorie_4_2.echelon_10,2006-05-01,1.873,"Avenant n° 9 à la convention collective sectorielle du textile, agréé par arrêté du 17 janvier 2006",https://www.pist.tn/jort/2006/2006A/Ja0072006.pdf
salaire_base.agents_payes_a_l_heure.categorie_4_2.echelon_10,2007-05-01,1.94,"Avenant n° 9 à la convention collective sectorielle du textile, agréé par arrêté du 17 janvier 2006",https://www.pist.tn/jort/2006/2006A/Ja0072006.pdf
salaire_base.agents_payes_a_l_heure.categorie_4_2.echelon_10,2008-05-01,2.031,"Avenant n° 10 à la convention collective sectorielle du textile, agréé par arrêté du 17 février 2009",https://www.pist.tn/jort/2009/2009A/Ja0162009.pdf
salaire_base.agents_payes_a_l_heure.categorie_4_2.echelon_10,2009-05-01,2.117,"Avenant n° 10 à la convention collective sectorielle du textile, agréé par arrêté du 17 février 2009",https://www.pist.tn/jort/2009/2009A/Ja0162009.pdf
salaire_base.agents_payes_a_l_heure.categorie_4_2.echelon_10,2010-05-01,2.216,"Avenant n° 10 à la convention collective sectorielle du textile, agréé par arrêté du 17 février 2009",https://www.pist.tn/jort/2009/2009A/Ja0162009.pdf
salaire_base.agents_payes_a_l_heure.categorie_4_2.echelon_10,2011-05-01,2.315,"Avenant n° 11 à la convention collective sectorielle du textile, agréé par arrêté du 11 octobre 2011",https://www.pist.tn/jort/2011/2011A/Ja0782011.pdf
salaire_base.agents_payes_a_l_heure.categorie_4_2.echelon_10,2012-05-01,2.446,"Avenant n° 12 à la convention collective sectorielle du textile, agréé par arrêté du 19 février 2013",https://www.pist.tn/jort/2013/2013A/Ja0162013.pdf
salaire_base.agents_payes_a_l_heure.categorie_4_2.echelon_10,2014-05-01,2.585,"Avenant n° 13 à la convention collective sectorielle du textile, agréé par arrêté du 17 octobre 2014",https://www.pist.tn/jort/2014/2014A/Ja0902014.pdf
salaire_base.agents_payes_a_l_heure.categorie_4_2.echelon_10,2015-09-01,2.733,"Avenant n° 14 à la convention collective sectorielle du textile, agréé par arrêté du 8 avril 2016",https://www.pist.tn/jort/2016/2016A/Ja0302016.pdf
salaire_base.agents_payes_a_l_heure.categorie_4_2.echelon_10,2016-08-01,2.89,"Avenant n° 15 à la convention collective sectorielle du textile, agréé par arrêté du 14 août 2017",https://www.pist.tn/jort/2017/2017A/Ja0662017.pdf
salaire_base.agents_payes_a_l_heure.categorie_4_2.echelon_10,2018-01-01,3.056,"Avenant n° 15 à la convention collective sectorielle du textile, agréé par arrêté du 14 août 2017",https://www.pist.tn/jort/2017/2017A/Ja0662017.pdf
salaire_base.agents_payes_a_l_heure.categorie_4_2.echelon_10,2019-01-01,3.261,"Avenant n° 16 à la convention collective sectorielle du textile, agréé par arrêté du 21 janvier 2019",https://www.pist.tn/jort/2019/2019A/Ja0112019.pdf
salaire_base.agents_payes_a_l_heure.categorie_4_2.echelon_10,2020-01-01,3.481,"Avenant n° 16 à la convention collective sectorielle du textile, agréé par arrêté du 21 janvier 2019",https://www.pist.tn/jort/2019/2019A/Ja0112019.pdf
salaire_base.agents_payes_a_l_heure.categorie_4_2.echelon_10,2021-09-01,3.707,"Avenant n° 17 à la convention collective sectorielle du textile, agréé par arrêté du 23 juin 2022",https://www.pist.tn/jort/2022/2022A/Ja0712022.pdf
salaire_base.agents_payes_a_l_heure.categorie_4_2.echelon_10,2022-05-01,3.967,"Avenant n° 17 à la convention collective sectorielle du textile, agréé par arrêté du 23 juin 2022",https://www.pist.tn/jort/2022/2022A/Ja0712022.pdf
salaire_base.agents_payes_a_l_heure.categorie_4_2.echelon_10,2024-01-01,4.224,"Avenant n° 18 à la convention collective sectorielle du textile, agréé par arrêté du 8 avril 2024",https://www.pist.tn/jort/2024/2024A/Ja0492024.pdf
salaire_base.agents_payes_a_l_heure.categorie_4_2.echelon_10,2025-01-01,4.499,"Avenant n° 18 à la convention collective sectorielle du textile, agréé par arrêté du 8 avril 2024",https://www.pist.tn/jort/2024/2024A/Ja0492024.pdf
salaire_base.agents_payes_a_l_heure.categorie_4_2.echelon_10,2026-01-01,4.814,"Avenant n° 18 à la convention collective sectorielle du textile, agréé par arrêté du 8 avril 2024",https://www.pist.tn/jort/2024/2024A/Ja0492024.pdf
salaire_base.agents_payes_a_l_heure.categorie_4_2.echelon_11,1994-05-01,1.128,"Avenant n° 5 à la convention collective nationale du textile, agréé par arrêté du 22 septembre 1994",https://www.pist.tn/jort/1994/1994F/Jo07894.pdf
salaire_base.agents_payes_a_l_heure.categorie_4_2.echelon_11,1995-05-01,1.176,"Avenant n° 5 à la convention collective nationale du textile, agréé par arrêté du 22 septembre 1994",https://www.pist.tn/jort/1994/1994F/Jo07894.pdf
salaire_base.agents_payes_a_l_heure.categorie_4_2.echelon_11,1996-05-01,1.239,"Avenant n° 6 à la convention collective nationale du textile, agréé par arrêté du 24 juillet 1996",https://www.pist.tn/jort/1996/1996A/Ja06096.pdf
salaire_base.agents_payes_a_l_heure.categorie_4_2.echelon_11,1997-05-01,1.302,"Avenant n° 6 à la convention collective nationale du textile, agréé par arrêté du 24 juillet 1996",https://www.pist.tn/jort/1996/1996A/Ja06096.pdf
salaire_base.agents_payes_a_l_heure.categorie_4_2.echelon_11,1998-05-01,1.365,"Avenant n° 6 à la convention collective nationale du textile, agréé par arrêté du 24 juillet 1996",https://www.pist.tn/jort/1996/1996A/Ja06096.pdf
salaire_base.agents_payes_a_l_heure.categorie_4_2.echelon_11,1999-05-01,1.428,"Avenant n° 7 à la convention collective nationale du textile, agréé par arrêté du 9 juin 1999",https://www.pist.tn/jort/1999/1999A/Ja04899.pdf
salaire_base.agents_payes_a_l_heure.categorie_4_2.echelon_11,2000-05-01,1.491,"Avenant n° 7 à la convention collective nationale du textile, agréé par arrêté du 9 juin 1999",https://www.pist.tn/jort/1999/1999A/Ja04899.pdf
salaire_base.agents_payes_a_l_heure.categorie_4_2.echelon_11,2001-05-01,1.554,"Avenant n° 7 à la convention collective nationale du textile, agréé par arrêté du 9 juin 1999",https://www.pist.tn/jort/1999/1999A/Ja04899.pdf
salaire_base.agents_payes_a_l_heure.categorie_4_2.echelon_11,2002-05-01,1.617,"Avenant n° 8 à la convention collective nationale du textile, agréé par arrêté du 25 novembre 2002",https://www.pist.tn/jort/2002/2002A/Ja0972002.pdf
salaire_base.agents_payes_a_l_heure.categorie_4_2.echelon_11,2003-05-01,1.682,"Avenant n° 8 à la convention collective nationale du textile, agréé par arrêté du 25 novembre 2002",https://www.pist.tn/jort/2002/2002A/Ja0972002.pdf
salaire_base.agents_payes_a_l_heure.categorie_4_2.echelon_11,2004-05-01,1.752,"Avenant n° 8 à la convention collective nationale du textile, agréé par arrêté du 25 novembre 2002",https://www.pist.tn/jort/2002/2002A/Ja0972002.pdf
salaire_base.agents_payes_a_l_heure.categorie_4_2.echelon_11,2005-06-15,1.815,"Avenant n° 9 à la convention collective sectorielle du textile, agréé par arrêté du 17 janvier 2006",https://www.pist.tn/jort/2006/2006A/Ja0072006.pdf
salaire_base.agents_payes_a_l_heure.categorie_4_2.echelon_11,2006-05-01,1.882,"Avenant n° 9 à la convention collective sectorielle du textile, agréé par arrêté du 17 janvier 2006",https://www.pist.tn/jort/2006/2006A/Ja0072006.pdf
salaire_base.agents_payes_a_l_heure.categorie_4_2.echelon_11,2007-05-01,1.949,"Avenant n° 9 à la convention collective sectorielle du textile, agréé par arrêté du 17 janvier 2006",https://www.pist.tn/jort/2006/2006A/Ja0072006.pdf
salaire_base.agents_payes_a_l_heure.categorie_4_2.echelon_11,2008-05-01,2.04,"Avenant n° 10 à la convention collective sectorielle du textile, agréé par arrêté du 17 février 2009",https://www.pist.tn/jort/2009/2009A/Ja0162009.pdf
salaire_base.agents_payes_a_l_heure.categorie_4_2.echelon_11,2009-05-01,2.126,"Avenant n° 10 à la convention collective sectorielle du textile, agréé par arrêté du 17 février 2009",https://www.pist.tn/jort/2009/2009A/Ja0162009.pdf
salaire_base.agents_payes_a_l_heure.categorie_4_2.echelon_11,2010-05-01,2.226,"Avenant n° 10 à la convention collective sectorielle du textile, agréé par arrêté du 17 février 2009",https://www.pist.tn/jort/2009/2009A/Ja0162009.pdf
salaire_base.agents_payes_a_l_heure.categorie_4_2.echelon_11,2011-05-01,2.325,"Avenant n° 11 à la convention collective sectorielle du textile, agréé par arrêté du 11 octobre 2011",https://www.pist.tn/jort/2011/2011A/Ja0782011.pdf
salaire_base.agents_payes_a_l_heure.categorie_4_2.echelon_11,2012-05-01,2.456,"Avenant n° 12 à la convention collective sectorielle du textile, agréé par arrêté du 19 février 2013",https://www.pist.tn/jort/2013/2013A/Ja0162013.pdf
salaire_base.agents_payes_a_l_heure.categorie_4_2.echelon_11,2014-05-01,2.595,"Avenant n° 13 à la convention collective sectorielle du textile, agréé par arrêté du 17 octobre 2014",https://www.pist.tn/jort/2014/2014A/Ja0902014.pdf
salaire_base.agents_payes_a_l_heure.categorie_4_2.echelon_11,2015-09-01,2.743,"Avenant n° 14 à la convention collective sectorielle du textile, agréé par arrêté du 8 avril 2016",https://www.pist.tn/jort/2016/2016A/Ja0302016.pdf
salaire_base.agents_payes_a_l_heure.categorie_4_2.echelon_11,2016-08-01,2.9,"Avenant n° 15 à la convention collective sectorielle du textile, agréé par arrêté du 14 août 2017",https://www.pist.tn/jort/2017/2017A/Ja0662017.pdf
salaire_base.agents_payes_a_l_heure.categorie_4_2.echelon_11,2018-01-01,3.066,"Avenant n° 15 à la convention collective sectorielle du textile, agréé par arrêté du 14 août 2017",https://www.pist.tn/jort/2017/2017A/Ja0662017.pdf
salaire_base.agents_payes_a_l_heure.categorie_4_2.echelon_11,2019-01-01,3.271,"Avenant n° 16 à la convention collective sectorielle du textile, agréé par arrêté du 21 janvier 2019",https://www.pist.tn/jort/2019/2019A/Ja0112019.pdf
salaire_base.agents_payes_a_l_heure.categorie_4_2.echelon_11,2020-01-01,3.491,"Avenant n° 16 à la convention collective sectorielle du textile, agréé par arrêté du 21 janvier 2019",https://www.pist.tn/jort/2019/2019A/Ja0112019.pdf
salaire_base.agents_payes_a_l_heure.categorie_4_2.echelon_11,2021-09-01,3.718,"Avenant n° 17 à la convention collective sectorielle du textile, agréé par arrêté du 23 juin 2022",https://www.pist.tn/jort/2022/2022A/Ja0712022.pdf
salaire_base.agents_payes_a_l_heure.categorie_4_2.echelon_11,2022-05-01,3.978,"Avenant n° 17 à la convention collective sectorielle du textile, agréé par arrêté du 23 juin 2022",https://www.pist.tn/jort/2022/2022A/Ja0712022.pdf
salaire_base.agents_payes_a_l_heure.categorie_4_2.echelon_11,2024-01-01,4.236,"Avenant n° 18 à la convention collective sectorielle du textile, agréé par arrêté du 8 avril 2024",https://www.pist.tn/jort/2024/2024A/Ja0492024.pdf
salaire_base.agents_payes_a_l_heure.categorie_4_2.echelon_11,2025-01-01,4.512,"Avenant n° 18 à la convention collective sectorielle du textile, agréé par arrêté du 8 avril 2024",https://www.pist.tn/jort/2024/2024A/Ja0492024.pdf
salaire_base.agents_payes_a_l_heure.categorie_4_2.echelon_11,2026-01-01,4.828,"Avenant n° 18 à la convention collective sectorielle du textile, agréé par arrêté du 8 avril 2024",https://www.pist.tn/jort/2024/2024A/Ja0492024.pdf
salaire_base.agents_payes_a_l_heure.categorie_4_2.echelon_12,1994-05-01,1.138,"Avenant n° 5 à la convention collective nationale du textile, agréé par arrêté du 22 septembre 1994",https://www.pist.tn/jort/1994/1994F/Jo07894.pdf
salaire_base.agents_payes_a_l_heure.categorie_4_2.echelon_12,1995-05-01,1.186,"Avenant n° 5 à la convention collective nationale du textile, agréé par arrêté du 22 septembre 1994",https://www.pist.tn/jort/1994/1994F/Jo07894.pdf
salaire_base.agents_payes_a_l_heure.categorie_4_2.echelon_12,1996-05-01,1.249,"Avenant n° 6 à la convention collective nationale du textile, agréé par arrêté du 24 juillet 1996",https://www.pist.tn/jort/1996/1996A/Ja06096.pdf
salaire_base.agents_payes_a_l_heure.categorie_4_2.echelon_12,1997-05-01,1.312,"Avenant n° 6 à la convention collective nationale du textile, agréé par arrêté du 24 juillet 1996",https://www.pist.tn/jort/1996/1996A/Ja06096.pdf
salaire_base.agents_payes_a_l_heure.categorie_4_2.echelon_12,1998-05-01,1.375,"Avenant n° 6 à la convention collective nationale du textile, agréé par arrêté du 24 juillet 1996",https://www.pist.tn/jort/1996/1996A/Ja06096.pdf
salaire_base.agents_payes_a_l_heure.categorie_4_2.echelon_12,1999-05-01,1.438,"Avenant n° 7 à la convention collective nationale du textile, agréé par arrêté du 9 juin 1999",https://www.pist.tn/jort/1999/1999A/Ja04899.pdf
salaire_base.agents_payes_a_l_heure.categorie_4_2.echelon_12,2000-05-01,1.501,"Avenant n° 7 à la convention collective nationale du textile, agréé par arrêté du 9 juin 1999",https://www.pist.tn/jort/1999/1999A/Ja04899.pdf
salaire_base.agents_payes_a_l_heure.categorie_4_2.echelon_12,2001-05-01,1.564,"Avenant n° 7 à la convention collective nationale du textile, agréé par arrêté du 9 juin 1999",https://www.pist.tn/jort/1999/1999A/Ja04899.pdf
salaire_base.agents_payes_a_l_heure.categorie_4_2.echelon_12,2002-05-01,1.627,"Avenant n° 8 à la convention collective nationale du textile, agréé par arrêté du 25 novembre 2002",https://www.pist.tn/jort/2002/2002A/Ja0972002.pdf
salaire_base.agents_payes_a_l_heure.categorie_4_2.echelon_12,2003-05-01,1.692,"Avenant n° 8 à la convention collective nationale du textile, agréé par arrêté du 25 novembre 2002",https://www.pist.tn/jort/2002/2002A/Ja0972002.pdf
salaire_base.agents_payes_a_l_heure.categorie_4_2.echelon_12,2004-05-01,1.762,"Avenant n° 8 à la convention collective nationale du textile, agréé par arrêté du 25 novembre 2002",https://www.pist.tn/jort/2002/2002A/Ja0972002.pdf
salaire_base.agents_payes_a_l_heure.categorie_4_2.echelon_12,2005-06-15,1.825,"Avenant n° 9 à la convention collective sectorielle du textile, agréé par arrêté du 17 janvier 2006",https://www.pist.tn/jort/2006/2006A/Ja0072006.pdf
salaire_base.agents_payes_a_l_heure.categorie_4_2.echelon_12,2006-05-01,1.892,"Avenant n° 9 à la convention collective sectorielle du textile, agréé par arrêté du 17 janvier 2006",https://www.pist.tn/jort/2006/2006A/Ja0072006.pdf
salaire_base.agents_payes_a_l_heure.categorie_4_2.echelon_12,2007-05-01,1.959,"Avenant n° 9 à la convention collective sectorielle du textile, agréé par arrêté du 17 janvier 2006",https://www.pist.tn/jort/2006/2006A/Ja0072006.pdf
salaire_base.agents_payes_a_l_heure.categorie_4_2.echelon_12,2008-05-01,2.05,"Avenant n° 10 à la convention collective sectorielle du textile, agréé par arrêté du 17 février 2009",https://www.pist.tn/jort/2009/2009A/Ja0162009.pdf
salaire_base.agents_payes_a_l_heure.categorie_4_2.echelon_12,2009-05-01,2.136,"Avenant n° 10 à la convention collective sectorielle du textile, agréé par arrêté du 17 février 2009",https://www.pist.tn/jort/2009/2009A/Ja0162009.pdf
salaire_base.agents_payes_a_l_heure.categorie_4_2.echelon_12,2010-05-01,2.236,"Avenant n° 10 à la convention collective sectorielle du textile, agréé par arrêté du 17 février 2009",https://www.pist.tn/jort/2009/2009A/Ja0162009.pdf
salaire_base.agents_payes_a_l_heure.categorie_4_2.echelon_12,2011-05-01,2.335,"Avenant n° 11 à la convention collective sectorielle du textile, agréé par arrêté du 11 octobre 2011",https://www.pist.tn/jort/2011/2011A/Ja0782011.pdf
salaire_base.agents_payes_a_l_heure.categorie_4_2.echelon_12,2012-05-01,2.466,"Avenant n° 12 à la convention collective sectorielle du textile, agréé par arrêté du 19 février 2013",https://www.pist.tn/jort/2013/2013A/Ja0162013.pdf
salaire_base.agents_payes_a_l_heure.categorie_4_2.echelon_12,2014-05-01,2.605,"Avenant n° 13 à la convention collective sectorielle du textile, agréé par arrêté du 17 octobre 2014",https://www.pist.tn/jort/2014/2014A/Ja0902014.pdf
salaire_base.agents_payes_a_l_heure.categorie_4_2.echelon_12,2015-09-01,2.753,"Avenant n° 14 à la convention collective sectorielle du textile, agréé par arrêté du 8 avril 2016",https://www.pist.tn/jort/2016/2016A/Ja0302016.pdf
salaire_base.agents_payes_a_l_heure.categorie_4_2.echelon_12,2016-08-01,2.91,"Avenant n° 15 à la convention collective sectorielle du textile, agréé par arrêté du 14 août 2017",https://www.pist.tn/jort/2017/2017A/Ja0662017.pdf
salaire_base.agents_payes_a_l_heure.categorie_4_2.echelon_12,2018-01-01,3.076,"Avenant n° 15 à la convention collective sectorielle du textile, agréé par arrêté du 14 août 2017",https://www.pist.tn/jort/2017/2017A/Ja0662017.pdf
salaire_base.agents_payes_a_l_heure.categorie_4_2.echelon_12,2019-01-01,3.281,"Avenant n° 16 à la convention collective sectorielle du textile, agréé par arrêté du 21 janvier 2019",https://www.pist.tn/jort/2019/2019A/Ja0112019.pdf
salaire_base.agents_payes_a_l_heure.categorie_4_2.echelon_12,2020-01-01,3.501,"Avenant n° 16 à la convention collective sectorielle du textile, agréé par arrêté du 21 janvier 2019",https://www.pist.tn/jort/2019/2019A/Ja0112019.pdf
salaire_base.agents_payes_a_l_heure.categorie_4_2.echelon_12,2021-09-01,3.728,"Avenant n° 17 à la convention collective sectorielle du textile, agréé par arrêté du 23 juin 2022",https://www.pist.tn/jort/2022/2022A/Ja0712022.pdf
salaire_base.agents_payes_a_l_heure.categorie_4_2.echelon_12,2022-05-01,3.989,"Avenant n° 17 à la convention collective sectorielle du textile, agréé par arrêté du 23 juin 2022",https://www.pist.tn/jort/2022/2022A/Ja0712022.pdf
salaire_base.agents_payes_a_l_heure.categorie_4_2.echelon_12,2024-01-01,4.249,"Avenant n° 18 à la convention collective sectorielle du textile, agréé par arrêté du 8 avril 2024",https://www.pist.tn/jort/2024/2024A/Ja0492024.pdf
salaire_base.agents_payes_a_l_heure.categorie_4_2.echelon_12,2025-01-01,4.525,"Avenant n° 18 à la convention collective sectorielle du textile, agréé par arrêté du 8 avril 2024",https://www.pist.tn/jort/2024/2024A/Ja0492024.pdf
salaire_base.agents_payes_a_l_heure.categorie_4_2.echelon_12,2026-01-01,4.842,"Avenant n° 18 à la convention collective sectorielle du textile, agréé par arrêté du 8 avril 2024",https://www.pist.tn/jort/2024/2024A/Ja0492024.pdf
salaire_base.agents_payes_a_l_heure.categorie_4_2.echelon_13,1994-05-01,1.148,"Avenant n° 5 à la convention collective nationale du textile, agréé par arrêté du 22 septembre 1994",https://www.pist.tn/jort/1994/1994F/Jo07894.pdf
salaire_base.agents_payes_a_l_heure.categorie_4_2.echelon_13,1995-05-01,1.196,"Avenant n° 5 à la convention collective nationale du textile, agréé par arrêté du 22 septembre 1994",https://www.pist.tn/jort/1994/1994F/Jo07894.pdf
salaire_base.agents_payes_a_l_heure.categorie_4_2.echelon_13,1996-05-01,1.259,"Avenant n° 6 à la convention collective nationale du textile, agréé par arrêté du 24 juillet 1996",https://www.pist.tn/jort/1996/1996A/Ja06096.pdf
salaire_base.agents_payes_a_l_heure.categorie_4_2.echelon_13,1997-05-01,1.322,"Avenant n° 6 à la convention collective nationale du textile, agréé par arrêté du 24 juillet 1996",https://www.pist.tn/jort/1996/1996A/Ja06096.pdf
salaire_base.agents_payes_a_l_heure.categorie_4_2.echelon_13,1998-05-01,1.385,"Avenant n° 6 à la convention collective nationale du textile, agréé par arrêté du 24 juillet 1996",https://www.pist.tn/jort/1996/1996A/Ja06096.pdf
salaire_base.agents_payes_a_l_heure.categorie_4_2.echelon_13,1999-05-01,1.448,"Avenant n° 7 à la convention collective nationale du textile, agréé par arrêté du 9 juin 1999",https://www.pist.tn/jort/1999/1999A/Ja04899.pdf
salaire_base.agents_payes_a_l_heure.categorie_4_2.echelon_13,2000-05-01,1.511,"Avenant n° 7 à la convention collective nationale du textile, agréé par arrêté du 9 juin 1999",https://www.pist.tn/jort/1999/1999A/Ja04899.pdf
salaire_base.agents_payes_a_l_heure.categorie_4_2.echelon_13,2001-05-01,1.574,"Avenant n° 7 à la convention collective nationale du textile, agréé par arrêté du 9 juin 1999",https://www.pist.tn/jort/1999/1999A/Ja04899.pdf
salaire_base.agents_payes_a_l_heure.categorie_4_2.echelon_13,2002-05-01,1.637,"Avenant n° 8 à la convention collective nationale du textile, agréé par arrêté du 25 novembre 2002",https://www.pist.tn/jort/2002/2002A/Ja0972002.pdf
salaire_base.agents_payes_a_l_heure.categorie_4_2.echelon_13,2003-05-01,1.702,"Avenant n° 8 à la convention collective nationale du textile, agréé par arrêté du 25 novembre 2002",https://www.pist.tn/jort/2002/2002A/Ja0972002.pdf
salaire_base.agents_payes_a_l_heure.categorie_4_2.echelon_13,2004-05-01,1.772,"Avenant n° 8 à la convention collective nationale du textile, agréé par arrêté du 25 novembre 2002",https://www.pist.tn/jort/2002/2002A/Ja0972002.pdf
salaire_base.agents_payes_a_l_heure.categorie_4_2.echelon_13,2005-06-15,1.835,"Avenant n° 9 à la convention collective sectorielle du textile, agréé par arrêté du 17 janvier 2006",https://www.pist.tn/jort/2006/2006A/Ja0072006.pdf
salaire_base.agents_payes_a_l_heure.categorie_4_2.echelon_13,2006-05-01,1.902,"Avenant n° 9 à la convention collective sectorielle du textile, agréé par arrêté du 17 janvier 2006",https://www.pist.tn/jort/2006/2006A/Ja0072006.pdf
salaire_base.agents_payes_a_l_heure.categorie_4_2.echelon_13,2007-05-01,1.969,"Avenant n° 9 à la convention collective sectorielle du textile, agréé par arrêté du 17 janvier 2006",https://www.pist.tn/jort/2006/2006A/Ja0072006.pdf
salaire_base.agents_payes_a_l_heure.categorie_4_2.echelon_13,2008-05-01,2.06,"Avenant n° 10 à la convention collective sectorielle du textile, agréé par arrêté du 17 février 2009",https://www.pist.tn/jort/2009/2009A/Ja0162009.pdf
salaire_base.agents_payes_a_l_heure.categorie_4_2.echelon_13,2009-05-01,2.146,"Avenant n° 10 à la convention collective sectorielle du textile, agréé par arrêté du 17 février 2009",https://www.pist.tn/jort/2009/2009A/Ja0162009.pdf
salaire_base.agents_payes_a_l_heure.categorie_4_2.echelon_13,2010-05-01,2.245,"Avenant n° 10 à la convention collective sectorielle du textile, agréé par arrêté du 17 février 2009",https://www.pist.tn/jort/2009/2009A/Ja0162009.pdf
salaire_base.agents_payes_a_l_heure.categorie_4_2.echelon_13,2011-05-01,2.344,"Avenant n° 11 à la convention collective sectorielle du textile, agréé par arrêté du 11 octobre 2011",https://www.pist.tn/jort/2011/2011A/Ja0782011.pdf
salaire_base.agents_payes_a_l_heure.categorie_4_2.echelon_13,2012-05-01,2.475,"Avenant n° 12 à la convention collective sectorielle du textile, agréé par arrêté du 19 février 2013",https://www.pist.tn/jort/2013/2013A/Ja0162013.pdf
salaire_base.agents_payes_a_l_heure.categorie_4_2.echelon_13,2014-05-01,2.614,"Avenant n° 13 à la convention collective sectorielle du textile, agréé par arrêté du 17 octobre 2014",https://www.pist.tn/jort/2014/2014A/Ja0902014.pdf
salaire_base.agents_payes_a_l_heure.categorie_4_2.echelon_13,2015-09-01,2.762,"Avenant n° 14 à la convention collective sectorielle du textile, agréé par arrêté du 8 avril 2016",https://www.pist.tn/jort/2016/2016A/Ja0302016.pdf
salaire_base.agents_payes_a_l_heure.categorie_4_2.echelon_13,2016-08-01,2.919,"Avenant n° 15 à la convention collective sectorielle du textile, agréé par arrêté du 14 août 2017",https://www.pist.tn/jort/2017/2017A/Ja0662017.pdf
salaire_base.agents_payes_a_l_heure.categorie_4_2.echelon_13,2018-01-01,3.085,"Avenant n° 15 à la convention collective sectorielle du textile, agréé par arrêté du 14 août 2017",https://www.pist.tn/jort/2017/2017A/Ja0662017.pdf
salaire_base.agents_payes_a_l_heure.categorie_4_2.echelon_13,2019-01-01,3.29,"Avenant n° 16 à la convention collective sectorielle du textile, agréé par arrêté du 21 janvier 2019",https://www.pist.tn/jort/2019/2019A/Ja0112019.pdf
salaire_base.agents_payes_a_l_heure.categorie_4_2.echelon_13,2020-01-01,3.51,"Avenant n° 16 à la convention collective sectorielle du textile, agréé par arrêté du 21 janvier 2019",https://www.pist.tn/jort/2019/2019A/Ja0112019.pdf
salaire_base.agents_payes_a_l_heure.categorie_4_2.echelon_13,2021-09-01,3.738,"Avenant n° 17 à la convention collective sectorielle du textile, agréé par arrêté du 23 juin 2022",https://www.pist.tn/jort/2022/2022A/Ja0712022.pdf
salaire_base.agents_payes_a_l_heure.categorie_4_2.echelon_13,2022-05-01,4.0,"Avenant n° 17 à la convention collective sectorielle du textile, agréé par arrêté du 23 juin 2022",https://www.pist.tn/jort/2022/2022A/Ja0712022.pdf
salaire_base.agents_payes_a_l_heure.categorie_4_2.echelon_13,2024-01-01,4.26,"Avenant n° 18 à la convention collective sectorielle du textile, agréé par arrêté du 8 avril 2024",https://www.pist.tn/jort/2024/2024A/Ja0492024.pdf
salaire_base.agents_payes_a_l_heure.categorie_4_2.echelon_13,2025-01-01,4.536,"Avenant n° 18 à la convention collective sectorielle du textile, agréé par arrêté du 8 avril 2024",https://www.pist.tn/jort/2024/2024A/Ja0492024.pdf
salaire_base.agents_payes_a_l_heure.categorie_4_2.echelon_13,2026-01-01,4.854,"Avenant n° 18 à la convention collective sectorielle du textile, agréé par arrêté du 8 avril 2024",https://www.pist.tn/jort/2024/2024A/Ja0492024.pdf
salaire_base.agents_payes_a_l_heure.categorie_4_2.echelon_14,1994-05-01,1.157,"Avenant n° 5 à la convention collective nationale du textile, agréé par arrêté du 22 septembre 1994",https://www.pist.tn/jort/1994/1994F/Jo07894.pdf
salaire_base.agents_payes_a_l_heure.categorie_4_2.echelon_14,1995-05-01,1.205,"Avenant n° 5 à la convention collective nationale du textile, agréé par arrêté du 22 septembre 1994",https://www.pist.tn/jort/1994/1994F/Jo07894.pdf
salaire_base.agents_payes_a_l_heure.categorie_4_2.echelon_14,1996-05-01,1.268,"Avenant n° 6 à la convention collective nationale du textile, agréé par arrêté du 24 juillet 1996",https://www.pist.tn/jort/1996/1996A/Ja06096.pdf
salaire_base.agents_payes_a_l_heure.categorie_4_2.echelon_14,1997-05-01,1.331,"Avenant n° 6 à la convention collective nationale du textile, agréé par arrêté du 24 juillet 1996",https://www.pist.tn/jort/1996/1996A/Ja06096.pdf
salaire_base.agents_payes_a_l_heure.categorie_4_2.echelon_14,1998-05-01,1.394,"Avenant n° 6 à la convention collective nationale du textile, agréé par arrêté du 24 juillet 1996",https://www.pist.tn/jort/1996/1996A/Ja06096.pdf
salaire_base.agents_payes_a_l_heure.categorie_4_2.echelon_14,1999-05-01,1.457,"Avenant n° 7 à la convention collective nationale du textile, agréé par arrêté du 9 juin 1999",https://www.pist.tn/jort/1999/1999A/Ja04899.pdf
salaire_base.agents_payes_a_l_heure.categorie_4_2.echelon_14,2000-05-01,1.52,"Avenant n° 7 à la convention collective nationale du textile, agréé par arrêté du 9 juin 1999",https://www.pist.tn/jort/1999/1999A/Ja04899.pdf
salaire_base.agents_payes_a_l_heure.categorie_4_2.echelon_14,2001-05-01,1.583,"Avenant n° 7 à la convention collective nationale du textile, agréé par arrêté du 9 juin 1999",https://www.pist.tn/jort/1999/1999A/Ja04899.pdf
salaire_base.agents_payes_a_l_heure.categorie_4_2.echelon_14,2002-05-01,1.646,"Avenant n° 8 à la convention collective nationale du textile, agréé par arrêté du 25 novembre 2002",https://www.pist.tn/jort/2002/2002A/Ja0972002.pdf
salaire_base.agents_payes_a_l_heure.categorie_4_2.echelon_14,2003-05-01,1.711,"Avenant n° 8 à la convention collective nationale du textile, agréé par arrêté du 25 novembre 2002",https://www.pist.tn/jort/2002/2002A/Ja0972002.pdf
salaire_base.agents_payes_a_l_heure.categorie_4_2.echelon_14,2004-05-01,1.781,"Avenant n° 8 à la convention collective nationale du textile, agréé par arrêté du 25 novembre 2002",https://www.pist.tn/jort/2002/2002A/Ja0972002.pdf
salaire_base.agents_payes_a_l_heure.categorie_4_2.echelon_14,2005-06-15,1.844,"Avenant n° 9 à la convention collective sectorielle du textile, agréé par arrêté du 17 janvier 2006",https://www.pist.tn/jort/2006/2006A/Ja0072006.pdf
salaire_base.agents_payes_a_l_heure.categorie_4_2.echelon_14,2006-05-01,1.911,"Avenant n° 9 à la convention collective sectorielle du textile, agréé par arrêté du 17 janvier 2006",https://www.pist.tn/jort/2006/2006A/Ja0072006.pdf
salaire_base.agents_payes_a_l_heure.categorie_4_2.echelon_14,2007-05-01,1.978,"Avenant n° 9 à la convention collective sectorielle du textile, agréé par arrêté du 17 janvier 2006",https://www.pist.tn/jort/2006/2006A/Ja0072006.pdf
salaire_base.agents_payes_a_l_heure.categorie_4_2.echelon_14,2008-05-01,2.068,"Avenant n° 10 à la convention collective sectorielle du textile, agréé par arrêté du 17 février 2009",https://www.pist.tn/jort/2009/2009A/Ja0162009.pdf
salaire_base.agents_payes_a_l_heure.categorie_4_2.echelon_14,2009-05-01,2.154,"Avenant n° 10 à la convention collective sectorielle du textile, agréé par arrêté du 17 février 2009",https://www.pist.tn/jort/2009/2009A/Ja0162009.pdf
salaire_base.agents_payes_a_l_heure.categorie_4_2.echelon_14,2010-05-01,2.252,"Avenant n° 10 à la convention collective sectorielle du textile, agréé par arrêté du 17 février 2009",https://www.pist.tn/jort/2009/2009A/Ja0162009.pdf
salaire_base.agents_payes_a_l_heure.categorie_4_2.echelon_14,2011-05-01,2.351,"Avenant n° 11 à la convention collective sectorielle du textile, agréé par arrêté du 11 octobre 2011",https://www.pist.tn/jort/2011/2011A/Ja0782011.pdf
salaire_base.agents_payes_a_l_heure.categorie_4_2.echelon_14,2012-05-01,2.482,"Avenant n° 12 à la convention collective sectorielle du textile, agréé par arrêté du 19 février 2013",https://www.pist.tn/jort/2013/2013A/Ja0162013.pdf
salaire_base.agents_payes_a_l_heure.categorie_4_2.echelon_14,2014-05-01,2.621,"Avenant n° 13 à la convention collective sectorielle du textile, agréé par arrêté du 17 octobre 2014",https://www.pist.tn/jort/2014/2014A/Ja0902014.pdf
salaire_base.agents_payes_a_l_heure.categorie_4_2.echelon_14,2015-09-01,2.769,"Avenant n° 14 à la convention collective sectorielle du textile, agréé par arrêté du 8 avril 2016",https://www.pist.tn/jort/2016/2016A/Ja0302016.pdf
salaire_base.agents_payes_a_l_heure.categorie_4_2.echelon_14,2016-08-01,2.926,"Avenant n° 15 à la convention collective sectorielle du textile, agréé par arrêté du 14 août 2017",https://www.pist.tn/jort/2017/2017A/Ja0662017.pdf
salaire_base.agents_payes_a_l_heure.categorie_4_2.echelon_14,2018-01-01,3.092,"Avenant n° 15 à la convention collective sectorielle du textile, agréé par arrêté du 14 août 2017",https://www.pist.tn/jort/2017/2017A/Ja0662017.pdf
salaire_base.agents_payes_a_l_heure.categorie_4_2.echelon_14,2019-01-01,3.297,"Avenant n° 16 à la convention collective sectorielle du textile, agréé par arrêté du 21 janvier 2019",https://www.pist.tn/jort/2019/2019A/Ja0112019.pdf
salaire_base.agents_payes_a_l_heure.categorie_4_2.echelon_14,2020-01-01,3.517,"Avenant n° 16 à la convention collective sectorielle du textile, agréé par arrêté du 21 janvier 2019",https://www.pist.tn/jort/2019/2019A/Ja0112019.pdf
salaire_base.agents_payes_a_l_heure.categorie_4_2.echelon_14,2021-09-01,3.745,"Avenant n° 17 à la convention collective sectorielle du textile, agréé par arrêté du 23 juin 2022",https://www.pist.tn/jort/2022/2022A/Ja0712022.pdf
salaire_base.agents_payes_a_l_heure.categorie_4_2.echelon_14,2022-05-01,4.008,"Avenant n° 17 à la convention collective sectorielle du textile, agréé par arrêté du 23 juin 2022",https://www.pist.tn/jort/2022/2022A/Ja0712022.pdf
salaire_base.agents_payes_a_l_heure.categorie_4_2.echelon_14,2024-01-01,4.268,"Avenant n° 18 à la convention collective sectorielle du textile, agréé par arrêté du 8 avril 2024",https://www.pist.tn/jort/2024/2024A/Ja0492024.pdf
salaire_base.agents_payes_a_l_heure.categorie_4_2.echelon_14,2025-01-01,4.545,"Avenant n° 18 à la convention collective sectorielle du textile, agréé par arrêté du 8 avril 2024",https://www.pist.tn/jort/2024/2024A/Ja0492024.pdf
salaire_base.agents_payes_a_l_heure.categorie_4_2.echelon_14,2026-01-01,4.864,"Avenant n° 18 à la convention collective sectorielle du textile, agréé par arrêté du 8 avril 2024",https://www.pist.tn/jort/2024/2024A/Ja0492024.pdf
salaire_base.agents_payes_a_l_heure.categorie_4_2.echelon_15,1994-05-01,1.164,"Avenant n° 5 à la convention collective nationale du textile, agréé par arrêté du 22 septembre 1994",https://www.pist.tn/jort/1994/1994F/Jo07894.pdf
salaire_base.agents_payes_a_l_heure.categorie_4_2.echelon_15,1995-05-01,1.212,"Avenant n° 5 à la convention collective nationale du textile, agréé par arrêté du 22 septembre 1994",https://www.pist.tn/jort/1994/1994F/Jo07894.pdf
salaire_base.agents_payes_a_l_heure.categorie_4_2.echelon_15,1996-05-01,1.275,"Avenant n° 6 à la convention collective nationale du textile, agréé par arrêté du 24 juillet 1996",https://www.pist.tn/jort/1996/1996A/Ja06096.pdf
salaire_base.agents_payes_a_l_heure.categorie_4_2.echelon_15,1997-05-01,1.338,"Avenant n° 6 à la convention collective nationale du textile, agréé par arrêté du 24 juillet 1996",https://www.pist.tn/jort/1996/1996A/Ja06096.pdf
salaire_base.agents_payes_a_l_heure.categorie_4_2.echelon_15,1998-05-01,1.401,"Avenant n° 6 à la convention collective nationale du textile, agréé par arrêté du 24 juillet 1996",https://www.pist.tn/jort/1996/1996A/Ja06096.pdf
salaire_base.agents_payes_a_l_heure.categorie_4_2.echelon_15,1999-05-01,1.464,"Avenant n° 7 à la convention collective nationale du textile, agréé par arrêté du 9 juin 1999",https://www.pist.tn/jort/1999/1999A/Ja04899.pdf
salaire_base.agents_payes_a_l_heure.categorie_4_2.echelon_15,2000-05-01,1.527,"Avenant n° 7 à la convention collective nationale du textile, agréé par arrêté du 9 juin 1999",https://www.pist.tn/jort/1999/1999A/Ja04899.pdf
salaire_base.agents_payes_a_l_heure.categorie_4_2.echelon_15,2001-05-01,1.59,"Avenant n° 7 à la convention collective nationale du textile, agréé par arrêté du 9 juin 1999",https://www.pist.tn/jort/1999/1999A/Ja04899.pdf
salaire_base.agents_payes_a_l_heure.categorie_4_2.echelon_15,2002-05-01,1.653,"Avenant n° 8 à la convention collective nationale du textile, agréé par arrêté du 25 novembre 2002",https://www.pist.tn/jort/2002/2002A/Ja0972002.pdf
salaire_base.agents_payes_a_l_heure.categorie_4_2.echelon_15,2003-05-01,1.718,"Avenant n° 8 à la convention collective nationale du textile, agréé par arrêté du 25 novembre 2002",https://www.pist.tn/jort/2002/2002A/Ja0972002.pdf
salaire_base.agents_payes_a_l_heure.categorie_4_2.echelon_15,2004-05-01,1.788,"Avenant n° 8 à la convention collective nationale du textile, agréé par arrêté du 25 novembre 2002",https://www.pist.tn/jort/2002/2002A/Ja0972002.pdf
salaire_base.agents_payes_a_l_heure.categorie_4_2.echelon_15,2005-06-15,1.851,"Avenant n° 9 à la convention collective sectorielle du textile, agréé par arrêté du 17 janvier 2006",https://www.pist.tn/jort/2006/2006A/Ja0072006.pdf
salaire_base.agents_payes_a_l_heure.categorie_4_2.echelon_15,2006-05-01,1.918,"Avenant n° 9 à la convention collective sectorielle du textile, agréé par arrêté du 17 janvier 2006",https://www.pist.tn/jort/2006/2006A/Ja0072006.pdf
salaire_base.agents_payes_a_l_heure.categorie_4_2.echelon_15,2007-05-01,1.985,"Avenant n° 9 à la convention collective sectorielle du textile, agréé par arrêté du 17 janvier 2006",https://www.pist.tn/jort/2006/2006A/Ja0072006.pdf
salaire_base.agents_payes_a_l_heure.categorie_4_2.echelon_15,2008-05-01,2.078,"Avenant n° 10 à la convention collective sectorielle du textile, agréé par arrêté du 17 février 2009",https://www.pist.tn/jort/2009/2009A/Ja0162009.pdf
salaire_base.agents_payes_a_l_heure.categorie_4_2.echelon_15,2009-05-01,2.164,"Avenant n° 10 à la convention collective sectorielle du textile, agréé par arrêté du 17 février 2009",https://www.pist.tn/jort/2009/2009A/Ja0162009.pdf
salaire_base.agents_payes_a_l_heure.categorie_4_2.echelon_15,2010-05-01,2.265,"Avenant n° 10 à la convention collective sectorielle du textile, agréé par arrêté du 17 février 2009",https://www.pist.tn/jort/2009/2009A/Ja0162009.pdf
salaire_base.agents_payes_a_l_heure.categorie_4_2.echelon_15,2011-05-01,2.364,"Avenant n° 11 à la convention collective sectorielle du textile, agréé par arrêté du 11 octobre 2011",https://www.pist.tn/jort/2011/2011A/Ja0782011.pdf
salaire_base.agents_payes_a_l_heure.categorie_4_2.echelon_15,2012-05-01,2.495,"Avenant n° 12 à la convention collective sectorielle du textile, agréé par arrêté du 19 février 2013",https://www.pist.tn/jort/2013/2013A/Ja0162013.pdf
salaire_base.agents_payes_a_l_heure.categorie_4_2.echelon_15,2014-05-01,2.634,"Avenant n° 13 à la convention collective sectorielle du textile, agréé par arrêté du 17 octobre 2014",https://www.pist.tn/jort/2014/2014A/Ja0902014.pdf
salaire_base.agents_payes_a_l_heure.categorie_4_2.echelon_15,2015-09-01,2.782,"Avenant n° 14 à la convention collective sectorielle du textile, agréé par arrêté du 8 avril 2016",https://www.pist.tn/jort/2016/2016A/Ja0302016.pdf
salaire_base.agents_payes_a_l_heure.categorie_4_2.echelon_15,2016-08-01,2.939,"Avenant n° 15 à la convention collective sectorielle du textile, agréé par arrêté du 14 août 2017",https://www.pist.tn/jort/2017/2017A/Ja0662017.pdf
salaire_base.agents_payes_a_l_heure.categorie_4_2.echelon_15,2018-01-01,3.105,"Avenant n° 15 à la convention collective sectorielle du textile, agréé par arrêté du 14 août 2017",https://www.pist.tn/jort/2017/2017A/Ja0662017.pdf
salaire_base.agents_payes_a_l_heure.categorie_4_2.echelon_15,2019-01-01,3.31,"Avenant n° 16 à la convention collective sectorielle du textile, agréé par arrêté du 21 janvier 2019",https://www.pist.tn/jort/2019/2019A/Ja0112019.pdf
salaire_base.agents_payes_a_l_heure.categorie_4_2.echelon_15,2020-01-01,3.53,"Avenant n° 16 à la convention collective sectorielle du textile, agréé par arrêté du 21 janvier 2019",https://www.pist.tn/jort/2019/2019A/Ja0112019.pdf
salaire_base.agents_payes_a_l_heure.categorie_4_2.echelon_15,2021-09-01,3.759,"Avenant n° 17 à la convention collective sectorielle du textile, agréé par arrêté du 23 juin 2022",https://www.pist.tn/jort/2022/2022A/Ja0712022.pdf
salaire_base.agents_payes_a_l_heure.categorie_4_2.echelon_15,2022-05-01,4.022,"Avenant n° 17 à la convention collective sectorielle du textile, agréé par arrêté du 23 juin 2022",https://www.pist.tn/jort/2022/2022A/Ja0712022.pdf
salaire_base.agents_payes_a_l_heure.categorie_4_2.echelon_15,2024-01-01,4.284,"Avenant n° 18 à la convention collective sectorielle du textile, agréé par arrêté du 8 avril 2024",https://www.pist.tn/jort/2024/2024A/Ja0492024.pdf
salaire_base.agents_payes_a_l_heure.categorie_4_2.echelon_15,2025-01-01,4.562,"Avenant n° 18 à la convention collective sectorielle du textile, agréé par arrêté du 8 avril 2024",https://www.pist.tn/jort/2024/2024A/Ja0492024.pdf
salaire_base.agents_payes_a_l_heure.categorie_4_2.echelon_15,2026-01-01,4.882,"Avenant n° 18 à la convention collective sectorielle du textile, agréé par arrêté du 8 avril 2024",https://www.pist.tn/jort/2024/2024A/Ja0492024.pdf
salaire_base.agents_payes_a_l_heure.categorie_4_2.echelon_16,1994-05-01,1.177,"Avenant n° 5 à la convention collective nationale du textile, agréé par arrêté du 22 septembre 1994",https://www.pist.tn/jort/1994/1994F/Jo07894.pdf
salaire_base.agents_payes_a_l_heure.categorie_4_2.echelon_16,1995-05-01,1.225,"Avenant n° 5 à la convention collective nationale du textile, agréé par arrêté du 22 septembre 1994",https://www.pist.tn/jort/1994/1994F/Jo07894.pdf
salaire_base.agents_payes_a_l_heure.categorie_4_2.echelon_16,1996-05-01,1.288,"Avenant n° 6 à la convention collective nationale du textile, agréé par arrêté du 24 juillet 1996",https://www.pist.tn/jort/1996/1996A/Ja06096.pdf
salaire_base.agents_payes_a_l_heure.categorie_4_2.echelon_16,1997-05-01,1.351,"Avenant n° 6 à la convention collective nationale du textile, agréé par arrêté du 24 juillet 1996",https://www.pist.tn/jort/1996/1996A/Ja06096.pdf
salaire_base.agents_payes_a_l_heure.categorie_4_2.echelon_16,1998-05-01,1.414,"Avenant n° 6 à la convention collective nationale du textile, agréé par arrêté du 24 juillet 1996",https://www.pist.tn/jort/1996/1996A/Ja06096.pdf
salaire_base.agents_payes_a_l_heure.categorie_4_2.echelon_16,1999-05-01,1.477,"Avenant n° 7 à la convention collective nationale du textile, agréé par arrêté du 9 juin 1999",https://www.pist.tn/jort/1999/1999A/Ja04899.pdf
salaire_base.agents_payes_a_l_heure.categorie_4_2.echelon_16,2000-05-01,1.54,"Avenant n° 7 à la convention collective nationale du textile, agréé par arrêté du 9 juin 1999",https://www.pist.tn/jort/1999/1999A/Ja04899.pdf
salaire_base.agents_payes_a_l_heure.categorie_4_2.echelon_16,2001-05-01,1.603,"Avenant n° 7 à la convention collective nationale du textile, agréé par arrêté du 9 juin 1999",https://www.pist.tn/jort/1999/1999A/Ja04899.pdf
salaire_base.agents_payes_a_l_heure.categorie_4_2.echelon_16,2002-05-01,1.666,"Avenant n° 8 à la convention collective nationale du textile, agréé par arrêté du 25 novembre 2002",https://www.pist.tn/jort/2002/2002A/Ja0972002.pdf
salaire_base.agents_payes_a_l_heure.categorie_4_2.echelon_16,2003-05-01,1.731,"Avenant n° 8 à la convention collective nationale du textile, agréé par arrêté du 25 novembre 2002",https://www.pist.tn/jort/2002/2002A/Ja0972002.pdf
salaire_base.agents_payes_a_l_heure.categorie_4_2.echelon_16,2004-05-01,1.801,"Avenant n° 8 à la convention collective nationale du textile, agréé par arrêté du 25 novembre 2002",https://www.pist.tn/jort/2002/2002A/Ja0972002.pdf
salaire_base.agents_payes_a_l_heure.categorie_4_2.echelon_16,2005-06-15,1.864,"Avenant n° 9 à la convention collective sectorielle du textile, agréé par arrêté du 17 janvier 2006",https://www.pist.tn/jort/2006/2006A/Ja0072006.pdf
salaire_base.agents_payes_a_l_heure.categorie_4_2.echelon_16,2006-05-01,1.931,"Avenant n° 9 à la convention collective sectorielle du textile, agréé par arrêté du 17 janvier 2006",https://www.pist.tn/jort/2006/2006A/Ja0072006.pdf
salaire_base.agents_payes_a_l_heure.categorie_4_2.echelon_16,2007-05-01,1.998,"Avenant n° 9 à la convention collective sectorielle du textile, agréé par arrêté du 17 janvier 2006",https://www.pist.tn/jort/2006/2006A/Ja0072006.pdf
salaire_base.agents_payes_a_l_heure.categorie_4_2.echelon_16,2008-05-01,2.09,"Avenant n° 10 à la convention collective sectorielle du textile, agréé par arrêté du 17 février 2009",https://www.pist.tn/jort/2009/2009A/Ja0162009.pdf
salaire_base.agents_payes_a_l_heure.categorie_4_2.echelon_16,2009-05-01,2.176,"Avenant n° 10 à la convention collective sectorielle du textile, agréé par arrêté du 17 février 2009",https://www.pist.tn/jort/2009/2009A/Ja0162009.pdf
salaire_base.agents_payes_a_l_heure.categorie_4_2.echelon_16,2010-05-01,2.276,"Avenant n° 10 à la convention collective sectorielle du textile, agréé par arrêté du 17 février 2009",https://www.pist.tn/jort/2009/2009A/Ja0162009.pdf
salaire_base.agents_payes_a_l_heure.categorie_4_2.echelon_16,2011-05-01,2.375,"Avenant n° 11 à la convention collective sectorielle du textile, agréé par arrêté du 11 octobre 2011",https://www.pist.tn/jort/2011/2011A/Ja0782011.pdf
salaire_base.agents_payes_a_l_heure.categorie_4_2.echelon_16,2012-05-01,2.506,"Avenant n° 12 à la convention collective sectorielle du textile, agréé par arrêté du 19 février 2013",https://www.pist.tn/jort/2013/2013A/Ja0162013.pdf
salaire_base.agents_payes_a_l_heure.categorie_4_2.echelon_16,2014-05-01,2.645,"Avenant n° 13 à la convention collective sectorielle du textile, agréé par arrêté du 17 octobre 2014",https://www.pist.tn/jort/2014/2014A/Ja0902014.pdf
salaire_base.agents_payes_a_l_heure.categorie_4_2.echelon_16,2015-09-01,2.793,"Avenant n° 14 à la convention collective sectorielle du textile, agréé par arrêté du 8 avril 2016",https://www.pist.tn/jort/2016/2016A/Ja0302016.pdf
salaire_base.agents_payes_a_l_heure.categorie_4_2.echelon_16,2016-08-01,2.95,"Avenant n° 15 à la convention collective sectorielle du textile, agréé par arrêté du 14 août 2017",https://www.pist.tn/jort/2017/2017A/Ja0662017.pdf
salaire_base.agents_payes_a_l_heure.categorie_4_2.echelon_16,2018-01-01,3.116,"Avenant n° 15 à la convention collective sectorielle du textile, agréé par arrêté du 14 août 2017",https://www.pist.tn/jort/2017/2017A/Ja0662017.pdf
salaire_base.agents_payes_a_l_heure.categorie_4_2.echelon_16,2019-01-01,3.321,"Avenant n° 16 à la convention collective sectorielle du textile, agréé par arrêté du 21 janvier 2019",https://www.pist.tn/jort/2019/2019A/Ja0112019.pdf
salaire_base.agents_payes_a_l_heure.categorie_4_2.echelon_16,2020-01-01,3.541,"Avenant n° 16 à la convention collective sectorielle du textile, agréé par arrêté du 21 janvier 2019",https://www.pist.tn/jort/2019/2019A/Ja0112019.pdf
salaire_base.agents_payes_a_l_heure.categorie_4_2.echelon_16,2021-09-01,3.771,"Avenant n° 17 à la convention collective sectorielle du textile, agréé par arrêté du 23 juin 2022",https://www.pist.tn/jort/2022/2022A/Ja0712022.pdf
salaire_base.agents_payes_a_l_heure.categorie_4_2.echelon_16,2022-05-01,4.035,"Avenant n° 17 à la convention collective sectorielle du textile, agréé par arrêté du 23 juin 2022",https://www.pist.tn/jort/2022/2022A/Ja0712022.pdf
salaire_base.agents_payes_a_l_heure.categorie_4_2.echelon_16,2024-01-01,4.297,"Avenant n° 18 à la convention collective sectorielle du textile, agréé par arrêté du 8 avril 2024",https://www.pist.tn/jort/2024/2024A/Ja0492024.pdf
salaire_base.agents_payes_a_l_heure.categorie_4_2.echelon_16,2025-01-01,4.576,"Avenant n° 18 à la convention collective sectorielle du textile, agréé par arrêté du 8 avril 2024",https://www.pist.tn/jort/2024/2024A/Ja0492024.pdf
salaire_base.agents_payes_a_l_heure.categorie_4_2.echelon_16,2026-01-01,4.897,"Avenant n° 18 à la convention collective sectorielle du textile, agréé par arrêté du 8 avril 2024",https://www.pist.tn/jort/2024/2024A/Ja0492024.pdf
salaire_base.agents_payes_a_l_heure.categorie_4_2.echelon_17,1999-05-01,1.488,"Avenant n° 7 à la convention collective nationale du textile, agréé par arrêté du 9 juin 1999",https://www.pist.tn/jort/1999/1999A/Ja04899.pdf
salaire_base.agents_payes_a_l_heure.categorie_4_2.echelon_17,2000-05-01,1.551,"Avenant n° 7 à la convention collective nationale du textile, agréé par arrêté du 9 juin 1999",https://www.pist.tn/jort/1999/1999A/Ja04899.pdf
salaire_base.agents_payes_a_l_heure.categorie_4_2.echelon_17,2001-05-01,1.614,"Avenant n° 7 à la convention collective nationale du textile, agréé par arrêté du 9 juin 1999",https://www.pist.tn/jort/1999/1999A/Ja04899.pdf
salaire_base.agents_payes_a_l_heure.categorie_4_2.echelon_17,2002-05-01,1.677,"Avenant n° 8 à la convention collective nationale du textile, agréé par arrêté du 25 novembre 2002",https://www.pist.tn/jort/2002/2002A/Ja0972002.pdf
salaire_base.agents_payes_a_l_heure.categorie_4_2.echelon_17,2003-05-01,1.742,"Avenant n° 8 à la convention collective nationale du textile, agréé par arrêté du 25 novembre 2002",https://www.pist.tn/jort/2002/2002A/Ja0972002.pdf
salaire_base.agents_payes_a_l_heure.categorie_4_2.echelon_17,2004-05-01,1.812,"Avenant n° 8 à la convention collective nationale du textile, agréé par arrêté du 25 novembre 2002",https://www.pist.tn/jort/2002/2002A/Ja0972002.pdf
salaire_base.agents_payes_a_l_heure.categorie_4_2.echelon_17,2005-06-15,1.875,"Avenant n° 9 à la convention collective sectorielle du textile, agréé par arrêté du 17 janvier 2006",https://www.pist.tn/jort/2006/2006A/Ja0072006.pdf
salaire_base.agents_payes_a_l_heure.categorie_4_2.echelon_17,2006-05-01,1.942,"Avenant n° 9 à la convention collective sectorielle du textile, agréé par arrêté du 17 janvier 2006",https://www.pist.tn/jort/2006/2006A/Ja0072006.pdf
salaire_base.agents_payes_a_l_heure.categorie_4_2.echelon_17,2007-05-01,2.009,"Avenant n° 9 à la convention collective sectorielle du textile, agréé par arrêté du 17 janvier 2006",https://www.pist.tn/jort/2006/2006A/Ja0072006.pdf
salaire_base.agents_payes_a_l_heure.categorie_4_2.echelon_17,2008-05-01,2.101,"Avenant n° 10 à la convention collective sectorielle du textile, agréé par arrêté du 17 février 2009",https://www.pist.tn/jort/2009/2009A/Ja0162009.pdf
salaire_base.agents_payes_a_l_heure.categorie_4_2.echelon_17,2009-05-01,2.187,"Avenant n° 10 à la convention collective sectorielle du textile, agréé par arrêté du 17 février 2009",https://www.pist.tn/jort/2009/2009A/Ja0162009.pdf
salaire_base.agents_payes_a_l_heure.categorie_4_2.echelon_17,2010-05-01,2.287,"Avenant n° 10 à la convention collective sectorielle du textile, agréé par arrêté du 17 février 2009",https://www.pist.tn/jort/2009/2009A/Ja0162009.pdf
salaire_base.agents_payes_a_l_heure.categorie_4_2.echelon_17,2011-05-01,2.386,"Avenant n° 11 à la convention collective sectorielle du textile, agréé par arrêté du 11 octobre 2011",https://www.pist.tn/jort/2011/2011A/Ja0782011.pdf
salaire_base.agents_payes_a_l_heure.categorie_4_2.echelon_17,2012-05-01,2.517,"Avenant n° 12 à la convention collective sectorielle du textile, agréé par arrêté du 19 février 2013",https://www.pist.tn/jort/2013/2013A/Ja0162013.pdf
salaire_base.agents_payes_a_l_heure.categorie_4_2.echelon_17,2014-05-01,2.656,"Avenant n° 13 à la convention collective sectorielle du textile, agréé par arrêté du 17 octobre 2014",https://www.pist.tn/jort/2014/2014A/Ja0902014.pdf
salaire_base.agents_payes_a_l_heure.categorie_4_2.echelon_17,2015-09-01,2.804,"Avenant n° 14 à la convention collective sectorielle du textile, agréé par arrêté du 8 avril 2016",https://www.pist.tn/jort/2016/2016A/Ja0302016.pdf
salaire_base.agents_payes_a_l_heure.categorie_4_2.echelon_17,2016-08-01,2.961,"Avenant n° 15 à la convention collective sectorielle du textile, agréé par arrêté du 14 août 2017",https://www.pist.tn/jort/2017/2017A/Ja0662017.pdf
salaire_base.agents_payes_a_l_heure.categorie_4_2.echelon_17,2018-01-01,3.127,"Avenant n° 15 à la convention collective sectorielle du textile, agréé par arrêté du 14 août 2017",https://www.pist.tn/jort/2017/2017A/Ja0662017.pdf
salaire_base.agents_payes_a_l_heure.categorie_4_2.echelon_17,2019-01-01,3.332,"Avenant n° 16 à la convention collective sectorielle du textile, agréé par arrêté du 21 janvier 2019",https://www.pist.tn/jort/2019/2019A/Ja0112019.pdf
salaire_base.agents_payes_a_l_heure.categorie_4_2.echelon_17,2020-01-01,3.552,"Avenant n° 16 à la convention collective sectorielle du textile, agréé par arrêté du 21 janvier 2019",https://www.pist.tn/jort/2019/2019A/Ja0112019.pdf
salaire_base.agents_payes_a_l_heure.categorie_4_2.echelon_17,2021-09-01,3.783,"Avenant n° 17 à la convention collective sectorielle du textile, agréé par arrêté du 23 juin 2022",https://www.pist.tn/jort/2022/2022A/Ja0712022.pdf
salaire_base.agents_payes_a_l_heure.categorie_4_2.echelon_17,2022-05-01,4.047,"Avenant n° 17 à la convention collective sectorielle du textile, agréé par arrêté du 23 juin 2022",https://www.pist.tn/jort/2022/2022A/Ja0712022.pdf
salaire_base.agents_payes_a_l_heure.categorie_4_2.echelon_17,2024-01-01,4.311,"Avenant n° 18 à la convention collective sectorielle du textile, agréé par arrêté du 8 avril 2024",https://www.pist.tn/jort/2024/2024A/Ja0492024.pdf
salaire_base.agents_payes_a_l_heure.categorie_4_2.echelon_17,2025-01-01,4.591,"Avenant n° 18 à la convention collective sectorielle du textile, agréé par arrêté du 8 avril 2024",https://www.pist.tn/jort/2024/2024A/Ja0492024.pdf
salaire_base.agents_payes_a_l_heure.categorie_4_2.echelon_17,2026-01-01,4.912,"Avenant n° 18 à la convention collective sectorielle du textile, agréé par arrêté du 8 avril 2024",https://www.pist.tn/jort/2024/2024A/Ja0492024.pdf
salaire_base.agents_payes_a_l_heure.categorie_4_2.echelon_18,1999-05-01,1.499,"Avenant n° 7 à la convention collective nationale du textile, agréé par arrêté du 9 juin 1999",https://www.pist.tn/jort/1999/1999A/Ja04899.pdf
salaire_base.agents_payes_a_l_heure.categorie_4_2.echelon_18,2000-05-01,1.562,"Avenant n° 7 à la convention collective nationale du textile, agréé par arrêté du 9 juin 1999",https://www.pist.tn/jort/1999/1999A/Ja04899.pdf
salaire_base.agents_payes_a_l_heure.categorie_4_2.echelon_18,2001-05-01,1.625,"Avenant n° 7 à la convention collective nationale du textile, agréé par arrêté du 9 juin 1999",https://www.pist.tn/jort/1999/1999A/Ja04899.pdf
salaire_base.agents_payes_a_l_heure.categorie_4_2.echelon_18,2002-05-01,1.688,"Avenant n° 8 à la convention collective nationale du textile, agréé par arrêté du 25 novembre 2002",https://www.pist.tn/jort/2002/2002A/Ja0972002.pdf
salaire_base.agents_payes_a_l_heure.categorie_4_2.echelon_18,2003-05-01,1.753,"Avenant n° 8 à la convention collective nationale du textile, agréé par arrêté du 25 novembre 2002",https://www.pist.tn/jort/2002/2002A/Ja0972002.pdf
salaire_base.agents_payes_a_l_heure.categorie_4_2.echelon_18,2004-05-01,1.823,"Avenant n° 8 à la convention collective nationale du textile, agréé par arrêté du 25 novembre 2002",https://www.pist.tn/jort/2002/2002A/Ja0972002.pdf
salaire_base.agents_payes_a_l_heure.categorie_4_2.echelon_18,2005-06-15,1.886,"Avenant n° 9 à la convention collective sectorielle du textile, agréé par arrêté du 17 janvier 2006",https://www.pist.tn/jort/2006/2006A/Ja0072006.pdf
salaire_base.agents_payes_a_l_heure.categorie_4_2.echelon_18,2006-05-01,1.953,"Avenant n° 9 à la convention collective sectorielle du textile, agréé par arrêté du 17 janvier 2006",https://www.pist.tn/jort/2006/2006A/Ja0072006.pdf
salaire_base.agents_payes_a_l_heure.categorie_4_2.echelon_18,2007-05-01,2.02,"Avenant n° 9 à la convention collective sectorielle du textile, agréé par arrêté du 17 janvier 2006",https://www.pist.tn/jort/2006/2006A/Ja0072006.pdf
salaire_base.agents_payes_a_l_heure.categorie_4_2.echelon_18,2008-05-01,2.112,"Avenant n° 10 à la convention collective sectorielle du textile, agréé par arrêté du 17 février 2009",https://www.pist.tn/jort/2009/2009A/Ja0162009.pdf
salaire_base.agents_payes_a_l_heure.categorie_4_2.echelon_18,2009-05-01,2.198,"Avenant n° 10 à la convention collective sectorielle du textile, agréé par arrêté du 17 février 2009",https://www.pist.tn/jort/2009/2009A/Ja0162009.pdf
salaire_base.agents_payes_a_l_heure.categorie_4_2.echelon_18,2010-05-01,2.298,"Avenant n° 10 à la convention collective sectorielle du textile, agréé par arrêté du 17 février 2009",https://www.pist.tn/jort/2009/2009A/Ja0162009.pdf
salaire_base.agents_payes_a_l_heure.categorie_4_2.echelon_18,2011-05-01,2.397,"Avenant n° 11 à la convention collective sectorielle du textile, agréé par arrêté du 11 octobre 2011",https://www.pist.tn/jort/2011/2011A/Ja0782011.pdf
salaire_base.agents_payes_a_l_heure.categorie_4_2.echelon_18,2012-05-01,2.528,"Avenant n° 12 à la convention collective sectorielle du textile, agréé par arrêté du 19 février 2013",https://www.pist.tn/jort/2013/2013A/Ja0162013.pdf
salaire_base.agents_payes_a_l_heure.categorie_4_2.echelon_18,2014-05-01,2.667,"Avenant n° 13 à la convention collective sectorielle du textile, agréé par arrêté du 17 octobre 2014",https://www.pist.tn/jort/2014/2014A/Ja0902014.pdf
salaire_base.agents_payes_a_l_heure.categorie_4_2.echelon_18,2015-09-01,2.815,"Avenant n° 14 à la convention collective sectorielle du textile, agréé par arrêté du 8 avril 2016",https://www.pist.tn/jort/2016/2016A/Ja0302016.pdf
salaire_base.agents_payes_a_l_heure.categorie_4_2.echelon_18,2016-08-01,2.972,"Avenant n° 15 à la convention collective sectorielle du textile, agréé par arrêté du 14 août 2017",https://www.pist.tn/jort/2017/2017A/Ja0662017.pdf
salaire_base.agents_payes_a_l_heure.categorie_4_2.echelon_18,2018-01-01,3.138,"Avenant n° 15 à la convention collective sectorielle du textile, agréé par arrêté du 14 août 2017",https://www.pist.tn/jort/2017/2017A/Ja0662017.pdf
salaire_base.agents_payes_a_l_heure.categorie_4_2.echelon_18,2019-01-01,3.343,"Avenant n° 16 à la convention collective sectorielle du textile, agréé par arrêté du 21 janvier 2019",https://www.pist.tn/jort/2019/2019A/Ja0112019.pdf
salaire_base.agents_payes_a_l_heure.categorie_4_2.echelon_18,2020-01-01,3.563,"Avenant n° 16 à la convention collective sectorielle du textile, agréé par arrêté du 21 janvier 2019",https://www.pist.tn/jort/2019/2019A/Ja0112019.pdf
salaire_base.agents_payes_a_l_heure.categorie_4_2.echelon_18,2021-09-01,3.794,"Avenant n° 17 à la convention collective sectorielle du textile, agréé par arrêté du 23 juin 2022",https://www.pist.tn/jort/2022/2022A/Ja0712022.pdf
salaire_base.agents_payes_a_l_heure.categorie_4_2.echelon_18,2022-05-01,4.06,"Avenant n° 17 à la convention collective sectorielle du textile, agréé par arrêté du 23 juin 2022",https://www.pist.tn/jort/2022/2022A/Ja0712022.pdf
salaire_base.agents_payes_a_l_heure.categorie_4_2.echelon_18,2024-01-01,4.324,"Avenant n° 18 à la convention collective sectorielle du textile, agréé par arrêté du 8 avril 2024",https://www.pist.tn/jort/2024/2024A/Ja0492024.pdf
salaire_base.agents_payes_a_l_heure.categorie_4_2.echelon_18,2025-01-01,4.605,"Avenant n° 18 à la convention collective sectorielle du textile, agréé par arrêté du 8 avril 2024",https://www.pist.tn/jort/2024/2024A/Ja0492024.pdf
salaire_base.agents_payes_a_l_heure.categorie_4_2.echelon_18,2026-01-01,4.927,"Avenant n° 18 à la convention collective sectorielle du textile, agréé par arrêté du 8 avril 2024",https://www.pist.tn/jort/2024/2024A/Ja0492024.pdf
salaire_base.agents_payes_a_l_heure.categorie_4_2.echelon_19,1999-05-01,1.51,"Avenant n° 7 à la convention collective nationale du textile, agréé par arrêté du 9 juin 1999",https://www.pist.tn/jort/1999/1999A/Ja04899.pdf
salaire_base.agents_payes_a_l_heure.categorie_4_2.echelon_19,2000-05-01,1.573,"Avenant n° 7 à la convention collective nationale du textile, agréé par arrêté du 9 juin 1999",https://www.pist.tn/jort/1999/1999A/Ja04899.pdf
salaire_base.agents_payes_a_l_heure.categorie_4_2.echelon_19,2001-05-01,1.636,"Avenant n° 7 à la convention collective nationale du textile, agréé par arrêté du 9 juin 1999",https://www.pist.tn/jort/1999/1999A/Ja04899.pdf
salaire_base.agents_payes_a_l_heure.categorie_4_2.echelon_19,2002-05-01,1.699,"Avenant n° 8 à la convention collective nationale du textile, agréé par arrêté du 25 novembre 2002",https://www.pist.tn/jort/2002/2002A/Ja0972002.pdf
salaire_base.agents_payes_a_l_heure.categorie_4_2.echelon_19,2003-05-01,1.764,"Avenant n° 8 à la convention collective nationale du textile, agréé par arrêté du 25 novembre 2002",https://www.pist.tn/jort/2002/2002A/Ja0972002.pdf
salaire_base.agents_payes_a_l_heure.categorie_4_2.echelon_19,2004-05-01,1.834,"Avenant n° 8 à la convention collective nationale du textile, agréé par arrêté du 25 novembre 2002",https://www.pist.tn/jort/2002/2002A/Ja0972002.pdf
salaire_base.agents_payes_a_l_heure.categorie_4_2.echelon_19,2005-06-15,1.897,"Avenant n° 9 à la convention collective sectorielle du textile, agréé par arrêté du 17 janvier 2006",https://www.pist.tn/jort/2006/2006A/Ja0072006.pdf
salaire_base.agents_payes_a_l_heure.categorie_4_2.echelon_19,2006-05-01,1.964,"Avenant n° 9 à la convention collective sectorielle du textile, agréé par arrêté du 17 janvier 2006",https://www.pist.tn/jort/2006/2006A/Ja0072006.pdf
salaire_base.agents_payes_a_l_heure.categorie_4_2.echelon_19,2007-05-01,2.031,"Avenant n° 9 à la convention collective sectorielle du textile, agréé par arrêté du 17 janvier 2006",https://www.pist.tn/jort/2006/2006A/Ja0072006.pdf
salaire_base.agents_payes_a_l_heure.categorie_4_2.echelon_19,2008-05-01,2.123,"Avenant n° 10 à la convention collective sectorielle du textile, agréé par arrêté du 17 février 2009",https://www.pist.tn/jort/2009/2009A/Ja0162009.pdf
salaire_base.agents_payes_a_l_heure.categorie_4_2.echelon_19,2009-05-01,2.209,"Avenant n° 10 à la convention collective sectorielle du textile, agréé par arrêté du 17 février 2009",https://www.pist.tn/jort/2009/2009A/Ja0162009.pdf
salaire_base.agents_payes_a_l_heure.categorie_4_2.echelon_19,2010-05-01,2.309,"Avenant n° 10 à la convention collective sectorielle du textile, agréé par arrêté du 17 février 2009",https://www.pist.tn/jort/2009/2009A/Ja0162009.pdf
salaire_base.agents_payes_a_l_heure.categorie_4_2.echelon_19,2011-05-01,2.408,"Avenant n° 11 à la convention collective sectorielle du textile, agréé par arrêté du 11 octobre 2011",https://www.pist.tn/jort/2011/2011A/Ja0782011.pdf
salaire_base.agents_payes_a_l_heure.categorie_4_2.echelon_19,2012-05-01,2.539,"Avenant n° 12 à la convention collective sectorielle du textile, agréé par arrêté du 19 février 2013",https://www.pist.tn/jort/2013/2013A/Ja0162013.pdf
salaire_base.agents_payes_a_l_heure.categorie_4_2.echelon_19,2014-05-01,2.678,"Avenant n° 13 à la convention collective sectorielle du textile, agréé par arrêté du 17 octobre 2014",https://www.pist.tn/jort/2014/2014A/Ja0902014.pdf
salaire_base.agents_payes_a_l_heure.categorie_4_2.echelon_19,2015-09-01,2.826,"Avenant n° 14 à la convention collective sectorielle du textile, agréé par arrêté du 8 avril 2016",https://www.pist.tn/jort/2016/2016A/Ja0302016.pdf
salaire_base.agents_payes_a_l_heure.categorie_4_2.echelon_19,2016-08-01,2.983,"Avenant n° 15 à la convention collective sectorielle du textile, agréé par arrêté du 14 août 2017",https://www.pist.tn/jort/2017/2017A/Ja0662017.pdf
salaire_base.agents_payes_a_l_heure.categorie_4_2.echelon_19,2018-01-01,3.149,"Avenant n° 15 à la convention collective sectorielle du textile, agréé par arrêté du 14 août 2017",https://www.pist.tn/jort/2017/2017A/Ja0662017.pdf
salaire_base.agents_payes_a_l_heure.categorie_4_2.echelon_19,2019-01-01,3.354,"Avenant n° 16 à la convention collective sectorielle du textile, agréé par arrêté du 21 janvier 2019",https://www.pist.tn/jort/2019/2019A/Ja0112019.pdf
salaire_base.agents_payes_a_l_heure.categorie_4_2.echelon_19,2020-01-01,3.574,"Avenant n° 16 à la convention collective sectorielle du textile, agréé par arrêté du 21 janvier 2019",https://www.pist.tn/jort/2019/2019A/Ja0112019.pdf
salaire_base.agents_payes_a_l_heure.categorie_4_2.echelon_19,2021-09-01,3.806,"Avenant n° 17 à la convention collective sectorielle du textile, agréé par arrêté du 23 juin 2022",https://www.pist.tn/jort/2022/2022A/Ja0712022.pdf
salaire_base.agents_payes_a_l_heure.categorie_4_2.echelon_19,2022-05-01,4.073,"Avenant n° 17 à la convention collective sectorielle du textile, agréé par arrêté du 23 juin 2022",https://www.pist.tn/jort/2022/2022A/Ja0712022.pdf
salaire_base.agents_payes_a_l_heure.categorie_4_2.echelon_19,2024-01-01,4.337,"Avenant n° 18 à la convention collective sectorielle du textile, agréé par arrêté du 8 avril 2024",https://www.pist.tn/jort/2024/2024A/Ja0492024.pdf
salaire_base.agents_payes_a_l_heure.categorie_4_2.echelon_19,2025-01-01,4.619,"Avenant n° 18 à la convention collective sectorielle du textile, agréé par arrêté du 8 avril 2024",https://www.pist.tn/jort/2024/2024A/Ja0492024.pdf
salaire_base.agents_payes_a_l_heure.categorie_4_2.echelon_19,2026-01-01,4.942,"Avenant n° 18 à la convention collective sectorielle du textile, agréé par arrêté du 8 avril 2024",https://www.pist.tn/jort/2024/2024A/Ja0492024.pdf
salaire_base.agents_payes_a_l_heure.categorie_4_2.echelon_20,1999-05-01,1.521,"Avenant n° 7 à la convention collective nationale du textile, agréé par arrêté du 9 juin 1999",https://www.pist.tn/jort/1999/1999A/Ja04899.pdf
salaire_base.agents_payes_a_l_heure.categorie_4_2.echelon_20,2000-05-01,1.584,"Avenant n° 7 à la convention collective nationale du textile, agréé par arrêté du 9 juin 1999",https://www.pist.tn/jort/1999/1999A/Ja04899.pdf
salaire_base.agents_payes_a_l_heure.categorie_4_2.echelon_20,2001-05-01,1.647,"Avenant n° 7 à la convention collective nationale du textile, agréé par arrêté du 9 juin 1999",https://www.pist.tn/jort/1999/1999A/Ja04899.pdf
salaire_base.agents_payes_a_l_heure.categorie_4_2.echelon_20,2002-05-01,1.71,"Avenant n° 8 à la convention collective nationale du textile, agréé par arrêté du 25 novembre 2002",https://www.pist.tn/jort/2002/2002A/Ja0972002.pdf
salaire_base.agents_payes_a_l_heure.categorie_4_2.echelon_20,2003-05-01,1.775,"Avenant n° 8 à la convention collective nationale du textile, agréé par arrêté du 25 novembre 2002",https://www.pist.tn/jort/2002/2002A/Ja0972002.pdf
salaire_base.agents_payes_a_l_heure.categorie_4_2.echelon_20,2004-05-01,1.845,"Avenant n° 8 à la convention collective nationale du textile, agréé par arrêté du 25 novembre 2002",https://www.pist.tn/jort/2002/2002A/Ja0972002.pdf
salaire_base.agents_payes_a_l_heure.categorie_4_2.echelon_20,2005-06-15,1.908,"Avenant n° 9 à la convention collective sectorielle du textile, agréé par arrêté du 17 janvier 2006",https://www.pist.tn/jort/2006/2006A/Ja0072006.pdf
salaire_base.agents_payes_a_l_heure.categorie_4_2.echelon_20,2006-05-01,1.975,"Avenant n° 9 à la convention collective sectorielle du textile, agréé par arrêté du 17 janvier 2006",https://www.pist.tn/jort/2006/2006A/Ja0072006.pdf
salaire_base.agents_payes_a_l_heure.categorie_4_2.echelon_20,2007-05-01,2.042,"Avenant n° 9 à la convention collective sectorielle du textile, agréé par arrêté du 17 janvier 2006",https://www.pist.tn/jort/2006/2006A/Ja0072006.pdf
salaire_base.agents_payes_a_l_heure.categorie_4_2.echelon_20,2008-05-01,2.134,"Avenant n° 10 à la convention collective sectorielle du textile, agréé par arrêté du 17 février 2009",https://www.pist.tn/jort/2009/2009A/Ja0162009.pdf
salaire_base.agents_payes_a_l_heure.categorie_4_2.echelon_20,2009-05-01,2.22,"Avenant n° 10 à la convention collective sectorielle du textile, agréé par arrêté du 17 février 2009",https://www.pist.tn/jort/2009/2009A/Ja0162009.pdf
salaire_base.agents_payes_a_l_heure.categorie_4_2.echelon_20,2010-05-01,2.32,"Avenant n° 10 à la convention collective sectorielle du textile, agréé par arrêté du 17 février 2009",https://www.pist.tn/jort/2009/2009A/Ja0162009.pdf
salaire_base.agents_payes_a_l_heure.categorie_4_2.echelon_20,2011-05-01,2.419,"Avenant n° 11 à la convention collective sectorielle du textile, agréé par arrêté du 11 octobre 2011",https://www.pist.tn/jort/2011/2011A/Ja0782011.pdf
salaire_base.agents_payes_a_l_heure.categorie_4_2.echelon_20,2012-05-01,2.55,"Avenant n° 12 à la convention collective sectorielle du textile, agréé par arrêté du 19 février 2013",https://www.pist.tn/jort/2013/2013A/Ja0162013.pdf
salaire_base.agents_payes_a_l_heure.categorie_4_2.echelon_20,2014-05-01,2.689,"Avenant n° 13 à la convention collective sectorielle du textile, agréé par arrêté du 17 octobre 2014",https://www.pist.tn/jort/2014/2014A/Ja0902014.pdf
salaire_base.agents_payes_a_l_heure.categorie_4_2.echelon_20,2015-09-01,2.837,"Avenant n° 14 à la convention collective sectorielle du textile, agréé par arrêté du 8 avril 2016",https://www.pist.tn/jort/2016/2016A/Ja0302016.pdf
salaire_base.agents_payes_a_l_heure.categorie_4_2.echelon_20,2016-08-01,2.994,"Avenant n° 15 à la convention collective sectorielle du textile, agréé par arrêté du 14 août 2017",https://www.pist.tn/jort/2017/2017A/Ja0662017.pdf
salaire_base.agents_payes_a_l_heure.categorie_4_2.echelon_20,2018-01-01,3.16,"Avenant n° 15 à la convention collective sectorielle du textile, agréé par arrêté du 14 août 2017",https://www.pist.tn/jort/2017/2017A/Ja0662017.pdf
salaire_base.agents_payes_a_l_heure.categorie_4_2.echelon_20,2019-01-01,3.365,"Avenant n° 16 à la convention collective sectorielle du textile, agréé par arrêté du 21 janvier 2019",https://www.pist.tn/jort/2019/2019A/Ja0112019.pdf
salaire_base.agents_payes_a_l_heure.categorie_4_2.echelon_20,2020-01-01,3.585,"Avenant n° 16 à la convention collective sectorielle du textile, agréé par arrêté du 21 janvier 2019",https://www.pist.tn/jort/2019/2019A/Ja0112019.pdf
salaire_base.agents_payes_a_l_heure.categorie_4_2.echelon_20,2021-09-01,3.818,"Avenant n° 17 à la convention collective sectorielle du textile, agréé par arrêté du 23 juin 2022",https://www.pist.tn/jort/2022/2022A/Ja0712022.pdf
salaire_base.agents_payes_a_l_heure.categorie_4_2.echelon_20,2022-05-01,4.085,"Avenant n° 17 à la convention collective sectorielle du textile, agréé par arrêté du 23 juin 2022",https://www.pist.tn/jort/2022/2022A/Ja0712022.pdf
salaire_base.agents_payes_a_l_heure.categorie_4_2.echelon_20,2024-01-01,4.351,"Avenant n° 18 à la convention collective sectorielle du textile, agréé par arrêté du 8 avril 2024",https://www.pist.tn/jort/2024/2024A/Ja0492024.pdf
salaire_base.agents_payes_a_l_heure.categorie_4_2.echelon_20,2025-01-01,4.633,"Avenant n° 18 à la convention collective sectorielle du textile, agréé par arrêté du 8 avril 2024",https://www.pist.tn/jort/2024/2024A/Ja0492024.pdf
salaire_base.agents_payes_a_l_heure.categorie_4_2.echelon_20,2026-01-01,4.958,"Avenant n° 18 à la convention collective sectorielle du textile, agréé par arrêté du 8 avril 2024",https://www.pist.tn/jort/2024/2024A/Ja0492024.pdf
