annee,indicateur,valeur,unite,denominateur,source,note
1980,"actifs, non-assujettis compris",372850.0,personnes,"Banque mondiale 1993 : CAVIS, ensemble des régimes du privé ; cotisations de pension ÷ taux légal du RSNA","Banque mondiale, The Social Protection System, rapport 11376-TUN (1993), annexe statistique, tableau 3, p. 85 (montants), tableau 5, p. 87 (effectifs), lecture image ; série bm1993-caisses","CNSS/CAVIS, « active pop. », milliers à la deuxième décimale ; tous régimes du privé"
1985,"actifs, non-assujettis compris",531860.0,personnes,"Banque mondiale 1993 : CAVIS, ensemble des régimes du privé ; cotisations de pension ÷ taux légal du RSNA","Banque mondiale, The Social Protection System, rapport 11376-TUN (1993), annexe statistique, tableau 3, p. 85 (montants), tableau 5, p. 87 (effectifs), lecture image ; série bm1993-caisses","CNSS/CAVIS, « active pop. », milliers à la deuxième décimale ; tous régimes du privé"
1986,"actifs, non-assujettis compris",536850.0,personnes,"Banque mondiale 1993 : CAVIS, ensemble des régimes du privé ; cotisations de pension ÷ taux légal du RSNA","Banque mondiale, The Social Protection System, rapport 11376-TUN (1993), annexe statistique, tableau 3, p. 85 (montants), tableau 5, p. 87 (effectifs), lecture image ; série bm1993-caisses","CNSS/CAVIS, « active pop. », milliers à la deuxième décimale ; tous régimes du privé"
1987,"actifs, non-assujettis compris",529350.0,personnes,"Banque mondiale 1993 : CAVIS, ensemble des régimes du privé ; cotisations de pension ÷ taux légal du RSNA","Banque mondiale, The Social Protection System, rapport 11376-TUN (1993), annexe statistique, tableau 3, p. 85 (montants), tableau 5, p. 87 (effectifs), lecture image ; série bm1993-caisses","CNSS/CAVIS, « active pop. », milliers à la deuxième décimale ; tous régimes du privé"
1988,"actifs, non-assujettis compris",568100.0,personnes,"Banque mondiale 1993 : CAVIS, ensemble des régimes du privé ; cotisations de pension ÷ taux légal du RSNA","Banque mondiale, The Social Protection System, rapport 11376-TUN (1993), annexe statistique, tableau 3, p. 85 (montants), tableau 5, p. 87 (effectifs), lecture image ; série bm1993-caisses","CNSS/CAVIS, « active pop. », milliers à la deuxième décimale ; tous régimes du privé"
1989,"actifs, non-assujettis compris",640470.0,personnes,"Banque mondiale 1993 : CAVIS, ensemble des régimes du privé ; cotisations de pension ÷ taux légal du RSNA","Banque mondiale, The Social Protection System, rapport 11376-TUN (1993), annexe statistique, tableau 3, p. 85 (montants), tableau 5, p. 87 (effectifs), lecture image ; série bm1993-caisses","CNSS/CAVIS, « active pop. », milliers à la deuxième décimale ; tous régimes du privé"
1990,"actifs, non-assujettis compris",691180.0,personnes,"Banque mondiale 1993 : CAVIS, ensemble des régimes du privé ; cotisations de pension ÷ taux légal du RSNA","Banque mondiale, The Social Protection System, rapport 11376-TUN (1993), annexe statistique, tableau 3, p. 85 (montants), tableau 5, p. 87 (effectifs), lecture image ; série bm1993-caisses","CNSS/CAVIS, « active pop. », milliers à la deuxième décimale ; tous régimes du privé"
1991,"actifs, non-assujettis compris",711750.0,personnes,"Banque mondiale 1993 : CAVIS, ensemble des régimes du privé ; cotisations de pension ÷ taux légal du RSNA","Banque mondiale, The Social Protection System, rapport 11376-TUN (1993), annexe statistique, tableau 3, p. 85 (montants), tableau 5, p. 87 (effectifs), lecture image ; série bm1993-caisses","CNSS/CAVIS, « active pop. », milliers à la deuxième décimale ; tous régimes du privé"
2000,"actifs, non-assujettis compris",773161.0,personnes,annuaire CNSS : masse salariale déclarée au RSNA,"CNSS, annuaire statistique 2017 (arabe), série cnss-rsna-annuaires, tableau 30 (p. 52)",
2001,"actifs, non-assujettis compris",822458.0,personnes,annuaire CNSS : masse salariale déclarée au RSNA,"CNSS, annuaire statistique 2017 (arabe), série cnss-rsna-annuaires, tableau 30 (p. 52)",
2002,"actifs, non-assujettis compris",843079.0,personnes,annuaire CNSS : masse salariale déclarée au RSNA,"CNSS, annuaire statistique 2017 (arabe), série cnss-rsna-annuaires, tableau 30 (p. 52)",
2003,"actifs, non-assujettis compris",845952.0,personnes,annuaire CNSS : masse salariale déclarée au RSNA,"CNSS, annuaire statistique 2017 (arabe), série cnss-rsna-annuaires, tableau 30 (p. 52)",
2004,"actifs, non-assujettis compris",871625.0,personnes,annuaire CNSS : masse salariale déclarée au RSNA,"CNSS, annuaire statistique 2017 (arabe), série cnss-rsna-annuaires, tableau 30 (p. 52)",
2005,"actifs, non-assujettis compris",897761.0,personnes,annuaire CNSS : masse salariale déclarée au RSNA,"CNSS, annuaire statistique 2017 (arabe), série cnss-rsna-annuaires, tableau 30 (p. 52)",
2006,"actifs, non-assujettis compris",937263.0,personnes,annuaire CNSS : masse salariale déclarée au RSNA,"CNSS, annuaire statistique 2017 (arabe), série cnss-rsna-annuaires, tableau 30 (p. 52)",
2007,"actifs, non-assujettis compris",993000.0,personnes,annuaire CNSS : masse salariale déclarée au RSNA,"CNSS, annuaire statistique 2017 (arabe), série cnss-rsna-annuaires, tableau 30 (p. 52)",
2008,"actifs, non-assujettis compris",1062716.0,personnes,annuaire CNSS : masse salariale déclarée au RSNA,"CNSS, annuaire statistique 2017 (arabe), série cnss-rsna-annuaires, tableau 30 (p. 52)",
2009,"actifs, non-assujettis compris",1111942.0,personnes,annuaire CNSS : masse salariale déclarée au RSNA,"CNSS, annuaire statistique 2017 (arabe), série cnss-rsna-annuaires, tableau 30 (p. 52)",
2010,"actifs, non-assujettis compris",1164404.0,personnes,annuaire CNSS : masse salariale déclarée au RSNA,"CNSS, annuaire statistique 2017 (arabe), série cnss-rsna-annuaires, tableau 30 (p. 52)",
2011,"actifs, non-assujettis compris",1162957.0,personnes,annuaire CNSS : masse salariale déclarée au RSNA,"CNSS, annuaire statistique 2017 (arabe), série cnss-rsna-annuaires, tableau 30 (p. 52)",
2012,"actifs, non-assujettis compris",1150999.0,personnes,annuaire CNSS : masse salariale déclarée au RSNA,"CNSS, annuaire statistique 2017 (arabe), série cnss-rsna-annuaires, tableau 30 (p. 52)",
2013,"actifs, non-assujettis compris",1159698.0,personnes,annuaire CNSS : masse salariale déclarée au RSNA,"CNSS, annuaire statistique 2017 (arabe), série cnss-rsna-annuaires, tableau 30 (p. 52)",
2014,"actifs, non-assujettis compris",1173693.0,personnes,annuaire CNSS : masse salariale déclarée au RSNA,"CNSS, annuaire statistique 2017 (arabe), série cnss-rsna-annuaires, tableau 30 (p. 52)",
2015,"actifs, non-assujettis compris",1178351.0,personnes,annuaire CNSS : masse salariale déclarée au RSNA,"CNSS, annuaire statistique 2017 (arabe), série cnss-rsna-annuaires, tableau 30 (p. 52)",
2016,"actifs, non-assujettis compris",1182289.0,personnes,annuaire CNSS : masse salariale déclarée au RSNA,"CNSS, annuaire statistique 2017 (arabe), série cnss-rsna-annuaires, tableau 30 (p. 52)",
2017,"actifs, non-assujettis compris",1229903.0,personnes,annuaire CNSS : masse salariale déclarée au RSNA,"CNSS, annuaire statistique 2017 (arabe), série cnss-rsna-annuaires, tableau 30 (p. 52)",
1980,masse salariale déclarée (dénominateur),376.0,millions de dinars,"Banque mondiale 1993 : CAVIS, ensemble des régimes du privé ; cotisations de pension ÷ taux légal du RSNA","Banque mondiale, The Social Protection System, rapport 11376-TUN (1993), annexe statistique, tableau 3, p. 85 (montants), tableau 5, p. 87 (effectifs), lecture image ; série bm1993-caisses ; décret n° 74-499 du 27 avril 1974, art. 5 b) et 9, JORT n° 30 du 30 avril - 3 mai 1974, p. 915-916 (https://www.pist.tn/jort/1974/1974F/Jo03074.pdf) ; décret n° 88-1137 du 11 juin 1988, art. 1er (art. 5 b nouveau) et 2, JORT n° 43 du 24 juin 1988, p. 942 (https://www.pist.tn/jort/1988/1988F/Jo04388.pdf) ; loi n° 60-30 du 14 décembre 1960, art. 41, JORT n° 57 du 13-16 décembre 1960, p. 1605 (https://www.pist.tn/jort/1960/1960F/Jo05760.pdf) ; Banque mondiale, rapport 11376-TUN (1993), annexe statistique, tableau 6, p. 88 (8,00 % en 1991)","masse « équivalent RSNA » : cotisations de pension de la CAVIS (18,8 MD) ÷ 5 % ; non une masse déclarée ; avant la loi n° 81-6 : RSNA et régimes conventionnels fusionnés"
1985,masse salariale déclarée (dénominateur),784.0,millions de dinars,"Banque mondiale 1993 : CAVIS, ensemble des régimes du privé ; cotisations de pension ÷ taux légal du RSNA","Banque mondiale, The Social Protection System, rapport 11376-TUN (1993), annexe statistique, tableau 3, p. 85 (montants), tableau 5, p. 87 (effectifs), lecture image ; série bm1993-caisses ; décret n° 74-499 du 27 avril 1974, art. 5 b) et 9, JORT n° 30 du 30 avril - 3 mai 1974, p. 915-916 (https://www.pist.tn/jort/1974/1974F/Jo03074.pdf) ; décret n° 88-1137 du 11 juin 1988, art. 1er (art. 5 b nouveau) et 2, JORT n° 43 du 24 juin 1988, p. 942 (https://www.pist.tn/jort/1988/1988F/Jo04388.pdf) ; loi n° 60-30 du 14 décembre 1960, art. 41, JORT n° 57 du 13-16 décembre 1960, p. 1605 (https://www.pist.tn/jort/1960/1960F/Jo05760.pdf) ; Banque mondiale, rapport 11376-TUN (1993), annexe statistique, tableau 6, p. 88 (8,00 % en 1991)","masse « équivalent RSNA » : cotisations de pension de la CAVIS (39,2 MD) ÷ 5 % ; non une masse déclarée ; salariés agricoles à 5,25 % contre 5 % : biais faible, à la baisse de τ*"
1986,masse salariale déclarée (dénominateur),762.0,millions de dinars,"Banque mondiale 1993 : CAVIS, ensemble des régimes du privé ; cotisations de pension ÷ taux légal du RSNA","Banque mondiale, The Social Protection System, rapport 11376-TUN (1993), annexe statistique, tableau 3, p. 85 (montants), tableau 5, p. 87 (effectifs), lecture image ; série bm1993-caisses ; décret n° 74-499 du 27 avril 1974, art. 5 b) et 9, JORT n° 30 du 30 avril - 3 mai 1974, p. 915-916 (https://www.pist.tn/jort/1974/1974F/Jo03074.pdf) ; décret n° 88-1137 du 11 juin 1988, art. 1er (art. 5 b nouveau) et 2, JORT n° 43 du 24 juin 1988, p. 942 (https://www.pist.tn/jort/1988/1988F/Jo04388.pdf) ; loi n° 60-30 du 14 décembre 1960, art. 41, JORT n° 57 du 13-16 décembre 1960, p. 1605 (https://www.pist.tn/jort/1960/1960F/Jo05760.pdf) ; Banque mondiale, rapport 11376-TUN (1993), annexe statistique, tableau 6, p. 88 (8,00 % en 1991)","masse « équivalent RSNA » : cotisations de pension de la CAVIS (38,1 MD) ÷ 5 % ; non une masse déclarée ; salariés agricoles à 5,25 % contre 5 % : biais faible, à la baisse de τ*"
1987,masse salariale déclarée (dénominateur),764.0,millions de dinars,"Banque mondiale 1993 : CAVIS, ensemble des régimes du privé ; cotisations de pension ÷ taux légal du RSNA","Banque mondiale, The Social Protection System, rapport 11376-TUN (1993), annexe statistique, tableau 3, p. 85 (montants), tableau 5, p. 87 (effectifs), lecture image ; série bm1993-caisses ; décret n° 74-499 du 27 avril 1974, art. 5 b) et 9, JORT n° 30 du 30 avril - 3 mai 1974, p. 915-916 (https://www.pist.tn/jort/1974/1974F/Jo03074.pdf) ; décret n° 88-1137 du 11 juin 1988, art. 1er (art. 5 b nouveau) et 2, JORT n° 43 du 24 juin 1988, p. 942 (https://www.pist.tn/jort/1988/1988F/Jo04388.pdf) ; loi n° 60-30 du 14 décembre 1960, art. 41, JORT n° 57 du 13-16 décembre 1960, p. 1605 (https://www.pist.tn/jort/1960/1960F/Jo05760.pdf) ; Banque mondiale, rapport 11376-TUN (1993), annexe statistique, tableau 6, p. 88 (8,00 % en 1991)","masse « équivalent RSNA » : cotisations de pension de la CAVIS (38,2 MD) ÷ 5 % ; non une masse déclarée ; salariés agricoles à 5,25 % contre 5 % : biais faible, à la baisse de τ*"
1988,masse salariale déclarée (dénominateur),926.25,millions de dinars,"Banque mondiale 1993 : CAVIS, ensemble des régimes du privé ; cotisations de pension ÷ taux légal du RSNA","Banque mondiale, The Social Protection System, rapport 11376-TUN (1993), annexe statistique, tableau 3, p. 85 (montants), tableau 5, p. 87 (effectifs), lecture image ; série bm1993-caisses ; décret n° 74-499 du 27 avril 1974, art. 5 b) et 9, JORT n° 30 du 30 avril - 3 mai 1974, p. 915-916 (https://www.pist.tn/jort/1974/1974F/Jo03074.pdf) ; décret n° 88-1137 du 11 juin 1988, art. 1er (art. 5 b nouveau) et 2, JORT n° 43 du 24 juin 1988, p. 942 (https://www.pist.tn/jort/1988/1988F/Jo04388.pdf) ; loi n° 60-30 du 14 décembre 1960, art. 41, JORT n° 57 du 13-16 décembre 1960, p. 1605 (https://www.pist.tn/jort/1960/1960F/Jo05760.pdf) ; Banque mondiale, rapport 11376-TUN (1993), annexe statistique, tableau 6, p. 88 (8,00 % en 1991)","masse « équivalent RSNA » : cotisations de pension de la CAVIS (74,1 MD) ÷ 8 % ; non une masse déclarée ; taux du RSNA le plus haut des régimes : masse sous-estimée, τ* majorant pour l'ensemble"
1989,masse salariale déclarée (dénominateur),1088.75,millions de dinars,"Banque mondiale 1993 : CAVIS, ensemble des régimes du privé ; cotisations de pension ÷ taux légal du RSNA","Banque mondiale, The Social Protection System, rapport 11376-TUN (1993), annexe statistique, tableau 3, p. 85 (montants), tableau 5, p. 87 (effectifs), lecture image ; série bm1993-caisses ; décret n° 74-499 du 27 avril 1974, art. 5 b) et 9, JORT n° 30 du 30 avril - 3 mai 1974, p. 915-916 (https://www.pist.tn/jort/1974/1974F/Jo03074.pdf) ; décret n° 88-1137 du 11 juin 1988, art. 1er (art. 5 b nouveau) et 2, JORT n° 43 du 24 juin 1988, p. 942 (https://www.pist.tn/jort/1988/1988F/Jo04388.pdf) ; loi n° 60-30 du 14 décembre 1960, art. 41, JORT n° 57 du 13-16 décembre 1960, p. 1605 (https://www.pist.tn/jort/1960/1960F/Jo05760.pdf) ; Banque mondiale, rapport 11376-TUN (1993), annexe statistique, tableau 6, p. 88 (8,00 % en 1991)","masse « équivalent RSNA » : cotisations de pension de la CAVIS (87,1 MD) ÷ 8 % ; non une masse déclarée ; taux du RSNA le plus haut des régimes : masse sous-estimée, τ* majorant pour l'ensemble"
1990,masse salariale déclarée (dénominateur),1295.0,millions de dinars,"Banque mondiale 1993 : CAVIS, ensemble des régimes du privé ; cotisations de pension ÷ taux légal du RSNA","Banque mondiale, The Social Protection System, rapport 11376-TUN (1993), annexe statistique, tableau 3, p. 85 (montants), tableau 5, p. 87 (effectifs), lecture image ; série bm1993-caisses ; décret n° 74-499 du 27 avril 1974, art. 5 b) et 9, JORT n° 30 du 30 avril - 3 mai 1974, p. 915-916 (https://www.pist.tn/jort/1974/1974F/Jo03074.pdf) ; décret n° 88-1137 du 11 juin 1988, art. 1er (art. 5 b nouveau) et 2, JORT n° 43 du 24 juin 1988, p. 942 (https://www.pist.tn/jort/1988/1988F/Jo04388.pdf) ; loi n° 60-30 du 14 décembre 1960, art. 41, JORT n° 57 du 13-16 décembre 1960, p. 1605 (https://www.pist.tn/jort/1960/1960F/Jo05760.pdf) ; Banque mondiale, rapport 11376-TUN (1993), annexe statistique, tableau 6, p. 88 (8,00 % en 1991)","masse « équivalent RSNA » : cotisations de pension de la CAVIS (103,6 MD) ÷ 8 % ; non une masse déclarée ; taux du RSNA le plus haut des régimes : masse sous-estimée, τ* majorant pour l'ensemble"
1991,masse salariale déclarée (dénominateur),1543.75,millions de dinars,"Banque mondiale 1993 : CAVIS, ensemble des régimes du privé ; cotisations de pension ÷ taux légal du RSNA","Banque mondiale, The Social Protection System, rapport 11376-TUN (1993), annexe statistique, tableau 3, p. 85 (montants), tableau 5, p. 87 (effectifs), lecture image ; série bm1993-caisses ; décret n° 74-499 du 27 avril 1974, art. 5 b) et 9, JORT n° 30 du 30 avril - 3 mai 1974, p. 915-916 (https://www.pist.tn/jort/1974/1974F/Jo03074.pdf) ; décret n° 88-1137 du 11 juin 1988, art. 1er (art. 5 b nouveau) et 2, JORT n° 43 du 24 juin 1988, p. 942 (https://www.pist.tn/jort/1988/1988F/Jo04388.pdf) ; loi n° 60-30 du 14 décembre 1960, art. 41, JORT n° 57 du 13-16 décembre 1960, p. 1605 (https://www.pist.tn/jort/1960/1960F/Jo05760.pdf) ; Banque mondiale, rapport 11376-TUN (1993), annexe statistique, tableau 6, p. 88 (8,00 % en 1991)","masse « équivalent RSNA » : cotisations de pension de la CAVIS (123,5 MD) ÷ 8 % ; non une masse déclarée ; taux du RSNA le plus haut des régimes : masse sous-estimée, τ* majorant pour l'ensemble"
2000,masse salariale déclarée (dénominateur),2677.461453,millions de dinars,annuaire CNSS : masse salariale déclarée au RSNA,"CNSS, annuaire statistique 2017 (arabe), série cnss-rsna-annuaires, tableau 1 (p. 23)","salaires déclarés par les employeurs, non les cotisations encaissées"
2001,masse salariale déclarée (dénominateur),3016.412288,millions de dinars,annuaire CNSS : masse salariale déclarée au RSNA,"CNSS, annuaire statistique 2017 (arabe), série cnss-rsna-annuaires, tableau 1 (p. 23)","salaires déclarés par les employeurs, non les cotisations encaissées"
2002,masse salariale déclarée (dénominateur),3246.384781,millions de dinars,annuaire CNSS : masse salariale déclarée au RSNA,"CNSS, annuaire statistique 2017 (arabe), série cnss-rsna-annuaires, tableau 1 (p. 23)","salaires déclarés par les employeurs, non les cotisations encaissées"
2003,masse salariale déclarée (dénominateur),3499.380264,millions de dinars,annuaire CNSS : masse salariale déclarée au RSNA,"CNSS, annuaire statistique 2017 (arabe), série cnss-rsna-annuaires, tableau 1 (p. 23)","salaires déclarés par les employeurs, non les cotisations encaissées"
2004,masse salariale déclarée (dénominateur),3802.285696,millions de dinars,annuaire CNSS : masse salariale déclarée au RSNA,"CNSS, annuaire statistique 2017 (arabe), série cnss-rsna-annuaires, tableau 1 (p. 23)","salaires déclarés par les employeurs, non les cotisations encaissées"
2005,masse salariale déclarée (dénominateur),4088.28365,millions de dinars,annuaire CNSS : masse salariale déclarée au RSNA,"CNSS, annuaire statistique 2017 (arabe), série cnss-rsna-annuaires, tableau 1 (p. 23)","salaires déclarés par les employeurs, non les cotisations encaissées"
2006,masse salariale déclarée (dénominateur),4637.238747,millions de dinars,annuaire CNSS : masse salariale déclarée au RSNA,"CNSS, annuaire statistique 2017 (arabe), série cnss-rsna-annuaires, tableau 1 (p. 23)","salaires déclarés par les employeurs, non les cotisations encaissées"
2007,masse salariale déclarée (dénominateur),5147.706021,millions de dinars,annuaire CNSS : masse salariale déclarée au RSNA,"CNSS, annuaire statistique 2017 (arabe), série cnss-rsna-annuaires, tableau 1 (p. 23)","salaires déclarés par les employeurs, non les cotisations encaissées"
2008,masse salariale déclarée (dénominateur),5786.989627,millions de dinars,annuaire CNSS : masse salariale déclarée au RSNA,"CNSS, annuaire statistique 2017 (arabe), série cnss-rsna-annuaires, tableau 1 (p. 23)","salaires déclarés par les employeurs, non les cotisations encaissées"
2009,masse salariale déclarée (dénominateur),6515.361468,millions de dinars,annuaire CNSS : masse salariale déclarée au RSNA,"CNSS, annuaire statistique 2017 (arabe), série cnss-rsna-annuaires, tableau 1 (p. 23)","salaires déclarés par les employeurs, non les cotisations encaissées"
2010,masse salariale déclarée (dénominateur),7253.555838,millions de dinars,annuaire CNSS : masse salariale déclarée au RSNA,"CNSS, annuaire statistique 2017 (arabe), série cnss-rsna-annuaires, tableau 1 (p. 23)","salaires déclarés par les employeurs, non les cotisations encaissées"
2011,masse salariale déclarée (dénominateur),8009.159357,millions de dinars,annuaire CNSS : masse salariale déclarée au RSNA,"CNSS, annuaire statistique 2017 (arabe), série cnss-rsna-annuaires, tableau 1 (p. 23)","salaires déclarés par les employeurs, non les cotisations encaissées"
2012,masse salariale déclarée (dénominateur),8824.577856,millions de dinars,annuaire CNSS : masse salariale déclarée au RSNA,"CNSS, annuaire statistique 2017 (arabe), série cnss-rsna-annuaires, tableau 1 (p. 23)","salaires déclarés par les employeurs, non les cotisations encaissées"
2013,masse salariale déclarée (dénominateur),9842.490396,millions de dinars,annuaire CNSS : masse salariale déclarée au RSNA,"CNSS, annuaire statistique 2017 (arabe), série cnss-rsna-annuaires, tableau 1 (p. 23)","salaires déclarés par les employeurs, non les cotisations encaissées"
2014,masse salariale déclarée (dénominateur),10551.647734,millions de dinars,annuaire CNSS : masse salariale déclarée au RSNA,"CNSS, annuaire statistique 2017 (arabe), série cnss-rsna-annuaires, tableau 1 (p. 23)","salaires déclarés par les employeurs, non les cotisations encaissées"
2015,masse salariale déclarée (dénominateur),11292.564679,millions de dinars,annuaire CNSS : masse salariale déclarée au RSNA,"CNSS, annuaire statistique 2017 (arabe), série cnss-rsna-annuaires, tableau 1 (p. 23)","salaires déclarés par les employeurs, non les cotisations encaissées"
2016,masse salariale déclarée (dénominateur),12227.254442,millions de dinars,annuaire CNSS : masse salariale déclarée au RSNA,"CNSS, annuaire statistique 2017 (arabe), série cnss-rsna-annuaires, tableau 1 (p. 23)","salaires déclarés par les employeurs, non les cotisations encaissées"
2017,masse salariale déclarée (dénominateur),13594.540006,millions de dinars,annuaire CNSS : masse salariale déclarée au RSNA,"CNSS, annuaire statistique 2017 (arabe), série cnss-rsna-annuaires, tableau 1 (p. 23)","salaires déclarés par les employeurs, non les cotisations encaissées"
1980,pension moyenne mensuelle,30.85,dinars par mois,"Banque mondiale 1993 : CAVIS, ensemble des régimes du privé ; cotisations de pension ÷ taux légal du RSNA",calcul,numérateur ÷ pensionnés ÷ 12
1985,pension moyenne mensuelle,53.96,dinars par mois,"Banque mondiale 1993 : CAVIS, ensemble des régimes du privé ; cotisations de pension ÷ taux légal du RSNA",calcul,numérateur ÷ pensionnés ÷ 12
1986,pension moyenne mensuelle,53.0,dinars par mois,"Banque mondiale 1993 : CAVIS, ensemble des régimes du privé ; cotisations de pension ÷ taux légal du RSNA",calcul,numérateur ÷ pensionnés ÷ 12
1987,pension moyenne mensuelle,55.78,dinars par mois,"Banque mondiale 1993 : CAVIS, ensemble des régimes du privé ; cotisations de pension ÷ taux légal du RSNA",calcul,numérateur ÷ pensionnés ÷ 12
1988,pension moyenne mensuelle,60.23,dinars par mois,"Banque mondiale 1993 : CAVIS, ensemble des régimes du privé ; cotisations de pension ÷ taux légal du RSNA",calcul,numérateur ÷ pensionnés ÷ 12
1989,pension moyenne mensuelle,61.4,dinars par mois,"Banque mondiale 1993 : CAVIS, ensemble des régimes du privé ; cotisations de pension ÷ taux légal du RSNA",calcul,numérateur ÷ pensionnés ÷ 12
1990,pension moyenne mensuelle,68.07,dinars par mois,"Banque mondiale 1993 : CAVIS, ensemble des régimes du privé ; cotisations de pension ÷ taux légal du RSNA",calcul,numérateur ÷ pensionnés ÷ 12
1991,pension moyenne mensuelle,70.15,dinars par mois,"Banque mondiale 1993 : CAVIS, ensemble des régimes du privé ; cotisations de pension ÷ taux légal du RSNA",calcul,numérateur ÷ pensionnés ÷ 12
2000,pension moyenne mensuelle,144.65,dinars par mois,annuaire CNSS : masse salariale déclarée au RSNA,calcul,numérateur ÷ pensionnés de toutes natures ÷ 12
2001,pension moyenne mensuelle,147.74,dinars par mois,annuaire CNSS : masse salariale déclarée au RSNA,calcul,numérateur ÷ pensionnés de toutes natures ÷ 12
2002,pension moyenne mensuelle,155.87,dinars par mois,annuaire CNSS : masse salariale déclarée au RSNA,calcul,numérateur ÷ pensionnés de toutes natures ÷ 12
2003,pension moyenne mensuelle,164.64,dinars par mois,annuaire CNSS : masse salariale déclarée au RSNA,calcul,numérateur ÷ pensionnés de toutes natures ÷ 12
2004,pension moyenne mensuelle,176.26,dinars par mois,annuaire CNSS : masse salariale déclarée au RSNA,calcul,numérateur ÷ pensionnés de toutes natures ÷ 12
2005,pension moyenne mensuelle,185.99,dinars par mois,annuaire CNSS : masse salariale déclarée au RSNA,calcul,numérateur ÷ pensionnés de toutes natures ÷ 12
2006,pension moyenne mensuelle,198.47,dinars par mois,annuaire CNSS : masse salariale déclarée au RSNA,calcul,numérateur ÷ pensionnés de toutes natures ÷ 12
2007,pension moyenne mensuelle,209.22,dinars par mois,annuaire CNSS : masse salariale déclarée au RSNA,calcul,numérateur ÷ pensionnés de toutes natures ÷ 12
2008,pension moyenne mensuelle,224.69,dinars par mois,annuaire CNSS : masse salariale déclarée au RSNA,calcul,numérateur ÷ pensionnés de toutes natures ÷ 12
2009,pension moyenne mensuelle,234.31,dinars par mois,annuaire CNSS : masse salariale déclarée au RSNA,calcul,numérateur ÷ pensionnés de toutes natures ÷ 12
2010,pension moyenne mensuelle,252.62,dinars par mois,annuaire CNSS : masse salariale déclarée au RSNA,calcul,numérateur ÷ pensionnés de toutes natures ÷ 12
2011,pension moyenne mensuelle,279.15,dinars par mois,annuaire CNSS : masse salariale déclarée au RSNA,calcul,numérateur ÷ pensionnés de toutes natures ÷ 12
2012,pension moyenne mensuelle,286.69,dinars par mois,annuaire CNSS : masse salariale déclarée au RSNA,calcul,numérateur ÷ pensionnés de toutes natures ÷ 12
2013,pension moyenne mensuelle,300.5,dinars par mois,annuaire CNSS : masse salariale déclarée au RSNA,calcul,numérateur ÷ pensionnés de toutes natures ÷ 12
2014,pension moyenne mensuelle,318.84,dinars par mois,annuaire CNSS : masse salariale déclarée au RSNA,calcul,numérateur ÷ pensionnés de toutes natures ÷ 12
2015,pension moyenne mensuelle,346.28,dinars par mois,annuaire CNSS : masse salariale déclarée au RSNA,calcul,numérateur ÷ pensionnés de toutes natures ÷ 12
2016,pension moyenne mensuelle,355.39,dinars par mois,annuaire CNSS : masse salariale déclarée au RSNA,calcul,numérateur ÷ pensionnés de toutes natures ÷ 12
2017,pension moyenne mensuelle,365.9,dinars par mois,annuaire CNSS : masse salariale déclarée au RSNA,calcul,numérateur ÷ pensionnés de toutes natures ÷ 12
1980,"pensionnés, toutes natures",32420.0,personnes,"Banque mondiale 1993 : CAVIS, ensemble des régimes du privé ; cotisations de pension ÷ taux légal du RSNA","Banque mondiale, The Social Protection System, rapport 11376-TUN (1993), annexe statistique, tableau 3, p. 85 (montants), tableau 5, p. 87 (effectifs), lecture image ; série bm1993-caisses","CNSS/CAVIS, « passive pop. », milliers à la deuxième décimale ; tous régimes du privé"
1985,"pensionnés, toutes natures",72900.0,personnes,"Banque mondiale 1993 : CAVIS, ensemble des régimes du privé ; cotisations de pension ÷ taux légal du RSNA","Banque mondiale, The Social Protection System, rapport 11376-TUN (1993), annexe statistique, tableau 3, p. 85 (montants), tableau 5, p. 87 (effectifs), lecture image ; série bm1993-caisses","CNSS/CAVIS, « passive pop. », milliers à la deuxième décimale ; tous régimes du privé"
1986,"pensionnés, toutes natures",89300.0,personnes,"Banque mondiale 1993 : CAVIS, ensemble des régimes du privé ; cotisations de pension ÷ taux légal du RSNA","Banque mondiale, The Social Protection System, rapport 11376-TUN (1993), annexe statistique, tableau 3, p. 85 (montants), tableau 5, p. 87 (effectifs), lecture image ; série bm1993-caisses","CNSS/CAVIS, « passive pop. », milliers à la deuxième décimale ; tous régimes du privé"
1987,"pensionnés, toutes natures",99640.0,personnes,"Banque mondiale 1993 : CAVIS, ensemble des régimes du privé ; cotisations de pension ÷ taux légal du RSNA","Banque mondiale, The Social Protection System, rapport 11376-TUN (1993), annexe statistique, tableau 3, p. 85 (montants), tableau 5, p. 87 (effectifs), lecture image ; série bm1993-caisses","CNSS/CAVIS, « passive pop. », milliers à la deuxième décimale ; tous régimes du privé"
1988,"pensionnés, toutes natures",109850.0,personnes,"Banque mondiale 1993 : CAVIS, ensemble des régimes du privé ; cotisations de pension ÷ taux légal du RSNA","Banque mondiale, The Social Protection System, rapport 11376-TUN (1993), annexe statistique, tableau 3, p. 85 (montants), tableau 5, p. 87 (effectifs), lecture image ; série bm1993-caisses","CNSS/CAVIS, « passive pop. », milliers à la deuxième décimale ; tous régimes du privé"
1989,"pensionnés, toutes natures",122550.0,personnes,"Banque mondiale 1993 : CAVIS, ensemble des régimes du privé ; cotisations de pension ÷ taux légal du RSNA","Banque mondiale, The Social Protection System, rapport 11376-TUN (1993), annexe statistique, tableau 3, p. 85 (montants), tableau 5, p. 87 (effectifs), lecture image ; série bm1993-caisses","CNSS/CAVIS, « passive pop. », milliers à la deuxième décimale ; tous régimes du privé"
1990,"pensionnés, toutes natures",132220.0,personnes,"Banque mondiale 1993 : CAVIS, ensemble des régimes du privé ; cotisations de pension ÷ taux légal du RSNA","Banque mondiale, The Social Protection System, rapport 11376-TUN (1993), annexe statistique, tableau 3, p. 85 (montants), tableau 5, p. 87 (effectifs), lecture image ; série bm1993-caisses","CNSS/CAVIS, « passive pop. », milliers à la deuxième décimale ; tous régimes du privé"
1991,"pensionnés, toutes natures",145650.0,personnes,"Banque mondiale 1993 : CAVIS, ensemble des régimes du privé ; cotisations de pension ÷ taux légal du RSNA","Banque mondiale, The Social Protection System, rapport 11376-TUN (1993), annexe statistique, tableau 3, p. 85 (montants), tableau 5, p. 87 (effectifs), lecture image ; série bm1993-caisses","CNSS/CAVIS, « passive pop. », milliers à la deuxième décimale ; tous régimes du privé"
2000,"pensionnés, toutes natures",216702.0,personnes,annuaire CNSS : masse salariale déclarée au RSNA,"CNSS, annuaire statistique 2017 (arabe), série cnss-rsna-annuaires, tableau 30 (p. 52)",orphelins compris ; effectif du régime complémentaire compris
2001,"pensionnés, toutes natures",236126.0,personnes,annuaire CNSS : masse salariale déclarée au RSNA,"CNSS, annuaire statistique 2017 (arabe), série cnss-rsna-annuaires, tableau 30 (p. 52)",orphelins compris ; effectif du régime complémentaire compris
2002,"pensionnés, toutes natures",251304.0,personnes,annuaire CNSS : masse salariale déclarée au RSNA,"CNSS, annuaire statistique 2017 (arabe), série cnss-rsna-annuaires, tableau 30 (p. 52)",orphelins compris ; effectif du régime complémentaire compris
2003,"pensionnés, toutes natures",267619.0,personnes,annuaire CNSS : masse salariale déclarée au RSNA,"CNSS, annuaire statistique 2017 (arabe), série cnss-rsna-annuaires, tableau 30 (p. 52)",orphelins compris ; effectif du régime complémentaire compris
2004,"pensionnés, toutes natures",283907.0,personnes,annuaire CNSS : masse salariale déclarée au RSNA,"CNSS, annuaire statistique 2017 (arabe), série cnss-rsna-annuaires, tableau 30 (p. 52)",orphelins compris ; effectif du régime complémentaire compris
2005,"pensionnés, toutes natures",300094.0,personnes,annuaire CNSS : masse salariale déclarée au RSNA,"CNSS, annuaire statistique 2017 (arabe), série cnss-rsna-annuaires, tableau 30 (p. 52)",orphelins compris ; effectif du régime complémentaire compris
2006,"pensionnés, toutes natures",312892.0,personnes,annuaire CNSS : masse salariale déclarée au RSNA,"CNSS, annuaire statistique 2017 (arabe), série cnss-rsna-annuaires, tableau 30 (p. 52)",orphelins compris ; effectif du régime complémentaire compris
2007,"pensionnés, toutes natures",331272.0,personnes,annuaire CNSS : masse salariale déclarée au RSNA,"CNSS, annuaire statistique 2017 (arabe), série cnss-rsna-annuaires, tableau 30 (p. 52)",orphelins compris ; effectif du régime complémentaire compris
2008,"pensionnés, toutes natures",348354.0,personnes,annuaire CNSS : masse salariale déclarée au RSNA,"CNSS, annuaire statistique 2017 (arabe), série cnss-rsna-annuaires, tableau 30 (p. 52)",orphelins compris ; effectif du régime complémentaire compris
2009,"pensionnés, toutes natures",365636.0,personnes,annuaire CNSS : masse salariale déclarée au RSNA,"CNSS, annuaire statistique 2017 (arabe), série cnss-rsna-annuaires, tableau 30 (p. 52)",orphelins compris ; effectif du régime complémentaire compris
2010,"pensionnés, toutes natures",376818.0,personnes,annuaire CNSS : masse salariale déclarée au RSNA,"CNSS, annuaire statistique 2017 (arabe), série cnss-rsna-annuaires, tableau 30 (p. 52)",orphelins compris ; effectif du régime complémentaire compris
2011,"pensionnés, toutes natures",386086.0,personnes,annuaire CNSS : masse salariale déclarée au RSNA,"CNSS, annuaire statistique 2017 (arabe), série cnss-rsna-annuaires, tableau 30 (p. 52)",orphelins compris ; effectif du régime complémentaire compris
2012,"pensionnés, toutes natures",417562.0,personnes,annuaire CNSS : masse salariale déclarée au RSNA,"CNSS, annuaire statistique 2017 (arabe), série cnss-rsna-annuaires, tableau 30 (p. 52)",orphelins compris ; effectif du régime complémentaire compris
2013,"pensionnés, toutes natures",436375.0,personnes,annuaire CNSS : masse salariale déclarée au RSNA,"CNSS, annuaire statistique 2017 (arabe), série cnss-rsna-annuaires, tableau 30 (p. 52)",orphelins compris ; effectif du régime complémentaire compris
2014,"pensionnés, toutes natures",459703.0,personnes,annuaire CNSS : masse salariale déclarée au RSNA,"CNSS, annuaire statistique 2017 (arabe), série cnss-rsna-annuaires, tableau 30 (p. 52)",orphelins compris ; effectif du régime complémentaire compris
2015,"pensionnés, toutes natures",477141.0,personnes,annuaire CNSS : masse salariale déclarée au RSNA,"CNSS, annuaire statistique 2017 (arabe), série cnss-rsna-annuaires, tableau 30 (p. 52)",orphelins compris ; effectif du régime complémentaire compris
2016,"pensionnés, toutes natures",518996.0,personnes,annuaire CNSS : masse salariale déclarée au RSNA,"CNSS, annuaire statistique 2017 (arabe), série cnss-rsna-annuaires, tableau 30 (p. 52)",orphelins compris ; effectif du régime complémentaire compris
2017,"pensionnés, toutes natures",556882.0,personnes,annuaire CNSS : masse salariale déclarée au RSNA,"CNSS, annuaire statistique 2017 (arabe), série cnss-rsna-annuaires, tableau 30 (p. 52)",orphelins compris ; effectif du régime complémentaire compris
1980,pensions servies sans régime complémentaire (numérateur),12.0,millions de dinars,"Banque mondiale 1993 : CAVIS, ensemble des régimes du privé ; cotisations de pension ÷ taux légal du RSNA","Banque mondiale, The Social Protection System, rapport 11376-TUN (1993), annexe statistique, tableau 3, p. 85 (montants), tableau 5, p. 87 (effectifs), lecture image ; série bm1993-caisses","CAVIS (« pension benefits ») : pensions de tout le secteur privé, régimes conventionnels transférés compris ; sans raccord avec 2000"
1985,pensions servies sans régime complémentaire (numérateur),47.2,millions de dinars,"Banque mondiale 1993 : CAVIS, ensemble des régimes du privé ; cotisations de pension ÷ taux légal du RSNA","Banque mondiale, The Social Protection System, rapport 11376-TUN (1993), annexe statistique, tableau 3, p. 85 (montants), tableau 5, p. 87 (effectifs), lecture image ; série bm1993-caisses","CAVIS (« pension benefits ») : pensions de tout le secteur privé, régimes conventionnels transférés compris ; sans raccord avec 2000"
1986,pensions servies sans régime complémentaire (numérateur),56.8,millions de dinars,"Banque mondiale 1993 : CAVIS, ensemble des régimes du privé ; cotisations de pension ÷ taux légal du RSNA","Banque mondiale, The Social Protection System, rapport 11376-TUN (1993), annexe statistique, tableau 3, p. 85 (montants), tableau 5, p. 87 (effectifs), lecture image ; série bm1993-caisses","CAVIS (« pension benefits ») : pensions de tout le secteur privé, régimes conventionnels transférés compris ; sans raccord avec 2000"
1987,pensions servies sans régime complémentaire (numérateur),66.7,millions de dinars,"Banque mondiale 1993 : CAVIS, ensemble des régimes du privé ; cotisations de pension ÷ taux légal du RSNA","Banque mondiale, The Social Protection System, rapport 11376-TUN (1993), annexe statistique, tableau 3, p. 85 (montants), tableau 5, p. 87 (effectifs), lecture image ; série bm1993-caisses","CAVIS (« pension benefits ») : pensions de tout le secteur privé, régimes conventionnels transférés compris ; sans raccord avec 2000"
1988,pensions servies sans régime complémentaire (numérateur),79.4,millions de dinars,"Banque mondiale 1993 : CAVIS, ensemble des régimes du privé ; cotisations de pension ÷ taux légal du RSNA","Banque mondiale, The Social Protection System, rapport 11376-TUN (1993), annexe statistique, tableau 3, p. 85 (montants), tableau 5, p. 87 (effectifs), lecture image ; série bm1993-caisses","CAVIS (« pension benefits ») : pensions de tout le secteur privé, régimes conventionnels transférés compris ; sans raccord avec 2000"
1989,pensions servies sans régime complémentaire (numérateur),90.3,millions de dinars,"Banque mondiale 1993 : CAVIS, ensemble des régimes du privé ; cotisations de pension ÷ taux légal du RSNA","Banque mondiale, The Social Protection System, rapport 11376-TUN (1993), annexe statistique, tableau 3, p. 85 (montants), tableau 5, p. 87 (effectifs), lecture image ; série bm1993-caisses","CAVIS (« pension benefits ») : pensions de tout le secteur privé, régimes conventionnels transférés compris ; sans raccord avec 2000"
1990,pensions servies sans régime complémentaire (numérateur),108.0,millions de dinars,"Banque mondiale 1993 : CAVIS, ensemble des régimes du privé ; cotisations de pension ÷ taux légal du RSNA","Banque mondiale, The Social Protection System, rapport 11376-TUN (1993), annexe statistique, tableau 3, p. 85 (montants), tableau 5, p. 87 (effectifs), lecture image ; série bm1993-caisses","CAVIS (« pension benefits ») : pensions de tout le secteur privé, régimes conventionnels transférés compris ; sans raccord avec 2000"
1991,pensions servies sans régime complémentaire (numérateur),122.6,millions de dinars,"Banque mondiale 1993 : CAVIS, ensemble des régimes du privé ; cotisations de pension ÷ taux légal du RSNA","Banque mondiale, The Social Protection System, rapport 11376-TUN (1993), annexe statistique, tableau 3, p. 85 (montants), tableau 5, p. 87 (effectifs), lecture image ; série bm1993-caisses","CAVIS (« pension benefits ») : pensions de tout le secteur privé, régimes conventionnels transférés compris ; sans raccord avec 2000"
2000,pensions servies sans régime complémentaire (numérateur),376.153,millions de dinars,annuaire CNSS : masse salariale déclarée au RSNA,"CNSS, annuaire statistique 2017 (arabe), série cnss-rsna-annuaires, tableau 30 (p. 52)","toutes natures, orphelins compris ; montants comptables (« bilans »)"
2001,pensions servies sans régime complémentaire (numérateur),418.633,millions de dinars,annuaire CNSS : masse salariale déclarée au RSNA,"CNSS, annuaire statistique 2017 (arabe), série cnss-rsna-annuaires, tableau 30 (p. 52)","toutes natures, orphelins compris ; montants comptables (« bilans »)"
2002,pensions servies sans régime complémentaire (numérateur),470.063,millions de dinars,annuaire CNSS : masse salariale déclarée au RSNA,"CNSS, annuaire statistique 2017 (arabe), série cnss-rsna-annuaires, tableau 30 (p. 52)","toutes natures, orphelins compris ; montants comptables (« bilans »)"
2003,pensions servies sans régime complémentaire (numérateur),528.741,millions de dinars,annuaire CNSS : masse salariale déclarée au RSNA,"CNSS, annuaire statistique 2017 (arabe), série cnss-rsna-annuaires, tableau 30 (p. 52)","toutes natures, orphelins compris ; montants comptables (« bilans »)"
2004,pensions servies sans régime complémentaire (numérateur),600.513,millions de dinars,annuaire CNSS : masse salariale déclarée au RSNA,"CNSS, annuaire statistique 2017 (arabe), série cnss-rsna-annuaires, tableau 30 (p. 52)","toutes natures, orphelins compris ; montants comptables (« bilans »)"
2005,pensions servies sans régime complémentaire (numérateur),669.789,millions de dinars,annuaire CNSS : masse salariale déclarée au RSNA,"CNSS, annuaire statistique 2017 (arabe), série cnss-rsna-annuaires, tableau 30 (p. 52)","toutes natures, orphelins compris ; montants comptables (« bilans »)"
2006,pensions servies sans régime complémentaire (numérateur),745.212,millions de dinars,annuaire CNSS : masse salariale déclarée au RSNA,"CNSS, annuaire statistique 2017 (arabe), série cnss-rsna-annuaires, tableau 30 (p. 52)","toutes natures, orphelins compris ; montants comptables (« bilans »)"
2007,pensions servies sans régime complémentaire (numérateur),831.701,millions de dinars,annuaire CNSS : masse salariale déclarée au RSNA,"CNSS, annuaire statistique 2017 (arabe), série cnss-rsna-annuaires, tableau 30 (p. 52)","toutes natures, orphelins compris ; montants comptables (« bilans »)"
2008,pensions servies sans régime complémentaire (numérateur),939.279,millions de dinars,annuaire CNSS : masse salariale déclarée au RSNA,"CNSS, annuaire statistique 2017 (arabe), série cnss-rsna-annuaires, tableau 30 (p. 52)","toutes natures, orphelins compris ; montants comptables (« bilans »)"
2009,pensions servies sans régime complémentaire (numérateur),1028.071,millions de dinars,annuaire CNSS : masse salariale déclarée au RSNA,"CNSS, annuaire statistique 2017 (arabe), série cnss-rsna-annuaires, tableau 30 (p. 52)","toutes natures, orphelins compris ; montants comptables (« bilans »)"
2010,pensions servies sans régime complémentaire (numérateur),1142.302,millions de dinars,annuaire CNSS : masse salariale déclarée au RSNA,"CNSS, annuaire statistique 2017 (arabe), série cnss-rsna-annuaires, tableau 30 (p. 52)","toutes natures, orphelins compris ; montants comptables (« bilans »)"
2011,pensions servies sans régime complémentaire (numérateur),1293.305,millions de dinars,annuaire CNSS : masse salariale déclarée au RSNA,"CNSS, annuaire statistique 2017 (arabe), série cnss-rsna-annuaires, tableau 30 (p. 52)","toutes natures, orphelins compris ; montants comptables (« bilans »)"
2012,pensions servies sans régime complémentaire (numérateur),1436.52,millions de dinars,annuaire CNSS : masse salariale déclarée au RSNA,"CNSS, annuaire statistique 2017 (arabe), série cnss-rsna-annuaires, tableau 30 (p. 52)","toutes natures, orphelins compris ; montants comptables (« bilans »)"
2013,pensions servies sans régime complémentaire (numérateur),1573.551,millions de dinars,annuaire CNSS : masse salariale déclarée au RSNA,"CNSS, annuaire statistique 2017 (arabe), série cnss-rsna-annuaires, tableau 30 (p. 52)","toutes natures, orphelins compris ; montants comptables (« bilans »)"
2014,pensions servies sans régime complémentaire (numérateur),1758.852,millions de dinars,annuaire CNSS : masse salariale déclarée au RSNA,"CNSS, annuaire statistique 2017 (arabe), série cnss-rsna-annuaires, tableau 30 (p. 52)","toutes natures, orphelins compris ; montants comptables (« bilans »)"
2015,pensions servies sans régime complémentaire (numérateur),1982.719,millions de dinars,annuaire CNSS : masse salariale déclarée au RSNA,"CNSS, annuaire statistique 2017 (arabe), série cnss-rsna-annuaires, tableau 30 (p. 52)","toutes natures, orphelins compris ; montants comptables (« bilans »)"
2016,pensions servies sans régime complémentaire (numérateur),2213.337,millions de dinars,annuaire CNSS : masse salariale déclarée au RSNA,"CNSS, annuaire statistique 2017 (arabe), série cnss-rsna-annuaires, tableau 30 (p. 52)","toutes natures, orphelins compris ; montants comptables (« bilans »)"
2017,pensions servies sans régime complémentaire (numérateur),2445.125,millions de dinars,annuaire CNSS : masse salariale déclarée au RSNA,"CNSS, annuaire statistique 2017 (arabe), série cnss-rsna-annuaires, tableau 30 (p. 52)","toutes natures, orphelins compris ; montants comptables (« bilans »)"
1980,pensions ÷ cotisations de pension,0.63829787,taux,"Banque mondiale 1993 : CAVIS, ensemble des régimes du privé ; cotisations de pension ÷ taux légal du RSNA","calcul ; Banque mondiale, The Social Protection System, rapport 11376-TUN (1993), annexe statistique, tableau 3, p. 85 (montants), tableau 5, p. 87 (effectifs), lecture image ; série bm1993-caisses",CAVIS ; ne dépend d'aucun taux ni d'aucune conversion
1985,pensions ÷ cotisations de pension,1.20408163,taux,"Banque mondiale 1993 : CAVIS, ensemble des régimes du privé ; cotisations de pension ÷ taux légal du RSNA","calcul ; Banque mondiale, The Social Protection System, rapport 11376-TUN (1993), annexe statistique, tableau 3, p. 85 (montants), tableau 5, p. 87 (effectifs), lecture image ; série bm1993-caisses",CAVIS ; ne dépend d'aucun taux ni d'aucune conversion
1986,pensions ÷ cotisations de pension,1.49081365,taux,"Banque mondiale 1993 : CAVIS, ensemble des régimes du privé ; cotisations de pension ÷ taux légal du RSNA","calcul ; Banque mondiale, The Social Protection System, rapport 11376-TUN (1993), annexe statistique, tableau 3, p. 85 (montants), tableau 5, p. 87 (effectifs), lecture image ; série bm1993-caisses",CAVIS ; ne dépend d'aucun taux ni d'aucune conversion
1987,pensions ÷ cotisations de pension,1.7460733,taux,"Banque mondiale 1993 : CAVIS, ensemble des régimes du privé ; cotisations de pension ÷ taux légal du RSNA","calcul ; Banque mondiale, The Social Protection System, rapport 11376-TUN (1993), annexe statistique, tableau 3, p. 85 (montants), tableau 5, p. 87 (effectifs), lecture image ; série bm1993-caisses",CAVIS ; ne dépend d'aucun taux ni d'aucune conversion
1988,pensions ÷ cotisations de pension,1.07152497,taux,"Banque mondiale 1993 : CAVIS, ensemble des régimes du privé ; cotisations de pension ÷ taux légal du RSNA","calcul ; Banque mondiale, The Social Protection System, rapport 11376-TUN (1993), annexe statistique, tableau 3, p. 85 (montants), tableau 5, p. 87 (effectifs), lecture image ; série bm1993-caisses",CAVIS ; ne dépend d'aucun taux ni d'aucune conversion
1989,pensions ÷ cotisations de pension,1.03673938,taux,"Banque mondiale 1993 : CAVIS, ensemble des régimes du privé ; cotisations de pension ÷ taux légal du RSNA","calcul ; Banque mondiale, The Social Protection System, rapport 11376-TUN (1993), annexe statistique, tableau 3, p. 85 (montants), tableau 5, p. 87 (effectifs), lecture image ; série bm1993-caisses",CAVIS ; ne dépend d'aucun taux ni d'aucune conversion
1990,pensions ÷ cotisations de pension,1.04247104,taux,"Banque mondiale 1993 : CAVIS, ensemble des régimes du privé ; cotisations de pension ÷ taux légal du RSNA","calcul ; Banque mondiale, The Social Protection System, rapport 11376-TUN (1993), annexe statistique, tableau 3, p. 85 (montants), tableau 5, p. 87 (effectifs), lecture image ; série bm1993-caisses",CAVIS ; ne dépend d'aucun taux ni d'aucune conversion
1991,pensions ÷ cotisations de pension,0.99271255,taux,"Banque mondiale 1993 : CAVIS, ensemble des régimes du privé ; cotisations de pension ÷ taux légal du RSNA","calcul ; Banque mondiale, The Social Protection System, rapport 11376-TUN (1993), annexe statistique, tableau 3, p. 85 (montants), tableau 5, p. 87 (effectifs), lecture image ; série bm1993-caisses",CAVIS ; ne dépend d'aucun taux ni d'aucune conversion
1980,rapport masse équivalent RSNA / masse tirée des cotisations de la CNSS,1.033724,taux,"Banque mondiale 1993 : CAVIS, ensemble des régimes du privé ; cotisations de pension ÷ taux légal du RSNA","calcul ; Banque mondiale, The Social Protection System, rapport 11376-TUN (1993), annexe statistique, tableau 3, p. 85 (montants), tableau 5, p. 87 (effectifs), lecture image ; série bm1993-caisses","contrôle : cotisations de la CNSS hors CAVIS ÷ 18,75 % ; ne doit pas sauter entre 1987 et 1988"
1985,rapport masse équivalent RSNA / masse tirée des cotisations de la CNSS,1.206897,taux,"Banque mondiale 1993 : CAVIS, ensemble des régimes du privé ; cotisations de pension ÷ taux légal du RSNA","calcul ; Banque mondiale, The Social Protection System, rapport 11376-TUN (1993), annexe statistique, tableau 3, p. 85 (montants), tableau 5, p. 87 (effectifs), lecture image ; série bm1993-caisses","contrôle : cotisations de la CNSS hors CAVIS ÷ 18,75 % ; ne doit pas sauter entre 1987 et 1988"
1986,rapport masse équivalent RSNA / masse tirée des cotisations de la CNSS,1.11014,taux,"Banque mondiale 1993 : CAVIS, ensemble des régimes du privé ; cotisations de pension ÷ taux légal du RSNA","calcul ; Banque mondiale, The Social Protection System, rapport 11376-TUN (1993), annexe statistique, tableau 3, p. 85 (montants), tableau 5, p. 87 (effectifs), lecture image ; série bm1993-caisses","contrôle : cotisations de la CNSS hors CAVIS ÷ 18,75 % ; ne doit pas sauter entre 1987 et 1988"
1987,rapport masse équivalent RSNA / masse tirée des cotisations de la CNSS,1.123529,taux,"Banque mondiale 1993 : CAVIS, ensemble des régimes du privé ; cotisations de pension ÷ taux légal du RSNA","calcul ; Banque mondiale, The Social Protection System, rapport 11376-TUN (1993), annexe statistique, tableau 3, p. 85 (montants), tableau 5, p. 87 (effectifs), lecture image ; série bm1993-caisses","contrôle : cotisations de la CNSS hors CAVIS ÷ 18,75 % ; ne doit pas sauter entre 1987 et 1988"
1988,rapport masse équivalent RSNA / masse tirée des cotisations de la CNSS,1.081426,taux,"Banque mondiale 1993 : CAVIS, ensemble des régimes du privé ; cotisations de pension ÷ taux légal du RSNA","calcul ; Banque mondiale, The Social Protection System, rapport 11376-TUN (1993), annexe statistique, tableau 3, p. 85 (montants), tableau 5, p. 87 (effectifs), lecture image ; série bm1993-caisses","contrôle : cotisations de la CNSS hors CAVIS ÷ 15,75 % ; ne doit pas sauter entre 1987 et 1988"
1989,rapport masse équivalent RSNA / masse tirée des cotisations de la CNSS,1.076448,taux,"Banque mondiale 1993 : CAVIS, ensemble des régimes du privé ; cotisations de pension ÷ taux légal du RSNA","calcul ; Banque mondiale, The Social Protection System, rapport 11376-TUN (1993), annexe statistique, tableau 3, p. 85 (montants), tableau 5, p. 87 (effectifs), lecture image ; série bm1993-caisses","contrôle : cotisations de la CNSS hors CAVIS ÷ 15,75 % ; ne doit pas sauter entre 1987 et 1988"
1990,rapport masse équivalent RSNA / masse tirée des cotisations de la CNSS,1.055707,taux,"Banque mondiale 1993 : CAVIS, ensemble des régimes du privé ; cotisations de pension ÷ taux légal du RSNA","calcul ; Banque mondiale, The Social Protection System, rapport 11376-TUN (1993), annexe statistique, tableau 3, p. 85 (montants), tableau 5, p. 87 (effectifs), lecture image ; série bm1993-caisses","contrôle : cotisations de la CNSS hors CAVIS ÷ 15,75 % ; ne doit pas sauter entre 1987 et 1988"
1991,rapport masse équivalent RSNA / masse tirée des cotisations de la CNSS,1.06875,taux,"Banque mondiale 1993 : CAVIS, ensemble des régimes du privé ; cotisations de pension ÷ taux légal du RSNA","calcul ; Banque mondiale, The Social Protection System, rapport 11376-TUN (1993), annexe statistique, tableau 3, p. 85 (montants), tableau 5, p. 87 (effectifs), lecture image ; série bm1993-caisses","contrôle : cotisations de la CNSS hors CAVIS ÷ 15,75 % ; ne doit pas sauter entre 1987 et 1988"
1980,ratio pensionnés / cotisants,0.08695186,taux,"Banque mondiale 1993 : CAVIS, ensemble des régimes du privé ; cotisations de pension ÷ taux légal du RSNA",calcul,pensionnés ÷ actifs
1985,ratio pensionnés / cotisants,0.13706615,taux,"Banque mondiale 1993 : CAVIS, ensemble des régimes du privé ; cotisations de pension ÷ taux légal du RSNA",calcul,pensionnés ÷ actifs
1986,ratio pensionnés / cotisants,0.16634069,taux,"Banque mondiale 1993 : CAVIS, ensemble des régimes du privé ; cotisations de pension ÷ taux légal du RSNA",calcul,pensionnés ÷ actifs
1987,ratio pensionnés / cotisants,0.18823085,taux,"Banque mondiale 1993 : CAVIS, ensemble des régimes du privé ; cotisations de pension ÷ taux légal du RSNA",calcul,pensionnés ÷ actifs
1988,ratio pensionnés / cotisants,0.19336384,taux,"Banque mondiale 1993 : CAVIS, ensemble des régimes du privé ; cotisations de pension ÷ taux légal du RSNA",calcul,pensionnés ÷ actifs
1989,ratio pensionnés / cotisants,0.19134386,taux,"Banque mondiale 1993 : CAVIS, ensemble des régimes du privé ; cotisations de pension ÷ taux légal du RSNA",calcul,pensionnés ÷ actifs
1990,ratio pensionnés / cotisants,0.19129604,taux,"Banque mondiale 1993 : CAVIS, ensemble des régimes du privé ; cotisations de pension ÷ taux légal du RSNA",calcul,pensionnés ÷ actifs
1991,ratio pensionnés / cotisants,0.20463646,taux,"Banque mondiale 1993 : CAVIS, ensemble des régimes du privé ; cotisations de pension ÷ taux légal du RSNA",calcul,pensionnés ÷ actifs
2000,ratio pensionnés / cotisants,0.28028056,taux,annuaire CNSS : masse salariale déclarée au RSNA,calcul,"pensionnés de toutes natures ÷ actifs ; l'inverse n'est pas le rapport démographique publié, qui exclut les orphelins"
2001,ratio pensionnés / cotisants,0.28709794,taux,annuaire CNSS : masse salariale déclarée au RSNA,calcul,"pensionnés de toutes natures ÷ actifs ; l'inverse n'est pas le rapport démographique publié, qui exclut les orphelins"
2002,ratio pensionnés / cotisants,0.29807883,taux,annuaire CNSS : masse salariale déclarée au RSNA,calcul,"pensionnés de toutes natures ÷ actifs ; l'inverse n'est pas le rapport démographique publié, qui exclut les orphelins"
2003,ratio pensionnés / cotisants,0.31635246,taux,annuaire CNSS : masse salariale déclarée au RSNA,calcul,"pensionnés de toutes natures ÷ actifs ; l'inverse n'est pas le rapport démographique publié, qui exclut les orphelins"
2004,ratio pensionnés / cotisants,0.3257215,taux,annuaire CNSS : masse salariale déclarée au RSNA,calcul,"pensionnés de toutes natures ÷ actifs ; l'inverse n'est pas le rapport démographique publié, qui exclut les orphelins"
2005,ratio pensionnés / cotisants,0.33426937,taux,annuaire CNSS : masse salariale déclarée au RSNA,calcul,"pensionnés de toutes natures ÷ actifs ; l'inverse n'est pas le rapport démographique publié, qui exclut les orphelins"
2006,ratio pensionnés / cotisants,0.33383586,taux,annuaire CNSS : masse salariale déclarée au RSNA,calcul,"pensionnés de toutes natures ÷ actifs ; l'inverse n'est pas le rapport démographique publié, qui exclut les orphelins"
2007,ratio pensionnés / cotisants,0.33360725,taux,annuaire CNSS : masse salariale déclarée au RSNA,calcul,"pensionnés de toutes natures ÷ actifs ; l'inverse n'est pas le rapport démographique publié, qui exclut les orphelins"
2008,ratio pensionnés / cotisants,0.32779595,taux,annuaire CNSS : masse salariale déclarée au RSNA,calcul,"pensionnés de toutes natures ÷ actifs ; l'inverse n'est pas le rapport démographique publié, qui exclut les orphelins"
2009,ratio pensionnés / cotisants,0.3288265,taux,annuaire CNSS : masse salariale déclarée au RSNA,calcul,"pensionnés de toutes natures ÷ actifs ; l'inverse n'est pas le rapport démographique publié, qui exclut les orphelins"
2010,ratio pensionnés / cotisants,0.32361448,taux,annuaire CNSS : masse salariale déclarée au RSNA,calcul,"pensionnés de toutes natures ÷ actifs ; l'inverse n'est pas le rapport démographique publié, qui exclut les orphelins"
2011,ratio pensionnés / cotisants,0.33198648,taux,annuaire CNSS : masse salariale déclarée au RSNA,calcul,"pensionnés de toutes natures ÷ actifs ; l'inverse n'est pas le rapport démographique publié, qui exclut les orphelins"
2012,ratio pensionnés / cotisants,0.36278224,taux,annuaire CNSS : masse salariale déclarée au RSNA,calcul,"pensionnés de toutes natures ÷ actifs ; l'inverse n'est pas le rapport démographique publié, qui exclut les orphelins"
2013,ratio pensionnés / cotisants,0.37628331,taux,annuaire CNSS : masse salariale déclarée au RSNA,calcul,"pensionnés de toutes natures ÷ actifs ; l'inverse n'est pas le rapport démographique publié, qui exclut les orphelins"
2014,ratio pensionnés / cotisants,0.39167227,taux,annuaire CNSS : masse salariale déclarée au RSNA,calcul,"pensionnés de toutes natures ÷ actifs ; l'inverse n'est pas le rapport démographique publié, qui exclut les orphelins"
2015,ratio pensionnés / cotisants,0.40492264,taux,annuaire CNSS : masse salariale déclarée au RSNA,calcul,"pensionnés de toutes natures ÷ actifs ; l'inverse n'est pas le rapport démographique publié, qui exclut les orphelins"
2016,ratio pensionnés / cotisants,0.43897558,taux,annuaire CNSS : masse salariale déclarée au RSNA,calcul,"pensionnés de toutes natures ÷ actifs ; l'inverse n'est pas le rapport démographique publié, qui exclut les orphelins"
2017,ratio pensionnés / cotisants,0.4527853,taux,annuaire CNSS : masse salariale déclarée au RSNA,calcul,"pensionnés de toutes natures ÷ actifs ; l'inverse n'est pas le rapport démographique publié, qui exclut les orphelins"
1980,salaire moyen mensuel,84.04,dinars par mois,"Banque mondiale 1993 : CAVIS, ensemble des régimes du privé ; cotisations de pension ÷ taux légal du RSNA",calcul,dénominateur ÷ actifs ÷ 12 ; salaire « équivalent RSNA »
1985,salaire moyen mensuel,122.84,dinars par mois,"Banque mondiale 1993 : CAVIS, ensemble des régimes du privé ; cotisations de pension ÷ taux légal du RSNA",calcul,dénominateur ÷ actifs ÷ 12 ; salaire « équivalent RSNA »
1986,salaire moyen mensuel,118.28,dinars par mois,"Banque mondiale 1993 : CAVIS, ensemble des régimes du privé ; cotisations de pension ÷ taux légal du RSNA",calcul,dénominateur ÷ actifs ÷ 12 ; salaire « équivalent RSNA »
1987,salaire moyen mensuel,120.27,dinars par mois,"Banque mondiale 1993 : CAVIS, ensemble des régimes du privé ; cotisations de pension ÷ taux légal du RSNA",calcul,dénominateur ÷ actifs ÷ 12 ; salaire « équivalent RSNA »
1988,salaire moyen mensuel,135.87,dinars par mois,"Banque mondiale 1993 : CAVIS, ensemble des régimes du privé ; cotisations de pension ÷ taux légal du RSNA",calcul,dénominateur ÷ actifs ÷ 12 ; salaire « équivalent RSNA »
1989,salaire moyen mensuel,141.66,dinars par mois,"Banque mondiale 1993 : CAVIS, ensemble des régimes du privé ; cotisations de pension ÷ taux légal du RSNA",calcul,dénominateur ÷ actifs ÷ 12 ; salaire « équivalent RSNA »
1990,salaire moyen mensuel,156.13,dinars par mois,"Banque mondiale 1993 : CAVIS, ensemble des régimes du privé ; cotisations de pension ÷ taux légal du RSNA",calcul,dénominateur ÷ actifs ÷ 12 ; salaire « équivalent RSNA »
1991,salaire moyen mensuel,180.75,dinars par mois,"Banque mondiale 1993 : CAVIS, ensemble des régimes du privé ; cotisations de pension ÷ taux légal du RSNA",calcul,dénominateur ÷ actifs ÷ 12 ; salaire « équivalent RSNA »
2000,salaire moyen mensuel,288.58,dinars par mois,annuaire CNSS : masse salariale déclarée au RSNA,calcul,"dénominateur ÷ actifs non-assujettis compris ÷ 12 ; la caisse publie 3469 D par an, rapporté aux seuls salariés déclarés"
2001,salaire moyen mensuel,305.63,dinars par mois,annuaire CNSS : masse salariale déclarée au RSNA,calcul,"dénominateur ÷ actifs non-assujettis compris ÷ 12 ; la caisse publie 3673 D par an, rapporté aux seuls salariés déclarés"
2002,salaire moyen mensuel,320.89,dinars par mois,annuaire CNSS : masse salariale déclarée au RSNA,calcul,"dénominateur ÷ actifs non-assujettis compris ÷ 12 ; la caisse publie 3856 D par an, rapporté aux seuls salariés déclarés"
2003,salaire moyen mensuel,344.72,dinars par mois,annuaire CNSS : masse salariale déclarée au RSNA,calcul,"dénominateur ÷ actifs non-assujettis compris ÷ 12 ; la caisse publie 4142 D par an, rapporté aux seuls salariés déclarés"
2004,salaire moyen mensuel,363.52,dinars par mois,annuaire CNSS : masse salariale déclarée au RSNA,calcul,"dénominateur ÷ actifs non-assujettis compris ÷ 12 ; la caisse publie 4368 D par an, rapporté aux seuls salariés déclarés"
2005,salaire moyen mensuel,379.49,dinars par mois,annuaire CNSS : masse salariale déclarée au RSNA,calcul,"dénominateur ÷ actifs non-assujettis compris ÷ 12 ; la caisse publie 4560 D par an, rapporté aux seuls salariés déclarés"
2006,salaire moyen mensuel,412.3,dinars par mois,annuaire CNSS : masse salariale déclarée au RSNA,calcul,"dénominateur ÷ actifs non-assujettis compris ÷ 12 ; la caisse publie 4954 D par an, rapporté aux seuls salariés déclarés"
2007,salaire moyen mensuel,432.0,dinars par mois,annuaire CNSS : masse salariale déclarée au RSNA,calcul,"dénominateur ÷ actifs non-assujettis compris ÷ 12 ; la caisse publie 5190 D par an, rapporté aux seuls salariés déclarés"
2008,salaire moyen mensuel,453.79,dinars par mois,annuaire CNSS : masse salariale déclarée au RSNA,calcul,"dénominateur ÷ actifs non-assujettis compris ÷ 12 ; la caisse publie 5451 D par an, rapporté aux seuls salariés déclarés"
2009,salaire moyen mensuel,488.29,dinars par mois,annuaire CNSS : masse salariale déclarée au RSNA,calcul,"dénominateur ÷ actifs non-assujettis compris ÷ 12 ; la caisse publie 5865 D par an, rapporté aux seuls salariés déclarés"
2010,salaire moyen mensuel,519.12,dinars par mois,annuaire CNSS : masse salariale déclarée au RSNA,calcul,"dénominateur ÷ actifs non-assujettis compris ÷ 12 ; la caisse publie 6235 D par an, rapporté aux seuls salariés déclarés"
2011,salaire moyen mensuel,573.91,dinars par mois,annuaire CNSS : masse salariale déclarée au RSNA,calcul,"dénominateur ÷ actifs non-assujettis compris ÷ 12 ; la caisse publie 6893 D par an, rapporté aux seuls salariés déclarés"
2012,salaire moyen mensuel,638.91,dinars par mois,annuaire CNSS : masse salariale déclarée au RSNA,calcul,"dénominateur ÷ actifs non-assujettis compris ÷ 12 ; la caisse publie 7674 D par an, rapporté aux seuls salariés déclarés"
2013,salaire moyen mensuel,707.26,dinars par mois,annuaire CNSS : masse salariale déclarée au RSNA,calcul,"dénominateur ÷ actifs non-assujettis compris ÷ 12 ; la caisse publie 8495 D par an, rapporté aux seuls salariés déclarés"
2014,salaire moyen mensuel,749.18,dinars par mois,annuaire CNSS : masse salariale déclarée au RSNA,calcul,"dénominateur ÷ actifs non-assujettis compris ÷ 12 ; la caisse publie 8998 D par an, rapporté aux seuls salariés déclarés"
2015,salaire moyen mensuel,798.61,dinars par mois,annuaire CNSS : masse salariale déclarée au RSNA,calcul,"dénominateur ÷ actifs non-assujettis compris ÷ 12 ; la caisse publie 9591 D par an, rapporté aux seuls salariés déclarés"
2016,salaire moyen mensuel,861.83,dinars par mois,annuaire CNSS : masse salariale déclarée au RSNA,calcul,"dénominateur ÷ actifs non-assujettis compris ÷ 12 ; la caisse publie 10350 D par an, rapporté aux seuls salariés déclarés"
2017,salaire moyen mensuel,921.11,dinars par mois,annuaire CNSS : masse salariale déclarée au RSNA,calcul,"dénominateur ÷ actifs non-assujettis compris ÷ 12 ; la caisse publie 11062 D par an, rapporté aux seuls salariés déclarés"
1980,taux d'équilibre,0.03191489,taux,"Banque mondiale 1993 : CAVIS, ensemble des régimes du privé ; cotisations de pension ÷ taux légal du RSNA",calcul,numérateur ÷ dénominateur = remplacement apparent × ratio pensionnés / cotisants = (pensions ÷ cotisations) × taux légal ; avant la loi n° 81-6 : RSNA et régimes conventionnels fusionnés
1985,taux d'équilibre,0.06020408,taux,"Banque mondiale 1993 : CAVIS, ensemble des régimes du privé ; cotisations de pension ÷ taux légal du RSNA",calcul,"numérateur ÷ dénominateur = remplacement apparent × ratio pensionnés / cotisants = (pensions ÷ cotisations) × taux légal ; salariés agricoles à 5,25 % contre 5 % : biais faible, à la baisse de τ*"
1986,taux d'équilibre,0.07454068,taux,"Banque mondiale 1993 : CAVIS, ensemble des régimes du privé ; cotisations de pension ÷ taux légal du RSNA",calcul,"numérateur ÷ dénominateur = remplacement apparent × ratio pensionnés / cotisants = (pensions ÷ cotisations) × taux légal ; salariés agricoles à 5,25 % contre 5 % : biais faible, à la baisse de τ*"
1987,taux d'équilibre,0.08730366,taux,"Banque mondiale 1993 : CAVIS, ensemble des régimes du privé ; cotisations de pension ÷ taux légal du RSNA",calcul,"numérateur ÷ dénominateur = remplacement apparent × ratio pensionnés / cotisants = (pensions ÷ cotisations) × taux légal ; salariés agricoles à 5,25 % contre 5 % : biais faible, à la baisse de τ*"
1988,taux d'équilibre,0.085722,taux,"Banque mondiale 1993 : CAVIS, ensemble des régimes du privé ; cotisations de pension ÷ taux légal du RSNA",calcul,"numérateur ÷ dénominateur = remplacement apparent × ratio pensionnés / cotisants = (pensions ÷ cotisations) × taux légal ; taux du RSNA le plus haut des régimes : masse sous-estimée, τ* majorant pour l'ensemble"
1989,taux d'équilibre,0.08293915,taux,"Banque mondiale 1993 : CAVIS, ensemble des régimes du privé ; cotisations de pension ÷ taux légal du RSNA",calcul,"numérateur ÷ dénominateur = remplacement apparent × ratio pensionnés / cotisants = (pensions ÷ cotisations) × taux légal ; taux du RSNA le plus haut des régimes : masse sous-estimée, τ* majorant pour l'ensemble"
1990,taux d'équilibre,0.08339768,taux,"Banque mondiale 1993 : CAVIS, ensemble des régimes du privé ; cotisations de pension ÷ taux légal du RSNA",calcul,"numérateur ÷ dénominateur = remplacement apparent × ratio pensionnés / cotisants = (pensions ÷ cotisations) × taux légal ; taux du RSNA le plus haut des régimes : masse sous-estimée, τ* majorant pour l'ensemble"
1991,taux d'équilibre,0.079417,taux,"Banque mondiale 1993 : CAVIS, ensemble des régimes du privé ; cotisations de pension ÷ taux légal du RSNA",calcul,"numérateur ÷ dénominateur = remplacement apparent × ratio pensionnés / cotisants = (pensions ÷ cotisations) × taux légal ; taux du RSNA le plus haut des régimes : masse sous-estimée, τ* majorant pour l'ensemble"
2000,taux d'équilibre,0.14048867,taux,annuaire CNSS : masse salariale déclarée au RSNA,calcul,numérateur ÷ dénominateur = remplacement apparent × ratio pensionnés / cotisants
2001,taux d'équilibre,0.13878507,taux,annuaire CNSS : masse salariale déclarée au RSNA,calcul,numérateur ÷ dénominateur = remplacement apparent × ratio pensionnés / cotisants
2002,taux d'équilibre,0.14479584,taux,annuaire CNSS : masse salariale déclarée au RSNA,calcul,numérateur ÷ dénominateur = remplacement apparent × ratio pensionnés / cotisants
2003,taux d'équilibre,0.15109561,taux,annuaire CNSS : masse salariale déclarée au RSNA,calcul,numérateur ÷ dénominateur = remplacement apparent × ratio pensionnés / cotisants
2004,taux d'équilibre,0.15793474,taux,annuaire CNSS : masse salariale déclarée au RSNA,calcul,numérateur ÷ dénominateur = remplacement apparent × ratio pensionnés / cotisants
2005,taux d'équilibre,0.16383134,taux,annuaire CNSS : masse salariale déclarée au RSNA,calcul,numérateur ÷ dénominateur = remplacement apparent × ratio pensionnés / cotisants
2006,taux d'équilibre,0.16070167,taux,annuaire CNSS : masse salariale déclarée au RSNA,calcul,numérateur ÷ dénominateur = remplacement apparent × ratio pensionnés / cotisants
2007,taux d'équilibre,0.16156731,taux,annuaire CNSS : masse salariale déclarée au RSNA,calcul,numérateur ÷ dénominateur = remplacement apparent × ratio pensionnés / cotisants
2008,taux d'équilibre,0.16230874,taux,annuaire CNSS : masse salariale déclarée au RSNA,calcul,numérateur ÷ dénominateur = remplacement apparent × ratio pensionnés / cotisants
2009,taux d'équilibre,0.15779186,taux,annuaire CNSS : masse salariale déclarée au RSNA,calcul,numérateur ÷ dénominateur = remplacement apparent × ratio pensionnés / cotisants
2010,taux d'équilibre,0.15748166,taux,annuaire CNSS : masse salariale déclarée au RSNA,calcul,numérateur ÷ dénominateur = remplacement apparent × ratio pensionnés / cotisants
2011,taux d'équilibre,0.16147825,taux,annuaire CNSS : masse salariale déclarée au RSNA,calcul,numérateur ÷ dénominateur = remplacement apparent × ratio pensionnés / cotisants
2012,taux d'équilibre,0.16278626,taux,annuaire CNSS : masse salariale déclarée au RSNA,calcul,numérateur ÷ dénominateur = remplacement apparent × ratio pensionnés / cotisants
2013,taux d'équilibre,0.15987326,taux,annuaire CNSS : masse salariale déclarée au RSNA,calcul,numérateur ÷ dénominateur = remplacement apparent × ratio pensionnés / cotisants
2014,taux d'équilibre,0.1666898,taux,annuaire CNSS : masse salariale déclarée au RSNA,calcul,numérateur ÷ dénominateur = remplacement apparent × ratio pensionnés / cotisants
2015,taux d'équilibre,0.17557739,taux,annuaire CNSS : masse salariale déclarée au RSNA,calcul,numérateur ÷ dénominateur = remplacement apparent × ratio pensionnés / cotisants
2016,taux d'équilibre,0.18101668,taux,annuaire CNSS : masse salariale déclarée au RSNA,calcul,numérateur ÷ dénominateur = remplacement apparent × ratio pensionnés / cotisants
2017,taux d'équilibre,0.17986081,taux,annuaire CNSS : masse salariale déclarée au RSNA,calcul,numérateur ÷ dénominateur = remplacement apparent × ratio pensionnés / cotisants
2000,"taux d'équilibre, avec régime complémentaire",0.14430497,taux,annuaire CNSS : masse salariale déclarée au RSNA,"calcul ; CNSS, annuaire statistique 2017 (arabe), série cnss-rsna-annuaires, tableau 29 (p. 51)","indicateur à part : le régime complémentaire, facultatif, est assis sur la tranche au-delà de six SMIG, alors que le dénominateur couvre tous les salaires déclarés"
2001,"taux d'équilibre, avec régime complémentaire",0.14292642,taux,annuaire CNSS : masse salariale déclarée au RSNA,"calcul ; CNSS, annuaire statistique 2017 (arabe), série cnss-rsna-annuaires, tableau 29 (p. 51)","indicateur à part : le régime complémentaire, facultatif, est assis sur la tranche au-delà de six SMIG, alors que le dénominateur couvre tous les salaires déclarés"
2002,"taux d'équilibre, avec régime complémentaire",0.14923832,taux,annuaire CNSS : masse salariale déclarée au RSNA,"calcul ; CNSS, annuaire statistique 2017 (arabe), série cnss-rsna-annuaires, tableau 29 (p. 51)","indicateur à part : le régime complémentaire, facultatif, est assis sur la tranche au-delà de six SMIG, alors que le dénominateur couvre tous les salaires déclarés"
2003,"taux d'équilibre, avec régime complémentaire",0.15594961,taux,annuaire CNSS : masse salariale déclarée au RSNA,"calcul ; CNSS, annuaire statistique 2017 (arabe), série cnss-rsna-annuaires, tableau 29 (p. 51)","indicateur à part : le régime complémentaire, facultatif, est assis sur la tranche au-delà de six SMIG, alors que le dénominateur couvre tous les salaires déclarés"
2004,"taux d'équilibre, avec régime complémentaire",0.16334122,taux,annuaire CNSS : masse salariale déclarée au RSNA,"calcul ; CNSS, annuaire statistique 2017 (arabe), série cnss-rsna-annuaires, tableau 29 (p. 51)","indicateur à part : le régime complémentaire, facultatif, est assis sur la tranche au-delà de six SMIG, alors que le dénominateur couvre tous les salaires déclarés"
2005,"taux d'équilibre, avec régime complémentaire",0.1697145,taux,annuaire CNSS : masse salariale déclarée au RSNA,"calcul ; CNSS, annuaire statistique 2017 (arabe), série cnss-rsna-annuaires, tableau 29 (p. 51)","indicateur à part : le régime complémentaire, facultatif, est assis sur la tranche au-delà de six SMIG, alors que le dénominateur couvre tous les salaires déclarés"
2006,"taux d'équilibre, avec régime complémentaire",0.16670395,taux,annuaire CNSS : masse salariale déclarée au RSNA,"calcul ; CNSS, annuaire statistique 2017 (arabe), série cnss-rsna-annuaires, tableau 29 (p. 51)","indicateur à part : le régime complémentaire, facultatif, est assis sur la tranche au-delà de six SMIG, alors que le dénominateur couvre tous les salaires déclarés"
2007,"taux d'équilibre, avec régime complémentaire",0.16830254,taux,annuaire CNSS : masse salariale déclarée au RSNA,"calcul ; CNSS, annuaire statistique 2017 (arabe), série cnss-rsna-annuaires, tableau 29 (p. 51)","indicateur à part : le régime complémentaire, facultatif, est assis sur la tranche au-delà de six SMIG, alors que le dénominateur couvre tous les salaires déclarés"
2008,"taux d'équilibre, avec régime complémentaire",0.1688199,taux,annuaire CNSS : masse salariale déclarée au RSNA,"calcul ; CNSS, annuaire statistique 2017 (arabe), série cnss-rsna-annuaires, tableau 29 (p. 51)","indicateur à part : le régime complémentaire, facultatif, est assis sur la tranche au-delà de six SMIG, alors que le dénominateur couvre tous les salaires déclarés"
2009,"taux d'équilibre, avec régime complémentaire",0.16437001,taux,annuaire CNSS : masse salariale déclarée au RSNA,"calcul ; CNSS, annuaire statistique 2017 (arabe), série cnss-rsna-annuaires, tableau 29 (p. 51)","indicateur à part : le régime complémentaire, facultatif, est assis sur la tranche au-delà de six SMIG, alors que le dénominateur couvre tous les salaires déclarés"
2010,"taux d'équilibre, avec régime complémentaire",0.16403238,taux,annuaire CNSS : masse salariale déclarée au RSNA,"calcul ; CNSS, annuaire statistique 2017 (arabe), série cnss-rsna-annuaires, tableau 29 (p. 51)","indicateur à part : le régime complémentaire, facultatif, est assis sur la tranche au-delà de six SMIG, alors que le dénominateur couvre tous les salaires déclarés"
2011,"taux d'équilibre, avec régime complémentaire",0.16817932,taux,annuaire CNSS : masse salariale déclarée au RSNA,"calcul ; CNSS, annuaire statistique 2017 (arabe), série cnss-rsna-annuaires, tableau 29 (p. 51)","indicateur à part : le régime complémentaire, facultatif, est assis sur la tranche au-delà de six SMIG, alors que le dénominateur couvre tous les salaires déclarés"
2012,"taux d'équilibre, avec régime complémentaire",0.16959984,taux,annuaire CNSS : masse salariale déclarée au RSNA,"calcul ; CNSS, annuaire statistique 2017 (arabe), série cnss-rsna-annuaires, tableau 29 (p. 51)","indicateur à part : le régime complémentaire, facultatif, est assis sur la tranche au-delà de six SMIG, alors que le dénominateur couvre tous les salaires déclarés"
2013,"taux d'équilibre, avec régime complémentaire",0.16675038,taux,annuaire CNSS : masse salariale déclarée au RSNA,"calcul ; CNSS, annuaire statistique 2017 (arabe), série cnss-rsna-annuaires, tableau 29 (p. 51)","indicateur à part : le régime complémentaire, facultatif, est assis sur la tranche au-delà de six SMIG, alors que le dénominateur couvre tous les salaires déclarés"
2014,"taux d'équilibre, avec régime complémentaire",0.17432946,taux,annuaire CNSS : masse salariale déclarée au RSNA,"calcul ; CNSS, annuaire statistique 2017 (arabe), série cnss-rsna-annuaires, tableau 29 (p. 51)","indicateur à part : le régime complémentaire, facultatif, est assis sur la tranche au-delà de six SMIG, alors que le dénominateur couvre tous les salaires déclarés"
2015,"taux d'équilibre, avec régime complémentaire",0.18416649,taux,annuaire CNSS : masse salariale déclarée au RSNA,"calcul ; CNSS, annuaire statistique 2017 (arabe), série cnss-rsna-annuaires, tableau 29 (p. 51)","indicateur à part : le régime complémentaire, facultatif, est assis sur la tranche au-delà de six SMIG, alors que le dénominateur couvre tous les salaires déclarés"
2016,"taux d'équilibre, avec régime complémentaire",0.18992334,taux,annuaire CNSS : masse salariale déclarée au RSNA,"calcul ; CNSS, annuaire statistique 2017 (arabe), série cnss-rsna-annuaires, tableau 29 (p. 51)","indicateur à part : le régime complémentaire, facultatif, est assis sur la tranche au-delà de six SMIG, alors que le dénominateur couvre tous les salaires déclarés"
2017,"taux d'équilibre, avec régime complémentaire",0.18875872,taux,annuaire CNSS : masse salariale déclarée au RSNA,"calcul ; CNSS, annuaire statistique 2017 (arabe), série cnss-rsna-annuaires, tableau 29 (p. 51)","indicateur à part : le régime complémentaire, facultatif, est assis sur la tranche au-delà de six SMIG, alors que le dénominateur couvre tous les salaires déclarés"
1980,taux de remplacement apparent,0.36704096,taux,"Banque mondiale 1993 : CAVIS, ensemble des régimes du privé ; cotisations de pension ÷ taux légal du RSNA",calcul,pension moyenne ÷ salaire moyen
1985,taux de remplacement apparent,0.43923378,taux,"Banque mondiale 1993 : CAVIS, ensemble des régimes du privé ; cotisations de pension ÷ taux légal du RSNA",calcul,pension moyenne ÷ salaire moyen
1986,taux de remplacement apparent,0.44812055,taux,"Banque mondiale 1993 : CAVIS, ensemble des régimes du privé ; cotisations de pension ÷ taux légal du RSNA",calcul,pension moyenne ÷ salaire moyen
1987,taux de remplacement apparent,0.46381167,taux,"Banque mondiale 1993 : CAVIS, ensemble des régimes du privé ; cotisations de pension ÷ taux légal du RSNA",calcul,pension moyenne ÷ salaire moyen
1988,taux de remplacement apparent,0.44331968,taux,"Banque mondiale 1993 : CAVIS, ensemble des régimes du privé ; cotisations de pension ÷ taux légal du RSNA",calcul,pension moyenne ÷ salaire moyen
1989,taux de remplacement apparent,0.43345604,taux,"Banque mondiale 1993 : CAVIS, ensemble des régimes du privé ; cotisations de pension ÷ taux légal du RSNA",calcul,pension moyenne ÷ salaire moyen
1990,taux de remplacement apparent,0.43596136,taux,"Banque mondiale 1993 : CAVIS, ensemble des régimes du privé ; cotisations de pension ÷ taux légal du RSNA",calcul,pension moyenne ÷ salaire moyen
1991,taux de remplacement apparent,0.38808824,taux,"Banque mondiale 1993 : CAVIS, ensemble des régimes du privé ; cotisations de pension ÷ taux légal du RSNA",calcul,pension moyenne ÷ salaire moyen
2000,taux de remplacement apparent,0.501243,taux,annuaire CNSS : masse salariale déclarée au RSNA,calcul,pension moyenne ÷ salaire moyen
2001,taux de remplacement apparent,0.48340671,taux,annuaire CNSS : masse salariale déclarée au RSNA,calcul,pension moyenne ÷ salaire moyen
2002,taux de remplacement apparent,0.48576357,taux,annuaire CNSS : masse salariale déclarée au RSNA,calcul,pension moyenne ÷ salaire moyen
2003,taux de remplacement apparent,0.47761794,taux,annuaire CNSS : masse salariale déclarée au RSNA,calcul,pension moyenne ÷ salaire moyen
2004,taux de remplacement apparent,0.48487662,taux,annuaire CNSS : masse salariale déclarée au RSNA,calcul,pension moyenne ÷ salaire moyen
2005,taux de remplacement apparent,0.49011773,taux,annuaire CNSS : masse salariale déclarée au RSNA,calcul,pension moyenne ÷ salaire moyen
2006,taux de remplacement apparent,0.48137928,taux,annuaire CNSS : masse salariale déclarée au RSNA,calcul,pension moyenne ÷ salaire moyen
2007,taux de remplacement apparent,0.48430394,taux,annuaire CNSS : masse salariale déclarée au RSNA,calcul,pension moyenne ÷ salaire moyen
2008,taux de remplacement apparent,0.49515176,taux,annuaire CNSS : masse salariale déclarée au RSNA,calcul,pension moyenne ÷ salaire moyen
2009,taux de remplacement apparent,0.47986357,taux,annuaire CNSS : masse salariale déclarée au RSNA,calcul,pension moyenne ÷ salaire moyen
2010,taux de remplacement apparent,0.48663353,taux,annuaire CNSS : masse salariale déclarée au RSNA,calcul,pension moyenne ÷ salaire moyen
2011,taux de remplacement apparent,0.48640007,taux,annuaire CNSS : masse salariale déclarée au RSNA,calcul,pension moyenne ÷ salaire moyen
2012,taux de remplacement apparent,0.44871616,taux,annuaire CNSS : masse salariale déclarée au RSNA,calcul,pension moyenne ÷ salaire moyen
2013,taux de remplacement apparent,0.4248747,taux,annuaire CNSS : masse salariale déclarée au RSNA,calcul,pension moyenne ÷ salaire moyen
2014,taux de remplacement apparent,0.42558488,taux,annuaire CNSS : masse salariale déclarée au RSNA,calcul,pension moyenne ÷ salaire moyen
2015,taux de remplacement apparent,0.43360723,taux,annuaire CNSS : masse salariale déclarée au RSNA,calcul,pension moyenne ÷ salaire moyen
2016,taux de remplacement apparent,0.41236162,taux,annuaire CNSS : masse salariale déclarée au RSNA,calcul,pension moyenne ÷ salaire moyen
2017,taux de remplacement apparent,0.397232,taux,annuaire CNSS : masse salariale déclarée au RSNA,calcul,pension moyenne ÷ salaire moyen
1980,"taux légal de la branche pensions, lecture en points",0.05,taux,"Banque mondiale 1993 : CAVIS, ensemble des régimes du privé ; cotisations de pension ÷ taux légal du RSNA","décret n° 74-499 du 27 avril 1974, art. 5 b) et 9, JORT n° 30 du 30 avril - 3 mai 1974, p. 915-916 (https://www.pist.tn/jort/1974/1974F/Jo03074.pdf) ; décret n° 88-1137 du 11 juin 1988, art. 1er (art. 5 b nouveau) et 2, JORT n° 43 du 24 juin 1988, p. 942 (https://www.pist.tn/jort/1988/1988F/Jo04388.pdf) ; loi n° 60-30 du 14 décembre 1960, art. 41, JORT n° 57 du 13-16 décembre 1960, p. 1605 (https://www.pist.tn/jort/1960/1960F/Jo05760.pdf) ; Banque mondiale, rapport 11376-TUN (1993), annexe statistique, tableau 6, p. 88 (8,00 % en 1991)","3,75 % (décret n° 74-499, art. 9) + 1,25/20e de la masse des cotisations de la loi n° 60-30 (décret n° 74-499, art. 5 b) ; taux du seul RSNA"
1985,"taux légal de la branche pensions, lecture en points",0.05,taux,"Banque mondiale 1993 : CAVIS, ensemble des régimes du privé ; cotisations de pension ÷ taux légal du RSNA","décret n° 74-499 du 27 avril 1974, art. 5 b) et 9, JORT n° 30 du 30 avril - 3 mai 1974, p. 915-916 (https://www.pist.tn/jort/1974/1974F/Jo03074.pdf) ; décret n° 88-1137 du 11 juin 1988, art. 1er (art. 5 b nouveau) et 2, JORT n° 43 du 24 juin 1988, p. 942 (https://www.pist.tn/jort/1988/1988F/Jo04388.pdf) ; loi n° 60-30 du 14 décembre 1960, art. 41, JORT n° 57 du 13-16 décembre 1960, p. 1605 (https://www.pist.tn/jort/1960/1960F/Jo05760.pdf) ; Banque mondiale, rapport 11376-TUN (1993), annexe statistique, tableau 6, p. 88 (8,00 % en 1991)","3,75 % (décret n° 74-499, art. 9) + 1,25/20e de la masse des cotisations de la loi n° 60-30 (décret n° 74-499, art. 5 b) ; taux du seul RSNA"
1986,"taux légal de la branche pensions, lecture en points",0.05,taux,"Banque mondiale 1993 : CAVIS, ensemble des régimes du privé ; cotisations de pension ÷ taux légal du RSNA","décret n° 74-499 du 27 avril 1974, art. 5 b) et 9, JORT n° 30 du 30 avril - 3 mai 1974, p. 915-916 (https://www.pist.tn/jort/1974/1974F/Jo03074.pdf) ; décret n° 88-1137 du 11 juin 1988, art. 1er (art. 5 b nouveau) et 2, JORT n° 43 du 24 juin 1988, p. 942 (https://www.pist.tn/jort/1988/1988F/Jo04388.pdf) ; loi n° 60-30 du 14 décembre 1960, art. 41, JORT n° 57 du 13-16 décembre 1960, p. 1605 (https://www.pist.tn/jort/1960/1960F/Jo05760.pdf) ; Banque mondiale, rapport 11376-TUN (1993), annexe statistique, tableau 6, p. 88 (8,00 % en 1991)","3,75 % (décret n° 74-499, art. 9) + 1,25/20e de la masse des cotisations de la loi n° 60-30 (décret n° 74-499, art. 5 b) ; taux du seul RSNA"
1987,"taux légal de la branche pensions, lecture en points",0.05,taux,"Banque mondiale 1993 : CAVIS, ensemble des régimes du privé ; cotisations de pension ÷ taux légal du RSNA","décret n° 74-499 du 27 avril 1974, art. 5 b) et 9, JORT n° 30 du 30 avril - 3 mai 1974, p. 915-916 (https://www.pist.tn/jort/1974/1974F/Jo03074.pdf) ; décret n° 88-1137 du 11 juin 1988, art. 1er (art. 5 b nouveau) et 2, JORT n° 43 du 24 juin 1988, p. 942 (https://www.pist.tn/jort/1988/1988F/Jo04388.pdf) ; loi n° 60-30 du 14 décembre 1960, art. 41, JORT n° 57 du 13-16 décembre 1960, p. 1605 (https://www.pist.tn/jort/1960/1960F/Jo05760.pdf) ; Banque mondiale, rapport 11376-TUN (1993), annexe statistique, tableau 6, p. 88 (8,00 % en 1991)","3,75 % (décret n° 74-499, art. 9) + 1,25/20e de la masse des cotisations de la loi n° 60-30 (décret n° 74-499, art. 5 b) ; taux du seul RSNA"
1988,"taux légal de la branche pensions, lecture en points",0.08,taux,"Banque mondiale 1993 : CAVIS, ensemble des régimes du privé ; cotisations de pension ÷ taux légal du RSNA","décret n° 74-499 du 27 avril 1974, art. 5 b) et 9, JORT n° 30 du 30 avril - 3 mai 1974, p. 915-916 (https://www.pist.tn/jort/1974/1974F/Jo03074.pdf) ; décret n° 88-1137 du 11 juin 1988, art. 1er (art. 5 b nouveau) et 2, JORT n° 43 du 24 juin 1988, p. 942 (https://www.pist.tn/jort/1988/1988F/Jo04388.pdf) ; loi n° 60-30 du 14 décembre 1960, art. 41, JORT n° 57 du 13-16 décembre 1960, p. 1605 (https://www.pist.tn/jort/1960/1960F/Jo05760.pdf) ; Banque mondiale, rapport 11376-TUN (1993), annexe statistique, tableau 6, p. 88 (8,00 % en 1991)","3,75 % (décret n° 74-499, art. 9) + 4,25/20e de la masse des cotisations de la loi n° 60-30 (décret n° 88-1137, depuis le 1er janvier 1988) ; taux du seul RSNA"
1989,"taux légal de la branche pensions, lecture en points",0.08,taux,"Banque mondiale 1993 : CAVIS, ensemble des régimes du privé ; cotisations de pension ÷ taux légal du RSNA","décret n° 74-499 du 27 avril 1974, art. 5 b) et 9, JORT n° 30 du 30 avril - 3 mai 1974, p. 915-916 (https://www.pist.tn/jort/1974/1974F/Jo03074.pdf) ; décret n° 88-1137 du 11 juin 1988, art. 1er (art. 5 b nouveau) et 2, JORT n° 43 du 24 juin 1988, p. 942 (https://www.pist.tn/jort/1988/1988F/Jo04388.pdf) ; loi n° 60-30 du 14 décembre 1960, art. 41, JORT n° 57 du 13-16 décembre 1960, p. 1605 (https://www.pist.tn/jort/1960/1960F/Jo05760.pdf) ; Banque mondiale, rapport 11376-TUN (1993), annexe statistique, tableau 6, p. 88 (8,00 % en 1991)","3,75 % (décret n° 74-499, art. 9) + 4,25/20e de la masse des cotisations de la loi n° 60-30 (décret n° 88-1137, depuis le 1er janvier 1988) ; taux du seul RSNA"
1990,"taux légal de la branche pensions, lecture en points",0.08,taux,"Banque mondiale 1993 : CAVIS, ensemble des régimes du privé ; cotisations de pension ÷ taux légal du RSNA","décret n° 74-499 du 27 avril 1974, art. 5 b) et 9, JORT n° 30 du 30 avril - 3 mai 1974, p. 915-916 (https://www.pist.tn/jort/1974/1974F/Jo03074.pdf) ; décret n° 88-1137 du 11 juin 1988, art. 1er (art. 5 b nouveau) et 2, JORT n° 43 du 24 juin 1988, p. 942 (https://www.pist.tn/jort/1988/1988F/Jo04388.pdf) ; loi n° 60-30 du 14 décembre 1960, art. 41, JORT n° 57 du 13-16 décembre 1960, p. 1605 (https://www.pist.tn/jort/1960/1960F/Jo05760.pdf) ; Banque mondiale, rapport 11376-TUN (1993), annexe statistique, tableau 6, p. 88 (8,00 % en 1991)","3,75 % (décret n° 74-499, art. 9) + 4,25/20e de la masse des cotisations de la loi n° 60-30 (décret n° 88-1137, depuis le 1er janvier 1988) ; taux du seul RSNA"
1991,"taux légal de la branche pensions, lecture en points",0.08,taux,"Banque mondiale 1993 : CAVIS, ensemble des régimes du privé ; cotisations de pension ÷ taux légal du RSNA","décret n° 74-499 du 27 avril 1974, art. 5 b) et 9, JORT n° 30 du 30 avril - 3 mai 1974, p. 915-916 (https://www.pist.tn/jort/1974/1974F/Jo03074.pdf) ; décret n° 88-1137 du 11 juin 1988, art. 1er (art. 5 b nouveau) et 2, JORT n° 43 du 24 juin 1988, p. 942 (https://www.pist.tn/jort/1988/1988F/Jo04388.pdf) ; loi n° 60-30 du 14 décembre 1960, art. 41, JORT n° 57 du 13-16 décembre 1960, p. 1605 (https://www.pist.tn/jort/1960/1960F/Jo05760.pdf) ; Banque mondiale, rapport 11376-TUN (1993), annexe statistique, tableau 6, p. 88 (8,00 % en 1991)","3,75 % (décret n° 74-499, art. 9) + 4,25/20e de la masse des cotisations de la loi n° 60-30 (décret n° 88-1137, depuis le 1er janvier 1988) ; taux du seul RSNA"
2000,"taux légal de la branche pensions, lecture en points",0.115,taux,annuaire CNSS : masse salariale déclarée au RSNA,"décret n° 94-1429 du 30 juin 1994, art. 1er (art. 5 b nouveau) et 2, JORT n° 52 du 5 juillet 1994, p. 1141 (https://www.pist.tn/jort/1994/1994F/Jo05294.pdf) ; décret n° 97-555 du 31 mars 1997 (art. 9 nouveau), JORT n° 27 du 4 avril 1997, p. 553 (https://www.pist.tn/jort/1997/1997F/Jo02797.pdf) ; loi n° 97-4 du 3 février 1997, art. 41 nouveau de la loi n° 60-30, JORT n° 10 du 4 février 1997, p. 155 (https://www.pist.tn/jort/1997/1997F/Jo01097.pdf)","6.25/20e lu comme 6.25 points + 5,25 % de cotisation propre ; lecture de la caisse (12,5 % publiés depuis 2003) ; pour cette année, aucun document de la caisse lu ne publie le taux : déduit du texte"
2001,"taux légal de la branche pensions, lecture en points",0.115,taux,annuaire CNSS : masse salariale déclarée au RSNA,"décret n° 94-1429 du 30 juin 1994, art. 1er (art. 5 b nouveau) et 2, JORT n° 52 du 5 juillet 1994, p. 1141 (https://www.pist.tn/jort/1994/1994F/Jo05294.pdf) ; décret n° 97-555 du 31 mars 1997 (art. 9 nouveau), JORT n° 27 du 4 avril 1997, p. 553 (https://www.pist.tn/jort/1997/1997F/Jo02797.pdf) ; loi n° 97-4 du 3 février 1997, art. 41 nouveau de la loi n° 60-30, JORT n° 10 du 4 février 1997, p. 155 (https://www.pist.tn/jort/1997/1997F/Jo01097.pdf)","6.25/20e lu comme 6.25 points + 5,25 % de cotisation propre ; lecture de la caisse (12,5 % publiés depuis 2003) ; pour cette année, aucun document de la caisse lu ne publie le taux : déduit du texte"
2002,"taux légal de la branche pensions, lecture en points",0.115,taux,annuaire CNSS : masse salariale déclarée au RSNA,"décret n° 94-1429 du 30 juin 1994, art. 1er (art. 5 b nouveau) et 2, JORT n° 52 du 5 juillet 1994, p. 1141 (https://www.pist.tn/jort/1994/1994F/Jo05294.pdf) ; décret n° 97-555 du 31 mars 1997 (art. 9 nouveau), JORT n° 27 du 4 avril 1997, p. 553 (https://www.pist.tn/jort/1997/1997F/Jo02797.pdf) ; loi n° 97-4 du 3 février 1997, art. 41 nouveau de la loi n° 60-30, JORT n° 10 du 4 février 1997, p. 155 (https://www.pist.tn/jort/1997/1997F/Jo01097.pdf)","6.25/20e lu comme 6.25 points + 5,25 % de cotisation propre ; lecture de la caisse (12,5 % publiés depuis 2003) ; pour cette année, aucun document de la caisse lu ne publie le taux : déduit du texte"
2003,"taux légal de la branche pensions, lecture en points",0.125,taux,annuaire CNSS : masse salariale déclarée au RSNA,"décret n° 2003-1212 du 2 juin 2003, art. 1er (art. 5 b nouveau) et 2, JORT n° 46 du 10 juin 2003, p. 1834 (https://www.pist.tn/jort/2003/2003F/Jo0462003.pdf) ; décret n° 97-555 du 31 mars 1997 (art. 9 nouveau), JORT n° 27 du 4 avril 1997, p. 553 (https://www.pist.tn/jort/1997/1997F/Jo02797.pdf) ; loi n° 97-4 du 3 février 1997, art. 41 nouveau de la loi n° 60-30, JORT n° 10 du 4 février 1997, p. 155 (https://www.pist.tn/jort/1997/1997F/Jo01097.pdf)","7.25/20e lu comme 7.25 points + 5,25 % de cotisation propre ; lecture de la caisse (12,5 % publiés depuis 2003)"
2004,"taux légal de la branche pensions, lecture en points",0.125,taux,annuaire CNSS : masse salariale déclarée au RSNA,"décret n° 2003-1212 du 2 juin 2003, art. 1er (art. 5 b nouveau) et 2, JORT n° 46 du 10 juin 2003, p. 1834 (https://www.pist.tn/jort/2003/2003F/Jo0462003.pdf) ; décret n° 97-555 du 31 mars 1997 (art. 9 nouveau), JORT n° 27 du 4 avril 1997, p. 553 (https://www.pist.tn/jort/1997/1997F/Jo02797.pdf) ; loi n° 97-4 du 3 février 1997, art. 41 nouveau de la loi n° 60-30, JORT n° 10 du 4 février 1997, p. 155 (https://www.pist.tn/jort/1997/1997F/Jo01097.pdf)","7.25/20e lu comme 7.25 points + 5,25 % de cotisation propre ; lecture de la caisse (12,5 % publiés depuis 2003)"
2005,"taux légal de la branche pensions, lecture en points",0.125,taux,annuaire CNSS : masse salariale déclarée au RSNA,"décret n° 2003-1212 du 2 juin 2003, art. 1er (art. 5 b nouveau) et 2, JORT n° 46 du 10 juin 2003, p. 1834 (https://www.pist.tn/jort/2003/2003F/Jo0462003.pdf) ; décret n° 97-555 du 31 mars 1997 (art. 9 nouveau), JORT n° 27 du 4 avril 1997, p. 553 (https://www.pist.tn/jort/1997/1997F/Jo02797.pdf) ; loi n° 97-4 du 3 février 1997, art. 41 nouveau de la loi n° 60-30, JORT n° 10 du 4 février 1997, p. 155 (https://www.pist.tn/jort/1997/1997F/Jo01097.pdf)","7.25/20e lu comme 7.25 points + 5,25 % de cotisation propre ; lecture de la caisse (12,5 % publiés depuis 2003)"
2006,"taux légal de la branche pensions, lecture en points",0.125,taux,annuaire CNSS : masse salariale déclarée au RSNA,"décret n° 2003-1212 du 2 juin 2003, art. 1er (art. 5 b nouveau) et 2, JORT n° 46 du 10 juin 2003, p. 1834 (https://www.pist.tn/jort/2003/2003F/Jo0462003.pdf) ; décret n° 97-555 du 31 mars 1997 (art. 9 nouveau), JORT n° 27 du 4 avril 1997, p. 553 (https://www.pist.tn/jort/1997/1997F/Jo02797.pdf) ; loi n° 97-4 du 3 février 1997, art. 41 nouveau de la loi n° 60-30, JORT n° 10 du 4 février 1997, p. 155 (https://www.pist.tn/jort/1997/1997F/Jo01097.pdf)","7.25/20e lu comme 7.25 points + 5,25 % de cotisation propre ; lecture de la caisse (12,5 % publiés depuis 2003)"
2007,"taux légal de la branche pensions, lecture en points",0.125,taux,annuaire CNSS : masse salariale déclarée au RSNA,"décret n° 2003-1212 du 2 juin 2003, art. 1er (art. 5 b nouveau) et 2, JORT n° 46 du 10 juin 2003, p. 1834 (https://www.pist.tn/jort/2003/2003F/Jo0462003.pdf) ; décret n° 97-555 du 31 mars 1997 (art. 9 nouveau), JORT n° 27 du 4 avril 1997, p. 553 (https://www.pist.tn/jort/1997/1997F/Jo02797.pdf) ; loi n° 97-4 du 3 février 1997, art. 41 nouveau de la loi n° 60-30, JORT n° 10 du 4 février 1997, p. 155 (https://www.pist.tn/jort/1997/1997F/Jo01097.pdf)","7.25/20e lu comme 7.25 points + 5,25 % de cotisation propre ; lecture de la caisse (12,5 % publiés depuis 2003)"
2008,"taux légal de la branche pensions, lecture en points",0.125,taux,annuaire CNSS : masse salariale déclarée au RSNA,"décret n° 2003-1212 du 2 juin 2003, art. 1er (art. 5 b nouveau) et 2, JORT n° 46 du 10 juin 2003, p. 1834 (https://www.pist.tn/jort/2003/2003F/Jo0462003.pdf) ; décret n° 97-555 du 31 mars 1997 (art. 9 nouveau), JORT n° 27 du 4 avril 1997, p. 553 (https://www.pist.tn/jort/1997/1997F/Jo02797.pdf) ; loi n° 97-4 du 3 février 1997, art. 41 nouveau de la loi n° 60-30, JORT n° 10 du 4 février 1997, p. 155 (https://www.pist.tn/jort/1997/1997F/Jo01097.pdf)","7.25/20e lu comme 7.25 points + 5,25 % de cotisation propre ; lecture de la caisse (12,5 % publiés depuis 2003)"
2009,"taux légal de la branche pensions, lecture en points",0.125,taux,annuaire CNSS : masse salariale déclarée au RSNA,"décret n° 2003-1212 du 2 juin 2003, art. 1er (art. 5 b nouveau) et 2, JORT n° 46 du 10 juin 2003, p. 1834 (https://www.pist.tn/jort/2003/2003F/Jo0462003.pdf) ; décret n° 97-555 du 31 mars 1997 (art. 9 nouveau), JORT n° 27 du 4 avril 1997, p. 553 (https://www.pist.tn/jort/1997/1997F/Jo02797.pdf) ; loi n° 97-4 du 3 février 1997, art. 41 nouveau de la loi n° 60-30, JORT n° 10 du 4 février 1997, p. 155 (https://www.pist.tn/jort/1997/1997F/Jo01097.pdf)","7.25/20e lu comme 7.25 points + 5,25 % de cotisation propre ; lecture de la caisse (12,5 % publiés depuis 2003)"
2010,"taux légal de la branche pensions, lecture en points",0.125,taux,annuaire CNSS : masse salariale déclarée au RSNA,"décret n° 2003-1212 du 2 juin 2003, art. 1er (art. 5 b nouveau) et 2, JORT n° 46 du 10 juin 2003, p. 1834 (https://www.pist.tn/jort/2003/2003F/Jo0462003.pdf) ; décret n° 97-555 du 31 mars 1997 (art. 9 nouveau), JORT n° 27 du 4 avril 1997, p. 553 (https://www.pist.tn/jort/1997/1997F/Jo02797.pdf) ; loi n° 97-4 du 3 février 1997, art. 41 nouveau de la loi n° 60-30, JORT n° 10 du 4 février 1997, p. 155 (https://www.pist.tn/jort/1997/1997F/Jo01097.pdf)","7.25/20e lu comme 7.25 points + 5,25 % de cotisation propre ; lecture de la caisse (12,5 % publiés depuis 2003)"
2011,"taux légal de la branche pensions, lecture en points",0.125,taux,annuaire CNSS : masse salariale déclarée au RSNA,"décret n° 2003-1212 du 2 juin 2003, art. 1er (art. 5 b nouveau) et 2, JORT n° 46 du 10 juin 2003, p. 1834 (https://www.pist.tn/jort/2003/2003F/Jo0462003.pdf) ; décret n° 97-555 du 31 mars 1997 (art. 9 nouveau), JORT n° 27 du 4 avril 1997, p. 553 (https://www.pist.tn/jort/1997/1997F/Jo02797.pdf) ; loi n° 97-4 du 3 février 1997, art. 41 nouveau de la loi n° 60-30, JORT n° 10 du 4 février 1997, p. 155 (https://www.pist.tn/jort/1997/1997F/Jo01097.pdf)","7.25/20e lu comme 7.25 points + 5,25 % de cotisation propre ; lecture de la caisse (12,5 % publiés depuis 2003)"
2012,"taux légal de la branche pensions, lecture en points",0.125,taux,annuaire CNSS : masse salariale déclarée au RSNA,"décret n° 2003-1212 du 2 juin 2003, art. 1er (art. 5 b nouveau) et 2, JORT n° 46 du 10 juin 2003, p. 1834 (https://www.pist.tn/jort/2003/2003F/Jo0462003.pdf) ; décret n° 97-555 du 31 mars 1997 (art. 9 nouveau), JORT n° 27 du 4 avril 1997, p. 553 (https://www.pist.tn/jort/1997/1997F/Jo02797.pdf) ; loi n° 97-4 du 3 février 1997, art. 41 nouveau de la loi n° 60-30, JORT n° 10 du 4 février 1997, p. 155 (https://www.pist.tn/jort/1997/1997F/Jo01097.pdf)","7.25/20e lu comme 7.25 points + 5,25 % de cotisation propre ; lecture de la caisse (12,5 % publiés depuis 2003)"
2013,"taux légal de la branche pensions, lecture en points",0.125,taux,annuaire CNSS : masse salariale déclarée au RSNA,"décret n° 2003-1212 du 2 juin 2003, art. 1er (art. 5 b nouveau) et 2, JORT n° 46 du 10 juin 2003, p. 1834 (https://www.pist.tn/jort/2003/2003F/Jo0462003.pdf) ; décret n° 97-555 du 31 mars 1997 (art. 9 nouveau), JORT n° 27 du 4 avril 1997, p. 553 (https://www.pist.tn/jort/1997/1997F/Jo02797.pdf) ; loi n° 97-4 du 3 février 1997, art. 41 nouveau de la loi n° 60-30, JORT n° 10 du 4 février 1997, p. 155 (https://www.pist.tn/jort/1997/1997F/Jo01097.pdf)","7.25/20e lu comme 7.25 points + 5,25 % de cotisation propre ; lecture de la caisse (12,5 % publiés depuis 2003)"
2014,"taux légal de la branche pensions, lecture en points",0.125,taux,annuaire CNSS : masse salariale déclarée au RSNA,"décret n° 2003-1212 du 2 juin 2003, art. 1er (art. 5 b nouveau) et 2, JORT n° 46 du 10 juin 2003, p. 1834 (https://www.pist.tn/jort/2003/2003F/Jo0462003.pdf) ; décret n° 97-555 du 31 mars 1997 (art. 9 nouveau), JORT n° 27 du 4 avril 1997, p. 553 (https://www.pist.tn/jort/1997/1997F/Jo02797.pdf) ; loi n° 97-4 du 3 février 1997, art. 41 nouveau de la loi n° 60-30, JORT n° 10 du 4 février 1997, p. 155 (https://www.pist.tn/jort/1997/1997F/Jo01097.pdf)","7.25/20e lu comme 7.25 points + 5,25 % de cotisation propre ; lecture de la caisse (12,5 % publiés depuis 2003)"
2015,"taux légal de la branche pensions, lecture en points",0.125,taux,annuaire CNSS : masse salariale déclarée au RSNA,"décret n° 2003-1212 du 2 juin 2003, art. 1er (art. 5 b nouveau) et 2, JORT n° 46 du 10 juin 2003, p. 1834 (https://www.pist.tn/jort/2003/2003F/Jo0462003.pdf) ; décret n° 97-555 du 31 mars 1997 (art. 9 nouveau), JORT n° 27 du 4 avril 1997, p. 553 (https://www.pist.tn/jort/1997/1997F/Jo02797.pdf) ; loi n° 97-4 du 3 février 1997, art. 41 nouveau de la loi n° 60-30, JORT n° 10 du 4 février 1997, p. 155 (https://www.pist.tn/jort/1997/1997F/Jo01097.pdf)","7.25/20e lu comme 7.25 points + 5,25 % de cotisation propre ; lecture de la caisse (12,5 % publiés depuis 2003)"
2016,"taux légal de la branche pensions, lecture en points",0.125,taux,annuaire CNSS : masse salariale déclarée au RSNA,"décret n° 2003-1212 du 2 juin 2003, art. 1er (art. 5 b nouveau) et 2, JORT n° 46 du 10 juin 2003, p. 1834 (https://www.pist.tn/jort/2003/2003F/Jo0462003.pdf) ; décret n° 97-555 du 31 mars 1997 (art. 9 nouveau), JORT n° 27 du 4 avril 1997, p. 553 (https://www.pist.tn/jort/1997/1997F/Jo02797.pdf) ; loi n° 97-4 du 3 février 1997, art. 41 nouveau de la loi n° 60-30, JORT n° 10 du 4 février 1997, p. 155 (https://www.pist.tn/jort/1997/1997F/Jo01097.pdf)","7.25/20e lu comme 7.25 points + 5,25 % de cotisation propre ; lecture de la caisse (12,5 % publiés depuis 2003)"
2017,"taux légal de la branche pensions, lecture en points",0.125,taux,annuaire CNSS : masse salariale déclarée au RSNA,"décret n° 2003-1212 du 2 juin 2003, art. 1er (art. 5 b nouveau) et 2, JORT n° 46 du 10 juin 2003, p. 1834 (https://www.pist.tn/jort/2003/2003F/Jo0462003.pdf) ; décret n° 97-555 du 31 mars 1997 (art. 9 nouveau), JORT n° 27 du 4 avril 1997, p. 553 (https://www.pist.tn/jort/1997/1997F/Jo02797.pdf) ; loi n° 97-4 du 3 février 1997, art. 41 nouveau de la loi n° 60-30, JORT n° 10 du 4 février 1997, p. 155 (https://www.pist.tn/jort/1997/1997F/Jo01097.pdf)","7.25/20e lu comme 7.25 points + 5,25 % de cotisation propre ; lecture de la caisse (12,5 % publiés depuis 2003)"
1980,"taux légal de la branche pensions, lecture littérale",0.05,taux,"Banque mondiale 1993 : CAVIS, ensemble des régimes du privé ; cotisations de pension ÷ taux légal du RSNA","décret n° 74-499 du 27 avril 1974, art. 5 b) et 9, JORT n° 30 du 30 avril - 3 mai 1974, p. 915-916 (https://www.pist.tn/jort/1974/1974F/Jo03074.pdf) ; décret n° 88-1137 du 11 juin 1988, art. 1er (art. 5 b nouveau) et 2, JORT n° 43 du 24 juin 1988, p. 942 (https://www.pist.tn/jort/1988/1988F/Jo04388.pdf) ; loi n° 60-30 du 14 décembre 1960, art. 41, JORT n° 57 du 13-16 décembre 1960, p. 1605 (https://www.pist.tn/jort/1960/1960F/Jo05760.pdf) ; Banque mondiale, rapport 11376-TUN (1993), annexe statistique, tableau 6, p. 88 (8,00 % en 1991)","3,75 % (décret n° 74-499, art. 9) + 1,25/20e de la masse des cotisations de la loi n° 60-30 (décret n° 74-499, art. 5 b) ; taux global de 20 % : égale à la lecture en points"
1985,"taux légal de la branche pensions, lecture littérale",0.05,taux,"Banque mondiale 1993 : CAVIS, ensemble des régimes du privé ; cotisations de pension ÷ taux légal du RSNA","décret n° 74-499 du 27 avril 1974, art. 5 b) et 9, JORT n° 30 du 30 avril - 3 mai 1974, p. 915-916 (https://www.pist.tn/jort/1974/1974F/Jo03074.pdf) ; décret n° 88-1137 du 11 juin 1988, art. 1er (art. 5 b nouveau) et 2, JORT n° 43 du 24 juin 1988, p. 942 (https://www.pist.tn/jort/1988/1988F/Jo04388.pdf) ; loi n° 60-30 du 14 décembre 1960, art. 41, JORT n° 57 du 13-16 décembre 1960, p. 1605 (https://www.pist.tn/jort/1960/1960F/Jo05760.pdf) ; Banque mondiale, rapport 11376-TUN (1993), annexe statistique, tableau 6, p. 88 (8,00 % en 1991)","3,75 % (décret n° 74-499, art. 9) + 1,25/20e de la masse des cotisations de la loi n° 60-30 (décret n° 74-499, art. 5 b) ; taux global de 20 % : égale à la lecture en points"
1986,"taux légal de la branche pensions, lecture littérale",0.05,taux,"Banque mondiale 1993 : CAVIS, ensemble des régimes du privé ; cotisations de pension ÷ taux légal du RSNA","décret n° 74-499 du 27 avril 1974, art. 5 b) et 9, JORT n° 30 du 30 avril - 3 mai 1974, p. 915-916 (https://www.pist.tn/jort/1974/1974F/Jo03074.pdf) ; décret n° 88-1137 du 11 juin 1988, art. 1er (art. 5 b nouveau) et 2, JORT n° 43 du 24 juin 1988, p. 942 (https://www.pist.tn/jort/1988/1988F/Jo04388.pdf) ; loi n° 60-30 du 14 décembre 1960, art. 41, JORT n° 57 du 13-16 décembre 1960, p. 1605 (https://www.pist.tn/jort/1960/1960F/Jo05760.pdf) ; Banque mondiale, rapport 11376-TUN (1993), annexe statistique, tableau 6, p. 88 (8,00 % en 1991)","3,75 % (décret n° 74-499, art. 9) + 1,25/20e de la masse des cotisations de la loi n° 60-30 (décret n° 74-499, art. 5 b) ; taux global de 20 % : égale à la lecture en points"
1987,"taux légal de la branche pensions, lecture littérale",0.05,taux,"Banque mondiale 1993 : CAVIS, ensemble des régimes du privé ; cotisations de pension ÷ taux légal du RSNA","décret n° 74-499 du 27 avril 1974, art. 5 b) et 9, JORT n° 30 du 30 avril - 3 mai 1974, p. 915-916 (https://www.pist.tn/jort/1974/1974F/Jo03074.pdf) ; décret n° 88-1137 du 11 juin 1988, art. 1er (art. 5 b nouveau) et 2, JORT n° 43 du 24 juin 1988, p. 942 (https://www.pist.tn/jort/1988/1988F/Jo04388.pdf) ; loi n° 60-30 du 14 décembre 1960, art. 41, JORT n° 57 du 13-16 décembre 1960, p. 1605 (https://www.pist.tn/jort/1960/1960F/Jo05760.pdf) ; Banque mondiale, rapport 11376-TUN (1993), annexe statistique, tableau 6, p. 88 (8,00 % en 1991)","3,75 % (décret n° 74-499, art. 9) + 1,25/20e de la masse des cotisations de la loi n° 60-30 (décret n° 74-499, art. 5 b) ; taux global de 20 % : égale à la lecture en points"
1988,"taux légal de la branche pensions, lecture littérale",0.08,taux,"Banque mondiale 1993 : CAVIS, ensemble des régimes du privé ; cotisations de pension ÷ taux légal du RSNA","décret n° 74-499 du 27 avril 1974, art. 5 b) et 9, JORT n° 30 du 30 avril - 3 mai 1974, p. 915-916 (https://www.pist.tn/jort/1974/1974F/Jo03074.pdf) ; décret n° 88-1137 du 11 juin 1988, art. 1er (art. 5 b nouveau) et 2, JORT n° 43 du 24 juin 1988, p. 942 (https://www.pist.tn/jort/1988/1988F/Jo04388.pdf) ; loi n° 60-30 du 14 décembre 1960, art. 41, JORT n° 57 du 13-16 décembre 1960, p. 1605 (https://www.pist.tn/jort/1960/1960F/Jo05760.pdf) ; Banque mondiale, rapport 11376-TUN (1993), annexe statistique, tableau 6, p. 88 (8,00 % en 1991)","3,75 % (décret n° 74-499, art. 9) + 4,25/20e de la masse des cotisations de la loi n° 60-30 (décret n° 88-1137, depuis le 1er janvier 1988) ; taux global de 20 % : égale à la lecture en points"
1989,"taux légal de la branche pensions, lecture littérale",0.08,taux,"Banque mondiale 1993 : CAVIS, ensemble des régimes du privé ; cotisations de pension ÷ taux légal du RSNA","décret n° 74-499 du 27 avril 1974, art. 5 b) et 9, JORT n° 30 du 30 avril - 3 mai 1974, p. 915-916 (https://www.pist.tn/jort/1974/1974F/Jo03074.pdf) ; décret n° 88-1137 du 11 juin 1988, art. 1er (art. 5 b nouveau) et 2, JORT n° 43 du 24 juin 1988, p. 942 (https://www.pist.tn/jort/1988/1988F/Jo04388.pdf) ; loi n° 60-30 du 14 décembre 1960, art. 41, JORT n° 57 du 13-16 décembre 1960, p. 1605 (https://www.pist.tn/jort/1960/1960F/Jo05760.pdf) ; Banque mondiale, rapport 11376-TUN (1993), annexe statistique, tableau 6, p. 88 (8,00 % en 1991)","3,75 % (décret n° 74-499, art. 9) + 4,25/20e de la masse des cotisations de la loi n° 60-30 (décret n° 88-1137, depuis le 1er janvier 1988) ; taux global de 20 % : égale à la lecture en points"
1990,"taux légal de la branche pensions, lecture littérale",0.08,taux,"Banque mondiale 1993 : CAVIS, ensemble des régimes du privé ; cotisations de pension ÷ taux légal du RSNA","décret n° 74-499 du 27 avril 1974, art. 5 b) et 9, JORT n° 30 du 30 avril - 3 mai 1974, p. 915-916 (https://www.pist.tn/jort/1974/1974F/Jo03074.pdf) ; décret n° 88-1137 du 11 juin 1988, art. 1er (art. 5 b nouveau) et 2, JORT n° 43 du 24 juin 1988, p. 942 (https://www.pist.tn/jort/1988/1988F/Jo04388.pdf) ; loi n° 60-30 du 14 décembre 1960, art. 41, JORT n° 57 du 13-16 décembre 1960, p. 1605 (https://www.pist.tn/jort/1960/1960F/Jo05760.pdf) ; Banque mondiale, rapport 11376-TUN (1993), annexe statistique, tableau 6, p. 88 (8,00 % en 1991)","3,75 % (décret n° 74-499, art. 9) + 4,25/20e de la masse des cotisations de la loi n° 60-30 (décret n° 88-1137, depuis le 1er janvier 1988) ; taux global de 20 % : égale à la lecture en points"
1991,"taux légal de la branche pensions, lecture littérale",0.08,taux,"Banque mondiale 1993 : CAVIS, ensemble des régimes du privé ; cotisations de pension ÷ taux légal du RSNA","décret n° 74-499 du 27 avril 1974, art. 5 b) et 9, JORT n° 30 du 30 avril - 3 mai 1974, p. 915-916 (https://www.pist.tn/jort/1974/1974F/Jo03074.pdf) ; décret n° 88-1137 du 11 juin 1988, art. 1er (art. 5 b nouveau) et 2, JORT n° 43 du 24 juin 1988, p. 942 (https://www.pist.tn/jort/1988/1988F/Jo04388.pdf) ; loi n° 60-30 du 14 décembre 1960, art. 41, JORT n° 57 du 13-16 décembre 1960, p. 1605 (https://www.pist.tn/jort/1960/1960F/Jo05760.pdf) ; Banque mondiale, rapport 11376-TUN (1993), annexe statistique, tableau 6, p. 88 (8,00 % en 1991)","3,75 % (décret n° 74-499, art. 9) + 4,25/20e de la masse des cotisations de la loi n° 60-30 (décret n° 88-1137, depuis le 1er janvier 1988) ; taux global de 20 % : égale à la lecture en points"
2000,"taux légal de la branche pensions, lecture littérale",0.10875,taux,annuaire CNSS : masse salariale déclarée au RSNA,"décret n° 94-1429 du 30 juin 1994, art. 1er (art. 5 b nouveau) et 2, JORT n° 52 du 5 juillet 1994, p. 1141 (https://www.pist.tn/jort/1994/1994F/Jo05294.pdf) ; décret n° 97-555 du 31 mars 1997 (art. 9 nouveau), JORT n° 27 du 4 avril 1997, p. 553 (https://www.pist.tn/jort/1997/1997F/Jo02797.pdf) ; loi n° 97-4 du 3 février 1997, art. 41 nouveau de la loi n° 60-30, JORT n° 10 du 4 février 1997, p. 155 (https://www.pist.tn/jort/1997/1997F/Jo01097.pdf)","6.25/20 × 18 % (taux global de la loi n° 60-30 depuis la loi n° 97-4) + 5,25 %"
2001,"taux légal de la branche pensions, lecture littérale",0.10875,taux,annuaire CNSS : masse salariale déclarée au RSNA,"décret n° 94-1429 du 30 juin 1994, art. 1er (art. 5 b nouveau) et 2, JORT n° 52 du 5 juillet 1994, p. 1141 (https://www.pist.tn/jort/1994/1994F/Jo05294.pdf) ; décret n° 97-555 du 31 mars 1997 (art. 9 nouveau), JORT n° 27 du 4 avril 1997, p. 553 (https://www.pist.tn/jort/1997/1997F/Jo02797.pdf) ; loi n° 97-4 du 3 février 1997, art. 41 nouveau de la loi n° 60-30, JORT n° 10 du 4 février 1997, p. 155 (https://www.pist.tn/jort/1997/1997F/Jo01097.pdf)","6.25/20 × 18 % (taux global de la loi n° 60-30 depuis la loi n° 97-4) + 5,25 %"
2002,"taux légal de la branche pensions, lecture littérale",0.10875,taux,annuaire CNSS : masse salariale déclarée au RSNA,"décret n° 94-1429 du 30 juin 1994, art. 1er (art. 5 b nouveau) et 2, JORT n° 52 du 5 juillet 1994, p. 1141 (https://www.pist.tn/jort/1994/1994F/Jo05294.pdf) ; décret n° 97-555 du 31 mars 1997 (art. 9 nouveau), JORT n° 27 du 4 avril 1997, p. 553 (https://www.pist.tn/jort/1997/1997F/Jo02797.pdf) ; loi n° 97-4 du 3 février 1997, art. 41 nouveau de la loi n° 60-30, JORT n° 10 du 4 février 1997, p. 155 (https://www.pist.tn/jort/1997/1997F/Jo01097.pdf)","6.25/20 × 18 % (taux global de la loi n° 60-30 depuis la loi n° 97-4) + 5,25 %"
2003,"taux légal de la branche pensions, lecture littérale",0.11775,taux,annuaire CNSS : masse salariale déclarée au RSNA,"décret n° 2003-1212 du 2 juin 2003, art. 1er (art. 5 b nouveau) et 2, JORT n° 46 du 10 juin 2003, p. 1834 (https://www.pist.tn/jort/2003/2003F/Jo0462003.pdf) ; décret n° 97-555 du 31 mars 1997 (art. 9 nouveau), JORT n° 27 du 4 avril 1997, p. 553 (https://www.pist.tn/jort/1997/1997F/Jo02797.pdf) ; loi n° 97-4 du 3 février 1997, art. 41 nouveau de la loi n° 60-30, JORT n° 10 du 4 février 1997, p. 155 (https://www.pist.tn/jort/1997/1997F/Jo01097.pdf)","7.25/20 × 18 % (taux global de la loi n° 60-30 depuis la loi n° 97-4) + 5,25 %"
2004,"taux légal de la branche pensions, lecture littérale",0.11775,taux,annuaire CNSS : masse salariale déclarée au RSNA,"décret n° 2003-1212 du 2 juin 2003, art. 1er (art. 5 b nouveau) et 2, JORT n° 46 du 10 juin 2003, p. 1834 (https://www.pist.tn/jort/2003/2003F/Jo0462003.pdf) ; décret n° 97-555 du 31 mars 1997 (art. 9 nouveau), JORT n° 27 du 4 avril 1997, p. 553 (https://www.pist.tn/jort/1997/1997F/Jo02797.pdf) ; loi n° 97-4 du 3 février 1997, art. 41 nouveau de la loi n° 60-30, JORT n° 10 du 4 février 1997, p. 155 (https://www.pist.tn/jort/1997/1997F/Jo01097.pdf)","7.25/20 × 18 % (taux global de la loi n° 60-30 depuis la loi n° 97-4) + 5,25 %"
2005,"taux légal de la branche pensions, lecture littérale",0.11775,taux,annuaire CNSS : masse salariale déclarée au RSNA,"décret n° 2003-1212 du 2 juin 2003, art. 1er (art. 5 b nouveau) et 2, JORT n° 46 du 10 juin 2003, p. 1834 (https://www.pist.tn/jort/2003/2003F/Jo0462003.pdf) ; décret n° 97-555 du 31 mars 1997 (art. 9 nouveau), JORT n° 27 du 4 avril 1997, p. 553 (https://www.pist.tn/jort/1997/1997F/Jo02797.pdf) ; loi n° 97-4 du 3 février 1997, art. 41 nouveau de la loi n° 60-30, JORT n° 10 du 4 février 1997, p. 155 (https://www.pist.tn/jort/1997/1997F/Jo01097.pdf)","7.25/20 × 18 % (taux global de la loi n° 60-30 depuis la loi n° 97-4) + 5,25 %"
2006,"taux légal de la branche pensions, lecture littérale",0.11775,taux,annuaire CNSS : masse salariale déclarée au RSNA,"décret n° 2003-1212 du 2 juin 2003, art. 1er (art. 5 b nouveau) et 2, JORT n° 46 du 10 juin 2003, p. 1834 (https://www.pist.tn/jort/2003/2003F/Jo0462003.pdf) ; décret n° 97-555 du 31 mars 1997 (art. 9 nouveau), JORT n° 27 du 4 avril 1997, p. 553 (https://www.pist.tn/jort/1997/1997F/Jo02797.pdf) ; loi n° 97-4 du 3 février 1997, art. 41 nouveau de la loi n° 60-30, JORT n° 10 du 4 février 1997, p. 155 (https://www.pist.tn/jort/1997/1997F/Jo01097.pdf)","7.25/20 × 18 % (taux global de la loi n° 60-30 depuis la loi n° 97-4) + 5,25 %"
2007,"taux légal de la branche pensions, lecture littérale",0.11775,taux,annuaire CNSS : masse salariale déclarée au RSNA,"décret n° 2003-1212 du 2 juin 2003, art. 1er (art. 5 b nouveau) et 2, JORT n° 46 du 10 juin 2003, p. 1834 (https://www.pist.tn/jort/2003/2003F/Jo0462003.pdf) ; décret n° 97-555 du 31 mars 1997 (art. 9 nouveau), JORT n° 27 du 4 avril 1997, p. 553 (https://www.pist.tn/jort/1997/1997F/Jo02797.pdf) ; loi n° 97-4 du 3 février 1997, art. 41 nouveau de la loi n° 60-30, JORT n° 10 du 4 février 1997, p. 155 (https://www.pist.tn/jort/1997/1997F/Jo01097.pdf)","7.25/20 × 18 % (taux global de la loi n° 60-30 depuis la loi n° 97-4) + 5,25 %"
2008,"taux légal de la branche pensions, lecture littérale",0.11775,taux,annuaire CNSS : masse salariale déclarée au RSNA,"décret n° 2003-1212 du 2 juin 2003, art. 1er (art. 5 b nouveau) et 2, JORT n° 46 du 10 juin 2003, p. 1834 (https://www.pist.tn/jort/2003/2003F/Jo0462003.pdf) ; décret n° 97-555 du 31 mars 1997 (art. 9 nouveau), JORT n° 27 du 4 avril 1997, p. 553 (https://www.pist.tn/jort/1997/1997F/Jo02797.pdf) ; loi n° 97-4 du 3 février 1997, art. 41 nouveau de la loi n° 60-30, JORT n° 10 du 4 février 1997, p. 155 (https://www.pist.tn/jort/1997/1997F/Jo01097.pdf)","7.25/20 × 18 % (taux global de la loi n° 60-30 depuis la loi n° 97-4) + 5,25 %"
2009,"taux légal de la branche pensions, lecture littérale",0.11775,taux,annuaire CNSS : masse salariale déclarée au RSNA,"décret n° 2003-1212 du 2 juin 2003, art. 1er (art. 5 b nouveau) et 2, JORT n° 46 du 10 juin 2003, p. 1834 (https://www.pist.tn/jort/2003/2003F/Jo0462003.pdf) ; décret n° 97-555 du 31 mars 1997 (art. 9 nouveau), JORT n° 27 du 4 avril 1997, p. 553 (https://www.pist.tn/jort/1997/1997F/Jo02797.pdf) ; loi n° 97-4 du 3 février 1997, art. 41 nouveau de la loi n° 60-30, JORT n° 10 du 4 février 1997, p. 155 (https://www.pist.tn/jort/1997/1997F/Jo01097.pdf)","7.25/20 × 18 % (taux global de la loi n° 60-30 depuis la loi n° 97-4) + 5,25 %"
2010,"taux légal de la branche pensions, lecture littérale",0.11775,taux,annuaire CNSS : masse salariale déclarée au RSNA,"décret n° 2003-1212 du 2 juin 2003, art. 1er (art. 5 b nouveau) et 2, JORT n° 46 du 10 juin 2003, p. 1834 (https://www.pist.tn/jort/2003/2003F/Jo0462003.pdf) ; décret n° 97-555 du 31 mars 1997 (art. 9 nouveau), JORT n° 27 du 4 avril 1997, p. 553 (https://www.pist.tn/jort/1997/1997F/Jo02797.pdf) ; loi n° 97-4 du 3 février 1997, art. 41 nouveau de la loi n° 60-30, JORT n° 10 du 4 février 1997, p. 155 (https://www.pist.tn/jort/1997/1997F/Jo01097.pdf)","7.25/20 × 18 % (taux global de la loi n° 60-30 depuis la loi n° 97-4) + 5,25 %"
2011,"taux légal de la branche pensions, lecture littérale",0.11775,taux,annuaire CNSS : masse salariale déclarée au RSNA,"décret n° 2003-1212 du 2 juin 2003, art. 1er (art. 5 b nouveau) et 2, JORT n° 46 du 10 juin 2003, p. 1834 (https://www.pist.tn/jort/2003/2003F/Jo0462003.pdf) ; décret n° 97-555 du 31 mars 1997 (art. 9 nouveau), JORT n° 27 du 4 avril 1997, p. 553 (https://www.pist.tn/jort/1997/1997F/Jo02797.pdf) ; loi n° 97-4 du 3 février 1997, art. 41 nouveau de la loi n° 60-30, JORT n° 10 du 4 février 1997, p. 155 (https://www.pist.tn/jort/1997/1997F/Jo01097.pdf)","7.25/20 × 18 % (taux global de la loi n° 60-30 depuis la loi n° 97-4) + 5,25 %"
2012,"taux légal de la branche pensions, lecture littérale",0.11775,taux,annuaire CNSS : masse salariale déclarée au RSNA,"décret n° 2003-1212 du 2 juin 2003, art. 1er (art. 5 b nouveau) et 2, JORT n° 46 du 10 juin 2003, p. 1834 (https://www.pist.tn/jort/2003/2003F/Jo0462003.pdf) ; décret n° 97-555 du 31 mars 1997 (art. 9 nouveau), JORT n° 27 du 4 avril 1997, p. 553 (https://www.pist.tn/jort/1997/1997F/Jo02797.pdf) ; loi n° 97-4 du 3 février 1997, art. 41 nouveau de la loi n° 60-30, JORT n° 10 du 4 février 1997, p. 155 (https://www.pist.tn/jort/1997/1997F/Jo01097.pdf)","7.25/20 × 18 % (taux global de la loi n° 60-30 depuis la loi n° 97-4) + 5,25 %"
2013,"taux légal de la branche pensions, lecture littérale",0.11775,taux,annuaire CNSS : masse salariale déclarée au RSNA,"décret n° 2003-1212 du 2 juin 2003, art. 1er (art. 5 b nouveau) et 2, JORT n° 46 du 10 juin 2003, p. 1834 (https://www.pist.tn/jort/2003/2003F/Jo0462003.pdf) ; décret n° 97-555 du 31 mars 1997 (art. 9 nouveau), JORT n° 27 du 4 avril 1997, p. 553 (https://www.pist.tn/jort/1997/1997F/Jo02797.pdf) ; loi n° 97-4 du 3 février 1997, art. 41 nouveau de la loi n° 60-30, JORT n° 10 du 4 février 1997, p. 155 (https://www.pist.tn/jort/1997/1997F/Jo01097.pdf)","7.25/20 × 18 % (taux global de la loi n° 60-30 depuis la loi n° 97-4) + 5,25 %"
2014,"taux légal de la branche pensions, lecture littérale",0.11775,taux,annuaire CNSS : masse salariale déclarée au RSNA,"décret n° 2003-1212 du 2 juin 2003, art. 1er (art. 5 b nouveau) et 2, JORT n° 46 du 10 juin 2003, p. 1834 (https://www.pist.tn/jort/2003/2003F/Jo0462003.pdf) ; décret n° 97-555 du 31 mars 1997 (art. 9 nouveau), JORT n° 27 du 4 avril 1997, p. 553 (https://www.pist.tn/jort/1997/1997F/Jo02797.pdf) ; loi n° 97-4 du 3 février 1997, art. 41 nouveau de la loi n° 60-30, JORT n° 10 du 4 février 1997, p. 155 (https://www.pist.tn/jort/1997/1997F/Jo01097.pdf)","7.25/20 × 18 % (taux global de la loi n° 60-30 depuis la loi n° 97-4) + 5,25 %"
2015,"taux légal de la branche pensions, lecture littérale",0.11775,taux,annuaire CNSS : masse salariale déclarée au RSNA,"décret n° 2003-1212 du 2 juin 2003, art. 1er (art. 5 b nouveau) et 2, JORT n° 46 du 10 juin 2003, p. 1834 (https://www.pist.tn/jort/2003/2003F/Jo0462003.pdf) ; décret n° 97-555 du 31 mars 1997 (art. 9 nouveau), JORT n° 27 du 4 avril 1997, p. 553 (https://www.pist.tn/jort/1997/1997F/Jo02797.pdf) ; loi n° 97-4 du 3 février 1997, art. 41 nouveau de la loi n° 60-30, JORT n° 10 du 4 février 1997, p. 155 (https://www.pist.tn/jort/1997/1997F/Jo01097.pdf)","7.25/20 × 18 % (taux global de la loi n° 60-30 depuis la loi n° 97-4) + 5,25 %"
2016,"taux légal de la branche pensions, lecture littérale",0.11775,taux,annuaire CNSS : masse salariale déclarée au RSNA,"décret n° 2003-1212 du 2 juin 2003, art. 1er (art. 5 b nouveau) et 2, JORT n° 46 du 10 juin 2003, p. 1834 (https://www.pist.tn/jort/2003/2003F/Jo0462003.pdf) ; décret n° 97-555 du 31 mars 1997 (art. 9 nouveau), JORT n° 27 du 4 avril 1997, p. 553 (https://www.pist.tn/jort/1997/1997F/Jo02797.pdf) ; loi n° 97-4 du 3 février 1997, art. 41 nouveau de la loi n° 60-30, JORT n° 10 du 4 février 1997, p. 155 (https://www.pist.tn/jort/1997/1997F/Jo01097.pdf)","7.25/20 × 18 % (taux global de la loi n° 60-30 depuis la loi n° 97-4) + 5,25 %"
2017,"taux légal de la branche pensions, lecture littérale",0.11775,taux,annuaire CNSS : masse salariale déclarée au RSNA,"décret n° 2003-1212 du 2 juin 2003, art. 1er (art. 5 b nouveau) et 2, JORT n° 46 du 10 juin 2003, p. 1834 (https://www.pist.tn/jort/2003/2003F/Jo0462003.pdf) ; décret n° 97-555 du 31 mars 1997 (art. 9 nouveau), JORT n° 27 du 4 avril 1997, p. 553 (https://www.pist.tn/jort/1997/1997F/Jo02797.pdf) ; loi n° 97-4 du 3 février 1997, art. 41 nouveau de la loi n° 60-30, JORT n° 10 du 4 février 1997, p. 155 (https://www.pist.tn/jort/1997/1997F/Jo01097.pdf)","7.25/20 × 18 % (taux global de la loi n° 60-30 depuis la loi n° 97-4) + 5,25 %"
1980,"écart taux d'équilibre − taux légal, lecture en points",-0.01808511,points de taux,"Banque mondiale 1993 : CAVIS, ensemble des régimes du privé ; cotisations de pension ÷ taux légal du RSNA",calcul,
1985,"écart taux d'équilibre − taux légal, lecture en points",0.01020408,points de taux,"Banque mondiale 1993 : CAVIS, ensemble des régimes du privé ; cotisations de pension ÷ taux légal du RSNA",calcul,
1986,"écart taux d'équilibre − taux légal, lecture en points",0.02454068,points de taux,"Banque mondiale 1993 : CAVIS, ensemble des régimes du privé ; cotisations de pension ÷ taux légal du RSNA",calcul,
1987,"écart taux d'équilibre − taux légal, lecture en points",0.03730366,points de taux,"Banque mondiale 1993 : CAVIS, ensemble des régimes du privé ; cotisations de pension ÷ taux légal du RSNA",calcul,
1988,"écart taux d'équilibre − taux légal, lecture en points",0.005722,points de taux,"Banque mondiale 1993 : CAVIS, ensemble des régimes du privé ; cotisations de pension ÷ taux légal du RSNA",calcul,
1989,"écart taux d'équilibre − taux légal, lecture en points",0.00293915,points de taux,"Banque mondiale 1993 : CAVIS, ensemble des régimes du privé ; cotisations de pension ÷ taux légal du RSNA",calcul,
1990,"écart taux d'équilibre − taux légal, lecture en points",0.00339768,points de taux,"Banque mondiale 1993 : CAVIS, ensemble des régimes du privé ; cotisations de pension ÷ taux légal du RSNA",calcul,
1991,"écart taux d'équilibre − taux légal, lecture en points",-0.000583,points de taux,"Banque mondiale 1993 : CAVIS, ensemble des régimes du privé ; cotisations de pension ÷ taux légal du RSNA",calcul,
2000,"écart taux d'équilibre − taux légal, lecture en points",0.02548867,points de taux,annuaire CNSS : masse salariale déclarée au RSNA,calcul,
2001,"écart taux d'équilibre − taux légal, lecture en points",0.02378507,points de taux,annuaire CNSS : masse salariale déclarée au RSNA,calcul,
2002,"écart taux d'équilibre − taux légal, lecture en points",0.02979584,points de taux,annuaire CNSS : masse salariale déclarée au RSNA,calcul,
2003,"écart taux d'équilibre − taux légal, lecture en points",0.02609561,points de taux,annuaire CNSS : masse salariale déclarée au RSNA,calcul,
2004,"écart taux d'équilibre − taux légal, lecture en points",0.03293474,points de taux,annuaire CNSS : masse salariale déclarée au RSNA,calcul,
2005,"écart taux d'équilibre − taux légal, lecture en points",0.03883134,points de taux,annuaire CNSS : masse salariale déclarée au RSNA,calcul,
2006,"écart taux d'équilibre − taux légal, lecture en points",0.03570167,points de taux,annuaire CNSS : masse salariale déclarée au RSNA,calcul,
2007,"écart taux d'équilibre − taux légal, lecture en points",0.03656731,points de taux,annuaire CNSS : masse salariale déclarée au RSNA,calcul,
2008,"écart taux d'équilibre − taux légal, lecture en points",0.03730874,points de taux,annuaire CNSS : masse salariale déclarée au RSNA,calcul,
2009,"écart taux d'équilibre − taux légal, lecture en points",0.03279186,points de taux,annuaire CNSS : masse salariale déclarée au RSNA,calcul,
2010,"écart taux d'équilibre − taux légal, lecture en points",0.03248166,points de taux,annuaire CNSS : masse salariale déclarée au RSNA,calcul,
2011,"écart taux d'équilibre − taux légal, lecture en points",0.03647825,points de taux,annuaire CNSS : masse salariale déclarée au RSNA,calcul,
2012,"écart taux d'équilibre − taux légal, lecture en points",0.03778626,points de taux,annuaire CNSS : masse salariale déclarée au RSNA,calcul,
2013,"écart taux d'équilibre − taux légal, lecture en points",0.03487326,points de taux,annuaire CNSS : masse salariale déclarée au RSNA,calcul,
2014,"écart taux d'équilibre − taux légal, lecture en points",0.0416898,points de taux,annuaire CNSS : masse salariale déclarée au RSNA,calcul,
2015,"écart taux d'équilibre − taux légal, lecture en points",0.05057739,points de taux,annuaire CNSS : masse salariale déclarée au RSNA,calcul,
2016,"écart taux d'équilibre − taux légal, lecture en points",0.05601668,points de taux,annuaire CNSS : masse salariale déclarée au RSNA,calcul,
2017,"écart taux d'équilibre − taux légal, lecture en points",0.05486081,points de taux,annuaire CNSS : masse salariale déclarée au RSNA,calcul,
1980,"écart taux d'équilibre − taux légal, lecture littérale",-0.01808511,points de taux,"Banque mondiale 1993 : CAVIS, ensemble des régimes du privé ; cotisations de pension ÷ taux légal du RSNA",calcul,
1985,"écart taux d'équilibre − taux légal, lecture littérale",0.01020408,points de taux,"Banque mondiale 1993 : CAVIS, ensemble des régimes du privé ; cotisations de pension ÷ taux légal du RSNA",calcul,
1986,"écart taux d'équilibre − taux légal, lecture littérale",0.02454068,points de taux,"Banque mondiale 1993 : CAVIS, ensemble des régimes du privé ; cotisations de pension ÷ taux légal du RSNA",calcul,
1987,"écart taux d'équilibre − taux légal, lecture littérale",0.03730366,points de taux,"Banque mondiale 1993 : CAVIS, ensemble des régimes du privé ; cotisations de pension ÷ taux légal du RSNA",calcul,
1988,"écart taux d'équilibre − taux légal, lecture littérale",0.005722,points de taux,"Banque mondiale 1993 : CAVIS, ensemble des régimes du privé ; cotisations de pension ÷ taux légal du RSNA",calcul,
1989,"écart taux d'équilibre − taux légal, lecture littérale",0.00293915,points de taux,"Banque mondiale 1993 : CAVIS, ensemble des régimes du privé ; cotisations de pension ÷ taux légal du RSNA",calcul,
1990,"écart taux d'équilibre − taux légal, lecture littérale",0.00339768,points de taux,"Banque mondiale 1993 : CAVIS, ensemble des régimes du privé ; cotisations de pension ÷ taux légal du RSNA",calcul,
1991,"écart taux d'équilibre − taux légal, lecture littérale",-0.000583,points de taux,"Banque mondiale 1993 : CAVIS, ensemble des régimes du privé ; cotisations de pension ÷ taux légal du RSNA",calcul,
2000,"écart taux d'équilibre − taux légal, lecture littérale",0.03173867,points de taux,annuaire CNSS : masse salariale déclarée au RSNA,calcul,
2001,"écart taux d'équilibre − taux légal, lecture littérale",0.03003507,points de taux,annuaire CNSS : masse salariale déclarée au RSNA,calcul,
2002,"écart taux d'équilibre − taux légal, lecture littérale",0.03604584,points de taux,annuaire CNSS : masse salariale déclarée au RSNA,calcul,
2003,"écart taux d'équilibre − taux légal, lecture littérale",0.03334561,points de taux,annuaire CNSS : masse salariale déclarée au RSNA,calcul,
2004,"écart taux d'équilibre − taux légal, lecture littérale",0.04018474,points de taux,annuaire CNSS : masse salariale déclarée au RSNA,calcul,
2005,"écart taux d'équilibre − taux légal, lecture littérale",0.04608134,points de taux,annuaire CNSS : masse salariale déclarée au RSNA,calcul,
2006,"écart taux d'équilibre − taux légal, lecture littérale",0.04295167,points de taux,annuaire CNSS : masse salariale déclarée au RSNA,calcul,
2007,"écart taux d'équilibre − taux légal, lecture littérale",0.04381731,points de taux,annuaire CNSS : masse salariale déclarée au RSNA,calcul,
2008,"écart taux d'équilibre − taux légal, lecture littérale",0.04455874,points de taux,annuaire CNSS : masse salariale déclarée au RSNA,calcul,
2009,"écart taux d'équilibre − taux légal, lecture littérale",0.04004186,points de taux,annuaire CNSS : masse salariale déclarée au RSNA,calcul,
2010,"écart taux d'équilibre − taux légal, lecture littérale",0.03973166,points de taux,annuaire CNSS : masse salariale déclarée au RSNA,calcul,
2011,"écart taux d'équilibre − taux légal, lecture littérale",0.04372825,points de taux,annuaire CNSS : masse salariale déclarée au RSNA,calcul,
2012,"écart taux d'équilibre − taux légal, lecture littérale",0.04503626,points de taux,annuaire CNSS : masse salariale déclarée au RSNA,calcul,
2013,"écart taux d'équilibre − taux légal, lecture littérale",0.04212326,points de taux,annuaire CNSS : masse salariale déclarée au RSNA,calcul,
2014,"écart taux d'équilibre − taux légal, lecture littérale",0.0489398,points de taux,annuaire CNSS : masse salariale déclarée au RSNA,calcul,
2015,"écart taux d'équilibre − taux légal, lecture littérale",0.05782739,points de taux,annuaire CNSS : masse salariale déclarée au RSNA,calcul,
2016,"écart taux d'équilibre − taux légal, lecture littérale",0.06326668,points de taux,annuaire CNSS : masse salariale déclarée au RSNA,calcul,
2017,"écart taux d'équilibre − taux légal, lecture littérale",0.06211081,points de taux,annuaire CNSS : masse salariale déclarée au RSNA,calcul,
