annee,regime,indicateur,valeur,unite,denominateur,source,note
2004,"artistes, créateurs et intellectuels (RACI)",actifs,27.0,personnes,Σ classes × coefficient × SMIG 48 h × 2 400 h,"CNSS, annuaire statistique 2017 (arabe) ; 2010 pour les classes de 2000-2004 ; série cnss-regimes-annuaires (annuaire statistique 2017 (arabe), p. 328)",
2005,"artistes, créateurs et intellectuels (RACI)",actifs,51.0,personnes,Σ classes × coefficient × SMIG 48 h × 2 400 h,"CNSS, annuaire statistique 2017 (arabe) ; 2010 pour les classes de 2000-2004 ; série cnss-regimes-annuaires (annuaire statistique 2017 (arabe), p. 328)",
2006,"artistes, créateurs et intellectuels (RACI)",actifs,87.0,personnes,Σ classes × coefficient × SMIG 48 h × 2 400 h,"CNSS, annuaire statistique 2017 (arabe) ; 2010 pour les classes de 2000-2004 ; série cnss-regimes-annuaires (annuaire statistique 2017 (arabe), p. 328)",
2007,"artistes, créateurs et intellectuels (RACI)",actifs,105.0,personnes,Σ classes × coefficient × SMIG 48 h × 2 400 h,"CNSS, annuaire statistique 2017 (arabe) ; 2010 pour les classes de 2000-2004 ; série cnss-regimes-annuaires (annuaire statistique 2017 (arabe), p. 328)",
2008,"artistes, créateurs et intellectuels (RACI)",actifs,114.0,personnes,Σ classes × coefficient × SMIG 48 h × 2 400 h,"CNSS, annuaire statistique 2017 (arabe) ; 2010 pour les classes de 2000-2004 ; série cnss-regimes-annuaires (annuaire statistique 2017 (arabe), p. 328)",
2009,"artistes, créateurs et intellectuels (RACI)",actifs,168.0,personnes,Σ classes × coefficient × SMIG 48 h × 2 400 h,"CNSS, annuaire statistique 2017 (arabe) ; 2010 pour les classes de 2000-2004 ; série cnss-regimes-annuaires (annuaire statistique 2017 (arabe), p. 328)",
2010,"artistes, créateurs et intellectuels (RACI)",actifs,213.0,personnes,Σ classes × coefficient × SMIG 48 h × 2 400 h,"CNSS, annuaire statistique 2017 (arabe) ; 2010 pour les classes de 2000-2004 ; série cnss-regimes-annuaires (annuaire statistique 2017 (arabe), p. 328)",
2011,"artistes, créateurs et intellectuels (RACI)",actifs,213.0,personnes,Σ classes × coefficient × SMIG 48 h × 2 400 h,"CNSS, annuaire statistique 2017 (arabe) ; 2010 pour les classes de 2000-2004 ; série cnss-regimes-annuaires (annuaire statistique 2017 (arabe), p. 328)",
2012,"artistes, créateurs et intellectuels (RACI)",actifs,211.0,personnes,Σ classes × coefficient × SMIG 48 h × 2 400 h,"CNSS, annuaire statistique 2017 (arabe) ; 2010 pour les classes de 2000-2004 ; série cnss-regimes-annuaires (annuaire statistique 2017 (arabe), p. 328)",
2013,"artistes, créateurs et intellectuels (RACI)",actifs,233.0,personnes,Σ classes × coefficient × SMIG 48 h × 2 400 h,"CNSS, annuaire statistique 2017 (arabe) ; 2010 pour les classes de 2000-2004 ; série cnss-regimes-annuaires (annuaire statistique 2017 (arabe), p. 328)",
2014,"artistes, créateurs et intellectuels (RACI)",actifs,237.0,personnes,Σ classes × coefficient × SMIG 48 h × 2 400 h,"CNSS, annuaire statistique 2017 (arabe) ; 2010 pour les classes de 2000-2004 ; série cnss-regimes-annuaires (annuaire statistique 2017 (arabe), p. 328)",
2015,"artistes, créateurs et intellectuels (RACI)",actifs,261.0,personnes,Σ classes × coefficient × SMIG 48 h × 2 400 h,"CNSS, annuaire statistique 2017 (arabe) ; 2010 pour les classes de 2000-2004 ; série cnss-regimes-annuaires (annuaire statistique 2017 (arabe), p. 328)",
2016,"artistes, créateurs et intellectuels (RACI)",actifs,288.0,personnes,Σ classes × coefficient × SMIG 48 h × 2 400 h,"CNSS, annuaire statistique 2017 (arabe) ; 2010 pour les classes de 2000-2004 ; série cnss-regimes-annuaires (annuaire statistique 2017 (arabe), p. 328)",
2017,"artistes, créateurs et intellectuels (RACI)",actifs,309.0,personnes,Σ classes × coefficient × SMIG 48 h × 2 400 h,"CNSS, annuaire statistique 2017 (arabe) ; 2010 pour les classes de 2000-2004 ; série cnss-regimes-annuaires (annuaire statistique 2017 (arabe), p. 328)",
2004,"artistes, créateurs et intellectuels (RACI)",assiette (dénominateur),0.15225,millions de dinars,Σ classes × coefficient × SMIG 48 h × 2 400 h,"calcul ; classes : CNSS, annuaire statistique 2017 (arabe) ; 2010 pour les classes de 2000-2004 ; série cnss-regimes-annuaires ; loi n° 2002-104 du 30 décembre 2002, art. 7, JORT n° 106 du 31 décembre 2002 ; décret n° 2003-894 du 21 avril 2003, JORT n° 34 du 29 avril 2003, p. 1291-1294 (https://www.pist.tn/jort/2003/2003F/Jo0342003.pdf)","SMIG au 1er janvier : décret n° 2003-1691, JORT n° 67 du 22 août 2003, p. 2558 (https://www.pist.tn/jort/2003/2003F/Jo0672003.pdf) ; somme des classes 27 pour 27 actifs"
2005,"artistes, créateurs et intellectuels (RACI)",assiette (dénominateur),0.285748,millions de dinars,Σ classes × coefficient × SMIG 48 h × 2 400 h,"calcul ; classes : CNSS, annuaire statistique 2017 (arabe) ; 2010 pour les classes de 2000-2004 ; série cnss-regimes-annuaires ; loi n° 2002-104 du 30 décembre 2002, art. 7, JORT n° 106 du 31 décembre 2002 ; décret n° 2003-894 du 21 avril 2003, JORT n° 34 du 29 avril 2003, p. 1291-1294 (https://www.pist.tn/jort/2003/2003F/Jo0342003.pdf)","SMIG au 1er janvier : décret n° 2004-1803, JORT n° 63 du 6 août 2004, p. 2257 (https://www.pist.tn/jort/2004/2004F/Jo0632004.pdf) ; somme des classes 51 pour 51 actifs"
2006,"artistes, créateurs et intellectuels (RACI)",assiette (dénominateur),0.461815,millions de dinars,Σ classes × coefficient × SMIG 48 h × 2 400 h,"calcul ; classes : CNSS, annuaire statistique 2017 (arabe) ; 2010 pour les classes de 2000-2004 ; série cnss-regimes-annuaires ; loi n° 2002-104 du 30 décembre 2002, art. 7, JORT n° 106 du 31 décembre 2002 ; décret n° 2003-894 du 21 avril 2003, JORT n° 34 du 29 avril 2003, p. 1291-1294 (https://www.pist.tn/jort/2003/2003F/Jo0342003.pdf)","SMIG au 1er janvier : décret n° 2005-2320, JORT n° 68 du 26 août 2005, p. 2319 (https://www.pist.tn/jort/2005/2005F/Jo0682005.pdf) ; somme des classes 87 pour 87 actifs"
2007,"artistes, créateurs et intellectuels (RACI)",assiette (dénominateur),0.57913,millions de dinars,Σ classes × coefficient × SMIG 48 h × 2 400 h,"calcul ; classes : CNSS, annuaire statistique 2017 (arabe) ; 2010 pour les classes de 2000-2004 ; série cnss-regimes-annuaires ; loi n° 2002-104 du 30 décembre 2002, art. 7, JORT n° 106 du 31 décembre 2002 ; décret n° 2003-894 du 21 avril 2003, JORT n° 34 du 29 avril 2003, p. 1291-1294 (https://www.pist.tn/jort/2003/2003F/Jo0342003.pdf)","SMIG au 1er janvier : décret n° 2006-2098, JORT n° 62 du 4 août 2006, p. 2112 (https://www.pist.tn/jort/2006/2006F/Jo0622006.pdf) ; somme des classes 105 pour 105 actifs"
2008,"artistes, créateurs et intellectuels (RACI)",assiette (dénominateur),0.653059,millions de dinars,Σ classes × coefficient × SMIG 48 h × 2 400 h,"calcul ; classes : CNSS, annuaire statistique 2017 (arabe) ; 2010 pour les classes de 2000-2004 ; série cnss-regimes-annuaires ; loi n° 2002-104 du 30 décembre 2002, art. 7, JORT n° 106 du 31 décembre 2002 ; décret n° 2003-894 du 21 avril 2003, JORT n° 34 du 29 avril 2003, p. 1291-1294 (https://www.pist.tn/jort/2003/2003F/Jo0342003.pdf)","SMIG au 1er janvier : décret n° 2007-2079, JORT n° 67 du 21 août 2007, p. 2909 (https://www.pist.tn/jort/2007/2007F/Jo0672007.pdf) ; somme des classes 114 pour 114 actifs"
2009,"artistes, créateurs et intellectuels (RACI)",assiette (dénominateur),1.011427,millions de dinars,Σ classes × coefficient × SMIG 48 h × 2 400 h,"calcul ; classes : CNSS, annuaire statistique 2017 (arabe) ; 2010 pour les classes de 2000-2004 ; série cnss-regimes-annuaires ; loi n° 2002-104 du 30 décembre 2002, art. 7, JORT n° 106 du 31 décembre 2002 ; décret n° 2003-894 du 21 avril 2003, JORT n° 34 du 29 avril 2003, p. 1291-1294 (https://www.pist.tn/jort/2003/2003F/Jo0342003.pdf)","SMIG au 1er janvier : décret n° 2008-2072, JORT n° 46 du 6 juin 2008, p. 1736 (https://www.pist.tn/jort/2008/2008F/Jo0462008.pdf) ; somme des classes 168 pour 168 actifs"
2010,"artistes, créateurs et intellectuels (RACI)",assiette (dénominateur),1.321664,millions de dinars,Σ classes × coefficient × SMIG 48 h × 2 400 h,"calcul ; classes : CNSS, annuaire statistique 2017 (arabe) ; 2010 pour les classes de 2000-2004 ; série cnss-regimes-annuaires ; loi n° 2002-104 du 30 décembre 2002, art. 7, JORT n° 106 du 31 décembre 2002 ; décret n° 2003-894 du 21 avril 2003, JORT n° 34 du 29 avril 2003, p. 1291-1294 (https://www.pist.tn/jort/2003/2003F/Jo0342003.pdf)","SMIG au 1er janvier : décret n° 2009-2257, JORT n° 62 du 4 août 2009, p. 2139 (https://www.pist.tn/jort/2009/2009F/Jo0622009.pdf) ; somme des classes 213 pour 213 actifs"
2011,"artistes, créateurs et intellectuels (RACI)",assiette (dénominateur),1.386504,millions de dinars,Σ classes × coefficient × SMIG 48 h × 2 400 h,"calcul ; classes : CNSS, annuaire statistique 2017 (arabe) ; 2010 pour les classes de 2000-2004 ; série cnss-regimes-annuaires ; loi n° 2002-104 du 30 décembre 2002, art. 7, JORT n° 106 du 31 décembre 2002 ; décret n° 2003-894 du 21 avril 2003, JORT n° 34 du 29 avril 2003, p. 1291-1294 (https://www.pist.tn/jort/2003/2003F/Jo0342003.pdf)","SMIG au 1er janvier : décret n° 2010-1746, JORT n° 58 du 20 juillet 2010, p. 1997 (https://www.pist.tn/jort/2010/2010F/Jo0582010.pdf) ; somme des classes 213 pour 213 actifs"
2012,"artistes, créateurs et intellectuels (RACI)",assiette (dénominateur),1.4421,millions de dinars,Σ classes × coefficient × SMIG 48 h × 2 400 h,"calcul ; classes : CNSS, annuaire statistique 2017 (arabe) ; 2010 pour les classes de 2000-2004 ; série cnss-regimes-annuaires ; loi n° 2002-104 du 30 décembre 2002, art. 7, JORT n° 106 du 31 décembre 2002 ; décret n° 2003-894 du 21 avril 2003, JORT n° 34 du 29 avril 2003, p. 1291-1294 (https://www.pist.tn/jort/2003/2003F/Jo0342003.pdf)","SMIG au 1er janvier : décret n° 2011-679, JORT n° 42 du 10 juin 2011, p. 901 (https://www.pist.tn/jort/2011/2011F/Jo0422011.pdf) ; somme des classes 211 pour 211 actifs"
2013,"artistes, créateurs et intellectuels (RACI)",assiette (dénominateur),1.680258,millions de dinars,Σ classes × coefficient × SMIG 48 h × 2 400 h,"calcul ; classes : CNSS, annuaire statistique 2017 (arabe) ; 2010 pour les classes de 2000-2004 ; série cnss-regimes-annuaires ; loi n° 2002-104 du 30 décembre 2002, art. 7, JORT n° 106 du 31 décembre 2002 ; décret n° 2003-894 du 21 avril 2003, JORT n° 34 du 29 avril 2003, p. 1291-1294 (https://www.pist.tn/jort/2003/2003F/Jo0342003.pdf)","SMIG au 1er janvier : décret n° 2012-1981, JORT n° 77 du 28 septembre 2012, p. 2271 (https://www.pist.tn/jort/2012/2012F/Jo0772012.pdf) ; somme des classes 233 pour 233 actifs"
2014,"artistes, créateurs et intellectuels (RACI)",assiette (dénominateur),1.777765,millions de dinars,Σ classes × coefficient × SMIG 48 h × 2 400 h,"calcul ; classes : CNSS, annuaire statistique 2017 (arabe) ; 2010 pour les classes de 2000-2004 ; série cnss-regimes-annuaires ; loi n° 2002-104 du 30 décembre 2002, art. 7, JORT n° 106 du 31 décembre 2002 ; décret n° 2003-894 du 21 avril 2003, JORT n° 34 du 29 avril 2003, p. 1291-1294 (https://www.pist.tn/jort/2003/2003F/Jo0342003.pdf)","SMIG au 1er janvier : décret n° 2012-1981, JORT n° 77 du 28 septembre 2012, p. 2271 (https://www.pist.tn/jort/2012/2012F/Jo0772012.pdf) ; somme des classes 237 pour 237 actifs"
2015,"artistes, créateurs et intellectuels (RACI)",assiette (dénominateur),2.074454,millions de dinars,Σ classes × coefficient × SMIG 48 h × 2 400 h,"calcul ; classes : CNSS, annuaire statistique 2017 (arabe) ; 2010 pour les classes de 2000-2004 ; série cnss-regimes-annuaires ; loi n° 2002-104 du 30 décembre 2002, art. 7, JORT n° 106 du 31 décembre 2002 ; décret n° 2003-894 du 21 avril 2003, JORT n° 34 du 29 avril 2003, p. 1291-1294 (https://www.pist.tn/jort/2003/2003F/Jo0342003.pdf)","SMIG au 1er janvier : décret n° 2014-2907, JORT n° 66 du 15 août 2014, p. 2062 (https://www.pist.tn/jort/2014/2014F/Jo0662014.pdf) ; somme des classes 261 pour 261 actifs"
2016,"artistes, créateurs et intellectuels (RACI)",assiette (dénominateur),2.4336,millions de dinars,Σ classes × coefficient × SMIG 48 h × 2 400 h,"calcul ; classes : CNSS, annuaire statistique 2017 (arabe) ; 2010 pour les classes de 2000-2004 ; série cnss-regimes-annuaires ; loi n° 2002-104 du 30 décembre 2002, art. 7, JORT n° 106 du 31 décembre 2002 ; décret n° 2003-894 du 21 avril 2003, JORT n° 34 du 29 avril 2003, p. 1291-1294 (https://www.pist.tn/jort/2003/2003F/Jo0342003.pdf)","SMIG au 1er janvier : décret gouvernemental n° 2015-1762, JORT n° 91 du 13 novembre 2015, p. 2709 (https://www.pist.tn/jort/2015/2015F/Jo0912015.pdf) ; somme des classes 288 pour 288 actifs"
2017,"artistes, créateurs et intellectuels (RACI)",assiette (dénominateur),2.742392,millions de dinars,Σ classes × coefficient × SMIG 48 h × 2 400 h,"calcul ; classes : CNSS, annuaire statistique 2017 (arabe) ; 2010 pour les classes de 2000-2004 ; série cnss-regimes-annuaires ; loi n° 2002-104 du 30 décembre 2002, art. 7, JORT n° 106 du 31 décembre 2002 ; décret n° 2003-894 du 21 avril 2003, JORT n° 34 du 29 avril 2003, p. 1291-1294 (https://www.pist.tn/jort/2003/2003F/Jo0342003.pdf)","SMIG au 1er janvier : décret gouvernemental n° 2017-668 du 5 juin 2017 (effet rétroactif), JORT n° 45 du 6 juin 2017, éd. arabe p. 1877 (https://www.pist.tn/jort/2017/2017A/Ja0452017.pdf ; l'adresse de l'édition française sert le fascicule arabe) ; somme des classes 309 pour 309 actifs"
2004,"artistes, créateurs et intellectuels (RACI)",coefficient moyen de classe,2.314815,multiple du SMIG,,calcul,Σ assurés × coefficient ÷ assurés
2005,"artistes, créateurs et intellectuels (RACI)",coefficient moyen de classe,2.22549,multiple du SMIG,,calcul,Σ assurés × coefficient ÷ assurés
2006,"artistes, créateurs et intellectuels (RACI)",coefficient moyen de classe,2.051724,multiple du SMIG,,calcul,Σ assurés × coefficient ÷ assurés
2007,"artistes, créateurs et intellectuels (RACI)",coefficient moyen de classe,2.066667,multiple du SMIG,,calcul,Σ assurés × coefficient ÷ assurés
2008,"artistes, créateurs et intellectuels (RACI)",coefficient moyen de classe,2.070175,multiple du SMIG,,calcul,Σ assurés × coefficient ÷ assurés
2009,"artistes, créateurs et intellectuels (RACI)",coefficient moyen de classe,2.071429,multiple du SMIG,,calcul,Σ assurés × coefficient ÷ assurés
2010,"artistes, créateurs et intellectuels (RACI)",coefficient moyen de classe,2.06338,multiple du SMIG,,calcul,Σ assurés × coefficient ÷ assurés
2011,"artistes, créateurs et intellectuels (RACI)",coefficient moyen de classe,2.070423,multiple du SMIG,,calcul,Σ assurés × coefficient ÷ assurés
2012,"artistes, créateurs et intellectuels (RACI)",coefficient moyen de classe,2.07109,multiple du SMIG,,calcul,Σ assurés × coefficient ÷ assurés
2013,"artistes, créateurs et intellectuels (RACI)",coefficient moyen de classe,2.070815,multiple du SMIG,,calcul,Σ assurés × coefficient ÷ assurés
2014,"artistes, créateurs et intellectuels (RACI)",coefficient moyen de classe,2.154008,multiple du SMIG,,calcul,Σ assurés × coefficient ÷ assurés
2015,"artistes, créateurs et intellectuels (RACI)",coefficient moyen de classe,2.153257,multiple du SMIG,,calcul,Σ assurés × coefficient ÷ assurés
2016,"artistes, créateurs et intellectuels (RACI)",coefficient moyen de classe,2.166667,multiple du SMIG,,calcul,Σ assurés × coefficient ÷ assurés
2017,"artistes, créateurs et intellectuels (RACI)",coefficient moyen de classe,2.153722,multiple du SMIG,,calcul,Σ assurés × coefficient ÷ assurés
2004,"artistes, créateurs et intellectuels (RACI)",pension moyenne mensuelle,165.37,dinars par mois,Σ classes × coefficient × SMIG 48 h × 2 400 h,calcul,numérateur ÷ pensionnés ÷ 12
2005,"artistes, créateurs et intellectuels (RACI)",pension moyenne mensuelle,164.87,dinars par mois,Σ classes × coefficient × SMIG 48 h × 2 400 h,calcul,numérateur ÷ pensionnés ÷ 12
2006,"artistes, créateurs et intellectuels (RACI)",pension moyenne mensuelle,163.46,dinars par mois,Σ classes × coefficient × SMIG 48 h × 2 400 h,calcul,numérateur ÷ pensionnés ÷ 12
2007,"artistes, créateurs et intellectuels (RACI)",pension moyenne mensuelle,164.73,dinars par mois,Σ classes × coefficient × SMIG 48 h × 2 400 h,calcul,numérateur ÷ pensionnés ÷ 12
2008,"artistes, créateurs et intellectuels (RACI)",pension moyenne mensuelle,170.57,dinars par mois,Σ classes × coefficient × SMIG 48 h × 2 400 h,calcul,numérateur ÷ pensionnés ÷ 12
2009,"artistes, créateurs et intellectuels (RACI)",pension moyenne mensuelle,168.86,dinars par mois,Σ classes × coefficient × SMIG 48 h × 2 400 h,calcul,numérateur ÷ pensionnés ÷ 12
2010,"artistes, créateurs et intellectuels (RACI)",pension moyenne mensuelle,170.9,dinars par mois,Σ classes × coefficient × SMIG 48 h × 2 400 h,calcul,numérateur ÷ pensionnés ÷ 12
2011,"artistes, créateurs et intellectuels (RACI)",pension moyenne mensuelle,169.98,dinars par mois,Σ classes × coefficient × SMIG 48 h × 2 400 h,calcul,numérateur ÷ pensionnés ÷ 12
2012,"artistes, créateurs et intellectuels (RACI)",pension moyenne mensuelle,170.75,dinars par mois,Σ classes × coefficient × SMIG 48 h × 2 400 h,calcul,numérateur ÷ pensionnés ÷ 12
2013,"artistes, créateurs et intellectuels (RACI)",pension moyenne mensuelle,173.04,dinars par mois,Σ classes × coefficient × SMIG 48 h × 2 400 h,calcul,numérateur ÷ pensionnés ÷ 12
2014,"artistes, créateurs et intellectuels (RACI)",pension moyenne mensuelle,234.4,dinars par mois,Σ classes × coefficient × SMIG 48 h × 2 400 h,calcul,numérateur ÷ pensionnés ÷ 12
2015,"artistes, créateurs et intellectuels (RACI)",pension moyenne mensuelle,236.72,dinars par mois,Σ classes × coefficient × SMIG 48 h × 2 400 h,calcul,numérateur ÷ pensionnés ÷ 12
2016,"artistes, créateurs et intellectuels (RACI)",pension moyenne mensuelle,237.78,dinars par mois,Σ classes × coefficient × SMIG 48 h × 2 400 h,calcul,numérateur ÷ pensionnés ÷ 12
2017,"artistes, créateurs et intellectuels (RACI)",pension moyenne mensuelle,253.89,dinars par mois,Σ classes × coefficient × SMIG 48 h × 2 400 h,calcul,numérateur ÷ pensionnés ÷ 12
2004,"artistes, créateurs et intellectuels (RACI)","pensionnés, toutes natures",129.0,personnes,Σ classes × coefficient × SMIG 48 h × 2 400 h,"CNSS, annuaire statistique 2017 (arabe) ; 2010 pour les classes de 2000-2004 ; série cnss-regimes-annuaires (annuaire statistique 2017 (arabe), p. 328)",orphelins compris ; fin d'année
2005,"artistes, créateurs et intellectuels (RACI)","pensionnés, toutes natures",139.0,personnes,Σ classes × coefficient × SMIG 48 h × 2 400 h,"CNSS, annuaire statistique 2017 (arabe) ; 2010 pour les classes de 2000-2004 ; série cnss-regimes-annuaires (annuaire statistique 2017 (arabe), p. 328)",orphelins compris ; fin d'année
2006,"artistes, créateurs et intellectuels (RACI)","pensionnés, toutes natures",156.0,personnes,Σ classes × coefficient × SMIG 48 h × 2 400 h,"CNSS, annuaire statistique 2017 (arabe) ; 2010 pour les classes de 2000-2004 ; série cnss-regimes-annuaires (annuaire statistique 2017 (arabe), p. 328)",orphelins compris ; fin d'année
2007,"artistes, créateurs et intellectuels (RACI)","pensionnés, toutes natures",172.0,personnes,Σ classes × coefficient × SMIG 48 h × 2 400 h,"CNSS, annuaire statistique 2017 (arabe) ; 2010 pour les classes de 2000-2004 ; série cnss-regimes-annuaires (annuaire statistique 2017 (arabe), p. 328)",orphelins compris ; fin d'année
2008,"artistes, créateurs et intellectuels (RACI)","pensionnés, toutes natures",171.0,personnes,Σ classes × coefficient × SMIG 48 h × 2 400 h,"CNSS, annuaire statistique 2017 (arabe) ; 2010 pour les classes de 2000-2004 ; série cnss-regimes-annuaires (annuaire statistique 2017 (arabe), p. 328)",orphelins compris ; fin d'année
2009,"artistes, créateurs et intellectuels (RACI)","pensionnés, toutes natures",190.0,personnes,Σ classes × coefficient × SMIG 48 h × 2 400 h,"CNSS, annuaire statistique 2017 (arabe) ; 2010 pour les classes de 2000-2004 ; série cnss-regimes-annuaires (annuaire statistique 2017 (arabe), p. 328)",orphelins compris ; fin d'année
2010,"artistes, créateurs et intellectuels (RACI)","pensionnés, toutes natures",197.0,personnes,Σ classes × coefficient × SMIG 48 h × 2 400 h,"CNSS, annuaire statistique 2017 (arabe) ; 2010 pour les classes de 2000-2004 ; série cnss-regimes-annuaires (annuaire statistique 2017 (arabe), p. 328)",orphelins compris ; fin d'année
2011,"artistes, créateurs et intellectuels (RACI)","pensionnés, toutes natures",201.0,personnes,Σ classes × coefficient × SMIG 48 h × 2 400 h,"CNSS, annuaire statistique 2017 (arabe) ; 2010 pour les classes de 2000-2004 ; série cnss-regimes-annuaires (annuaire statistique 2017 (arabe), p. 328)",orphelins compris ; fin d'année
2012,"artistes, créateurs et intellectuels (RACI)","pensionnés, toutes natures",204.0,personnes,Σ classes × coefficient × SMIG 48 h × 2 400 h,"CNSS, annuaire statistique 2017 (arabe) ; 2010 pour les classes de 2000-2004 ; série cnss-regimes-annuaires (annuaire statistique 2017 (arabe), p. 328)",orphelins compris ; fin d'année
2013,"artistes, créateurs et intellectuels (RACI)","pensionnés, toutes natures",196.0,personnes,Σ classes × coefficient × SMIG 48 h × 2 400 h,"CNSS, annuaire statistique 2017 (arabe) ; 2010 pour les classes de 2000-2004 ; série cnss-regimes-annuaires (annuaire statistique 2017 (arabe), p. 328)",orphelins compris ; fin d'année
2014,"artistes, créateurs et intellectuels (RACI)","pensionnés, toutes natures",187.0,personnes,Σ classes × coefficient × SMIG 48 h × 2 400 h,"CNSS, annuaire statistique 2017 (arabe) ; 2010 pour les classes de 2000-2004 ; série cnss-regimes-annuaires (annuaire statistique 2017 (arabe), p. 328)",orphelins compris ; fin d'année
2015,"artistes, créateurs et intellectuels (RACI)","pensionnés, toutes natures",182.0,personnes,Σ classes × coefficient × SMIG 48 h × 2 400 h,"CNSS, annuaire statistique 2017 (arabe) ; 2010 pour les classes de 2000-2004 ; série cnss-regimes-annuaires (annuaire statistique 2017 (arabe), p. 328)",orphelins compris ; fin d'année
2016,"artistes, créateurs et intellectuels (RACI)","pensionnés, toutes natures",191.0,personnes,Σ classes × coefficient × SMIG 48 h × 2 400 h,"CNSS, annuaire statistique 2017 (arabe) ; 2010 pour les classes de 2000-2004 ; série cnss-regimes-annuaires (annuaire statistique 2017 (arabe), p. 328)",orphelins compris ; fin d'année
2017,"artistes, créateurs et intellectuels (RACI)","pensionnés, toutes natures",193.0,personnes,Σ classes × coefficient × SMIG 48 h × 2 400 h,"CNSS, annuaire statistique 2017 (arabe) ; 2010 pour les classes de 2000-2004 ; série cnss-regimes-annuaires (annuaire statistique 2017 (arabe), p. 328)",orphelins compris ; fin d'année
2004,"artistes, créateurs et intellectuels (RACI)",pensions servies (numérateur),0.256,millions de dinars,Σ classes × coefficient × SMIG 48 h × 2 400 h,"CNSS, annuaire statistique 2017 (arabe) ; 2010 pour les classes de 2000-2004 ; série cnss-regimes-annuaires (annuaire statistique 2017 (arabe), p. 328)","toutes natures, orphelins compris ; montants en milliers de dinars dans l'annuaire"
2005,"artistes, créateurs et intellectuels (RACI)",pensions servies (numérateur),0.275,millions de dinars,Σ classes × coefficient × SMIG 48 h × 2 400 h,"CNSS, annuaire statistique 2017 (arabe) ; 2010 pour les classes de 2000-2004 ; série cnss-regimes-annuaires (annuaire statistique 2017 (arabe), p. 328)","toutes natures, orphelins compris ; montants en milliers de dinars dans l'annuaire"
2006,"artistes, créateurs et intellectuels (RACI)",pensions servies (numérateur),0.306,millions de dinars,Σ classes × coefficient × SMIG 48 h × 2 400 h,"CNSS, annuaire statistique 2017 (arabe) ; 2010 pour les classes de 2000-2004 ; série cnss-regimes-annuaires (annuaire statistique 2017 (arabe), p. 328)","toutes natures, orphelins compris ; montants en milliers de dinars dans l'annuaire"
2007,"artistes, créateurs et intellectuels (RACI)",pensions servies (numérateur),0.34,millions de dinars,Σ classes × coefficient × SMIG 48 h × 2 400 h,"CNSS, annuaire statistique 2017 (arabe) ; 2010 pour les classes de 2000-2004 ; série cnss-regimes-annuaires (annuaire statistique 2017 (arabe), p. 328)","toutes natures, orphelins compris ; montants en milliers de dinars dans l'annuaire"
2008,"artistes, créateurs et intellectuels (RACI)",pensions servies (numérateur),0.35,millions de dinars,Σ classes × coefficient × SMIG 48 h × 2 400 h,"CNSS, annuaire statistique 2017 (arabe) ; 2010 pour les classes de 2000-2004 ; série cnss-regimes-annuaires (annuaire statistique 2017 (arabe), p. 328)","toutes natures, orphelins compris ; montants en milliers de dinars dans l'annuaire"
2009,"artistes, créateurs et intellectuels (RACI)",pensions servies (numérateur),0.385,millions de dinars,Σ classes × coefficient × SMIG 48 h × 2 400 h,"CNSS, annuaire statistique 2017 (arabe) ; 2010 pour les classes de 2000-2004 ; série cnss-regimes-annuaires (annuaire statistique 2017 (arabe), p. 328)","toutes natures, orphelins compris ; montants en milliers de dinars dans l'annuaire"
2010,"artistes, créateurs et intellectuels (RACI)",pensions servies (numérateur),0.404,millions de dinars,Σ classes × coefficient × SMIG 48 h × 2 400 h,"CNSS, annuaire statistique 2017 (arabe) ; 2010 pour les classes de 2000-2004 ; série cnss-regimes-annuaires (annuaire statistique 2017 (arabe), p. 328)","toutes natures, orphelins compris ; montants en milliers de dinars dans l'annuaire"
2011,"artistes, créateurs et intellectuels (RACI)",pensions servies (numérateur),0.41,millions de dinars,Σ classes × coefficient × SMIG 48 h × 2 400 h,"CNSS, annuaire statistique 2017 (arabe) ; 2010 pour les classes de 2000-2004 ; série cnss-regimes-annuaires (annuaire statistique 2017 (arabe), p. 328)","toutes natures, orphelins compris ; montants en milliers de dinars dans l'annuaire"
2012,"artistes, créateurs et intellectuels (RACI)",pensions servies (numérateur),0.418,millions de dinars,Σ classes × coefficient × SMIG 48 h × 2 400 h,"CNSS, annuaire statistique 2017 (arabe) ; 2010 pour les classes de 2000-2004 ; série cnss-regimes-annuaires (annuaire statistique 2017 (arabe), p. 328)","toutes natures, orphelins compris ; montants en milliers de dinars dans l'annuaire"
2013,"artistes, créateurs et intellectuels (RACI)",pensions servies (numérateur),0.407,millions de dinars,Σ classes × coefficient × SMIG 48 h × 2 400 h,"CNSS, annuaire statistique 2017 (arabe) ; 2010 pour les classes de 2000-2004 ; série cnss-regimes-annuaires (annuaire statistique 2017 (arabe), p. 328)","toutes natures, orphelins compris ; montants en milliers de dinars dans l'annuaire"
2014,"artistes, créateurs et intellectuels (RACI)",pensions servies (numérateur),0.526,millions de dinars,Σ classes × coefficient × SMIG 48 h × 2 400 h,"CNSS, annuaire statistique 2017 (arabe) ; 2010 pour les classes de 2000-2004 ; série cnss-regimes-annuaires (annuaire statistique 2017 (arabe), p. 328)","toutes natures, orphelins compris ; montants en milliers de dinars dans l'annuaire"
2015,"artistes, créateurs et intellectuels (RACI)",pensions servies (numérateur),0.517,millions de dinars,Σ classes × coefficient × SMIG 48 h × 2 400 h,"CNSS, annuaire statistique 2017 (arabe) ; 2010 pour les classes de 2000-2004 ; série cnss-regimes-annuaires (annuaire statistique 2017 (arabe), p. 328)","toutes natures, orphelins compris ; montants en milliers de dinars dans l'annuaire"
2016,"artistes, créateurs et intellectuels (RACI)",pensions servies (numérateur),0.545,millions de dinars,Σ classes × coefficient × SMIG 48 h × 2 400 h,"CNSS, annuaire statistique 2017 (arabe) ; 2010 pour les classes de 2000-2004 ; série cnss-regimes-annuaires (annuaire statistique 2017 (arabe), p. 328)","toutes natures, orphelins compris ; montants en milliers de dinars dans l'annuaire"
2017,"artistes, créateurs et intellectuels (RACI)",pensions servies (numérateur),0.588,millions de dinars,Σ classes × coefficient × SMIG 48 h × 2 400 h,"CNSS, annuaire statistique 2017 (arabe) ; 2010 pour les classes de 2000-2004 ; série cnss-regimes-annuaires (annuaire statistique 2017 (arabe), p. 328)","toutes natures, orphelins compris ; montants en milliers de dinars dans l'annuaire"
2004,"artistes, créateurs et intellectuels (RACI)",ratio pensionnés / cotisants,4.77777778,taux,Σ classes × coefficient × SMIG 48 h × 2 400 h,calcul,pensionnés ÷ actifs
2005,"artistes, créateurs et intellectuels (RACI)",ratio pensionnés / cotisants,2.7254902,taux,Σ classes × coefficient × SMIG 48 h × 2 400 h,calcul,pensionnés ÷ actifs
2006,"artistes, créateurs et intellectuels (RACI)",ratio pensionnés / cotisants,1.79310345,taux,Σ classes × coefficient × SMIG 48 h × 2 400 h,calcul,pensionnés ÷ actifs
2007,"artistes, créateurs et intellectuels (RACI)",ratio pensionnés / cotisants,1.63809524,taux,Σ classes × coefficient × SMIG 48 h × 2 400 h,calcul,pensionnés ÷ actifs
2008,"artistes, créateurs et intellectuels (RACI)",ratio pensionnés / cotisants,1.5,taux,Σ classes × coefficient × SMIG 48 h × 2 400 h,calcul,pensionnés ÷ actifs
2009,"artistes, créateurs et intellectuels (RACI)",ratio pensionnés / cotisants,1.13095238,taux,Σ classes × coefficient × SMIG 48 h × 2 400 h,calcul,pensionnés ÷ actifs
2010,"artistes, créateurs et intellectuels (RACI)",ratio pensionnés / cotisants,0.92488263,taux,Σ classes × coefficient × SMIG 48 h × 2 400 h,calcul,pensionnés ÷ actifs
2011,"artistes, créateurs et intellectuels (RACI)",ratio pensionnés / cotisants,0.94366197,taux,Σ classes × coefficient × SMIG 48 h × 2 400 h,calcul,pensionnés ÷ actifs
2012,"artistes, créateurs et intellectuels (RACI)",ratio pensionnés / cotisants,0.96682464,taux,Σ classes × coefficient × SMIG 48 h × 2 400 h,calcul,pensionnés ÷ actifs
2013,"artistes, créateurs et intellectuels (RACI)",ratio pensionnés / cotisants,0.84120172,taux,Σ classes × coefficient × SMIG 48 h × 2 400 h,calcul,pensionnés ÷ actifs
2014,"artistes, créateurs et intellectuels (RACI)",ratio pensionnés / cotisants,0.78902954,taux,Σ classes × coefficient × SMIG 48 h × 2 400 h,calcul,pensionnés ÷ actifs
2015,"artistes, créateurs et intellectuels (RACI)",ratio pensionnés / cotisants,0.69731801,taux,Σ classes × coefficient × SMIG 48 h × 2 400 h,calcul,pensionnés ÷ actifs
2016,"artistes, créateurs et intellectuels (RACI)",ratio pensionnés / cotisants,0.66319444,taux,Σ classes × coefficient × SMIG 48 h × 2 400 h,calcul,pensionnés ÷ actifs
2017,"artistes, créateurs et intellectuels (RACI)",ratio pensionnés / cotisants,0.62459547,taux,Σ classes × coefficient × SMIG 48 h × 2 400 h,calcul,pensionnés ÷ actifs
2004,"artistes, créateurs et intellectuels (RACI)",revenu d'assiette moyen mensuel,469.91,dinars par mois,Σ classes × coefficient × SMIG 48 h × 2 400 h,calcul,"dénominateur ÷ actifs ÷ 12 ; revenu forfaitaire, non revenu réel"
2005,"artistes, créateurs et intellectuels (RACI)",revenu d'assiette moyen mensuel,466.91,dinars par mois,Σ classes × coefficient × SMIG 48 h × 2 400 h,calcul,"dénominateur ÷ actifs ÷ 12 ; revenu forfaitaire, non revenu réel"
2006,"artistes, créateurs et intellectuels (RACI)",revenu d'assiette moyen mensuel,442.35,dinars par mois,Σ classes × coefficient × SMIG 48 h × 2 400 h,calcul,"dénominateur ÷ actifs ÷ 12 ; revenu forfaitaire, non revenu réel"
2007,"artistes, créateurs et intellectuels (RACI)",revenu d'assiette moyen mensuel,459.63,dinars par mois,Σ classes × coefficient × SMIG 48 h × 2 400 h,calcul,"dénominateur ÷ actifs ÷ 12 ; revenu forfaitaire, non revenu réel"
2008,"artistes, créateurs et intellectuels (RACI)",revenu d'assiette moyen mensuel,477.38,dinars par mois,Σ classes × coefficient × SMIG 48 h × 2 400 h,calcul,"dénominateur ÷ actifs ÷ 12 ; revenu forfaitaire, non revenu réel"
2009,"artistes, créateurs et intellectuels (RACI)",revenu d'assiette moyen mensuel,501.7,dinars par mois,Σ classes × coefficient × SMIG 48 h × 2 400 h,calcul,"dénominateur ÷ actifs ÷ 12 ; revenu forfaitaire, non revenu réel"
2010,"artistes, créateurs et intellectuels (RACI)",revenu d'assiette moyen mensuel,517.08,dinars par mois,Σ classes × coefficient × SMIG 48 h × 2 400 h,calcul,"dénominateur ÷ actifs ÷ 12 ; revenu forfaitaire, non revenu réel"
2011,"artistes, créateurs et intellectuels (RACI)",revenu d'assiette moyen mensuel,542.45,dinars par mois,Σ classes × coefficient × SMIG 48 h × 2 400 h,calcul,"dénominateur ÷ actifs ÷ 12 ; revenu forfaitaire, non revenu réel"
2012,"artistes, créateurs et intellectuels (RACI)",revenu d'assiette moyen mensuel,569.55,dinars par mois,Σ classes × coefficient × SMIG 48 h × 2 400 h,calcul,"dénominateur ÷ actifs ÷ 12 ; revenu forfaitaire, non revenu réel"
2013,"artistes, créateurs et intellectuels (RACI)",revenu d'assiette moyen mensuel,600.95,dinars par mois,Σ classes × coefficient × SMIG 48 h × 2 400 h,calcul,"dénominateur ÷ actifs ÷ 12 ; revenu forfaitaire, non revenu réel"
2014,"artistes, créateurs et intellectuels (RACI)",revenu d'assiette moyen mensuel,625.09,dinars par mois,Σ classes × coefficient × SMIG 48 h × 2 400 h,calcul,"dénominateur ÷ actifs ÷ 12 ; revenu forfaitaire, non revenu réel"
2015,"artistes, créateurs et intellectuels (RACI)",revenu d'assiette moyen mensuel,662.34,dinars par mois,Σ classes × coefficient × SMIG 48 h × 2 400 h,calcul,"dénominateur ÷ actifs ÷ 12 ; revenu forfaitaire, non revenu réel"
2016,"artistes, créateurs et intellectuels (RACI)",revenu d'assiette moyen mensuel,704.17,dinars par mois,Σ classes × coefficient × SMIG 48 h × 2 400 h,calcul,"dénominateur ÷ actifs ÷ 12 ; revenu forfaitaire, non revenu réel"
2017,"artistes, créateurs et intellectuels (RACI)",revenu d'assiette moyen mensuel,739.59,dinars par mois,Σ classes × coefficient × SMIG 48 h × 2 400 h,calcul,"dénominateur ÷ actifs ÷ 12 ; revenu forfaitaire, non revenu réel"
2004,"artistes, créateurs et intellectuels (RACI)",taux d'équilibre,1.68144499,taux,Σ classes × coefficient × SMIG 48 h × 2 400 h,calcul,numérateur ÷ dénominateur = remplacement apparent × ratio pensionnés / cotisants
2005,"artistes, créateurs et intellectuels (RACI)",taux d'équilibre,0.96238779,taux,Σ classes × coefficient × SMIG 48 h × 2 400 h,calcul,numérateur ÷ dénominateur = remplacement apparent × ratio pensionnés / cotisants
2006,"artistes, créateurs et intellectuels (RACI)",taux d'équilibre,0.6626027,taux,Σ classes × coefficient × SMIG 48 h × 2 400 h,calcul,numérateur ÷ dénominateur = remplacement apparent × ratio pensionnés / cotisants
2007,"artistes, créateurs et intellectuels (RACI)",taux d'équilibre,0.58708793,taux,Σ classes × coefficient × SMIG 48 h × 2 400 h,calcul,numérateur ÷ dénominateur = remplacement apparent × ratio pensionnés / cotisants
2008,"artistes, créateurs et intellectuels (RACI)",taux d'équilibre,0.53593916,taux,Σ classes × coefficient × SMIG 48 h × 2 400 h,calcul,numérateur ÷ dénominateur = remplacement apparent × ratio pensionnés / cotisants
2009,"artistes, créateurs et intellectuels (RACI)",taux d'équilibre,0.38065023,taux,Σ classes × coefficient × SMIG 48 h × 2 400 h,calcul,numérateur ÷ dénominateur = remplacement apparent × ratio pensionnés / cotisants
2010,"artistes, créateurs et intellectuels (RACI)",taux d'équilibre,0.30567518,taux,Σ classes × coefficient × SMIG 48 h × 2 400 h,calcul,numérateur ÷ dénominateur = remplacement apparent × ratio pensionnés / cotisants
2011,"artistes, créateurs et intellectuels (RACI)",taux d'équilibre,0.29570777,taux,Σ classes × coefficient × SMIG 48 h × 2 400 h,calcul,numérateur ÷ dénominateur = remplacement apparent × ratio pensionnés / cotisants
2012,"artistes, créateurs et intellectuels (RACI)",taux d'équilibre,0.28985507,taux,Σ classes × coefficient × SMIG 48 h × 2 400 h,calcul,numérateur ÷ dénominateur = remplacement apparent × ratio pensionnés / cotisants
2013,"artistes, créateurs et intellectuels (RACI)",taux d'équilibre,0.24222471,taux,Σ classes × coefficient × SMIG 48 h × 2 400 h,calcul,numérateur ÷ dénominateur = remplacement apparent × ratio pensionnés / cotisants
2014,"artistes, créateurs et intellectuels (RACI)",taux d'équilibre,0.29587709,taux,Σ classes × coefficient × SMIG 48 h × 2 400 h,calcul,numérateur ÷ dénominateur = remplacement apparent × ratio pensionnés / cotisants
2015,"artistes, créateurs et intellectuels (RACI)",taux d'équilibre,0.24922216,taux,Σ classes × coefficient × SMIG 48 h × 2 400 h,calcul,numérateur ÷ dénominateur = remplacement apparent × ratio pensionnés / cotisants
2016,"artistes, créateurs et intellectuels (RACI)",taux d'équilibre,0.22394806,taux,Σ classes × coefficient × SMIG 48 h × 2 400 h,calcul,numérateur ÷ dénominateur = remplacement apparent × ratio pensionnés / cotisants
2017,"artistes, créateurs et intellectuels (RACI)",taux d'équilibre,0.21441133,taux,Σ classes × coefficient × SMIG 48 h × 2 400 h,calcul,numérateur ÷ dénominateur = remplacement apparent × ratio pensionnés / cotisants
2004,"artistes, créateurs et intellectuels (RACI)","taux d'équilibre, SMIG et SMAG moyens de l'année",1.65359792,taux,Σ classes × coefficient × SMIG 48 h × 2 400 h,calcul,variante : SMIG (SMAG) moyen de l'année au prorata des jours de vigueur
2005,"artistes, créateurs et intellectuels (RACI)","taux d'équilibre, SMIG et SMAG moyens de l'année",0.95357638,taux,Σ classes × coefficient × SMIG 48 h × 2 400 h,calcul,variante : SMIG (SMAG) moyen de l'année au prorata des jours de vigueur
2006,"artistes, créateurs et intellectuels (RACI)","taux d'équilibre, SMIG et SMAG moyens de l'année",0.65223249,taux,Σ classes × coefficient × SMIG 48 h × 2 400 h,calcul,variante : SMIG (SMAG) moyen de l'année au prorata des jours de vigueur
2007,"artistes, créateurs et intellectuels (RACI)","taux d'équilibre, SMIG et SMAG moyens de l'année",0.57637498,taux,Σ classes × coefficient × SMIG 48 h × 2 400 h,calcul,variante : SMIG (SMAG) moyen de l'année au prorata des jours de vigueur
2008,"artistes, créateurs et intellectuels (RACI)","taux d'équilibre, SMIG et SMAG moyens de l'année",0.52271998,taux,Σ classes × coefficient × SMIG 48 h × 2 400 h,calcul,variante : SMIG (SMAG) moyen de l'année au prorata des jours de vigueur
2009,"artistes, créateurs et intellectuels (RACI)","taux d'équilibre, SMIG et SMAG moyens de l'année",0.37519565,taux,Σ classes × coefficient × SMIG 48 h × 2 400 h,calcul,variante : SMIG (SMAG) moyen de l'année au prorata des jours de vigueur
2010,"artistes, créateurs et intellectuels (RACI)","taux d'équilibre, SMIG et SMAG moyens de l'année",0.29882247,taux,Σ classes × coefficient × SMIG 48 h × 2 400 h,calcul,variante : SMIG (SMAG) moyen de l'année au prorata des jours de vigueur
2011,"artistes, créateurs et intellectuels (RACI)","taux d'équilibre, SMIG et SMAG moyens de l'année",0.28617653,taux,Σ classes × coefficient × SMIG 48 h × 2 400 h,calcul,variante : SMIG (SMAG) moyen de l'année au prorata des jours de vigueur
2012,"artistes, créateurs et intellectuels (RACI)","taux d'équilibre, SMIG et SMAG moyens de l'année",0.28201852,taux,Σ classes × coefficient × SMIG 48 h × 2 400 h,calcul,variante : SMIG (SMAG) moyen de l'année au prorata des jours de vigueur
2013,"artistes, créateurs et intellectuels (RACI)","taux d'équilibre, SMIG et SMAG moyens de l'année",0.24222471,taux,Σ classes × coefficient × SMIG 48 h × 2 400 h,calcul,variante : SMIG (SMAG) moyen de l'année au prorata des jours de vigueur
2014,"artistes, créateurs et intellectuels (RACI)","taux d'équilibre, SMIG et SMAG moyens de l'année",0.28442987,taux,Σ classes × coefficient × SMIG 48 h × 2 400 h,calcul,variante : SMIG (SMAG) moyen de l'année au prorata des jours de vigueur
2015,"artistes, créateurs et intellectuels (RACI)","taux d'équilibre, SMIG et SMAG moyens de l'année",0.24010545,taux,Σ classes × coefficient × SMIG 48 h × 2 400 h,calcul,variante : SMIG (SMAG) moyen de l'année au prorata des jours de vigueur
2016,"artistes, créateurs et intellectuels (RACI)","taux d'équilibre, SMIG et SMAG moyens de l'année",0.2187704,taux,Σ classes × coefficient × SMIG 48 h × 2 400 h,calcul,variante : SMIG (SMAG) moyen de l'année au prorata des jours de vigueur
2017,"artistes, créateurs et intellectuels (RACI)","taux d'équilibre, SMIG et SMAG moyens de l'année",0.21441133,taux,Σ classes × coefficient × SMIG 48 h × 2 400 h,calcul,variante : SMIG (SMAG) moyen de l'année au prorata des jours de vigueur
2004,"artistes, créateurs et intellectuels (RACI)",taux de remplacement apparent,0.35193035,taux,Σ classes × coefficient × SMIG 48 h × 2 400 h,calcul,pension moyenne ÷ revenu moyen
2005,"artistes, créateurs et intellectuels (RACI)",taux de remplacement apparent,0.35310631,taux,Σ classes × coefficient × SMIG 48 h × 2 400 h,calcul,pension moyenne ÷ revenu moyen
2006,"artistes, créateurs et intellectuels (RACI)",taux de remplacement apparent,0.36952843,taux,Σ classes × coefficient × SMIG 48 h × 2 400 h,calcul,pension moyenne ÷ revenu moyen
2007,"artistes, créateurs et intellectuels (RACI)",taux de remplacement apparent,0.3583967,taux,Σ classes × coefficient × SMIG 48 h × 2 400 h,calcul,pension moyenne ÷ revenu moyen
2008,"artistes, créateurs et intellectuels (RACI)",taux de remplacement apparent,0.35729277,taux,Σ classes × coefficient × SMIG 48 h × 2 400 h,calcul,pension moyenne ÷ revenu moyen
2009,"artistes, créateurs et intellectuels (RACI)",taux de remplacement apparent,0.33657494,taux,Σ classes × coefficient × SMIG 48 h × 2 400 h,calcul,pension moyenne ÷ revenu moyen
2010,"artistes, créateurs et intellectuels (RACI)",taux de remplacement apparent,0.33050159,taux,Σ classes × coefficient × SMIG 48 h × 2 400 h,calcul,pension moyenne ÷ revenu moyen
2011,"artistes, créateurs et intellectuels (RACI)",taux de remplacement apparent,0.31336196,taux,Σ classes × coefficient × SMIG 48 h × 2 400 h,calcul,pension moyenne ÷ revenu moyen
2012,"artistes, créateurs et intellectuels (RACI)",taux de remplacement apparent,0.29980108,taux,Σ classes × coefficient × SMIG 48 h × 2 400 h,calcul,pension moyenne ÷ revenu moyen
2013,"artistes, créateurs et intellectuels (RACI)",taux de remplacement apparent,0.2879508,taux,Σ classes × coefficient × SMIG 48 h × 2 400 h,calcul,pension moyenne ÷ revenu moyen
2014,"artistes, créateurs et intellectuels (RACI)",taux de remplacement apparent,0.37498862,taux,Σ classes × coefficient × SMIG 48 h × 2 400 h,calcul,pension moyenne ÷ revenu moyen
2015,"artistes, créateurs et intellectuels (RACI)",taux de remplacement apparent,0.35740101,taux,Σ classes × coefficient × SMIG 48 h × 2 400 h,calcul,pension moyenne ÷ revenu moyen
2016,"artistes, créateurs et intellectuels (RACI)",taux de remplacement apparent,0.33768085,taux,Σ classes × coefficient × SMIG 48 h × 2 400 h,calcul,pension moyenne ÷ revenu moyen
2017,"artistes, créateurs et intellectuels (RACI)",taux de remplacement apparent,0.34328031,taux,Σ classes × coefficient × SMIG 48 h × 2 400 h,calcul,pension moyenne ÷ revenu moyen
2004,"artistes, créateurs et intellectuels (RACI)",taux légal de la branche pensions,0.07,taux,Σ classes × coefficient × SMIG 48 h × 2 400 h,"loi n° 2002-104 du 30 décembre 2002, art. 7, JORT n° 106 du 31 décembre 2002 ; décret n° 2003-894 du 21 avril 2003, JORT n° 34 du 29 avril 2003, p. 1291-1294 (https://www.pist.tn/jort/2003/2003F/Jo0342003.pdf)","en vigueur depuis le 5 janvier 2003 (sans clause d'effet : cinq jours après le dépôt du JORT le 31 décembre 2002, note documentaire du précis) ; le livre « Cotisations sociales » le date de la publication, le 31 décembre 2002, règle que les conventions du précis écartent ; constant sur 2000-2017 d'après les textes ; publié par la caisse pour 2013 et 2017 seulement (annuaire 2013 p. 340, 2017 p. 346)"
2005,"artistes, créateurs et intellectuels (RACI)",taux légal de la branche pensions,0.07,taux,Σ classes × coefficient × SMIG 48 h × 2 400 h,"loi n° 2002-104 du 30 décembre 2002, art. 7, JORT n° 106 du 31 décembre 2002 ; décret n° 2003-894 du 21 avril 2003, JORT n° 34 du 29 avril 2003, p. 1291-1294 (https://www.pist.tn/jort/2003/2003F/Jo0342003.pdf)","en vigueur depuis le 5 janvier 2003 (sans clause d'effet : cinq jours après le dépôt du JORT le 31 décembre 2002, note documentaire du précis) ; le livre « Cotisations sociales » le date de la publication, le 31 décembre 2002, règle que les conventions du précis écartent ; constant sur 2000-2017 d'après les textes ; publié par la caisse pour 2013 et 2017 seulement (annuaire 2013 p. 340, 2017 p. 346)"
2006,"artistes, créateurs et intellectuels (RACI)",taux légal de la branche pensions,0.07,taux,Σ classes × coefficient × SMIG 48 h × 2 400 h,"loi n° 2002-104 du 30 décembre 2002, art. 7, JORT n° 106 du 31 décembre 2002 ; décret n° 2003-894 du 21 avril 2003, JORT n° 34 du 29 avril 2003, p. 1291-1294 (https://www.pist.tn/jort/2003/2003F/Jo0342003.pdf)","en vigueur depuis le 5 janvier 2003 (sans clause d'effet : cinq jours après le dépôt du JORT le 31 décembre 2002, note documentaire du précis) ; le livre « Cotisations sociales » le date de la publication, le 31 décembre 2002, règle que les conventions du précis écartent ; constant sur 2000-2017 d'après les textes ; publié par la caisse pour 2013 et 2017 seulement (annuaire 2013 p. 340, 2017 p. 346)"
2007,"artistes, créateurs et intellectuels (RACI)",taux légal de la branche pensions,0.07,taux,Σ classes × coefficient × SMIG 48 h × 2 400 h,"loi n° 2002-104 du 30 décembre 2002, art. 7, JORT n° 106 du 31 décembre 2002 ; décret n° 2003-894 du 21 avril 2003, JORT n° 34 du 29 avril 2003, p. 1291-1294 (https://www.pist.tn/jort/2003/2003F/Jo0342003.pdf)","en vigueur depuis le 5 janvier 2003 (sans clause d'effet : cinq jours après le dépôt du JORT le 31 décembre 2002, note documentaire du précis) ; le livre « Cotisations sociales » le date de la publication, le 31 décembre 2002, règle que les conventions du précis écartent ; constant sur 2000-2017 d'après les textes ; publié par la caisse pour 2013 et 2017 seulement (annuaire 2013 p. 340, 2017 p. 346)"
2008,"artistes, créateurs et intellectuels (RACI)",taux légal de la branche pensions,0.07,taux,Σ classes × coefficient × SMIG 48 h × 2 400 h,"loi n° 2002-104 du 30 décembre 2002, art. 7, JORT n° 106 du 31 décembre 2002 ; décret n° 2003-894 du 21 avril 2003, JORT n° 34 du 29 avril 2003, p. 1291-1294 (https://www.pist.tn/jort/2003/2003F/Jo0342003.pdf)","en vigueur depuis le 5 janvier 2003 (sans clause d'effet : cinq jours après le dépôt du JORT le 31 décembre 2002, note documentaire du précis) ; le livre « Cotisations sociales » le date de la publication, le 31 décembre 2002, règle que les conventions du précis écartent ; constant sur 2000-2017 d'après les textes ; publié par la caisse pour 2013 et 2017 seulement (annuaire 2013 p. 340, 2017 p. 346)"
2009,"artistes, créateurs et intellectuels (RACI)",taux légal de la branche pensions,0.07,taux,Σ classes × coefficient × SMIG 48 h × 2 400 h,"loi n° 2002-104 du 30 décembre 2002, art. 7, JORT n° 106 du 31 décembre 2002 ; décret n° 2003-894 du 21 avril 2003, JORT n° 34 du 29 avril 2003, p. 1291-1294 (https://www.pist.tn/jort/2003/2003F/Jo0342003.pdf)","en vigueur depuis le 5 janvier 2003 (sans clause d'effet : cinq jours après le dépôt du JORT le 31 décembre 2002, note documentaire du précis) ; le livre « Cotisations sociales » le date de la publication, le 31 décembre 2002, règle que les conventions du précis écartent ; constant sur 2000-2017 d'après les textes ; publié par la caisse pour 2013 et 2017 seulement (annuaire 2013 p. 340, 2017 p. 346)"
2010,"artistes, créateurs et intellectuels (RACI)",taux légal de la branche pensions,0.07,taux,Σ classes × coefficient × SMIG 48 h × 2 400 h,"loi n° 2002-104 du 30 décembre 2002, art. 7, JORT n° 106 du 31 décembre 2002 ; décret n° 2003-894 du 21 avril 2003, JORT n° 34 du 29 avril 2003, p. 1291-1294 (https://www.pist.tn/jort/2003/2003F/Jo0342003.pdf)","en vigueur depuis le 5 janvier 2003 (sans clause d'effet : cinq jours après le dépôt du JORT le 31 décembre 2002, note documentaire du précis) ; le livre « Cotisations sociales » le date de la publication, le 31 décembre 2002, règle que les conventions du précis écartent ; constant sur 2000-2017 d'après les textes ; publié par la caisse pour 2013 et 2017 seulement (annuaire 2013 p. 340, 2017 p. 346)"
2011,"artistes, créateurs et intellectuels (RACI)",taux légal de la branche pensions,0.07,taux,Σ classes × coefficient × SMIG 48 h × 2 400 h,"loi n° 2002-104 du 30 décembre 2002, art. 7, JORT n° 106 du 31 décembre 2002 ; décret n° 2003-894 du 21 avril 2003, JORT n° 34 du 29 avril 2003, p. 1291-1294 (https://www.pist.tn/jort/2003/2003F/Jo0342003.pdf)","en vigueur depuis le 5 janvier 2003 (sans clause d'effet : cinq jours après le dépôt du JORT le 31 décembre 2002, note documentaire du précis) ; le livre « Cotisations sociales » le date de la publication, le 31 décembre 2002, règle que les conventions du précis écartent ; constant sur 2000-2017 d'après les textes ; publié par la caisse pour 2013 et 2017 seulement (annuaire 2013 p. 340, 2017 p. 346)"
2012,"artistes, créateurs et intellectuels (RACI)",taux légal de la branche pensions,0.07,taux,Σ classes × coefficient × SMIG 48 h × 2 400 h,"loi n° 2002-104 du 30 décembre 2002, art. 7, JORT n° 106 du 31 décembre 2002 ; décret n° 2003-894 du 21 avril 2003, JORT n° 34 du 29 avril 2003, p. 1291-1294 (https://www.pist.tn/jort/2003/2003F/Jo0342003.pdf)","en vigueur depuis le 5 janvier 2003 (sans clause d'effet : cinq jours après le dépôt du JORT le 31 décembre 2002, note documentaire du précis) ; le livre « Cotisations sociales » le date de la publication, le 31 décembre 2002, règle que les conventions du précis écartent ; constant sur 2000-2017 d'après les textes ; publié par la caisse pour 2013 et 2017 seulement (annuaire 2013 p. 340, 2017 p. 346)"
2013,"artistes, créateurs et intellectuels (RACI)",taux légal de la branche pensions,0.07,taux,Σ classes × coefficient × SMIG 48 h × 2 400 h,"loi n° 2002-104 du 30 décembre 2002, art. 7, JORT n° 106 du 31 décembre 2002 ; décret n° 2003-894 du 21 avril 2003, JORT n° 34 du 29 avril 2003, p. 1291-1294 (https://www.pist.tn/jort/2003/2003F/Jo0342003.pdf)","en vigueur depuis le 5 janvier 2003 (sans clause d'effet : cinq jours après le dépôt du JORT le 31 décembre 2002, note documentaire du précis) ; le livre « Cotisations sociales » le date de la publication, le 31 décembre 2002, règle que les conventions du précis écartent ; constant sur 2000-2017 d'après les textes ; publié par la caisse pour 2013 et 2017 seulement (annuaire 2013 p. 340, 2017 p. 346)"
2014,"artistes, créateurs et intellectuels (RACI)",taux légal de la branche pensions,0.07,taux,Σ classes × coefficient × SMIG 48 h × 2 400 h,"loi n° 2002-104 du 30 décembre 2002, art. 7, JORT n° 106 du 31 décembre 2002 ; décret n° 2003-894 du 21 avril 2003, JORT n° 34 du 29 avril 2003, p. 1291-1294 (https://www.pist.tn/jort/2003/2003F/Jo0342003.pdf)","en vigueur depuis le 5 janvier 2003 (sans clause d'effet : cinq jours après le dépôt du JORT le 31 décembre 2002, note documentaire du précis) ; le livre « Cotisations sociales » le date de la publication, le 31 décembre 2002, règle que les conventions du précis écartent ; constant sur 2000-2017 d'après les textes ; publié par la caisse pour 2013 et 2017 seulement (annuaire 2013 p. 340, 2017 p. 346)"
2015,"artistes, créateurs et intellectuels (RACI)",taux légal de la branche pensions,0.07,taux,Σ classes × coefficient × SMIG 48 h × 2 400 h,"loi n° 2002-104 du 30 décembre 2002, art. 7, JORT n° 106 du 31 décembre 2002 ; décret n° 2003-894 du 21 avril 2003, JORT n° 34 du 29 avril 2003, p. 1291-1294 (https://www.pist.tn/jort/2003/2003F/Jo0342003.pdf)","en vigueur depuis le 5 janvier 2003 (sans clause d'effet : cinq jours après le dépôt du JORT le 31 décembre 2002, note documentaire du précis) ; le livre « Cotisations sociales » le date de la publication, le 31 décembre 2002, règle que les conventions du précis écartent ; constant sur 2000-2017 d'après les textes ; publié par la caisse pour 2013 et 2017 seulement (annuaire 2013 p. 340, 2017 p. 346)"
2016,"artistes, créateurs et intellectuels (RACI)",taux légal de la branche pensions,0.07,taux,Σ classes × coefficient × SMIG 48 h × 2 400 h,"loi n° 2002-104 du 30 décembre 2002, art. 7, JORT n° 106 du 31 décembre 2002 ; décret n° 2003-894 du 21 avril 2003, JORT n° 34 du 29 avril 2003, p. 1291-1294 (https://www.pist.tn/jort/2003/2003F/Jo0342003.pdf)","en vigueur depuis le 5 janvier 2003 (sans clause d'effet : cinq jours après le dépôt du JORT le 31 décembre 2002, note documentaire du précis) ; le livre « Cotisations sociales » le date de la publication, le 31 décembre 2002, règle que les conventions du précis écartent ; constant sur 2000-2017 d'après les textes ; publié par la caisse pour 2013 et 2017 seulement (annuaire 2013 p. 340, 2017 p. 346)"
2017,"artistes, créateurs et intellectuels (RACI)",taux légal de la branche pensions,0.07,taux,Σ classes × coefficient × SMIG 48 h × 2 400 h,"loi n° 2002-104 du 30 décembre 2002, art. 7, JORT n° 106 du 31 décembre 2002 ; décret n° 2003-894 du 21 avril 2003, JORT n° 34 du 29 avril 2003, p. 1291-1294 (https://www.pist.tn/jort/2003/2003F/Jo0342003.pdf)","en vigueur depuis le 5 janvier 2003 (sans clause d'effet : cinq jours après le dépôt du JORT le 31 décembre 2002, note documentaire du précis) ; le livre « Cotisations sociales » le date de la publication, le 31 décembre 2002, règle que les conventions du précis écartent ; constant sur 2000-2017 d'après les textes ; publié par la caisse pour 2013 et 2017 seulement (annuaire 2013 p. 340, 2017 p. 346)"
2004,"artistes, créateurs et intellectuels (RACI)",écart taux d'équilibre − taux légal,1.61144499,points de taux,Σ classes × coefficient × SMIG 48 h × 2 400 h,calcul,
2005,"artistes, créateurs et intellectuels (RACI)",écart taux d'équilibre − taux légal,0.89238779,points de taux,Σ classes × coefficient × SMIG 48 h × 2 400 h,calcul,
2006,"artistes, créateurs et intellectuels (RACI)",écart taux d'équilibre − taux légal,0.5926027,points de taux,Σ classes × coefficient × SMIG 48 h × 2 400 h,calcul,
2007,"artistes, créateurs et intellectuels (RACI)",écart taux d'équilibre − taux légal,0.51708793,points de taux,Σ classes × coefficient × SMIG 48 h × 2 400 h,calcul,
2008,"artistes, créateurs et intellectuels (RACI)",écart taux d'équilibre − taux légal,0.46593916,points de taux,Σ classes × coefficient × SMIG 48 h × 2 400 h,calcul,
2009,"artistes, créateurs et intellectuels (RACI)",écart taux d'équilibre − taux légal,0.31065023,points de taux,Σ classes × coefficient × SMIG 48 h × 2 400 h,calcul,
2010,"artistes, créateurs et intellectuels (RACI)",écart taux d'équilibre − taux légal,0.23567518,points de taux,Σ classes × coefficient × SMIG 48 h × 2 400 h,calcul,
2011,"artistes, créateurs et intellectuels (RACI)",écart taux d'équilibre − taux légal,0.22570777,points de taux,Σ classes × coefficient × SMIG 48 h × 2 400 h,calcul,
2012,"artistes, créateurs et intellectuels (RACI)",écart taux d'équilibre − taux légal,0.21985507,points de taux,Σ classes × coefficient × SMIG 48 h × 2 400 h,calcul,
2013,"artistes, créateurs et intellectuels (RACI)",écart taux d'équilibre − taux légal,0.17222471,points de taux,Σ classes × coefficient × SMIG 48 h × 2 400 h,calcul,
2014,"artistes, créateurs et intellectuels (RACI)",écart taux d'équilibre − taux légal,0.22587709,points de taux,Σ classes × coefficient × SMIG 48 h × 2 400 h,calcul,
2015,"artistes, créateurs et intellectuels (RACI)",écart taux d'équilibre − taux légal,0.17922216,points de taux,Σ classes × coefficient × SMIG 48 h × 2 400 h,calcul,
2016,"artistes, créateurs et intellectuels (RACI)",écart taux d'équilibre − taux légal,0.15394806,points de taux,Σ classes × coefficient × SMIG 48 h × 2 400 h,calcul,
2017,"artistes, créateurs et intellectuels (RACI)",écart taux d'équilibre − taux légal,0.14441133,points de taux,Σ classes × coefficient × SMIG 48 h × 2 400 h,calcul,
2000,salariés agricoles (RSA),actifs,8235.0,personnes,assiette maximale : Σ salariés × coefficient × SMAG moyen de l'année × 180 j (quatre trimestres de 45 jours),"CNSS, annuaire statistique 2017 (arabe) ; 2010 pour les classes de 2000-2004 ; série cnss-regimes-annuaires (annuaire statistique 2017 (arabe), p. 111)",salariés déclarés
2001,salariés agricoles (RSA),actifs,8781.0,personnes,assiette maximale : Σ salariés × coefficient × SMAG moyen de l'année × 180 j (quatre trimestres de 45 jours),"CNSS, annuaire statistique 2017 (arabe) ; 2010 pour les classes de 2000-2004 ; série cnss-regimes-annuaires (annuaire statistique 2017 (arabe), p. 111)",salariés déclarés
2002,salariés agricoles (RSA),actifs,9115.0,personnes,assiette maximale : Σ salariés × coefficient × SMAG moyen de l'année × 180 j (quatre trimestres de 45 jours),"CNSS, annuaire statistique 2017 (arabe) ; 2010 pour les classes de 2000-2004 ; série cnss-regimes-annuaires (annuaire statistique 2017 (arabe), p. 111)",salariés déclarés
2003,salariés agricoles (RSA),actifs,9405.0,personnes,assiette maximale : Σ salariés × coefficient × SMAG moyen de l'année × 180 j (quatre trimestres de 45 jours),"CNSS, annuaire statistique 2017 (arabe) ; 2010 pour les classes de 2000-2004 ; série cnss-regimes-annuaires (annuaire statistique 2017 (arabe), p. 111)",salariés déclarés
2004,salariés agricoles (RSA),actifs,9525.0,personnes,assiette maximale : Σ salariés × coefficient × SMAG moyen de l'année × 180 j (quatre trimestres de 45 jours),"CNSS, annuaire statistique 2017 (arabe) ; 2010 pour les classes de 2000-2004 ; série cnss-regimes-annuaires (annuaire statistique 2017 (arabe), p. 111)",salariés déclarés
2005,salariés agricoles (RSA),actifs,9900.0,personnes,assiette maximale : Σ salariés × coefficient × SMAG moyen de l'année × 180 j (quatre trimestres de 45 jours),"CNSS, annuaire statistique 2017 (arabe) ; 2010 pour les classes de 2000-2004 ; série cnss-regimes-annuaires (annuaire statistique 2017 (arabe), p. 111)",salariés déclarés
2006,salariés agricoles (RSA),actifs,10323.0,personnes,assiette maximale : Σ salariés × coefficient × SMAG moyen de l'année × 180 j (quatre trimestres de 45 jours),"CNSS, annuaire statistique 2017 (arabe) ; 2010 pour les classes de 2000-2004 ; série cnss-regimes-annuaires (annuaire statistique 2017 (arabe), p. 111)",salariés déclarés
2007,salariés agricoles (RSA),actifs,10777.0,personnes,assiette maximale : Σ salariés × coefficient × SMAG moyen de l'année × 180 j (quatre trimestres de 45 jours),"CNSS, annuaire statistique 2017 (arabe) ; 2010 pour les classes de 2000-2004 ; série cnss-regimes-annuaires (annuaire statistique 2017 (arabe), p. 111)",salariés déclarés
2008,salariés agricoles (RSA),actifs,11345.0,personnes,assiette maximale : Σ salariés × coefficient × SMAG moyen de l'année × 180 j (quatre trimestres de 45 jours),"CNSS, annuaire statistique 2017 (arabe) ; 2010 pour les classes de 2000-2004 ; série cnss-regimes-annuaires (annuaire statistique 2017 (arabe), p. 111)",salariés déclarés
2009,salariés agricoles (RSA),actifs,11670.0,personnes,assiette maximale : Σ salariés × coefficient × SMAG moyen de l'année × 180 j (quatre trimestres de 45 jours),"CNSS, annuaire statistique 2017 (arabe) ; 2010 pour les classes de 2000-2004 ; série cnss-regimes-annuaires (annuaire statistique 2017 (arabe), p. 111)",salariés déclarés
2010,salariés agricoles (RSA),actifs,11478.0,personnes,assiette maximale : Σ salariés × coefficient × SMAG moyen de l'année × 180 j (quatre trimestres de 45 jours),"CNSS, annuaire statistique 2017 (arabe) ; 2010 pour les classes de 2000-2004 ; série cnss-regimes-annuaires (annuaire statistique 2017 (arabe), p. 111)",salariés déclarés
2011,salariés agricoles (RSA),actifs,10938.0,personnes,assiette maximale : Σ salariés × coefficient × SMAG moyen de l'année × 180 j (quatre trimestres de 45 jours),"CNSS, annuaire statistique 2017 (arabe) ; 2010 pour les classes de 2000-2004 ; série cnss-regimes-annuaires (annuaire statistique 2017 (arabe), p. 111)",salariés déclarés
2012,salariés agricoles (RSA),actifs,10727.0,personnes,assiette maximale : Σ salariés × coefficient × SMAG moyen de l'année × 180 j (quatre trimestres de 45 jours),"CNSS, annuaire statistique 2017 (arabe) ; 2010 pour les classes de 2000-2004 ; série cnss-regimes-annuaires (annuaire statistique 2017 (arabe), p. 111)",salariés déclarés
2013,salariés agricoles (RSA),actifs,10144.0,personnes,assiette maximale : Σ salariés × coefficient × SMAG moyen de l'année × 180 j (quatre trimestres de 45 jours),"CNSS, annuaire statistique 2017 (arabe) ; 2010 pour les classes de 2000-2004 ; série cnss-regimes-annuaires (annuaire statistique 2017 (arabe), p. 111)",salariés déclarés
2014,salariés agricoles (RSA),actifs,10032.0,personnes,assiette maximale : Σ salariés × coefficient × SMAG moyen de l'année × 180 j (quatre trimestres de 45 jours),"CNSS, annuaire statistique 2017 (arabe) ; 2010 pour les classes de 2000-2004 ; série cnss-regimes-annuaires (annuaire statistique 2017 (arabe), p. 111)",salariés déclarés
2015,salariés agricoles (RSA),actifs,9718.0,personnes,assiette maximale : Σ salariés × coefficient × SMAG moyen de l'année × 180 j (quatre trimestres de 45 jours),"CNSS, annuaire statistique 2017 (arabe) ; 2010 pour les classes de 2000-2004 ; série cnss-regimes-annuaires (annuaire statistique 2017 (arabe), p. 111)",salariés déclarés
2016,salariés agricoles (RSA),actifs,9316.0,personnes,assiette maximale : Σ salariés × coefficient × SMAG moyen de l'année × 180 j (quatre trimestres de 45 jours),"CNSS, annuaire statistique 2017 (arabe) ; 2010 pour les classes de 2000-2004 ; série cnss-regimes-annuaires (annuaire statistique 2017 (arabe), p. 111)",salariés déclarés
2017,salariés agricoles (RSA),actifs,9019.0,personnes,assiette maximale : Σ salariés × coefficient × SMAG moyen de l'année × 180 j (quatre trimestres de 45 jours),"CNSS, annuaire statistique 2017 (arabe) ; 2010 pour les classes de 2000-2004 ; série cnss-regimes-annuaires (annuaire statistique 2017 (arabe), p. 111)",salariés déclarés
2000,salariés agricoles (RSA),assiette maximale (dénominateur),10.26379,millions de dinars,assiette maximale : Σ salariés × coefficient × SMAG moyen de l'année × 180 j (quatre trimestres de 45 jours),"calcul ; loi n° 81-6 du 12 février 1981, art. 18, JORT n° 9 du 13 février 1981, p. 267 (https://www.pist.tn/jort/1981/1981F/Jo00981.pdf), lu à l'image ; décret n° 81-224 (5,25 % pour les pensions)",le nombre de trimestres déclarés n'est pas publié
2001,salariés agricoles (RSA),assiette maximale (dénominateur),10.99446,millions de dinars,assiette maximale : Σ salariés × coefficient × SMAG moyen de l'année × 180 j (quatre trimestres de 45 jours),"calcul ; loi n° 81-6 du 12 février 1981, art. 18, JORT n° 9 du 13 février 1981, p. 267 (https://www.pist.tn/jort/1981/1981F/Jo00981.pdf), lu à l'image ; décret n° 81-224 (5,25 % pour les pensions)",le nombre de trimestres déclarés n'est pas publié
2002,salariés agricoles (RSA),assiette maximale (dénominateur),11.927017,millions de dinars,assiette maximale : Σ salariés × coefficient × SMAG moyen de l'année × 180 j (quatre trimestres de 45 jours),"calcul ; loi n° 81-6 du 12 février 1981, art. 18, JORT n° 9 du 13 février 1981, p. 267 (https://www.pist.tn/jort/1981/1981F/Jo00981.pdf), lu à l'image ; décret n° 81-224 (5,25 % pour les pensions)",le nombre de trimestres déclarés n'est pas publié
2003,salariés agricoles (RSA),assiette maximale (dénominateur),12.74809,millions de dinars,assiette maximale : Σ salariés × coefficient × SMAG moyen de l'année × 180 j (quatre trimestres de 45 jours),"calcul ; loi n° 81-6 du 12 février 1981, art. 18, JORT n° 9 du 13 février 1981, p. 267 (https://www.pist.tn/jort/1981/1981F/Jo00981.pdf), lu à l'image ; décret n° 81-224 (5,25 % pour les pensions)",le nombre de trimestres déclarés n'est pas publié
2004,salariés agricoles (RSA),assiette maximale (dénominateur),13.337933,millions de dinars,assiette maximale : Σ salariés × coefficient × SMAG moyen de l'année × 180 j (quatre trimestres de 45 jours),"calcul ; loi n° 81-6 du 12 février 1981, art. 18, JORT n° 9 du 13 février 1981, p. 267 (https://www.pist.tn/jort/1981/1981F/Jo00981.pdf), lu à l'image ; décret n° 81-224 (5,25 % pour les pensions)",le nombre de trimestres déclarés n'est pas publié
2005,salariés agricoles (RSA),assiette maximale (dénominateur),14.210785,millions de dinars,assiette maximale : Σ salariés × coefficient × SMAG moyen de l'année × 180 j (quatre trimestres de 45 jours),"calcul ; loi n° 81-6 du 12 février 1981, art. 18, JORT n° 9 du 13 février 1981, p. 267 (https://www.pist.tn/jort/1981/1981F/Jo00981.pdf), lu à l'image ; décret n° 81-224 (5,25 % pour les pensions)",le nombre de trimestres déclarés n'est pas publié
2006,salariés agricoles (RSA),assiette maximale (dénominateur),15.342422,millions de dinars,assiette maximale : Σ salariés × coefficient × SMAG moyen de l'année × 180 j (quatre trimestres de 45 jours),"calcul ; loi n° 81-6 du 12 février 1981, art. 18, JORT n° 9 du 13 février 1981, p. 267 (https://www.pist.tn/jort/1981/1981F/Jo00981.pdf), lu à l'image ; décret n° 81-224 (5,25 % pour les pensions)",le nombre de trimestres déclarés n'est pas publié
2007,salariés agricoles (RSA),assiette maximale (dénominateur),16.553651,millions de dinars,assiette maximale : Σ salariés × coefficient × SMAG moyen de l'année × 180 j (quatre trimestres de 45 jours),"calcul ; loi n° 81-6 du 12 février 1981, art. 18, JORT n° 9 du 13 février 1981, p. 267 (https://www.pist.tn/jort/1981/1981F/Jo00981.pdf), lu à l'image ; décret n° 81-224 (5,25 % pour les pensions)",le nombre de trimestres déclarés n'est pas publié
2008,salariés agricoles (RSA),assiette maximale (dénominateur),18.138551,millions de dinars,assiette maximale : Σ salariés × coefficient × SMAG moyen de l'année × 180 j (quatre trimestres de 45 jours),"calcul ; loi n° 81-6 du 12 février 1981, art. 18, JORT n° 9 du 13 février 1981, p. 267 (https://www.pist.tn/jort/1981/1981F/Jo00981.pdf), lu à l'image ; décret n° 81-224 (5,25 % pour les pensions)",le nombre de trimestres déclarés n'est pas publié
2009,salariés agricoles (RSA),assiette maximale (dénominateur),19.290483,millions de dinars,assiette maximale : Σ salariés × coefficient × SMAG moyen de l'année × 180 j (quatre trimestres de 45 jours),"calcul ; loi n° 81-6 du 12 février 1981, art. 18, JORT n° 9 du 13 février 1981, p. 267 (https://www.pist.tn/jort/1981/1981F/Jo00981.pdf), lu à l'image ; décret n° 81-224 (5,25 % pour les pensions)",le nombre de trimestres déclarés n'est pas publié
2010,salariés agricoles (RSA),assiette maximale (dénominateur),19.837605,millions de dinars,assiette maximale : Σ salariés × coefficient × SMAG moyen de l'année × 180 j (quatre trimestres de 45 jours),"calcul ; loi n° 81-6 du 12 février 1981, art. 18, JORT n° 9 du 13 février 1981, p. 267 (https://www.pist.tn/jort/1981/1981F/Jo00981.pdf), lu à l'image ; décret n° 81-224 (5,25 % pour les pensions)",le nombre de trimestres déclarés n'est pas publié
2011,salariés agricoles (RSA),assiette maximale (dénominateur),20.283779,millions de dinars,assiette maximale : Σ salariés × coefficient × SMAG moyen de l'année × 180 j (quatre trimestres de 45 jours),"calcul ; loi n° 81-6 du 12 février 1981, art. 18, JORT n° 9 du 13 février 1981, p. 267 (https://www.pist.tn/jort/1981/1981F/Jo00981.pdf), lu à l'image ; décret n° 81-224 (5,25 % pour les pensions)",le nombre de trimestres déclarés n'est pas publié
2012,salariés agricoles (RSA),assiette maximale (dénominateur),22.328909,millions de dinars,assiette maximale : Σ salariés × coefficient × SMAG moyen de l'année × 180 j (quatre trimestres de 45 jours),"calcul ; loi n° 81-6 du 12 février 1981, art. 18, JORT n° 9 du 13 février 1981, p. 267 (https://www.pist.tn/jort/1981/1981F/Jo00981.pdf), lu à l'image ; décret n° 81-224 (5,25 % pour les pensions)",le nombre de trimestres déclarés n'est pas publié
2013,salariés agricoles (RSA),assiette maximale (dénominateur),24.691957,millions de dinars,assiette maximale : Σ salariés × coefficient × SMAG moyen de l'année × 180 j (quatre trimestres de 45 jours),"calcul ; loi n° 81-6 du 12 février 1981, art. 18, JORT n° 9 du 13 février 1981, p. 267 (https://www.pist.tn/jort/1981/1981F/Jo00981.pdf), lu à l'image ; décret n° 81-224 (5,25 % pour les pensions)",le nombre de trimestres déclarés n'est pas publié
2014,salariés agricoles (RSA),assiette maximale (dénominateur),25.434672,millions de dinars,assiette maximale : Σ salariés × coefficient × SMAG moyen de l'année × 180 j (quatre trimestres de 45 jours),"calcul ; loi n° 81-6 du 12 février 1981, art. 18, JORT n° 9 du 13 février 1981, p. 267 (https://www.pist.tn/jort/1981/1981F/Jo00981.pdf), lu à l'image ; décret n° 81-224 (5,25 % pour les pensions)",le nombre de trimestres déclarés n'est pas publié
2015,salariés agricoles (RSA),assiette maximale (dénominateur),26.059333,millions de dinars,assiette maximale : Σ salariés × coefficient × SMAG moyen de l'année × 180 j (quatre trimestres de 45 jours),"calcul ; loi n° 81-6 du 12 février 1981, art. 18, JORT n° 9 du 13 février 1981, p. 267 (https://www.pist.tn/jort/1981/1981F/Jo00981.pdf), lu à l'image ; décret n° 81-224 (5,25 % pour les pensions)",le nombre de trimestres déclarés n'est pas publié
2016,salariés agricoles (RSA),assiette maximale (dénominateur),26.031803,millions de dinars,assiette maximale : Σ salariés × coefficient × SMAG moyen de l'année × 180 j (quatre trimestres de 45 jours),"calcul ; loi n° 81-6 du 12 février 1981, art. 18, JORT n° 9 du 13 février 1981, p. 267 (https://www.pist.tn/jort/1981/1981F/Jo00981.pdf), lu à l'image ; décret n° 81-224 (5,25 % pour les pensions)",le nombre de trimestres déclarés n'est pas publié
2017,salariés agricoles (RSA),assiette maximale (dénominateur),26.064884,millions de dinars,assiette maximale : Σ salariés × coefficient × SMAG moyen de l'année × 180 j (quatre trimestres de 45 jours),"calcul ; loi n° 81-6 du 12 février 1981, art. 18, JORT n° 9 du 13 février 1981, p. 267 (https://www.pist.tn/jort/1981/1981F/Jo00981.pdf), lu à l'image ; décret n° 81-224 (5,25 % pour les pensions)",le nombre de trimestres déclarés n'est pas publié
2000,salariés agricoles (RSA),"pensionnés, toutes natures",15088.0,personnes,assiette maximale : Σ salariés × coefficient × SMAG moyen de l'année × 180 j (quatre trimestres de 45 jours),"CNSS, annuaire statistique 2017 (arabe) ; 2010 pour les classes de 2000-2004 ; série cnss-regimes-annuaires (annuaire statistique 2017 (arabe), p. 111)",
2001,salariés agricoles (RSA),"pensionnés, toutes natures",15771.0,personnes,assiette maximale : Σ salariés × coefficient × SMAG moyen de l'année × 180 j (quatre trimestres de 45 jours),"CNSS, annuaire statistique 2017 (arabe) ; 2010 pour les classes de 2000-2004 ; série cnss-regimes-annuaires (annuaire statistique 2017 (arabe), p. 111)",
2002,salariés agricoles (RSA),"pensionnés, toutes natures",16313.0,personnes,assiette maximale : Σ salariés × coefficient × SMAG moyen de l'année × 180 j (quatre trimestres de 45 jours),"CNSS, annuaire statistique 2017 (arabe) ; 2010 pour les classes de 2000-2004 ; série cnss-regimes-annuaires (annuaire statistique 2017 (arabe), p. 111)",
2003,salariés agricoles (RSA),"pensionnés, toutes natures",16666.0,personnes,assiette maximale : Σ salariés × coefficient × SMAG moyen de l'année × 180 j (quatre trimestres de 45 jours),"CNSS, annuaire statistique 2017 (arabe) ; 2010 pour les classes de 2000-2004 ; série cnss-regimes-annuaires (annuaire statistique 2017 (arabe), p. 111)",
2004,salariés agricoles (RSA),"pensionnés, toutes natures",16932.0,personnes,assiette maximale : Σ salariés × coefficient × SMAG moyen de l'année × 180 j (quatre trimestres de 45 jours),"CNSS, annuaire statistique 2017 (arabe) ; 2010 pour les classes de 2000-2004 ; série cnss-regimes-annuaires (annuaire statistique 2017 (arabe), p. 111)",
2005,salariés agricoles (RSA),"pensionnés, toutes natures",17095.0,personnes,assiette maximale : Σ salariés × coefficient × SMAG moyen de l'année × 180 j (quatre trimestres de 45 jours),"CNSS, annuaire statistique 2017 (arabe) ; 2010 pour les classes de 2000-2004 ; série cnss-regimes-annuaires (annuaire statistique 2017 (arabe), p. 111)",
2006,salariés agricoles (RSA),"pensionnés, toutes natures",17224.0,personnes,assiette maximale : Σ salariés × coefficient × SMAG moyen de l'année × 180 j (quatre trimestres de 45 jours),"CNSS, annuaire statistique 2017 (arabe) ; 2010 pour les classes de 2000-2004 ; série cnss-regimes-annuaires (annuaire statistique 2017 (arabe), p. 111)",
2007,salariés agricoles (RSA),"pensionnés, toutes natures",17414.0,personnes,assiette maximale : Σ salariés × coefficient × SMAG moyen de l'année × 180 j (quatre trimestres de 45 jours),"CNSS, annuaire statistique 2017 (arabe) ; 2010 pour les classes de 2000-2004 ; série cnss-regimes-annuaires (annuaire statistique 2017 (arabe), p. 111)",
2008,salariés agricoles (RSA),"pensionnés, toutes natures",17701.0,personnes,assiette maximale : Σ salariés × coefficient × SMAG moyen de l'année × 180 j (quatre trimestres de 45 jours),"CNSS, annuaire statistique 2017 (arabe) ; 2010 pour les classes de 2000-2004 ; série cnss-regimes-annuaires (annuaire statistique 2017 (arabe), p. 111)",
2009,salariés agricoles (RSA),"pensionnés, toutes natures",17789.0,personnes,assiette maximale : Σ salariés × coefficient × SMAG moyen de l'année × 180 j (quatre trimestres de 45 jours),"CNSS, annuaire statistique 2017 (arabe) ; 2010 pour les classes de 2000-2004 ; série cnss-regimes-annuaires (annuaire statistique 2017 (arabe), p. 111)",
2010,salariés agricoles (RSA),"pensionnés, toutes natures",17553.0,personnes,assiette maximale : Σ salariés × coefficient × SMAG moyen de l'année × 180 j (quatre trimestres de 45 jours),"CNSS, annuaire statistique 2017 (arabe) ; 2010 pour les classes de 2000-2004 ; série cnss-regimes-annuaires (annuaire statistique 2017 (arabe), p. 111)",
2011,salariés agricoles (RSA),"pensionnés, toutes natures",18014.0,personnes,assiette maximale : Σ salariés × coefficient × SMAG moyen de l'année × 180 j (quatre trimestres de 45 jours),"CNSS, annuaire statistique 2017 (arabe) ; 2010 pour les classes de 2000-2004 ; série cnss-regimes-annuaires (annuaire statistique 2017 (arabe), p. 111)",
2012,salariés agricoles (RSA),"pensionnés, toutes natures",18047.0,personnes,assiette maximale : Σ salariés × coefficient × SMAG moyen de l'année × 180 j (quatre trimestres de 45 jours),"CNSS, annuaire statistique 2017 (arabe) ; 2010 pour les classes de 2000-2004 ; série cnss-regimes-annuaires (annuaire statistique 2017 (arabe), p. 111)",
2013,salariés agricoles (RSA),"pensionnés, toutes natures",18092.0,personnes,assiette maximale : Σ salariés × coefficient × SMAG moyen de l'année × 180 j (quatre trimestres de 45 jours),"CNSS, annuaire statistique 2017 (arabe) ; 2010 pour les classes de 2000-2004 ; série cnss-regimes-annuaires (annuaire statistique 2017 (arabe), p. 111)",
2014,salariés agricoles (RSA),"pensionnés, toutes natures",18317.0,personnes,assiette maximale : Σ salariés × coefficient × SMAG moyen de l'année × 180 j (quatre trimestres de 45 jours),"CNSS, annuaire statistique 2017 (arabe) ; 2010 pour les classes de 2000-2004 ; série cnss-regimes-annuaires (annuaire statistique 2017 (arabe), p. 111)",
2015,salariés agricoles (RSA),"pensionnés, toutes natures",18326.0,personnes,assiette maximale : Σ salariés × coefficient × SMAG moyen de l'année × 180 j (quatre trimestres de 45 jours),"CNSS, annuaire statistique 2017 (arabe) ; 2010 pour les classes de 2000-2004 ; série cnss-regimes-annuaires (annuaire statistique 2017 (arabe), p. 111)",
2016,salariés agricoles (RSA),"pensionnés, toutes natures",19351.0,personnes,assiette maximale : Σ salariés × coefficient × SMAG moyen de l'année × 180 j (quatre trimestres de 45 jours),"CNSS, annuaire statistique 2017 (arabe) ; 2010 pour les classes de 2000-2004 ; série cnss-regimes-annuaires (annuaire statistique 2017 (arabe), p. 111)",
2017,salariés agricoles (RSA),"pensionnés, toutes natures",20192.0,personnes,assiette maximale : Σ salariés × coefficient × SMAG moyen de l'année × 180 j (quatre trimestres de 45 jours),"CNSS, annuaire statistique 2017 (arabe) ; 2010 pour les classes de 2000-2004 ; série cnss-regimes-annuaires (annuaire statistique 2017 (arabe), p. 111)",
2000,salariés agricoles (RSA),pensions servies (numérateur),8.02,millions de dinars,assiette maximale : Σ salariés × coefficient × SMAG moyen de l'année × 180 j (quatre trimestres de 45 jours),"CNSS, annuaire statistique 2017 (arabe) ; 2010 pour les classes de 2000-2004 ; série cnss-regimes-annuaires (annuaire statistique 2017 (arabe), p. 111)",toutes natures
2001,salariés agricoles (RSA),pensions servies (numérateur),8.35,millions de dinars,assiette maximale : Σ salariés × coefficient × SMAG moyen de l'année × 180 j (quatre trimestres de 45 jours),"CNSS, annuaire statistique 2017 (arabe) ; 2010 pour les classes de 2000-2004 ; série cnss-regimes-annuaires (annuaire statistique 2017 (arabe), p. 111)",toutes natures
2002,salariés agricoles (RSA),pensions servies (numérateur),8.919,millions de dinars,assiette maximale : Σ salariés × coefficient × SMAG moyen de l'année × 180 j (quatre trimestres de 45 jours),"CNSS, annuaire statistique 2017 (arabe) ; 2010 pour les classes de 2000-2004 ; série cnss-regimes-annuaires (annuaire statistique 2017 (arabe), p. 111)",toutes natures
2003,salariés agricoles (RSA),pensions servies (numérateur),9.306,millions de dinars,assiette maximale : Σ salariés × coefficient × SMAG moyen de l'année × 180 j (quatre trimestres de 45 jours),"CNSS, annuaire statistique 2017 (arabe) ; 2010 pour les classes de 2000-2004 ; série cnss-regimes-annuaires (annuaire statistique 2017 (arabe), p. 111)",toutes natures
2004,salariés agricoles (RSA),pensions servies (numérateur),9.526,millions de dinars,assiette maximale : Σ salariés × coefficient × SMAG moyen de l'année × 180 j (quatre trimestres de 45 jours),"CNSS, annuaire statistique 2017 (arabe) ; 2010 pour les classes de 2000-2004 ; série cnss-regimes-annuaires (annuaire statistique 2017 (arabe), p. 111)",toutes natures
2005,salariés agricoles (RSA),pensions servies (numérateur),10.143,millions de dinars,assiette maximale : Σ salariés × coefficient × SMAG moyen de l'année × 180 j (quatre trimestres de 45 jours),"CNSS, annuaire statistique 2017 (arabe) ; 2010 pour les classes de 2000-2004 ; série cnss-regimes-annuaires (annuaire statistique 2017 (arabe), p. 111)",toutes natures
2006,salariés agricoles (RSA),pensions servies (numérateur),10.268,millions de dinars,assiette maximale : Σ salariés × coefficient × SMAG moyen de l'année × 180 j (quatre trimestres de 45 jours),"CNSS, annuaire statistique 2017 (arabe) ; 2010 pour les classes de 2000-2004 ; série cnss-regimes-annuaires (annuaire statistique 2017 (arabe), p. 111)",toutes natures
2007,salariés agricoles (RSA),pensions servies (numérateur),10.61,millions de dinars,assiette maximale : Σ salariés × coefficient × SMAG moyen de l'année × 180 j (quatre trimestres de 45 jours),"CNSS, annuaire statistique 2017 (arabe) ; 2010 pour les classes de 2000-2004 ; série cnss-regimes-annuaires (annuaire statistique 2017 (arabe), p. 111)",toutes natures
2008,salariés agricoles (RSA),pensions servies (numérateur),11.017,millions de dinars,assiette maximale : Σ salariés × coefficient × SMAG moyen de l'année × 180 j (quatre trimestres de 45 jours),"CNSS, annuaire statistique 2017 (arabe) ; 2010 pour les classes de 2000-2004 ; série cnss-regimes-annuaires (annuaire statistique 2017 (arabe), p. 111)",toutes natures
2009,salariés agricoles (RSA),pensions servies (numérateur),11.688,millions de dinars,assiette maximale : Σ salariés × coefficient × SMAG moyen de l'année × 180 j (quatre trimestres de 45 jours),"CNSS, annuaire statistique 2017 (arabe) ; 2010 pour les classes de 2000-2004 ; série cnss-regimes-annuaires (annuaire statistique 2017 (arabe), p. 111)",toutes natures
2010,salariés agricoles (RSA),pensions servies (numérateur),12.281,millions de dinars,assiette maximale : Σ salariés × coefficient × SMAG moyen de l'année × 180 j (quatre trimestres de 45 jours),"CNSS, annuaire statistique 2017 (arabe) ; 2010 pour les classes de 2000-2004 ; série cnss-regimes-annuaires (annuaire statistique 2017 (arabe), p. 111)",toutes natures
2011,salariés agricoles (RSA),pensions servies (numérateur),13.282,millions de dinars,assiette maximale : Σ salariés × coefficient × SMAG moyen de l'année × 180 j (quatre trimestres de 45 jours),"CNSS, annuaire statistique 2017 (arabe) ; 2010 pour les classes de 2000-2004 ; série cnss-regimes-annuaires (annuaire statistique 2017 (arabe), p. 111)",toutes natures
2012,salariés agricoles (RSA),pensions servies (numérateur),15.011,millions de dinars,assiette maximale : Σ salariés × coefficient × SMAG moyen de l'année × 180 j (quatre trimestres de 45 jours),"CNSS, annuaire statistique 2017 (arabe) ; 2010 pour les classes de 2000-2004 ; série cnss-regimes-annuaires (annuaire statistique 2017 (arabe), p. 111)",toutes natures
2013,salariés agricoles (RSA),pensions servies (numérateur),17.813,millions de dinars,assiette maximale : Σ salariés × coefficient × SMAG moyen de l'année × 180 j (quatre trimestres de 45 jours),"CNSS, annuaire statistique 2017 (arabe) ; 2010 pour les classes de 2000-2004 ; série cnss-regimes-annuaires (annuaire statistique 2017 (arabe), p. 111)",toutes natures
2014,salariés agricoles (RSA),pensions servies (numérateur),18.676,millions de dinars,assiette maximale : Σ salariés × coefficient × SMAG moyen de l'année × 180 j (quatre trimestres de 45 jours),"CNSS, annuaire statistique 2017 (arabe) ; 2010 pour les classes de 2000-2004 ; série cnss-regimes-annuaires (annuaire statistique 2017 (arabe), p. 111)",toutes natures
2015,salariés agricoles (RSA),pensions servies (numérateur),19.862,millions de dinars,assiette maximale : Σ salariés × coefficient × SMAG moyen de l'année × 180 j (quatre trimestres de 45 jours),"CNSS, annuaire statistique 2017 (arabe) ; 2010 pour les classes de 2000-2004 ; série cnss-regimes-annuaires (annuaire statistique 2017 (arabe), p. 111)",toutes natures
2016,salariés agricoles (RSA),pensions servies (numérateur),21.608,millions de dinars,assiette maximale : Σ salariés × coefficient × SMAG moyen de l'année × 180 j (quatre trimestres de 45 jours),"CNSS, annuaire statistique 2017 (arabe) ; 2010 pour les classes de 2000-2004 ; série cnss-regimes-annuaires (annuaire statistique 2017 (arabe), p. 111)",toutes natures
2017,salariés agricoles (RSA),pensions servies (numérateur),22.909,millions de dinars,assiette maximale : Σ salariés × coefficient × SMAG moyen de l'année × 180 j (quatre trimestres de 45 jours),"CNSS, annuaire statistique 2017 (arabe) ; 2010 pour les classes de 2000-2004 ; série cnss-regimes-annuaires (annuaire statistique 2017 (arabe), p. 111)",toutes natures
2000,salariés agricoles (RSA),"taux d'équilibre, borne inférieure",0.7813878,taux,assiette maximale : Σ salariés × coefficient × SMAG moyen de l'année × 180 j (quatre trimestres de 45 jours),calcul,τ* ≥ cette valeur si chaque salarié a au plus un employeur déclarant par trimestre (art. 18 : 45 jours chez le même employeur font un trimestre ; deux employeurs dans le même trimestre en feraient deux)
2001,salariés agricoles (RSA),"taux d'équilibre, borne inférieure",0.75947339,taux,assiette maximale : Σ salariés × coefficient × SMAG moyen de l'année × 180 j (quatre trimestres de 45 jours),calcul,τ* ≥ cette valeur si chaque salarié a au plus un employeur déclarant par trimestre (art. 18 : 45 jours chez le même employeur font un trimestre ; deux employeurs dans le même trimestre en feraient deux)
2002,salariés agricoles (RSA),"taux d'équilibre, borne inférieure",0.74779806,taux,assiette maximale : Σ salariés × coefficient × SMAG moyen de l'année × 180 j (quatre trimestres de 45 jours),calcul,τ* ≥ cette valeur si chaque salarié a au plus un employeur déclarant par trimestre (art. 18 : 45 jours chez le même employeur font un trimestre ; deux employeurs dans le même trimestre en feraient deux)
2003,salariés agricoles (RSA),"taux d'équilibre, borne inférieure",0.72999169,taux,assiette maximale : Σ salariés × coefficient × SMAG moyen de l'année × 180 j (quatre trimestres de 45 jours),calcul,τ* ≥ cette valeur si chaque salarié a au plus un employeur déclarant par trimestre (art. 18 : 45 jours chez le même employeur font un trimestre ; deux employeurs dans le même trimestre en feraient deux)
2004,salariés agricoles (RSA),"taux d'équilibre, borne inférieure",0.71420364,taux,assiette maximale : Σ salariés × coefficient × SMAG moyen de l'année × 180 j (quatre trimestres de 45 jours),calcul,τ* ≥ cette valeur si chaque salarié a au plus un employeur déclarant par trimestre (art. 18 : 45 jours chez le même employeur font un trimestre ; deux employeurs dans le même trimestre en feraient deux)
2005,salariés agricoles (RSA),"taux d'équilibre, borne inférieure",0.71375365,taux,assiette maximale : Σ salariés × coefficient × SMAG moyen de l'année × 180 j (quatre trimestres de 45 jours),calcul,τ* ≥ cette valeur si chaque salarié a au plus un employeur déclarant par trimestre (art. 18 : 45 jours chez le même employeur font un trimestre ; deux employeurs dans le même trimestre en feraient deux)
2006,salariés agricoles (RSA),"taux d'équilibre, borne inférieure",0.6692555,taux,assiette maximale : Σ salariés × coefficient × SMAG moyen de l'année × 180 j (quatre trimestres de 45 jours),calcul,τ* ≥ cette valeur si chaque salarié a au plus un employeur déclarant par trimestre (art. 18 : 45 jours chez le même employeur font un trimestre ; deux employeurs dans le même trimestre en feraient deux)
2007,salariés agricoles (RSA),"taux d'équilibre, borne inférieure",0.64094622,taux,assiette maximale : Σ salariés × coefficient × SMAG moyen de l'année × 180 j (quatre trimestres de 45 jours),calcul,τ* ≥ cette valeur si chaque salarié a au plus un employeur déclarant par trimestre (art. 18 : 45 jours chez le même employeur font un trimestre ; deux employeurs dans le même trimestre en feraient deux)
2008,salariés agricoles (RSA),"taux d'équilibre, borne inférieure",0.60738038,taux,assiette maximale : Σ salariés × coefficient × SMAG moyen de l'année × 180 j (quatre trimestres de 45 jours),calcul,τ* ≥ cette valeur si chaque salarié a au plus un employeur déclarant par trimestre (art. 18 : 45 jours chez le même employeur font un trimestre ; deux employeurs dans le même trimestre en feraient deux)
2009,salariés agricoles (RSA),"taux d'équilibre, borne inférieure",0.60589463,taux,assiette maximale : Σ salariés × coefficient × SMAG moyen de l'année × 180 j (quatre trimestres de 45 jours),calcul,τ* ≥ cette valeur si chaque salarié a au plus un employeur déclarant par trimestre (art. 18 : 45 jours chez le même employeur font un trimestre ; deux employeurs dans le même trimestre en feraient deux)
2010,salariés agricoles (RSA),"taux d'équilibre, borne inférieure",0.61907674,taux,assiette maximale : Σ salariés × coefficient × SMAG moyen de l'année × 180 j (quatre trimestres de 45 jours),calcul,τ* ≥ cette valeur si chaque salarié a au plus un employeur déclarant par trimestre (art. 18 : 45 jours chez le même employeur font un trimestre ; deux employeurs dans le même trimestre en feraient deux)
2011,salariés agricoles (RSA),"taux d'équilibre, borne inférieure",0.65480894,taux,assiette maximale : Σ salariés × coefficient × SMAG moyen de l'année × 180 j (quatre trimestres de 45 jours),calcul,τ* ≥ cette valeur si chaque salarié a au plus un employeur déclarant par trimestre (art. 18 : 45 jours chez le même employeur font un trimestre ; deux employeurs dans le même trimestre en feraient deux)
2012,salariés agricoles (RSA),"taux d'équilibre, borne inférieure",0.67226752,taux,assiette maximale : Σ salariés × coefficient × SMAG moyen de l'année × 180 j (quatre trimestres de 45 jours),calcul,τ* ≥ cette valeur si chaque salarié a au plus un employeur déclarant par trimestre (art. 18 : 45 jours chez le même employeur font un trimestre ; deux employeurs dans le même trimestre en feraient deux)
2013,salariés agricoles (RSA),"taux d'équilibre, borne inférieure",0.72140899,taux,assiette maximale : Σ salariés × coefficient × SMAG moyen de l'année × 180 j (quatre trimestres de 45 jours),calcul,τ* ≥ cette valeur si chaque salarié a au plus un employeur déclarant par trimestre (art. 18 : 45 jours chez le même employeur font un trimestre ; deux employeurs dans le même trimestre en feraient deux)
2014,salariés agricoles (RSA),"taux d'équilibre, borne inférieure",0.73427328,taux,assiette maximale : Σ salariés × coefficient × SMAG moyen de l'année × 180 j (quatre trimestres de 45 jours),calcul,τ* ≥ cette valeur si chaque salarié a au plus un employeur déclarant par trimestre (art. 18 : 45 jours chez le même employeur font un trimestre ; deux employeurs dans le même trimestre en feraient deux)
2015,salariés agricoles (RSA),"taux d'équilibre, borne inférieure",0.76218373,taux,assiette maximale : Σ salariés × coefficient × SMAG moyen de l'année × 180 j (quatre trimestres de 45 jours),calcul,τ* ≥ cette valeur si chaque salarié a au plus un employeur déclarant par trimestre (art. 18 : 45 jours chez le même employeur font un trimestre ; deux employeurs dans le même trimestre en feraient deux)
2016,salariés agricoles (RSA),"taux d'équilibre, borne inférieure",0.8300616,taux,assiette maximale : Σ salariés × coefficient × SMAG moyen de l'année × 180 j (quatre trimestres de 45 jours),calcul,τ* ≥ cette valeur si chaque salarié a au plus un employeur déclarant par trimestre (art. 18 : 45 jours chez le même employeur font un trimestre ; deux employeurs dans le même trimestre en feraient deux)
2017,salariés agricoles (RSA),"taux d'équilibre, borne inférieure",0.878922,taux,assiette maximale : Σ salariés × coefficient × SMAG moyen de l'année × 180 j (quatre trimestres de 45 jours),calcul,τ* ≥ cette valeur si chaque salarié a au plus un employeur déclarant par trimestre (art. 18 : 45 jours chez le même employeur font un trimestre ; deux employeurs dans le même trimestre en feraient deux)
2000,salariés agricoles (RSA),taux légal de la branche pensions,0.0525,taux,assiette maximale : Σ salariés × coefficient × SMAG moyen de l'année × 180 j (quatre trimestres de 45 jours),"loi n° 81-6 du 12 février 1981, art. 18, JORT n° 9 du 13 février 1981, p. 267 (https://www.pist.tn/jort/1981/1981F/Jo00981.pdf), lu à l'image ; décret n° 81-224 (5,25 % pour les pensions)","en vigueur depuis le 1er janvier 1981 (loi n° 81-6, art. 88 ; décret n° 81-224, art. 4) ; constant sur 2000-2017 d'après les textes ; publié par la caisse pour 2013 et 2017 seulement (annuaire 2013 p. 340, 2017 p. 346)"
2001,salariés agricoles (RSA),taux légal de la branche pensions,0.0525,taux,assiette maximale : Σ salariés × coefficient × SMAG moyen de l'année × 180 j (quatre trimestres de 45 jours),"loi n° 81-6 du 12 février 1981, art. 18, JORT n° 9 du 13 février 1981, p. 267 (https://www.pist.tn/jort/1981/1981F/Jo00981.pdf), lu à l'image ; décret n° 81-224 (5,25 % pour les pensions)","en vigueur depuis le 1er janvier 1981 (loi n° 81-6, art. 88 ; décret n° 81-224, art. 4) ; constant sur 2000-2017 d'après les textes ; publié par la caisse pour 2013 et 2017 seulement (annuaire 2013 p. 340, 2017 p. 346)"
2002,salariés agricoles (RSA),taux légal de la branche pensions,0.0525,taux,assiette maximale : Σ salariés × coefficient × SMAG moyen de l'année × 180 j (quatre trimestres de 45 jours),"loi n° 81-6 du 12 février 1981, art. 18, JORT n° 9 du 13 février 1981, p. 267 (https://www.pist.tn/jort/1981/1981F/Jo00981.pdf), lu à l'image ; décret n° 81-224 (5,25 % pour les pensions)","en vigueur depuis le 1er janvier 1981 (loi n° 81-6, art. 88 ; décret n° 81-224, art. 4) ; constant sur 2000-2017 d'après les textes ; publié par la caisse pour 2013 et 2017 seulement (annuaire 2013 p. 340, 2017 p. 346)"
2003,salariés agricoles (RSA),taux légal de la branche pensions,0.0525,taux,assiette maximale : Σ salariés × coefficient × SMAG moyen de l'année × 180 j (quatre trimestres de 45 jours),"loi n° 81-6 du 12 février 1981, art. 18, JORT n° 9 du 13 février 1981, p. 267 (https://www.pist.tn/jort/1981/1981F/Jo00981.pdf), lu à l'image ; décret n° 81-224 (5,25 % pour les pensions)","en vigueur depuis le 1er janvier 1981 (loi n° 81-6, art. 88 ; décret n° 81-224, art. 4) ; constant sur 2000-2017 d'après les textes ; publié par la caisse pour 2013 et 2017 seulement (annuaire 2013 p. 340, 2017 p. 346)"
2004,salariés agricoles (RSA),taux légal de la branche pensions,0.0525,taux,assiette maximale : Σ salariés × coefficient × SMAG moyen de l'année × 180 j (quatre trimestres de 45 jours),"loi n° 81-6 du 12 février 1981, art. 18, JORT n° 9 du 13 février 1981, p. 267 (https://www.pist.tn/jort/1981/1981F/Jo00981.pdf), lu à l'image ; décret n° 81-224 (5,25 % pour les pensions)","en vigueur depuis le 1er janvier 1981 (loi n° 81-6, art. 88 ; décret n° 81-224, art. 4) ; constant sur 2000-2017 d'après les textes ; publié par la caisse pour 2013 et 2017 seulement (annuaire 2013 p. 340, 2017 p. 346)"
2005,salariés agricoles (RSA),taux légal de la branche pensions,0.0525,taux,assiette maximale : Σ salariés × coefficient × SMAG moyen de l'année × 180 j (quatre trimestres de 45 jours),"loi n° 81-6 du 12 février 1981, art. 18, JORT n° 9 du 13 février 1981, p. 267 (https://www.pist.tn/jort/1981/1981F/Jo00981.pdf), lu à l'image ; décret n° 81-224 (5,25 % pour les pensions)","en vigueur depuis le 1er janvier 1981 (loi n° 81-6, art. 88 ; décret n° 81-224, art. 4) ; constant sur 2000-2017 d'après les textes ; publié par la caisse pour 2013 et 2017 seulement (annuaire 2013 p. 340, 2017 p. 346)"
2006,salariés agricoles (RSA),taux légal de la branche pensions,0.0525,taux,assiette maximale : Σ salariés × coefficient × SMAG moyen de l'année × 180 j (quatre trimestres de 45 jours),"loi n° 81-6 du 12 février 1981, art. 18, JORT n° 9 du 13 février 1981, p. 267 (https://www.pist.tn/jort/1981/1981F/Jo00981.pdf), lu à l'image ; décret n° 81-224 (5,25 % pour les pensions)","en vigueur depuis le 1er janvier 1981 (loi n° 81-6, art. 88 ; décret n° 81-224, art. 4) ; constant sur 2000-2017 d'après les textes ; publié par la caisse pour 2013 et 2017 seulement (annuaire 2013 p. 340, 2017 p. 346)"
2007,salariés agricoles (RSA),taux légal de la branche pensions,0.0525,taux,assiette maximale : Σ salariés × coefficient × SMAG moyen de l'année × 180 j (quatre trimestres de 45 jours),"loi n° 81-6 du 12 février 1981, art. 18, JORT n° 9 du 13 février 1981, p. 267 (https://www.pist.tn/jort/1981/1981F/Jo00981.pdf), lu à l'image ; décret n° 81-224 (5,25 % pour les pensions)","en vigueur depuis le 1er janvier 1981 (loi n° 81-6, art. 88 ; décret n° 81-224, art. 4) ; constant sur 2000-2017 d'après les textes ; publié par la caisse pour 2013 et 2017 seulement (annuaire 2013 p. 340, 2017 p. 346)"
2008,salariés agricoles (RSA),taux légal de la branche pensions,0.0525,taux,assiette maximale : Σ salariés × coefficient × SMAG moyen de l'année × 180 j (quatre trimestres de 45 jours),"loi n° 81-6 du 12 février 1981, art. 18, JORT n° 9 du 13 février 1981, p. 267 (https://www.pist.tn/jort/1981/1981F/Jo00981.pdf), lu à l'image ; décret n° 81-224 (5,25 % pour les pensions)","en vigueur depuis le 1er janvier 1981 (loi n° 81-6, art. 88 ; décret n° 81-224, art. 4) ; constant sur 2000-2017 d'après les textes ; publié par la caisse pour 2013 et 2017 seulement (annuaire 2013 p. 340, 2017 p. 346)"
2009,salariés agricoles (RSA),taux légal de la branche pensions,0.0525,taux,assiette maximale : Σ salariés × coefficient × SMAG moyen de l'année × 180 j (quatre trimestres de 45 jours),"loi n° 81-6 du 12 février 1981, art. 18, JORT n° 9 du 13 février 1981, p. 267 (https://www.pist.tn/jort/1981/1981F/Jo00981.pdf), lu à l'image ; décret n° 81-224 (5,25 % pour les pensions)","en vigueur depuis le 1er janvier 1981 (loi n° 81-6, art. 88 ; décret n° 81-224, art. 4) ; constant sur 2000-2017 d'après les textes ; publié par la caisse pour 2013 et 2017 seulement (annuaire 2013 p. 340, 2017 p. 346)"
2010,salariés agricoles (RSA),taux légal de la branche pensions,0.0525,taux,assiette maximale : Σ salariés × coefficient × SMAG moyen de l'année × 180 j (quatre trimestres de 45 jours),"loi n° 81-6 du 12 février 1981, art. 18, JORT n° 9 du 13 février 1981, p. 267 (https://www.pist.tn/jort/1981/1981F/Jo00981.pdf), lu à l'image ; décret n° 81-224 (5,25 % pour les pensions)","en vigueur depuis le 1er janvier 1981 (loi n° 81-6, art. 88 ; décret n° 81-224, art. 4) ; constant sur 2000-2017 d'après les textes ; publié par la caisse pour 2013 et 2017 seulement (annuaire 2013 p. 340, 2017 p. 346)"
2011,salariés agricoles (RSA),taux légal de la branche pensions,0.0525,taux,assiette maximale : Σ salariés × coefficient × SMAG moyen de l'année × 180 j (quatre trimestres de 45 jours),"loi n° 81-6 du 12 février 1981, art. 18, JORT n° 9 du 13 février 1981, p. 267 (https://www.pist.tn/jort/1981/1981F/Jo00981.pdf), lu à l'image ; décret n° 81-224 (5,25 % pour les pensions)","en vigueur depuis le 1er janvier 1981 (loi n° 81-6, art. 88 ; décret n° 81-224, art. 4) ; constant sur 2000-2017 d'après les textes ; publié par la caisse pour 2013 et 2017 seulement (annuaire 2013 p. 340, 2017 p. 346)"
2012,salariés agricoles (RSA),taux légal de la branche pensions,0.0525,taux,assiette maximale : Σ salariés × coefficient × SMAG moyen de l'année × 180 j (quatre trimestres de 45 jours),"loi n° 81-6 du 12 février 1981, art. 18, JORT n° 9 du 13 février 1981, p. 267 (https://www.pist.tn/jort/1981/1981F/Jo00981.pdf), lu à l'image ; décret n° 81-224 (5,25 % pour les pensions)","en vigueur depuis le 1er janvier 1981 (loi n° 81-6, art. 88 ; décret n° 81-224, art. 4) ; constant sur 2000-2017 d'après les textes ; publié par la caisse pour 2013 et 2017 seulement (annuaire 2013 p. 340, 2017 p. 346)"
2013,salariés agricoles (RSA),taux légal de la branche pensions,0.0525,taux,assiette maximale : Σ salariés × coefficient × SMAG moyen de l'année × 180 j (quatre trimestres de 45 jours),"loi n° 81-6 du 12 février 1981, art. 18, JORT n° 9 du 13 février 1981, p. 267 (https://www.pist.tn/jort/1981/1981F/Jo00981.pdf), lu à l'image ; décret n° 81-224 (5,25 % pour les pensions)","en vigueur depuis le 1er janvier 1981 (loi n° 81-6, art. 88 ; décret n° 81-224, art. 4) ; constant sur 2000-2017 d'après les textes ; publié par la caisse pour 2013 et 2017 seulement (annuaire 2013 p. 340, 2017 p. 346)"
2014,salariés agricoles (RSA),taux légal de la branche pensions,0.0525,taux,assiette maximale : Σ salariés × coefficient × SMAG moyen de l'année × 180 j (quatre trimestres de 45 jours),"loi n° 81-6 du 12 février 1981, art. 18, JORT n° 9 du 13 février 1981, p. 267 (https://www.pist.tn/jort/1981/1981F/Jo00981.pdf), lu à l'image ; décret n° 81-224 (5,25 % pour les pensions)","en vigueur depuis le 1er janvier 1981 (loi n° 81-6, art. 88 ; décret n° 81-224, art. 4) ; constant sur 2000-2017 d'après les textes ; publié par la caisse pour 2013 et 2017 seulement (annuaire 2013 p. 340, 2017 p. 346)"
2015,salariés agricoles (RSA),taux légal de la branche pensions,0.0525,taux,assiette maximale : Σ salariés × coefficient × SMAG moyen de l'année × 180 j (quatre trimestres de 45 jours),"loi n° 81-6 du 12 février 1981, art. 18, JORT n° 9 du 13 février 1981, p. 267 (https://www.pist.tn/jort/1981/1981F/Jo00981.pdf), lu à l'image ; décret n° 81-224 (5,25 % pour les pensions)","en vigueur depuis le 1er janvier 1981 (loi n° 81-6, art. 88 ; décret n° 81-224, art. 4) ; constant sur 2000-2017 d'après les textes ; publié par la caisse pour 2013 et 2017 seulement (annuaire 2013 p. 340, 2017 p. 346)"
2016,salariés agricoles (RSA),taux légal de la branche pensions,0.0525,taux,assiette maximale : Σ salariés × coefficient × SMAG moyen de l'année × 180 j (quatre trimestres de 45 jours),"loi n° 81-6 du 12 février 1981, art. 18, JORT n° 9 du 13 février 1981, p. 267 (https://www.pist.tn/jort/1981/1981F/Jo00981.pdf), lu à l'image ; décret n° 81-224 (5,25 % pour les pensions)","en vigueur depuis le 1er janvier 1981 (loi n° 81-6, art. 88 ; décret n° 81-224, art. 4) ; constant sur 2000-2017 d'après les textes ; publié par la caisse pour 2013 et 2017 seulement (annuaire 2013 p. 340, 2017 p. 346)"
2017,salariés agricoles (RSA),taux légal de la branche pensions,0.0525,taux,assiette maximale : Σ salariés × coefficient × SMAG moyen de l'année × 180 j (quatre trimestres de 45 jours),"loi n° 81-6 du 12 février 1981, art. 18, JORT n° 9 du 13 février 1981, p. 267 (https://www.pist.tn/jort/1981/1981F/Jo00981.pdf), lu à l'image ; décret n° 81-224 (5,25 % pour les pensions)","en vigueur depuis le 1er janvier 1981 (loi n° 81-6, art. 88 ; décret n° 81-224, art. 4) ; constant sur 2000-2017 d'après les textes ; publié par la caisse pour 2013 et 2017 seulement (annuaire 2013 p. 340, 2017 p. 346)"
2000,"salariés agricoles, régime amélioré (RSAA)",actifs,67451.0,personnes,masse salariale déclarée,"CNSS, annuaire statistique 2017 (arabe) ; 2010 pour les classes de 2000-2004 ; série cnss-regimes-annuaires (annuaire statistique 2017 (arabe), p. 138)",
2001,"salariés agricoles, régime amélioré (RSAA)",actifs,71460.0,personnes,masse salariale déclarée,"CNSS, annuaire statistique 2017 (arabe) ; 2010 pour les classes de 2000-2004 ; série cnss-regimes-annuaires (annuaire statistique 2017 (arabe), p. 138)",
2002,"salariés agricoles, régime amélioré (RSAA)",actifs,75073.0,personnes,masse salariale déclarée,"CNSS, annuaire statistique 2017 (arabe) ; 2010 pour les classes de 2000-2004 ; série cnss-regimes-annuaires (annuaire statistique 2017 (arabe), p. 138)",
2003,"salariés agricoles, régime amélioré (RSAA)",actifs,80928.0,personnes,masse salariale déclarée,"CNSS, annuaire statistique 2017 (arabe) ; 2010 pour les classes de 2000-2004 ; série cnss-regimes-annuaires (annuaire statistique 2017 (arabe), p. 138)",
2004,"salariés agricoles, régime amélioré (RSAA)",actifs,86709.0,personnes,masse salariale déclarée,"CNSS, annuaire statistique 2017 (arabe) ; 2010 pour les classes de 2000-2004 ; série cnss-regimes-annuaires (annuaire statistique 2017 (arabe), p. 138)",
2005,"salariés agricoles, régime amélioré (RSAA)",actifs,92512.0,personnes,masse salariale déclarée,"CNSS, annuaire statistique 2017 (arabe) ; 2010 pour les classes de 2000-2004 ; série cnss-regimes-annuaires (annuaire statistique 2017 (arabe), p. 138)",
2006,"salariés agricoles, régime amélioré (RSAA)",actifs,99304.0,personnes,masse salariale déclarée,"CNSS, annuaire statistique 2017 (arabe) ; 2010 pour les classes de 2000-2004 ; série cnss-regimes-annuaires (annuaire statistique 2017 (arabe), p. 138)",
2007,"salariés agricoles, régime amélioré (RSAA)",actifs,108464.0,personnes,masse salariale déclarée,"CNSS, annuaire statistique 2017 (arabe) ; 2010 pour les classes de 2000-2004 ; série cnss-regimes-annuaires (annuaire statistique 2017 (arabe), p. 138)",
2008,"salariés agricoles, régime amélioré (RSAA)",actifs,117752.0,personnes,masse salariale déclarée,"CNSS, annuaire statistique 2017 (arabe) ; 2010 pour les classes de 2000-2004 ; série cnss-regimes-annuaires (annuaire statistique 2017 (arabe), p. 138)",
2009,"salariés agricoles, régime amélioré (RSAA)",actifs,124502.0,personnes,masse salariale déclarée,"CNSS, annuaire statistique 2017 (arabe) ; 2010 pour les classes de 2000-2004 ; série cnss-regimes-annuaires (annuaire statistique 2017 (arabe), p. 138)",
2010,"salariés agricoles, régime amélioré (RSAA)",actifs,133174.0,personnes,masse salariale déclarée,"CNSS, annuaire statistique 2017 (arabe) ; 2010 pour les classes de 2000-2004 ; série cnss-regimes-annuaires (annuaire statistique 2017 (arabe), p. 138)",
2011,"salariés agricoles, régime amélioré (RSAA)",actifs,140065.0,personnes,masse salariale déclarée,"CNSS, annuaire statistique 2017 (arabe) ; 2010 pour les classes de 2000-2004 ; série cnss-regimes-annuaires (annuaire statistique 2017 (arabe), p. 138)",
2012,"salariés agricoles, régime amélioré (RSAA)",actifs,145025.0,personnes,masse salariale déclarée,"CNSS, annuaire statistique 2017 (arabe) ; 2010 pour les classes de 2000-2004 ; série cnss-regimes-annuaires (annuaire statistique 2017 (arabe), p. 138)",
2013,"salariés agricoles, régime amélioré (RSAA)",actifs,150513.0,personnes,masse salariale déclarée,"CNSS, annuaire statistique 2017 (arabe) ; 2010 pour les classes de 2000-2004 ; série cnss-regimes-annuaires (annuaire statistique 2017 (arabe), p. 138)",
2014,"salariés agricoles, régime amélioré (RSAA)",actifs,155397.0,personnes,masse salariale déclarée,"CNSS, annuaire statistique 2017 (arabe) ; 2010 pour les classes de 2000-2004 ; série cnss-regimes-annuaires (annuaire statistique 2017 (arabe), p. 138)",
2015,"salariés agricoles, régime amélioré (RSAA)",actifs,165923.0,personnes,masse salariale déclarée,"CNSS, annuaire statistique 2017 (arabe) ; 2010 pour les classes de 2000-2004 ; série cnss-regimes-annuaires (annuaire statistique 2017 (arabe), p. 138)",
2016,"salariés agricoles, régime amélioré (RSAA)",actifs,170199.0,personnes,masse salariale déclarée,"CNSS, annuaire statistique 2017 (arabe) ; 2010 pour les classes de 2000-2004 ; série cnss-regimes-annuaires (annuaire statistique 2017 (arabe), p. 138)",
2017,"salariés agricoles, régime amélioré (RSAA)",actifs,175078.0,personnes,masse salariale déclarée,"CNSS, annuaire statistique 2017 (arabe) ; 2010 pour les classes de 2000-2004 ; série cnss-regimes-annuaires (annuaire statistique 2017 (arabe), p. 138)",
2000,"salariés agricoles, régime amélioré (RSAA)",assiette (dénominateur),44.919608,millions de dinars,masse salariale déclarée,"CNSS, annuaire statistique 2017 (arabe) ; 2010 pour les classes de 2000-2004 ; série cnss-regimes-annuaires (annuaire statistique 2017 (arabe), p. 127)","salaires réels déclarés par les employeurs, non les cotisations encaissées"
2001,"salariés agricoles, régime amélioré (RSAA)",assiette (dénominateur),47.026077,millions de dinars,masse salariale déclarée,"CNSS, annuaire statistique 2017 (arabe) ; 2010 pour les classes de 2000-2004 ; série cnss-regimes-annuaires (annuaire statistique 2017 (arabe), p. 127)","salaires réels déclarés par les employeurs, non les cotisations encaissées"
2002,"salariés agricoles, régime amélioré (RSAA)",assiette (dénominateur),47.742387,millions de dinars,masse salariale déclarée,"CNSS, annuaire statistique 2017 (arabe) ; 2010 pour les classes de 2000-2004 ; série cnss-regimes-annuaires (annuaire statistique 2017 (arabe), p. 127)","salaires réels déclarés par les employeurs, non les cotisations encaissées"
2003,"salariés agricoles, régime amélioré (RSAA)",assiette (dénominateur),51.281169,millions de dinars,masse salariale déclarée,"CNSS, annuaire statistique 2017 (arabe) ; 2010 pour les classes de 2000-2004 ; série cnss-regimes-annuaires (annuaire statistique 2017 (arabe), p. 127)","salaires réels déclarés par les employeurs, non les cotisations encaissées"
2004,"salariés agricoles, régime amélioré (RSAA)",assiette (dénominateur),58.321396,millions de dinars,masse salariale déclarée,"CNSS, annuaire statistique 2017 (arabe) ; 2010 pour les classes de 2000-2004 ; série cnss-regimes-annuaires (annuaire statistique 2017 (arabe), p. 127)","salaires réels déclarés par les employeurs, non les cotisations encaissées"
2005,"salariés agricoles, régime amélioré (RSAA)",assiette (dénominateur),61.734927,millions de dinars,masse salariale déclarée,"CNSS, annuaire statistique 2017 (arabe) ; 2010 pour les classes de 2000-2004 ; série cnss-regimes-annuaires (annuaire statistique 2017 (arabe), p. 127)","salaires réels déclarés par les employeurs, non les cotisations encaissées"
2006,"salariés agricoles, régime amélioré (RSAA)",assiette (dénominateur),65.547598,millions de dinars,masse salariale déclarée,"CNSS, annuaire statistique 2017 (arabe) ; 2010 pour les classes de 2000-2004 ; série cnss-regimes-annuaires (annuaire statistique 2017 (arabe), p. 127)","salaires réels déclarés par les employeurs, non les cotisations encaissées"
2007,"salariés agricoles, régime amélioré (RSAA)",assiette (dénominateur),71.567958,millions de dinars,masse salariale déclarée,"CNSS, annuaire statistique 2017 (arabe) ; 2010 pour les classes de 2000-2004 ; série cnss-regimes-annuaires (annuaire statistique 2017 (arabe), p. 127)","salaires réels déclarés par les employeurs, non les cotisations encaissées"
2008,"salariés agricoles, régime amélioré (RSAA)",assiette (dénominateur),80.133036,millions de dinars,masse salariale déclarée,"CNSS, annuaire statistique 2017 (arabe) ; 2010 pour les classes de 2000-2004 ; série cnss-regimes-annuaires (annuaire statistique 2017 (arabe), p. 127)","salaires réels déclarés par les employeurs, non les cotisations encaissées"
2009,"salariés agricoles, régime amélioré (RSAA)",assiette (dénominateur),87.582839,millions de dinars,masse salariale déclarée,"CNSS, annuaire statistique 2017 (arabe) ; 2010 pour les classes de 2000-2004 ; série cnss-regimes-annuaires (annuaire statistique 2017 (arabe), p. 127)","salaires réels déclarés par les employeurs, non les cotisations encaissées"
2010,"salariés agricoles, régime amélioré (RSAA)",assiette (dénominateur),95.787562,millions de dinars,masse salariale déclarée,"CNSS, annuaire statistique 2017 (arabe) ; 2010 pour les classes de 2000-2004 ; série cnss-regimes-annuaires (annuaire statistique 2017 (arabe), p. 127)","salaires réels déclarés par les employeurs, non les cotisations encaissées"
2011,"salariés agricoles, régime amélioré (RSAA)",assiette (dénominateur),112.755566,millions de dinars,masse salariale déclarée,"CNSS, annuaire statistique 2017 (arabe) ; 2010 pour les classes de 2000-2004 ; série cnss-regimes-annuaires (annuaire statistique 2017 (arabe), p. 127)","salaires réels déclarés par les employeurs, non les cotisations encaissées"
2012,"salariés agricoles, régime amélioré (RSAA)",assiette (dénominateur),124.487858,millions de dinars,masse salariale déclarée,"CNSS, annuaire statistique 2017 (arabe) ; 2010 pour les classes de 2000-2004 ; série cnss-regimes-annuaires (annuaire statistique 2017 (arabe), p. 127)","salaires réels déclarés par les employeurs, non les cotisations encaissées"
2013,"salariés agricoles, régime amélioré (RSAA)",assiette (dénominateur),140.589241,millions de dinars,masse salariale déclarée,"CNSS, annuaire statistique 2017 (arabe) ; 2010 pour les classes de 2000-2004 ; série cnss-regimes-annuaires (annuaire statistique 2017 (arabe), p. 127)","salaires réels déclarés par les employeurs, non les cotisations encaissées"
2014,"salariés agricoles, régime amélioré (RSAA)",assiette (dénominateur),147.209806,millions de dinars,masse salariale déclarée,"CNSS, annuaire statistique 2017 (arabe) ; 2010 pour les classes de 2000-2004 ; série cnss-regimes-annuaires (annuaire statistique 2017 (arabe), p. 127)","salaires réels déclarés par les employeurs, non les cotisations encaissées"
2015,"salariés agricoles, régime amélioré (RSAA)",assiette (dénominateur),159.381949,millions de dinars,masse salariale déclarée,"CNSS, annuaire statistique 2017 (arabe) ; 2010 pour les classes de 2000-2004 ; série cnss-regimes-annuaires (annuaire statistique 2017 (arabe), p. 127)","salaires réels déclarés par les employeurs, non les cotisations encaissées"
2016,"salariés agricoles, régime amélioré (RSAA)",assiette (dénominateur),163.13031,millions de dinars,masse salariale déclarée,"CNSS, annuaire statistique 2017 (arabe) ; 2010 pour les classes de 2000-2004 ; série cnss-regimes-annuaires (annuaire statistique 2017 (arabe), p. 127)","salaires réels déclarés par les employeurs, non les cotisations encaissées"
2017,"salariés agricoles, régime amélioré (RSAA)",assiette (dénominateur),177.504228,millions de dinars,masse salariale déclarée,"CNSS, annuaire statistique 2017 (arabe) ; 2010 pour les classes de 2000-2004 ; série cnss-regimes-annuaires (annuaire statistique 2017 (arabe), p. 127)","salaires réels déclarés par les employeurs, non les cotisations encaissées"
2000,"salariés agricoles, régime amélioré (RSAA)",pension moyenne mensuelle,19.78,dinars par mois,masse salariale déclarée,calcul,numérateur ÷ pensionnés ÷ 12
2001,"salariés agricoles, régime amélioré (RSAA)",pension moyenne mensuelle,27.03,dinars par mois,masse salariale déclarée,calcul,numérateur ÷ pensionnés ÷ 12
2002,"salariés agricoles, régime amélioré (RSAA)",pension moyenne mensuelle,27.44,dinars par mois,masse salariale déclarée,calcul,numérateur ÷ pensionnés ÷ 12
2003,"salariés agricoles, régime amélioré (RSAA)",pension moyenne mensuelle,28.15,dinars par mois,masse salariale déclarée,calcul,numérateur ÷ pensionnés ÷ 12
2004,"salariés agricoles, régime amélioré (RSAA)",pension moyenne mensuelle,30.33,dinars par mois,masse salariale déclarée,calcul,numérateur ÷ pensionnés ÷ 12
2005,"salariés agricoles, régime amélioré (RSAA)",pension moyenne mensuelle,33.98,dinars par mois,masse salariale déclarée,calcul,numérateur ÷ pensionnés ÷ 12
2006,"salariés agricoles, régime amélioré (RSAA)",pension moyenne mensuelle,36.58,dinars par mois,masse salariale déclarée,calcul,numérateur ÷ pensionnés ÷ 12
2007,"salariés agricoles, régime amélioré (RSAA)",pension moyenne mensuelle,39.49,dinars par mois,masse salariale déclarée,calcul,numérateur ÷ pensionnés ÷ 12
2008,"salariés agricoles, régime amélioré (RSAA)",pension moyenne mensuelle,42.39,dinars par mois,masse salariale déclarée,calcul,numérateur ÷ pensionnés ÷ 12
2009,"salariés agricoles, régime amélioré (RSAA)",pension moyenne mensuelle,45.79,dinars par mois,masse salariale déclarée,calcul,numérateur ÷ pensionnés ÷ 12
2010,"salariés agricoles, régime amélioré (RSAA)",pension moyenne mensuelle,50.5,dinars par mois,masse salariale déclarée,calcul,numérateur ÷ pensionnés ÷ 12
2011,"salariés agricoles, régime amélioré (RSAA)",pension moyenne mensuelle,56.42,dinars par mois,masse salariale déclarée,calcul,numérateur ÷ pensionnés ÷ 12
2012,"salariés agricoles, régime amélioré (RSAA)",pension moyenne mensuelle,63.41,dinars par mois,masse salariale déclarée,calcul,numérateur ÷ pensionnés ÷ 12
2013,"salariés agricoles, régime amélioré (RSAA)",pension moyenne mensuelle,73.91,dinars par mois,masse salariale déclarée,calcul,numérateur ÷ pensionnés ÷ 12
2014,"salariés agricoles, régime amélioré (RSAA)",pension moyenne mensuelle,79.39,dinars par mois,masse salariale déclarée,calcul,numérateur ÷ pensionnés ÷ 12
2015,"salariés agricoles, régime amélioré (RSAA)",pension moyenne mensuelle,86.43,dinars par mois,masse salariale déclarée,calcul,numérateur ÷ pensionnés ÷ 12
2016,"salariés agricoles, régime amélioré (RSAA)",pension moyenne mensuelle,90.11,dinars par mois,masse salariale déclarée,calcul,numérateur ÷ pensionnés ÷ 12
2017,"salariés agricoles, régime amélioré (RSAA)",pension moyenne mensuelle,92.54,dinars par mois,masse salariale déclarée,calcul,numérateur ÷ pensionnés ÷ 12
2000,"salariés agricoles, régime amélioré (RSAA)","pensionnés, toutes natures",4727.0,personnes,masse salariale déclarée,"CNSS, annuaire statistique 2017 (arabe) ; 2010 pour les classes de 2000-2004 ; série cnss-regimes-annuaires (annuaire statistique 2017 (arabe), p. 138)",orphelins compris ; fin d'année
2001,"salariés agricoles, régime amélioré (RSAA)","pensionnés, toutes natures",5762.0,personnes,masse salariale déclarée,"CNSS, annuaire statistique 2017 (arabe) ; 2010 pour les classes de 2000-2004 ; série cnss-regimes-annuaires (annuaire statistique 2017 (arabe), p. 138)",orphelins compris ; fin d'année
2002,"salariés agricoles, régime amélioré (RSAA)","pensionnés, toutes natures",6325.0,personnes,masse salariale déclarée,"CNSS, annuaire statistique 2017 (arabe) ; 2010 pour les classes de 2000-2004 ; série cnss-regimes-annuaires (annuaire statistique 2017 (arabe), p. 138)",orphelins compris ; fin d'année
2003,"salariés agricoles, régime amélioré (RSAA)","pensionnés, toutes natures",6786.0,personnes,masse salariale déclarée,"CNSS, annuaire statistique 2017 (arabe) ; 2010 pour les classes de 2000-2004 ; série cnss-regimes-annuaires (annuaire statistique 2017 (arabe), p. 138)",orphelins compris ; fin d'année
2004,"salariés agricoles, régime amélioré (RSAA)","pensionnés, toutes natures",7228.0,personnes,masse salariale déclarée,"CNSS, annuaire statistique 2017 (arabe) ; 2010 pour les classes de 2000-2004 ; série cnss-regimes-annuaires (annuaire statistique 2017 (arabe), p. 138)",orphelins compris ; fin d'année
2005,"salariés agricoles, régime amélioré (RSAA)","pensionnés, toutes natures",7672.0,personnes,masse salariale déclarée,"CNSS, annuaire statistique 2017 (arabe) ; 2010 pour les classes de 2000-2004 ; série cnss-regimes-annuaires (annuaire statistique 2017 (arabe), p. 138)",orphelins compris ; fin d'année
2006,"salariés agricoles, régime amélioré (RSAA)","pensionnés, toutes natures",8177.0,personnes,masse salariale déclarée,"CNSS, annuaire statistique 2017 (arabe) ; 2010 pour les classes de 2000-2004 ; série cnss-regimes-annuaires (annuaire statistique 2017 (arabe), p. 138)",orphelins compris ; fin d'année
2007,"salariés agricoles, régime amélioré (RSAA)","pensionnés, toutes natures",8704.0,personnes,masse salariale déclarée,"CNSS, annuaire statistique 2017 (arabe) ; 2010 pour les classes de 2000-2004 ; série cnss-regimes-annuaires (annuaire statistique 2017 (arabe), p. 138)",orphelins compris ; fin d'année
2008,"salariés agricoles, régime amélioré (RSAA)","pensionnés, toutes natures",9197.0,personnes,masse salariale déclarée,"CNSS, annuaire statistique 2017 (arabe) ; 2010 pour les classes de 2000-2004 ; série cnss-regimes-annuaires (annuaire statistique 2017 (arabe), p. 138)",orphelins compris ; fin d'année
2009,"salariés agricoles, régime amélioré (RSAA)","pensionnés, toutes natures",9758.0,personnes,masse salariale déclarée,"CNSS, annuaire statistique 2017 (arabe) ; 2010 pour les classes de 2000-2004 ; série cnss-regimes-annuaires (annuaire statistique 2017 (arabe), p. 138)",orphelins compris ; fin d'année
2010,"salariés agricoles, régime amélioré (RSAA)","pensionnés, toutes natures",10051.0,personnes,masse salariale déclarée,"CNSS, annuaire statistique 2017 (arabe) ; 2010 pour les classes de 2000-2004 ; série cnss-regimes-annuaires (annuaire statistique 2017 (arabe), p. 138)",orphelins compris ; fin d'année
2011,"salariés agricoles, régime amélioré (RSAA)","pensionnés, toutes natures",10531.0,personnes,masse salariale déclarée,"CNSS, annuaire statistique 2017 (arabe) ; 2010 pour les classes de 2000-2004 ; série cnss-regimes-annuaires (annuaire statistique 2017 (arabe), p. 138)",orphelins compris ; fin d'année
2012,"salariés agricoles, régime amélioré (RSAA)","pensionnés, toutes natures",11402.0,personnes,masse salariale déclarée,"CNSS, annuaire statistique 2017 (arabe) ; 2010 pour les classes de 2000-2004 ; série cnss-regimes-annuaires (annuaire statistique 2017 (arabe), p. 138)",orphelins compris ; fin d'année
2013,"salariés agricoles, régime amélioré (RSAA)","pensionnés, toutes natures",12038.0,personnes,masse salariale déclarée,"CNSS, annuaire statistique 2017 (arabe) ; 2010 pour les classes de 2000-2004 ; série cnss-regimes-annuaires (annuaire statistique 2017 (arabe), p. 138)",orphelins compris ; fin d'année
2014,"salariés agricoles, régime amélioré (RSAA)","pensionnés, toutes natures",12866.0,personnes,masse salariale déclarée,"CNSS, annuaire statistique 2017 (arabe) ; 2010 pour les classes de 2000-2004 ; série cnss-regimes-annuaires (annuaire statistique 2017 (arabe), p. 138)",orphelins compris ; fin d'année
2015,"salariés agricoles, régime amélioré (RSAA)","pensionnés, toutes natures",13625.0,personnes,masse salariale déclarée,"CNSS, annuaire statistique 2017 (arabe) ; 2010 pour les classes de 2000-2004 ; série cnss-regimes-annuaires (annuaire statistique 2017 (arabe), p. 138)",orphelins compris ; fin d'année
2016,"salariés agricoles, régime amélioré (RSAA)","pensionnés, toutes natures",15222.0,personnes,masse salariale déclarée,"CNSS, annuaire statistique 2017 (arabe) ; 2010 pour les classes de 2000-2004 ; série cnss-regimes-annuaires (annuaire statistique 2017 (arabe), p. 138)",orphelins compris ; fin d'année
2017,"salariés agricoles, régime amélioré (RSAA)","pensionnés, toutes natures",16903.0,personnes,masse salariale déclarée,"CNSS, annuaire statistique 2017 (arabe) ; 2010 pour les classes de 2000-2004 ; série cnss-regimes-annuaires (annuaire statistique 2017 (arabe), p. 138)",orphelins compris ; fin d'année
2000,"salariés agricoles, régime amélioré (RSAA)",pensions servies (numérateur),1.122,millions de dinars,masse salariale déclarée,"CNSS, annuaire statistique 2017 (arabe) ; 2010 pour les classes de 2000-2004 ; série cnss-regimes-annuaires (annuaire statistique 2017 (arabe), p. 138)","toutes natures, orphelins compris ; montants en milliers de dinars dans l'annuaire"
2001,"salariés agricoles, régime amélioré (RSAA)",pensions servies (numérateur),1.869,millions de dinars,masse salariale déclarée,"CNSS, annuaire statistique 2017 (arabe) ; 2010 pour les classes de 2000-2004 ; série cnss-regimes-annuaires (annuaire statistique 2017 (arabe), p. 138)","toutes natures, orphelins compris ; montants en milliers de dinars dans l'annuaire"
2002,"salariés agricoles, régime amélioré (RSAA)",pensions servies (numérateur),2.083,millions de dinars,masse salariale déclarée,"CNSS, annuaire statistique 2017 (arabe) ; 2010 pour les classes de 2000-2004 ; série cnss-regimes-annuaires (annuaire statistique 2017 (arabe), p. 138)","toutes natures, orphelins compris ; montants en milliers de dinars dans l'annuaire"
2003,"salariés agricoles, régime amélioré (RSAA)",pensions servies (numérateur),2.292,millions de dinars,masse salariale déclarée,"CNSS, annuaire statistique 2017 (arabe) ; 2010 pour les classes de 2000-2004 ; série cnss-regimes-annuaires (annuaire statistique 2017 (arabe), p. 138)","toutes natures, orphelins compris ; montants en milliers de dinars dans l'annuaire"
2004,"salariés agricoles, régime amélioré (RSAA)",pensions servies (numérateur),2.631,millions de dinars,masse salariale déclarée,"CNSS, annuaire statistique 2017 (arabe) ; 2010 pour les classes de 2000-2004 ; série cnss-regimes-annuaires (annuaire statistique 2017 (arabe), p. 138)","toutes natures, orphelins compris ; montants en milliers de dinars dans l'annuaire"
2005,"salariés agricoles, régime amélioré (RSAA)",pensions servies (numérateur),3.128,millions de dinars,masse salariale déclarée,"CNSS, annuaire statistique 2017 (arabe) ; 2010 pour les classes de 2000-2004 ; série cnss-regimes-annuaires (annuaire statistique 2017 (arabe), p. 138)","toutes natures, orphelins compris ; montants en milliers de dinars dans l'annuaire"
2006,"salariés agricoles, régime amélioré (RSAA)",pensions servies (numérateur),3.589,millions de dinars,masse salariale déclarée,"CNSS, annuaire statistique 2017 (arabe) ; 2010 pour les classes de 2000-2004 ; série cnss-regimes-annuaires (annuaire statistique 2017 (arabe), p. 138)","toutes natures, orphelins compris ; montants en milliers de dinars dans l'annuaire"
2007,"salariés agricoles, régime amélioré (RSAA)",pensions servies (numérateur),4.125,millions de dinars,masse salariale déclarée,"CNSS, annuaire statistique 2017 (arabe) ; 2010 pour les classes de 2000-2004 ; série cnss-regimes-annuaires (annuaire statistique 2017 (arabe), p. 138)","toutes natures, orphelins compris ; montants en milliers de dinars dans l'annuaire"
2008,"salariés agricoles, régime amélioré (RSAA)",pensions servies (numérateur),4.678,millions de dinars,masse salariale déclarée,"CNSS, annuaire statistique 2017 (arabe) ; 2010 pour les classes de 2000-2004 ; série cnss-regimes-annuaires (annuaire statistique 2017 (arabe), p. 138)","toutes natures, orphelins compris ; montants en milliers de dinars dans l'annuaire"
2009,"salariés agricoles, régime amélioré (RSAA)",pensions servies (numérateur),5.362,millions de dinars,masse salariale déclarée,"CNSS, annuaire statistique 2017 (arabe) ; 2010 pour les classes de 2000-2004 ; série cnss-regimes-annuaires (annuaire statistique 2017 (arabe), p. 138)","toutes natures, orphelins compris ; montants en milliers de dinars dans l'annuaire"
2010,"salariés agricoles, régime amélioré (RSAA)",pensions servies (numérateur),6.091,millions de dinars,masse salariale déclarée,"CNSS, annuaire statistique 2017 (arabe) ; 2010 pour les classes de 2000-2004 ; série cnss-regimes-annuaires (annuaire statistique 2017 (arabe), p. 138)","toutes natures, orphelins compris ; montants en milliers de dinars dans l'annuaire"
2011,"salariés agricoles, régime amélioré (RSAA)",pensions servies (numérateur),7.13,millions de dinars,masse salariale déclarée,"CNSS, annuaire statistique 2017 (arabe) ; 2010 pour les classes de 2000-2004 ; série cnss-regimes-annuaires (annuaire statistique 2017 (arabe), p. 138)","toutes natures, orphelins compris ; montants en milliers de dinars dans l'annuaire"
2012,"salariés agricoles, régime amélioré (RSAA)",pensions servies (numérateur),8.676,millions de dinars,masse salariale déclarée,"CNSS, annuaire statistique 2017 (arabe) ; 2010 pour les classes de 2000-2004 ; série cnss-regimes-annuaires (annuaire statistique 2017 (arabe), p. 138)","toutes natures, orphelins compris ; montants en milliers de dinars dans l'annuaire"
2013,"salariés agricoles, régime amélioré (RSAA)",pensions servies (numérateur),10.677,millions de dinars,masse salariale déclarée,"CNSS, annuaire statistique 2017 (arabe) ; 2010 pour les classes de 2000-2004 ; série cnss-regimes-annuaires (annuaire statistique 2017 (arabe), p. 138)","toutes natures, orphelins compris ; montants en milliers de dinars dans l'annuaire"
2014,"salariés agricoles, régime amélioré (RSAA)",pensions servies (numérateur),12.257,millions de dinars,masse salariale déclarée,"CNSS, annuaire statistique 2017 (arabe) ; 2010 pour les classes de 2000-2004 ; série cnss-regimes-annuaires (annuaire statistique 2017 (arabe), p. 138)","toutes natures, orphelins compris ; montants en milliers de dinars dans l'annuaire"
2015,"salariés agricoles, régime amélioré (RSAA)",pensions servies (numérateur),14.132,millions de dinars,masse salariale déclarée,"CNSS, annuaire statistique 2017 (arabe) ; 2010 pour les classes de 2000-2004 ; série cnss-regimes-annuaires (annuaire statistique 2017 (arabe), p. 138)","toutes natures, orphelins compris ; montants en milliers de dinars dans l'annuaire"
2016,"salariés agricoles, régime amélioré (RSAA)",pensions servies (numérateur),16.46,millions de dinars,masse salariale déclarée,"CNSS, annuaire statistique 2017 (arabe) ; 2010 pour les classes de 2000-2004 ; série cnss-regimes-annuaires (annuaire statistique 2017 (arabe), p. 138)","toutes natures, orphelins compris ; montants en milliers de dinars dans l'annuaire"
2017,"salariés agricoles, régime amélioré (RSAA)",pensions servies (numérateur),18.771,millions de dinars,masse salariale déclarée,"CNSS, annuaire statistique 2017 (arabe) ; 2010 pour les classes de 2000-2004 ; série cnss-regimes-annuaires (annuaire statistique 2017 (arabe), p. 138)","toutes natures, orphelins compris ; montants en milliers de dinars dans l'annuaire"
2000,"salariés agricoles, régime amélioré (RSAA)",ratio pensionnés / cotisants,0.0700805,taux,masse salariale déclarée,calcul,pensionnés ÷ actifs
2001,"salariés agricoles, régime amélioré (RSAA)",ratio pensionnés / cotisants,0.08063252,taux,masse salariale déclarée,calcul,pensionnés ÷ actifs
2002,"salariés agricoles, régime amélioré (RSAA)",ratio pensionnés / cotisants,0.08425133,taux,masse salariale déclarée,calcul,pensionnés ÷ actifs
2003,"salariés agricoles, régime amélioré (RSAA)",ratio pensionnés / cotisants,0.08385231,taux,masse salariale déclarée,calcul,pensionnés ÷ actifs
2004,"salariés agricoles, régime amélioré (RSAA)",ratio pensionnés / cotisants,0.08335928,taux,masse salariale déclarée,calcul,pensionnés ÷ actifs
2005,"salariés agricoles, régime amélioré (RSAA)",ratio pensionnés / cotisants,0.08292978,taux,masse salariale déclarée,calcul,pensionnés ÷ actifs
2006,"salariés agricoles, régime amélioré (RSAA)",ratio pensionnés / cotisants,0.08234311,taux,masse salariale déclarée,calcul,pensionnés ÷ actifs
2007,"salariés agricoles, régime amélioré (RSAA)",ratio pensionnés / cotisants,0.08024782,taux,masse salariale déclarée,calcul,pensionnés ÷ actifs
2008,"salariés agricoles, régime amélioré (RSAA)",ratio pensionnés / cotisants,0.07810483,taux,masse salariale déclarée,calcul,pensionnés ÷ actifs
2009,"salariés agricoles, régime amélioré (RSAA)",ratio pensionnés / cotisants,0.07837625,taux,masse salariale déclarée,calcul,pensionnés ÷ actifs
2010,"salariés agricoles, régime amélioré (RSAA)",ratio pensionnés / cotisants,0.07547269,taux,masse salariale déclarée,calcul,pensionnés ÷ actifs
2011,"salariés agricoles, régime amélioré (RSAA)",ratio pensionnés / cotisants,0.07518652,taux,masse salariale déclarée,calcul,pensionnés ÷ actifs
2012,"salariés agricoles, régime amélioré (RSAA)",ratio pensionnés / cotisants,0.07862093,taux,masse salariale déclarée,calcul,pensionnés ÷ actifs
2013,"salariés agricoles, régime amélioré (RSAA)",ratio pensionnés / cotisants,0.0799798,taux,masse salariale déclarée,calcul,pensionnés ÷ actifs
2014,"salariés agricoles, régime amélioré (RSAA)",ratio pensionnés / cotisants,0.08279439,taux,masse salariale déclarée,calcul,pensionnés ÷ actifs
2015,"salariés agricoles, régime amélioré (RSAA)",ratio pensionnés / cotisants,0.0821164,taux,masse salariale déclarée,calcul,pensionnés ÷ actifs
2016,"salariés agricoles, régime amélioré (RSAA)",ratio pensionnés / cotisants,0.08943648,taux,masse salariale déclarée,calcul,pensionnés ÷ actifs
2017,"salariés agricoles, régime amélioré (RSAA)",ratio pensionnés / cotisants,0.09654554,taux,masse salariale déclarée,calcul,pensionnés ÷ actifs
2000,"salariés agricoles, régime amélioré (RSAA)",revenu d'assiette moyen mensuel,55.5,dinars par mois,masse salariale déclarée,calcul,dénominateur ÷ actifs ÷ 12
2001,"salariés agricoles, régime amélioré (RSAA)",revenu d'assiette moyen mensuel,54.84,dinars par mois,masse salariale déclarée,calcul,dénominateur ÷ actifs ÷ 12
2002,"salariés agricoles, régime amélioré (RSAA)",revenu d'assiette moyen mensuel,53.0,dinars par mois,masse salariale déclarée,calcul,dénominateur ÷ actifs ÷ 12
2003,"salariés agricoles, régime amélioré (RSAA)",revenu d'assiette moyen mensuel,52.81,dinars par mois,masse salariale déclarée,calcul,dénominateur ÷ actifs ÷ 12
2004,"salariés agricoles, régime amélioré (RSAA)",revenu d'assiette moyen mensuel,56.05,dinars par mois,masse salariale déclarée,calcul,dénominateur ÷ actifs ÷ 12
2005,"salariés agricoles, régime amélioré (RSAA)",revenu d'assiette moyen mensuel,55.61,dinars par mois,masse salariale déclarée,calcul,dénominateur ÷ actifs ÷ 12
2006,"salariés agricoles, régime amélioré (RSAA)",revenu d'assiette moyen mensuel,55.01,dinars par mois,masse salariale déclarée,calcul,dénominateur ÷ actifs ÷ 12
2007,"salariés agricoles, régime amélioré (RSAA)",revenu d'assiette moyen mensuel,54.99,dinars par mois,masse salariale déclarée,calcul,dénominateur ÷ actifs ÷ 12
2008,"salariés agricoles, régime amélioré (RSAA)",revenu d'assiette moyen mensuel,56.71,dinars par mois,masse salariale déclarée,calcul,dénominateur ÷ actifs ÷ 12
2009,"salariés agricoles, régime amélioré (RSAA)",revenu d'assiette moyen mensuel,58.62,dinars par mois,masse salariale déclarée,calcul,dénominateur ÷ actifs ÷ 12
2010,"salariés agricoles, régime amélioré (RSAA)",revenu d'assiette moyen mensuel,59.94,dinars par mois,masse salariale déclarée,calcul,dénominateur ÷ actifs ÷ 12
2011,"salariés agricoles, régime amélioré (RSAA)",revenu d'assiette moyen mensuel,67.09,dinars par mois,masse salariale déclarée,calcul,dénominateur ÷ actifs ÷ 12
2012,"salariés agricoles, régime amélioré (RSAA)",revenu d'assiette moyen mensuel,71.53,dinars par mois,masse salariale déclarée,calcul,dénominateur ÷ actifs ÷ 12
2013,"salariés agricoles, régime amélioré (RSAA)",revenu d'assiette moyen mensuel,77.84,dinars par mois,masse salariale déclarée,calcul,dénominateur ÷ actifs ÷ 12
2014,"salariés agricoles, régime amélioré (RSAA)",revenu d'assiette moyen mensuel,78.94,dinars par mois,masse salariale déclarée,calcul,dénominateur ÷ actifs ÷ 12
2015,"salariés agricoles, régime amélioré (RSAA)",revenu d'assiette moyen mensuel,80.05,dinars par mois,masse salariale déclarée,calcul,dénominateur ÷ actifs ÷ 12
2016,"salariés agricoles, régime amélioré (RSAA)",revenu d'assiette moyen mensuel,79.87,dinars par mois,masse salariale déclarée,calcul,dénominateur ÷ actifs ÷ 12
2017,"salariés agricoles, régime amélioré (RSAA)",revenu d'assiette moyen mensuel,84.49,dinars par mois,masse salariale déclarée,calcul,dénominateur ÷ actifs ÷ 12
2000,"salariés agricoles, régime amélioré (RSAA)",taux d'équilibre,0.02497796,taux,masse salariale déclarée,calcul,numérateur ÷ dénominateur = remplacement apparent × ratio pensionnés / cotisants
2001,"salariés agricoles, régime amélioré (RSAA)",taux d'équilibre,0.03974391,taux,masse salariale déclarée,calcul,numérateur ÷ dénominateur = remplacement apparent × ratio pensionnés / cotisants
2002,"salariés agricoles, régime amélioré (RSAA)",taux d'équilibre,0.04362999,taux,masse salariale déclarée,calcul,numérateur ÷ dénominateur = remplacement apparent × ratio pensionnés / cotisants
2003,"salariés agricoles, régime amélioré (RSAA)",taux d'équilibre,0.04469477,taux,masse salariale déclarée,calcul,numérateur ÷ dénominateur = remplacement apparent × ratio pensionnés / cotisants
2004,"salariés agricoles, régime amélioré (RSAA)",taux d'équilibre,0.04511209,taux,masse salariale déclarée,calcul,numérateur ÷ dénominateur = remplacement apparent × ratio pensionnés / cotisants
2005,"salariés agricoles, régime amélioré (RSAA)",taux d'équilibre,0.05066824,taux,masse salariale déclarée,calcul,numérateur ÷ dénominateur = remplacement apparent × ratio pensionnés / cotisants
2006,"salariés agricoles, régime amélioré (RSAA)",taux d'équilibre,0.0547541,taux,masse salariale déclarée,calcul,numérateur ÷ dénominateur = remplacement apparent × ratio pensionnés / cotisants
2007,"salariés agricoles, régime amélioré (RSAA)",taux d'équilibre,0.05763753,taux,masse salariale déclarée,calcul,numérateur ÷ dénominateur = remplacement apparent × ratio pensionnés / cotisants
2008,"salariés agricoles, régime amélioré (RSAA)",taux d'équilibre,0.05837792,taux,masse salariale déclarée,calcul,numérateur ÷ dénominateur = remplacement apparent × ratio pensionnés / cotisants
2009,"salariés agricoles, régime amélioré (RSAA)",taux d'équilibre,0.06122204,taux,masse salariale déclarée,calcul,numérateur ÷ dénominateur = remplacement apparent × ratio pensionnés / cotisants
2010,"salariés agricoles, régime amélioré (RSAA)",taux d'équilibre,0.06358863,taux,masse salariale déclarée,calcul,numérateur ÷ dénominateur = remplacement apparent × ratio pensionnés / cotisants
2011,"salariés agricoles, régime amélioré (RSAA)",taux d'équilibre,0.06323413,taux,masse salariale déclarée,calcul,numérateur ÷ dénominateur = remplacement apparent × ratio pensionnés / cotisants
2012,"salariés agricoles, régime amélioré (RSAA)",taux d'équilibre,0.06969354,taux,masse salariale déclarée,calcul,numérateur ÷ dénominateur = remplacement apparent × ratio pensionnés / cotisants
2013,"salariés agricoles, régime amélioré (RSAA)",taux d'équilibre,0.07594465,taux,masse salariale déclarée,calcul,numérateur ÷ dénominateur = remplacement apparent × ratio pensionnés / cotisants
2014,"salariés agricoles, régime amélioré (RSAA)",taux d'équilibre,0.08326212,taux,masse salariale déclarée,calcul,numérateur ÷ dénominateur = remplacement apparent × ratio pensionnés / cotisants
2015,"salariés agricoles, régime amélioré (RSAA)",taux d'équilibre,0.08866751,taux,masse salariale déclarée,calcul,numérateur ÷ dénominateur = remplacement apparent × ratio pensionnés / cotisants
2016,"salariés agricoles, régime amélioré (RSAA)",taux d'équilibre,0.10090093,taux,masse salariale déclarée,calcul,numérateur ÷ dénominateur = remplacement apparent × ratio pensionnés / cotisants
2017,"salariés agricoles, régime amélioré (RSAA)",taux d'équilibre,0.10574959,taux,masse salariale déclarée,calcul,numérateur ÷ dénominateur = remplacement apparent × ratio pensionnés / cotisants
2000,"salariés agricoles, régime amélioré (RSAA)",taux de remplacement apparent,0.35641805,taux,masse salariale déclarée,calcul,pension moyenne ÷ revenu moyen
2001,"salariés agricoles, régime amélioré (RSAA)",taux de remplacement apparent,0.49290169,taux,masse salariale déclarée,calcul,pension moyenne ÷ revenu moyen
2002,"salariés agricoles, régime amélioré (RSAA)",taux de remplacement apparent,0.51785525,taux,masse salariale déclarée,calcul,pension moyenne ÷ revenu moyen
2003,"salariés agricoles, régime amélioré (RSAA)",taux de remplacement apparent,0.53301772,taux,masse salariale déclarée,calcul,pension moyenne ÷ revenu moyen
2004,"salariés agricoles, régime amélioré (RSAA)",taux de remplacement apparent,0.54117655,taux,masse salariale déclarée,calcul,pension moyenne ÷ revenu moyen
2005,"salariés agricoles, régime amélioré (RSAA)",taux de remplacement apparent,0.61097759,taux,masse salariale déclarée,calcul,pension moyenne ÷ revenu moyen
2006,"salariés agricoles, régime amélioré (RSAA)",taux de remplacement apparent,0.66495066,taux,masse salariale déclarée,calcul,pension moyenne ÷ revenu moyen
2007,"salariés agricoles, régime amélioré (RSAA)",taux de remplacement apparent,0.71824409,taux,masse salariale déclarée,calcul,pension moyenne ÷ revenu moyen
2008,"salariés agricoles, régime amélioré (RSAA)",taux de remplacement apparent,0.74743035,taux,masse salariale déclarée,calcul,pension moyenne ÷ revenu moyen
2009,"salariés agricoles, régime amélioré (RSAA)",taux de remplacement apparent,0.78112998,taux,masse salariale déclarée,calcul,pension moyenne ÷ revenu moyen
2010,"salariés agricoles, régime amélioré (RSAA)",taux de remplacement apparent,0.8425383,taux,masse salariale déclarée,calcul,pension moyenne ÷ revenu moyen
2011,"salariés agricoles, régime amélioré (RSAA)",taux de remplacement apparent,0.84103013,taux,masse salariale déclarée,calcul,pension moyenne ÷ revenu moyen
2012,"salariés agricoles, régime amélioré (RSAA)",taux de remplacement apparent,0.88645029,taux,masse salariale déclarée,calcul,pension moyenne ÷ revenu moyen
2013,"salariés agricoles, régime amélioré (RSAA)",taux de remplacement apparent,0.94954779,taux,masse salariale déclarée,calcul,pension moyenne ÷ revenu moyen
2014,"salariés agricoles, régime amélioré (RSAA)",taux de remplacement apparent,1.00564924,taux,masse salariale déclarée,calcul,pension moyenne ÷ revenu moyen
2015,"salariés agricoles, régime amélioré (RSAA)",taux de remplacement apparent,1.07977825,taux,masse salariale déclarée,calcul,pension moyenne ÷ revenu moyen
2016,"salariés agricoles, régime amélioré (RSAA)",taux de remplacement apparent,1.12818535,taux,masse salariale déclarée,calcul,pension moyenne ÷ revenu moyen
2017,"salariés agricoles, régime amélioré (RSAA)",taux de remplacement apparent,1.09533381,taux,masse salariale déclarée,calcul,pension moyenne ÷ revenu moyen
2000,"salariés agricoles, régime amélioré (RSAA)",taux légal de la branche pensions,0.075,taux,masse salariale déclarée,"loi n° 89-73 du 2 septembre 1989, art. 90 (15 % au total) ; répartition par branche : décret non identifié ; 7,5 % publié par la caisse (annuaire 2013 p. 340, 2017 p. 346)","taux global en vigueur depuis le 1er octobre 1989 (loi n° 89-73, art. 4) ; constant sur 2000-2017 d'après les textes ; publié par la caisse pour 2013 et 2017 seulement (annuaire 2013 p. 340, 2017 p. 346) ; répartition des 15 % entre branches : aucun décret identifié, 7,5 % est le taux de la caisse"
2001,"salariés agricoles, régime amélioré (RSAA)",taux légal de la branche pensions,0.075,taux,masse salariale déclarée,"loi n° 89-73 du 2 septembre 1989, art. 90 (15 % au total) ; répartition par branche : décret non identifié ; 7,5 % publié par la caisse (annuaire 2013 p. 340, 2017 p. 346)","taux global en vigueur depuis le 1er octobre 1989 (loi n° 89-73, art. 4) ; constant sur 2000-2017 d'après les textes ; publié par la caisse pour 2013 et 2017 seulement (annuaire 2013 p. 340, 2017 p. 346) ; répartition des 15 % entre branches : aucun décret identifié, 7,5 % est le taux de la caisse"
2002,"salariés agricoles, régime amélioré (RSAA)",taux légal de la branche pensions,0.075,taux,masse salariale déclarée,"loi n° 89-73 du 2 septembre 1989, art. 90 (15 % au total) ; répartition par branche : décret non identifié ; 7,5 % publié par la caisse (annuaire 2013 p. 340, 2017 p. 346)","taux global en vigueur depuis le 1er octobre 1989 (loi n° 89-73, art. 4) ; constant sur 2000-2017 d'après les textes ; publié par la caisse pour 2013 et 2017 seulement (annuaire 2013 p. 340, 2017 p. 346) ; répartition des 15 % entre branches : aucun décret identifié, 7,5 % est le taux de la caisse"
2003,"salariés agricoles, régime amélioré (RSAA)",taux légal de la branche pensions,0.075,taux,masse salariale déclarée,"loi n° 89-73 du 2 septembre 1989, art. 90 (15 % au total) ; répartition par branche : décret non identifié ; 7,5 % publié par la caisse (annuaire 2013 p. 340, 2017 p. 346)","taux global en vigueur depuis le 1er octobre 1989 (loi n° 89-73, art. 4) ; constant sur 2000-2017 d'après les textes ; publié par la caisse pour 2013 et 2017 seulement (annuaire 2013 p. 340, 2017 p. 346) ; répartition des 15 % entre branches : aucun décret identifié, 7,5 % est le taux de la caisse"
2004,"salariés agricoles, régime amélioré (RSAA)",taux légal de la branche pensions,0.075,taux,masse salariale déclarée,"loi n° 89-73 du 2 septembre 1989, art. 90 (15 % au total) ; répartition par branche : décret non identifié ; 7,5 % publié par la caisse (annuaire 2013 p. 340, 2017 p. 346)","taux global en vigueur depuis le 1er octobre 1989 (loi n° 89-73, art. 4) ; constant sur 2000-2017 d'après les textes ; publié par la caisse pour 2013 et 2017 seulement (annuaire 2013 p. 340, 2017 p. 346) ; répartition des 15 % entre branches : aucun décret identifié, 7,5 % est le taux de la caisse"
2005,"salariés agricoles, régime amélioré (RSAA)",taux légal de la branche pensions,0.075,taux,masse salariale déclarée,"loi n° 89-73 du 2 septembre 1989, art. 90 (15 % au total) ; répartition par branche : décret non identifié ; 7,5 % publié par la caisse (annuaire 2013 p. 340, 2017 p. 346)","taux global en vigueur depuis le 1er octobre 1989 (loi n° 89-73, art. 4) ; constant sur 2000-2017 d'après les textes ; publié par la caisse pour 2013 et 2017 seulement (annuaire 2013 p. 340, 2017 p. 346) ; répartition des 15 % entre branches : aucun décret identifié, 7,5 % est le taux de la caisse"
2006,"salariés agricoles, régime amélioré (RSAA)",taux légal de la branche pensions,0.075,taux,masse salariale déclarée,"loi n° 89-73 du 2 septembre 1989, art. 90 (15 % au total) ; répartition par branche : décret non identifié ; 7,5 % publié par la caisse (annuaire 2013 p. 340, 2017 p. 346)","taux global en vigueur depuis le 1er octobre 1989 (loi n° 89-73, art. 4) ; constant sur 2000-2017 d'après les textes ; publié par la caisse pour 2013 et 2017 seulement (annuaire 2013 p. 340, 2017 p. 346) ; répartition des 15 % entre branches : aucun décret identifié, 7,5 % est le taux de la caisse"
2007,"salariés agricoles, régime amélioré (RSAA)",taux légal de la branche pensions,0.075,taux,masse salariale déclarée,"loi n° 89-73 du 2 septembre 1989, art. 90 (15 % au total) ; répartition par branche : décret non identifié ; 7,5 % publié par la caisse (annuaire 2013 p. 340, 2017 p. 346)","taux global en vigueur depuis le 1er octobre 1989 (loi n° 89-73, art. 4) ; constant sur 2000-2017 d'après les textes ; publié par la caisse pour 2013 et 2017 seulement (annuaire 2013 p. 340, 2017 p. 346) ; répartition des 15 % entre branches : aucun décret identifié, 7,5 % est le taux de la caisse"
2008,"salariés agricoles, régime amélioré (RSAA)",taux légal de la branche pensions,0.075,taux,masse salariale déclarée,"loi n° 89-73 du 2 septembre 1989, art. 90 (15 % au total) ; répartition par branche : décret non identifié ; 7,5 % publié par la caisse (annuaire 2013 p. 340, 2017 p. 346)","taux global en vigueur depuis le 1er octobre 1989 (loi n° 89-73, art. 4) ; constant sur 2000-2017 d'après les textes ; publié par la caisse pour 2013 et 2017 seulement (annuaire 2013 p. 340, 2017 p. 346) ; répartition des 15 % entre branches : aucun décret identifié, 7,5 % est le taux de la caisse"
2009,"salariés agricoles, régime amélioré (RSAA)",taux légal de la branche pensions,0.075,taux,masse salariale déclarée,"loi n° 89-73 du 2 septembre 1989, art. 90 (15 % au total) ; répartition par branche : décret non identifié ; 7,5 % publié par la caisse (annuaire 2013 p. 340, 2017 p. 346)","taux global en vigueur depuis le 1er octobre 1989 (loi n° 89-73, art. 4) ; constant sur 2000-2017 d'après les textes ; publié par la caisse pour 2013 et 2017 seulement (annuaire 2013 p. 340, 2017 p. 346) ; répartition des 15 % entre branches : aucun décret identifié, 7,5 % est le taux de la caisse"
2010,"salariés agricoles, régime amélioré (RSAA)",taux légal de la branche pensions,0.075,taux,masse salariale déclarée,"loi n° 89-73 du 2 septembre 1989, art. 90 (15 % au total) ; répartition par branche : décret non identifié ; 7,5 % publié par la caisse (annuaire 2013 p. 340, 2017 p. 346)","taux global en vigueur depuis le 1er octobre 1989 (loi n° 89-73, art. 4) ; constant sur 2000-2017 d'après les textes ; publié par la caisse pour 2013 et 2017 seulement (annuaire 2013 p. 340, 2017 p. 346) ; répartition des 15 % entre branches : aucun décret identifié, 7,5 % est le taux de la caisse"
2011,"salariés agricoles, régime amélioré (RSAA)",taux légal de la branche pensions,0.075,taux,masse salariale déclarée,"loi n° 89-73 du 2 septembre 1989, art. 90 (15 % au total) ; répartition par branche : décret non identifié ; 7,5 % publié par la caisse (annuaire 2013 p. 340, 2017 p. 346)","taux global en vigueur depuis le 1er octobre 1989 (loi n° 89-73, art. 4) ; constant sur 2000-2017 d'après les textes ; publié par la caisse pour 2013 et 2017 seulement (annuaire 2013 p. 340, 2017 p. 346) ; répartition des 15 % entre branches : aucun décret identifié, 7,5 % est le taux de la caisse"
2012,"salariés agricoles, régime amélioré (RSAA)",taux légal de la branche pensions,0.075,taux,masse salariale déclarée,"loi n° 89-73 du 2 septembre 1989, art. 90 (15 % au total) ; répartition par branche : décret non identifié ; 7,5 % publié par la caisse (annuaire 2013 p. 340, 2017 p. 346)","taux global en vigueur depuis le 1er octobre 1989 (loi n° 89-73, art. 4) ; constant sur 2000-2017 d'après les textes ; publié par la caisse pour 2013 et 2017 seulement (annuaire 2013 p. 340, 2017 p. 346) ; répartition des 15 % entre branches : aucun décret identifié, 7,5 % est le taux de la caisse"
2013,"salariés agricoles, régime amélioré (RSAA)",taux légal de la branche pensions,0.075,taux,masse salariale déclarée,"loi n° 89-73 du 2 septembre 1989, art. 90 (15 % au total) ; répartition par branche : décret non identifié ; 7,5 % publié par la caisse (annuaire 2013 p. 340, 2017 p. 346)","taux global en vigueur depuis le 1er octobre 1989 (loi n° 89-73, art. 4) ; constant sur 2000-2017 d'après les textes ; publié par la caisse pour 2013 et 2017 seulement (annuaire 2013 p. 340, 2017 p. 346) ; répartition des 15 % entre branches : aucun décret identifié, 7,5 % est le taux de la caisse"
2014,"salariés agricoles, régime amélioré (RSAA)",taux légal de la branche pensions,0.075,taux,masse salariale déclarée,"loi n° 89-73 du 2 septembre 1989, art. 90 (15 % au total) ; répartition par branche : décret non identifié ; 7,5 % publié par la caisse (annuaire 2013 p. 340, 2017 p. 346)","taux global en vigueur depuis le 1er octobre 1989 (loi n° 89-73, art. 4) ; constant sur 2000-2017 d'après les textes ; publié par la caisse pour 2013 et 2017 seulement (annuaire 2013 p. 340, 2017 p. 346) ; répartition des 15 % entre branches : aucun décret identifié, 7,5 % est le taux de la caisse"
2015,"salariés agricoles, régime amélioré (RSAA)",taux légal de la branche pensions,0.075,taux,masse salariale déclarée,"loi n° 89-73 du 2 septembre 1989, art. 90 (15 % au total) ; répartition par branche : décret non identifié ; 7,5 % publié par la caisse (annuaire 2013 p. 340, 2017 p. 346)","taux global en vigueur depuis le 1er octobre 1989 (loi n° 89-73, art. 4) ; constant sur 2000-2017 d'après les textes ; publié par la caisse pour 2013 et 2017 seulement (annuaire 2013 p. 340, 2017 p. 346) ; répartition des 15 % entre branches : aucun décret identifié, 7,5 % est le taux de la caisse"
2016,"salariés agricoles, régime amélioré (RSAA)",taux légal de la branche pensions,0.075,taux,masse salariale déclarée,"loi n° 89-73 du 2 septembre 1989, art. 90 (15 % au total) ; répartition par branche : décret non identifié ; 7,5 % publié par la caisse (annuaire 2013 p. 340, 2017 p. 346)","taux global en vigueur depuis le 1er octobre 1989 (loi n° 89-73, art. 4) ; constant sur 2000-2017 d'après les textes ; publié par la caisse pour 2013 et 2017 seulement (annuaire 2013 p. 340, 2017 p. 346) ; répartition des 15 % entre branches : aucun décret identifié, 7,5 % est le taux de la caisse"
2017,"salariés agricoles, régime amélioré (RSAA)",taux légal de la branche pensions,0.075,taux,masse salariale déclarée,"loi n° 89-73 du 2 septembre 1989, art. 90 (15 % au total) ; répartition par branche : décret non identifié ; 7,5 % publié par la caisse (annuaire 2013 p. 340, 2017 p. 346)","taux global en vigueur depuis le 1er octobre 1989 (loi n° 89-73, art. 4) ; constant sur 2000-2017 d'après les textes ; publié par la caisse pour 2013 et 2017 seulement (annuaire 2013 p. 340, 2017 p. 346) ; répartition des 15 % entre branches : aucun décret identifié, 7,5 % est le taux de la caisse"
2000,"salariés agricoles, régime amélioré (RSAA)",écart taux d'équilibre − taux légal,-0.05002204,points de taux,masse salariale déclarée,calcul,
2001,"salariés agricoles, régime amélioré (RSAA)",écart taux d'équilibre − taux légal,-0.03525609,points de taux,masse salariale déclarée,calcul,
2002,"salariés agricoles, régime amélioré (RSAA)",écart taux d'équilibre − taux légal,-0.03137001,points de taux,masse salariale déclarée,calcul,
2003,"salariés agricoles, régime amélioré (RSAA)",écart taux d'équilibre − taux légal,-0.03030523,points de taux,masse salariale déclarée,calcul,
2004,"salariés agricoles, régime amélioré (RSAA)",écart taux d'équilibre − taux légal,-0.02988791,points de taux,masse salariale déclarée,calcul,
2005,"salariés agricoles, régime amélioré (RSAA)",écart taux d'équilibre − taux légal,-0.02433176,points de taux,masse salariale déclarée,calcul,
2006,"salariés agricoles, régime amélioré (RSAA)",écart taux d'équilibre − taux légal,-0.0202459,points de taux,masse salariale déclarée,calcul,
2007,"salariés agricoles, régime amélioré (RSAA)",écart taux d'équilibre − taux légal,-0.01736247,points de taux,masse salariale déclarée,calcul,
2008,"salariés agricoles, régime amélioré (RSAA)",écart taux d'équilibre − taux légal,-0.01662208,points de taux,masse salariale déclarée,calcul,
2009,"salariés agricoles, régime amélioré (RSAA)",écart taux d'équilibre − taux légal,-0.01377796,points de taux,masse salariale déclarée,calcul,
2010,"salariés agricoles, régime amélioré (RSAA)",écart taux d'équilibre − taux légal,-0.01141137,points de taux,masse salariale déclarée,calcul,
2011,"salariés agricoles, régime amélioré (RSAA)",écart taux d'équilibre − taux légal,-0.01176587,points de taux,masse salariale déclarée,calcul,
2012,"salariés agricoles, régime amélioré (RSAA)",écart taux d'équilibre − taux légal,-0.00530646,points de taux,masse salariale déclarée,calcul,
2013,"salariés agricoles, régime amélioré (RSAA)",écart taux d'équilibre − taux légal,0.00094465,points de taux,masse salariale déclarée,calcul,
2014,"salariés agricoles, régime amélioré (RSAA)",écart taux d'équilibre − taux légal,0.00826212,points de taux,masse salariale déclarée,calcul,
2015,"salariés agricoles, régime amélioré (RSAA)",écart taux d'équilibre − taux légal,0.01366751,points de taux,masse salariale déclarée,calcul,
2016,"salariés agricoles, régime amélioré (RSAA)",écart taux d'équilibre − taux légal,0.02590093,points de taux,masse salariale déclarée,calcul,
2017,"salariés agricoles, régime amélioré (RSAA)",écart taux d'équilibre − taux légal,0.03074959,points de taux,masse salariale déclarée,calcul,
2005,"travailleurs non salariés, ensemble des deux secteurs",actifs,318385.0,personnes,Σ secteurs : classes non agricoles × coefficient × SMIG 48 h × 2 400 h + agricoles × coefficient × SMAG × 300 j,"CNSS, annuaire statistique 2017 (arabe) ; 2010 pour les classes de 2000-2004 ; série cnss-regimes-annuaires (annuaire statistique 2017 (arabe), p. 246)",
2006,"travailleurs non salariés, ensemble des deux secteurs",actifs,349962.0,personnes,Σ secteurs : classes non agricoles × coefficient × SMIG 48 h × 2 400 h + agricoles × coefficient × SMAG × 300 j,"CNSS, annuaire statistique 2017 (arabe) ; 2010 pour les classes de 2000-2004 ; série cnss-regimes-annuaires (annuaire statistique 2017 (arabe), p. 246)",
2007,"travailleurs non salariés, ensemble des deux secteurs",actifs,386448.0,personnes,Σ secteurs : classes non agricoles × coefficient × SMIG 48 h × 2 400 h + agricoles × coefficient × SMAG × 300 j,"CNSS, annuaire statistique 2017 (arabe) ; 2010 pour les classes de 2000-2004 ; série cnss-regimes-annuaires (annuaire statistique 2017 (arabe), p. 246)",
2008,"travailleurs non salariés, ensemble des deux secteurs",actifs,424420.0,personnes,Σ secteurs : classes non agricoles × coefficient × SMIG 48 h × 2 400 h + agricoles × coefficient × SMAG × 300 j,"CNSS, annuaire statistique 2017 (arabe) ; 2010 pour les classes de 2000-2004 ; série cnss-regimes-annuaires (annuaire statistique 2017 (arabe), p. 246)",
2009,"travailleurs non salariés, ensemble des deux secteurs",actifs,464642.0,personnes,Σ secteurs : classes non agricoles × coefficient × SMIG 48 h × 2 400 h + agricoles × coefficient × SMAG × 300 j,"CNSS, annuaire statistique 2017 (arabe) ; 2010 pour les classes de 2000-2004 ; série cnss-regimes-annuaires (annuaire statistique 2017 (arabe), p. 246)",
2010,"travailleurs non salariés, ensemble des deux secteurs",actifs,513080.0,personnes,Σ secteurs : classes non agricoles × coefficient × SMIG 48 h × 2 400 h + agricoles × coefficient × SMAG × 300 j,"CNSS, annuaire statistique 2017 (arabe) ; 2010 pour les classes de 2000-2004 ; série cnss-regimes-annuaires (annuaire statistique 2017 (arabe), p. 246)",
2011,"travailleurs non salariés, ensemble des deux secteurs",actifs,525755.0,personnes,Σ secteurs : classes non agricoles × coefficient × SMIG 48 h × 2 400 h + agricoles × coefficient × SMAG × 300 j,"CNSS, annuaire statistique 2017 (arabe) ; 2010 pour les classes de 2000-2004 ; série cnss-regimes-annuaires (annuaire statistique 2017 (arabe), p. 246)",
2012,"travailleurs non salariés, ensemble des deux secteurs",actifs,544132.0,personnes,Σ secteurs : classes non agricoles × coefficient × SMIG 48 h × 2 400 h + agricoles × coefficient × SMAG × 300 j,"CNSS, annuaire statistique 2017 (arabe) ; 2010 pour les classes de 2000-2004 ; série cnss-regimes-annuaires (annuaire statistique 2017 (arabe), p. 246)",
2013,"travailleurs non salariés, ensemble des deux secteurs",actifs,572489.0,personnes,Σ secteurs : classes non agricoles × coefficient × SMIG 48 h × 2 400 h + agricoles × coefficient × SMAG × 300 j,"CNSS, annuaire statistique 2017 (arabe) ; 2010 pour les classes de 2000-2004 ; série cnss-regimes-annuaires (annuaire statistique 2017 (arabe), p. 246)",
2014,"travailleurs non salariés, ensemble des deux secteurs",actifs,583747.0,personnes,Σ secteurs : classes non agricoles × coefficient × SMIG 48 h × 2 400 h + agricoles × coefficient × SMAG × 300 j,"CNSS, annuaire statistique 2017 (arabe) ; 2010 pour les classes de 2000-2004 ; série cnss-regimes-annuaires (annuaire statistique 2017 (arabe), p. 246)",
2015,"travailleurs non salariés, ensemble des deux secteurs",actifs,582038.0,personnes,Σ secteurs : classes non agricoles × coefficient × SMIG 48 h × 2 400 h + agricoles × coefficient × SMAG × 300 j,"CNSS, annuaire statistique 2017 (arabe) ; 2010 pour les classes de 2000-2004 ; série cnss-regimes-annuaires (annuaire statistique 2017 (arabe), p. 246)",
2016,"travailleurs non salariés, ensemble des deux secteurs",actifs,598099.0,personnes,Σ secteurs : classes non agricoles × coefficient × SMIG 48 h × 2 400 h + agricoles × coefficient × SMAG × 300 j,"CNSS, annuaire statistique 2017 (arabe) ; 2010 pour les classes de 2000-2004 ; série cnss-regimes-annuaires (annuaire statistique 2017 (arabe), p. 246)",
2017,"travailleurs non salariés, ensemble des deux secteurs",actifs,602658.0,personnes,Σ secteurs : classes non agricoles × coefficient × SMIG 48 h × 2 400 h + agricoles × coefficient × SMAG × 300 j,"CNSS, annuaire statistique 2017 (arabe) ; 2010 pour les classes de 2000-2004 ; série cnss-regimes-annuaires (annuaire statistique 2017 (arabe), p. 246)",
2005,"travailleurs non salariés, ensemble des deux secteurs",assiette (dénominateur),1044.420842,millions de dinars,Σ secteurs : classes non agricoles × coefficient × SMIG 48 h × 2 400 h + agricoles × coefficient × SMAG × 300 j,"calcul ; classes : CNSS, annuaire statistique 2017 (arabe) ; 2010 pour les classes de 2000-2004 ; série cnss-regimes-annuaires ; décret n° 95-1166 du 3 juillet 1995, art. 7 et 9, JORT n° 55 du 11 juillet 1995, p. 1486-1489 (https://www.pist.tn/jort/1995/1995F/Jo05595.pdf) ; décret n° 96-1797 du 30 septembre 1996, art. 1er, JORT n° 82 du 11 octobre 1996, p. 2021 (https://www.pist.tn/jort/1996/1996F/Jo08296.pdf) : 300 jours depuis le 1er décembre 1998","SMIG au 1er janvier : décret n° 2004-1803, JORT n° 63 du 6 août 2004, p. 2257 (https://www.pist.tn/jort/2004/2004F/Jo0632004.pdf) ; SMAG au 1er janvier : décret n° 2004-1804, JORT n° 63 du 6 août 2004, p. 2258 (https://www.pist.tn/jort/2004/2004F/Jo0632004.pdf)"
2006,"travailleurs non salariés, ensemble des deux secteurs",assiette (dénominateur),1169.197281,millions de dinars,Σ secteurs : classes non agricoles × coefficient × SMIG 48 h × 2 400 h + agricoles × coefficient × SMAG × 300 j,"calcul ; classes : CNSS, annuaire statistique 2017 (arabe) ; 2010 pour les classes de 2000-2004 ; série cnss-regimes-annuaires ; décret n° 95-1166 du 3 juillet 1995, art. 7 et 9, JORT n° 55 du 11 juillet 1995, p. 1486-1489 (https://www.pist.tn/jort/1995/1995F/Jo05595.pdf) ; décret n° 96-1797 du 30 septembre 1996, art. 1er, JORT n° 82 du 11 octobre 1996, p. 2021 (https://www.pist.tn/jort/1996/1996F/Jo08296.pdf) : 300 jours depuis le 1er décembre 1998","SMIG au 1er janvier : décret n° 2005-2320, JORT n° 68 du 26 août 2005, p. 2319 (https://www.pist.tn/jort/2005/2005F/Jo0682005.pdf) ; SMAG au 1er janvier : décret n° 2005-2321, JORT n° 68 du 26 août 2005, p. 2320 (https://www.pist.tn/jort/2005/2005F/Jo0682005.pdf)"
2007,"travailleurs non salariés, ensemble des deux secteurs",assiette (dénominateur),1321.059769,millions de dinars,Σ secteurs : classes non agricoles × coefficient × SMIG 48 h × 2 400 h + agricoles × coefficient × SMAG × 300 j,"calcul ; classes : CNSS, annuaire statistique 2017 (arabe) ; 2010 pour les classes de 2000-2004 ; série cnss-regimes-annuaires ; décret n° 95-1166 du 3 juillet 1995, art. 7 et 9, JORT n° 55 du 11 juillet 1995, p. 1486-1489 (https://www.pist.tn/jort/1995/1995F/Jo05595.pdf) ; décret n° 96-1797 du 30 septembre 1996, art. 1er, JORT n° 82 du 11 octobre 1996, p. 2021 (https://www.pist.tn/jort/1996/1996F/Jo08296.pdf) : 300 jours depuis le 1er décembre 1998","SMIG au 1er janvier : décret n° 2006-2098, JORT n° 62 du 4 août 2006, p. 2112 (https://www.pist.tn/jort/2006/2006F/Jo0622006.pdf) ; SMAG au 1er janvier : décret n° 2006-2099, JORT n° 62 du 4 août 2006, p. 2113 (https://www.pist.tn/jort/2006/2006F/Jo0622006.pdf)"
2008,"travailleurs non salariés, ensemble des deux secteurs",assiette (dénominateur),1493.049863,millions de dinars,Σ secteurs : classes non agricoles × coefficient × SMIG 48 h × 2 400 h + agricoles × coefficient × SMAG × 300 j,"calcul ; classes : CNSS, annuaire statistique 2017 (arabe) ; 2010 pour les classes de 2000-2004 ; série cnss-regimes-annuaires ; décret n° 95-1166 du 3 juillet 1995, art. 7 et 9, JORT n° 55 du 11 juillet 1995, p. 1486-1489 (https://www.pist.tn/jort/1995/1995F/Jo05595.pdf) ; décret n° 96-1797 du 30 septembre 1996, art. 1er, JORT n° 82 du 11 octobre 1996, p. 2021 (https://www.pist.tn/jort/1996/1996F/Jo08296.pdf) : 300 jours depuis le 1er décembre 1998","SMIG au 1er janvier : décret n° 2007-2079, JORT n° 67 du 21 août 2007, p. 2909 (https://www.pist.tn/jort/2007/2007F/Jo0672007.pdf) ; SMAG au 1er janvier : décret n° 2007-2080, JORT n° 67 du 21 août 2007, p. 2910 (https://www.pist.tn/jort/2007/2007F/Jo0672007.pdf)"
2009,"travailleurs non salariés, ensemble des deux secteurs",assiette (dénominateur),1704.277491,millions de dinars,Σ secteurs : classes non agricoles × coefficient × SMIG 48 h × 2 400 h + agricoles × coefficient × SMAG × 300 j,"calcul ; classes : CNSS, annuaire statistique 2017 (arabe) ; 2010 pour les classes de 2000-2004 ; série cnss-regimes-annuaires ; décret n° 95-1166 du 3 juillet 1995, art. 7 et 9, JORT n° 55 du 11 juillet 1995, p. 1486-1489 (https://www.pist.tn/jort/1995/1995F/Jo05595.pdf) ; décret n° 96-1797 du 30 septembre 1996, art. 1er, JORT n° 82 du 11 octobre 1996, p. 2021 (https://www.pist.tn/jort/1996/1996F/Jo08296.pdf) : 300 jours depuis le 1er décembre 1998","SMIG au 1er janvier : décret n° 2008-2072, JORT n° 46 du 6 juin 2008, p. 1736 (https://www.pist.tn/jort/2008/2008F/Jo0462008.pdf) ; SMAG au 1er janvier : décret n° 2008-2073, JORT n° 46 du 6 juin 2008, p. 1737 (https://www.pist.tn/jort/2008/2008F/Jo0462008.pdf)"
2010,"travailleurs non salariés, ensemble des deux secteurs",assiette (dénominateur),1926.74679,millions de dinars,Σ secteurs : classes non agricoles × coefficient × SMIG 48 h × 2 400 h + agricoles × coefficient × SMAG × 300 j,"calcul ; classes : CNSS, annuaire statistique 2017 (arabe) ; 2010 pour les classes de 2000-2004 ; série cnss-regimes-annuaires ; décret n° 95-1166 du 3 juillet 1995, art. 7 et 9, JORT n° 55 du 11 juillet 1995, p. 1486-1489 (https://www.pist.tn/jort/1995/1995F/Jo05595.pdf) ; décret n° 96-1797 du 30 septembre 1996, art. 1er, JORT n° 82 du 11 octobre 1996, p. 2021 (https://www.pist.tn/jort/1996/1996F/Jo08296.pdf) : 300 jours depuis le 1er décembre 1998","SMIG au 1er janvier : décret n° 2009-2257, JORT n° 62 du 4 août 2009, p. 2139 (https://www.pist.tn/jort/2009/2009F/Jo0622009.pdf) ; SMAG au 1er janvier : décret n° 2009-2258, JORT n° 62 du 4 août 2009, p. 2140 (https://www.pist.tn/jort/2009/2009F/Jo0622009.pdf)"
2011,"travailleurs non salariés, ensemble des deux secteurs",assiette (dénominateur),2052.52461,millions de dinars,Σ secteurs : classes non agricoles × coefficient × SMIG 48 h × 2 400 h + agricoles × coefficient × SMAG × 300 j,"calcul ; classes : CNSS, annuaire statistique 2017 (arabe) ; 2010 pour les classes de 2000-2004 ; série cnss-regimes-annuaires ; décret n° 95-1166 du 3 juillet 1995, art. 7 et 9, JORT n° 55 du 11 juillet 1995, p. 1486-1489 (https://www.pist.tn/jort/1995/1995F/Jo05595.pdf) ; décret n° 96-1797 du 30 septembre 1996, art. 1er, JORT n° 82 du 11 octobre 1996, p. 2021 (https://www.pist.tn/jort/1996/1996F/Jo08296.pdf) : 300 jours depuis le 1er décembre 1998","SMIG au 1er janvier : décret n° 2010-1746, JORT n° 58 du 20 juillet 2010, p. 1997 (https://www.pist.tn/jort/2010/2010F/Jo0582010.pdf) ; SMAG au 1er janvier : décret n° 2010-1747, JORT n° 58 du 20 juillet 2010, p. 1998 (https://www.pist.tn/jort/2010/2010F/Jo0582010.pdf)"
2012,"travailleurs non salariés, ensemble des deux secteurs",assiette (dénominateur),2229.4035,millions de dinars,Σ secteurs : classes non agricoles × coefficient × SMIG 48 h × 2 400 h + agricoles × coefficient × SMAG × 300 j,"calcul ; classes : CNSS, annuaire statistique 2017 (arabe) ; 2010 pour les classes de 2000-2004 ; série cnss-regimes-annuaires ; décret n° 95-1166 du 3 juillet 1995, art. 7 et 9, JORT n° 55 du 11 juillet 1995, p. 1486-1489 (https://www.pist.tn/jort/1995/1995F/Jo05595.pdf) ; décret n° 96-1797 du 30 septembre 1996, art. 1er, JORT n° 82 du 11 octobre 1996, p. 2021 (https://www.pist.tn/jort/1996/1996F/Jo08296.pdf) : 300 jours depuis le 1er décembre 1998","SMIG au 1er janvier : décret n° 2011-679, JORT n° 42 du 10 juin 2011, p. 901 (https://www.pist.tn/jort/2011/2011F/Jo0422011.pdf) ; SMAG au 1er janvier : décret n° 2011-681, JORT n° 42 du 10 juin 2011, p. 902 (https://www.pist.tn/jort/2011/2011F/Jo0422011.pdf ; effet au 1er mai 2011 selon l'édition arabe, art. 6 — la traduction française imprime « 1er mars »)"
2013,"travailleurs non salariés, ensemble des deux secteurs",assiette (dénominateur),2562.151423,millions de dinars,Σ secteurs : classes non agricoles × coefficient × SMIG 48 h × 2 400 h + agricoles × coefficient × SMAG × 300 j,"calcul ; classes : CNSS, annuaire statistique 2017 (arabe) ; 2010 pour les classes de 2000-2004 ; série cnss-regimes-annuaires ; décret n° 95-1166 du 3 juillet 1995, art. 7 et 9, JORT n° 55 du 11 juillet 1995, p. 1486-1489 (https://www.pist.tn/jort/1995/1995F/Jo05595.pdf) ; décret n° 96-1797 du 30 septembre 1996, art. 1er, JORT n° 82 du 11 octobre 1996, p. 2021 (https://www.pist.tn/jort/1996/1996F/Jo08296.pdf) : 300 jours depuis le 1er décembre 1998","SMIG au 1er janvier : décret n° 2012-1981, JORT n° 77 du 28 septembre 2012, p. 2271 (https://www.pist.tn/jort/2012/2012F/Jo0772012.pdf) ; SMAG au 1er janvier : décret n° 2012-1982, art. 1er (second palier), même référence"
2014,"travailleurs non salariés, ensemble des deux secteurs",assiette (dénominateur),2610.440123,millions de dinars,Σ secteurs : classes non agricoles × coefficient × SMIG 48 h × 2 400 h + agricoles × coefficient × SMAG × 300 j,"calcul ; classes : CNSS, annuaire statistique 2017 (arabe) ; 2010 pour les classes de 2000-2004 ; série cnss-regimes-annuaires ; décret n° 95-1166 du 3 juillet 1995, art. 7 et 9, JORT n° 55 du 11 juillet 1995, p. 1486-1489 (https://www.pist.tn/jort/1995/1995F/Jo05595.pdf) ; décret n° 96-1797 du 30 septembre 1996, art. 1er, JORT n° 82 du 11 octobre 1996, p. 2021 (https://www.pist.tn/jort/1996/1996F/Jo08296.pdf) : 300 jours depuis le 1er décembre 1998","SMIG au 1er janvier : décret n° 2012-1981, JORT n° 77 du 28 septembre 2012, p. 2271 (https://www.pist.tn/jort/2012/2012F/Jo0772012.pdf) ; SMAG au 1er janvier : décret n° 2012-1982, art. 1er (second palier), même référence"
2015,"travailleurs non salariés, ensemble des deux secteurs",assiette (dénominateur),2760.406706,millions de dinars,Σ secteurs : classes non agricoles × coefficient × SMIG 48 h × 2 400 h + agricoles × coefficient × SMAG × 300 j,"calcul ; classes : CNSS, annuaire statistique 2017 (arabe) ; 2010 pour les classes de 2000-2004 ; série cnss-regimes-annuaires ; décret n° 95-1166 du 3 juillet 1995, art. 7 et 9, JORT n° 55 du 11 juillet 1995, p. 1486-1489 (https://www.pist.tn/jort/1995/1995F/Jo05595.pdf) ; décret n° 96-1797 du 30 septembre 1996, art. 1er, JORT n° 82 du 11 octobre 1996, p. 2021 (https://www.pist.tn/jort/1996/1996F/Jo08296.pdf) : 300 jours depuis le 1er décembre 1998","SMIG au 1er janvier : décret n° 2014-2907, JORT n° 66 du 15 août 2014, p. 2062 (https://www.pist.tn/jort/2014/2014F/Jo0662014.pdf) ; SMAG au 1er janvier : décret n° 2014-2908, JORT n° 66 du 15 août 2014, p. 2064 (https://www.pist.tn/jort/2014/2014F/Jo0662014.pdf)"
2016,"travailleurs non salariés, ensemble des deux secteurs",assiette (dénominateur),3002.47545,millions de dinars,Σ secteurs : classes non agricoles × coefficient × SMIG 48 h × 2 400 h + agricoles × coefficient × SMAG × 300 j,"calcul ; classes : CNSS, annuaire statistique 2017 (arabe) ; 2010 pour les classes de 2000-2004 ; série cnss-regimes-annuaires ; décret n° 95-1166 du 3 juillet 1995, art. 7 et 9, JORT n° 55 du 11 juillet 1995, p. 1486-1489 (https://www.pist.tn/jort/1995/1995F/Jo05595.pdf) ; décret n° 96-1797 du 30 septembre 1996, art. 1er, JORT n° 82 du 11 octobre 1996, p. 2021 (https://www.pist.tn/jort/1996/1996F/Jo08296.pdf) : 300 jours depuis le 1er décembre 1998","SMIG au 1er janvier : décret gouvernemental n° 2015-1762, JORT n° 91 du 13 novembre 2015, p. 2709 (https://www.pist.tn/jort/2015/2015F/Jo0912015.pdf) ; SMAG au 1er janvier : décret gouvernemental n° 2015-1763, JORT n° 91 du 13 novembre 2015, p. 2710 (https://www.pist.tn/jort/2015/2015F/Jo0912015.pdf)"
2017,"travailleurs non salariés, ensemble des deux secteurs",assiette (dénominateur),3271.612321,millions de dinars,Σ secteurs : classes non agricoles × coefficient × SMIG 48 h × 2 400 h + agricoles × coefficient × SMAG × 300 j,"calcul ; classes : CNSS, annuaire statistique 2017 (arabe) ; 2010 pour les classes de 2000-2004 ; série cnss-regimes-annuaires ; décret n° 95-1166 du 3 juillet 1995, art. 7 et 9, JORT n° 55 du 11 juillet 1995, p. 1486-1489 (https://www.pist.tn/jort/1995/1995F/Jo05595.pdf) ; décret n° 96-1797 du 30 septembre 1996, art. 1er, JORT n° 82 du 11 octobre 1996, p. 2021 (https://www.pist.tn/jort/1996/1996F/Jo08296.pdf) : 300 jours depuis le 1er décembre 1998","SMIG au 1er janvier : décret gouvernemental n° 2017-668 du 5 juin 2017 (effet rétroactif), JORT n° 45 du 6 juin 2017, éd. arabe p. 1877 (https://www.pist.tn/jort/2017/2017A/Ja0452017.pdf ; l'adresse de l'édition française sert le fascicule arabe) ; SMAG au 1er janvier : décret gouvernemental n° 2017-669 du 5 juin 2017 (effet rétroactif), JORT n° 45 du 6 juin 2017, éd. arabe p. 1878 (https://www.pist.tn/jort/2017/2017A/Ja0452017.pdf)"
2000,"travailleurs non salariés, ensemble des deux secteurs",coefficient moyen de classe,1.494081,multiple du SMIG ou du SMAG,,calcul,Σ assurés × coefficient ÷ assurés
2001,"travailleurs non salariés, ensemble des deux secteurs",coefficient moyen de classe,1.452952,multiple du SMIG ou du SMAG,,calcul,Σ assurés × coefficient ÷ assurés
2002,"travailleurs non salariés, ensemble des deux secteurs",coefficient moyen de classe,1.418953,multiple du SMIG ou du SMAG,,calcul,Σ assurés × coefficient ÷ assurés
2003,"travailleurs non salariés, ensemble des deux secteurs",coefficient moyen de classe,1.388654,multiple du SMIG ou du SMAG,,calcul,Σ assurés × coefficient ÷ assurés
2004,"travailleurs non salariés, ensemble des deux secteurs",coefficient moyen de classe,1.367551,multiple du SMIG ou du SMAG,,calcul,Σ assurés × coefficient ÷ assurés
2005,"travailleurs non salariés, ensemble des deux secteurs",pension moyenne mensuelle,57.25,dinars par mois,Σ secteurs : classes non agricoles × coefficient × SMIG 48 h × 2 400 h + agricoles × coefficient × SMAG × 300 j,calcul,numérateur ÷ pensionnés ÷ 12
2006,"travailleurs non salariés, ensemble des deux secteurs",pension moyenne mensuelle,61.7,dinars par mois,Σ secteurs : classes non agricoles × coefficient × SMIG 48 h × 2 400 h + agricoles × coefficient × SMAG × 300 j,calcul,numérateur ÷ pensionnés ÷ 12
2007,"travailleurs non salariés, ensemble des deux secteurs",pension moyenne mensuelle,64.24,dinars par mois,Σ secteurs : classes non agricoles × coefficient × SMIG 48 h × 2 400 h + agricoles × coefficient × SMAG × 300 j,calcul,numérateur ÷ pensionnés ÷ 12
2008,"travailleurs non salariés, ensemble des deux secteurs",pension moyenne mensuelle,69.95,dinars par mois,Σ secteurs : classes non agricoles × coefficient × SMIG 48 h × 2 400 h + agricoles × coefficient × SMAG × 300 j,calcul,numérateur ÷ pensionnés ÷ 12
2009,"travailleurs non salariés, ensemble des deux secteurs",pension moyenne mensuelle,73.98,dinars par mois,Σ secteurs : classes non agricoles × coefficient × SMIG 48 h × 2 400 h + agricoles × coefficient × SMAG × 300 j,calcul,numérateur ÷ pensionnés ÷ 12
2010,"travailleurs non salariés, ensemble des deux secteurs",pension moyenne mensuelle,81.29,dinars par mois,Σ secteurs : classes non agricoles × coefficient × SMIG 48 h × 2 400 h + agricoles × coefficient × SMAG × 300 j,calcul,numérateur ÷ pensionnés ÷ 12
2011,"travailleurs non salariés, ensemble des deux secteurs",pension moyenne mensuelle,92.13,dinars par mois,Σ secteurs : classes non agricoles × coefficient × SMIG 48 h × 2 400 h + agricoles × coefficient × SMAG × 300 j,calcul,numérateur ÷ pensionnés ÷ 12
2012,"travailleurs non salariés, ensemble des deux secteurs",pension moyenne mensuelle,96.93,dinars par mois,Σ secteurs : classes non agricoles × coefficient × SMIG 48 h × 2 400 h + agricoles × coefficient × SMAG × 300 j,calcul,numérateur ÷ pensionnés ÷ 12
2013,"travailleurs non salariés, ensemble des deux secteurs",pension moyenne mensuelle,110.15,dinars par mois,Σ secteurs : classes non agricoles × coefficient × SMIG 48 h × 2 400 h + agricoles × coefficient × SMAG × 300 j,calcul,numérateur ÷ pensionnés ÷ 12
2014,"travailleurs non salariés, ensemble des deux secteurs",pension moyenne mensuelle,118.08,dinars par mois,Σ secteurs : classes non agricoles × coefficient × SMIG 48 h × 2 400 h + agricoles × coefficient × SMAG × 300 j,calcul,numérateur ÷ pensionnés ÷ 12
2015,"travailleurs non salariés, ensemble des deux secteurs",pension moyenne mensuelle,128.05,dinars par mois,Σ secteurs : classes non agricoles × coefficient × SMIG 48 h × 2 400 h + agricoles × coefficient × SMAG × 300 j,calcul,numérateur ÷ pensionnés ÷ 12
2016,"travailleurs non salariés, ensemble des deux secteurs",pension moyenne mensuelle,134.25,dinars par mois,Σ secteurs : classes non agricoles × coefficient × SMIG 48 h × 2 400 h + agricoles × coefficient × SMAG × 300 j,calcul,numérateur ÷ pensionnés ÷ 12
2017,"travailleurs non salariés, ensemble des deux secteurs",pension moyenne mensuelle,139.84,dinars par mois,Σ secteurs : classes non agricoles × coefficient × SMIG 48 h × 2 400 h + agricoles × coefficient × SMAG × 300 j,calcul,numérateur ÷ pensionnés ÷ 12
2005,"travailleurs non salariés, ensemble des deux secteurs","pensionnés, toutes natures",81884.0,personnes,Σ secteurs : classes non agricoles × coefficient × SMIG 48 h × 2 400 h + agricoles × coefficient × SMAG × 300 j,"CNSS, annuaire statistique 2017 (arabe) ; 2010 pour les classes de 2000-2004 ; série cnss-regimes-annuaires (annuaire statistique 2017 (arabe), p. 246)",orphelins compris ; fin d'année
2006,"travailleurs non salariés, ensemble des deux secteurs","pensionnés, toutes natures",85994.0,personnes,Σ secteurs : classes non agricoles × coefficient × SMIG 48 h × 2 400 h + agricoles × coefficient × SMAG × 300 j,"CNSS, annuaire statistique 2017 (arabe) ; 2010 pour les classes de 2000-2004 ; série cnss-regimes-annuaires (annuaire statistique 2017 (arabe), p. 246)",orphelins compris ; fin d'année
2007,"travailleurs non salariés, ensemble des deux secteurs","pensionnés, toutes natures",92010.0,personnes,Σ secteurs : classes non agricoles × coefficient × SMIG 48 h × 2 400 h + agricoles × coefficient × SMAG × 300 j,"CNSS, annuaire statistique 2017 (arabe) ; 2010 pour les classes de 2000-2004 ; série cnss-regimes-annuaires (annuaire statistique 2017 (arabe), p. 246)",orphelins compris ; fin d'année
2008,"travailleurs non salariés, ensemble des deux secteurs","pensionnés, toutes natures",97615.0,personnes,Σ secteurs : classes non agricoles × coefficient × SMIG 48 h × 2 400 h + agricoles × coefficient × SMAG × 300 j,"CNSS, annuaire statistique 2017 (arabe) ; 2010 pour les classes de 2000-2004 ; série cnss-regimes-annuaires (annuaire statistique 2017 (arabe), p. 246)",orphelins compris ; fin d'année
2009,"travailleurs non salariés, ensemble des deux secteurs","pensionnés, toutes natures",102846.0,personnes,Σ secteurs : classes non agricoles × coefficient × SMIG 48 h × 2 400 h + agricoles × coefficient × SMAG × 300 j,"CNSS, annuaire statistique 2017 (arabe) ; 2010 pour les classes de 2000-2004 ; série cnss-regimes-annuaires (annuaire statistique 2017 (arabe), p. 246)",orphelins compris ; fin d'année
2010,"travailleurs non salariés, ensemble des deux secteurs","pensionnés, toutes natures",105827.0,personnes,Σ secteurs : classes non agricoles × coefficient × SMIG 48 h × 2 400 h + agricoles × coefficient × SMAG × 300 j,"CNSS, annuaire statistique 2017 (arabe) ; 2010 pour les classes de 2000-2004 ; série cnss-regimes-annuaires (annuaire statistique 2017 (arabe), p. 246)",orphelins compris ; fin d'année
2011,"travailleurs non salariés, ensemble des deux secteurs","pensionnés, toutes natures",109297.0,personnes,Σ secteurs : classes non agricoles × coefficient × SMIG 48 h × 2 400 h + agricoles × coefficient × SMAG × 300 j,"CNSS, annuaire statistique 2017 (arabe) ; 2010 pour les classes de 2000-2004 ; série cnss-regimes-annuaires (annuaire statistique 2017 (arabe), p. 246)",orphelins compris ; fin d'année
2012,"travailleurs non salariés, ensemble des deux secteurs","pensionnés, toutes natures",119098.0,personnes,Σ secteurs : classes non agricoles × coefficient × SMIG 48 h × 2 400 h + agricoles × coefficient × SMAG × 300 j,"CNSS, annuaire statistique 2017 (arabe) ; 2010 pour les classes de 2000-2004 ; série cnss-regimes-annuaires (annuaire statistique 2017 (arabe), p. 246)",orphelins compris ; fin d'année
2013,"travailleurs non salariés, ensemble des deux secteurs","pensionnés, toutes natures",125216.0,personnes,Σ secteurs : classes non agricoles × coefficient × SMIG 48 h × 2 400 h + agricoles × coefficient × SMAG × 300 j,"CNSS, annuaire statistique 2017 (arabe) ; 2010 pour les classes de 2000-2004 ; série cnss-regimes-annuaires (annuaire statistique 2017 (arabe), p. 246)",orphelins compris ; fin d'année
2014,"travailleurs non salariés, ensemble des deux secteurs","pensionnés, toutes natures",133088.0,personnes,Σ secteurs : classes non agricoles × coefficient × SMIG 48 h × 2 400 h + agricoles × coefficient × SMAG × 300 j,"CNSS, annuaire statistique 2017 (arabe) ; 2010 pour les classes de 2000-2004 ; série cnss-regimes-annuaires (annuaire statistique 2017 (arabe), p. 246)",orphelins compris ; fin d'année
2015,"travailleurs non salariés, ensemble des deux secteurs","pensionnés, toutes natures",139881.0,personnes,Σ secteurs : classes non agricoles × coefficient × SMIG 48 h × 2 400 h + agricoles × coefficient × SMAG × 300 j,"CNSS, annuaire statistique 2017 (arabe) ; 2010 pour les classes de 2000-2004 ; série cnss-regimes-annuaires (annuaire statistique 2017 (arabe), p. 246)",orphelins compris ; fin d'année
2016,"travailleurs non salariés, ensemble des deux secteurs","pensionnés, toutes natures",153822.0,personnes,Σ secteurs : classes non agricoles × coefficient × SMIG 48 h × 2 400 h + agricoles × coefficient × SMAG × 300 j,"CNSS, annuaire statistique 2017 (arabe) ; 2010 pour les classes de 2000-2004 ; série cnss-regimes-annuaires (annuaire statistique 2017 (arabe), p. 246)",orphelins compris ; fin d'année
2017,"travailleurs non salariés, ensemble des deux secteurs","pensionnés, toutes natures",168208.0,personnes,Σ secteurs : classes non agricoles × coefficient × SMIG 48 h × 2 400 h + agricoles × coefficient × SMAG × 300 j,"CNSS, annuaire statistique 2017 (arabe) ; 2010 pour les classes de 2000-2004 ; série cnss-regimes-annuaires (annuaire statistique 2017 (arabe), p. 246)",orphelins compris ; fin d'année
2000,"travailleurs non salariés, ensemble des deux secteurs",pensions servies (numérateur),29.925,millions de dinars,,"CNSS, annuaire statistique 2017 (arabe) ; 2010 pour les classes de 2000-2004 ; série cnss-regimes-annuaires (annuaire statistique 2017 (arabe), p. 246)","toutes natures, orphelins compris"
2001,"travailleurs non salariés, ensemble des deux secteurs",pensions servies (numérateur),33.082,millions de dinars,,"CNSS, annuaire statistique 2017 (arabe) ; 2010 pour les classes de 2000-2004 ; série cnss-regimes-annuaires (annuaire statistique 2017 (arabe), p. 246)","toutes natures, orphelins compris"
2002,"travailleurs non salariés, ensemble des deux secteurs",pensions servies (numérateur),39.373,millions de dinars,,"CNSS, annuaire statistique 2017 (arabe) ; 2010 pour les classes de 2000-2004 ; série cnss-regimes-annuaires (annuaire statistique 2017 (arabe), p. 246)","toutes natures, orphelins compris"
2003,"travailleurs non salariés, ensemble des deux secteurs",pensions servies (numérateur),42.964,millions de dinars,,"CNSS, annuaire statistique 2017 (arabe) ; 2010 pour les classes de 2000-2004 ; série cnss-regimes-annuaires (annuaire statistique 2017 (arabe), p. 246)","toutes natures, orphelins compris"
2004,"travailleurs non salariés, ensemble des deux secteurs",pensions servies (numérateur),51.133,millions de dinars,,"CNSS, annuaire statistique 2017 (arabe) ; 2010 pour les classes de 2000-2004 ; série cnss-regimes-annuaires (annuaire statistique 2017 (arabe), p. 246)","toutes natures, orphelins compris"
2005,"travailleurs non salariés, ensemble des deux secteurs",pensions servies (numérateur),56.252,millions de dinars,Σ secteurs : classes non agricoles × coefficient × SMIG 48 h × 2 400 h + agricoles × coefficient × SMAG × 300 j,"CNSS, annuaire statistique 2017 (arabe) ; 2010 pour les classes de 2000-2004 ; série cnss-regimes-annuaires (annuaire statistique 2017 (arabe), p. 246)","toutes natures, orphelins compris ; montants en milliers de dinars dans l'annuaire"
2006,"travailleurs non salariés, ensemble des deux secteurs",pensions servies (numérateur),63.665,millions de dinars,Σ secteurs : classes non agricoles × coefficient × SMIG 48 h × 2 400 h + agricoles × coefficient × SMAG × 300 j,"CNSS, annuaire statistique 2017 (arabe) ; 2010 pour les classes de 2000-2004 ; série cnss-regimes-annuaires (annuaire statistique 2017 (arabe), p. 246)","toutes natures, orphelins compris ; montants en milliers de dinars dans l'annuaire"
2007,"travailleurs non salariés, ensemble des deux secteurs",pensions servies (numérateur),70.927,millions de dinars,Σ secteurs : classes non agricoles × coefficient × SMIG 48 h × 2 400 h + agricoles × coefficient × SMAG × 300 j,"CNSS, annuaire statistique 2017 (arabe) ; 2010 pour les classes de 2000-2004 ; série cnss-regimes-annuaires (annuaire statistique 2017 (arabe), p. 246)","toutes natures, orphelins compris ; montants en milliers de dinars dans l'annuaire"
2008,"travailleurs non salariés, ensemble des deux secteurs",pensions servies (numérateur),81.937,millions de dinars,Σ secteurs : classes non agricoles × coefficient × SMIG 48 h × 2 400 h + agricoles × coefficient × SMAG × 300 j,"CNSS, annuaire statistique 2017 (arabe) ; 2010 pour les classes de 2000-2004 ; série cnss-regimes-annuaires (annuaire statistique 2017 (arabe), p. 246)","toutes natures, orphelins compris ; montants en milliers de dinars dans l'annuaire"
2009,"travailleurs non salariés, ensemble des deux secteurs",pensions servies (numérateur),91.303,millions de dinars,Σ secteurs : classes non agricoles × coefficient × SMIG 48 h × 2 400 h + agricoles × coefficient × SMAG × 300 j,"CNSS, annuaire statistique 2017 (arabe) ; 2010 pour les classes de 2000-2004 ; série cnss-regimes-annuaires (annuaire statistique 2017 (arabe), p. 246)","toutes natures, orphelins compris ; montants en milliers de dinars dans l'annuaire"
2010,"travailleurs non salariés, ensemble des deux secteurs",pensions servies (numérateur),103.235,millions de dinars,Σ secteurs : classes non agricoles × coefficient × SMIG 48 h × 2 400 h + agricoles × coefficient × SMAG × 300 j,"CNSS, annuaire statistique 2017 (arabe) ; 2010 pour les classes de 2000-2004 ; série cnss-regimes-annuaires (annuaire statistique 2017 (arabe), p. 246)","toutes natures, orphelins compris ; montants en milliers de dinars dans l'annuaire"
2011,"travailleurs non salariés, ensemble des deux secteurs",pensions servies (numérateur),120.834,millions de dinars,Σ secteurs : classes non agricoles × coefficient × SMIG 48 h × 2 400 h + agricoles × coefficient × SMAG × 300 j,"CNSS, annuaire statistique 2017 (arabe) ; 2010 pour les classes de 2000-2004 ; série cnss-regimes-annuaires (annuaire statistique 2017 (arabe), p. 246)","toutes natures, orphelins compris ; montants en milliers de dinars dans l'annuaire"
2012,"travailleurs non salariés, ensemble des deux secteurs",pensions servies (numérateur),138.527,millions de dinars,Σ secteurs : classes non agricoles × coefficient × SMIG 48 h × 2 400 h + agricoles × coefficient × SMAG × 300 j,"CNSS, annuaire statistique 2017 (arabe) ; 2010 pour les classes de 2000-2004 ; série cnss-regimes-annuaires (annuaire statistique 2017 (arabe), p. 246)","toutes natures, orphelins compris ; montants en milliers de dinars dans l'annuaire"
2013,"travailleurs non salariés, ensemble des deux secteurs",pensions servies (numérateur),165.508,millions de dinars,Σ secteurs : classes non agricoles × coefficient × SMIG 48 h × 2 400 h + agricoles × coefficient × SMAG × 300 j,"CNSS, annuaire statistique 2017 (arabe) ; 2010 pour les classes de 2000-2004 ; série cnss-regimes-annuaires (annuaire statistique 2017 (arabe), p. 246)","toutes natures, orphelins compris ; montants en milliers de dinars dans l'annuaire"
2014,"travailleurs non salariés, ensemble des deux secteurs",pensions servies (numérateur),188.579,millions de dinars,Σ secteurs : classes non agricoles × coefficient × SMIG 48 h × 2 400 h + agricoles × coefficient × SMAG × 300 j,"CNSS, annuaire statistique 2017 (arabe) ; 2010 pour les classes de 2000-2004 ; série cnss-regimes-annuaires (annuaire statistique 2017 (arabe), p. 246)","toutes natures, orphelins compris ; montants en milliers de dinars dans l'annuaire"
2015,"travailleurs non salariés, ensemble des deux secteurs",pensions servies (numérateur),214.935,millions de dinars,Σ secteurs : classes non agricoles × coefficient × SMIG 48 h × 2 400 h + agricoles × coefficient × SMAG × 300 j,"CNSS, annuaire statistique 2017 (arabe) ; 2010 pour les classes de 2000-2004 ; série cnss-regimes-annuaires (annuaire statistique 2017 (arabe), p. 246)","toutes natures, orphelins compris ; montants en milliers de dinars dans l'annuaire"
2016,"travailleurs non salariés, ensemble des deux secteurs",pensions servies (numérateur),247.803,millions de dinars,Σ secteurs : classes non agricoles × coefficient × SMIG 48 h × 2 400 h + agricoles × coefficient × SMAG × 300 j,"CNSS, annuaire statistique 2017 (arabe) ; 2010 pour les classes de 2000-2004 ; série cnss-regimes-annuaires (annuaire statistique 2017 (arabe), p. 246)","toutes natures, orphelins compris ; montants en milliers de dinars dans l'annuaire"
2017,"travailleurs non salariés, ensemble des deux secteurs",pensions servies (numérateur),282.275,millions de dinars,Σ secteurs : classes non agricoles × coefficient × SMIG 48 h × 2 400 h + agricoles × coefficient × SMAG × 300 j,"CNSS, annuaire statistique 2017 (arabe) ; 2010 pour les classes de 2000-2004 ; série cnss-regimes-annuaires (annuaire statistique 2017 (arabe), p. 246)","toutes natures, orphelins compris ; montants en milliers de dinars dans l'annuaire"
2000,"travailleurs non salariés, ensemble des deux secteurs",ratio pensionnés / cotisants,0.31225784,taux,,calcul,pensionnés de toutes natures ÷ actifs
2001,"travailleurs non salariés, ensemble des deux secteurs",ratio pensionnés / cotisants,0.30641239,taux,,calcul,pensionnés de toutes natures ÷ actifs
2002,"travailleurs non salariés, ensemble des deux secteurs",ratio pensionnés / cotisants,0.29020659,taux,,calcul,pensionnés de toutes natures ÷ actifs
2003,"travailleurs non salariés, ensemble des deux secteurs",ratio pensionnés / cotisants,0.27587066,taux,,calcul,pensionnés de toutes natures ÷ actifs
2004,"travailleurs non salariés, ensemble des deux secteurs",ratio pensionnés / cotisants,0.2661856,taux,,calcul,pensionnés de toutes natures ÷ actifs
2005,"travailleurs non salariés, ensemble des deux secteurs",ratio pensionnés / cotisants,0.25718548,taux,Σ secteurs : classes non agricoles × coefficient × SMIG 48 h × 2 400 h + agricoles × coefficient × SMAG × 300 j,calcul,pensionnés ÷ actifs
2006,"travailleurs non salariés, ensemble des deux secteurs",ratio pensionnés / cotisants,0.24572382,taux,Σ secteurs : classes non agricoles × coefficient × SMIG 48 h × 2 400 h + agricoles × coefficient × SMAG × 300 j,calcul,pensionnés ÷ actifs
2007,"travailleurs non salariés, ensemble des deux secteurs",ratio pensionnés / cotisants,0.23809154,taux,Σ secteurs : classes non agricoles × coefficient × SMIG 48 h × 2 400 h + agricoles × coefficient × SMAG × 300 j,calcul,pensionnés ÷ actifs
2008,"travailleurs non salariés, ensemble des deux secteurs",ratio pensionnés / cotisants,0.22999623,taux,Σ secteurs : classes non agricoles × coefficient × SMIG 48 h × 2 400 h + agricoles × coefficient × SMAG × 300 j,calcul,pensionnés ÷ actifs
2009,"travailleurs non salariés, ensemble des deux secteurs",ratio pensionnés / cotisants,0.22134461,taux,Σ secteurs : classes non agricoles × coefficient × SMIG 48 h × 2 400 h + agricoles × coefficient × SMAG × 300 j,calcul,pensionnés ÷ actifs
2010,"travailleurs non salariés, ensemble des deux secteurs",ratio pensionnés / cotisants,0.20625828,taux,Σ secteurs : classes non agricoles × coefficient × SMIG 48 h × 2 400 h + agricoles × coefficient × SMAG × 300 j,calcul,pensionnés ÷ actifs
2011,"travailleurs non salariés, ensemble des deux secteurs",ratio pensionnés / cotisants,0.2078858,taux,Σ secteurs : classes non agricoles × coefficient × SMIG 48 h × 2 400 h + agricoles × coefficient × SMAG × 300 j,calcul,pensionnés ÷ actifs
2012,"travailleurs non salariés, ensemble des deux secteurs",ratio pensionnés / cotisants,0.21887704,taux,Σ secteurs : classes non agricoles × coefficient × SMIG 48 h × 2 400 h + agricoles × coefficient × SMAG × 300 j,calcul,pensionnés ÷ actifs
2013,"travailleurs non salariés, ensemble des deux secteurs",ratio pensionnés / cotisants,0.21872211,taux,Σ secteurs : classes non agricoles × coefficient × SMIG 48 h × 2 400 h + agricoles × coefficient × SMAG × 300 j,calcul,pensionnés ÷ actifs
2014,"travailleurs non salariés, ensemble des deux secteurs",ratio pensionnés / cotisants,0.22798918,taux,Σ secteurs : classes non agricoles × coefficient × SMIG 48 h × 2 400 h + agricoles × coefficient × SMAG × 300 j,calcul,pensionnés ÷ actifs
2015,"travailleurs non salariés, ensemble des deux secteurs",ratio pensionnés / cotisants,0.24032967,taux,Σ secteurs : classes non agricoles × coefficient × SMIG 48 h × 2 400 h + agricoles × coefficient × SMAG × 300 j,calcul,pensionnés ÷ actifs
2016,"travailleurs non salariés, ensemble des deux secteurs",ratio pensionnés / cotisants,0.25718485,taux,Σ secteurs : classes non agricoles × coefficient × SMIG 48 h × 2 400 h + agricoles × coefficient × SMAG × 300 j,calcul,pensionnés ÷ actifs
2017,"travailleurs non salariés, ensemble des deux secteurs",ratio pensionnés / cotisants,0.27911021,taux,Σ secteurs : classes non agricoles × coefficient × SMIG 48 h × 2 400 h + agricoles × coefficient × SMAG × 300 j,calcul,pensionnés ÷ actifs
2005,"travailleurs non salariés, ensemble des deux secteurs",revenu d'assiette moyen mensuel,273.36,dinars par mois,Σ secteurs : classes non agricoles × coefficient × SMIG 48 h × 2 400 h + agricoles × coefficient × SMAG × 300 j,calcul,"dénominateur ÷ actifs ÷ 12 ; revenu forfaitaire, non revenu réel"
2006,"travailleurs non salariés, ensemble des deux secteurs",revenu d'assiette moyen mensuel,278.41,dinars par mois,Σ secteurs : classes non agricoles × coefficient × SMIG 48 h × 2 400 h + agricoles × coefficient × SMAG × 300 j,calcul,"dénominateur ÷ actifs ÷ 12 ; revenu forfaitaire, non revenu réel"
2007,"travailleurs non salariés, ensemble des deux secteurs",revenu d'assiette moyen mensuel,284.87,dinars par mois,Σ secteurs : classes non agricoles × coefficient × SMIG 48 h × 2 400 h + agricoles × coefficient × SMAG × 300 j,calcul,"dénominateur ÷ actifs ÷ 12 ; revenu forfaitaire, non revenu réel"
2008,"travailleurs non salariés, ensemble des deux secteurs",revenu d'assiette moyen mensuel,293.15,dinars par mois,Σ secteurs : classes non agricoles × coefficient × SMIG 48 h × 2 400 h + agricoles × coefficient × SMAG × 300 j,calcul,"dénominateur ÷ actifs ÷ 12 ; revenu forfaitaire, non revenu réel"
2009,"travailleurs non salariés, ensemble des deux secteurs",revenu d'assiette moyen mensuel,305.66,dinars par mois,Σ secteurs : classes non agricoles × coefficient × SMIG 48 h × 2 400 h + agricoles × coefficient × SMAG × 300 j,calcul,"dénominateur ÷ actifs ÷ 12 ; revenu forfaitaire, non revenu réel"
2010,"travailleurs non salariés, ensemble des deux secteurs",revenu d'assiette moyen mensuel,312.94,dinars par mois,Σ secteurs : classes non agricoles × coefficient × SMIG 48 h × 2 400 h + agricoles × coefficient × SMAG × 300 j,calcul,"dénominateur ÷ actifs ÷ 12 ; revenu forfaitaire, non revenu réel"
2011,"travailleurs non salariés, ensemble des deux secteurs",revenu d'assiette moyen mensuel,325.33,dinars par mois,Σ secteurs : classes non agricoles × coefficient × SMIG 48 h × 2 400 h + agricoles × coefficient × SMAG × 300 j,calcul,"dénominateur ÷ actifs ÷ 12 ; revenu forfaitaire, non revenu réel"
2012,"travailleurs non salariés, ensemble des deux secteurs",revenu d'assiette moyen mensuel,341.43,dinars par mois,Σ secteurs : classes non agricoles × coefficient × SMIG 48 h × 2 400 h + agricoles × coefficient × SMAG × 300 j,calcul,"dénominateur ÷ actifs ÷ 12 ; revenu forfaitaire, non revenu réel"
2013,"travailleurs non salariés, ensemble des deux secteurs",revenu d'assiette moyen mensuel,372.95,dinars par mois,Σ secteurs : classes non agricoles × coefficient × SMIG 48 h × 2 400 h + agricoles × coefficient × SMAG × 300 j,calcul,"dénominateur ÷ actifs ÷ 12 ; revenu forfaitaire, non revenu réel"
2014,"travailleurs non salariés, ensemble des deux secteurs",revenu d'assiette moyen mensuel,372.66,dinars par mois,Σ secteurs : classes non agricoles × coefficient × SMIG 48 h × 2 400 h + agricoles × coefficient × SMAG × 300 j,calcul,"dénominateur ÷ actifs ÷ 12 ; revenu forfaitaire, non revenu réel"
2015,"travailleurs non salariés, ensemble des deux secteurs",revenu d'assiette moyen mensuel,395.22,dinars par mois,Σ secteurs : classes non agricoles × coefficient × SMIG 48 h × 2 400 h + agricoles × coefficient × SMAG × 300 j,calcul,"dénominateur ÷ actifs ÷ 12 ; revenu forfaitaire, non revenu réel"
2016,"travailleurs non salariés, ensemble des deux secteurs",revenu d'assiette moyen mensuel,418.34,dinars par mois,Σ secteurs : classes non agricoles × coefficient × SMIG 48 h × 2 400 h + agricoles × coefficient × SMAG × 300 j,calcul,"dénominateur ÷ actifs ÷ 12 ; revenu forfaitaire, non revenu réel"
2017,"travailleurs non salariés, ensemble des deux secteurs",revenu d'assiette moyen mensuel,452.39,dinars par mois,Σ secteurs : classes non agricoles × coefficient × SMIG 48 h × 2 400 h + agricoles × coefficient × SMAG × 300 j,calcul,"dénominateur ÷ actifs ÷ 12 ; revenu forfaitaire, non revenu réel"
2005,"travailleurs non salariés, ensemble des deux secteurs",taux d'équilibre,0.05385951,taux,Σ secteurs : classes non agricoles × coefficient × SMIG 48 h × 2 400 h + agricoles × coefficient × SMAG × 300 j,calcul,numérateur ÷ dénominateur = remplacement apparent × ratio pensionnés / cotisants
2006,"travailleurs non salariés, ensemble des deux secteurs",taux d'équilibre,0.05445189,taux,Σ secteurs : classes non agricoles × coefficient × SMIG 48 h × 2 400 h + agricoles × coefficient × SMAG × 300 j,calcul,numérateur ÷ dénominateur = remplacement apparent × ratio pensionnés / cotisants
2007,"travailleurs non salariés, ensemble des deux secteurs",taux d'équilibre,0.05368947,taux,Σ secteurs : classes non agricoles × coefficient × SMIG 48 h × 2 400 h + agricoles × coefficient × SMAG × 300 j,calcul,numérateur ÷ dénominateur = remplacement apparent × ratio pensionnés / cotisants
2008,"travailleurs non salariés, ensemble des deux secteurs",taux d'équilibre,0.05487894,taux,Σ secteurs : classes non agricoles × coefficient × SMIG 48 h × 2 400 h + agricoles × coefficient × SMAG × 300 j,calcul,numérateur ÷ dénominateur = remplacement apparent × ratio pensionnés / cotisants
2009,"travailleurs non salariés, ensemble des deux secteurs",taux d'équilibre,0.05357285,taux,Σ secteurs : classes non agricoles × coefficient × SMIG 48 h × 2 400 h + agricoles × coefficient × SMAG × 300 j,calcul,numérateur ÷ dénominateur = remplacement apparent × ratio pensionnés / cotisants
2010,"travailleurs non salariés, ensemble des deux secteurs",taux d'équilibre,0.05357995,taux,Σ secteurs : classes non agricoles × coefficient × SMIG 48 h × 2 400 h + agricoles × coefficient × SMAG × 300 j,calcul,numérateur ÷ dénominateur = remplacement apparent × ratio pensionnés / cotisants
2011,"travailleurs non salariés, ensemble des deux secteurs",taux d'équilibre,0.05887091,taux,Σ secteurs : classes non agricoles × coefficient × SMIG 48 h × 2 400 h + agricoles × coefficient × SMAG × 300 j,calcul,numérateur ÷ dénominateur = remplacement apparent × ratio pensionnés / cotisants
2012,"travailleurs non salariés, ensemble des deux secteurs",taux d'équilibre,0.06213635,taux,Σ secteurs : classes non agricoles × coefficient × SMIG 48 h × 2 400 h + agricoles × coefficient × SMAG × 300 j,calcul,numérateur ÷ dénominateur = remplacement apparent × ratio pensionnés / cotisants
2013,"travailleurs non salariés, ensemble des deux secteurs",taux d'équilibre,0.06459727,taux,Σ secteurs : classes non agricoles × coefficient × SMIG 48 h × 2 400 h + agricoles × coefficient × SMAG × 300 j,calcul,numérateur ÷ dénominateur = remplacement apparent × ratio pensionnés / cotisants
2014,"travailleurs non salariés, ensemble des deux secteurs",taux d'équilibre,0.07224031,taux,Σ secteurs : classes non agricoles × coefficient × SMIG 48 h × 2 400 h + agricoles × coefficient × SMAG × 300 j,calcul,numérateur ÷ dénominateur = remplacement apparent × ratio pensionnés / cotisants
2015,"travailleurs non salariés, ensemble des deux secteurs",taux d'équilibre,0.07786353,taux,Σ secteurs : classes non agricoles × coefficient × SMIG 48 h × 2 400 h + agricoles × coefficient × SMAG × 300 j,calcul,numérateur ÷ dénominateur = remplacement apparent × ratio pensionnés / cotisants
2016,"travailleurs non salariés, ensemble des deux secteurs",taux d'équilibre,0.0825329,taux,Σ secteurs : classes non agricoles × coefficient × SMIG 48 h × 2 400 h + agricoles × coefficient × SMAG × 300 j,calcul,numérateur ÷ dénominateur = remplacement apparent × ratio pensionnés / cotisants
2017,"travailleurs non salariés, ensemble des deux secteurs",taux d'équilibre,0.08628009,taux,Σ secteurs : classes non agricoles × coefficient × SMIG 48 h × 2 400 h + agricoles × coefficient × SMAG × 300 j,calcul,numérateur ÷ dénominateur = remplacement apparent × ratio pensionnés / cotisants
2005,"travailleurs non salariés, ensemble des deux secteurs","taux d'équilibre, SMIG et SMAG moyens de l'année",0.05336071,taux,Σ secteurs : classes non agricoles × coefficient × SMIG 48 h × 2 400 h + agricoles × coefficient × SMAG × 300 j,calcul,variante : SMIG (SMAG) moyen de l'année au prorata des jours de vigueur
2006,"travailleurs non salariés, ensemble des deux secteurs","taux d'équilibre, SMIG et SMAG moyens de l'année",0.0535985,taux,Σ secteurs : classes non agricoles × coefficient × SMIG 48 h × 2 400 h + agricoles × coefficient × SMAG × 300 j,calcul,variante : SMIG (SMAG) moyen de l'année au prorata des jours de vigueur
2007,"travailleurs non salariés, ensemble des deux secteurs","taux d'équilibre, SMIG et SMAG moyens de l'année",0.0527166,taux,Σ secteurs : classes non agricoles × coefficient × SMIG 48 h × 2 400 h + agricoles × coefficient × SMAG × 300 j,calcul,variante : SMIG (SMAG) moyen de l'année au prorata des jours de vigueur
2008,"travailleurs non salariés, ensemble des deux secteurs","taux d'équilibre, SMIG et SMAG moyens de l'année",0.05352595,taux,Σ secteurs : classes non agricoles × coefficient × SMIG 48 h × 2 400 h + agricoles × coefficient × SMAG × 300 j,calcul,variante : SMIG (SMAG) moyen de l'année au prorata des jours de vigueur
2009,"travailleurs non salariés, ensemble des deux secteurs","taux d'équilibre, SMIG et SMAG moyens de l'année",0.05280465,taux,Σ secteurs : classes non agricoles × coefficient × SMIG 48 h × 2 400 h + agricoles × coefficient × SMAG × 300 j,calcul,variante : SMIG (SMAG) moyen de l'année au prorata des jours de vigueur
2010,"travailleurs non salariés, ensemble des deux secteurs","taux d'équilibre, SMIG et SMAG moyens de l'année",0.0523806,taux,Σ secteurs : classes non agricoles × coefficient × SMIG 48 h × 2 400 h + agricoles × coefficient × SMAG × 300 j,calcul,variante : SMIG (SMAG) moyen de l'année au prorata des jours de vigueur
2011,"travailleurs non salariés, ensemble des deux secteurs","taux d'équilibre, SMIG et SMAG moyens de l'année",0.05684235,taux,Σ secteurs : classes non agricoles × coefficient × SMIG 48 h × 2 400 h + agricoles × coefficient × SMAG × 300 j,calcul,variante : SMIG (SMAG) moyen de l'année au prorata des jours de vigueur
2012,"travailleurs non salariés, ensemble des deux secteurs","taux d'équilibre, SMIG et SMAG moyens de l'année",0.05983307,taux,Σ secteurs : classes non agricoles × coefficient × SMIG 48 h × 2 400 h + agricoles × coefficient × SMAG × 300 j,calcul,variante : SMIG (SMAG) moyen de l'année au prorata des jours de vigueur
2013,"travailleurs non salariés, ensemble des deux secteurs","taux d'équilibre, SMIG et SMAG moyens de l'année",0.06459727,taux,Σ secteurs : classes non agricoles × coefficient × SMIG 48 h × 2 400 h + agricoles × coefficient × SMAG × 300 j,calcul,variante : SMIG (SMAG) moyen de l'année au prorata des jours de vigueur
2014,"travailleurs non salariés, ensemble des deux secteurs","taux d'équilibre, SMIG et SMAG moyens de l'année",0.06944539,taux,Σ secteurs : classes non agricoles × coefficient × SMIG 48 h × 2 400 h + agricoles × coefficient × SMAG × 300 j,calcul,variante : SMIG (SMAG) moyen de l'année au prorata des jours de vigueur
2015,"travailleurs non salariés, ensemble des deux secteurs","taux d'équilibre, SMIG et SMAG moyens de l'année",0.07501523,taux,Σ secteurs : classes non agricoles × coefficient × SMIG 48 h × 2 400 h + agricoles × coefficient × SMAG × 300 j,calcul,variante : SMIG (SMAG) moyen de l'année au prorata des jours de vigueur
2016,"travailleurs non salariés, ensemble des deux secteurs","taux d'équilibre, SMIG et SMAG moyens de l'année",0.08062475,taux,Σ secteurs : classes non agricoles × coefficient × SMIG 48 h × 2 400 h + agricoles × coefficient × SMAG × 300 j,calcul,variante : SMIG (SMAG) moyen de l'année au prorata des jours de vigueur
2017,"travailleurs non salariés, ensemble des deux secteurs","taux d'équilibre, SMIG et SMAG moyens de l'année",0.08628009,taux,Σ secteurs : classes non agricoles × coefficient × SMIG 48 h × 2 400 h + agricoles × coefficient × SMAG × 300 j,calcul,variante : SMIG (SMAG) moyen de l'année au prorata des jours de vigueur
2000,"travailleurs non salariés, ensemble des deux secteurs","taux d'équilibre, borne basse",0.05853086,taux,Σ classes × coefficient × SMIG 48 h × 2 400 h (tous les assurés au SMIG),"calcul ; décret n° 95-1166 du 3 juillet 1995, art. 7 et 9, JORT n° 55 du 11 juillet 1995, p. 1486-1489 (https://www.pist.tn/jort/1995/1995F/Jo05595.pdf) ; SMIG au 1er janvier : décret n° 99-1866, JORT n° 74 du 14 septembre 1999, p. 1668 (https://www.pist.tn/jort/1999/1999F/Jo07499.pdf)","classes publiées pour l'ensemble des deux secteurs seulement (annuaire 2010, p. 141) : partage entre SMIG et SMAG inconnu"
2001,"travailleurs non salariés, ensemble des deux secteurs","taux d'équilibre, borne basse",0.05459817,taux,Σ classes × coefficient × SMIG 48 h × 2 400 h (tous les assurés au SMIG),"calcul ; décret n° 95-1166 du 3 juillet 1995, art. 7 et 9, JORT n° 55 du 11 juillet 1995, p. 1486-1489 (https://www.pist.tn/jort/1995/1995F/Jo05595.pdf) ; SMIG au 1er janvier : décret n° 2000-949, JORT n° 38 du 12 mai 2000, p. 1006 (https://www.pist.tn/jort/2000/2000F/Jo0382000.pdf)","classes publiées pour l'ensemble des deux secteurs seulement (annuaire 2010, p. 141) : partage entre SMIG et SMAG inconnu"
2002,"travailleurs non salariés, ensemble des deux secteurs","taux d'équilibre, borne basse",0.05493966,taux,Σ classes × coefficient × SMIG 48 h × 2 400 h (tous les assurés au SMIG),"calcul ; décret n° 95-1166 du 3 juillet 1995, art. 7 et 9, JORT n° 55 du 11 juillet 1995, p. 1486-1489 (https://www.pist.tn/jort/1995/1995F/Jo05595.pdf) ; SMIG au 1er janvier : décret n° 2001-1746, JORT n° 63 du 7 août 2001, p. 2043 (https://www.pist.tn/jort/2001/2001F/Jo0632001.pdf)","classes publiées pour l'ensemble des deux secteurs seulement (annuaire 2010, p. 141) : partage entre SMIG et SMAG inconnu"
2003,"travailleurs non salariés, ensemble des deux secteurs","taux d'équilibre, borne basse",0.05154856,taux,Σ classes × coefficient × SMIG 48 h × 2 400 h (tous les assurés au SMIG),"calcul ; décret n° 95-1166 du 3 juillet 1995, art. 7 et 9, JORT n° 55 du 11 juillet 1995, p. 1486-1489 (https://www.pist.tn/jort/1995/1995F/Jo05595.pdf) ; SMIG au 1er janvier : décret n° 2002-1790, JORT n° 67 du 16 août 2002, p. 1954 (https://www.pist.tn/jort/2002/2002F/Jo0672002.pdf)","classes publiées pour l'ensemble des deux secteurs seulement (annuaire 2010, p. 141) : partage entre SMIG et SMAG inconnu"
2004,"travailleurs non salariés, ensemble des deux secteurs","taux d'équilibre, borne basse",0.05345516,taux,Σ classes × coefficient × SMIG 48 h × 2 400 h (tous les assurés au SMIG),"calcul ; décret n° 95-1166 du 3 juillet 1995, art. 7 et 9, JORT n° 55 du 11 juillet 1995, p. 1486-1489 (https://www.pist.tn/jort/1995/1995F/Jo05595.pdf) ; SMIG au 1er janvier : décret n° 2003-1691, JORT n° 67 du 22 août 2003, p. 2558 (https://www.pist.tn/jort/2003/2003F/Jo0672003.pdf)","classes publiées pour l'ensemble des deux secteurs seulement (annuaire 2010, p. 141) : partage entre SMIG et SMAG inconnu"
2000,"travailleurs non salariés, ensemble des deux secteurs","taux d'équilibre, borne haute",0.07262878,taux,Σ classes × coefficient × SMAG × 300 j (tous les assurés au SMAG),"calcul ; décret n° 95-1166 du 3 juillet 1995, art. 7 et 9, JORT n° 55 du 11 juillet 1995, p. 1486-1489 (https://www.pist.tn/jort/1995/1995F/Jo05595.pdf) ; décret n° 96-1797 du 30 septembre 1996, art. 1er, JORT n° 82 du 11 octobre 1996, p. 2021 (https://www.pist.tn/jort/1996/1996F/Jo08296.pdf) : 300 jours depuis le 1er décembre 1998 ; SMAG au 1er janvier : décret n° 99-1867, JORT n° 74 du 14 septembre 1999, p. 1669 (https://www.pist.tn/jort/1999/1999F/Jo07499.pdf)",voir la borne basse
2001,"travailleurs non salariés, ensemble des deux secteurs","taux d'équilibre, borne haute",0.06759684,taux,Σ classes × coefficient × SMAG × 300 j (tous les assurés au SMAG),"calcul ; décret n° 95-1166 du 3 juillet 1995, art. 7 et 9, JORT n° 55 du 11 juillet 1995, p. 1486-1489 (https://www.pist.tn/jort/1995/1995F/Jo05595.pdf) ; décret n° 96-1797 du 30 septembre 1996, art. 1er, JORT n° 82 du 11 octobre 1996, p. 2021 (https://www.pist.tn/jort/1996/1996F/Jo08296.pdf) : 300 jours depuis le 1er décembre 1998 ; SMAG au 1er janvier : décret n° 2000-950, JORT n° 38 du 12 mai 2000, p. 1007 (https://www.pist.tn/jort/2000/2000F/Jo0382000.pdf)",voir la borne basse
2002,"travailleurs non salariés, ensemble des deux secteurs","taux d'équilibre, borne haute",0.0681872,taux,Σ classes × coefficient × SMAG × 300 j (tous les assurés au SMAG),"calcul ; décret n° 95-1166 du 3 juillet 1995, art. 7 et 9, JORT n° 55 du 11 juillet 1995, p. 1486-1489 (https://www.pist.tn/jort/1995/1995F/Jo05595.pdf) ; décret n° 96-1797 du 30 septembre 1996, art. 1er, JORT n° 82 du 11 octobre 1996, p. 2021 (https://www.pist.tn/jort/1996/1996F/Jo08296.pdf) : 300 jours depuis le 1er décembre 1998 ; SMAG au 1er janvier : décret n° 2001-1747, JORT n° 63 du 7 août 2001, p. 2044 (https://www.pist.tn/jort/2001/2001F/Jo0632001.pdf)",voir la borne basse
2003,"travailleurs non salariés, ensemble des deux secteurs","taux d'équilibre, borne haute",0.0641742,taux,Σ classes × coefficient × SMAG × 300 j (tous les assurés au SMAG),"calcul ; décret n° 95-1166 du 3 juillet 1995, art. 7 et 9, JORT n° 55 du 11 juillet 1995, p. 1486-1489 (https://www.pist.tn/jort/1995/1995F/Jo05595.pdf) ; décret n° 96-1797 du 30 septembre 1996, art. 1er, JORT n° 82 du 11 octobre 1996, p. 2021 (https://www.pist.tn/jort/1996/1996F/Jo08296.pdf) : 300 jours depuis le 1er décembre 1998 ; SMAG au 1er janvier : décret n° 2002-1791, JORT n° 67 du 16 août 2002, p. 1955 (https://www.pist.tn/jort/2002/2002F/Jo0672002.pdf)",voir la borne basse
2004,"travailleurs non salariés, ensemble des deux secteurs","taux d'équilibre, borne haute",0.0666855,taux,Σ classes × coefficient × SMAG × 300 j (tous les assurés au SMAG),"calcul ; décret n° 95-1166 du 3 juillet 1995, art. 7 et 9, JORT n° 55 du 11 juillet 1995, p. 1486-1489 (https://www.pist.tn/jort/1995/1995F/Jo05595.pdf) ; décret n° 96-1797 du 30 septembre 1996, art. 1er, JORT n° 82 du 11 octobre 1996, p. 2021 (https://www.pist.tn/jort/1996/1996F/Jo08296.pdf) : 300 jours depuis le 1er décembre 1998 ; SMAG au 1er janvier : décret n° 2003-1692, JORT n° 67 du 22 août 2003, p. 2559 (https://www.pist.tn/jort/2003/2003F/Jo0672003.pdf)",voir la borne basse
2005,"travailleurs non salariés, ensemble des deux secteurs",taux de remplacement apparent,0.20941895,taux,Σ secteurs : classes non agricoles × coefficient × SMIG 48 h × 2 400 h + agricoles × coefficient × SMAG × 300 j,calcul,pension moyenne ÷ revenu moyen
2006,"travailleurs non salariés, ensemble des deux secteurs",taux de remplacement apparent,0.22159792,taux,Σ secteurs : classes non agricoles × coefficient × SMIG 48 h × 2 400 h + agricoles × coefficient × SMAG × 300 j,calcul,pension moyenne ÷ revenu moyen
2007,"travailleurs non salariés, ensemble des deux secteurs",taux de remplacement apparent,0.22549928,taux,Σ secteurs : classes non agricoles × coefficient × SMIG 48 h × 2 400 h + agricoles × coefficient × SMAG × 300 j,calcul,pension moyenne ÷ revenu moyen
2008,"travailleurs non salariés, ensemble des deux secteurs",taux de remplacement apparent,0.23860802,taux,Σ secteurs : classes non agricoles × coefficient × SMIG 48 h × 2 400 h + agricoles × coefficient × SMAG × 300 j,calcul,pension moyenne ÷ revenu moyen
2009,"travailleurs non salariés, ensemble des deux secteurs",taux de remplacement apparent,0.24203368,taux,Σ secteurs : classes non agricoles × coefficient × SMIG 48 h × 2 400 h + agricoles × coefficient × SMAG × 300 j,calcul,pension moyenne ÷ revenu moyen
2010,"travailleurs non salariés, ensemble des deux secteurs",taux de remplacement apparent,0.25977115,taux,Σ secteurs : classes non agricoles × coefficient × SMIG 48 h × 2 400 h + agricoles × coefficient × SMAG × 300 j,calcul,pension moyenne ÷ revenu moyen
2011,"travailleurs non salariés, ensemble des deux secteurs",taux de remplacement apparent,0.28318872,taux,Σ secteurs : classes non agricoles × coefficient × SMIG 48 h × 2 400 h + agricoles × coefficient × SMAG × 300 j,calcul,pension moyenne ÷ revenu moyen
2012,"travailleurs non salariés, ensemble des deux secteurs",taux de remplacement apparent,0.28388703,taux,Σ secteurs : classes non agricoles × coefficient × SMIG 48 h × 2 400 h + agricoles × coefficient × SMAG × 300 j,calcul,pension moyenne ÷ revenu moyen
2013,"travailleurs non salariés, ensemble des deux secteurs",taux de remplacement apparent,0.29533949,taux,Σ secteurs : classes non agricoles × coefficient × SMIG 48 h × 2 400 h + agricoles × coefficient × SMAG × 300 j,calcul,pension moyenne ÷ revenu moyen
2014,"travailleurs non salariés, ensemble des deux secteurs",taux de remplacement apparent,0.3168585,taux,Σ secteurs : classes non agricoles × coefficient × SMIG 48 h × 2 400 h + agricoles × coefficient × SMAG × 300 j,calcul,pension moyenne ÷ revenu moyen
2015,"travailleurs non salariés, ensemble des deux secteurs",taux de remplacement apparent,0.32398632,taux,Σ secteurs : classes non agricoles × coefficient × SMIG 48 h × 2 400 h + agricoles × coefficient × SMAG × 300 j,calcul,pension moyenne ÷ revenu moyen
2016,"travailleurs non salariés, ensemble des deux secteurs",taux de remplacement apparent,0.32090887,taux,Σ secteurs : classes non agricoles × coefficient × SMIG 48 h × 2 400 h + agricoles × coefficient × SMAG × 300 j,calcul,pension moyenne ÷ revenu moyen
2017,"travailleurs non salariés, ensemble des deux secteurs",taux de remplacement apparent,0.30912552,taux,Σ secteurs : classes non agricoles × coefficient × SMIG 48 h × 2 400 h + agricoles × coefficient × SMAG × 300 j,calcul,pension moyenne ÷ revenu moyen
2000,"travailleurs non salariés, ensemble des deux secteurs",taux légal de la branche pensions,0.07,taux,,"décret n° 95-1166 du 3 juillet 1995, art. 7 et 9, JORT n° 55 du 11 juillet 1995, p. 1486-1489 (https://www.pist.tn/jort/1995/1995F/Jo05595.pdf)","en vigueur depuis le 19 juillet 1995 (sans clause d'effet : cinq jours après le dépôt du JORT le 14 juillet 1995) ; auparavant 5,25 % (décrets n° 82-1359, art. 8, et 82-1360, art. 5) ; constant sur 2000-2017 d'après les textes ; publié par la caisse pour 2013 et 2017 seulement (annuaire 2013 p. 340, 2017 p. 346)"
2001,"travailleurs non salariés, ensemble des deux secteurs",taux légal de la branche pensions,0.07,taux,,"décret n° 95-1166 du 3 juillet 1995, art. 7 et 9, JORT n° 55 du 11 juillet 1995, p. 1486-1489 (https://www.pist.tn/jort/1995/1995F/Jo05595.pdf)","en vigueur depuis le 19 juillet 1995 (sans clause d'effet : cinq jours après le dépôt du JORT le 14 juillet 1995) ; auparavant 5,25 % (décrets n° 82-1359, art. 8, et 82-1360, art. 5) ; constant sur 2000-2017 d'après les textes ; publié par la caisse pour 2013 et 2017 seulement (annuaire 2013 p. 340, 2017 p. 346)"
2002,"travailleurs non salariés, ensemble des deux secteurs",taux légal de la branche pensions,0.07,taux,,"décret n° 95-1166 du 3 juillet 1995, art. 7 et 9, JORT n° 55 du 11 juillet 1995, p. 1486-1489 (https://www.pist.tn/jort/1995/1995F/Jo05595.pdf)","en vigueur depuis le 19 juillet 1995 (sans clause d'effet : cinq jours après le dépôt du JORT le 14 juillet 1995) ; auparavant 5,25 % (décrets n° 82-1359, art. 8, et 82-1360, art. 5) ; constant sur 2000-2017 d'après les textes ; publié par la caisse pour 2013 et 2017 seulement (annuaire 2013 p. 340, 2017 p. 346)"
2003,"travailleurs non salariés, ensemble des deux secteurs",taux légal de la branche pensions,0.07,taux,,"décret n° 95-1166 du 3 juillet 1995, art. 7 et 9, JORT n° 55 du 11 juillet 1995, p. 1486-1489 (https://www.pist.tn/jort/1995/1995F/Jo05595.pdf)","en vigueur depuis le 19 juillet 1995 (sans clause d'effet : cinq jours après le dépôt du JORT le 14 juillet 1995) ; auparavant 5,25 % (décrets n° 82-1359, art. 8, et 82-1360, art. 5) ; constant sur 2000-2017 d'après les textes ; publié par la caisse pour 2013 et 2017 seulement (annuaire 2013 p. 340, 2017 p. 346)"
2004,"travailleurs non salariés, ensemble des deux secteurs",taux légal de la branche pensions,0.07,taux,,"décret n° 95-1166 du 3 juillet 1995, art. 7 et 9, JORT n° 55 du 11 juillet 1995, p. 1486-1489 (https://www.pist.tn/jort/1995/1995F/Jo05595.pdf)","en vigueur depuis le 19 juillet 1995 (sans clause d'effet : cinq jours après le dépôt du JORT le 14 juillet 1995) ; auparavant 5,25 % (décrets n° 82-1359, art. 8, et 82-1360, art. 5) ; constant sur 2000-2017 d'après les textes ; publié par la caisse pour 2013 et 2017 seulement (annuaire 2013 p. 340, 2017 p. 346)"
2005,"travailleurs non salariés, ensemble des deux secteurs",taux légal de la branche pensions,0.07,taux,Σ secteurs : classes non agricoles × coefficient × SMIG 48 h × 2 400 h + agricoles × coefficient × SMAG × 300 j,"décret n° 95-1166 du 3 juillet 1995, art. 7 et 9, JORT n° 55 du 11 juillet 1995, p. 1486-1489 (https://www.pist.tn/jort/1995/1995F/Jo05595.pdf)","en vigueur depuis le 19 juillet 1995 (sans clause d'effet : cinq jours après le dépôt du JORT le 14 juillet 1995) ; auparavant 5,25 % (décrets n° 82-1359, art. 8, et 82-1360, art. 5) ; constant sur 2000-2017 d'après les textes ; publié par la caisse pour 2013 et 2017 seulement (annuaire 2013 p. 340, 2017 p. 346)"
2006,"travailleurs non salariés, ensemble des deux secteurs",taux légal de la branche pensions,0.07,taux,Σ secteurs : classes non agricoles × coefficient × SMIG 48 h × 2 400 h + agricoles × coefficient × SMAG × 300 j,"décret n° 95-1166 du 3 juillet 1995, art. 7 et 9, JORT n° 55 du 11 juillet 1995, p. 1486-1489 (https://www.pist.tn/jort/1995/1995F/Jo05595.pdf)","en vigueur depuis le 19 juillet 1995 (sans clause d'effet : cinq jours après le dépôt du JORT le 14 juillet 1995) ; auparavant 5,25 % (décrets n° 82-1359, art. 8, et 82-1360, art. 5) ; constant sur 2000-2017 d'après les textes ; publié par la caisse pour 2013 et 2017 seulement (annuaire 2013 p. 340, 2017 p. 346)"
2007,"travailleurs non salariés, ensemble des deux secteurs",taux légal de la branche pensions,0.07,taux,Σ secteurs : classes non agricoles × coefficient × SMIG 48 h × 2 400 h + agricoles × coefficient × SMAG × 300 j,"décret n° 95-1166 du 3 juillet 1995, art. 7 et 9, JORT n° 55 du 11 juillet 1995, p. 1486-1489 (https://www.pist.tn/jort/1995/1995F/Jo05595.pdf)","en vigueur depuis le 19 juillet 1995 (sans clause d'effet : cinq jours après le dépôt du JORT le 14 juillet 1995) ; auparavant 5,25 % (décrets n° 82-1359, art. 8, et 82-1360, art. 5) ; constant sur 2000-2017 d'après les textes ; publié par la caisse pour 2013 et 2017 seulement (annuaire 2013 p. 340, 2017 p. 346)"
2008,"travailleurs non salariés, ensemble des deux secteurs",taux légal de la branche pensions,0.07,taux,Σ secteurs : classes non agricoles × coefficient × SMIG 48 h × 2 400 h + agricoles × coefficient × SMAG × 300 j,"décret n° 95-1166 du 3 juillet 1995, art. 7 et 9, JORT n° 55 du 11 juillet 1995, p. 1486-1489 (https://www.pist.tn/jort/1995/1995F/Jo05595.pdf)","en vigueur depuis le 19 juillet 1995 (sans clause d'effet : cinq jours après le dépôt du JORT le 14 juillet 1995) ; auparavant 5,25 % (décrets n° 82-1359, art. 8, et 82-1360, art. 5) ; constant sur 2000-2017 d'après les textes ; publié par la caisse pour 2013 et 2017 seulement (annuaire 2013 p. 340, 2017 p. 346)"
2009,"travailleurs non salariés, ensemble des deux secteurs",taux légal de la branche pensions,0.07,taux,Σ secteurs : classes non agricoles × coefficient × SMIG 48 h × 2 400 h + agricoles × coefficient × SMAG × 300 j,"décret n° 95-1166 du 3 juillet 1995, art. 7 et 9, JORT n° 55 du 11 juillet 1995, p. 1486-1489 (https://www.pist.tn/jort/1995/1995F/Jo05595.pdf)","en vigueur depuis le 19 juillet 1995 (sans clause d'effet : cinq jours après le dépôt du JORT le 14 juillet 1995) ; auparavant 5,25 % (décrets n° 82-1359, art. 8, et 82-1360, art. 5) ; constant sur 2000-2017 d'après les textes ; publié par la caisse pour 2013 et 2017 seulement (annuaire 2013 p. 340, 2017 p. 346)"
2010,"travailleurs non salariés, ensemble des deux secteurs",taux légal de la branche pensions,0.07,taux,Σ secteurs : classes non agricoles × coefficient × SMIG 48 h × 2 400 h + agricoles × coefficient × SMAG × 300 j,"décret n° 95-1166 du 3 juillet 1995, art. 7 et 9, JORT n° 55 du 11 juillet 1995, p. 1486-1489 (https://www.pist.tn/jort/1995/1995F/Jo05595.pdf)","en vigueur depuis le 19 juillet 1995 (sans clause d'effet : cinq jours après le dépôt du JORT le 14 juillet 1995) ; auparavant 5,25 % (décrets n° 82-1359, art. 8, et 82-1360, art. 5) ; constant sur 2000-2017 d'après les textes ; publié par la caisse pour 2013 et 2017 seulement (annuaire 2013 p. 340, 2017 p. 346)"
2011,"travailleurs non salariés, ensemble des deux secteurs",taux légal de la branche pensions,0.07,taux,Σ secteurs : classes non agricoles × coefficient × SMIG 48 h × 2 400 h + agricoles × coefficient × SMAG × 300 j,"décret n° 95-1166 du 3 juillet 1995, art. 7 et 9, JORT n° 55 du 11 juillet 1995, p. 1486-1489 (https://www.pist.tn/jort/1995/1995F/Jo05595.pdf)","en vigueur depuis le 19 juillet 1995 (sans clause d'effet : cinq jours après le dépôt du JORT le 14 juillet 1995) ; auparavant 5,25 % (décrets n° 82-1359, art. 8, et 82-1360, art. 5) ; constant sur 2000-2017 d'après les textes ; publié par la caisse pour 2013 et 2017 seulement (annuaire 2013 p. 340, 2017 p. 346)"
2012,"travailleurs non salariés, ensemble des deux secteurs",taux légal de la branche pensions,0.07,taux,Σ secteurs : classes non agricoles × coefficient × SMIG 48 h × 2 400 h + agricoles × coefficient × SMAG × 300 j,"décret n° 95-1166 du 3 juillet 1995, art. 7 et 9, JORT n° 55 du 11 juillet 1995, p. 1486-1489 (https://www.pist.tn/jort/1995/1995F/Jo05595.pdf)","en vigueur depuis le 19 juillet 1995 (sans clause d'effet : cinq jours après le dépôt du JORT le 14 juillet 1995) ; auparavant 5,25 % (décrets n° 82-1359, art. 8, et 82-1360, art. 5) ; constant sur 2000-2017 d'après les textes ; publié par la caisse pour 2013 et 2017 seulement (annuaire 2013 p. 340, 2017 p. 346)"
2013,"travailleurs non salariés, ensemble des deux secteurs",taux légal de la branche pensions,0.07,taux,Σ secteurs : classes non agricoles × coefficient × SMIG 48 h × 2 400 h + agricoles × coefficient × SMAG × 300 j,"décret n° 95-1166 du 3 juillet 1995, art. 7 et 9, JORT n° 55 du 11 juillet 1995, p. 1486-1489 (https://www.pist.tn/jort/1995/1995F/Jo05595.pdf)","en vigueur depuis le 19 juillet 1995 (sans clause d'effet : cinq jours après le dépôt du JORT le 14 juillet 1995) ; auparavant 5,25 % (décrets n° 82-1359, art. 8, et 82-1360, art. 5) ; constant sur 2000-2017 d'après les textes ; publié par la caisse pour 2013 et 2017 seulement (annuaire 2013 p. 340, 2017 p. 346)"
2014,"travailleurs non salariés, ensemble des deux secteurs",taux légal de la branche pensions,0.07,taux,Σ secteurs : classes non agricoles × coefficient × SMIG 48 h × 2 400 h + agricoles × coefficient × SMAG × 300 j,"décret n° 95-1166 du 3 juillet 1995, art. 7 et 9, JORT n° 55 du 11 juillet 1995, p. 1486-1489 (https://www.pist.tn/jort/1995/1995F/Jo05595.pdf)","en vigueur depuis le 19 juillet 1995 (sans clause d'effet : cinq jours après le dépôt du JORT le 14 juillet 1995) ; auparavant 5,25 % (décrets n° 82-1359, art. 8, et 82-1360, art. 5) ; constant sur 2000-2017 d'après les textes ; publié par la caisse pour 2013 et 2017 seulement (annuaire 2013 p. 340, 2017 p. 346)"
2015,"travailleurs non salariés, ensemble des deux secteurs",taux légal de la branche pensions,0.07,taux,Σ secteurs : classes non agricoles × coefficient × SMIG 48 h × 2 400 h + agricoles × coefficient × SMAG × 300 j,"décret n° 95-1166 du 3 juillet 1995, art. 7 et 9, JORT n° 55 du 11 juillet 1995, p. 1486-1489 (https://www.pist.tn/jort/1995/1995F/Jo05595.pdf)","en vigueur depuis le 19 juillet 1995 (sans clause d'effet : cinq jours après le dépôt du JORT le 14 juillet 1995) ; auparavant 5,25 % (décrets n° 82-1359, art. 8, et 82-1360, art. 5) ; constant sur 2000-2017 d'après les textes ; publié par la caisse pour 2013 et 2017 seulement (annuaire 2013 p. 340, 2017 p. 346)"
2016,"travailleurs non salariés, ensemble des deux secteurs",taux légal de la branche pensions,0.07,taux,Σ secteurs : classes non agricoles × coefficient × SMIG 48 h × 2 400 h + agricoles × coefficient × SMAG × 300 j,"décret n° 95-1166 du 3 juillet 1995, art. 7 et 9, JORT n° 55 du 11 juillet 1995, p. 1486-1489 (https://www.pist.tn/jort/1995/1995F/Jo05595.pdf)","en vigueur depuis le 19 juillet 1995 (sans clause d'effet : cinq jours après le dépôt du JORT le 14 juillet 1995) ; auparavant 5,25 % (décrets n° 82-1359, art. 8, et 82-1360, art. 5) ; constant sur 2000-2017 d'après les textes ; publié par la caisse pour 2013 et 2017 seulement (annuaire 2013 p. 340, 2017 p. 346)"
2017,"travailleurs non salariés, ensemble des deux secteurs",taux légal de la branche pensions,0.07,taux,Σ secteurs : classes non agricoles × coefficient × SMIG 48 h × 2 400 h + agricoles × coefficient × SMAG × 300 j,"décret n° 95-1166 du 3 juillet 1995, art. 7 et 9, JORT n° 55 du 11 juillet 1995, p. 1486-1489 (https://www.pist.tn/jort/1995/1995F/Jo05595.pdf)","en vigueur depuis le 19 juillet 1995 (sans clause d'effet : cinq jours après le dépôt du JORT le 14 juillet 1995) ; auparavant 5,25 % (décrets n° 82-1359, art. 8, et 82-1360, art. 5) ; constant sur 2000-2017 d'après les textes ; publié par la caisse pour 2013 et 2017 seulement (annuaire 2013 p. 340, 2017 p. 346)"
2005,"travailleurs non salariés, ensemble des deux secteurs",écart taux d'équilibre − taux légal,-0.01614049,points de taux,Σ secteurs : classes non agricoles × coefficient × SMIG 48 h × 2 400 h + agricoles × coefficient × SMAG × 300 j,calcul,
2006,"travailleurs non salariés, ensemble des deux secteurs",écart taux d'équilibre − taux légal,-0.01554811,points de taux,Σ secteurs : classes non agricoles × coefficient × SMIG 48 h × 2 400 h + agricoles × coefficient × SMAG × 300 j,calcul,
2007,"travailleurs non salariés, ensemble des deux secteurs",écart taux d'équilibre − taux légal,-0.01631053,points de taux,Σ secteurs : classes non agricoles × coefficient × SMIG 48 h × 2 400 h + agricoles × coefficient × SMAG × 300 j,calcul,
2008,"travailleurs non salariés, ensemble des deux secteurs",écart taux d'équilibre − taux légal,-0.01512106,points de taux,Σ secteurs : classes non agricoles × coefficient × SMIG 48 h × 2 400 h + agricoles × coefficient × SMAG × 300 j,calcul,
2009,"travailleurs non salariés, ensemble des deux secteurs",écart taux d'équilibre − taux légal,-0.01642715,points de taux,Σ secteurs : classes non agricoles × coefficient × SMIG 48 h × 2 400 h + agricoles × coefficient × SMAG × 300 j,calcul,
2010,"travailleurs non salariés, ensemble des deux secteurs",écart taux d'équilibre − taux légal,-0.01642005,points de taux,Σ secteurs : classes non agricoles × coefficient × SMIG 48 h × 2 400 h + agricoles × coefficient × SMAG × 300 j,calcul,
2011,"travailleurs non salariés, ensemble des deux secteurs",écart taux d'équilibre − taux légal,-0.01112909,points de taux,Σ secteurs : classes non agricoles × coefficient × SMIG 48 h × 2 400 h + agricoles × coefficient × SMAG × 300 j,calcul,
2012,"travailleurs non salariés, ensemble des deux secteurs",écart taux d'équilibre − taux légal,-0.00786365,points de taux,Σ secteurs : classes non agricoles × coefficient × SMIG 48 h × 2 400 h + agricoles × coefficient × SMAG × 300 j,calcul,
2013,"travailleurs non salariés, ensemble des deux secteurs",écart taux d'équilibre − taux légal,-0.00540273,points de taux,Σ secteurs : classes non agricoles × coefficient × SMIG 48 h × 2 400 h + agricoles × coefficient × SMAG × 300 j,calcul,
2014,"travailleurs non salariés, ensemble des deux secteurs",écart taux d'équilibre − taux légal,0.00224031,points de taux,Σ secteurs : classes non agricoles × coefficient × SMIG 48 h × 2 400 h + agricoles × coefficient × SMAG × 300 j,calcul,
2015,"travailleurs non salariés, ensemble des deux secteurs",écart taux d'équilibre − taux légal,0.00786353,points de taux,Σ secteurs : classes non agricoles × coefficient × SMIG 48 h × 2 400 h + agricoles × coefficient × SMAG × 300 j,calcul,
2016,"travailleurs non salariés, ensemble des deux secteurs",écart taux d'équilibre − taux légal,0.0125329,points de taux,Σ secteurs : classes non agricoles × coefficient × SMIG 48 h × 2 400 h + agricoles × coefficient × SMAG × 300 j,calcul,
2017,"travailleurs non salariés, ensemble des deux secteurs",écart taux d'équilibre − taux légal,0.01628009,points de taux,Σ secteurs : classes non agricoles × coefficient × SMIG 48 h × 2 400 h + agricoles × coefficient × SMAG × 300 j,calcul,
2005,"travailleurs non salariés, secteur agricole",actifs,64305.0,personnes,Σ classes × coefficient × SMAG × 300 j,"CNSS, annuaire statistique 2017 (arabe) ; 2010 pour les classes de 2000-2004 ; série cnss-regimes-annuaires (annuaire statistique 2017 (arabe), p. 210)",
2006,"travailleurs non salariés, secteur agricole",actifs,68915.0,personnes,Σ classes × coefficient × SMAG × 300 j,"CNSS, annuaire statistique 2017 (arabe) ; 2010 pour les classes de 2000-2004 ; série cnss-regimes-annuaires (annuaire statistique 2017 (arabe), p. 210)",
2007,"travailleurs non salariés, secteur agricole",actifs,75250.0,personnes,Σ classes × coefficient × SMAG × 300 j,"CNSS, annuaire statistique 2017 (arabe) ; 2010 pour les classes de 2000-2004 ; série cnss-regimes-annuaires (annuaire statistique 2017 (arabe), p. 210)",
2008,"travailleurs non salariés, secteur agricole",actifs,82961.0,personnes,Σ classes × coefficient × SMAG × 300 j,"CNSS, annuaire statistique 2017 (arabe) ; 2010 pour les classes de 2000-2004 ; série cnss-regimes-annuaires (annuaire statistique 2017 (arabe), p. 210)",
2009,"travailleurs non salariés, secteur agricole",actifs,90916.0,personnes,Σ classes × coefficient × SMAG × 300 j,"CNSS, annuaire statistique 2017 (arabe) ; 2010 pour les classes de 2000-2004 ; série cnss-regimes-annuaires (annuaire statistique 2017 (arabe), p. 210)",
2010,"travailleurs non salariés, secteur agricole",actifs,102026.0,personnes,Σ classes × coefficient × SMAG × 300 j,"CNSS, annuaire statistique 2017 (arabe) ; 2010 pour les classes de 2000-2004 ; série cnss-regimes-annuaires (annuaire statistique 2017 (arabe), p. 210)",
2011,"travailleurs non salariés, secteur agricole",actifs,102811.0,personnes,Σ classes × coefficient × SMAG × 300 j,"CNSS, annuaire statistique 2017 (arabe) ; 2010 pour les classes de 2000-2004 ; série cnss-regimes-annuaires (annuaire statistique 2017 (arabe), p. 210)",
2012,"travailleurs non salariés, secteur agricole",actifs,108244.0,personnes,Σ classes × coefficient × SMAG × 300 j,"CNSS, annuaire statistique 2017 (arabe) ; 2010 pour les classes de 2000-2004 ; série cnss-regimes-annuaires (annuaire statistique 2017 (arabe), p. 210)",
2013,"travailleurs non salariés, secteur agricole",actifs,117632.0,personnes,Σ classes × coefficient × SMAG × 300 j,"CNSS, annuaire statistique 2017 (arabe) ; 2010 pour les classes de 2000-2004 ; série cnss-regimes-annuaires (annuaire statistique 2017 (arabe), p. 210)",
2014,"travailleurs non salariés, secteur agricole",actifs,121871.0,personnes,Σ classes × coefficient × SMAG × 300 j,"CNSS, annuaire statistique 2017 (arabe) ; 2010 pour les classes de 2000-2004 ; série cnss-regimes-annuaires (annuaire statistique 2017 (arabe), p. 210)",
2015,"travailleurs non salariés, secteur agricole",actifs,122578.0,personnes,Σ classes × coefficient × SMAG × 300 j,"CNSS, annuaire statistique 2017 (arabe) ; 2010 pour les classes de 2000-2004 ; série cnss-regimes-annuaires (annuaire statistique 2017 (arabe), p. 210)",
2016,"travailleurs non salariés, secteur agricole",actifs,126635.0,personnes,Σ classes × coefficient × SMAG × 300 j,"CNSS, annuaire statistique 2017 (arabe) ; 2010 pour les classes de 2000-2004 ; série cnss-regimes-annuaires (annuaire statistique 2017 (arabe), p. 210)",
2017,"travailleurs non salariés, secteur agricole",actifs,129582.0,personnes,Σ classes × coefficient × SMAG × 300 j,"CNSS, annuaire statistique 2017 (arabe) ; 2010 pour les classes de 2000-2004 ; série cnss-regimes-annuaires (annuaire statistique 2017 (arabe), p. 210)",
2005,"travailleurs non salariés, secteur agricole",assiette (dénominateur),154.922551,millions de dinars,Σ classes × coefficient × SMAG × 300 j,"calcul ; classes : CNSS, annuaire statistique 2017 (arabe) ; 2010 pour les classes de 2000-2004 ; série cnss-regimes-annuaires ; décret n° 95-1166 du 3 juillet 1995, art. 7 et 9, JORT n° 55 du 11 juillet 1995, p. 1486-1489 (https://www.pist.tn/jort/1995/1995F/Jo05595.pdf) ; décret n° 96-1797 du 30 septembre 1996, art. 1er, JORT n° 82 du 11 octobre 1996, p. 2021 (https://www.pist.tn/jort/1996/1996F/Jo08296.pdf) : 300 jours depuis le 1er décembre 1998","SMAG au 1er janvier : décret n° 2004-1804, JORT n° 63 du 6 août 2004, p. 2258 (https://www.pist.tn/jort/2004/2004F/Jo0632004.pdf) ; somme des classes 64305 pour 64305 actifs"
2006,"travailleurs non salariés, secteur agricole",assiette (dénominateur),170.504447,millions de dinars,Σ classes × coefficient × SMAG × 300 j,"calcul ; classes : CNSS, annuaire statistique 2017 (arabe) ; 2010 pour les classes de 2000-2004 ; série cnss-regimes-annuaires ; décret n° 95-1166 du 3 juillet 1995, art. 7 et 9, JORT n° 55 du 11 juillet 1995, p. 1486-1489 (https://www.pist.tn/jort/1995/1995F/Jo05595.pdf) ; décret n° 96-1797 du 30 septembre 1996, art. 1er, JORT n° 82 du 11 octobre 1996, p. 2021 (https://www.pist.tn/jort/1996/1996F/Jo08296.pdf) : 300 jours depuis le 1er décembre 1998","SMAG au 1er janvier : décret n° 2005-2321, JORT n° 68 du 26 août 2005, p. 2320 (https://www.pist.tn/jort/2005/2005F/Jo0682005.pdf) ; somme des classes 68915 pour 68915 actifs"
2007,"travailleurs non salariés, secteur agricole",assiette (dénominateur),191.837113,millions de dinars,Σ classes × coefficient × SMAG × 300 j,"calcul ; classes : CNSS, annuaire statistique 2017 (arabe) ; 2010 pour les classes de 2000-2004 ; série cnss-regimes-annuaires ; décret n° 95-1166 du 3 juillet 1995, art. 7 et 9, JORT n° 55 du 11 juillet 1995, p. 1486-1489 (https://www.pist.tn/jort/1995/1995F/Jo05595.pdf) ; décret n° 96-1797 du 30 septembre 1996, art. 1er, JORT n° 82 du 11 octobre 1996, p. 2021 (https://www.pist.tn/jort/1996/1996F/Jo08296.pdf) : 300 jours depuis le 1er décembre 1998","SMAG au 1er janvier : décret n° 2006-2099, JORT n° 62 du 4 août 2006, p. 2113 (https://www.pist.tn/jort/2006/2006F/Jo0622006.pdf) ; somme des classes 75250 pour 75250 actifs"
2008,"travailleurs non salariés, secteur agricole",assiette (dénominateur),217.770524,millions de dinars,Σ classes × coefficient × SMAG × 300 j,"calcul ; classes : CNSS, annuaire statistique 2017 (arabe) ; 2010 pour les classes de 2000-2004 ; série cnss-regimes-annuaires ; décret n° 95-1166 du 3 juillet 1995, art. 7 et 9, JORT n° 55 du 11 juillet 1995, p. 1486-1489 (https://www.pist.tn/jort/1995/1995F/Jo05595.pdf) ; décret n° 96-1797 du 30 septembre 1996, art. 1er, JORT n° 82 du 11 octobre 1996, p. 2021 (https://www.pist.tn/jort/1996/1996F/Jo08296.pdf) : 300 jours depuis le 1er décembre 1998","SMAG au 1er janvier : décret n° 2007-2080, JORT n° 67 du 21 août 2007, p. 2910 (https://www.pist.tn/jort/2007/2007F/Jo0672007.pdf) ; somme des classes 82961 pour 82961 actifs"
2009,"travailleurs non salariés, secteur agricole",assiette (dénominateur),249.407764,millions de dinars,Σ classes × coefficient × SMAG × 300 j,"calcul ; classes : CNSS, annuaire statistique 2017 (arabe) ; 2010 pour les classes de 2000-2004 ; série cnss-regimes-annuaires ; décret n° 95-1166 du 3 juillet 1995, art. 7 et 9, JORT n° 55 du 11 juillet 1995, p. 1486-1489 (https://www.pist.tn/jort/1995/1995F/Jo05595.pdf) ; décret n° 96-1797 du 30 septembre 1996, art. 1er, JORT n° 82 du 11 octobre 1996, p. 2021 (https://www.pist.tn/jort/1996/1996F/Jo08296.pdf) : 300 jours depuis le 1er décembre 1998","SMAG au 1er janvier : décret n° 2008-2073, JORT n° 46 du 6 juin 2008, p. 1737 (https://www.pist.tn/jort/2008/2008F/Jo0462008.pdf) ; somme des classes 90916 pour 90916 actifs"
2010,"travailleurs non salariés, secteur agricole",assiette (dénominateur),286.613895,millions de dinars,Σ classes × coefficient × SMAG × 300 j,"calcul ; classes : CNSS, annuaire statistique 2017 (arabe) ; 2010 pour les classes de 2000-2004 ; série cnss-regimes-annuaires ; décret n° 95-1166 du 3 juillet 1995, art. 7 et 9, JORT n° 55 du 11 juillet 1995, p. 1486-1489 (https://www.pist.tn/jort/1995/1995F/Jo05595.pdf) ; décret n° 96-1797 du 30 septembre 1996, art. 1er, JORT n° 82 du 11 octobre 1996, p. 2021 (https://www.pist.tn/jort/1996/1996F/Jo08296.pdf) : 300 jours depuis le 1er décembre 1998","SMAG au 1er janvier : décret n° 2009-2258, JORT n° 62 du 4 août 2009, p. 2140 (https://www.pist.tn/jort/2009/2009F/Jo0622009.pdf) ; somme des classes 102026 pour 102026 actifs"
2011,"travailleurs non salariés, secteur agricole",assiette (dénominateur),298.92717,millions de dinars,Σ classes × coefficient × SMAG × 300 j,"calcul ; classes : CNSS, annuaire statistique 2017 (arabe) ; 2010 pour les classes de 2000-2004 ; série cnss-regimes-annuaires ; décret n° 95-1166 du 3 juillet 1995, art. 7 et 9, JORT n° 55 du 11 juillet 1995, p. 1486-1489 (https://www.pist.tn/jort/1995/1995F/Jo05595.pdf) ; décret n° 96-1797 du 30 septembre 1996, art. 1er, JORT n° 82 du 11 octobre 1996, p. 2021 (https://www.pist.tn/jort/1996/1996F/Jo08296.pdf) : 300 jours depuis le 1er décembre 1998","SMAG au 1er janvier : décret n° 2010-1747, JORT n° 58 du 20 juillet 2010, p. 1998 (https://www.pist.tn/jort/2010/2010F/Jo0582010.pdf) ; somme des classes 102811 pour 102811 actifs"
2012,"travailleurs non salariés, secteur agricole",assiette (dénominateur),334.1277,millions de dinars,Σ classes × coefficient × SMAG × 300 j,"calcul ; classes : CNSS, annuaire statistique 2017 (arabe) ; 2010 pour les classes de 2000-2004 ; série cnss-regimes-annuaires ; décret n° 95-1166 du 3 juillet 1995, art. 7 et 9, JORT n° 55 du 11 juillet 1995, p. 1486-1489 (https://www.pist.tn/jort/1995/1995F/Jo05595.pdf) ; décret n° 96-1797 du 30 septembre 1996, art. 1er, JORT n° 82 du 11 octobre 1996, p. 2021 (https://www.pist.tn/jort/1996/1996F/Jo08296.pdf) : 300 jours depuis le 1er décembre 1998","SMAG au 1er janvier : décret n° 2011-681, JORT n° 42 du 10 juin 2011, p. 902 (https://www.pist.tn/jort/2011/2011F/Jo0422011.pdf ; effet au 1er mai 2011 selon l'édition arabe, art. 6 — la traduction française imprime « 1er mars ») ; somme des classes 108244 pour 108244 actifs"
2013,"travailleurs non salariés, secteur agricole",assiette (dénominateur),463.773844,millions de dinars,Σ classes × coefficient × SMAG × 300 j,"calcul ; classes : CNSS, annuaire statistique 2017 (arabe) ; 2010 pour les classes de 2000-2004 ; série cnss-regimes-annuaires ; décret n° 95-1166 du 3 juillet 1995, art. 7 et 9, JORT n° 55 du 11 juillet 1995, p. 1486-1489 (https://www.pist.tn/jort/1995/1995F/Jo05595.pdf) ; décret n° 96-1797 du 30 septembre 1996, art. 1er, JORT n° 82 du 11 octobre 1996, p. 2021 (https://www.pist.tn/jort/1996/1996F/Jo08296.pdf) : 300 jours depuis le 1er décembre 1998","SMAG au 1er janvier : décret n° 2012-1982, art. 1er (second palier), même référence ; somme des classes 117632 pour 117632 actifs"
2014,"travailleurs non salariés, secteur agricole",assiette (dénominateur),475.749817,millions de dinars,Σ classes × coefficient × SMAG × 300 j,"calcul ; classes : CNSS, annuaire statistique 2017 (arabe) ; 2010 pour les classes de 2000-2004 ; série cnss-regimes-annuaires ; décret n° 95-1166 du 3 juillet 1995, art. 7 et 9, JORT n° 55 du 11 juillet 1995, p. 1486-1489 (https://www.pist.tn/jort/1995/1995F/Jo05595.pdf) ; décret n° 96-1797 du 30 septembre 1996, art. 1er, JORT n° 82 du 11 octobre 1996, p. 2021 (https://www.pist.tn/jort/1996/1996F/Jo08296.pdf) : 300 jours depuis le 1er décembre 1998","SMAG au 1er janvier : décret n° 2012-1982, art. 1er (second palier), même référence ; somme des classes 121871 pour 121871 actifs"
2015,"travailleurs non salariés, secteur agricole",assiette (dénominateur),502.580873,millions de dinars,Σ classes × coefficient × SMAG × 300 j,"calcul ; classes : CNSS, annuaire statistique 2017 (arabe) ; 2010 pour les classes de 2000-2004 ; série cnss-regimes-annuaires ; décret n° 95-1166 du 3 juillet 1995, art. 7 et 9, JORT n° 55 du 11 juillet 1995, p. 1486-1489 (https://www.pist.tn/jort/1995/1995F/Jo05595.pdf) ; décret n° 96-1797 du 30 septembre 1996, art. 1er, JORT n° 82 du 11 octobre 1996, p. 2021 (https://www.pist.tn/jort/1996/1996F/Jo08296.pdf) : 300 jours depuis le 1er décembre 1998","SMAG au 1er janvier : décret n° 2014-2908, JORT n° 66 du 15 août 2014, p. 2064 (https://www.pist.tn/jort/2014/2014F/Jo0662014.pdf) ; somme des classes 122578 pour 122578 actifs"
2016,"travailleurs non salariés, secteur agricole",assiette (dénominateur),544.869,millions de dinars,Σ classes × coefficient × SMAG × 300 j,"calcul ; classes : CNSS, annuaire statistique 2017 (arabe) ; 2010 pour les classes de 2000-2004 ; série cnss-regimes-annuaires ; décret n° 95-1166 du 3 juillet 1995, art. 7 et 9, JORT n° 55 du 11 juillet 1995, p. 1486-1489 (https://www.pist.tn/jort/1995/1995F/Jo05595.pdf) ; décret n° 96-1797 du 30 septembre 1996, art. 1er, JORT n° 82 du 11 octobre 1996, p. 2021 (https://www.pist.tn/jort/1996/1996F/Jo08296.pdf) : 300 jours depuis le 1er décembre 1998","SMAG au 1er janvier : décret gouvernemental n° 2015-1763, JORT n° 91 du 13 novembre 2015, p. 2710 (https://www.pist.tn/jort/2015/2015F/Jo0912015.pdf) ; somme des classes 126635 pour 126635 actifs"
2017,"travailleurs non salariés, secteur agricole",assiette (dénominateur),593.399321,millions de dinars,Σ classes × coefficient × SMAG × 300 j,"calcul ; classes : CNSS, annuaire statistique 2017 (arabe) ; 2010 pour les classes de 2000-2004 ; série cnss-regimes-annuaires ; décret n° 95-1166 du 3 juillet 1995, art. 7 et 9, JORT n° 55 du 11 juillet 1995, p. 1486-1489 (https://www.pist.tn/jort/1995/1995F/Jo05595.pdf) ; décret n° 96-1797 du 30 septembre 1996, art. 1er, JORT n° 82 du 11 octobre 1996, p. 2021 (https://www.pist.tn/jort/1996/1996F/Jo08296.pdf) : 300 jours depuis le 1er décembre 1998","SMAG au 1er janvier : décret gouvernemental n° 2017-669 du 5 juin 2017 (effet rétroactif), JORT n° 45 du 6 juin 2017, éd. arabe p. 1878 (https://www.pist.tn/jort/2017/2017A/Ja0452017.pdf) ; somme des classes 129582 pour 129582 actifs"
2005,"travailleurs non salariés, secteur agricole",coefficient moyen de classe,1.196991,multiple du SMAG,,calcul,Σ assurés × coefficient ÷ assurés
2006,"travailleurs non salariés, secteur agricole",coefficient moyen de classe,1.193673,multiple du SMAG,,calcul,Σ assurés × coefficient ÷ assurés
2007,"travailleurs non salariés, secteur agricole",coefficient moyen de classe,1.192,multiple du SMAG,,calcul,Σ assurés × coefficient ÷ assurés
2008,"travailleurs non salariés, secteur agricole",coefficient moyen de classe,1.185786,multiple du SMAG,,calcul,Σ assurés × coefficient ÷ assurés
2009,"travailleurs non salariés, secteur agricole",coefficient moyen de classe,1.180056,multiple du SMAG,,calcul,Σ assurés × coefficient ÷ assurés
2010,"travailleurs non salariés, secteur agricole",coefficient moyen de classe,1.167737,multiple du SMAG,,calcul,Σ assurés × coefficient ÷ assurés
2011,"travailleurs non salariés, secteur agricole",coefficient moyen de classe,1.15654,multiple du SMAG,,calcul,Σ assurés × coefficient ÷ assurés
2012,"travailleurs non salariés, secteur agricole",coefficient moyen de classe,1.14326,multiple du SMAG,,calcul,Σ assurés × coefficient ÷ assurés
2013,"travailleurs non salariés, secteur agricole",coefficient moyen de classe,1.132145,multiple du SMAG,,calcul,Σ assurés × coefficient ÷ assurés
2014,"travailleurs non salariés, secteur agricole",coefficient moyen de classe,1.120984,multiple du SMAG,,calcul,Σ assurés × coefficient ÷ assurés
2015,"travailleurs non salariés, secteur agricole",coefficient moyen de classe,1.110774,multiple du SMAG,,calcul,Σ assurés × coefficient ÷ assurés
2016,"travailleurs non salariés, secteur agricole",coefficient moyen de classe,1.103249,multiple du SMAG,,calcul,Σ assurés × coefficient ÷ assurés
2017,"travailleurs non salariés, secteur agricole",coefficient moyen de classe,1.111273,multiple du SMAG,,calcul,Σ assurés × coefficient ÷ assurés
2005,"travailleurs non salariés, secteur agricole",pension moyenne mensuelle,54.05,dinars par mois,Σ classes × coefficient × SMAG × 300 j,calcul,numérateur ÷ pensionnés ÷ 12
2006,"travailleurs non salariés, secteur agricole",pension moyenne mensuelle,57.5,dinars par mois,Σ classes × coefficient × SMAG × 300 j,calcul,numérateur ÷ pensionnés ÷ 12
2007,"travailleurs non salariés, secteur agricole",pension moyenne mensuelle,58.79,dinars par mois,Σ classes × coefficient × SMAG × 300 j,calcul,numérateur ÷ pensionnés ÷ 12
2008,"travailleurs non salariés, secteur agricole",pension moyenne mensuelle,62.99,dinars par mois,Σ classes × coefficient × SMAG × 300 j,calcul,numérateur ÷ pensionnés ÷ 12
2009,"travailleurs non salariés, secteur agricole",pension moyenne mensuelle,64.52,dinars par mois,Σ classes × coefficient × SMAG × 300 j,calcul,numérateur ÷ pensionnés ÷ 12
2010,"travailleurs non salariés, secteur agricole",pension moyenne mensuelle,68.91,dinars par mois,Σ classes × coefficient × SMAG × 300 j,calcul,numérateur ÷ pensionnés ÷ 12
2011,"travailleurs non salariés, secteur agricole",pension moyenne mensuelle,74.98,dinars par mois,Σ classes × coefficient × SMAG × 300 j,calcul,numérateur ÷ pensionnés ÷ 12
2012,"travailleurs non salariés, secteur agricole",pension moyenne mensuelle,81.0,dinars par mois,Σ classes × coefficient × SMAG × 300 j,calcul,numérateur ÷ pensionnés ÷ 12
2013,"travailleurs non salariés, secteur agricole",pension moyenne mensuelle,99.07,dinars par mois,Σ classes × coefficient × SMAG × 300 j,calcul,numérateur ÷ pensionnés ÷ 12
2014,"travailleurs non salariés, secteur agricole",pension moyenne mensuelle,103.05,dinars par mois,Σ classes × coefficient × SMAG × 300 j,calcul,numérateur ÷ pensionnés ÷ 12
2015,"travailleurs non salariés, secteur agricole",pension moyenne mensuelle,110.32,dinars par mois,Σ classes × coefficient × SMAG × 300 j,calcul,numérateur ÷ pensionnés ÷ 12
2016,"travailleurs non salariés, secteur agricole",pension moyenne mensuelle,113.88,dinars par mois,Σ classes × coefficient × SMAG × 300 j,calcul,numérateur ÷ pensionnés ÷ 12
2017,"travailleurs non salariés, secteur agricole",pension moyenne mensuelle,116.74,dinars par mois,Σ classes × coefficient × SMAG × 300 j,calcul,numérateur ÷ pensionnés ÷ 12
2005,"travailleurs non salariés, secteur agricole","pensionnés, toutes natures",51225.0,personnes,Σ classes × coefficient × SMAG × 300 j,"CNSS, annuaire statistique 2017 (arabe) ; 2010 pour les classes de 2000-2004 ; série cnss-regimes-annuaires (annuaire statistique 2017 (arabe), p. 210)",orphelins compris ; fin d'année
2006,"travailleurs non salariés, secteur agricole","pensionnés, toutes natures",52391.0,personnes,Σ classes × coefficient × SMAG × 300 j,"CNSS, annuaire statistique 2017 (arabe) ; 2010 pour les classes de 2000-2004 ; série cnss-regimes-annuaires (annuaire statistique 2017 (arabe), p. 210)",orphelins compris ; fin d'année
2007,"travailleurs non salariés, secteur agricole","pensionnés, toutes natures",54568.0,personnes,Σ classes × coefficient × SMAG × 300 j,"CNSS, annuaire statistique 2017 (arabe) ; 2010 pour les classes de 2000-2004 ; série cnss-regimes-annuaires (annuaire statistique 2017 (arabe), p. 210)",orphelins compris ; fin d'année
2008,"travailleurs non salariés, secteur agricole","pensionnés, toutes natures",56495.0,personnes,Σ classes × coefficient × SMAG × 300 j,"CNSS, annuaire statistique 2017 (arabe) ; 2010 pour les classes de 2000-2004 ; série cnss-regimes-annuaires (annuaire statistique 2017 (arabe), p. 210)",orphelins compris ; fin d'année
2009,"travailleurs non salariés, secteur agricole","pensionnés, toutes natures",57873.0,personnes,Σ classes × coefficient × SMAG × 300 j,"CNSS, annuaire statistique 2017 (arabe) ; 2010 pour les classes de 2000-2004 ; série cnss-regimes-annuaires (annuaire statistique 2017 (arabe), p. 210)",orphelins compris ; fin d'année
2010,"travailleurs non salariés, secteur agricole","pensionnés, toutes natures",58272.0,personnes,Σ classes × coefficient × SMAG × 300 j,"CNSS, annuaire statistique 2017 (arabe) ; 2010 pour les classes de 2000-2004 ; série cnss-regimes-annuaires (annuaire statistique 2017 (arabe), p. 210)",orphelins compris ; fin d'année
2011,"travailleurs non salariés, secteur agricole","pensionnés, toutes natures",59686.0,personnes,Σ classes × coefficient × SMAG × 300 j,"CNSS, annuaire statistique 2017 (arabe) ; 2010 pour les classes de 2000-2004 ; série cnss-regimes-annuaires (annuaire statistique 2017 (arabe), p. 210)",orphelins compris ; fin d'année
2012,"travailleurs non salariés, secteur agricole","pensionnés, toutes natures",61974.0,personnes,Σ classes × coefficient × SMAG × 300 j,"CNSS, annuaire statistique 2017 (arabe) ; 2010 pour les classes de 2000-2004 ; série cnss-regimes-annuaires (annuaire statistique 2017 (arabe), p. 210)",orphelins compris ; fin d'année
2013,"travailleurs non salariés, secteur agricole","pensionnés, toutes natures",63260.0,personnes,Σ classes × coefficient × SMAG × 300 j,"CNSS, annuaire statistique 2017 (arabe) ; 2010 pour les classes de 2000-2004 ; série cnss-regimes-annuaires (annuaire statistique 2017 (arabe), p. 210)",orphelins compris ; fin d'année
2014,"travailleurs non salariés, secteur agricole","pensionnés, toutes natures",65095.0,personnes,Σ classes × coefficient × SMAG × 300 j,"CNSS, annuaire statistique 2017 (arabe) ; 2010 pour les classes de 2000-2004 ; série cnss-regimes-annuaires (annuaire statistique 2017 (arabe), p. 210)",orphelins compris ; fin d'année
2015,"travailleurs non salariés, secteur agricole","pensionnés, toutes natures",66156.0,personnes,Σ classes × coefficient × SMAG × 300 j,"CNSS, annuaire statistique 2017 (arabe) ; 2010 pour les classes de 2000-2004 ; série cnss-regimes-annuaires (annuaire statistique 2017 (arabe), p. 210)",orphelins compris ; fin d'année
2016,"travailleurs non salariés, secteur agricole","pensionnés, toutes natures",70519.0,personnes,Σ classes × coefficient × SMAG × 300 j,"CNSS, annuaire statistique 2017 (arabe) ; 2010 pour les classes de 2000-2004 ; série cnss-regimes-annuaires (annuaire statistique 2017 (arabe), p. 210)",orphelins compris ; fin d'année
2017,"travailleurs non salariés, secteur agricole","pensionnés, toutes natures",74378.0,personnes,Σ classes × coefficient × SMAG × 300 j,"CNSS, annuaire statistique 2017 (arabe) ; 2010 pour les classes de 2000-2004 ; série cnss-regimes-annuaires (annuaire statistique 2017 (arabe), p. 210)",orphelins compris ; fin d'année
2005,"travailleurs non salariés, secteur agricole",pensions servies (numérateur),33.224,millions de dinars,Σ classes × coefficient × SMAG × 300 j,"CNSS, annuaire statistique 2017 (arabe) ; 2010 pour les classes de 2000-2004 ; série cnss-regimes-annuaires (annuaire statistique 2017 (arabe), p. 210)","toutes natures, orphelins compris ; montants en milliers de dinars dans l'annuaire"
2006,"travailleurs non salariés, secteur agricole",pensions servies (numérateur),36.149,millions de dinars,Σ classes × coefficient × SMAG × 300 j,"CNSS, annuaire statistique 2017 (arabe) ; 2010 pour les classes de 2000-2004 ; série cnss-regimes-annuaires (annuaire statistique 2017 (arabe), p. 210)","toutes natures, orphelins compris ; montants en milliers de dinars dans l'annuaire"
2007,"travailleurs non salariés, secteur agricole",pensions servies (numérateur),38.498,millions de dinars,Σ classes × coefficient × SMAG × 300 j,"CNSS, annuaire statistique 2017 (arabe) ; 2010 pour les classes de 2000-2004 ; série cnss-regimes-annuaires (annuaire statistique 2017 (arabe), p. 210)","toutes natures, orphelins compris ; montants en milliers de dinars dans l'annuaire"
2008,"travailleurs non salariés, secteur agricole",pensions servies (numérateur),42.704,millions de dinars,Σ classes × coefficient × SMAG × 300 j,"CNSS, annuaire statistique 2017 (arabe) ; 2010 pour les classes de 2000-2004 ; série cnss-regimes-annuaires (annuaire statistique 2017 (arabe), p. 210)","toutes natures, orphelins compris ; montants en milliers de dinars dans l'annuaire"
2009,"travailleurs non salariés, secteur agricole",pensions servies (numérateur),44.805,millions de dinars,Σ classes × coefficient × SMAG × 300 j,"CNSS, annuaire statistique 2017 (arabe) ; 2010 pour les classes de 2000-2004 ; série cnss-regimes-annuaires (annuaire statistique 2017 (arabe), p. 210)","toutes natures, orphelins compris ; montants en milliers de dinars dans l'annuaire"
2010,"travailleurs non salariés, secteur agricole",pensions servies (numérateur),48.188,millions de dinars,Σ classes × coefficient × SMAG × 300 j,"CNSS, annuaire statistique 2017 (arabe) ; 2010 pour les classes de 2000-2004 ; série cnss-regimes-annuaires (annuaire statistique 2017 (arabe), p. 210)","toutes natures, orphelins compris ; montants en milliers de dinars dans l'annuaire"
2011,"travailleurs non salariés, secteur agricole",pensions servies (numérateur),53.702,millions de dinars,Σ classes × coefficient × SMAG × 300 j,"CNSS, annuaire statistique 2017 (arabe) ; 2010 pour les classes de 2000-2004 ; série cnss-regimes-annuaires (annuaire statistique 2017 (arabe), p. 210)","toutes natures, orphelins compris ; montants en milliers de dinars dans l'annuaire"
2012,"travailleurs non salariés, secteur agricole",pensions servies (numérateur),60.24,millions de dinars,Σ classes × coefficient × SMAG × 300 j,"CNSS, annuaire statistique 2017 (arabe) ; 2010 pour les classes de 2000-2004 ; série cnss-regimes-annuaires (annuaire statistique 2017 (arabe), p. 210)","toutes natures, orphelins compris ; montants en milliers de dinars dans l'annuaire"
2013,"travailleurs non salariés, secteur agricole",pensions servies (numérateur),75.208,millions de dinars,Σ classes × coefficient × SMAG × 300 j,"CNSS, annuaire statistique 2017 (arabe) ; 2010 pour les classes de 2000-2004 ; série cnss-regimes-annuaires (annuaire statistique 2017 (arabe), p. 210)","toutes natures, orphelins compris ; montants en milliers de dinars dans l'annuaire"
2014,"travailleurs non salariés, secteur agricole",pensions servies (numérateur),80.495,millions de dinars,Σ classes × coefficient × SMAG × 300 j,"CNSS, annuaire statistique 2017 (arabe) ; 2010 pour les classes de 2000-2004 ; série cnss-regimes-annuaires (annuaire statistique 2017 (arabe), p. 210)","toutes natures, orphelins compris ; montants en milliers de dinars dans l'annuaire"
2015,"travailleurs non salariés, secteur agricole",pensions servies (numérateur),87.579,millions de dinars,Σ classes × coefficient × SMAG × 300 j,"CNSS, annuaire statistique 2017 (arabe) ; 2010 pour les classes de 2000-2004 ; série cnss-regimes-annuaires (annuaire statistique 2017 (arabe), p. 210)","toutes natures, orphelins compris ; montants en milliers de dinars dans l'annuaire"
2016,"travailleurs non salariés, secteur agricole",pensions servies (numérateur),96.368,millions de dinars,Σ classes × coefficient × SMAG × 300 j,"CNSS, annuaire statistique 2017 (arabe) ; 2010 pour les classes de 2000-2004 ; série cnss-regimes-annuaires (annuaire statistique 2017 (arabe), p. 210)","toutes natures, orphelins compris ; montants en milliers de dinars dans l'annuaire"
2017,"travailleurs non salariés, secteur agricole",pensions servies (numérateur),104.191,millions de dinars,Σ classes × coefficient × SMAG × 300 j,"CNSS, annuaire statistique 2017 (arabe) ; 2010 pour les classes de 2000-2004 ; série cnss-regimes-annuaires (annuaire statistique 2017 (arabe), p. 210)","toutes natures, orphelins compris ; montants en milliers de dinars dans l'annuaire"
2005,"travailleurs non salariés, secteur agricole",ratio pensionnés / cotisants,0.79659436,taux,Σ classes × coefficient × SMAG × 300 j,calcul,pensionnés ÷ actifs
2006,"travailleurs non salariés, secteur agricole",ratio pensionnés / cotisants,0.76022637,taux,Σ classes × coefficient × SMAG × 300 j,calcul,pensionnés ÷ actifs
2007,"travailleurs non salariés, secteur agricole",ratio pensionnés / cotisants,0.72515615,taux,Σ classes × coefficient × SMAG × 300 j,calcul,pensionnés ÷ actifs
2008,"travailleurs non salariés, secteur agricole",ratio pensionnés / cotisants,0.68098263,taux,Σ classes × coefficient × SMAG × 300 j,calcul,pensionnés ÷ actifs
2009,"travailleurs non salariés, secteur agricole",ratio pensionnés / cotisants,0.63655462,taux,Σ classes × coefficient × SMAG × 300 j,calcul,pensionnés ÷ actifs
2010,"travailleurs non salariés, secteur agricole",ratio pensionnés / cotisants,0.57114853,taux,Σ classes × coefficient × SMAG × 300 j,calcul,pensionnés ÷ actifs
2011,"travailleurs non salariés, secteur agricole",ratio pensionnés / cotisants,0.58054099,taux,Σ classes × coefficient × SMAG × 300 j,calcul,pensionnés ÷ actifs
2012,"travailleurs non salariés, secteur agricole",ratio pensionnés / cotisants,0.57253982,taux,Σ classes × coefficient × SMAG × 300 j,calcul,pensionnés ÷ actifs
2013,"travailleurs non salariés, secteur agricole",ratio pensionnés / cotisants,0.53777884,taux,Σ classes × coefficient × SMAG × 300 j,calcul,pensionnés ÷ actifs
2014,"travailleurs non salariés, secteur agricole",ratio pensionnés / cotisants,0.53413035,taux,Σ classes × coefficient × SMAG × 300 j,calcul,pensionnés ÷ actifs
2015,"travailleurs non salariés, secteur agricole",ratio pensionnés / cotisants,0.53970533,taux,Σ classes × coefficient × SMAG × 300 j,calcul,pensionnés ÷ actifs
2016,"travailleurs non salariés, secteur agricole",ratio pensionnés / cotisants,0.55686816,taux,Σ classes × coefficient × SMAG × 300 j,calcul,pensionnés ÷ actifs
2017,"travailleurs non salariés, secteur agricole",ratio pensionnés / cotisants,0.57398404,taux,Σ classes × coefficient × SMAG × 300 j,calcul,pensionnés ÷ actifs
2005,"travailleurs non salariés, secteur agricole",revenu d'assiette moyen mensuel,200.77,dinars par mois,Σ classes × coefficient × SMAG × 300 j,calcul,"dénominateur ÷ actifs ÷ 12 ; revenu forfaitaire, non revenu réel"
2006,"travailleurs non salariés, secteur agricole",revenu d'assiette moyen mensuel,206.18,dinars par mois,Σ classes × coefficient × SMAG × 300 j,calcul,"dénominateur ÷ actifs ÷ 12 ; revenu forfaitaire, non revenu réel"
2007,"travailleurs non salariés, secteur agricole",revenu d'assiette moyen mensuel,212.44,dinars par mois,Σ classes × coefficient × SMAG × 300 j,calcul,"dénominateur ÷ actifs ÷ 12 ; revenu forfaitaire, non revenu réel"
2008,"travailleurs non salariés, secteur agricole",revenu d'assiette moyen mensuel,218.75,dinars par mois,Σ classes × coefficient × SMAG × 300 j,calcul,"dénominateur ÷ actifs ÷ 12 ; revenu forfaitaire, non revenu réel"
2009,"travailleurs non salariés, secteur agricole",revenu d'assiette moyen mensuel,228.61,dinars par mois,Σ classes × coefficient × SMAG × 300 j,calcul,"dénominateur ÷ actifs ÷ 12 ; revenu forfaitaire, non revenu réel"
2010,"travailleurs non salariés, secteur agricole",revenu d'assiette moyen mensuel,234.1,dinars par mois,Σ classes × coefficient × SMAG × 300 j,calcul,"dénominateur ÷ actifs ÷ 12 ; revenu forfaitaire, non revenu réel"
2011,"travailleurs non salariés, secteur agricole",revenu d'assiette moyen mensuel,242.3,dinars par mois,Σ classes × coefficient × SMAG × 300 j,calcul,"dénominateur ÷ actifs ÷ 12 ; revenu forfaitaire, non revenu réel"
2012,"travailleurs non salariés, secteur agricole",revenu d'assiette moyen mensuel,257.23,dinars par mois,Σ classes × coefficient × SMAG × 300 j,calcul,"dénominateur ÷ actifs ÷ 12 ; revenu forfaitaire, non revenu réel"
2013,"travailleurs non salariés, secteur agricole",revenu d'assiette moyen mensuel,328.55,dinars par mois,Σ classes × coefficient × SMAG × 300 j,calcul,"dénominateur ÷ actifs ÷ 12 ; revenu forfaitaire, non revenu réel"
2014,"travailleurs non salariés, secteur agricole",revenu d'assiette moyen mensuel,325.31,dinars par mois,Σ classes × coefficient × SMAG × 300 j,calcul,"dénominateur ÷ actifs ÷ 12 ; revenu forfaitaire, non revenu réel"
2015,"travailleurs non salariés, secteur agricole",revenu d'assiette moyen mensuel,341.67,dinars par mois,Σ classes × coefficient × SMAG × 300 j,calcul,"dénominateur ÷ actifs ÷ 12 ; revenu forfaitaire, non revenu réel"
2016,"travailleurs non salariés, secteur agricole",revenu d'assiette moyen mensuel,358.56,dinars par mois,Σ classes × coefficient × SMAG × 300 j,calcul,"dénominateur ÷ actifs ÷ 12 ; revenu forfaitaire, non revenu réel"
2017,"travailleurs non salariés, secteur agricole",revenu d'assiette moyen mensuel,381.61,dinars par mois,Σ classes × coefficient × SMAG × 300 j,calcul,"dénominateur ÷ actifs ÷ 12 ; revenu forfaitaire, non revenu réel"
2005,"travailleurs non salariés, secteur agricole",taux d'équilibre,0.21445554,taux,Σ classes × coefficient × SMAG × 300 j,calcul,numérateur ÷ dénominateur = remplacement apparent × ratio pensionnés / cotisants
2006,"travailleurs non salariés, secteur agricole",taux d'équilibre,0.21201207,taux,Σ classes × coefficient × SMAG × 300 j,calcul,numérateur ÷ dénominateur = remplacement apparent × ratio pensionnés / cotisants
2007,"travailleurs non salariés, secteur agricole",taux d'équilibre,0.20068067,taux,Σ classes × coefficient × SMAG × 300 j,calcul,numérateur ÷ dénominateur = remplacement apparent × ratio pensionnés / cotisants
2008,"travailleurs non salariés, secteur agricole",taux d'équilibre,0.19609633,taux,Σ classes × coefficient × SMAG × 300 j,calcul,numérateur ÷ dénominateur = remplacement apparent × ratio pensionnés / cotisants
2009,"travailleurs non salariés, secteur agricole",taux d'équilibre,0.17964557,taux,Σ classes × coefficient × SMAG × 300 j,calcul,numérateur ÷ dénominateur = remplacement apparent × ratio pensionnés / cotisants
2010,"travailleurs non salariés, secteur agricole",taux d'équilibre,0.16812862,taux,Σ classes × coefficient × SMAG × 300 j,calcul,numérateur ÷ dénominateur = remplacement apparent × ratio pensionnés / cotisants
2011,"travailleurs non salariés, secteur agricole",taux d'équilibre,0.17964911,taux,Σ classes × coefficient × SMAG × 300 j,calcul,numérateur ÷ dénominateur = remplacement apparent × ratio pensionnés / cotisants
2012,"travailleurs non salariés, secteur agricole",taux d'équilibre,0.18029035,taux,Σ classes × coefficient × SMAG × 300 j,calcul,numérateur ÷ dénominateur = remplacement apparent × ratio pensionnés / cotisants
2013,"travailleurs non salariés, secteur agricole",taux d'équilibre,0.16216525,taux,Σ classes × coefficient × SMAG × 300 j,calcul,numérateur ÷ dénominateur = remplacement apparent × ratio pensionnés / cotisants
2014,"travailleurs non salariés, secteur agricole",taux d'équilibre,0.16919607,taux,Σ classes × coefficient × SMAG × 300 j,calcul,numérateur ÷ dénominateur = remplacement apparent × ratio pensionnés / cotisants
2015,"travailleurs non salariés, secteur agricole",taux d'équilibre,0.17425852,taux,Σ classes × coefficient × SMAG × 300 j,calcul,numérateur ÷ dénominateur = remplacement apparent × ratio pensionnés / cotisants
2016,"travailleurs non salariés, secteur agricole",taux d'équilibre,0.17686453,taux,Σ classes × coefficient × SMAG × 300 j,calcul,numérateur ÷ dénominateur = remplacement apparent × ratio pensionnés / cotisants
2017,"travailleurs non salariés, secteur agricole",taux d'équilibre,0.17558328,taux,Σ classes × coefficient × SMAG × 300 j,calcul,numérateur ÷ dénominateur = remplacement apparent × ratio pensionnés / cotisants
2005,"travailleurs non salariés, secteur agricole","taux d'équilibre, SMIG et SMAG moyens de l'année",0.21233976,taux,Σ classes × coefficient × SMAG × 300 j,calcul,variante : SMIG (SMAG) moyen de l'année au prorata des jours de vigueur
2006,"travailleurs non salariés, secteur agricole","taux d'équilibre, SMIG et SMAG moyens de l'année",0.20866259,taux,Σ classes × coefficient × SMAG × 300 j,calcul,variante : SMIG (SMAG) moyen de l'année au prorata des jours de vigueur
2007,"travailleurs non salariés, secteur agricole","taux d'équilibre, SMIG et SMAG moyens de l'année",0.19719464,taux,Σ classes × coefficient × SMAG × 300 j,calcul,variante : SMIG (SMAG) moyen de l'année au prorata des jours de vigueur
2008,"travailleurs non salariés, secteur agricole","taux d'équilibre, SMIG et SMAG moyens de l'année",0.19127465,taux,Σ classes × coefficient × SMAG × 300 j,calcul,variante : SMIG (SMAG) moyen de l'année au prorata des jours de vigueur
2009,"travailleurs non salariés, secteur agricole","taux d'équilibre, SMIG et SMAG moyens de l'année",0.17705953,taux,Σ classes × coefficient × SMAG × 300 j,calcul,variante : SMIG (SMAG) moyen de l'année au prorata des jours de vigueur
2010,"travailleurs non salariés, secteur agricole","taux d'équilibre, SMIG et SMAG moyens de l'année",0.16439777,taux,Σ classes × coefficient × SMAG × 300 j,calcul,variante : SMIG (SMAG) moyen de l'année au prorata des jours de vigueur
2011,"travailleurs non salariés, secteur agricole","taux d'équilibre, SMIG et SMAG moyens de l'année",0.17114955,taux,Σ classes × coefficient × SMAG × 300 j,calcul,variante : SMIG (SMAG) moyen de l'année au prorata des jours de vigueur
2012,"travailleurs non salariés, secteur agricole","taux d'équilibre, SMIG et SMAG moyens de l'année",0.16401475,taux,Σ classes × coefficient × SMAG × 300 j,calcul,variante : SMIG (SMAG) moyen de l'année au prorata des jours de vigueur
2013,"travailleurs non salariés, secteur agricole","taux d'équilibre, SMIG et SMAG moyens de l'année",0.16216525,taux,Σ classes × coefficient × SMAG × 300 j,calcul,variante : SMIG (SMAG) moyen de l'année au prorata des jours de vigueur
2014,"travailleurs non salariés, secteur agricole","taux d'équilibre, SMIG et SMAG moyens de l'année",0.16265002,taux,Σ classes × coefficient × SMAG × 300 j,calcul,variante : SMIG (SMAG) moyen de l'année au prorata des jours de vigueur
2015,"travailleurs non salariés, secteur agricole","taux d'équilibre, SMIG et SMAG moyens de l'année",0.16788403,taux,Σ classes × coefficient × SMAG × 300 j,calcul,variante : SMIG (SMAG) moyen de l'année au prorata des jours de vigueur
2016,"travailleurs non salariés, secteur agricole","taux d'équilibre, SMIG et SMAG moyens de l'année",0.17277544,taux,Σ classes × coefficient × SMAG × 300 j,calcul,variante : SMIG (SMAG) moyen de l'année au prorata des jours de vigueur
2017,"travailleurs non salariés, secteur agricole","taux d'équilibre, SMIG et SMAG moyens de l'année",0.17558328,taux,Σ classes × coefficient × SMAG × 300 j,calcul,variante : SMIG (SMAG) moyen de l'année au prorata des jours de vigueur
2005,"travailleurs non salariés, secteur agricole",taux de remplacement apparent,0.2692155,taux,Σ classes × coefficient × SMAG × 300 j,calcul,pension moyenne ÷ revenu moyen
2006,"travailleurs non salariés, secteur agricole",taux de remplacement apparent,0.27888018,taux,Σ classes × coefficient × SMAG × 300 j,calcul,pension moyenne ÷ revenu moyen
2007,"travailleurs non salariés, secteur agricole",taux de remplacement apparent,0.27674132,taux,Σ classes × coefficient × SMAG × 300 j,calcul,pension moyenne ÷ revenu moyen
2008,"travailleurs non salariés, secteur agricole",taux de remplacement apparent,0.28796084,taux,Σ classes × coefficient × SMAG × 300 j,calcul,pension moyenne ÷ revenu moyen
2009,"travailleurs non salariés, secteur agricole",taux de remplacement apparent,0.28221548,taux,Σ classes × coefficient × SMAG × 300 j,calcul,pension moyenne ÷ revenu moyen
2010,"travailleurs non salariés, secteur agricole",taux de remplacement apparent,0.29436936,taux,Σ classes × coefficient × SMAG × 300 j,calcul,pension moyenne ÷ revenu moyen
2011,"travailleurs non salariés, secteur agricole",taux de remplacement apparent,0.30945121,taux,Σ classes × coefficient × SMAG × 300 j,calcul,pension moyenne ÷ revenu moyen
2012,"travailleurs non salariés, secteur agricole",taux de remplacement apparent,0.31489574,taux,Σ classes × coefficient × SMAG × 300 j,calcul,pension moyenne ÷ revenu moyen
2013,"travailleurs non salariés, secteur agricole",taux de remplacement apparent,0.30154635,taux,Σ classes × coefficient × SMAG × 300 j,calcul,pension moyenne ÷ revenu moyen
2014,"travailleurs non salariés, secteur agricole",taux de remplacement apparent,0.31676925,taux,Σ classes × coefficient × SMAG × 300 j,calcul,pension moyenne ÷ revenu moyen
2015,"travailleurs non salariés, secteur agricole",taux de remplacement apparent,0.32287716,taux,Σ classes × coefficient × SMAG × 300 j,calcul,pension moyenne ÷ revenu moyen
2016,"travailleurs non salariés, secteur agricole",taux de remplacement apparent,0.31760575,taux,Σ classes × coefficient × SMAG × 300 j,calcul,pension moyenne ÷ revenu moyen
2017,"travailleurs non salariés, secteur agricole",taux de remplacement apparent,0.30590272,taux,Σ classes × coefficient × SMAG × 300 j,calcul,pension moyenne ÷ revenu moyen
2005,"travailleurs non salariés, secteur agricole",taux légal de la branche pensions,0.07,taux,Σ classes × coefficient × SMAG × 300 j,"décret n° 95-1166 du 3 juillet 1995, art. 7 et 9, JORT n° 55 du 11 juillet 1995, p. 1486-1489 (https://www.pist.tn/jort/1995/1995F/Jo05595.pdf)","en vigueur depuis le 19 juillet 1995 (sans clause d'effet : cinq jours après le dépôt du JORT le 14 juillet 1995) ; auparavant 5,25 % (décrets n° 82-1359, art. 8, et 82-1360, art. 5) ; constant sur 2000-2017 d'après les textes ; publié par la caisse pour 2013 et 2017 seulement (annuaire 2013 p. 340, 2017 p. 346)"
2006,"travailleurs non salariés, secteur agricole",taux légal de la branche pensions,0.07,taux,Σ classes × coefficient × SMAG × 300 j,"décret n° 95-1166 du 3 juillet 1995, art. 7 et 9, JORT n° 55 du 11 juillet 1995, p. 1486-1489 (https://www.pist.tn/jort/1995/1995F/Jo05595.pdf)","en vigueur depuis le 19 juillet 1995 (sans clause d'effet : cinq jours après le dépôt du JORT le 14 juillet 1995) ; auparavant 5,25 % (décrets n° 82-1359, art. 8, et 82-1360, art. 5) ; constant sur 2000-2017 d'après les textes ; publié par la caisse pour 2013 et 2017 seulement (annuaire 2013 p. 340, 2017 p. 346)"
2007,"travailleurs non salariés, secteur agricole",taux légal de la branche pensions,0.07,taux,Σ classes × coefficient × SMAG × 300 j,"décret n° 95-1166 du 3 juillet 1995, art. 7 et 9, JORT n° 55 du 11 juillet 1995, p. 1486-1489 (https://www.pist.tn/jort/1995/1995F/Jo05595.pdf)","en vigueur depuis le 19 juillet 1995 (sans clause d'effet : cinq jours après le dépôt du JORT le 14 juillet 1995) ; auparavant 5,25 % (décrets n° 82-1359, art. 8, et 82-1360, art. 5) ; constant sur 2000-2017 d'après les textes ; publié par la caisse pour 2013 et 2017 seulement (annuaire 2013 p. 340, 2017 p. 346)"
2008,"travailleurs non salariés, secteur agricole",taux légal de la branche pensions,0.07,taux,Σ classes × coefficient × SMAG × 300 j,"décret n° 95-1166 du 3 juillet 1995, art. 7 et 9, JORT n° 55 du 11 juillet 1995, p. 1486-1489 (https://www.pist.tn/jort/1995/1995F/Jo05595.pdf)","en vigueur depuis le 19 juillet 1995 (sans clause d'effet : cinq jours après le dépôt du JORT le 14 juillet 1995) ; auparavant 5,25 % (décrets n° 82-1359, art. 8, et 82-1360, art. 5) ; constant sur 2000-2017 d'après les textes ; publié par la caisse pour 2013 et 2017 seulement (annuaire 2013 p. 340, 2017 p. 346)"
2009,"travailleurs non salariés, secteur agricole",taux légal de la branche pensions,0.07,taux,Σ classes × coefficient × SMAG × 300 j,"décret n° 95-1166 du 3 juillet 1995, art. 7 et 9, JORT n° 55 du 11 juillet 1995, p. 1486-1489 (https://www.pist.tn/jort/1995/1995F/Jo05595.pdf)","en vigueur depuis le 19 juillet 1995 (sans clause d'effet : cinq jours après le dépôt du JORT le 14 juillet 1995) ; auparavant 5,25 % (décrets n° 82-1359, art. 8, et 82-1360, art. 5) ; constant sur 2000-2017 d'après les textes ; publié par la caisse pour 2013 et 2017 seulement (annuaire 2013 p. 340, 2017 p. 346)"
2010,"travailleurs non salariés, secteur agricole",taux légal de la branche pensions,0.07,taux,Σ classes × coefficient × SMAG × 300 j,"décret n° 95-1166 du 3 juillet 1995, art. 7 et 9, JORT n° 55 du 11 juillet 1995, p. 1486-1489 (https://www.pist.tn/jort/1995/1995F/Jo05595.pdf)","en vigueur depuis le 19 juillet 1995 (sans clause d'effet : cinq jours après le dépôt du JORT le 14 juillet 1995) ; auparavant 5,25 % (décrets n° 82-1359, art. 8, et 82-1360, art. 5) ; constant sur 2000-2017 d'après les textes ; publié par la caisse pour 2013 et 2017 seulement (annuaire 2013 p. 340, 2017 p. 346)"
2011,"travailleurs non salariés, secteur agricole",taux légal de la branche pensions,0.07,taux,Σ classes × coefficient × SMAG × 300 j,"décret n° 95-1166 du 3 juillet 1995, art. 7 et 9, JORT n° 55 du 11 juillet 1995, p. 1486-1489 (https://www.pist.tn/jort/1995/1995F/Jo05595.pdf)","en vigueur depuis le 19 juillet 1995 (sans clause d'effet : cinq jours après le dépôt du JORT le 14 juillet 1995) ; auparavant 5,25 % (décrets n° 82-1359, art. 8, et 82-1360, art. 5) ; constant sur 2000-2017 d'après les textes ; publié par la caisse pour 2013 et 2017 seulement (annuaire 2013 p. 340, 2017 p. 346)"
2012,"travailleurs non salariés, secteur agricole",taux légal de la branche pensions,0.07,taux,Σ classes × coefficient × SMAG × 300 j,"décret n° 95-1166 du 3 juillet 1995, art. 7 et 9, JORT n° 55 du 11 juillet 1995, p. 1486-1489 (https://www.pist.tn/jort/1995/1995F/Jo05595.pdf)","en vigueur depuis le 19 juillet 1995 (sans clause d'effet : cinq jours après le dépôt du JORT le 14 juillet 1995) ; auparavant 5,25 % (décrets n° 82-1359, art. 8, et 82-1360, art. 5) ; constant sur 2000-2017 d'après les textes ; publié par la caisse pour 2013 et 2017 seulement (annuaire 2013 p. 340, 2017 p. 346)"
2013,"travailleurs non salariés, secteur agricole",taux légal de la branche pensions,0.07,taux,Σ classes × coefficient × SMAG × 300 j,"décret n° 95-1166 du 3 juillet 1995, art. 7 et 9, JORT n° 55 du 11 juillet 1995, p. 1486-1489 (https://www.pist.tn/jort/1995/1995F/Jo05595.pdf)","en vigueur depuis le 19 juillet 1995 (sans clause d'effet : cinq jours après le dépôt du JORT le 14 juillet 1995) ; auparavant 5,25 % (décrets n° 82-1359, art. 8, et 82-1360, art. 5) ; constant sur 2000-2017 d'après les textes ; publié par la caisse pour 2013 et 2017 seulement (annuaire 2013 p. 340, 2017 p. 346)"
2014,"travailleurs non salariés, secteur agricole",taux légal de la branche pensions,0.07,taux,Σ classes × coefficient × SMAG × 300 j,"décret n° 95-1166 du 3 juillet 1995, art. 7 et 9, JORT n° 55 du 11 juillet 1995, p. 1486-1489 (https://www.pist.tn/jort/1995/1995F/Jo05595.pdf)","en vigueur depuis le 19 juillet 1995 (sans clause d'effet : cinq jours après le dépôt du JORT le 14 juillet 1995) ; auparavant 5,25 % (décrets n° 82-1359, art. 8, et 82-1360, art. 5) ; constant sur 2000-2017 d'après les textes ; publié par la caisse pour 2013 et 2017 seulement (annuaire 2013 p. 340, 2017 p. 346)"
2015,"travailleurs non salariés, secteur agricole",taux légal de la branche pensions,0.07,taux,Σ classes × coefficient × SMAG × 300 j,"décret n° 95-1166 du 3 juillet 1995, art. 7 et 9, JORT n° 55 du 11 juillet 1995, p. 1486-1489 (https://www.pist.tn/jort/1995/1995F/Jo05595.pdf)","en vigueur depuis le 19 juillet 1995 (sans clause d'effet : cinq jours après le dépôt du JORT le 14 juillet 1995) ; auparavant 5,25 % (décrets n° 82-1359, art. 8, et 82-1360, art. 5) ; constant sur 2000-2017 d'après les textes ; publié par la caisse pour 2013 et 2017 seulement (annuaire 2013 p. 340, 2017 p. 346)"
2016,"travailleurs non salariés, secteur agricole",taux légal de la branche pensions,0.07,taux,Σ classes × coefficient × SMAG × 300 j,"décret n° 95-1166 du 3 juillet 1995, art. 7 et 9, JORT n° 55 du 11 juillet 1995, p. 1486-1489 (https://www.pist.tn/jort/1995/1995F/Jo05595.pdf)","en vigueur depuis le 19 juillet 1995 (sans clause d'effet : cinq jours après le dépôt du JORT le 14 juillet 1995) ; auparavant 5,25 % (décrets n° 82-1359, art. 8, et 82-1360, art. 5) ; constant sur 2000-2017 d'après les textes ; publié par la caisse pour 2013 et 2017 seulement (annuaire 2013 p. 340, 2017 p. 346)"
2017,"travailleurs non salariés, secteur agricole",taux légal de la branche pensions,0.07,taux,Σ classes × coefficient × SMAG × 300 j,"décret n° 95-1166 du 3 juillet 1995, art. 7 et 9, JORT n° 55 du 11 juillet 1995, p. 1486-1489 (https://www.pist.tn/jort/1995/1995F/Jo05595.pdf)","en vigueur depuis le 19 juillet 1995 (sans clause d'effet : cinq jours après le dépôt du JORT le 14 juillet 1995) ; auparavant 5,25 % (décrets n° 82-1359, art. 8, et 82-1360, art. 5) ; constant sur 2000-2017 d'après les textes ; publié par la caisse pour 2013 et 2017 seulement (annuaire 2013 p. 340, 2017 p. 346)"
2005,"travailleurs non salariés, secteur agricole",écart taux d'équilibre − taux légal,0.14445554,points de taux,Σ classes × coefficient × SMAG × 300 j,calcul,
2006,"travailleurs non salariés, secteur agricole",écart taux d'équilibre − taux légal,0.14201207,points de taux,Σ classes × coefficient × SMAG × 300 j,calcul,
2007,"travailleurs non salariés, secteur agricole",écart taux d'équilibre − taux légal,0.13068067,points de taux,Σ classes × coefficient × SMAG × 300 j,calcul,
2008,"travailleurs non salariés, secteur agricole",écart taux d'équilibre − taux légal,0.12609633,points de taux,Σ classes × coefficient × SMAG × 300 j,calcul,
2009,"travailleurs non salariés, secteur agricole",écart taux d'équilibre − taux légal,0.10964557,points de taux,Σ classes × coefficient × SMAG × 300 j,calcul,
2010,"travailleurs non salariés, secteur agricole",écart taux d'équilibre − taux légal,0.09812862,points de taux,Σ classes × coefficient × SMAG × 300 j,calcul,
2011,"travailleurs non salariés, secteur agricole",écart taux d'équilibre − taux légal,0.10964911,points de taux,Σ classes × coefficient × SMAG × 300 j,calcul,
2012,"travailleurs non salariés, secteur agricole",écart taux d'équilibre − taux légal,0.11029035,points de taux,Σ classes × coefficient × SMAG × 300 j,calcul,
2013,"travailleurs non salariés, secteur agricole",écart taux d'équilibre − taux légal,0.09216525,points de taux,Σ classes × coefficient × SMAG × 300 j,calcul,
2014,"travailleurs non salariés, secteur agricole",écart taux d'équilibre − taux légal,0.09919607,points de taux,Σ classes × coefficient × SMAG × 300 j,calcul,
2015,"travailleurs non salariés, secteur agricole",écart taux d'équilibre − taux légal,0.10425852,points de taux,Σ classes × coefficient × SMAG × 300 j,calcul,
2016,"travailleurs non salariés, secteur agricole",écart taux d'équilibre − taux légal,0.10686453,points de taux,Σ classes × coefficient × SMAG × 300 j,calcul,
2017,"travailleurs non salariés, secteur agricole",écart taux d'équilibre − taux légal,0.10558328,points de taux,Σ classes × coefficient × SMAG × 300 j,calcul,
2005,"travailleurs non salariés, secteur non agricole",actifs,254080.0,personnes,Σ classes × coefficient × SMIG 48 h × 2 400 h,"CNSS, annuaire statistique 2017 (arabe) ; 2010 pour les classes de 2000-2004 ; série cnss-regimes-annuaires (annuaire statistique 2017 (arabe), p. 174)",
2006,"travailleurs non salariés, secteur non agricole",actifs,281047.0,personnes,Σ classes × coefficient × SMIG 48 h × 2 400 h,"CNSS, annuaire statistique 2017 (arabe) ; 2010 pour les classes de 2000-2004 ; série cnss-regimes-annuaires (annuaire statistique 2017 (arabe), p. 174)",
2007,"travailleurs non salariés, secteur non agricole",actifs,311198.0,personnes,Σ classes × coefficient × SMIG 48 h × 2 400 h,"CNSS, annuaire statistique 2017 (arabe) ; 2010 pour les classes de 2000-2004 ; série cnss-regimes-annuaires (annuaire statistique 2017 (arabe), p. 174)",
2008,"travailleurs non salariés, secteur non agricole",actifs,341459.0,personnes,Σ classes × coefficient × SMIG 48 h × 2 400 h,"CNSS, annuaire statistique 2017 (arabe) ; 2010 pour les classes de 2000-2004 ; série cnss-regimes-annuaires (annuaire statistique 2017 (arabe), p. 174)",
2009,"travailleurs non salariés, secteur non agricole",actifs,373726.0,personnes,Σ classes × coefficient × SMIG 48 h × 2 400 h,"CNSS, annuaire statistique 2017 (arabe) ; 2010 pour les classes de 2000-2004 ; série cnss-regimes-annuaires (annuaire statistique 2017 (arabe), p. 174)",
2010,"travailleurs non salariés, secteur non agricole",actifs,411054.0,personnes,Σ classes × coefficient × SMIG 48 h × 2 400 h,"CNSS, annuaire statistique 2017 (arabe) ; 2010 pour les classes de 2000-2004 ; série cnss-regimes-annuaires (annuaire statistique 2017 (arabe), p. 174)",
2011,"travailleurs non salariés, secteur non agricole",actifs,422944.0,personnes,Σ classes × coefficient × SMIG 48 h × 2 400 h,"CNSS, annuaire statistique 2017 (arabe) ; 2010 pour les classes de 2000-2004 ; série cnss-regimes-annuaires (annuaire statistique 2017 (arabe), p. 174)",
2012,"travailleurs non salariés, secteur non agricole",actifs,435888.0,personnes,Σ classes × coefficient × SMIG 48 h × 2 400 h,"CNSS, annuaire statistique 2017 (arabe) ; 2010 pour les classes de 2000-2004 ; série cnss-regimes-annuaires (annuaire statistique 2017 (arabe), p. 174)",
2013,"travailleurs non salariés, secteur non agricole",actifs,454857.0,personnes,Σ classes × coefficient × SMIG 48 h × 2 400 h,"CNSS, annuaire statistique 2017 (arabe) ; 2010 pour les classes de 2000-2004 ; série cnss-regimes-annuaires (annuaire statistique 2017 (arabe), p. 174)",
2014,"travailleurs non salariés, secteur non agricole",actifs,461876.0,personnes,Σ classes × coefficient × SMIG 48 h × 2 400 h,"CNSS, annuaire statistique 2017 (arabe) ; 2010 pour les classes de 2000-2004 ; série cnss-regimes-annuaires (annuaire statistique 2017 (arabe), p. 174)",
2015,"travailleurs non salariés, secteur non agricole",actifs,459460.0,personnes,Σ classes × coefficient × SMIG 48 h × 2 400 h,"CNSS, annuaire statistique 2017 (arabe) ; 2010 pour les classes de 2000-2004 ; série cnss-regimes-annuaires (annuaire statistique 2017 (arabe), p. 174)",
2016,"travailleurs non salariés, secteur non agricole",actifs,471464.0,personnes,Σ classes × coefficient × SMIG 48 h × 2 400 h,"CNSS, annuaire statistique 2017 (arabe) ; 2010 pour les classes de 2000-2004 ; série cnss-regimes-annuaires (annuaire statistique 2017 (arabe), p. 174)",
2017,"travailleurs non salariés, secteur non agricole",actifs,473076.0,personnes,Σ classes × coefficient × SMIG 48 h × 2 400 h,"CNSS, annuaire statistique 2017 (arabe) ; 2010 pour les classes de 2000-2004 ; série cnss-regimes-annuaires (annuaire statistique 2017 (arabe), p. 174)",
2005,"travailleurs non salariés, secteur non agricole",assiette (dénominateur),889.498291,millions de dinars,Σ classes × coefficient × SMIG 48 h × 2 400 h,"calcul ; classes : CNSS, annuaire statistique 2017 (arabe) ; 2010 pour les classes de 2000-2004 ; série cnss-regimes-annuaires ; décret n° 95-1166 du 3 juillet 1995, art. 7 et 9, JORT n° 55 du 11 juillet 1995, p. 1486-1489 (https://www.pist.tn/jort/1995/1995F/Jo05595.pdf)","SMIG au 1er janvier : décret n° 2004-1803, JORT n° 63 du 6 août 2004, p. 2257 (https://www.pist.tn/jort/2004/2004F/Jo0632004.pdf) ; somme des classes 254080 pour 254080 actifs"
2006,"travailleurs non salariés, secteur non agricole",assiette (dénominateur),998.692834,millions de dinars,Σ classes × coefficient × SMIG 48 h × 2 400 h,"calcul ; classes : CNSS, annuaire statistique 2017 (arabe) ; 2010 pour les classes de 2000-2004 ; série cnss-regimes-annuaires ; décret n° 95-1166 du 3 juillet 1995, art. 7 et 9, JORT n° 55 du 11 juillet 1995, p. 1486-1489 (https://www.pist.tn/jort/1995/1995F/Jo05595.pdf)","SMIG au 1er janvier : décret n° 2005-2320, JORT n° 68 du 26 août 2005, p. 2319 (https://www.pist.tn/jort/2005/2005F/Jo0682005.pdf) ; somme des classes 281047 pour 281047 actifs"
2007,"travailleurs non salariés, secteur non agricole",assiette (dénominateur),1129.222656,millions de dinars,Σ classes × coefficient × SMIG 48 h × 2 400 h,"calcul ; classes : CNSS, annuaire statistique 2017 (arabe) ; 2010 pour les classes de 2000-2004 ; série cnss-regimes-annuaires ; décret n° 95-1166 du 3 juillet 1995, art. 7 et 9, JORT n° 55 du 11 juillet 1995, p. 1486-1489 (https://www.pist.tn/jort/1995/1995F/Jo05595.pdf)","SMIG au 1er janvier : décret n° 2006-2098, JORT n° 62 du 4 août 2006, p. 2112 (https://www.pist.tn/jort/2006/2006F/Jo0622006.pdf) ; somme des classes 311198 pour 311198 actifs"
2008,"travailleurs non salariés, secteur non agricole",assiette (dénominateur),1275.27934,millions de dinars,Σ classes × coefficient × SMIG 48 h × 2 400 h,"calcul ; classes : CNSS, annuaire statistique 2017 (arabe) ; 2010 pour les classes de 2000-2004 ; série cnss-regimes-annuaires ; décret n° 95-1166 du 3 juillet 1995, art. 7 et 9, JORT n° 55 du 11 juillet 1995, p. 1486-1489 (https://www.pist.tn/jort/1995/1995F/Jo05595.pdf)","SMIG au 1er janvier : décret n° 2007-2079, JORT n° 67 du 21 août 2007, p. 2909 (https://www.pist.tn/jort/2007/2007F/Jo0672007.pdf) ; somme des classes 341459 pour 341459 actifs"
2009,"travailleurs non salariés, secteur non agricole",assiette (dénominateur),1454.869727,millions de dinars,Σ classes × coefficient × SMIG 48 h × 2 400 h,"calcul ; classes : CNSS, annuaire statistique 2017 (arabe) ; 2010 pour les classes de 2000-2004 ; série cnss-regimes-annuaires ; décret n° 95-1166 du 3 juillet 1995, art. 7 et 9, JORT n° 55 du 11 juillet 1995, p. 1486-1489 (https://www.pist.tn/jort/1995/1995F/Jo05595.pdf)","SMIG au 1er janvier : décret n° 2008-2072, JORT n° 46 du 6 juin 2008, p. 1736 (https://www.pist.tn/jort/2008/2008F/Jo0462008.pdf) ; somme des classes 373726 pour 373726 actifs"
2010,"travailleurs non salariés, secteur non agricole",assiette (dénominateur),1640.132894,millions de dinars,Σ classes × coefficient × SMIG 48 h × 2 400 h,"calcul ; classes : CNSS, annuaire statistique 2017 (arabe) ; 2010 pour les classes de 2000-2004 ; série cnss-regimes-annuaires ; décret n° 95-1166 du 3 juillet 1995, art. 7 et 9, JORT n° 55 du 11 juillet 1995, p. 1486-1489 (https://www.pist.tn/jort/1995/1995F/Jo05595.pdf)","SMIG au 1er janvier : décret n° 2009-2257, JORT n° 62 du 4 août 2009, p. 2139 (https://www.pist.tn/jort/2009/2009F/Jo0622009.pdf) ; somme des classes 411054 pour 411054 actifs"
2011,"travailleurs non salariés, secteur non agricole",assiette (dénominateur),1753.59744,millions de dinars,Σ classes × coefficient × SMIG 48 h × 2 400 h,"calcul ; classes : CNSS, annuaire statistique 2017 (arabe) ; 2010 pour les classes de 2000-2004 ; série cnss-regimes-annuaires ; décret n° 95-1166 du 3 juillet 1995, art. 7 et 9, JORT n° 55 du 11 juillet 1995, p. 1486-1489 (https://www.pist.tn/jort/1995/1995F/Jo05595.pdf)","SMIG au 1er janvier : décret n° 2010-1746, JORT n° 58 du 20 juillet 2010, p. 1997 (https://www.pist.tn/jort/2010/2010F/Jo0582010.pdf) ; somme des classes 422944 pour 422944 actifs"
2012,"travailleurs non salariés, secteur non agricole",assiette (dénominateur),1895.2758,millions de dinars,Σ classes × coefficient × SMIG 48 h × 2 400 h,"calcul ; classes : CNSS, annuaire statistique 2017 (arabe) ; 2010 pour les classes de 2000-2004 ; série cnss-regimes-annuaires ; décret n° 95-1166 du 3 juillet 1995, art. 7 et 9, JORT n° 55 du 11 juillet 1995, p. 1486-1489 (https://www.pist.tn/jort/1995/1995F/Jo05595.pdf)","SMIG au 1er janvier : décret n° 2011-679, JORT n° 42 du 10 juin 2011, p. 901 (https://www.pist.tn/jort/2011/2011F/Jo0422011.pdf) ; somme des classes 435888 pour 435888 actifs"
2013,"travailleurs non salariés, secteur non agricole",assiette (dénominateur),2098.37758,millions de dinars,Σ classes × coefficient × SMIG 48 h × 2 400 h,"calcul ; classes : CNSS, annuaire statistique 2017 (arabe) ; 2010 pour les classes de 2000-2004 ; série cnss-regimes-annuaires ; décret n° 95-1166 du 3 juillet 1995, art. 7 et 9, JORT n° 55 du 11 juillet 1995, p. 1486-1489 (https://www.pist.tn/jort/1995/1995F/Jo05595.pdf)","SMIG au 1er janvier : décret n° 2012-1981, JORT n° 77 du 28 septembre 2012, p. 2271 (https://www.pist.tn/jort/2012/2012F/Jo0772012.pdf) ; somme des classes 454857 pour 454857 actifs"
2014,"travailleurs non salariés, secteur non agricole",assiette (dénominateur),2134.690306,millions de dinars,Σ classes × coefficient × SMIG 48 h × 2 400 h,"calcul ; classes : CNSS, annuaire statistique 2017 (arabe) ; 2010 pour les classes de 2000-2004 ; série cnss-regimes-annuaires ; décret n° 95-1166 du 3 juillet 1995, art. 7 et 9, JORT n° 55 du 11 juillet 1995, p. 1486-1489 (https://www.pist.tn/jort/1995/1995F/Jo05595.pdf)","SMIG au 1er janvier : décret n° 2012-1981, JORT n° 77 du 28 septembre 2012, p. 2271 (https://www.pist.tn/jort/2012/2012F/Jo0772012.pdf) ; somme des classes 461876 pour 461876 actifs"
2015,"travailleurs non salariés, secteur non agricole",assiette (dénominateur),2257.825834,millions de dinars,Σ classes × coefficient × SMIG 48 h × 2 400 h,"calcul ; classes : CNSS, annuaire statistique 2017 (arabe) ; 2010 pour les classes de 2000-2004 ; série cnss-regimes-annuaires ; décret n° 95-1166 du 3 juillet 1995, art. 7 et 9, JORT n° 55 du 11 juillet 1995, p. 1486-1489 (https://www.pist.tn/jort/1995/1995F/Jo05595.pdf)","SMIG au 1er janvier : décret n° 2014-2907, JORT n° 66 du 15 août 2014, p. 2062 (https://www.pist.tn/jort/2014/2014F/Jo0662014.pdf) ; somme des classes 459460 pour 459460 actifs"
2016,"travailleurs non salariés, secteur non agricole",assiette (dénominateur),2457.60645,millions de dinars,Σ classes × coefficient × SMIG 48 h × 2 400 h,"calcul ; classes : CNSS, annuaire statistique 2017 (arabe) ; 2010 pour les classes de 2000-2004 ; série cnss-regimes-annuaires ; décret n° 95-1166 du 3 juillet 1995, art. 7 et 9, JORT n° 55 du 11 juillet 1995, p. 1486-1489 (https://www.pist.tn/jort/1995/1995F/Jo05595.pdf)","SMIG au 1er janvier : décret gouvernemental n° 2015-1762, JORT n° 91 du 13 novembre 2015, p. 2709 (https://www.pist.tn/jort/2015/2015F/Jo0912015.pdf) ; somme des classes 471464 pour 471464 actifs"
2017,"travailleurs non salariés, secteur non agricole",assiette (dénominateur),2678.213,millions de dinars,Σ classes × coefficient × SMIG 48 h × 2 400 h,"calcul ; classes : CNSS, annuaire statistique 2017 (arabe) ; 2010 pour les classes de 2000-2004 ; série cnss-regimes-annuaires ; décret n° 95-1166 du 3 juillet 1995, art. 7 et 9, JORT n° 55 du 11 juillet 1995, p. 1486-1489 (https://www.pist.tn/jort/1995/1995F/Jo05595.pdf)","SMIG au 1er janvier : décret gouvernemental n° 2017-668 du 5 juin 2017 (effet rétroactif), JORT n° 45 du 6 juin 2017, éd. arabe p. 1877 (https://www.pist.tn/jort/2017/2017A/Ja0452017.pdf ; l'adresse de l'édition française sert le fascicule arabe) ; somme des classes 473076 pour 473076 actifs"
2005,"travailleurs non salariés, secteur non agricole",coefficient moyen de classe,1.390554,multiple du SMIG,,calcul,Σ assurés × coefficient ÷ assurés
2006,"travailleurs non salariés, secteur non agricole",coefficient moyen de classe,1.373482,multiple du SMIG,,calcul,Σ assurés × coefficient ÷ assurés
2007,"travailleurs non salariés, secteur non agricole",coefficient moyen de classe,1.359649,multiple du SMIG,,calcul,Σ assurés × coefficient ÷ assurés
2008,"travailleurs non salariés, secteur non agricole",coefficient moyen de classe,1.349666,multiple du SMIG,,calcul,Σ assurés × coefficient ÷ assurés
2009,"travailleurs non salariés, secteur non agricole",coefficient moyen de classe,1.339416,multiple du SMIG,,calcul,Σ assurés × coefficient ÷ assurés
2010,"travailleurs non salariés, secteur non agricole",coefficient moyen de classe,1.326838,multiple du SMIG,,calcul,Σ assurés × coefficient ÷ assurés
2011,"travailleurs non salariés, secteur non agricole",coefficient moyen de classe,1.318756,multiple du SMIG,,calcul,Σ assurés × coefficient ÷ assurés
2012,"travailleurs non salariés, secteur non agricole",coefficient moyen de classe,1.3176,multiple du SMIG,,calcul,Σ assurés × coefficient ÷ assurés
2013,"travailleurs non salariés, secteur non agricole",coefficient moyen de classe,1.324738,multiple du SMIG,,calcul,Σ assurés × coefficient ÷ assurés
2014,"travailleurs non salariés, secteur non agricole",coefficient moyen de classe,1.327183,multiple du SMIG,,calcul,Σ assurés × coefficient ÷ assurés
2015,"travailleurs non salariés, secteur non agricole",coefficient moyen de classe,1.331298,multiple du SMIG,,calcul,Σ assurés × coefficient ÷ assurés
2016,"travailleurs non salariés, secteur non agricole",coefficient moyen de classe,1.336593,multiple du SMIG,,calcul,Σ assurés × coefficient ÷ assurés
2017,"travailleurs non salariés, secteur non agricole",coefficient moyen de classe,1.373829,multiple du SMIG,,calcul,Σ assurés × coefficient ÷ assurés
2005,"travailleurs non salariés, secteur non agricole",pension moyenne mensuelle,62.59,dinars par mois,Σ classes × coefficient × SMIG 48 h × 2 400 h,calcul,numérateur ÷ pensionnés ÷ 12
2006,"travailleurs non salariés, secteur non agricole",pension moyenne mensuelle,68.24,dinars par mois,Σ classes × coefficient × SMIG 48 h × 2 400 h,calcul,numérateur ÷ pensionnés ÷ 12
2007,"travailleurs non salariés, secteur non agricole",pension moyenne mensuelle,72.18,dinars par mois,Σ classes × coefficient × SMIG 48 h × 2 400 h,calcul,numérateur ÷ pensionnés ÷ 12
2008,"travailleurs non salariés, secteur non agricole",pension moyenne mensuelle,79.51,dinars par mois,Σ classes × coefficient × SMIG 48 h × 2 400 h,calcul,numérateur ÷ pensionnés ÷ 12
2009,"travailleurs non salariés, secteur non agricole",pension moyenne mensuelle,86.16,dinars par mois,Σ classes × coefficient × SMIG 48 h × 2 400 h,calcul,numérateur ÷ pensionnés ÷ 12
2010,"travailleurs non salariés, secteur non agricole",pension moyenne mensuelle,96.46,dinars par mois,Σ classes × coefficient × SMIG 48 h × 2 400 h,calcul,numérateur ÷ pensionnés ÷ 12
2011,"travailleurs non salariés, secteur non agricole",pension moyenne mensuelle,112.76,dinars par mois,Σ classes × coefficient × SMIG 48 h × 2 400 h,calcul,numérateur ÷ pensionnés ÷ 12
2012,"travailleurs non salariés, secteur non agricole",pension moyenne mensuelle,114.21,dinars par mois,Σ classes × coefficient × SMIG 48 h × 2 400 h,calcul,numérateur ÷ pensionnés ÷ 12
2013,"travailleurs non salariés, secteur non agricole",pension moyenne mensuelle,121.46,dinars par mois,Σ classes × coefficient × SMIG 48 h × 2 400 h,calcul,numérateur ÷ pensionnés ÷ 12
2014,"travailleurs non salariés, secteur non agricole",pension moyenne mensuelle,132.47,dinars par mois,Σ classes × coefficient × SMIG 48 h × 2 400 h,calcul,numérateur ÷ pensionnés ÷ 12
2015,"travailleurs non salariés, secteur non agricole",pension moyenne mensuelle,143.95,dinars par mois,Σ classes × coefficient × SMIG 48 h × 2 400 h,calcul,numérateur ÷ pensionnés ÷ 12
2016,"travailleurs non salariés, secteur non agricole",pension moyenne mensuelle,151.49,dinars par mois,Σ classes × coefficient × SMIG 48 h × 2 400 h,calcul,numérateur ÷ pensionnés ÷ 12
2017,"travailleurs non salariés, secteur non agricole",pension moyenne mensuelle,158.16,dinars par mois,Σ classes × coefficient × SMIG 48 h × 2 400 h,calcul,numérateur ÷ pensionnés ÷ 12
2005,"travailleurs non salariés, secteur non agricole","pensionnés, toutes natures",30659.0,personnes,Σ classes × coefficient × SMIG 48 h × 2 400 h,"CNSS, annuaire statistique 2017 (arabe) ; 2010 pour les classes de 2000-2004 ; série cnss-regimes-annuaires (annuaire statistique 2017 (arabe), p. 174)",orphelins compris ; fin d'année
2006,"travailleurs non salariés, secteur non agricole","pensionnés, toutes natures",33603.0,personnes,Σ classes × coefficient × SMIG 48 h × 2 400 h,"CNSS, annuaire statistique 2017 (arabe) ; 2010 pour les classes de 2000-2004 ; série cnss-regimes-annuaires (annuaire statistique 2017 (arabe), p. 174)",orphelins compris ; fin d'année
2007,"travailleurs non salariés, secteur non agricole","pensionnés, toutes natures",37442.0,personnes,Σ classes × coefficient × SMIG 48 h × 2 400 h,"CNSS, annuaire statistique 2017 (arabe) ; 2010 pour les classes de 2000-2004 ; série cnss-regimes-annuaires (annuaire statistique 2017 (arabe), p. 174)",orphelins compris ; fin d'année
2008,"travailleurs non salariés, secteur non agricole","pensionnés, toutes natures",41120.0,personnes,Σ classes × coefficient × SMIG 48 h × 2 400 h,"CNSS, annuaire statistique 2017 (arabe) ; 2010 pour les classes de 2000-2004 ; série cnss-regimes-annuaires (annuaire statistique 2017 (arabe), p. 174)",orphelins compris ; fin d'année
2009,"travailleurs non salariés, secteur non agricole","pensionnés, toutes natures",44973.0,personnes,Σ classes × coefficient × SMIG 48 h × 2 400 h,"CNSS, annuaire statistique 2017 (arabe) ; 2010 pour les classes de 2000-2004 ; série cnss-regimes-annuaires (annuaire statistique 2017 (arabe), p. 174)",orphelins compris ; fin d'année
2010,"travailleurs non salariés, secteur non agricole","pensionnés, toutes natures",47555.0,personnes,Σ classes × coefficient × SMIG 48 h × 2 400 h,"CNSS, annuaire statistique 2017 (arabe) ; 2010 pour les classes de 2000-2004 ; série cnss-regimes-annuaires (annuaire statistique 2017 (arabe), p. 174)",orphelins compris ; fin d'année
2011,"travailleurs non salariés, secteur non agricole","pensionnés, toutes natures",49611.0,personnes,Σ classes × coefficient × SMIG 48 h × 2 400 h,"CNSS, annuaire statistique 2017 (arabe) ; 2010 pour les classes de 2000-2004 ; série cnss-regimes-annuaires (annuaire statistique 2017 (arabe), p. 174)",orphelins compris ; fin d'année
2012,"travailleurs non salariés, secteur non agricole","pensionnés, toutes natures",57124.0,personnes,Σ classes × coefficient × SMIG 48 h × 2 400 h,"CNSS, annuaire statistique 2017 (arabe) ; 2010 pour les classes de 2000-2004 ; série cnss-regimes-annuaires (annuaire statistique 2017 (arabe), p. 174)",orphelins compris ; fin d'année
2013,"travailleurs non salariés, secteur non agricole","pensionnés, toutes natures",61956.0,personnes,Σ classes × coefficient × SMIG 48 h × 2 400 h,"CNSS, annuaire statistique 2017 (arabe) ; 2010 pour les classes de 2000-2004 ; série cnss-regimes-annuaires (annuaire statistique 2017 (arabe), p. 174)",orphelins compris ; fin d'année
2014,"travailleurs non salariés, secteur non agricole","pensionnés, toutes natures",67993.0,personnes,Σ classes × coefficient × SMIG 48 h × 2 400 h,"CNSS, annuaire statistique 2017 (arabe) ; 2010 pour les classes de 2000-2004 ; série cnss-regimes-annuaires (annuaire statistique 2017 (arabe), p. 174)",orphelins compris ; fin d'année
2015,"travailleurs non salariés, secteur non agricole","pensionnés, toutes natures",73725.0,personnes,Σ classes × coefficient × SMIG 48 h × 2 400 h,"CNSS, annuaire statistique 2017 (arabe) ; 2010 pour les classes de 2000-2004 ; série cnss-regimes-annuaires (annuaire statistique 2017 (arabe), p. 174)",orphelins compris ; fin d'année
2016,"travailleurs non salariés, secteur non agricole","pensionnés, toutes natures",83303.0,personnes,Σ classes × coefficient × SMIG 48 h × 2 400 h,"CNSS, annuaire statistique 2017 (arabe) ; 2010 pour les classes de 2000-2004 ; série cnss-regimes-annuaires (annuaire statistique 2017 (arabe), p. 174)",orphelins compris ; fin d'année
2017,"travailleurs non salariés, secteur non agricole","pensionnés, toutes natures",93830.0,personnes,Σ classes × coefficient × SMIG 48 h × 2 400 h,"CNSS, annuaire statistique 2017 (arabe) ; 2010 pour les classes de 2000-2004 ; série cnss-regimes-annuaires (annuaire statistique 2017 (arabe), p. 174)",orphelins compris ; fin d'année
2005,"travailleurs non salariés, secteur non agricole",pensions servies (numérateur),23.028,millions de dinars,Σ classes × coefficient × SMIG 48 h × 2 400 h,"CNSS, annuaire statistique 2017 (arabe) ; 2010 pour les classes de 2000-2004 ; série cnss-regimes-annuaires (annuaire statistique 2017 (arabe), p. 174)","toutes natures, orphelins compris ; montants en milliers de dinars dans l'annuaire"
2006,"travailleurs non salariés, secteur non agricole",pensions servies (numérateur),27.516,millions de dinars,Σ classes × coefficient × SMIG 48 h × 2 400 h,"CNSS, annuaire statistique 2017 (arabe) ; 2010 pour les classes de 2000-2004 ; série cnss-regimes-annuaires (annuaire statistique 2017 (arabe), p. 174)","toutes natures, orphelins compris ; montants en milliers de dinars dans l'annuaire"
2007,"travailleurs non salariés, secteur non agricole",pensions servies (numérateur),32.429,millions de dinars,Σ classes × coefficient × SMIG 48 h × 2 400 h,"CNSS, annuaire statistique 2017 (arabe) ; 2010 pour les classes de 2000-2004 ; série cnss-regimes-annuaires (annuaire statistique 2017 (arabe), p. 174)","toutes natures, orphelins compris ; montants en milliers de dinars dans l'annuaire"
2008,"travailleurs non salariés, secteur non agricole",pensions servies (numérateur),39.233,millions de dinars,Σ classes × coefficient × SMIG 48 h × 2 400 h,"CNSS, annuaire statistique 2017 (arabe) ; 2010 pour les classes de 2000-2004 ; série cnss-regimes-annuaires (annuaire statistique 2017 (arabe), p. 174)","toutes natures, orphelins compris ; montants en milliers de dinars dans l'annuaire"
2009,"travailleurs non salariés, secteur non agricole",pensions servies (numérateur),46.498,millions de dinars,Σ classes × coefficient × SMIG 48 h × 2 400 h,"CNSS, annuaire statistique 2017 (arabe) ; 2010 pour les classes de 2000-2004 ; série cnss-regimes-annuaires (annuaire statistique 2017 (arabe), p. 174)","toutes natures, orphelins compris ; montants en milliers de dinars dans l'annuaire"
2010,"travailleurs non salariés, secteur non agricole",pensions servies (numérateur),55.047,millions de dinars,Σ classes × coefficient × SMIG 48 h × 2 400 h,"CNSS, annuaire statistique 2017 (arabe) ; 2010 pour les classes de 2000-2004 ; série cnss-regimes-annuaires (annuaire statistique 2017 (arabe), p. 174)","toutes natures, orphelins compris ; montants en milliers de dinars dans l'annuaire"
2011,"travailleurs non salariés, secteur non agricole",pensions servies (numérateur),67.132,millions de dinars,Σ classes × coefficient × SMIG 48 h × 2 400 h,"CNSS, annuaire statistique 2017 (arabe) ; 2010 pour les classes de 2000-2004 ; série cnss-regimes-annuaires (annuaire statistique 2017 (arabe), p. 174)","toutes natures, orphelins compris ; montants en milliers de dinars dans l'annuaire"
2012,"travailleurs non salariés, secteur non agricole",pensions servies (numérateur),78.287,millions de dinars,Σ classes × coefficient × SMIG 48 h × 2 400 h,"CNSS, annuaire statistique 2017 (arabe) ; 2010 pour les classes de 2000-2004 ; série cnss-regimes-annuaires (annuaire statistique 2017 (arabe), p. 174)","toutes natures, orphelins compris ; montants en milliers de dinars dans l'annuaire"
2013,"travailleurs non salariés, secteur non agricole",pensions servies (numérateur),90.3,millions de dinars,Σ classes × coefficient × SMIG 48 h × 2 400 h,"CNSS, annuaire statistique 2017 (arabe) ; 2010 pour les classes de 2000-2004 ; série cnss-regimes-annuaires (annuaire statistique 2017 (arabe), p. 174)","toutes natures, orphelins compris ; montants en milliers de dinars dans l'annuaire"
2014,"travailleurs non salariés, secteur non agricole",pensions servies (numérateur),108.084,millions de dinars,Σ classes × coefficient × SMIG 48 h × 2 400 h,"CNSS, annuaire statistique 2017 (arabe) ; 2010 pour les classes de 2000-2004 ; série cnss-regimes-annuaires (annuaire statistique 2017 (arabe), p. 174)","toutes natures, orphelins compris ; montants en milliers de dinars dans l'annuaire"
2015,"travailleurs non salariés, secteur non agricole",pensions servies (numérateur),127.356,millions de dinars,Σ classes × coefficient × SMIG 48 h × 2 400 h,"CNSS, annuaire statistique 2017 (arabe) ; 2010 pour les classes de 2000-2004 ; série cnss-regimes-annuaires (annuaire statistique 2017 (arabe), p. 174)","toutes natures, orphelins compris ; montants en milliers de dinars dans l'annuaire"
2016,"travailleurs non salariés, secteur non agricole",pensions servies (numérateur),151.435,millions de dinars,Σ classes × coefficient × SMIG 48 h × 2 400 h,"CNSS, annuaire statistique 2017 (arabe) ; 2010 pour les classes de 2000-2004 ; série cnss-regimes-annuaires (annuaire statistique 2017 (arabe), p. 174)","toutes natures, orphelins compris ; montants en milliers de dinars dans l'annuaire"
2017,"travailleurs non salariés, secteur non agricole",pensions servies (numérateur),178.084,millions de dinars,Σ classes × coefficient × SMIG 48 h × 2 400 h,"CNSS, annuaire statistique 2017 (arabe) ; 2010 pour les classes de 2000-2004 ; série cnss-regimes-annuaires (annuaire statistique 2017 (arabe), p. 174)","toutes natures, orphelins compris ; montants en milliers de dinars dans l'annuaire"
2005,"travailleurs non salariés, secteur non agricole",ratio pensionnés / cotisants,0.12066672,taux,Σ classes × coefficient × SMIG 48 h × 2 400 h,calcul,pensionnés ÷ actifs
2006,"travailleurs non salariés, secteur non agricole",ratio pensionnés / cotisants,0.11956363,taux,Σ classes × coefficient × SMIG 48 h × 2 400 h,calcul,pensionnés ÷ actifs
2007,"travailleurs non salariés, secteur non agricole",ratio pensionnés / cotisants,0.12031568,taux,Σ classes × coefficient × SMIG 48 h × 2 400 h,calcul,pensionnés ÷ actifs
2008,"travailleurs non salariés, secteur non agricole",ratio pensionnés / cotisants,0.12042441,taux,Σ classes × coefficient × SMIG 48 h × 2 400 h,calcul,pensionnés ÷ actifs
2009,"travailleurs non salariés, secteur non agricole",ratio pensionnés / cotisants,0.12033682,taux,Σ classes × coefficient × SMIG 48 h × 2 400 h,calcul,pensionnés ÷ actifs
2010,"travailleurs non salariés, secteur non agricole",ratio pensionnés / cotisants,0.1156904,taux,Σ classes × coefficient × SMIG 48 h × 2 400 h,calcul,pensionnés ÷ actifs
2011,"travailleurs non salariés, secteur non agricole",ratio pensionnés / cotisants,0.11729922,taux,Σ classes × coefficient × SMIG 48 h × 2 400 h,calcul,pensionnés ÷ actifs
2012,"travailleurs non salariés, secteur non agricole",ratio pensionnés / cotisants,0.13105201,taux,Σ classes × coefficient × SMIG 48 h × 2 400 h,calcul,pensionnés ÷ actifs
2013,"travailleurs non salariés, secteur non agricole",ratio pensionnés / cotisants,0.13620984,taux,Σ classes × coefficient × SMIG 48 h × 2 400 h,calcul,pensionnés ÷ actifs
2014,"travailleurs non salariés, secteur non agricole",ratio pensionnés / cotisants,0.14721051,taux,Σ classes × coefficient × SMIG 48 h × 2 400 h,calcul,pensionnés ÷ actifs
2015,"travailleurs non salariés, secteur non agricole",ratio pensionnés / cotisants,0.16046011,taux,Σ classes × coefficient × SMIG 48 h × 2 400 h,calcul,pensionnés ÷ actifs
2016,"travailleurs non salariés, secteur non agricole",ratio pensionnés / cotisants,0.17669005,taux,Σ classes × coefficient × SMIG 48 h × 2 400 h,calcul,pensionnés ÷ actifs
2017,"travailleurs non salariés, secteur non agricole",ratio pensionnés / cotisants,0.19834022,taux,Σ classes × coefficient × SMIG 48 h × 2 400 h,calcul,pensionnés ÷ actifs
2005,"travailleurs non salariés, secteur non agricole",revenu d'assiette moyen mensuel,291.74,dinars par mois,Σ classes × coefficient × SMIG 48 h × 2 400 h,calcul,"dénominateur ÷ actifs ÷ 12 ; revenu forfaitaire, non revenu réel"
2006,"travailleurs non salariés, secteur non agricole",revenu d'assiette moyen mensuel,296.12,dinars par mois,Σ classes × coefficient × SMIG 48 h × 2 400 h,calcul,"dénominateur ÷ actifs ÷ 12 ; revenu forfaitaire, non revenu réel"
2007,"travailleurs non salariés, secteur non agricole",revenu d'assiette moyen mensuel,302.39,dinars par mois,Σ classes × coefficient × SMIG 48 h × 2 400 h,calcul,"dénominateur ÷ actifs ÷ 12 ; revenu forfaitaire, non revenu réel"
2008,"travailleurs non salariés, secteur non agricole",revenu d'assiette moyen mensuel,311.23,dinars par mois,Σ classes × coefficient × SMIG 48 h × 2 400 h,calcul,"dénominateur ÷ actifs ÷ 12 ; revenu forfaitaire, non revenu réel"
2009,"travailleurs non salariés, secteur non agricole",revenu d'assiette moyen mensuel,324.41,dinars par mois,Σ classes × coefficient × SMIG 48 h × 2 400 h,calcul,"dénominateur ÷ actifs ÷ 12 ; revenu forfaitaire, non revenu réel"
2010,"travailleurs non salariés, secteur non agricole",revenu d'assiette moyen mensuel,332.51,dinars par mois,Σ classes × coefficient × SMIG 48 h × 2 400 h,calcul,"dénominateur ÷ actifs ÷ 12 ; revenu forfaitaire, non revenu réel"
2011,"travailleurs non salariés, secteur non agricole",revenu d'assiette moyen mensuel,345.51,dinars par mois,Σ classes × coefficient × SMIG 48 h × 2 400 h,calcul,"dénominateur ÷ actifs ÷ 12 ; revenu forfaitaire, non revenu réel"
2012,"travailleurs non salariés, secteur non agricole",revenu d'assiette moyen mensuel,362.34,dinars par mois,Σ classes × coefficient × SMIG 48 h × 2 400 h,calcul,"dénominateur ÷ actifs ÷ 12 ; revenu forfaitaire, non revenu réel"
2013,"travailleurs non salariés, secteur non agricole",revenu d'assiette moyen mensuel,384.44,dinars par mois,Σ classes × coefficient × SMIG 48 h × 2 400 h,calcul,"dénominateur ÷ actifs ÷ 12 ; revenu forfaitaire, non revenu réel"
2014,"travailleurs non salariés, secteur non agricole",revenu d'assiette moyen mensuel,385.15,dinars par mois,Σ classes × coefficient × SMIG 48 h × 2 400 h,calcul,"dénominateur ÷ actifs ÷ 12 ; revenu forfaitaire, non revenu réel"
2015,"travailleurs non salariés, secteur non agricole",revenu d'assiette moyen mensuel,409.51,dinars par mois,Σ classes × coefficient × SMIG 48 h × 2 400 h,calcul,"dénominateur ÷ actifs ÷ 12 ; revenu forfaitaire, non revenu réel"
2016,"travailleurs non salariés, secteur non agricole",revenu d'assiette moyen mensuel,434.39,dinars par mois,Σ classes × coefficient × SMIG 48 h × 2 400 h,calcul,"dénominateur ÷ actifs ÷ 12 ; revenu forfaitaire, non revenu réel"
2017,"travailleurs non salariés, secteur non agricole",revenu d'assiette moyen mensuel,471.77,dinars par mois,Σ classes × coefficient × SMIG 48 h × 2 400 h,calcul,"dénominateur ÷ actifs ÷ 12 ; revenu forfaitaire, non revenu réel"
2005,"travailleurs non salariés, secteur non agricole",taux d'équilibre,0.02588875,taux,Σ classes × coefficient × SMIG 48 h × 2 400 h,calcul,numérateur ÷ dénominateur = remplacement apparent × ratio pensionnés / cotisants
2006,"travailleurs non salariés, secteur non agricole",taux d'équilibre,0.02755202,taux,Σ classes × coefficient × SMIG 48 h × 2 400 h,calcul,numérateur ÷ dénominateur = remplacement apparent × ratio pensionnés / cotisants
2007,"travailleurs non salariés, secteur non agricole",taux d'équilibre,0.02871799,taux,Σ classes × coefficient × SMIG 48 h × 2 400 h,calcul,numérateur ÷ dénominateur = remplacement apparent × ratio pensionnés / cotisants
2008,"travailleurs non salariés, secteur non agricole",taux d'équilibre,0.03076424,taux,Σ classes × coefficient × SMIG 48 h × 2 400 h,calcul,numérateur ÷ dénominateur = remplacement apparent × ratio pensionnés / cotisants
2009,"travailleurs non salariés, secteur non agricole",taux d'équilibre,0.03196025,taux,Σ classes × coefficient × SMIG 48 h × 2 400 h,calcul,numérateur ÷ dénominateur = remplacement apparent × ratio pensionnés / cotisants
2010,"travailleurs non salariés, secteur non agricole",taux d'équilibre,0.03356252,taux,Σ classes × coefficient × SMIG 48 h × 2 400 h,calcul,numérateur ÷ dénominateur = remplacement apparent × ratio pensionnés / cotisants
2011,"travailleurs non salariés, secteur non agricole",taux d'équilibre,0.03828245,taux,Σ classes × coefficient × SMIG 48 h × 2 400 h,calcul,numérateur ÷ dénominateur = remplacement apparent × ratio pensionnés / cotisants
2012,"travailleurs non salariés, secteur non agricole",taux d'équilibre,0.04130639,taux,Σ classes × coefficient × SMIG 48 h × 2 400 h,calcul,numérateur ÷ dénominateur = remplacement apparent × ratio pensionnés / cotisants
2013,"travailleurs non salariés, secteur non agricole",taux d'équilibre,0.04303325,taux,Σ classes × coefficient × SMIG 48 h × 2 400 h,calcul,numérateur ÷ dénominateur = remplacement apparent × ratio pensionnés / cotisants
2014,"travailleurs non salariés, secteur non agricole",taux d'équilibre,0.05063217,taux,Σ classes × coefficient × SMIG 48 h × 2 400 h,calcul,numérateur ÷ dénominateur = remplacement apparent × ratio pensionnés / cotisants
2015,"travailleurs non salariés, secteur non agricole",taux d'équilibre,0.05640648,taux,Σ classes × coefficient × SMIG 48 h × 2 400 h,calcul,numérateur ÷ dénominateur = remplacement apparent × ratio pensionnés / cotisants
2016,"travailleurs non salariés, secteur non agricole",taux d'équilibre,0.0616189,taux,Σ classes × coefficient × SMIG 48 h × 2 400 h,calcul,numérateur ÷ dénominateur = remplacement apparent × ratio pensionnés / cotisants
2017,"travailleurs non salariés, secteur non agricole",taux d'équilibre,0.06649359,taux,Σ classes × coefficient × SMIG 48 h × 2 400 h,calcul,numérateur ÷ dénominateur = remplacement apparent × ratio pensionnés / cotisants
2005,"travailleurs non salariés, secteur non agricole","taux d'équilibre, SMIG et SMAG moyens de l'année",0.02565172,taux,Σ classes × coefficient × SMIG 48 h × 2 400 h,calcul,variante : SMIG (SMAG) moyen de l'année au prorata des jours de vigueur
2006,"travailleurs non salariés, secteur non agricole","taux d'équilibre, SMIG et SMAG moyens de l'année",0.02712081,taux,Σ classes × coefficient × SMIG 48 h × 2 400 h,calcul,variante : SMIG (SMAG) moyen de l'année au prorata des jours de vigueur
2007,"travailleurs non salariés, secteur non agricole","taux d'équilibre, SMIG et SMAG moyens de l'année",0.02819395,taux,Σ classes × coefficient × SMIG 48 h × 2 400 h,calcul,variante : SMIG (SMAG) moyen de l'année au prorata des jours de vigueur
2008,"travailleurs non salariés, secteur non agricole","taux d'équilibre, SMIG et SMAG moyens de l'année",0.03000543,taux,Σ classes × coefficient × SMIG 48 h × 2 400 h,calcul,variante : SMIG (SMAG) moyen de l'année au prorata des jours de vigueur
2009,"travailleurs non salariés, secteur non agricole","taux d'équilibre, SMIG et SMAG moyens de l'année",0.03150227,taux,Σ classes × coefficient × SMIG 48 h × 2 400 h,calcul,variante : SMIG (SMAG) moyen de l'année au prorata des jours de vigueur
2010,"travailleurs non salariés, secteur non agricole","taux d'équilibre, SMIG et SMAG moyens de l'année",0.03281011,taux,Σ classes × coefficient × SMIG 48 h × 2 400 h,calcul,variante : SMIG (SMAG) moyen de l'année au prorata des jours de vigueur
2011,"travailleurs non salariés, secteur non agricole","taux d'équilibre, SMIG et SMAG moyens de l'année",0.03704853,taux,Σ classes × coefficient × SMIG 48 h × 2 400 h,calcul,variante : SMIG (SMAG) moyen de l'année au prorata des jours de vigueur
2012,"travailleurs non salariés, secteur non agricole","taux d'équilibre, SMIG et SMAG moyens de l'année",0.04018962,taux,Σ classes × coefficient × SMIG 48 h × 2 400 h,calcul,variante : SMIG (SMAG) moyen de l'année au prorata des jours de vigueur
2013,"travailleurs non salariés, secteur non agricole","taux d'équilibre, SMIG et SMAG moyens de l'année",0.04303325,taux,Σ classes × coefficient × SMIG 48 h × 2 400 h,calcul,variante : SMIG (SMAG) moyen de l'année au prorata des jours de vigueur
2014,"travailleurs non salariés, secteur non agricole","taux d'équilibre, SMIG et SMAG moyens de l'année",0.04867325,taux,Σ classes × coefficient × SMIG 48 h × 2 400 h,calcul,variante : SMIG (SMAG) moyen de l'année au prorata des jours de vigueur
2015,"travailleurs non salariés, secteur non agricole","taux d'équilibre, SMIG et SMAG moyens de l'année",0.05434309,taux,Σ classes × coefficient × SMIG 48 h × 2 400 h,calcul,variante : SMIG (SMAG) moyen de l'année au prorata des jours de vigueur
2016,"travailleurs non salariés, secteur non agricole","taux d'équilibre, SMIG et SMAG moyens de l'année",0.06019427,taux,Σ classes × coefficient × SMIG 48 h × 2 400 h,calcul,variante : SMIG (SMAG) moyen de l'année au prorata des jours de vigueur
2017,"travailleurs non salariés, secteur non agricole","taux d'équilibre, SMIG et SMAG moyens de l'année",0.06649359,taux,Σ classes × coefficient × SMIG 48 h × 2 400 h,calcul,variante : SMIG (SMAG) moyen de l'année au prorata des jours de vigueur
2005,"travailleurs non salariés, secteur non agricole",taux de remplacement apparent,0.21454757,taux,Σ classes × coefficient × SMIG 48 h × 2 400 h,calcul,pension moyenne ÷ revenu moyen
2006,"travailleurs non salariés, secteur non agricole",taux de remplacement apparent,0.23043809,taux,Σ classes × coefficient × SMIG 48 h × 2 400 h,calcul,pension moyenne ÷ revenu moyen
2007,"travailleurs non salariés, secteur non agricole",taux de remplacement apparent,0.23868863,taux,Σ classes × coefficient × SMIG 48 h × 2 400 h,calcul,pension moyenne ÷ revenu moyen
2008,"travailleurs non salariés, secteur non agricole",taux de remplacement apparent,0.25546514,taux,Σ classes × coefficient × SMIG 48 h × 2 400 h,calcul,pension moyenne ÷ revenu moyen
2009,"travailleurs non salariés, secteur non agricole",taux de remplacement apparent,0.26558994,taux,Σ classes × coefficient × SMIG 48 h × 2 400 h,calcul,pension moyenne ÷ revenu moyen
2010,"travailleurs non salariés, secteur non agricole",taux de remplacement apparent,0.2901064,taux,Σ classes × coefficient × SMIG 48 h × 2 400 h,calcul,pension moyenne ÷ revenu moyen
2011,"travailleurs non salariés, secteur non agricole",taux de remplacement apparent,0.32636575,taux,Σ classes × coefficient × SMIG 48 h × 2 400 h,calcul,pension moyenne ÷ revenu moyen
2012,"travailleurs non salariés, secteur non agricole",taux de remplacement apparent,0.3151908,taux,Σ classes × coefficient × SMIG 48 h × 2 400 h,calcul,pension moyenne ÷ revenu moyen
2013,"travailleurs non salariés, secteur non agricole",taux de remplacement apparent,0.31593346,taux,Σ classes × coefficient × SMIG 48 h × 2 400 h,calcul,pension moyenne ÷ revenu moyen
2014,"travailleurs non salariés, secteur non agricole",taux de remplacement apparent,0.34394399,taux,Σ classes × coefficient × SMIG 48 h × 2 400 h,calcul,pension moyenne ÷ revenu moyen
2015,"travailleurs non salariés, secteur non agricole",taux de remplacement apparent,0.3515296,taux,Σ classes × coefficient × SMIG 48 h × 2 400 h,calcul,pension moyenne ÷ revenu moyen
2016,"travailleurs non salariés, secteur non agricole",taux de remplacement apparent,0.34874004,taux,Σ classes × coefficient × SMIG 48 h × 2 400 h,calcul,pension moyenne ÷ revenu moyen
2017,"travailleurs non salariés, secteur non agricole",taux de remplacement apparent,0.33525016,taux,Σ classes × coefficient × SMIG 48 h × 2 400 h,calcul,pension moyenne ÷ revenu moyen
2005,"travailleurs non salariés, secteur non agricole",taux légal de la branche pensions,0.07,taux,Σ classes × coefficient × SMIG 48 h × 2 400 h,"décret n° 95-1166 du 3 juillet 1995, art. 7 et 9, JORT n° 55 du 11 juillet 1995, p. 1486-1489 (https://www.pist.tn/jort/1995/1995F/Jo05595.pdf)","en vigueur depuis le 19 juillet 1995 (sans clause d'effet : cinq jours après le dépôt du JORT le 14 juillet 1995) ; auparavant 5,25 % (décrets n° 82-1359, art. 8, et 82-1360, art. 5) ; constant sur 2000-2017 d'après les textes ; publié par la caisse pour 2013 et 2017 seulement (annuaire 2013 p. 340, 2017 p. 346)"
2006,"travailleurs non salariés, secteur non agricole",taux légal de la branche pensions,0.07,taux,Σ classes × coefficient × SMIG 48 h × 2 400 h,"décret n° 95-1166 du 3 juillet 1995, art. 7 et 9, JORT n° 55 du 11 juillet 1995, p. 1486-1489 (https://www.pist.tn/jort/1995/1995F/Jo05595.pdf)","en vigueur depuis le 19 juillet 1995 (sans clause d'effet : cinq jours après le dépôt du JORT le 14 juillet 1995) ; auparavant 5,25 % (décrets n° 82-1359, art. 8, et 82-1360, art. 5) ; constant sur 2000-2017 d'après les textes ; publié par la caisse pour 2013 et 2017 seulement (annuaire 2013 p. 340, 2017 p. 346)"
2007,"travailleurs non salariés, secteur non agricole",taux légal de la branche pensions,0.07,taux,Σ classes × coefficient × SMIG 48 h × 2 400 h,"décret n° 95-1166 du 3 juillet 1995, art. 7 et 9, JORT n° 55 du 11 juillet 1995, p. 1486-1489 (https://www.pist.tn/jort/1995/1995F/Jo05595.pdf)","en vigueur depuis le 19 juillet 1995 (sans clause d'effet : cinq jours après le dépôt du JORT le 14 juillet 1995) ; auparavant 5,25 % (décrets n° 82-1359, art. 8, et 82-1360, art. 5) ; constant sur 2000-2017 d'après les textes ; publié par la caisse pour 2013 et 2017 seulement (annuaire 2013 p. 340, 2017 p. 346)"
2008,"travailleurs non salariés, secteur non agricole",taux légal de la branche pensions,0.07,taux,Σ classes × coefficient × SMIG 48 h × 2 400 h,"décret n° 95-1166 du 3 juillet 1995, art. 7 et 9, JORT n° 55 du 11 juillet 1995, p. 1486-1489 (https://www.pist.tn/jort/1995/1995F/Jo05595.pdf)","en vigueur depuis le 19 juillet 1995 (sans clause d'effet : cinq jours après le dépôt du JORT le 14 juillet 1995) ; auparavant 5,25 % (décrets n° 82-1359, art. 8, et 82-1360, art. 5) ; constant sur 2000-2017 d'après les textes ; publié par la caisse pour 2013 et 2017 seulement (annuaire 2013 p. 340, 2017 p. 346)"
2009,"travailleurs non salariés, secteur non agricole",taux légal de la branche pensions,0.07,taux,Σ classes × coefficient × SMIG 48 h × 2 400 h,"décret n° 95-1166 du 3 juillet 1995, art. 7 et 9, JORT n° 55 du 11 juillet 1995, p. 1486-1489 (https://www.pist.tn/jort/1995/1995F/Jo05595.pdf)","en vigueur depuis le 19 juillet 1995 (sans clause d'effet : cinq jours après le dépôt du JORT le 14 juillet 1995) ; auparavant 5,25 % (décrets n° 82-1359, art. 8, et 82-1360, art. 5) ; constant sur 2000-2017 d'après les textes ; publié par la caisse pour 2013 et 2017 seulement (annuaire 2013 p. 340, 2017 p. 346)"
2010,"travailleurs non salariés, secteur non agricole",taux légal de la branche pensions,0.07,taux,Σ classes × coefficient × SMIG 48 h × 2 400 h,"décret n° 95-1166 du 3 juillet 1995, art. 7 et 9, JORT n° 55 du 11 juillet 1995, p. 1486-1489 (https://www.pist.tn/jort/1995/1995F/Jo05595.pdf)","en vigueur depuis le 19 juillet 1995 (sans clause d'effet : cinq jours après le dépôt du JORT le 14 juillet 1995) ; auparavant 5,25 % (décrets n° 82-1359, art. 8, et 82-1360, art. 5) ; constant sur 2000-2017 d'après les textes ; publié par la caisse pour 2013 et 2017 seulement (annuaire 2013 p. 340, 2017 p. 346)"
2011,"travailleurs non salariés, secteur non agricole",taux légal de la branche pensions,0.07,taux,Σ classes × coefficient × SMIG 48 h × 2 400 h,"décret n° 95-1166 du 3 juillet 1995, art. 7 et 9, JORT n° 55 du 11 juillet 1995, p. 1486-1489 (https://www.pist.tn/jort/1995/1995F/Jo05595.pdf)","en vigueur depuis le 19 juillet 1995 (sans clause d'effet : cinq jours après le dépôt du JORT le 14 juillet 1995) ; auparavant 5,25 % (décrets n° 82-1359, art. 8, et 82-1360, art. 5) ; constant sur 2000-2017 d'après les textes ; publié par la caisse pour 2013 et 2017 seulement (annuaire 2013 p. 340, 2017 p. 346)"
2012,"travailleurs non salariés, secteur non agricole",taux légal de la branche pensions,0.07,taux,Σ classes × coefficient × SMIG 48 h × 2 400 h,"décret n° 95-1166 du 3 juillet 1995, art. 7 et 9, JORT n° 55 du 11 juillet 1995, p. 1486-1489 (https://www.pist.tn/jort/1995/1995F/Jo05595.pdf)","en vigueur depuis le 19 juillet 1995 (sans clause d'effet : cinq jours après le dépôt du JORT le 14 juillet 1995) ; auparavant 5,25 % (décrets n° 82-1359, art. 8, et 82-1360, art. 5) ; constant sur 2000-2017 d'après les textes ; publié par la caisse pour 2013 et 2017 seulement (annuaire 2013 p. 340, 2017 p. 346)"
2013,"travailleurs non salariés, secteur non agricole",taux légal de la branche pensions,0.07,taux,Σ classes × coefficient × SMIG 48 h × 2 400 h,"décret n° 95-1166 du 3 juillet 1995, art. 7 et 9, JORT n° 55 du 11 juillet 1995, p. 1486-1489 (https://www.pist.tn/jort/1995/1995F/Jo05595.pdf)","en vigueur depuis le 19 juillet 1995 (sans clause d'effet : cinq jours après le dépôt du JORT le 14 juillet 1995) ; auparavant 5,25 % (décrets n° 82-1359, art. 8, et 82-1360, art. 5) ; constant sur 2000-2017 d'après les textes ; publié par la caisse pour 2013 et 2017 seulement (annuaire 2013 p. 340, 2017 p. 346)"
2014,"travailleurs non salariés, secteur non agricole",taux légal de la branche pensions,0.07,taux,Σ classes × coefficient × SMIG 48 h × 2 400 h,"décret n° 95-1166 du 3 juillet 1995, art. 7 et 9, JORT n° 55 du 11 juillet 1995, p. 1486-1489 (https://www.pist.tn/jort/1995/1995F/Jo05595.pdf)","en vigueur depuis le 19 juillet 1995 (sans clause d'effet : cinq jours après le dépôt du JORT le 14 juillet 1995) ; auparavant 5,25 % (décrets n° 82-1359, art. 8, et 82-1360, art. 5) ; constant sur 2000-2017 d'après les textes ; publié par la caisse pour 2013 et 2017 seulement (annuaire 2013 p. 340, 2017 p. 346)"
2015,"travailleurs non salariés, secteur non agricole",taux légal de la branche pensions,0.07,taux,Σ classes × coefficient × SMIG 48 h × 2 400 h,"décret n° 95-1166 du 3 juillet 1995, art. 7 et 9, JORT n° 55 du 11 juillet 1995, p. 1486-1489 (https://www.pist.tn/jort/1995/1995F/Jo05595.pdf)","en vigueur depuis le 19 juillet 1995 (sans clause d'effet : cinq jours après le dépôt du JORT le 14 juillet 1995) ; auparavant 5,25 % (décrets n° 82-1359, art. 8, et 82-1360, art. 5) ; constant sur 2000-2017 d'après les textes ; publié par la caisse pour 2013 et 2017 seulement (annuaire 2013 p. 340, 2017 p. 346)"
2016,"travailleurs non salariés, secteur non agricole",taux légal de la branche pensions,0.07,taux,Σ classes × coefficient × SMIG 48 h × 2 400 h,"décret n° 95-1166 du 3 juillet 1995, art. 7 et 9, JORT n° 55 du 11 juillet 1995, p. 1486-1489 (https://www.pist.tn/jort/1995/1995F/Jo05595.pdf)","en vigueur depuis le 19 juillet 1995 (sans clause d'effet : cinq jours après le dépôt du JORT le 14 juillet 1995) ; auparavant 5,25 % (décrets n° 82-1359, art. 8, et 82-1360, art. 5) ; constant sur 2000-2017 d'après les textes ; publié par la caisse pour 2013 et 2017 seulement (annuaire 2013 p. 340, 2017 p. 346)"
2017,"travailleurs non salariés, secteur non agricole",taux légal de la branche pensions,0.07,taux,Σ classes × coefficient × SMIG 48 h × 2 400 h,"décret n° 95-1166 du 3 juillet 1995, art. 7 et 9, JORT n° 55 du 11 juillet 1995, p. 1486-1489 (https://www.pist.tn/jort/1995/1995F/Jo05595.pdf)","en vigueur depuis le 19 juillet 1995 (sans clause d'effet : cinq jours après le dépôt du JORT le 14 juillet 1995) ; auparavant 5,25 % (décrets n° 82-1359, art. 8, et 82-1360, art. 5) ; constant sur 2000-2017 d'après les textes ; publié par la caisse pour 2013 et 2017 seulement (annuaire 2013 p. 340, 2017 p. 346)"
2005,"travailleurs non salariés, secteur non agricole",écart taux d'équilibre − taux légal,-0.04411125,points de taux,Σ classes × coefficient × SMIG 48 h × 2 400 h,calcul,
2006,"travailleurs non salariés, secteur non agricole",écart taux d'équilibre − taux légal,-0.04244798,points de taux,Σ classes × coefficient × SMIG 48 h × 2 400 h,calcul,
2007,"travailleurs non salariés, secteur non agricole",écart taux d'équilibre − taux légal,-0.04128201,points de taux,Σ classes × coefficient × SMIG 48 h × 2 400 h,calcul,
2008,"travailleurs non salariés, secteur non agricole",écart taux d'équilibre − taux légal,-0.03923576,points de taux,Σ classes × coefficient × SMIG 48 h × 2 400 h,calcul,
2009,"travailleurs non salariés, secteur non agricole",écart taux d'équilibre − taux légal,-0.03803975,points de taux,Σ classes × coefficient × SMIG 48 h × 2 400 h,calcul,
2010,"travailleurs non salariés, secteur non agricole",écart taux d'équilibre − taux légal,-0.03643748,points de taux,Σ classes × coefficient × SMIG 48 h × 2 400 h,calcul,
2011,"travailleurs non salariés, secteur non agricole",écart taux d'équilibre − taux légal,-0.03171755,points de taux,Σ classes × coefficient × SMIG 48 h × 2 400 h,calcul,
2012,"travailleurs non salariés, secteur non agricole",écart taux d'équilibre − taux légal,-0.02869361,points de taux,Σ classes × coefficient × SMIG 48 h × 2 400 h,calcul,
2013,"travailleurs non salariés, secteur non agricole",écart taux d'équilibre − taux légal,-0.02696675,points de taux,Σ classes × coefficient × SMIG 48 h × 2 400 h,calcul,
2014,"travailleurs non salariés, secteur non agricole",écart taux d'équilibre − taux légal,-0.01936783,points de taux,Σ classes × coefficient × SMIG 48 h × 2 400 h,calcul,
2015,"travailleurs non salariés, secteur non agricole",écart taux d'équilibre − taux légal,-0.01359352,points de taux,Σ classes × coefficient × SMIG 48 h × 2 400 h,calcul,
2016,"travailleurs non salariés, secteur non agricole",écart taux d'équilibre − taux légal,-0.0083811,points de taux,Σ classes × coefficient × SMIG 48 h × 2 400 h,calcul,
2017,"travailleurs non salariés, secteur non agricole",écart taux d'équilibre − taux légal,-0.00350641,points de taux,Σ classes × coefficient × SMIG 48 h × 2 400 h,calcul,
2000,travailleurs tunisiens à l'étranger (RTTE),actifs,749.0,personnes,Σ classes × coefficient × SMIG 48 h × 2 400 h,"CNSS, annuaire statistique 2017 (arabe) ; 2010 pour les classes de 2000-2004 ; série cnss-regimes-annuaires (annuaire statistique 2017 (arabe), p. 279)",
2001,travailleurs tunisiens à l'étranger (RTTE),actifs,844.0,personnes,Σ classes × coefficient × SMIG 48 h × 2 400 h,"CNSS, annuaire statistique 2017 (arabe) ; 2010 pour les classes de 2000-2004 ; série cnss-regimes-annuaires (annuaire statistique 2017 (arabe), p. 279)",
2002,travailleurs tunisiens à l'étranger (RTTE),actifs,944.0,personnes,Σ classes × coefficient × SMIG 48 h × 2 400 h,"CNSS, annuaire statistique 2017 (arabe) ; 2010 pour les classes de 2000-2004 ; série cnss-regimes-annuaires (annuaire statistique 2017 (arabe), p. 279)",
2003,travailleurs tunisiens à l'étranger (RTTE),actifs,1081.0,personnes,Σ classes × coefficient × SMIG 48 h × 2 400 h,"CNSS, annuaire statistique 2017 (arabe) ; 2010 pour les classes de 2000-2004 ; série cnss-regimes-annuaires (annuaire statistique 2017 (arabe), p. 279)",
2004,travailleurs tunisiens à l'étranger (RTTE),actifs,1212.0,personnes,Σ classes × coefficient × SMIG 48 h × 2 400 h,"CNSS, annuaire statistique 2017 (arabe) ; 2010 pour les classes de 2000-2004 ; série cnss-regimes-annuaires (annuaire statistique 2017 (arabe), p. 279)",
2005,travailleurs tunisiens à l'étranger (RTTE),actifs,1372.0,personnes,Σ classes × coefficient × SMIG 48 h × 2 400 h,"CNSS, annuaire statistique 2017 (arabe) ; 2010 pour les classes de 2000-2004 ; série cnss-regimes-annuaires (annuaire statistique 2017 (arabe), p. 279)",
2006,travailleurs tunisiens à l'étranger (RTTE),actifs,1536.0,personnes,Σ classes × coefficient × SMIG 48 h × 2 400 h,"CNSS, annuaire statistique 2017 (arabe) ; 2010 pour les classes de 2000-2004 ; série cnss-regimes-annuaires (annuaire statistique 2017 (arabe), p. 279)",
2007,travailleurs tunisiens à l'étranger (RTTE),actifs,1854.0,personnes,Σ classes × coefficient × SMIG 48 h × 2 400 h,"CNSS, annuaire statistique 2017 (arabe) ; 2010 pour les classes de 2000-2004 ; série cnss-regimes-annuaires (annuaire statistique 2017 (arabe), p. 279)",
2008,travailleurs tunisiens à l'étranger (RTTE),actifs,2161.0,personnes,Σ classes × coefficient × SMIG 48 h × 2 400 h,"CNSS, annuaire statistique 2017 (arabe) ; 2010 pour les classes de 2000-2004 ; série cnss-regimes-annuaires (annuaire statistique 2017 (arabe), p. 279)",
2009,travailleurs tunisiens à l'étranger (RTTE),actifs,2196.0,personnes,Σ classes × coefficient × SMIG 48 h × 2 400 h,"CNSS, annuaire statistique 2017 (arabe) ; 2010 pour les classes de 2000-2004 ; série cnss-regimes-annuaires (annuaire statistique 2017 (arabe), p. 279)",
2010,travailleurs tunisiens à l'étranger (RTTE),actifs,2207.0,personnes,Σ classes × coefficient × SMIG 48 h × 2 400 h,"CNSS, annuaire statistique 2017 (arabe) ; 2010 pour les classes de 2000-2004 ; série cnss-regimes-annuaires (annuaire statistique 2017 (arabe), p. 279)",
2011,travailleurs tunisiens à l'étranger (RTTE),actifs,2082.0,personnes,Σ classes × coefficient × SMIG 48 h × 2 400 h,"CNSS, annuaire statistique 2017 (arabe) ; 2010 pour les classes de 2000-2004 ; série cnss-regimes-annuaires (annuaire statistique 2017 (arabe), p. 279)",
2012,travailleurs tunisiens à l'étranger (RTTE),actifs,2006.0,personnes,Σ classes × coefficient × SMIG 48 h × 2 400 h,"CNSS, annuaire statistique 2017 (arabe) ; 2010 pour les classes de 2000-2004 ; série cnss-regimes-annuaires (annuaire statistique 2017 (arabe), p. 279)",
2013,travailleurs tunisiens à l'étranger (RTTE),actifs,1992.0,personnes,Σ classes × coefficient × SMIG 48 h × 2 400 h,"CNSS, annuaire statistique 2017 (arabe) ; 2010 pour les classes de 2000-2004 ; série cnss-regimes-annuaires (annuaire statistique 2017 (arabe), p. 279)",
2014,travailleurs tunisiens à l'étranger (RTTE),actifs,1946.0,personnes,Σ classes × coefficient × SMIG 48 h × 2 400 h,"CNSS, annuaire statistique 2017 (arabe) ; 2010 pour les classes de 2000-2004 ; série cnss-regimes-annuaires (annuaire statistique 2017 (arabe), p. 279)",
2015,travailleurs tunisiens à l'étranger (RTTE),actifs,1881.0,personnes,Σ classes × coefficient × SMIG 48 h × 2 400 h,"CNSS, annuaire statistique 2017 (arabe) ; 2010 pour les classes de 2000-2004 ; série cnss-regimes-annuaires (annuaire statistique 2017 (arabe), p. 279)",
2016,travailleurs tunisiens à l'étranger (RTTE),actifs,1840.0,personnes,Σ classes × coefficient × SMIG 48 h × 2 400 h,"CNSS, annuaire statistique 2017 (arabe) ; 2010 pour les classes de 2000-2004 ; série cnss-regimes-annuaires (annuaire statistique 2017 (arabe), p. 279)",
2017,travailleurs tunisiens à l'étranger (RTTE),actifs,1742.0,personnes,Σ classes × coefficient × SMIG 48 h × 2 400 h,"CNSS, annuaire statistique 2017 (arabe) ; 2010 pour les classes de 2000-2004 ; série cnss-regimes-annuaires (annuaire statistique 2017 (arabe), p. 279)",
2000,travailleurs tunisiens à l'étranger (RTTE),assiette (dénominateur),5.159448,millions de dinars,Σ classes × coefficient × SMIG 48 h × 2 400 h,"calcul ; classes : CNSS, annuaire statistique 2017 (arabe) ; 2010 pour les classes de 2000-2004 ; série cnss-regimes-annuaires ; décret n° 89-107 du 10 janvier 1989, art. 6, 7 et 19, JORT n° 4 du 17 janvier 1989, p. 98-99 (https://www.pist.tn/jort/1989/1989F/Jo00489.pdf)","SMIG au 1er janvier : décret n° 99-1866, JORT n° 74 du 14 septembre 1999, p. 1668 (https://www.pist.tn/jort/1999/1999F/Jo07499.pdf) ; somme des classes 750 pour 749 actifs (écart de la source)"
2001,travailleurs tunisiens à l'étranger (RTTE),assiette (dénominateur),5.92477,millions de dinars,Σ classes × coefficient × SMIG 48 h × 2 400 h,"calcul ; classes : CNSS, annuaire statistique 2017 (arabe) ; 2010 pour les classes de 2000-2004 ; série cnss-regimes-annuaires ; décret n° 89-107 du 10 janvier 1989, art. 6, 7 et 19, JORT n° 4 du 17 janvier 1989, p. 98-99 (https://www.pist.tn/jort/1989/1989F/Jo00489.pdf)","SMIG au 1er janvier : décret n° 2000-949, JORT n° 38 du 12 mai 2000, p. 1006 (https://www.pist.tn/jort/2000/2000F/Jo0382000.pdf) ; somme des classes 843 pour 844 actifs (écart de la source)"
2002,travailleurs tunisiens à l'étranger (RTTE),assiette (dénominateur),7.000368,millions de dinars,Σ classes × coefficient × SMIG 48 h × 2 400 h,"calcul ; classes : CNSS, annuaire statistique 2017 (arabe) ; 2010 pour les classes de 2000-2004 ; série cnss-regimes-annuaires ; décret n° 89-107 du 10 janvier 1989, art. 6, 7 et 19, JORT n° 4 du 17 janvier 1989, p. 98-99 (https://www.pist.tn/jort/1989/1989F/Jo00489.pdf)","SMIG au 1er janvier : décret n° 2001-1746, JORT n° 63 du 7 août 2001, p. 2043 (https://www.pist.tn/jort/2001/2001F/Jo0632001.pdf) ; somme des classes 944 pour 944 actifs"
2003,travailleurs tunisiens à l'étranger (RTTE),assiette (dénominateur),8.279779,millions de dinars,Σ classes × coefficient × SMIG 48 h × 2 400 h,"calcul ; classes : CNSS, annuaire statistique 2017 (arabe) ; 2010 pour les classes de 2000-2004 ; série cnss-regimes-annuaires ; décret n° 89-107 du 10 janvier 1989, art. 6, 7 et 19, JORT n° 4 du 17 janvier 1989, p. 98-99 (https://www.pist.tn/jort/1989/1989F/Jo00489.pdf)","SMIG au 1er janvier : décret n° 2002-1790, JORT n° 67 du 16 août 2002, p. 1954 (https://www.pist.tn/jort/2002/2002F/Jo0672002.pdf) ; somme des classes 1081 pour 1081 actifs"
2004,travailleurs tunisiens à l'étranger (RTTE),assiette (dénominateur),9.468732,millions de dinars,Σ classes × coefficient × SMIG 48 h × 2 400 h,"calcul ; classes : CNSS, annuaire statistique 2017 (arabe) ; 2010 pour les classes de 2000-2004 ; série cnss-regimes-annuaires ; décret n° 89-107 du 10 janvier 1989, art. 6, 7 et 19, JORT n° 4 du 17 janvier 1989, p. 98-99 (https://www.pist.tn/jort/1989/1989F/Jo00489.pdf)","SMIG au 1er janvier : décret n° 2003-1691, JORT n° 67 du 22 août 2003, p. 2558 (https://www.pist.tn/jort/2003/2003F/Jo0672003.pdf) ; somme des classes 1212 pour 1212 actifs"
2005,travailleurs tunisiens à l'étranger (RTTE),assiette (dénominateur),11.45508,millions de dinars,Σ classes × coefficient × SMIG 48 h × 2 400 h,"calcul ; classes : CNSS, annuaire statistique 2017 (arabe) ; 2010 pour les classes de 2000-2004 ; série cnss-regimes-annuaires ; décret n° 89-107 du 10 janvier 1989, art. 6, 7 et 19, JORT n° 4 du 17 janvier 1989, p. 98-99 (https://www.pist.tn/jort/1989/1989F/Jo00489.pdf)","SMIG au 1er janvier : décret n° 2004-1803, JORT n° 63 du 6 août 2004, p. 2257 (https://www.pist.tn/jort/2004/2004F/Jo0632004.pdf) ; somme des classes 1373 pour 1372 actifs (écart de la source)"
2006,travailleurs tunisiens à l'étranger (RTTE),assiette (dénominateur),13.383586,millions de dinars,Σ classes × coefficient × SMIG 48 h × 2 400 h,"calcul ; classes : CNSS, annuaire statistique 2017 (arabe) ; 2010 pour les classes de 2000-2004 ; série cnss-regimes-annuaires ; décret n° 89-107 du 10 janvier 1989, art. 6, 7 et 19, JORT n° 4 du 17 janvier 1989, p. 98-99 (https://www.pist.tn/jort/1989/1989F/Jo00489.pdf)","SMIG au 1er janvier : décret n° 2005-2320, JORT n° 68 du 26 août 2005, p. 2319 (https://www.pist.tn/jort/2005/2005F/Jo0682005.pdf) ; somme des classes 1535 pour 1536 actifs (écart de la source)"
2007,travailleurs tunisiens à l'étranger (RTTE),assiette (dénominateur),16.976237,millions de dinars,Σ classes × coefficient × SMIG 48 h × 2 400 h,"calcul ; classes : CNSS, annuaire statistique 2017 (arabe) ; 2010 pour les classes de 2000-2004 ; série cnss-regimes-annuaires ; décret n° 89-107 du 10 janvier 1989, art. 6, 7 et 19, JORT n° 4 du 17 janvier 1989, p. 98-99 (https://www.pist.tn/jort/1989/1989F/Jo00489.pdf)","SMIG au 1er janvier : décret n° 2006-2098, JORT n° 62 du 4 août 2006, p. 2112 (https://www.pist.tn/jort/2006/2006F/Jo0622006.pdf) ; somme des classes 1855 pour 1854 actifs (écart de la source)"
2008,travailleurs tunisiens à l'étranger (RTTE),assiette (dénominateur),19.984718,millions de dinars,Σ classes × coefficient × SMIG 48 h × 2 400 h,"calcul ; classes : CNSS, annuaire statistique 2017 (arabe) ; 2010 pour les classes de 2000-2004 ; série cnss-regimes-annuaires ; décret n° 89-107 du 10 janvier 1989, art. 6, 7 et 19, JORT n° 4 du 17 janvier 1989, p. 98-99 (https://www.pist.tn/jort/1989/1989F/Jo00489.pdf)","SMIG au 1er janvier : décret n° 2007-2079, JORT n° 67 du 21 août 2007, p. 2909 (https://www.pist.tn/jort/2007/2007F/Jo0672007.pdf) ; somme des classes 2161 pour 2161 actifs"
2009,travailleurs tunisiens à l'étranger (RTTE),assiette (dénominateur),21.303912,millions de dinars,Σ classes × coefficient × SMIG 48 h × 2 400 h,"calcul ; classes : CNSS, annuaire statistique 2017 (arabe) ; 2010 pour les classes de 2000-2004 ; série cnss-regimes-annuaires ; décret n° 89-107 du 10 janvier 1989, art. 6, 7 et 19, JORT n° 4 du 17 janvier 1989, p. 98-99 (https://www.pist.tn/jort/1989/1989F/Jo00489.pdf)","SMIG au 1er janvier : décret n° 2008-2072, JORT n° 46 du 6 juin 2008, p. 1736 (https://www.pist.tn/jort/2008/2008F/Jo0462008.pdf) ; somme des classes 2196 pour 2196 actifs"
2010,travailleurs tunisiens à l'étranger (RTTE),assiette (dénominateur),22.169078,millions de dinars,Σ classes × coefficient × SMIG 48 h × 2 400 h,"calcul ; classes : CNSS, annuaire statistique 2017 (arabe) ; 2010 pour les classes de 2000-2004 ; série cnss-regimes-annuaires ; décret n° 89-107 du 10 janvier 1989, art. 6, 7 et 19, JORT n° 4 du 17 janvier 1989, p. 98-99 (https://www.pist.tn/jort/1989/1989F/Jo00489.pdf)","SMIG au 1er janvier : décret n° 2009-2257, JORT n° 62 du 4 août 2009, p. 2139 (https://www.pist.tn/jort/2009/2009F/Jo0622009.pdf) ; somme des classes 2207 pour 2207 actifs"
2011,travailleurs tunisiens à l'étranger (RTTE),assiette (dénominateur),22.114896,millions de dinars,Σ classes × coefficient × SMIG 48 h × 2 400 h,"calcul ; classes : CNSS, annuaire statistique 2017 (arabe) ; 2010 pour les classes de 2000-2004 ; série cnss-regimes-annuaires ; décret n° 89-107 du 10 janvier 1989, art. 6, 7 et 19, JORT n° 4 du 17 janvier 1989, p. 98-99 (https://www.pist.tn/jort/1989/1989F/Jo00489.pdf)","SMIG au 1er janvier : décret n° 2010-1746, JORT n° 58 du 20 juillet 2010, p. 1997 (https://www.pist.tn/jort/2010/2010F/Jo0582010.pdf) ; somme des classes 2082 pour 2082 actifs"
2012,travailleurs tunisiens à l'étranger (RTTE),assiette (dénominateur),22.968,millions de dinars,Σ classes × coefficient × SMIG 48 h × 2 400 h,"calcul ; classes : CNSS, annuaire statistique 2017 (arabe) ; 2010 pour les classes de 2000-2004 ; série cnss-regimes-annuaires ; décret n° 89-107 du 10 janvier 1989, art. 6, 7 et 19, JORT n° 4 du 17 janvier 1989, p. 98-99 (https://www.pist.tn/jort/1989/1989F/Jo00489.pdf)","SMIG au 1er janvier : décret n° 2011-679, JORT n° 42 du 10 juin 2011, p. 901 (https://www.pist.tn/jort/2011/2011F/Jo0422011.pdf) ; somme des classes 2006 pour 2006 actifs"
2013,travailleurs tunisiens à l'étranger (RTTE),assiette (dénominateur),23.892746,millions de dinars,Σ classes × coefficient × SMIG 48 h × 2 400 h,"calcul ; classes : CNSS, annuaire statistique 2017 (arabe) ; 2010 pour les classes de 2000-2004 ; série cnss-regimes-annuaires ; décret n° 89-107 du 10 janvier 1989, art. 6, 7 et 19, JORT n° 4 du 17 janvier 1989, p. 98-99 (https://www.pist.tn/jort/1989/1989F/Jo00489.pdf)","SMIG au 1er janvier : décret n° 2012-1981, JORT n° 77 du 28 septembre 2012, p. 2271 (https://www.pist.tn/jort/2012/2012F/Jo0772012.pdf) ; somme des classes 1992 pour 1992 actifs"
2014,travailleurs tunisiens à l'étranger (RTTE),assiette (dénominateur),23.40521,millions de dinars,Σ classes × coefficient × SMIG 48 h × 2 400 h,"calcul ; classes : CNSS, annuaire statistique 2017 (arabe) ; 2010 pour les classes de 2000-2004 ; série cnss-regimes-annuaires ; décret n° 89-107 du 10 janvier 1989, art. 6, 7 et 19, JORT n° 4 du 17 janvier 1989, p. 98-99 (https://www.pist.tn/jort/1989/1989F/Jo00489.pdf)","SMIG au 1er janvier : décret n° 2012-1981, JORT n° 77 du 28 septembre 2012, p. 2271 (https://www.pist.tn/jort/2012/2012F/Jo0772012.pdf) ; somme des classes 1946 pour 1946 actifs"
2015,travailleurs tunisiens à l'étranger (RTTE),assiette (dénominateur),24.221654,millions de dinars,Σ classes × coefficient × SMIG 48 h × 2 400 h,"calcul ; classes : CNSS, annuaire statistique 2017 (arabe) ; 2010 pour les classes de 2000-2004 ; série cnss-regimes-annuaires ; décret n° 89-107 du 10 janvier 1989, art. 6, 7 et 19, JORT n° 4 du 17 janvier 1989, p. 98-99 (https://www.pist.tn/jort/1989/1989F/Jo00489.pdf)","SMIG au 1er janvier : décret n° 2014-2907, JORT n° 66 du 15 août 2014, p. 2062 (https://www.pist.tn/jort/2014/2014F/Jo0662014.pdf) ; somme des classes 1881 pour 1881 actifs"
2016,travailleurs tunisiens à l'étranger (RTTE),assiette (dénominateur),24.9795,millions de dinars,Σ classes × coefficient × SMIG 48 h × 2 400 h,"calcul ; classes : CNSS, annuaire statistique 2017 (arabe) ; 2010 pour les classes de 2000-2004 ; série cnss-regimes-annuaires ; décret n° 89-107 du 10 janvier 1989, art. 6, 7 et 19, JORT n° 4 du 17 janvier 1989, p. 98-99 (https://www.pist.tn/jort/1989/1989F/Jo00489.pdf)","SMIG au 1er janvier : décret gouvernemental n° 2015-1762, JORT n° 91 du 13 novembre 2015, p. 2709 (https://www.pist.tn/jort/2015/2015F/Jo0912015.pdf) ; somme des classes 1840 pour 1840 actifs"
2017,travailleurs tunisiens à l'étranger (RTTE),assiette (dénominateur),24.77837,millions de dinars,Σ classes × coefficient × SMIG 48 h × 2 400 h,"calcul ; classes : CNSS, annuaire statistique 2017 (arabe) ; 2010 pour les classes de 2000-2004 ; série cnss-regimes-annuaires ; décret n° 89-107 du 10 janvier 1989, art. 6, 7 et 19, JORT n° 4 du 17 janvier 1989, p. 98-99 (https://www.pist.tn/jort/1989/1989F/Jo00489.pdf)","SMIG au 1er janvier : décret gouvernemental n° 2017-668 du 5 juin 2017 (effet rétroactif), JORT n° 45 du 6 juin 2017, éd. arabe p. 1877 (https://www.pist.tn/jort/2017/2017A/Ja0452017.pdf ; l'adresse de l'édition française sert le fascicule arabe) ; somme des classes 1742 pour 1742 actifs"
2000,travailleurs tunisiens à l'étranger (RTTE),coefficient moyen de classe,3.294667,multiple du SMIG,,calcul,Σ assurés × coefficient ÷ assurés
2001,travailleurs tunisiens à l'étranger (RTTE),coefficient moyen de classe,3.257414,multiple du SMIG,,calcul,Σ assurés × coefficient ÷ assurés
2002,travailleurs tunisiens à l'étranger (RTTE),coefficient moyen de classe,3.287076,multiple du SMIG,,calcul,Σ assurés × coefficient ÷ assurés
2003,travailleurs tunisiens à l'étranger (RTTE),coefficient moyen de classe,3.276596,multiple du SMIG,,calcul,Σ assurés × coefficient ÷ assurés
2004,travailleurs tunisiens à l'étranger (RTTE),coefficient moyen de classe,3.207096,multiple du SMIG,,calcul,Σ assurés × coefficient ÷ assurés
2005,travailleurs tunisiens à l'étranger (RTTE),coefficient moyen de classe,3.313911,multiple du SMIG,,calcul,Σ assurés × coefficient ÷ assurés
2006,travailleurs tunisiens à l'étranger (RTTE),coefficient moyen de classe,3.370033,multiple du SMIG,,calcul,Σ assurés × coefficient ÷ assurés
2007,travailleurs tunisiens à l'étranger (RTTE),coefficient moyen de classe,3.429111,multiple du SMIG,,calcul,Σ assurés × coefficient ÷ assurés
2008,travailleurs tunisiens à l'étranger (RTTE),coefficient moyen de classe,3.341971,multiple du SMIG,,calcul,Σ assurés × coefficient ÷ assurés
2009,travailleurs tunisiens à l'étranger (RTTE),coefficient moyen de classe,3.337887,multiple du SMIG,,calcul,Σ assurés × coefficient ÷ assurés
2010,travailleurs tunisiens à l'étranger (RTTE),coefficient moyen de classe,3.340281,multiple du SMIG,,calcul,Σ assurés × coefficient ÷ assurés
2011,travailleurs tunisiens à l'étranger (RTTE),coefficient moyen de classe,3.378482,multiple du SMIG,,calcul,Σ assurés × coefficient ÷ assurés
2012,travailleurs tunisiens à l'étranger (RTTE),coefficient moyen de classe,3.469591,multiple du SMIG,,calcul,Σ assurés × coefficient ÷ assurés
2013,travailleurs tunisiens à l'étranger (RTTE),coefficient moyen de classe,3.444277,multiple du SMIG,,calcul,Σ assurés × coefficient ÷ assurés
2014,travailleurs tunisiens à l'étranger (RTTE),coefficient moyen de classe,3.453751,multiple du SMIG,,calcul,Σ assurés × coefficient ÷ assurés
2015,travailleurs tunisiens à l'étranger (RTTE),coefficient moyen de classe,3.48857,multiple du SMIG,,calcul,Σ assurés × coefficient ÷ assurés
2016,travailleurs tunisiens à l'étranger (RTTE),coefficient moyen de classe,3.480978,multiple du SMIG,,calcul,Σ assurés × coefficient ÷ assurés
2017,travailleurs tunisiens à l'étranger (RTTE),coefficient moyen de classe,3.45178,multiple du SMIG,,calcul,Σ assurés × coefficient ÷ assurés
2000,travailleurs tunisiens à l'étranger (RTTE),pension moyenne mensuelle,93.75,dinars par mois,Σ classes × coefficient × SMIG 48 h × 2 400 h,calcul,numérateur ÷ pensionnés ÷ 12
2001,travailleurs tunisiens à l'étranger (RTTE),pension moyenne mensuelle,57.29,dinars par mois,Σ classes × coefficient × SMIG 48 h × 2 400 h,calcul,numérateur ÷ pensionnés ÷ 12
2002,travailleurs tunisiens à l'étranger (RTTE),pension moyenne mensuelle,76.39,dinars par mois,Σ classes × coefficient × SMIG 48 h × 2 400 h,calcul,numérateur ÷ pensionnés ÷ 12
2003,travailleurs tunisiens à l'étranger (RTTE),pension moyenne mensuelle,103.54,dinars par mois,Σ classes × coefficient × SMIG 48 h × 2 400 h,calcul,numérateur ÷ pensionnés ÷ 12
2004,travailleurs tunisiens à l'étranger (RTTE),pension moyenne mensuelle,149.22,dinars par mois,Σ classes × coefficient × SMIG 48 h × 2 400 h,calcul,numérateur ÷ pensionnés ÷ 12
2005,travailleurs tunisiens à l'étranger (RTTE),pension moyenne mensuelle,124.24,dinars par mois,Σ classes × coefficient × SMIG 48 h × 2 400 h,calcul,numérateur ÷ pensionnés ÷ 12
2006,travailleurs tunisiens à l'étranger (RTTE),pension moyenne mensuelle,147.44,dinars par mois,Σ classes × coefficient × SMIG 48 h × 2 400 h,calcul,numérateur ÷ pensionnés ÷ 12
2007,travailleurs tunisiens à l'étranger (RTTE),pension moyenne mensuelle,135.16,dinars par mois,Σ classes × coefficient × SMIG 48 h × 2 400 h,calcul,numérateur ÷ pensionnés ÷ 12
2008,travailleurs tunisiens à l'étranger (RTTE),pension moyenne mensuelle,133.33,dinars par mois,Σ classes × coefficient × SMIG 48 h × 2 400 h,calcul,numérateur ÷ pensionnés ÷ 12
2009,travailleurs tunisiens à l'étranger (RTTE),pension moyenne mensuelle,150.54,dinars par mois,Σ classes × coefficient × SMIG 48 h × 2 400 h,calcul,numérateur ÷ pensionnés ÷ 12
2010,travailleurs tunisiens à l'étranger (RTTE),pension moyenne mensuelle,179.76,dinars par mois,Σ classes × coefficient × SMIG 48 h × 2 400 h,calcul,numérateur ÷ pensionnés ÷ 12
2011,travailleurs tunisiens à l'étranger (RTTE),pension moyenne mensuelle,210.14,dinars par mois,Σ classes × coefficient × SMIG 48 h × 2 400 h,calcul,numérateur ÷ pensionnés ÷ 12
2012,travailleurs tunisiens à l'étranger (RTTE),pension moyenne mensuelle,218.39,dinars par mois,Σ classes × coefficient × SMIG 48 h × 2 400 h,calcul,numérateur ÷ pensionnés ÷ 12
2013,travailleurs tunisiens à l'étranger (RTTE),pension moyenne mensuelle,219.51,dinars par mois,Σ classes × coefficient × SMIG 48 h × 2 400 h,calcul,numérateur ÷ pensionnés ÷ 12
2014,travailleurs tunisiens à l'étranger (RTTE),pension moyenne mensuelle,272.22,dinars par mois,Σ classes × coefficient × SMIG 48 h × 2 400 h,calcul,numérateur ÷ pensionnés ÷ 12
2015,travailleurs tunisiens à l'étranger (RTTE),pension moyenne mensuelle,289.44,dinars par mois,Σ classes × coefficient × SMIG 48 h × 2 400 h,calcul,numérateur ÷ pensionnés ÷ 12
2016,travailleurs tunisiens à l'étranger (RTTE),pension moyenne mensuelle,288.79,dinars par mois,Σ classes × coefficient × SMIG 48 h × 2 400 h,calcul,numérateur ÷ pensionnés ÷ 12
2017,travailleurs tunisiens à l'étranger (RTTE),pension moyenne mensuelle,271.81,dinars par mois,Σ classes × coefficient × SMIG 48 h × 2 400 h,calcul,numérateur ÷ pensionnés ÷ 12
2000,travailleurs tunisiens à l'étranger (RTTE),"pensionnés, toutes natures",8.0,personnes,Σ classes × coefficient × SMIG 48 h × 2 400 h,"CNSS, annuaire statistique 2017 (arabe) ; 2010 pour les classes de 2000-2004 ; série cnss-regimes-annuaires (annuaire statistique 2017 (arabe), p. 279)",orphelins compris ; fin d'année
2001,travailleurs tunisiens à l'étranger (RTTE),"pensionnés, toutes natures",16.0,personnes,Σ classes × coefficient × SMIG 48 h × 2 400 h,"CNSS, annuaire statistique 2017 (arabe) ; 2010 pour les classes de 2000-2004 ; série cnss-regimes-annuaires (annuaire statistique 2017 (arabe), p. 279)",orphelins compris ; fin d'année
2002,travailleurs tunisiens à l'étranger (RTTE),"pensionnés, toutes natures",24.0,personnes,Σ classes × coefficient × SMIG 48 h × 2 400 h,"CNSS, annuaire statistique 2017 (arabe) ; 2010 pour les classes de 2000-2004 ; série cnss-regimes-annuaires (annuaire statistique 2017 (arabe), p. 279)",orphelins compris ; fin d'année
2003,travailleurs tunisiens à l'étranger (RTTE),"pensionnés, toutes natures",33.0,personnes,Σ classes × coefficient × SMIG 48 h × 2 400 h,"CNSS, annuaire statistique 2017 (arabe) ; 2010 pour les classes de 2000-2004 ; série cnss-regimes-annuaires (annuaire statistique 2017 (arabe), p. 279)",orphelins compris ; fin d'année
2004,travailleurs tunisiens à l'étranger (RTTE),"pensionnés, toutes natures",43.0,personnes,Σ classes × coefficient × SMIG 48 h × 2 400 h,"CNSS, annuaire statistique 2017 (arabe) ; 2010 pour les classes de 2000-2004 ; série cnss-regimes-annuaires (annuaire statistique 2017 (arabe), p. 279)",orphelins compris ; fin d'année
2005,travailleurs tunisiens à l'étranger (RTTE),"pensionnés, toutes natures",55.0,personnes,Σ classes × coefficient × SMIG 48 h × 2 400 h,"CNSS, annuaire statistique 2017 (arabe) ; 2010 pour les classes de 2000-2004 ; série cnss-regimes-annuaires (annuaire statistique 2017 (arabe), p. 279)",orphelins compris ; fin d'année
2006,travailleurs tunisiens à l'étranger (RTTE),"pensionnés, toutes natures",65.0,personnes,Σ classes × coefficient × SMIG 48 h × 2 400 h,"CNSS, annuaire statistique 2017 (arabe) ; 2010 pour les classes de 2000-2004 ; série cnss-regimes-annuaires (annuaire statistique 2017 (arabe), p. 279)",orphelins compris ; fin d'année
2007,travailleurs tunisiens à l'étranger (RTTE),"pensionnés, toutes natures",82.0,personnes,Σ classes × coefficient × SMIG 48 h × 2 400 h,"CNSS, annuaire statistique 2017 (arabe) ; 2010 pour les classes de 2000-2004 ; série cnss-regimes-annuaires (annuaire statistique 2017 (arabe), p. 279)",orphelins compris ; fin d'année
2008,travailleurs tunisiens à l'étranger (RTTE),"pensionnés, toutes natures",105.0,personnes,Σ classes × coefficient × SMIG 48 h × 2 400 h,"CNSS, annuaire statistique 2017 (arabe) ; 2010 pour les classes de 2000-2004 ; série cnss-regimes-annuaires (annuaire statistique 2017 (arabe), p. 279)",orphelins compris ; fin d'année
2009,travailleurs tunisiens à l'étranger (RTTE),"pensionnés, toutes natures",124.0,personnes,Σ classes × coefficient × SMIG 48 h × 2 400 h,"CNSS, annuaire statistique 2017 (arabe) ; 2010 pour les classes de 2000-2004 ; série cnss-regimes-annuaires (annuaire statistique 2017 (arabe), p. 279)",orphelins compris ; fin d'année
2010,travailleurs tunisiens à l'étranger (RTTE),"pensionnés, toutes natures",140.0,personnes,Σ classes × coefficient × SMIG 48 h × 2 400 h,"CNSS, annuaire statistique 2017 (arabe) ; 2010 pour les classes de 2000-2004 ; série cnss-regimes-annuaires (annuaire statistique 2017 (arabe), p. 279)",orphelins compris ; fin d'année
2011,travailleurs tunisiens à l'étranger (RTTE),"pensionnés, toutes natures",161.0,personnes,Σ classes × coefficient × SMIG 48 h × 2 400 h,"CNSS, annuaire statistique 2017 (arabe) ; 2010 pour les classes de 2000-2004 ; série cnss-regimes-annuaires (annuaire statistique 2017 (arabe), p. 279)",orphelins compris ; fin d'année
2012,travailleurs tunisiens à l'étranger (RTTE),"pensionnés, toutes natures",203.0,personnes,Σ classes × coefficient × SMIG 48 h × 2 400 h,"CNSS, annuaire statistique 2017 (arabe) ; 2010 pour les classes de 2000-2004 ; série cnss-regimes-annuaires (annuaire statistique 2017 (arabe), p. 279)",orphelins compris ; fin d'année
2013,travailleurs tunisiens à l'étranger (RTTE),"pensionnés, toutes natures",246.0,personnes,Σ classes × coefficient × SMIG 48 h × 2 400 h,"CNSS, annuaire statistique 2017 (arabe) ; 2010 pour les classes de 2000-2004 ; série cnss-regimes-annuaires (annuaire statistique 2017 (arabe), p. 279)",orphelins compris ; fin d'année
2014,travailleurs tunisiens à l'étranger (RTTE),"pensionnés, toutes natures",300.0,personnes,Σ classes × coefficient × SMIG 48 h × 2 400 h,"CNSS, annuaire statistique 2017 (arabe) ; 2010 pour les classes de 2000-2004 ; série cnss-regimes-annuaires (annuaire statistique 2017 (arabe), p. 279)",orphelins compris ; fin d'année
2015,travailleurs tunisiens à l'étranger (RTTE),"pensionnés, toutes natures",374.0,personnes,Σ classes × coefficient × SMIG 48 h × 2 400 h,"CNSS, annuaire statistique 2017 (arabe) ; 2010 pour les classes de 2000-2004 ; série cnss-regimes-annuaires (annuaire statistique 2017 (arabe), p. 279)",orphelins compris ; fin d'année
2016,travailleurs tunisiens à l'étranger (RTTE),"pensionnés, toutes natures",464.0,personnes,Σ classes × coefficient × SMIG 48 h × 2 400 h,"CNSS, annuaire statistique 2017 (arabe) ; 2010 pour les classes de 2000-2004 ; série cnss-regimes-annuaires (annuaire statistique 2017 (arabe), p. 279)",orphelins compris ; fin d'année
2017,travailleurs tunisiens à l'étranger (RTTE),"pensionnés, toutes natures",600.0,personnes,Σ classes × coefficient × SMIG 48 h × 2 400 h,"CNSS, annuaire statistique 2017 (arabe) ; 2010 pour les classes de 2000-2004 ; série cnss-regimes-annuaires (annuaire statistique 2017 (arabe), p. 279)",orphelins compris ; fin d'année
2000,travailleurs tunisiens à l'étranger (RTTE),pensions servies (numérateur),0.009,millions de dinars,Σ classes × coefficient × SMIG 48 h × 2 400 h,"CNSS, annuaire statistique 2017 (arabe) ; 2010 pour les classes de 2000-2004 ; série cnss-regimes-annuaires (annuaire statistique 2017 (arabe), p. 279)","toutes natures, orphelins compris ; montants en milliers de dinars dans l'annuaire"
2001,travailleurs tunisiens à l'étranger (RTTE),pensions servies (numérateur),0.011,millions de dinars,Σ classes × coefficient × SMIG 48 h × 2 400 h,"CNSS, annuaire statistique 2017 (arabe) ; 2010 pour les classes de 2000-2004 ; série cnss-regimes-annuaires (annuaire statistique 2017 (arabe), p. 279)","toutes natures, orphelins compris ; montants en milliers de dinars dans l'annuaire"
2002,travailleurs tunisiens à l'étranger (RTTE),pensions servies (numérateur),0.022,millions de dinars,Σ classes × coefficient × SMIG 48 h × 2 400 h,"CNSS, annuaire statistique 2017 (arabe) ; 2010 pour les classes de 2000-2004 ; série cnss-regimes-annuaires (annuaire statistique 2017 (arabe), p. 279)","toutes natures, orphelins compris ; montants en milliers de dinars dans l'annuaire"
2003,travailleurs tunisiens à l'étranger (RTTE),pensions servies (numérateur),0.041,millions de dinars,Σ classes × coefficient × SMIG 48 h × 2 400 h,"CNSS, annuaire statistique 2017 (arabe) ; 2010 pour les classes de 2000-2004 ; série cnss-regimes-annuaires (annuaire statistique 2017 (arabe), p. 279)","toutes natures, orphelins compris ; montants en milliers de dinars dans l'annuaire"
2004,travailleurs tunisiens à l'étranger (RTTE),pensions servies (numérateur),0.077,millions de dinars,Σ classes × coefficient × SMIG 48 h × 2 400 h,"CNSS, annuaire statistique 2017 (arabe) ; 2010 pour les classes de 2000-2004 ; série cnss-regimes-annuaires (annuaire statistique 2017 (arabe), p. 279)","toutes natures, orphelins compris ; montants en milliers de dinars dans l'annuaire"
2005,travailleurs tunisiens à l'étranger (RTTE),pensions servies (numérateur),0.082,millions de dinars,Σ classes × coefficient × SMIG 48 h × 2 400 h,"CNSS, annuaire statistique 2017 (arabe) ; 2010 pour les classes de 2000-2004 ; série cnss-regimes-annuaires (annuaire statistique 2017 (arabe), p. 279)","toutes natures, orphelins compris ; montants en milliers de dinars dans l'annuaire"
2006,travailleurs tunisiens à l'étranger (RTTE),pensions servies (numérateur),0.115,millions de dinars,Σ classes × coefficient × SMIG 48 h × 2 400 h,"CNSS, annuaire statistique 2017 (arabe) ; 2010 pour les classes de 2000-2004 ; série cnss-regimes-annuaires (annuaire statistique 2017 (arabe), p. 279)","toutes natures, orphelins compris ; montants en milliers de dinars dans l'annuaire"
2007,travailleurs tunisiens à l'étranger (RTTE),pensions servies (numérateur),0.133,millions de dinars,Σ classes × coefficient × SMIG 48 h × 2 400 h,"CNSS, annuaire statistique 2017 (arabe) ; 2010 pour les classes de 2000-2004 ; série cnss-regimes-annuaires (annuaire statistique 2017 (arabe), p. 279)","toutes natures, orphelins compris ; montants en milliers de dinars dans l'annuaire"
2008,travailleurs tunisiens à l'étranger (RTTE),pensions servies (numérateur),0.168,millions de dinars,Σ classes × coefficient × SMIG 48 h × 2 400 h,"CNSS, annuaire statistique 2017 (arabe) ; 2010 pour les classes de 2000-2004 ; série cnss-regimes-annuaires (annuaire statistique 2017 (arabe), p. 279)","toutes natures, orphelins compris ; montants en milliers de dinars dans l'annuaire"
2009,travailleurs tunisiens à l'étranger (RTTE),pensions servies (numérateur),0.224,millions de dinars,Σ classes × coefficient × SMIG 48 h × 2 400 h,"CNSS, annuaire statistique 2017 (arabe) ; 2010 pour les classes de 2000-2004 ; série cnss-regimes-annuaires (annuaire statistique 2017 (arabe), p. 279)","toutes natures, orphelins compris ; montants en milliers de dinars dans l'annuaire"
2010,travailleurs tunisiens à l'étranger (RTTE),pensions servies (numérateur),0.302,millions de dinars,Σ classes × coefficient × SMIG 48 h × 2 400 h,"CNSS, annuaire statistique 2017 (arabe) ; 2010 pour les classes de 2000-2004 ; série cnss-regimes-annuaires (annuaire statistique 2017 (arabe), p. 279)","toutes natures, orphelins compris ; montants en milliers de dinars dans l'annuaire"
2011,travailleurs tunisiens à l'étranger (RTTE),pensions servies (numérateur),0.406,millions de dinars,Σ classes × coefficient × SMIG 48 h × 2 400 h,"CNSS, annuaire statistique 2017 (arabe) ; 2010 pour les classes de 2000-2004 ; série cnss-regimes-annuaires (annuaire statistique 2017 (arabe), p. 279)","toutes natures, orphelins compris ; montants en milliers de dinars dans l'annuaire"
2012,travailleurs tunisiens à l'étranger (RTTE),pensions servies (numérateur),0.532,millions de dinars,Σ classes × coefficient × SMIG 48 h × 2 400 h,"CNSS, annuaire statistique 2017 (arabe) ; 2010 pour les classes de 2000-2004 ; série cnss-regimes-annuaires (annuaire statistique 2017 (arabe), p. 279)","toutes natures, orphelins compris ; montants en milliers de dinars dans l'annuaire"
2013,travailleurs tunisiens à l'étranger (RTTE),pensions servies (numérateur),0.648,millions de dinars,Σ classes × coefficient × SMIG 48 h × 2 400 h,"CNSS, annuaire statistique 2017 (arabe) ; 2010 pour les classes de 2000-2004 ; série cnss-regimes-annuaires (annuaire statistique 2017 (arabe), p. 279)","toutes natures, orphelins compris ; montants en milliers de dinars dans l'annuaire"
2014,travailleurs tunisiens à l'étranger (RTTE),pensions servies (numérateur),0.98,millions de dinars,Σ classes × coefficient × SMIG 48 h × 2 400 h,"CNSS, annuaire statistique 2017 (arabe) ; 2010 pour les classes de 2000-2004 ; série cnss-regimes-annuaires (annuaire statistique 2017 (arabe), p. 279)","toutes natures, orphelins compris ; montants en milliers de dinars dans l'annuaire"
2015,travailleurs tunisiens à l'étranger (RTTE),pensions servies (numérateur),1.299,millions de dinars,Σ classes × coefficient × SMIG 48 h × 2 400 h,"CNSS, annuaire statistique 2017 (arabe) ; 2010 pour les classes de 2000-2004 ; série cnss-regimes-annuaires (annuaire statistique 2017 (arabe), p. 279)","toutes natures, orphelins compris ; montants en milliers de dinars dans l'annuaire"
2016,travailleurs tunisiens à l'étranger (RTTE),pensions servies (numérateur),1.608,millions de dinars,Σ classes × coefficient × SMIG 48 h × 2 400 h,"CNSS, annuaire statistique 2017 (arabe) ; 2010 pour les classes de 2000-2004 ; série cnss-regimes-annuaires (annuaire statistique 2017 (arabe), p. 279)","toutes natures, orphelins compris ; montants en milliers de dinars dans l'annuaire"
2017,travailleurs tunisiens à l'étranger (RTTE),pensions servies (numérateur),1.957,millions de dinars,Σ classes × coefficient × SMIG 48 h × 2 400 h,"CNSS, annuaire statistique 2017 (arabe) ; 2010 pour les classes de 2000-2004 ; série cnss-regimes-annuaires (annuaire statistique 2017 (arabe), p. 279)","toutes natures, orphelins compris ; montants en milliers de dinars dans l'annuaire"
2000,travailleurs tunisiens à l'étranger (RTTE),ratio pensionnés / cotisants,0.01068091,taux,Σ classes × coefficient × SMIG 48 h × 2 400 h,calcul,pensionnés ÷ actifs
2001,travailleurs tunisiens à l'étranger (RTTE),ratio pensionnés / cotisants,0.01895735,taux,Σ classes × coefficient × SMIG 48 h × 2 400 h,calcul,pensionnés ÷ actifs
2002,travailleurs tunisiens à l'étranger (RTTE),ratio pensionnés / cotisants,0.02542373,taux,Σ classes × coefficient × SMIG 48 h × 2 400 h,calcul,pensionnés ÷ actifs
2003,travailleurs tunisiens à l'étranger (RTTE),ratio pensionnés / cotisants,0.03052729,taux,Σ classes × coefficient × SMIG 48 h × 2 400 h,calcul,pensionnés ÷ actifs
2004,travailleurs tunisiens à l'étranger (RTTE),ratio pensionnés / cotisants,0.03547855,taux,Σ classes × coefficient × SMIG 48 h × 2 400 h,calcul,pensionnés ÷ actifs
2005,travailleurs tunisiens à l'étranger (RTTE),ratio pensionnés / cotisants,0.04008746,taux,Σ classes × coefficient × SMIG 48 h × 2 400 h,calcul,pensionnés ÷ actifs
2006,travailleurs tunisiens à l'étranger (RTTE),ratio pensionnés / cotisants,0.04231771,taux,Σ classes × coefficient × SMIG 48 h × 2 400 h,calcul,pensionnés ÷ actifs
2007,travailleurs tunisiens à l'étranger (RTTE),ratio pensionnés / cotisants,0.04422869,taux,Σ classes × coefficient × SMIG 48 h × 2 400 h,calcul,pensionnés ÷ actifs
2008,travailleurs tunisiens à l'étranger (RTTE),ratio pensionnés / cotisants,0.04858862,taux,Σ classes × coefficient × SMIG 48 h × 2 400 h,calcul,pensionnés ÷ actifs
2009,travailleurs tunisiens à l'étranger (RTTE),ratio pensionnés / cotisants,0.0564663,taux,Σ classes × coefficient × SMIG 48 h × 2 400 h,calcul,pensionnés ÷ actifs
2010,travailleurs tunisiens à l'étranger (RTTE),ratio pensionnés / cotisants,0.06343453,taux,Σ classes × coefficient × SMIG 48 h × 2 400 h,calcul,pensionnés ÷ actifs
2011,travailleurs tunisiens à l'étranger (RTTE),ratio pensionnés / cotisants,0.07732949,taux,Σ classes × coefficient × SMIG 48 h × 2 400 h,calcul,pensionnés ÷ actifs
2012,travailleurs tunisiens à l'étranger (RTTE),ratio pensionnés / cotisants,0.10119641,taux,Σ classes × coefficient × SMIG 48 h × 2 400 h,calcul,pensionnés ÷ actifs
2013,travailleurs tunisiens à l'étranger (RTTE),ratio pensionnés / cotisants,0.12349398,taux,Σ classes × coefficient × SMIG 48 h × 2 400 h,calcul,pensionnés ÷ actifs
2014,travailleurs tunisiens à l'étranger (RTTE),ratio pensionnés / cotisants,0.15416238,taux,Σ classes × coefficient × SMIG 48 h × 2 400 h,calcul,pensionnés ÷ actifs
2015,travailleurs tunisiens à l'étranger (RTTE),ratio pensionnés / cotisants,0.19883041,taux,Σ classes × coefficient × SMIG 48 h × 2 400 h,calcul,pensionnés ÷ actifs
2016,travailleurs tunisiens à l'étranger (RTTE),ratio pensionnés / cotisants,0.25217391,taux,Σ classes × coefficient × SMIG 48 h × 2 400 h,calcul,pensionnés ÷ actifs
2017,travailleurs tunisiens à l'étranger (RTTE),ratio pensionnés / cotisants,0.34443169,taux,Σ classes × coefficient × SMIG 48 h × 2 400 h,calcul,pensionnés ÷ actifs
2000,travailleurs tunisiens à l'étranger (RTTE),revenu d'assiette moyen mensuel,574.04,dinars par mois,Σ classes × coefficient × SMIG 48 h × 2 400 h,calcul,"dénominateur ÷ actifs ÷ 12 ; revenu forfaitaire, non revenu réel"
2001,travailleurs tunisiens à l'étranger (RTTE),revenu d'assiette moyen mensuel,584.99,dinars par mois,Σ classes × coefficient × SMIG 48 h × 2 400 h,calcul,"dénominateur ÷ actifs ÷ 12 ; revenu forfaitaire, non revenu réel"
2002,travailleurs tunisiens à l'étranger (RTTE),revenu d'assiette moyen mensuel,617.97,dinars par mois,Σ classes × coefficient × SMIG 48 h × 2 400 h,calcul,"dénominateur ÷ actifs ÷ 12 ; revenu forfaitaire, non revenu réel"
2003,travailleurs tunisiens à l'étranger (RTTE),revenu d'assiette moyen mensuel,638.28,dinars par mois,Σ classes × coefficient × SMIG 48 h × 2 400 h,calcul,"dénominateur ÷ actifs ÷ 12 ; revenu forfaitaire, non revenu réel"
2004,travailleurs tunisiens à l'étranger (RTTE),revenu d'assiette moyen mensuel,651.04,dinars par mois,Σ classes × coefficient × SMIG 48 h × 2 400 h,calcul,"dénominateur ÷ actifs ÷ 12 ; revenu forfaitaire, non revenu réel"
2005,travailleurs tunisiens à l'étranger (RTTE),revenu d'assiette moyen mensuel,695.77,dinars par mois,Σ classes × coefficient × SMIG 48 h × 2 400 h,calcul,"dénominateur ÷ actifs ÷ 12 ; revenu forfaitaire, non revenu réel"
2006,travailleurs tunisiens à l'étranger (RTTE),revenu d'assiette moyen mensuel,726.11,dinars par mois,Σ classes × coefficient × SMIG 48 h × 2 400 h,calcul,"dénominateur ÷ actifs ÷ 12 ; revenu forfaitaire, non revenu réel"
2007,travailleurs tunisiens à l'étranger (RTTE),revenu d'assiette moyen mensuel,763.05,dinars par mois,Σ classes × coefficient × SMIG 48 h × 2 400 h,calcul,"dénominateur ÷ actifs ÷ 12 ; revenu forfaitaire, non revenu réel"
2008,travailleurs tunisiens à l'étranger (RTTE),revenu d'assiette moyen mensuel,770.66,dinars par mois,Σ classes × coefficient × SMIG 48 h × 2 400 h,calcul,"dénominateur ÷ actifs ÷ 12 ; revenu forfaitaire, non revenu réel"
2009,travailleurs tunisiens à l'étranger (RTTE),revenu d'assiette moyen mensuel,808.44,dinars par mois,Σ classes × coefficient × SMIG 48 h × 2 400 h,calcul,"dénominateur ÷ actifs ÷ 12 ; revenu forfaitaire, non revenu réel"
2010,travailleurs tunisiens à l'étranger (RTTE),revenu d'assiette moyen mensuel,837.07,dinars par mois,Σ classes × coefficient × SMIG 48 h × 2 400 h,calcul,"dénominateur ÷ actifs ÷ 12 ; revenu forfaitaire, non revenu réel"
2011,travailleurs tunisiens à l'étranger (RTTE),revenu d'assiette moyen mensuel,885.16,dinars par mois,Σ classes × coefficient × SMIG 48 h × 2 400 h,calcul,"dénominateur ÷ actifs ÷ 12 ; revenu forfaitaire, non revenu réel"
2012,travailleurs tunisiens à l'étranger (RTTE),revenu d'assiette moyen mensuel,954.14,dinars par mois,Σ classes × coefficient × SMIG 48 h × 2 400 h,calcul,"dénominateur ÷ actifs ÷ 12 ; revenu forfaitaire, non revenu réel"
2013,travailleurs tunisiens à l'étranger (RTTE),revenu d'assiette moyen mensuel,999.53,dinars par mois,Σ classes × coefficient × SMIG 48 h × 2 400 h,calcul,"dénominateur ÷ actifs ÷ 12 ; revenu forfaitaire, non revenu réel"
2014,travailleurs tunisiens à l'étranger (RTTE),revenu d'assiette moyen mensuel,1002.28,dinars par mois,Σ classes × coefficient × SMIG 48 h × 2 400 h,calcul,"dénominateur ÷ actifs ÷ 12 ; revenu forfaitaire, non revenu réel"
2015,travailleurs tunisiens à l'étranger (RTTE),revenu d'assiette moyen mensuel,1073.08,dinars par mois,Σ classes × coefficient × SMIG 48 h × 2 400 h,calcul,"dénominateur ÷ actifs ÷ 12 ; revenu forfaitaire, non revenu réel"
2016,travailleurs tunisiens à l'étranger (RTTE),revenu d'assiette moyen mensuel,1131.32,dinars par mois,Σ classes × coefficient × SMIG 48 h × 2 400 h,calcul,"dénominateur ÷ actifs ÷ 12 ; revenu forfaitaire, non revenu réel"
2017,travailleurs tunisiens à l'étranger (RTTE),revenu d'assiette moyen mensuel,1185.34,dinars par mois,Σ classes × coefficient × SMIG 48 h × 2 400 h,calcul,"dénominateur ÷ actifs ÷ 12 ; revenu forfaitaire, non revenu réel"
2000,travailleurs tunisiens à l'étranger (RTTE),taux d'équilibre,0.00174437,taux,Σ classes × coefficient × SMIG 48 h × 2 400 h,calcul,numérateur ÷ dénominateur = remplacement apparent × ratio pensionnés / cotisants
2001,travailleurs tunisiens à l'étranger (RTTE),taux d'équilibre,0.00185661,taux,Σ classes × coefficient × SMIG 48 h × 2 400 h,calcul,numérateur ÷ dénominateur = remplacement apparent × ratio pensionnés / cotisants
2002,travailleurs tunisiens à l'étranger (RTTE),taux d'équilibre,0.00314269,taux,Σ classes × coefficient × SMIG 48 h × 2 400 h,calcul,numérateur ÷ dénominateur = remplacement apparent × ratio pensionnés / cotisants
2003,travailleurs tunisiens à l'étranger (RTTE),taux d'équilibre,0.00495182,taux,Σ classes × coefficient × SMIG 48 h × 2 400 h,calcul,numérateur ÷ dénominateur = remplacement apparent × ratio pensionnés / cotisants
2004,travailleurs tunisiens à l'étranger (RTTE),taux d'équilibre,0.00813203,taux,Σ classes × coefficient × SMIG 48 h × 2 400 h,calcul,numérateur ÷ dénominateur = remplacement apparent × ratio pensionnés / cotisants
2005,travailleurs tunisiens à l'étranger (RTTE),taux d'équilibre,0.0071584,taux,Σ classes × coefficient × SMIG 48 h × 2 400 h,calcul,numérateur ÷ dénominateur = remplacement apparent × ratio pensionnés / cotisants
2006,travailleurs tunisiens à l'étranger (RTTE),taux d'équilibre,0.00859262,taux,Σ classes × coefficient × SMIG 48 h × 2 400 h,calcul,numérateur ÷ dénominateur = remplacement apparent × ratio pensionnés / cotisants
2007,travailleurs tunisiens à l'étranger (RTTE),taux d'équilibre,0.00783448,taux,Σ classes × coefficient × SMIG 48 h × 2 400 h,calcul,numérateur ÷ dénominateur = remplacement apparent × ratio pensionnés / cotisants
2008,travailleurs tunisiens à l'étranger (RTTE),taux d'équilibre,0.00840642,taux,Σ classes × coefficient × SMIG 48 h × 2 400 h,calcul,numérateur ÷ dénominateur = remplacement apparent × ratio pensionnés / cotisants
2009,travailleurs tunisiens à l'étranger (RTTE),taux d'équilibre,0.0105145,taux,Σ classes × coefficient × SMIG 48 h × 2 400 h,calcul,numérateur ÷ dénominateur = remplacement apparent × ratio pensionnés / cotisants
2010,travailleurs tunisiens à l'étranger (RTTE),taux d'équilibre,0.01362258,taux,Σ classes × coefficient × SMIG 48 h × 2 400 h,calcul,numérateur ÷ dénominateur = remplacement apparent × ratio pensionnés / cotisants
2011,travailleurs tunisiens à l'étranger (RTTE),taux d'équilibre,0.01835867,taux,Σ classes × coefficient × SMIG 48 h × 2 400 h,calcul,numérateur ÷ dénominateur = remplacement apparent × ratio pensionnés / cotisants
2012,travailleurs tunisiens à l'étranger (RTTE),taux d'équilibre,0.02316266,taux,Σ classes × coefficient × SMIG 48 h × 2 400 h,calcul,numérateur ÷ dénominateur = remplacement apparent × ratio pensionnés / cotisants
2013,travailleurs tunisiens à l'étranger (RTTE),taux d'équilibre,0.0271212,taux,Σ classes × coefficient × SMIG 48 h × 2 400 h,calcul,numérateur ÷ dénominateur = remplacement apparent × ratio pensionnés / cotisants
2014,travailleurs tunisiens à l'étranger (RTTE),taux d'équilibre,0.04187102,taux,Σ classes × coefficient × SMIG 48 h × 2 400 h,calcul,numérateur ÷ dénominateur = remplacement apparent × ratio pensionnés / cotisants
2015,travailleurs tunisiens à l'étranger (RTTE),taux d'équilibre,0.0536297,taux,Σ classes × coefficient × SMIG 48 h × 2 400 h,calcul,numérateur ÷ dénominateur = remplacement apparent × ratio pensionnés / cotisants
2016,travailleurs tunisiens à l'étranger (RTTE),taux d'équilibre,0.06437279,taux,Σ classes × coefficient × SMIG 48 h × 2 400 h,calcul,numérateur ÷ dénominateur = remplacement apparent × ratio pensionnés / cotisants
2017,travailleurs tunisiens à l'étranger (RTTE),taux d'équilibre,0.07898017,taux,Σ classes × coefficient × SMIG 48 h × 2 400 h,calcul,numérateur ÷ dénominateur = remplacement apparent × ratio pensionnés / cotisants
2000,travailleurs tunisiens à l'étranger (RTTE),"taux d'équilibre, SMIG et SMAG moyens de l'année",0.0017063,taux,Σ classes × coefficient × SMIG 48 h × 2 400 h,calcul,variante : SMIG (SMAG) moyen de l'année au prorata des jours de vigueur
2001,travailleurs tunisiens à l'étranger (RTTE),"taux d'équilibre, SMIG et SMAG moyens de l'année",0.00181489,taux,Σ classes × coefficient × SMIG 48 h × 2 400 h,calcul,variante : SMIG (SMAG) moyen de l'année au prorata des jours de vigueur
2002,travailleurs tunisiens à l'étranger (RTTE),"taux d'équilibre, SMIG et SMAG moyens de l'année",0.00308642,taux,Σ classes × coefficient × SMIG 48 h × 2 400 h,calcul,variante : SMIG (SMAG) moyen de l'année au prorata des jours de vigueur
2003,travailleurs tunisiens à l'étranger (RTTE),"taux d'équilibre, SMIG et SMAG moyens de l'année",0.00484893,taux,Σ classes × coefficient × SMIG 48 h × 2 400 h,calcul,variante : SMIG (SMAG) moyen de l'année au prorata des jours de vigueur
2004,travailleurs tunisiens à l'étranger (RTTE),"taux d'équilibre, SMIG et SMAG moyens de l'année",0.00799735,taux,Σ classes × coefficient × SMIG 48 h × 2 400 h,calcul,variante : SMIG (SMAG) moyen de l'année au prorata des jours de vigueur
2005,travailleurs tunisiens à l'étranger (RTTE),"taux d'équilibre, SMIG et SMAG moyens de l'année",0.00709286,taux,Σ classes × coefficient × SMIG 48 h × 2 400 h,calcul,variante : SMIG (SMAG) moyen de l'année au prorata des jours de vigueur
2006,travailleurs tunisiens à l'étranger (RTTE),"taux d'équilibre, SMIG et SMAG moyens de l'année",0.00845813,taux,Σ classes × coefficient × SMIG 48 h × 2 400 h,calcul,variante : SMIG (SMAG) moyen de l'année au prorata des jours de vigueur
2007,travailleurs tunisiens à l'étranger (RTTE),"taux d'équilibre, SMIG et SMAG moyens de l'année",0.00769152,taux,Σ classes × coefficient × SMIG 48 h × 2 400 h,calcul,variante : SMIG (SMAG) moyen de l'année au prorata des jours de vigueur
2008,travailleurs tunisiens à l'étranger (RTTE),"taux d'équilibre, SMIG et SMAG moyens de l'année",0.00819907,taux,Σ classes × coefficient × SMIG 48 h × 2 400 h,calcul,variante : SMIG (SMAG) moyen de l'année au prorata des jours de vigueur
2009,travailleurs tunisiens à l'étranger (RTTE),"taux d'équilibre, SMIG et SMAG moyens de l'année",0.01036383,taux,Σ classes × coefficient × SMIG 48 h × 2 400 h,calcul,variante : SMIG (SMAG) moyen de l'année au prorata des jours de vigueur
2010,travailleurs tunisiens à l'étranger (RTTE),"taux d'équilibre, SMIG et SMAG moyens de l'année",0.01331718,taux,Σ classes × coefficient × SMIG 48 h × 2 400 h,calcul,variante : SMIG (SMAG) moyen de l'année au prorata des jours de vigueur
2011,travailleurs tunisiens à l'étranger (RTTE),"taux d'équilibre, SMIG et SMAG moyens de l'année",0.01776693,taux,Σ classes × coefficient × SMIG 48 h × 2 400 h,calcul,variante : SMIG (SMAG) moyen de l'année au prorata des jours de vigueur
2012,travailleurs tunisiens à l'étranger (RTTE),"taux d'équilibre, SMIG et SMAG moyens de l'année",0.02253643,taux,Σ classes × coefficient × SMIG 48 h × 2 400 h,calcul,variante : SMIG (SMAG) moyen de l'année au prorata des jours de vigueur
2013,travailleurs tunisiens à l'étranger (RTTE),"taux d'équilibre, SMIG et SMAG moyens de l'année",0.0271212,taux,Σ classes × coefficient × SMIG 48 h × 2 400 h,calcul,variante : SMIG (SMAG) moyen de l'année au prorata des jours de vigueur
2014,travailleurs tunisiens à l'étranger (RTTE),"taux d'équilibre, SMIG et SMAG moyens de l'année",0.04025107,taux,Σ classes × coefficient × SMIG 48 h × 2 400 h,calcul,variante : SMIG (SMAG) moyen de l'année au prorata des jours de vigueur
2015,travailleurs tunisiens à l'étranger (RTTE),"taux d'équilibre, SMIG et SMAG moyens de l'année",0.05166789,taux,Σ classes × coefficient × SMIG 48 h × 2 400 h,calcul,variante : SMIG (SMAG) moyen de l'année au prorata des jours de vigueur
2016,travailleurs tunisiens à l'étranger (RTTE),"taux d'équilibre, SMIG et SMAG moyens de l'année",0.06288449,taux,Σ classes × coefficient × SMIG 48 h × 2 400 h,calcul,variante : SMIG (SMAG) moyen de l'année au prorata des jours de vigueur
2017,travailleurs tunisiens à l'étranger (RTTE),"taux d'équilibre, SMIG et SMAG moyens de l'année",0.07898017,taux,Σ classes × coefficient × SMIG 48 h × 2 400 h,calcul,variante : SMIG (SMAG) moyen de l'année au prorata des jours de vigueur
2000,travailleurs tunisiens à l'étranger (RTTE),taux de remplacement apparent,0.16331689,taux,Σ classes × coefficient × SMIG 48 h × 2 400 h,calcul,pension moyenne ÷ revenu moyen
2001,travailleurs tunisiens à l'étranger (RTTE),taux de remplacement apparent,0.0979363,taux,Σ classes × coefficient × SMIG 48 h × 2 400 h,calcul,pension moyenne ÷ revenu moyen
2002,travailleurs tunisiens à l'étranger (RTTE),taux de remplacement apparent,0.12361255,taux,Σ classes × coefficient × SMIG 48 h × 2 400 h,calcul,pension moyenne ÷ revenu moyen
2003,travailleurs tunisiens à l'étranger (RTTE),taux de remplacement apparent,0.16220971,taux,Σ classes × coefficient × SMIG 48 h × 2 400 h,calcul,pension moyenne ÷ revenu moyen
2004,travailleurs tunisiens à l'étranger (RTTE),taux de remplacement apparent,0.22920974,taux,Σ classes × coefficient × SMIG 48 h × 2 400 h,calcul,pension moyenne ÷ revenu moyen
2005,travailleurs tunisiens à l'étranger (RTTE),taux de remplacement apparent,0.17856944,taux,Σ classes × coefficient × SMIG 48 h × 2 400 h,calcul,pension moyenne ÷ revenu moyen
2006,travailleurs tunisiens à l'étranger (RTTE),taux de remplacement apparent,0.20305011,taux,Σ classes × coefficient × SMIG 48 h × 2 400 h,calcul,pension moyenne ÷ revenu moyen
2007,travailleurs tunisiens à l'étranger (RTTE),taux de remplacement apparent,0.1771357,taux,Σ classes × coefficient × SMIG 48 h × 2 400 h,calcul,pension moyenne ÷ revenu moyen
2008,travailleurs tunisiens à l'étranger (RTTE),taux de remplacement apparent,0.1730122,taux,Σ classes × coefficient × SMIG 48 h × 2 400 h,calcul,pension moyenne ÷ revenu moyen
2009,travailleurs tunisiens à l'étranger (RTTE),taux de remplacement apparent,0.18620842,taux,Σ classes × coefficient × SMIG 48 h × 2 400 h,calcul,pension moyenne ÷ revenu moyen
2010,travailleurs tunisiens à l'étranger (RTTE),taux de remplacement apparent,0.21475021,taux,Σ classes × coefficient × SMIG 48 h × 2 400 h,calcul,pension moyenne ÷ revenu moyen
2011,travailleurs tunisiens à l'étranger (RTTE),taux de remplacement apparent,0.23740835,taux,Σ classes × coefficient × SMIG 48 h × 2 400 h,calcul,pension moyenne ÷ revenu moyen
2012,travailleurs tunisiens à l'étranger (RTTE),taux de remplacement apparent,0.22888817,taux,Σ classes × coefficient × SMIG 48 h × 2 400 h,calcul,pension moyenne ÷ revenu moyen
2013,travailleurs tunisiens à l'étranger (RTTE),taux de remplacement apparent,0.21961559,taux,Σ classes × coefficient × SMIG 48 h × 2 400 h,calcul,pension moyenne ÷ revenu moyen
2014,travailleurs tunisiens à l'étranger (RTTE),taux de remplacement apparent,0.27160334,taux,Σ classes × coefficient × SMIG 48 h × 2 400 h,calcul,pension moyenne ÷ revenu moyen
2015,travailleurs tunisiens à l'étranger (RTTE),taux de remplacement apparent,0.26972583,taux,Σ classes × coefficient × SMIG 48 h × 2 400 h,calcul,pension moyenne ÷ revenu moyen
2016,travailleurs tunisiens à l'étranger (RTTE),taux de remplacement apparent,0.25527139,taux,Σ classes × coefficient × SMIG 48 h × 2 400 h,calcul,pension moyenne ÷ revenu moyen
2017,travailleurs tunisiens à l'étranger (RTTE),taux de remplacement apparent,0.22930577,taux,Σ classes × coefficient × SMIG 48 h × 2 400 h,calcul,pension moyenne ÷ revenu moyen
2000,travailleurs tunisiens à l'étranger (RTTE),taux légal de la branche pensions,0.0525,taux,Σ classes × coefficient × SMIG 48 h × 2 400 h,"décret n° 89-107 du 10 janvier 1989, art. 6, 7 et 19, JORT n° 4 du 17 janvier 1989, p. 98-99 (https://www.pist.tn/jort/1989/1989F/Jo00489.pdf)","en vigueur depuis le 19 janvier 1989 (sans clause d'effet : un jour franc après la publication du 17 janvier 1989) ; constant sur 2000-2017 d'après les textes ; publié par la caisse pour 2013 et 2017 seulement (annuaire 2013 p. 340, 2017 p. 346)"
2001,travailleurs tunisiens à l'étranger (RTTE),taux légal de la branche pensions,0.0525,taux,Σ classes × coefficient × SMIG 48 h × 2 400 h,"décret n° 89-107 du 10 janvier 1989, art. 6, 7 et 19, JORT n° 4 du 17 janvier 1989, p. 98-99 (https://www.pist.tn/jort/1989/1989F/Jo00489.pdf)","en vigueur depuis le 19 janvier 1989 (sans clause d'effet : un jour franc après la publication du 17 janvier 1989) ; constant sur 2000-2017 d'après les textes ; publié par la caisse pour 2013 et 2017 seulement (annuaire 2013 p. 340, 2017 p. 346)"
2002,travailleurs tunisiens à l'étranger (RTTE),taux légal de la branche pensions,0.0525,taux,Σ classes × coefficient × SMIG 48 h × 2 400 h,"décret n° 89-107 du 10 janvier 1989, art. 6, 7 et 19, JORT n° 4 du 17 janvier 1989, p. 98-99 (https://www.pist.tn/jort/1989/1989F/Jo00489.pdf)","en vigueur depuis le 19 janvier 1989 (sans clause d'effet : un jour franc après la publication du 17 janvier 1989) ; constant sur 2000-2017 d'après les textes ; publié par la caisse pour 2013 et 2017 seulement (annuaire 2013 p. 340, 2017 p. 346)"
2003,travailleurs tunisiens à l'étranger (RTTE),taux légal de la branche pensions,0.0525,taux,Σ classes × coefficient × SMIG 48 h × 2 400 h,"décret n° 89-107 du 10 janvier 1989, art. 6, 7 et 19, JORT n° 4 du 17 janvier 1989, p. 98-99 (https://www.pist.tn/jort/1989/1989F/Jo00489.pdf)","en vigueur depuis le 19 janvier 1989 (sans clause d'effet : un jour franc après la publication du 17 janvier 1989) ; constant sur 2000-2017 d'après les textes ; publié par la caisse pour 2013 et 2017 seulement (annuaire 2013 p. 340, 2017 p. 346)"
2004,travailleurs tunisiens à l'étranger (RTTE),taux légal de la branche pensions,0.0525,taux,Σ classes × coefficient × SMIG 48 h × 2 400 h,"décret n° 89-107 du 10 janvier 1989, art. 6, 7 et 19, JORT n° 4 du 17 janvier 1989, p. 98-99 (https://www.pist.tn/jort/1989/1989F/Jo00489.pdf)","en vigueur depuis le 19 janvier 1989 (sans clause d'effet : un jour franc après la publication du 17 janvier 1989) ; constant sur 2000-2017 d'après les textes ; publié par la caisse pour 2013 et 2017 seulement (annuaire 2013 p. 340, 2017 p. 346)"
2005,travailleurs tunisiens à l'étranger (RTTE),taux légal de la branche pensions,0.0525,taux,Σ classes × coefficient × SMIG 48 h × 2 400 h,"décret n° 89-107 du 10 janvier 1989, art. 6, 7 et 19, JORT n° 4 du 17 janvier 1989, p. 98-99 (https://www.pist.tn/jort/1989/1989F/Jo00489.pdf)","en vigueur depuis le 19 janvier 1989 (sans clause d'effet : un jour franc après la publication du 17 janvier 1989) ; constant sur 2000-2017 d'après les textes ; publié par la caisse pour 2013 et 2017 seulement (annuaire 2013 p. 340, 2017 p. 346)"
2006,travailleurs tunisiens à l'étranger (RTTE),taux légal de la branche pensions,0.0525,taux,Σ classes × coefficient × SMIG 48 h × 2 400 h,"décret n° 89-107 du 10 janvier 1989, art. 6, 7 et 19, JORT n° 4 du 17 janvier 1989, p. 98-99 (https://www.pist.tn/jort/1989/1989F/Jo00489.pdf)","en vigueur depuis le 19 janvier 1989 (sans clause d'effet : un jour franc après la publication du 17 janvier 1989) ; constant sur 2000-2017 d'après les textes ; publié par la caisse pour 2013 et 2017 seulement (annuaire 2013 p. 340, 2017 p. 346)"
2007,travailleurs tunisiens à l'étranger (RTTE),taux légal de la branche pensions,0.0525,taux,Σ classes × coefficient × SMIG 48 h × 2 400 h,"décret n° 89-107 du 10 janvier 1989, art. 6, 7 et 19, JORT n° 4 du 17 janvier 1989, p. 98-99 (https://www.pist.tn/jort/1989/1989F/Jo00489.pdf)","en vigueur depuis le 19 janvier 1989 (sans clause d'effet : un jour franc après la publication du 17 janvier 1989) ; constant sur 2000-2017 d'après les textes ; publié par la caisse pour 2013 et 2017 seulement (annuaire 2013 p. 340, 2017 p. 346)"
2008,travailleurs tunisiens à l'étranger (RTTE),taux légal de la branche pensions,0.0525,taux,Σ classes × coefficient × SMIG 48 h × 2 400 h,"décret n° 89-107 du 10 janvier 1989, art. 6, 7 et 19, JORT n° 4 du 17 janvier 1989, p. 98-99 (https://www.pist.tn/jort/1989/1989F/Jo00489.pdf)","en vigueur depuis le 19 janvier 1989 (sans clause d'effet : un jour franc après la publication du 17 janvier 1989) ; constant sur 2000-2017 d'après les textes ; publié par la caisse pour 2013 et 2017 seulement (annuaire 2013 p. 340, 2017 p. 346)"
2009,travailleurs tunisiens à l'étranger (RTTE),taux légal de la branche pensions,0.0525,taux,Σ classes × coefficient × SMIG 48 h × 2 400 h,"décret n° 89-107 du 10 janvier 1989, art. 6, 7 et 19, JORT n° 4 du 17 janvier 1989, p. 98-99 (https://www.pist.tn/jort/1989/1989F/Jo00489.pdf)","en vigueur depuis le 19 janvier 1989 (sans clause d'effet : un jour franc après la publication du 17 janvier 1989) ; constant sur 2000-2017 d'après les textes ; publié par la caisse pour 2013 et 2017 seulement (annuaire 2013 p. 340, 2017 p. 346)"
2010,travailleurs tunisiens à l'étranger (RTTE),taux légal de la branche pensions,0.0525,taux,Σ classes × coefficient × SMIG 48 h × 2 400 h,"décret n° 89-107 du 10 janvier 1989, art. 6, 7 et 19, JORT n° 4 du 17 janvier 1989, p. 98-99 (https://www.pist.tn/jort/1989/1989F/Jo00489.pdf)","en vigueur depuis le 19 janvier 1989 (sans clause d'effet : un jour franc après la publication du 17 janvier 1989) ; constant sur 2000-2017 d'après les textes ; publié par la caisse pour 2013 et 2017 seulement (annuaire 2013 p. 340, 2017 p. 346)"
2011,travailleurs tunisiens à l'étranger (RTTE),taux légal de la branche pensions,0.0525,taux,Σ classes × coefficient × SMIG 48 h × 2 400 h,"décret n° 89-107 du 10 janvier 1989, art. 6, 7 et 19, JORT n° 4 du 17 janvier 1989, p. 98-99 (https://www.pist.tn/jort/1989/1989F/Jo00489.pdf)","en vigueur depuis le 19 janvier 1989 (sans clause d'effet : un jour franc après la publication du 17 janvier 1989) ; constant sur 2000-2017 d'après les textes ; publié par la caisse pour 2013 et 2017 seulement (annuaire 2013 p. 340, 2017 p. 346)"
2012,travailleurs tunisiens à l'étranger (RTTE),taux légal de la branche pensions,0.0525,taux,Σ classes × coefficient × SMIG 48 h × 2 400 h,"décret n° 89-107 du 10 janvier 1989, art. 6, 7 et 19, JORT n° 4 du 17 janvier 1989, p. 98-99 (https://www.pist.tn/jort/1989/1989F/Jo00489.pdf)","en vigueur depuis le 19 janvier 1989 (sans clause d'effet : un jour franc après la publication du 17 janvier 1989) ; constant sur 2000-2017 d'après les textes ; publié par la caisse pour 2013 et 2017 seulement (annuaire 2013 p. 340, 2017 p. 346)"
2013,travailleurs tunisiens à l'étranger (RTTE),taux légal de la branche pensions,0.0525,taux,Σ classes × coefficient × SMIG 48 h × 2 400 h,"décret n° 89-107 du 10 janvier 1989, art. 6, 7 et 19, JORT n° 4 du 17 janvier 1989, p. 98-99 (https://www.pist.tn/jort/1989/1989F/Jo00489.pdf)","en vigueur depuis le 19 janvier 1989 (sans clause d'effet : un jour franc après la publication du 17 janvier 1989) ; constant sur 2000-2017 d'après les textes ; publié par la caisse pour 2013 et 2017 seulement (annuaire 2013 p. 340, 2017 p. 346)"
2014,travailleurs tunisiens à l'étranger (RTTE),taux légal de la branche pensions,0.0525,taux,Σ classes × coefficient × SMIG 48 h × 2 400 h,"décret n° 89-107 du 10 janvier 1989, art. 6, 7 et 19, JORT n° 4 du 17 janvier 1989, p. 98-99 (https://www.pist.tn/jort/1989/1989F/Jo00489.pdf)","en vigueur depuis le 19 janvier 1989 (sans clause d'effet : un jour franc après la publication du 17 janvier 1989) ; constant sur 2000-2017 d'après les textes ; publié par la caisse pour 2013 et 2017 seulement (annuaire 2013 p. 340, 2017 p. 346)"
2015,travailleurs tunisiens à l'étranger (RTTE),taux légal de la branche pensions,0.0525,taux,Σ classes × coefficient × SMIG 48 h × 2 400 h,"décret n° 89-107 du 10 janvier 1989, art. 6, 7 et 19, JORT n° 4 du 17 janvier 1989, p. 98-99 (https://www.pist.tn/jort/1989/1989F/Jo00489.pdf)","en vigueur depuis le 19 janvier 1989 (sans clause d'effet : un jour franc après la publication du 17 janvier 1989) ; constant sur 2000-2017 d'après les textes ; publié par la caisse pour 2013 et 2017 seulement (annuaire 2013 p. 340, 2017 p. 346)"
2016,travailleurs tunisiens à l'étranger (RTTE),taux légal de la branche pensions,0.0525,taux,Σ classes × coefficient × SMIG 48 h × 2 400 h,"décret n° 89-107 du 10 janvier 1989, art. 6, 7 et 19, JORT n° 4 du 17 janvier 1989, p. 98-99 (https://www.pist.tn/jort/1989/1989F/Jo00489.pdf)","en vigueur depuis le 19 janvier 1989 (sans clause d'effet : un jour franc après la publication du 17 janvier 1989) ; constant sur 2000-2017 d'après les textes ; publié par la caisse pour 2013 et 2017 seulement (annuaire 2013 p. 340, 2017 p. 346)"
2017,travailleurs tunisiens à l'étranger (RTTE),taux légal de la branche pensions,0.0525,taux,Σ classes × coefficient × SMIG 48 h × 2 400 h,"décret n° 89-107 du 10 janvier 1989, art. 6, 7 et 19, JORT n° 4 du 17 janvier 1989, p. 98-99 (https://www.pist.tn/jort/1989/1989F/Jo00489.pdf)","en vigueur depuis le 19 janvier 1989 (sans clause d'effet : un jour franc après la publication du 17 janvier 1989) ; constant sur 2000-2017 d'après les textes ; publié par la caisse pour 2013 et 2017 seulement (annuaire 2013 p. 340, 2017 p. 346)"
2000,travailleurs tunisiens à l'étranger (RTTE),écart taux d'équilibre − taux légal,-0.05075563,points de taux,Σ classes × coefficient × SMIG 48 h × 2 400 h,calcul,
2001,travailleurs tunisiens à l'étranger (RTTE),écart taux d'équilibre − taux légal,-0.05064339,points de taux,Σ classes × coefficient × SMIG 48 h × 2 400 h,calcul,
2002,travailleurs tunisiens à l'étranger (RTTE),écart taux d'équilibre − taux légal,-0.04935731,points de taux,Σ classes × coefficient × SMIG 48 h × 2 400 h,calcul,
2003,travailleurs tunisiens à l'étranger (RTTE),écart taux d'équilibre − taux légal,-0.04754818,points de taux,Σ classes × coefficient × SMIG 48 h × 2 400 h,calcul,
2004,travailleurs tunisiens à l'étranger (RTTE),écart taux d'équilibre − taux légal,-0.04436797,points de taux,Σ classes × coefficient × SMIG 48 h × 2 400 h,calcul,
2005,travailleurs tunisiens à l'étranger (RTTE),écart taux d'équilibre − taux légal,-0.0453416,points de taux,Σ classes × coefficient × SMIG 48 h × 2 400 h,calcul,
2006,travailleurs tunisiens à l'étranger (RTTE),écart taux d'équilibre − taux légal,-0.04390738,points de taux,Σ classes × coefficient × SMIG 48 h × 2 400 h,calcul,
2007,travailleurs tunisiens à l'étranger (RTTE),écart taux d'équilibre − taux légal,-0.04466552,points de taux,Σ classes × coefficient × SMIG 48 h × 2 400 h,calcul,
2008,travailleurs tunisiens à l'étranger (RTTE),écart taux d'équilibre − taux légal,-0.04409358,points de taux,Σ classes × coefficient × SMIG 48 h × 2 400 h,calcul,
2009,travailleurs tunisiens à l'étranger (RTTE),écart taux d'équilibre − taux légal,-0.0419855,points de taux,Σ classes × coefficient × SMIG 48 h × 2 400 h,calcul,
2010,travailleurs tunisiens à l'étranger (RTTE),écart taux d'équilibre − taux légal,-0.03887742,points de taux,Σ classes × coefficient × SMIG 48 h × 2 400 h,calcul,
2011,travailleurs tunisiens à l'étranger (RTTE),écart taux d'équilibre − taux légal,-0.03414133,points de taux,Σ classes × coefficient × SMIG 48 h × 2 400 h,calcul,
2012,travailleurs tunisiens à l'étranger (RTTE),écart taux d'équilibre − taux légal,-0.02933734,points de taux,Σ classes × coefficient × SMIG 48 h × 2 400 h,calcul,
2013,travailleurs tunisiens à l'étranger (RTTE),écart taux d'équilibre − taux légal,-0.0253788,points de taux,Σ classes × coefficient × SMIG 48 h × 2 400 h,calcul,
2014,travailleurs tunisiens à l'étranger (RTTE),écart taux d'équilibre − taux légal,-0.01062898,points de taux,Σ classes × coefficient × SMIG 48 h × 2 400 h,calcul,
2015,travailleurs tunisiens à l'étranger (RTTE),écart taux d'équilibre − taux légal,0.0011297,points de taux,Σ classes × coefficient × SMIG 48 h × 2 400 h,calcul,
2016,travailleurs tunisiens à l'étranger (RTTE),écart taux d'équilibre − taux légal,0.01187279,points de taux,Σ classes × coefficient × SMIG 48 h × 2 400 h,calcul,
2017,travailleurs tunisiens à l'étranger (RTTE),écart taux d'équilibre − taux légal,0.02648017,points de taux,Σ classes × coefficient × SMIG 48 h × 2 400 h,calcul,
