annee,classement,classe,borne_inf,borne_sup,unite_des_bornes,libelle_source,trimestres_declares,salaries_declares,masse_salariale_D,total_colonne_imprime,part_pct,salaire_annuel_moyen_calcule_D,ecart_ligne_salaries,ecart_ligne_masse_D,edition,source_id,page_pdf,tableau,lecture
2013,dinars,Moins de 40,,40,dinars par mois,Moins de 40,1,44133,9905898,123341,35.78128927120746,224.46,0,0,annuaire statistique CNSS 2013 (français),cnss-annuaire-2013,35,EVOLUTION DE LA PYRAMIDE DES SALAIRES DECLARES A LA C.N.S.S. SELON LE NOMBRE DE TRIMESTRES DECLARES AU TITRE DE L'ANNEE 2013,couche texte
2013,dinars,Moins de 40,,40,dinars par mois,Moins de 40,2,4652,1363764,110687,4.202842248863914,293.16,0,0,annuaire statistique CNSS 2013 (français),cnss-annuaire-2013,35,EVOLUTION DE LA PYRAMIDE DES SALAIRES DECLARES A LA C.N.S.S. SELON LE NOMBRE DE TRIMESTRES DECLARES AU TITRE DE L'ANNEE 2013,couche texte
2013,dinars,Moins de 40,,40,dinars par mois,Moins de 40,3,343,111770,124069,0.2764590671319991,325.86,0,0,annuaire statistique CNSS 2013 (français),cnss-annuaire-2013,35,EVOLUTION DE LA PYRAMIDE DES SALAIRES DECLARES A LA C.N.S.S. SELON LE NOMBRE DE TRIMESTRES DECLARES AU TITRE DE L'ANNEE 2013,couche texte
2013,dinars,Moins de 40,,40,dinars par mois,Moins de 40,4,23,7474,800558,0.0028729960852305,324.96,0,0,annuaire statistique CNSS 2013 (français),cnss-annuaire-2013,35,EVOLUTION DE LA PYRAMIDE DES SALAIRES DECLARES A LA C.N.S.S. SELON LE NOMBRE DE TRIMESTRES DECLARES AU TITRE DE L'ANNEE 2013,couche texte
2013,dinars,Moins de 40,,40,dinars par mois,Moins de 40,total,49151,11388906,1158655,4.242073783826937,231.71,0,0,annuaire statistique CNSS 2013 (français),cnss-annuaire-2013,35,EVOLUTION DE LA PYRAMIDE DES SALAIRES DECLARES A LA C.N.S.S. SELON LE NOMBRE DE TRIMESTRES DECLARES AU TITRE DE L'ANNEE 2013,couche texte
2013,dinars,[ 40 à 60 [,40,60,dinars par mois,[ 40 à 60 [,1,18049,10170990,123341,14.633414679628023,563.52,0,0,annuaire statistique CNSS 2013 (français),cnss-annuaire-2013,35,EVOLUTION DE LA PYRAMIDE DES SALAIRES DECLARES A LA C.N.S.S. SELON LE NOMBRE DE TRIMESTRES DECLARES AU TITRE DE L'ANNEE 2013,couche texte
2013,dinars,[ 40 à 60 [,40,60,dinars par mois,[ 40 à 60 [,2,5016,2978692,110687,4.531697489316722,593.84,0,0,annuaire statistique CNSS 2013 (français),cnss-annuaire-2013,35,EVOLUTION DE LA PYRAMIDE DES SALAIRES DECLARES A LA C.N.S.S. SELON LE NOMBRE DE TRIMESTRES DECLARES AU TITRE DE L'ANNEE 2013,couche texte
2013,dinars,[ 40 à 60 [,40,60,dinars par mois,[ 40 à 60 [,3,568,342549,124069,0.4578097671457012,603.08,0,0,annuaire statistique CNSS 2013 (français),cnss-annuaire-2013,35,EVOLUTION DE LA PYRAMIDE DES SALAIRES DECLARES A LA C.N.S.S. SELON LE NOMBRE DE TRIMESTRES DECLARES AU TITRE DE L'ANNEE 2013,couche texte
2013,dinars,[ 40 à 60 [,40,60,dinars par mois,[ 40 à 60 [,4,58,35671,800558,0.0072449466497118,615.02,0,0,annuaire statistique CNSS 2013 (français),cnss-annuaire-2013,35,EVOLUTION DE LA PYRAMIDE DES SALAIRES DECLARES A LA C.N.S.S. SELON LE NOMBRE DE TRIMESTRES DECLARES AU TITRE DE L'ANNEE 2013,couche texte
2013,dinars,[ 40 à 60 [,40,60,dinars par mois,[ 40 à 60 [,total,23691,13527902,1158655,2.044698378723606,571.01,0,0,annuaire statistique CNSS 2013 (français),cnss-annuaire-2013,35,EVOLUTION DE LA PYRAMIDE DES SALAIRES DECLARES A LA C.N.S.S. SELON LE NOMBRE DE TRIMESTRES DECLARES AU TITRE DE L'ANNEE 2013,couche texte
2013,dinars,[ 60 à 80 [,60,80,dinars par mois,[ 60 à 80 [,1,16316,13568243,123341,13.228366885301725,831.59,0,0,annuaire statistique CNSS 2013 (français),cnss-annuaire-2013,35,EVOLUTION DE LA PYRAMIDE DES SALAIRES DECLARES A LA C.N.S.S. SELON LE NOMBRE DE TRIMESTRES DECLARES AU TITRE DE L'ANNEE 2013,couche texte
2013,dinars,[ 60 à 80 [,60,80,dinars par mois,[ 60 à 80 [,2,6381,5307003,110687,5.764904641014754,831.69,0,0,annuaire statistique CNSS 2013 (français),cnss-annuaire-2013,35,EVOLUTION DE LA PYRAMIDE DES SALAIRES DECLARES A LA C.N.S.S. SELON LE NOMBRE DE TRIMESTRES DECLARES AU TITRE DE L'ANNEE 2013,couche texte
2013,dinars,[ 60 à 80 [,60,80,dinars par mois,[ 60 à 80 [,3,1135,952223,124069,0.9148135311802305,838.96,0,0,annuaire statistique CNSS 2013 (français),cnss-annuaire-2013,35,EVOLUTION DE LA PYRAMIDE DES SALAIRES DECLARES A LA C.N.S.S. SELON LE NOMBRE DE TRIMESTRES DECLARES AU TITRE DE L'ANNEE 2013,couche texte
2013,dinars,[ 60 à 80 [,60,80,dinars par mois,[ 60 à 80 [,4,175,149341,800558,0.0218597528224063,853.38,0,0,annuaire statistique CNSS 2013 (français),cnss-annuaire-2013,35,EVOLUTION DE LA PYRAMIDE DES SALAIRES DECLARES A LA C.N.S.S. SELON LE NOMBRE DE TRIMESTRES DECLARES AU TITRE DE L'ANNEE 2013,couche texte
2013,dinars,[ 60 à 80 [,60,80,dinars par mois,[ 60 à 80 [,total,24007,19976810,1158655,2.0719713806094133,832.12,0,0,annuaire statistique CNSS 2013 (français),cnss-annuaire-2013,35,EVOLUTION DE LA PYRAMIDE DES SALAIRES DECLARES A LA C.N.S.S. SELON LE NOMBRE DE TRIMESTRES DECLARES AU TITRE DE L'ANNEE 2013,couche texte
2013,dinars,[ 80 à 100 [,80,100,dinars par mois,[ 80 à 100 [,1,16331,17027337,123341,13.240528291484583,1042.64,0,1,annuaire statistique CNSS 2013 (français),cnss-annuaire-2013,35,EVOLUTION DE LA PYRAMIDE DES SALAIRES DECLARES A LA C.N.S.S. SELON LE NOMBRE DE TRIMESTRES DECLARES AU TITRE DE L'ANNEE 2013,couche texte
2013,dinars,[ 80 à 100 [,80,100,dinars par mois,[ 80 à 100 [,2,7809,8366790,110687,7.055029045868078,1071.43,0,1,annuaire statistique CNSS 2013 (français),cnss-annuaire-2013,35,EVOLUTION DE LA PYRAMIDE DES SALAIRES DECLARES A LA C.N.S.S. SELON LE NOMBRE DE TRIMESTRES DECLARES AU TITRE DE L'ANNEE 2013,couche texte
2013,dinars,[ 80 à 100 [,80,100,dinars par mois,[ 80 à 100 [,3,1626,1742918,124069,1.3105610587656868,1071.91,0,1,annuaire statistique CNSS 2013 (français),cnss-annuaire-2013,35,EVOLUTION DE LA PYRAMIDE DES SALAIRES DECLARES A LA C.N.S.S. SELON LE NOMBRE DE TRIMESTRES DECLARES AU TITRE DE L'ANNEE 2013,couche texte
2013,dinars,[ 80 à 100 [,80,100,dinars par mois,[ 80 à 100 [,4,544,589615,800558,0.0679526030593661,1083.85,0,1,annuaire statistique CNSS 2013 (français),cnss-annuaire-2013,35,EVOLUTION DE LA PYRAMIDE DES SALAIRES DECLARES A LA C.N.S.S. SELON LE NOMBRE DE TRIMESTRES DECLARES AU TITRE DE L'ANNEE 2013,couche texte
2013,dinars,[ 80 à 100 [,80,100,dinars par mois,[ 80 à 100 [,total,26310,27726659,1158655,2.2707363278974326,1053.84,0,1,annuaire statistique CNSS 2013 (français),cnss-annuaire-2013,35,EVOLUTION DE LA PYRAMIDE DES SALAIRES DECLARES A LA C.N.S.S. SELON LE NOMBRE DE TRIMESTRES DECLARES AU TITRE DE L'ANNEE 2013,couche texte
2013,dinars,[ 100 à 120 [,100,120,dinars par mois,[ 100 à 120 [,1,8722,11267003,123341,7.071452315126357,1291.79,0,0,annuaire statistique CNSS 2013 (français),cnss-annuaire-2013,35,EVOLUTION DE LA PYRAMIDE DES SALAIRES DECLARES A LA C.N.S.S. SELON LE NOMBRE DE TRIMESTRES DECLARES AU TITRE DE L'ANNEE 2013,couche texte
2013,dinars,[ 100 à 120 [,100,120,dinars par mois,[ 100 à 120 [,2,9718,12699703,110687,8.779712161319758,1306.82,0,0,annuaire statistique CNSS 2013 (français),cnss-annuaire-2013,35,EVOLUTION DE LA PYRAMIDE DES SALAIRES DECLARES A LA C.N.S.S. SELON LE NOMBRE DE TRIMESTRES DECLARES AU TITRE DE L'ANNEE 2013,couche texte
2013,dinars,[ 100 à 120 [,100,120,dinars par mois,[ 100 à 120 [,3,2535,3331374,124069,2.043217886821043,1314.15,0,0,annuaire statistique CNSS 2013 (français),cnss-annuaire-2013,35,EVOLUTION DE LA PYRAMIDE DES SALAIRES DECLARES A LA C.N.S.S. SELON LE NOMBRE DE TRIMESTRES DECLARES AU TITRE DE L'ANNEE 2013,couche texte
2013,dinars,[ 100 à 120 [,100,120,dinars par mois,[ 100 à 120 [,4,1018,1328988,800558,0.1271613049897696,1305.49,0,0,annuaire statistique CNSS 2013 (français),cnss-annuaire-2013,35,EVOLUTION DE LA PYRAMIDE DES SALAIRES DECLARES A LA C.N.S.S. SELON LE NOMBRE DE TRIMESTRES DECLARES AU TITRE DE L'ANNEE 2013,couche texte
2013,dinars,[ 100 à 120 [,100,120,dinars par mois,[ 100 à 120 [,total,21993,28627068,1158655,1.8981491470713887,1301.64,0,0,annuaire statistique CNSS 2013 (français),cnss-annuaire-2013,35,EVOLUTION DE LA PYRAMIDE DES SALAIRES DECLARES A LA C.N.S.S. SELON LE NOMBRE DE TRIMESTRES DECLARES AU TITRE DE L'ANNEE 2013,couche texte
2013,dinars,[ 120 à 140 [,120,140,dinars par mois,[ 120 à 140 [,1,5378,8257436,123341,4.3602694967610125,1535.41,0,0,annuaire statistique CNSS 2013 (français),cnss-annuaire-2013,35,EVOLUTION DE LA PYRAMIDE DES SALAIRES DECLARES A LA C.N.S.S. SELON LE NOMBRE DE TRIMESTRES DECLARES AU TITRE DE L'ANNEE 2013,couche texte
2013,dinars,[ 120 à 140 [,120,140,dinars par mois,[ 120 à 140 [,2,10262,15910972,110687,9.271188125073405,1550.47,0,0,annuaire statistique CNSS 2013 (français),cnss-annuaire-2013,35,EVOLUTION DE LA PYRAMIDE DES SALAIRES DECLARES A LA C.N.S.S. SELON LE NOMBRE DE TRIMESTRES DECLARES AU TITRE DE L'ANNEE 2013,couche texte
2013,dinars,[ 120 à 140 [,120,140,dinars par mois,[ 120 à 140 [,3,3471,5393920,124069,2.7976367988780435,1554.0,0,0,annuaire statistique CNSS 2013 (français),cnss-annuaire-2013,35,EVOLUTION DE LA PYRAMIDE DES SALAIRES DECLARES A LA C.N.S.S. SELON LE NOMBRE DE TRIMESTRES DECLARES AU TITRE DE L'ANNEE 2013,couche texte
2013,dinars,[ 120 à 140 [,120,140,dinars par mois,[ 120 à 140 [,4,1322,2049599,800558,0.1651348184641212,1550.38,0,0,annuaire statistique CNSS 2013 (français),cnss-annuaire-2013,35,EVOLUTION DE LA PYRAMIDE DES SALAIRES DECLARES A LA C.N.S.S. SELON LE NOMBRE DE TRIMESTRES DECLARES AU TITRE DE L'ANNEE 2013,couche texte
2013,dinars,[ 120 à 140 [,120,140,dinars par mois,[ 120 à 140 [,total,20433,31611927,1158655,1.7635102770022135,1547.1,0,0,annuaire statistique CNSS 2013 (français),cnss-annuaire-2013,35,EVOLUTION DE LA PYRAMIDE DES SALAIRES DECLARES A LA C.N.S.S. SELON LE NOMBRE DE TRIMESTRES DECLARES AU TITRE DE L'ANNEE 2013,couche texte
2013,dinars,[ 140 à 160 [,140,160,dinars par mois,[ 140 à 160 [,1,3405,6081418,123341,2.760639203508971,1786.03,0,0,annuaire statistique CNSS 2013 (français),cnss-annuaire-2013,35,EVOLUTION DE LA PYRAMIDE DES SALAIRES DECLARES A LA C.N.S.S. SELON LE NOMBRE DE TRIMESTRES DECLARES AU TITRE DE L'ANNEE 2013,couche texte
2013,dinars,[ 140 à 160 [,140,160,dinars par mois,[ 140 à 160 [,2,10863,19446917,110687,9.814160651205652,1790.2,0,0,annuaire statistique CNSS 2013 (français),cnss-annuaire-2013,35,EVOLUTION DE LA PYRAMIDE DES SALAIRES DECLARES A LA C.N.S.S. SELON LE NOMBRE DE TRIMESTRES DECLARES AU TITRE DE L'ANNEE 2013,couche texte
2013,dinars,[ 140 à 160 [,140,160,dinars par mois,[ 140 à 160 [,3,4287,7697851,124069,3.455335337594403,1795.63,0,0,annuaire statistique CNSS 2013 (français),cnss-annuaire-2013,35,EVOLUTION DE LA PYRAMIDE DES SALAIRES DECLARES A LA C.N.S.S. SELON LE NOMBRE DE TRIMESTRES DECLARES AU TITRE DE L'ANNEE 2013,couche texte
2013,dinars,[ 140 à 160 [,140,160,dinars par mois,[ 140 à 160 [,4,1837,3299331,800558,0.2294649481986314,1796.04,0,0,annuaire statistique CNSS 2013 (français),cnss-annuaire-2013,35,EVOLUTION DE LA PYRAMIDE DES SALAIRES DECLARES A LA C.N.S.S. SELON LE NOMBRE DE TRIMESTRES DECLARES AU TITRE DE L'ANNEE 2013,couche texte
2013,dinars,[ 140 à 160 [,140,160,dinars par mois,[ 140 à 160 [,total,20392,36525517,1158655,1.7599716913144985,1791.17,0,0,annuaire statistique CNSS 2013 (français),cnss-annuaire-2013,35,EVOLUTION DE LA PYRAMIDE DES SALAIRES DECLARES A LA C.N.S.S. SELON LE NOMBRE DE TRIMESTRES DECLARES AU TITRE DE L'ANNEE 2013,couche texte
2013,dinars,[ 160 à 180 [,160,180,dinars par mois,[ 160 à 180 [,1,2037,4113631,123341,1.651518959632239,2019.46,0,0,annuaire statistique CNSS 2013 (français),cnss-annuaire-2013,35,EVOLUTION DE LA PYRAMIDE DES SALAIRES DECLARES A LA C.N.S.S. SELON LE NOMBRE DE TRIMESTRES DECLARES AU TITRE DE L'ANNEE 2013,couche texte
2013,dinars,[ 160 à 180 [,160,180,dinars par mois,[ 160 à 180 [,2,11086,22281498,110687,10.015629658406136,2009.88,0,0,annuaire statistique CNSS 2013 (français),cnss-annuaire-2013,35,EVOLUTION DE LA PYRAMIDE DES SALAIRES DECLARES A LA C.N.S.S. SELON LE NOMBRE DE TRIMESTRES DECLARES AU TITRE DE L'ANNEE 2013,couche texte
2013,dinars,[ 160 à 180 [,160,180,dinars par mois,[ 160 à 180 [,3,5331,10820837,124069,4.29680258565798,2029.79,0,0,annuaire statistique CNSS 2013 (français),cnss-annuaire-2013,35,EVOLUTION DE LA PYRAMIDE DES SALAIRES DECLARES A LA C.N.S.S. SELON LE NOMBRE DE TRIMESTRES DECLARES AU TITRE DE L'ANNEE 2013,couche texte
2013,dinars,[ 160 à 180 [,160,180,dinars par mois,[ 160 à 180 [,4,2703,5478555,800558,0.3376394964512252,2026.84,0,0,annuaire statistique CNSS 2013 (français),cnss-annuaire-2013,35,EVOLUTION DE LA PYRAMIDE DES SALAIRES DECLARES A LA C.N.S.S. SELON LE NOMBRE DE TRIMESTRES DECLARES AU TITRE DE L'ANNEE 2013,couche texte
2013,dinars,[ 160 à 180 [,160,180,dinars par mois,[ 160 à 180 [,total,21157,42694521,1158655,1.8259965218291896,2017.99,0,0,annuaire statistique CNSS 2013 (français),cnss-annuaire-2013,35,EVOLUTION DE LA PYRAMIDE DES SALAIRES DECLARES A LA C.N.S.S. SELON LE NOMBRE DE TRIMESTRES DECLARES AU TITRE DE L'ANNEE 2013,couche texte
2013,dinars,[ 180 à 200 [,180,200,dinars par mois,[ 180 à 200 [,1,1646,3719722,123341,1.334511638465717,2259.86,0,0,annuaire statistique CNSS 2013 (français),cnss-annuaire-2013,35,EVOLUTION DE LA PYRAMIDE DES SALAIRES DECLARES A LA C.N.S.S. SELON LE NOMBRE DE TRIMESTRES DECLARES AU TITRE DE L'ANNEE 2013,couche texte
2013,dinars,[ 180 à 200 [,180,200,dinars par mois,[ 180 à 200 [,2,7347,16603776,110687,6.637635856062591,2259.94,0,0,annuaire statistique CNSS 2013 (français),cnss-annuaire-2013,35,EVOLUTION DE LA PYRAMIDE DES SALAIRES DECLARES A LA C.N.S.S. SELON LE NOMBRE DE TRIMESTRES DECLARES AU TITRE DE L'ANNEE 2013,couche texte
2013,dinars,[ 180 à 200 [,180,200,dinars par mois,[ 180 à 200 [,3,6382,14478686,124069,5.143911855499762,2268.68,0,0,annuaire statistique CNSS 2013 (français),cnss-annuaire-2013,35,EVOLUTION DE LA PYRAMIDE DES SALAIRES DECLARES A LA C.N.S.S. SELON LE NOMBRE DE TRIMESTRES DECLARES AU TITRE DE L'ANNEE 2013,couche texte
2013,dinars,[ 180 à 200 [,180,200,dinars par mois,[ 180 à 200 [,4,3401,7727240,800558,0.4248286819943089,2272.05,0,0,annuaire statistique CNSS 2013 (français),cnss-annuaire-2013,35,EVOLUTION DE LA PYRAMIDE DES SALAIRES DECLARES A LA C.N.S.S. SELON LE NOMBRE DE TRIMESTRES DECLARES AU TITRE DE L'ANNEE 2013,couche texte
2013,dinars,[ 180 à 200 [,180,200,dinars par mois,[ 180 à 200 [,total,18776,42529424,1158655,1.6204996310377118,2265.1,0,0,annuaire statistique CNSS 2013 (français),cnss-annuaire-2013,35,EVOLUTION DE LA PYRAMIDE DES SALAIRES DECLARES A LA C.N.S.S. SELON LE NOMBRE DE TRIMESTRES DECLARES AU TITRE DE L'ANNEE 2013,couche texte
2013,dinars,[ 200 à 220 [,200,220,dinars par mois,[ 200 à 220 [,1,1059,2645854,123341,0.8585952765098386,2498.45,0,0,annuaire statistique CNSS 2013 (français),cnss-annuaire-2013,35,EVOLUTION DE LA PYRAMIDE DES SALAIRES DECLARES A LA C.N.S.S. SELON LE NOMBRE DE TRIMESTRES DECLARES AU TITRE DE L'ANNEE 2013,couche texte
2013,dinars,[ 200 à 220 [,200,220,dinars par mois,[ 200 à 220 [,2,6438,16105946,110687,5.816401203393353,2501.7,0,0,annuaire statistique CNSS 2013 (français),cnss-annuaire-2013,35,EVOLUTION DE LA PYRAMIDE DES SALAIRES DECLARES A LA C.N.S.S. SELON LE NOMBRE DE TRIMESTRES DECLARES AU TITRE DE L'ANNEE 2013,couche texte
2013,dinars,[ 200 à 220 [,200,220,dinars par mois,[ 200 à 220 [,3,7541,18933092,124069,6.078069461348121,2510.69,0,0,annuaire statistique CNSS 2013 (français),cnss-annuaire-2013,35,EVOLUTION DE LA PYRAMIDE DES SALAIRES DECLARES A LA C.N.S.S. SELON LE NOMBRE DE TRIMESTRES DECLARES AU TITRE DE L'ANNEE 2013,couche texte
2013,dinars,[ 200 à 220 [,200,220,dinars par mois,[ 200 à 220 [,4,4925,12367592,800558,0.6151959008591508,2511.19,0,0,annuaire statistique CNSS 2013 (français),cnss-annuaire-2013,35,EVOLUTION DE LA PYRAMIDE DES SALAIRES DECLARES A LA C.N.S.S. SELON LE NOMBRE DE TRIMESTRES DECLARES AU TITRE DE L'ANNEE 2013,couche texte
2013,dinars,[ 200 à 220 [,200,220,dinars par mois,[ 200 à 220 [,total,19963,50052484,1158655,1.7229460020454752,2507.26,0,0,annuaire statistique CNSS 2013 (français),cnss-annuaire-2013,35,EVOLUTION DE LA PYRAMIDE DES SALAIRES DECLARES A LA C.N.S.S. SELON LE NOMBRE DE TRIMESTRES DECLARES AU TITRE DE L'ANNEE 2013,couche texte
2013,dinars,[ 220 à 240 [,220,240,dinars par mois,[ 220 à 240 [,1,997,2730073,123341,0.8083281309540218,2738.29,0,0,annuaire statistique CNSS 2013 (français),cnss-annuaire-2013,35,EVOLUTION DE LA PYRAMIDE DES SALAIRES DECLARES A LA C.N.S.S. SELON LE NOMBRE DE TRIMESTRES DECLARES AU TITRE DE L'ANNEE 2013,couche texte
2013,dinars,[ 220 à 240 [,220,240,dinars par mois,[ 220 à 240 [,2,4736,12996496,110687,4.278731919737639,2744.19,0,0,annuaire statistique CNSS 2013 (français),cnss-annuaire-2013,35,EVOLUTION DE LA PYRAMIDE DES SALAIRES DECLARES A LA C.N.S.S. SELON LE NOMBRE DE TRIMESTRES DECLARES AU TITRE DE L'ANNEE 2013,couche texte
2013,dinars,[ 220 à 240 [,220,240,dinars par mois,[ 220 à 240 [,3,9043,24878041,124069,7.288686134328478,2751.08,0,0,annuaire statistique CNSS 2013 (français),cnss-annuaire-2013,35,EVOLUTION DE LA PYRAMIDE DES SALAIRES DECLARES A LA C.N.S.S. SELON LE NOMBRE DE TRIMESTRES DECLARES AU TITRE DE L'ANNEE 2013,couche texte
2013,dinars,[ 220 à 240 [,220,240,dinars par mois,[ 220 à 240 [,4,5894,16213586,800558,0.7362364750586466,2750.86,0,0,annuaire statistique CNSS 2013 (français),cnss-annuaire-2013,35,EVOLUTION DE LA PYRAMIDE DES SALAIRES DECLARES A LA C.N.S.S. SELON LE NOMBRE DE TRIMESTRES DECLARES AU TITRE DE L'ANNEE 2013,couche texte
2013,dinars,[ 220 à 240 [,220,240,dinars par mois,[ 220 à 240 [,total,20670,56818196,1158655,1.7839650284165691,2748.82,0,0,annuaire statistique CNSS 2013 (français),cnss-annuaire-2013,35,EVOLUTION DE LA PYRAMIDE DES SALAIRES DECLARES A LA C.N.S.S. SELON LE NOMBRE DE TRIMESTRES DECLARES AU TITRE DE L'ANNEE 2013,couche texte
2013,dinars,[ 240 à 260 [,240,260,dinars par mois,[ 240 à 260 [,1,727,2179197,123341,0.5894228196625615,2997.52,0,1,annuaire statistique CNSS 2013 (français),cnss-annuaire-2013,35,EVOLUTION DE LA PYRAMIDE DES SALAIRES DECLARES A LA C.N.S.S. SELON LE NOMBRE DE TRIMESTRES DECLARES AU TITRE DE L'ANNEE 2013,couche texte
2013,dinars,[ 240 à 260 [,240,260,dinars par mois,[ 240 à 260 [,2,4255,12684873,110687,3.8441732091392846,2981.17,0,1,annuaire statistique CNSS 2013 (français),cnss-annuaire-2013,35,EVOLUTION DE LA PYRAMIDE DES SALAIRES DECLARES A LA C.N.S.S. SELON LE NOMBRE DE TRIMESTRES DECLARES AU TITRE DE L'ANNEE 2013,couche texte
2013,dinars,[ 240 à 260 [,240,260,dinars par mois,[ 240 à 260 [,3,9662,28651103,124069,7.787602060143952,2965.34,0,1,annuaire statistique CNSS 2013 (français),cnss-annuaire-2013,35,EVOLUTION DE LA PYRAMIDE DES SALAIRES DECLARES A LA C.N.S.S. SELON LE NOMBRE DE TRIMESTRES DECLARES AU TITRE DE L'ANNEE 2013,couche texte
2013,dinars,[ 240 à 260 [,240,260,dinars par mois,[ 240 à 260 [,4,7501,22433716,800558,0.9369714624049724,2990.76,0,1,annuaire statistique CNSS 2013 (français),cnss-annuaire-2013,35,EVOLUTION DE LA PYRAMIDE DES SALAIRES DECLARES A LA C.N.S.S. SELON LE NOMBRE DE TRIMESTRES DECLARES AU TITRE DE L'ANNEE 2013,couche texte
2013,dinars,[ 240 à 260 [,240,260,dinars par mois,[ 240 à 260 [,total,22145,65948888,1158655,1.911267806206334,2978.05,0,1,annuaire statistique CNSS 2013 (français),cnss-annuaire-2013,35,EVOLUTION DE LA PYRAMIDE DES SALAIRES DECLARES A LA C.N.S.S. SELON LE NOMBRE DE TRIMESTRES DECLARES AU TITRE DE L'ANNEE 2013,couche texte
2013,dinars,[ 260 à 280 [,260,280,dinars par mois,[ 260 à 280 [,1,494,1597183,123341,0.4005156436221532,3233.16,0,1,annuaire statistique CNSS 2013 (français),cnss-annuaire-2013,35,EVOLUTION DE LA PYRAMIDE DES SALAIRES DECLARES A LA C.N.S.S. SELON LE NOMBRE DE TRIMESTRES DECLARES AU TITRE DE L'ANNEE 2013,couche texte
2013,dinars,[ 260 à 280 [,260,280,dinars par mois,[ 260 à 280 [,2,3189,10294106,110687,2.881097147813203,3228.0,0,1,annuaire statistique CNSS 2013 (français),cnss-annuaire-2013,35,EVOLUTION DE LA PYRAMIDE DES SALAIRES DECLARES A LA C.N.S.S. SELON LE NOMBRE DE TRIMESTRES DECLARES AU TITRE DE L'ANNEE 2013,couche texte
2013,dinars,[ 260 à 280 [,260,280,dinars par mois,[ 260 à 280 [,3,7779,25079516,124069,6.269898201807059,3224.0,0,1,annuaire statistique CNSS 2013 (français),cnss-annuaire-2013,35,EVOLUTION DE LA PYRAMIDE DES SALAIRES DECLARES A LA C.N.S.S. SELON LE NOMBRE DE TRIMESTRES DECLARES AU TITRE DE L'ANNEE 2013,couche texte
2013,dinars,[ 260 à 280 [,260,280,dinars par mois,[ 260 à 280 [,4,9992,32306458,800558,1.2481294297227683,3233.23,0,1,annuaire statistique CNSS 2013 (français),cnss-annuaire-2013,35,EVOLUTION DE LA PYRAMIDE DES SALAIRES DECLARES A LA C.N.S.S. SELON LE NOMBRE DE TRIMESTRES DECLARES AU TITRE DE L'ANNEE 2013,couche texte
2013,dinars,[ 260 à 280 [,260,280,dinars par mois,[ 260 à 280 [,total,21454,69277262,1158655,1.851629691323129,3229.11,0,1,annuaire statistique CNSS 2013 (français),cnss-annuaire-2013,35,EVOLUTION DE LA PYRAMIDE DES SALAIRES DECLARES A LA C.N.S.S. SELON LE NOMBRE DE TRIMESTRES DECLARES AU TITRE DE L'ANNEE 2013,couche texte
2013,dinars,[ 280 à 300 [,280,300,dinars par mois,[ 280 à 300 [,1,409,1417378,123341,0.3316010085859527,3465.47,0,-1,annuaire statistique CNSS 2013 (français),cnss-annuaire-2013,35,EVOLUTION DE LA PYRAMIDE DES SALAIRES DECLARES A LA C.N.S.S. SELON LE NOMBRE DE TRIMESTRES DECLARES AU TITRE DE L'ANNEE 2013,couche texte
2013,dinars,[ 280 à 300 [,280,300,dinars par mois,[ 280 à 300 [,2,2435,8433091,110687,2.1998970068752426,3463.28,0,-1,annuaire statistique CNSS 2013 (français),cnss-annuaire-2013,35,EVOLUTION DE LA PYRAMIDE DES SALAIRES DECLARES A LA C.N.S.S. SELON LE NOMBRE DE TRIMESTRES DECLARES AU TITRE DE L'ANNEE 2013,couche texte
2013,dinars,[ 280 à 300 [,280,300,dinars par mois,[ 280 à 300 [,3,6721,23293723,124069,5.417146910187073,3465.81,0,-1,annuaire statistique CNSS 2013 (français),cnss-annuaire-2013,35,EVOLUTION DE LA PYRAMIDE DES SALAIRES DECLARES A LA C.N.S.S. SELON LE NOMBRE DE TRIMESTRES DECLARES AU TITRE DE L'ANNEE 2013,couche texte
2013,dinars,[ 280 à 300 [,280,300,dinars par mois,[ 280 à 300 [,4,13122,45598234,800558,1.6391067230606653,3474.95,0,-1,annuaire statistique CNSS 2013 (français),cnss-annuaire-2013,35,EVOLUTION DE LA PYRAMIDE DES SALAIRES DECLARES A LA C.N.S.S. SELON LE NOMBRE DE TRIMESTRES DECLARES AU TITRE DE L'ANNEE 2013,couche texte
2013,dinars,[ 280 à 300 [,280,300,dinars par mois,[ 280 à 300 [,total,22687,78742427,1158655,1.958046182858573,3470.82,0,-1,annuaire statistique CNSS 2013 (français),cnss-annuaire-2013,35,EVOLUTION DE LA PYRAMIDE DES SALAIRES DECLARES A LA C.N.S.S. SELON LE NOMBRE DE TRIMESTRES DECLARES AU TITRE DE L'ANNEE 2013,couche texte
2013,dinars,[ 300 à 330 [,300,330,dinars par mois,[ 300 à 330 [,1,575,2180330,123341,0.4661872370095913,3791.88,0,1,annuaire statistique CNSS 2013 (français),cnss-annuaire-2013,35,EVOLUTION DE LA PYRAMIDE DES SALAIRES DECLARES A LA C.N.S.S. SELON LE NOMBRE DE TRIMESTRES DECLARES AU TITRE DE L'ANNEE 2013,couche texte
2013,dinars,[ 300 à 330 [,300,330,dinars par mois,[ 300 à 330 [,2,3125,11719479,110687,2.823276446195127,3750.23,0,1,annuaire statistique CNSS 2013 (français),cnss-annuaire-2013,35,EVOLUTION DE LA PYRAMIDE DES SALAIRES DECLARES A LA C.N.S.S. SELON LE NOMBRE DE TRIMESTRES DECLARES AU TITRE DE L'ANNEE 2013,couche texte
2013,dinars,[ 300 à 330 [,300,330,dinars par mois,[ 300 à 330 [,3,9419,35437029,124069,7.591743304129154,3762.29,0,1,annuaire statistique CNSS 2013 (français),cnss-annuaire-2013,35,EVOLUTION DE LA PYRAMIDE DES SALAIRES DECLARES A LA C.N.S.S. SELON LE NOMBRE DE TRIMESTRES DECLARES AU TITRE DE L'ANNEE 2013,couche texte
2013,dinars,[ 300 à 330 [,300,330,dinars par mois,[ 300 à 330 [,4,41969,158733273,800558,5.242468378306132,3782.16,0,1,annuaire statistique CNSS 2013 (français),cnss-annuaire-2013,35,EVOLUTION DE LA PYRAMIDE DES SALAIRES DECLARES A LA C.N.S.S. SELON LE NOMBRE DE TRIMESTRES DECLARES AU TITRE DE L'ANNEE 2013,couche texte
2013,dinars,[ 300 à 330 [,300,330,dinars par mois,[ 300 à 330 [,total,55088,208070110,1158655,4.75447825280174,3777.05,0,1,annuaire statistique CNSS 2013 (français),cnss-annuaire-2013,35,EVOLUTION DE LA PYRAMIDE DES SALAIRES DECLARES A LA C.N.S.S. SELON LE NOMBRE DE TRIMESTRES DECLARES AU TITRE DE L'ANNEE 2013,couche texte
2013,dinars,[ 330 à 360 [,330,360,dinars par mois,[ 330 à 360 [,1,464,1913562,123341,0.3761928312564354,4124.06,0,0,annuaire statistique CNSS 2013 (français),cnss-annuaire-2013,35,EVOLUTION DE LA PYRAMIDE DES SALAIRES DECLARES A LA C.N.S.S. SELON LE NOMBRE DE TRIMESTRES DECLARES AU TITRE DE L'ANNEE 2013,couche texte
2013,dinars,[ 330 à 360 [,330,360,dinars par mois,[ 330 à 360 [,2,1933,7964677,110687,1.7463658785584577,4120.37,0,0,annuaire statistique CNSS 2013 (français),cnss-annuaire-2013,35,EVOLUTION DE LA PYRAMIDE DES SALAIRES DECLARES A LA C.N.S.S. SELON LE NOMBRE DE TRIMESTRES DECLARES AU TITRE DE L'ANNEE 2013,couche texte
2013,dinars,[ 330 à 360 [,330,360,dinars par mois,[ 330 à 360 [,3,7602,31331154,124069,6.127235651129613,4121.44,0,0,annuaire statistique CNSS 2013 (français),cnss-annuaire-2013,35,EVOLUTION DE LA PYRAMIDE DES SALAIRES DECLARES A LA C.N.S.S. SELON LE NOMBRE DE TRIMESTRES DECLARES AU TITRE DE L'ANNEE 2013,couche texte
2013,dinars,[ 330 à 360 [,330,360,dinars par mois,[ 330 à 360 [,4,30549,126317185,800558,3.815963365552527,4134.9,0,0,annuaire statistique CNSS 2013 (français),cnss-annuaire-2013,35,EVOLUTION DE LA PYRAMIDE DES SALAIRES DECLARES A LA C.N.S.S. SELON LE NOMBRE DE TRIMESTRES DECLARES AU TITRE DE L'ANNEE 2013,couche texte
2013,dinars,[ 330 à 360 [,330,360,dinars par mois,[ 330 à 360 [,total,40548,167526578,1158655,3.499574938182634,4131.56,0,0,annuaire statistique CNSS 2013 (français),cnss-annuaire-2013,35,EVOLUTION DE LA PYRAMIDE DES SALAIRES DECLARES A LA C.N.S.S. SELON LE NOMBRE DE TRIMESTRES DECLARES AU TITRE DE L'ANNEE 2013,couche texte
2013,dinars,[ 360 à 390 [,360,390,dinars par mois,[ 360 à 390 [,1,361,1616963,123341,0.2926845088008042,4479.12,0,1,annuaire statistique CNSS 2013 (français),cnss-annuaire-2013,35,EVOLUTION DE LA PYRAMIDE DES SALAIRES DECLARES A LA C.N.S.S. SELON LE NOMBRE DE TRIMESTRES DECLARES AU TITRE DE L'ANNEE 2013,couche texte
2013,dinars,[ 360 à 390 [,360,390,dinars par mois,[ 360 à 390 [,2,1534,6874885,110687,1.3858899419082638,4481.67,0,1,annuaire statistique CNSS 2013 (français),cnss-annuaire-2013,35,EVOLUTION DE LA PYRAMIDE DES SALAIRES DECLARES A LA C.N.S.S. SELON LE NOMBRE DE TRIMESTRES DECLARES AU TITRE DE L'ANNEE 2013,couche texte
2013,dinars,[ 360 à 390 [,360,390,dinars par mois,[ 360 à 390 [,3,6390,28600974,124069,5.150359880389138,4475.9,0,1,annuaire statistique CNSS 2013 (français),cnss-annuaire-2013,35,EVOLUTION DE LA PYRAMIDE DES SALAIRES DECLARES A LA C.N.S.S. SELON LE NOMBRE DE TRIMESTRES DECLARES AU TITRE DE L'ANNEE 2013,couche texte
2013,dinars,[ 360 à 390 [,360,390,dinars par mois,[ 360 à 390 [,4,30610,137448997,800558,3.823583050822052,4490.33,0,1,annuaire statistique CNSS 2013 (français),cnss-annuaire-2013,35,EVOLUTION DE LA PYRAMIDE DES SALAIRES DECLARES A LA C.N.S.S. SELON LE NOMBRE DE TRIMESTRES DECLARES AU TITRE DE L'ANNEE 2013,couche texte
2013,dinars,[ 360 à 390 [,360,390,dinars par mois,[ 360 à 390 [,total,38895,174541818,1158655,3.3569095200901047,4487.51,0,1,annuaire statistique CNSS 2013 (français),cnss-annuaire-2013,35,EVOLUTION DE LA PYRAMIDE DES SALAIRES DECLARES A LA C.N.S.S. SELON LE NOMBRE DE TRIMESTRES DECLARES AU TITRE DE L'ANNEE 2013,couche texte
2013,dinars,[ 390 à 420 [,390,420,dinars par mois,[ 390 à 420 [,1,282,1358368,123341,0.2286344362377473,4816.91,0,0,annuaire statistique CNSS 2013 (français),cnss-annuaire-2013,35,EVOLUTION DE LA PYRAMIDE DES SALAIRES DECLARES A LA C.N.S.S. SELON LE NOMBRE DE TRIMESTRES DECLARES AU TITRE DE L'ANNEE 2013,couche texte
2013,dinars,[ 390 à 420 [,390,420,dinars par mois,[ 390 à 420 [,2,1229,5960848,110687,1.1103381607596194,4850.16,0,0,annuaire statistique CNSS 2013 (français),cnss-annuaire-2013,35,EVOLUTION DE LA PYRAMIDE DES SALAIRES DECLARES A LA C.N.S.S. SELON LE NOMBRE DE TRIMESTRES DECLARES AU TITRE DE L'ANNEE 2013,couche texte
2013,dinars,[ 390 à 420 [,390,420,dinars par mois,[ 390 à 420 [,3,4780,23145813,124069,3.852694871402204,4842.22,0,0,annuaire statistique CNSS 2013 (français),cnss-annuaire-2013,35,EVOLUTION DE LA PYRAMIDE DES SALAIRES DECLARES A LA C.N.S.S. SELON LE NOMBRE DE TRIMESTRES DECLARES AU TITRE DE L'ANNEE 2013,couche texte
2013,dinars,[ 390 à 420 [,390,420,dinars par mois,[ 390 à 420 [,4,35267,171080254,800558,4.4053023016446025,4851.0,0,0,annuaire statistique CNSS 2013 (français),cnss-annuaire-2013,35,EVOLUTION DE LA PYRAMIDE DES SALAIRES DECLARES A LA C.N.S.S. SELON LE NOMBRE DE TRIMESTRES DECLARES AU TITRE DE L'ANNEE 2013,couche texte
2013,dinars,[ 390 à 420 [,390,420,dinars par mois,[ 390 à 420 [,total,41558,201545283,1158655,3.5867449758556256,4849.73,0,0,annuaire statistique CNSS 2013 (français),cnss-annuaire-2013,35,EVOLUTION DE LA PYRAMIDE DES SALAIRES DECLARES A LA C.N.S.S. SELON LE NOMBRE DE TRIMESTRES DECLARES AU TITRE DE L'ANNEE 2013,couche texte
2013,dinars,[ 420 à 450 [,420,450,dinars par mois,[ 420 à 450 [,1,228,1186875,123341,0.1848533739794553,5205.59,0,0,annuaire statistique CNSS 2013 (français),cnss-annuaire-2013,35,EVOLUTION DE LA PYRAMIDE DES SALAIRES DECLARES A LA C.N.S.S. SELON LE NOMBRE DE TRIMESTRES DECLARES AU TITRE DE L'ANNEE 2013,couche texte
2013,dinars,[ 420 à 450 [,420,450,dinars par mois,[ 420 à 450 [,2,1032,5376901,110687,0.9323588135914788,5210.18,0,0,annuaire statistique CNSS 2013 (français),cnss-annuaire-2013,35,EVOLUTION DE LA PYRAMIDE DES SALAIRES DECLARES A LA C.N.S.S. SELON LE NOMBRE DE TRIMESTRES DECLARES AU TITRE DE L'ANNEE 2013,couche texte
2013,dinars,[ 420 à 450 [,420,450,dinars par mois,[ 420 à 450 [,3,3586,18655422,124069,2.8903271566628246,5202.29,0,0,annuaire statistique CNSS 2013 (français),cnss-annuaire-2013,35,EVOLUTION DE LA PYRAMIDE DES SALAIRES DECLARES A LA C.N.S.S. SELON LE NOMBRE DE TRIMESTRES DECLARES AU TITRE DE L'ANNEE 2013,couche texte
2013,dinars,[ 420 à 450 [,420,450,dinars par mois,[ 420 à 450 [,4,38955,202899668,800558,4.865980978267658,5208.57,0,0,annuaire statistique CNSS 2013 (français),cnss-annuaire-2013,35,EVOLUTION DE LA PYRAMIDE DES SALAIRES DECLARES A LA C.N.S.S. SELON LE NOMBRE DE TRIMESTRES DECLARES AU TITRE DE L'ANNEE 2013,couche texte
2013,dinars,[ 420 à 450 [,420,450,dinars par mois,[ 420 à 450 [,total,43801,228118866,1158655,3.780331505064061,5208.07,0,0,annuaire statistique CNSS 2013 (français),cnss-annuaire-2013,35,EVOLUTION DE LA PYRAMIDE DES SALAIRES DECLARES A LA C.N.S.S. SELON LE NOMBRE DE TRIMESTRES DECLARES AU TITRE DE L'ANNEE 2013,couche texte
2013,dinars,[ 450 à 480 [,450,480,dinars par mois,[ 450 à 480 [,1,182,1008467,123341,0.147558395018688,5541.03,0,1,annuaire statistique CNSS 2013 (français),cnss-annuaire-2013,35,EVOLUTION DE LA PYRAMIDE DES SALAIRES DECLARES A LA C.N.S.S. SELON LE NOMBRE DE TRIMESTRES DECLARES AU TITRE DE L'ANNEE 2013,couche texte
2013,dinars,[ 450 à 480 [,450,480,dinars par mois,[ 450 à 480 [,2,767,4270883,110687,0.6929449709541319,5568.3,0,1,annuaire statistique CNSS 2013 (français),cnss-annuaire-2013,35,EVOLUTION DE LA PYRAMIDE DES SALAIRES DECLARES A LA C.N.S.S. SELON LE NOMBRE DE TRIMESTRES DECLARES AU TITRE DE L'ANNEE 2013,couche texte
2013,dinars,[ 450 à 480 [,450,480,dinars par mois,[ 450 à 480 [,3,3119,17339158,124069,2.5139237037454967,5559.2,0,1,annuaire statistique CNSS 2013 (français),cnss-annuaire-2013,35,EVOLUTION DE LA PYRAMIDE DES SALAIRES DECLARES A LA C.N.S.S. SELON LE NOMBRE DE TRIMESTRES DECLARES AU TITRE DE L'ANNEE 2013,couche texte
2013,dinars,[ 450 à 480 [,450,480,dinars par mois,[ 450 à 480 [,4,40156,223506075,800558,5.016001339066001,5565.94,0,1,annuaire statistique CNSS 2013 (français),cnss-annuaire-2013,35,EVOLUTION DE LA PYRAMIDE DES SALAIRES DECLARES A LA C.N.S.S. SELON LE NOMBRE DE TRIMESTRES DECLARES AU TITRE DE L'ANNEE 2013,couche texte
2013,dinars,[ 450 à 480 [,450,480,dinars par mois,[ 450 à 480 [,total,44224,246124582,1158655,3.8168393525251263,5565.41,0,1,annuaire statistique CNSS 2013 (français),cnss-annuaire-2013,35,EVOLUTION DE LA PYRAMIDE DES SALAIRES DECLARES A LA C.N.S.S. SELON LE NOMBRE DE TRIMESTRES DECLARES AU TITRE DE L'ANNEE 2013,couche texte
2013,dinars,[ 480 à 510 [,480,510,dinars par mois,[ 480 à 510 [,1,181,1082726,123341,0.1467476346064974,5981.91,0,0,annuaire statistique CNSS 2013 (français),cnss-annuaire-2013,35,EVOLUTION DE LA PYRAMIDE DES SALAIRES DECLARES A LA C.N.S.S. SELON LE NOMBRE DE TRIMESTRES DECLARES AU TITRE DE L'ANNEE 2013,couche texte
2013,dinars,[ 480 à 510 [,480,510,dinars par mois,[ 480 à 510 [,2,637,3773637,110687,0.5754966707924146,5924.08,0,0,annuaire statistique CNSS 2013 (français),cnss-annuaire-2013,35,EVOLUTION DE LA PYRAMIDE DES SALAIRES DECLARES A LA C.N.S.S. SELON LE NOMBRE DE TRIMESTRES DECLARES AU TITRE DE L'ANNEE 2013,couche texte
2013,dinars,[ 480 à 510 [,480,510,dinars par mois,[ 480 à 510 [,3,2423,14354910,124069,1.952945538369778,5924.44,0,0,annuaire statistique CNSS 2013 (français),cnss-annuaire-2013,35,EVOLUTION DE LA PYRAMIDE DES SALAIRES DECLARES A LA C.N.S.S. SELON LE NOMBRE DE TRIMESTRES DECLARES AU TITRE DE L'ANNEE 2013,couche texte
2013,dinars,[ 480 à 510 [,480,510,dinars par mois,[ 480 à 510 [,4,40303,238754564,800558,5.034363531436823,5923.99,0,0,annuaire statistique CNSS 2013 (français),cnss-annuaire-2013,35,EVOLUTION DE LA PYRAMIDE DES SALAIRES DECLARES A LA C.N.S.S. SELON LE NOMBRE DE TRIMESTRES DECLARES AU TITRE DE L'ANNEE 2013,couche texte
2013,dinars,[ 480 à 510 [,480,510,dinars par mois,[ 480 à 510 [,total,43544,257965837,1158655,3.758150614289845,5924.26,0,0,annuaire statistique CNSS 2013 (français),cnss-annuaire-2013,35,EVOLUTION DE LA PYRAMIDE DES SALAIRES DECLARES A LA C.N.S.S. SELON LE NOMBRE DE TRIMESTRES DECLARES AU TITRE DE L'ANNEE 2013,couche texte
2013,dinars,[ 510 à 540 [,510,540,dinars par mois,[ 510 à 540 [,1,117,735296,123341,0.0948589682262994,6284.58,0,1,annuaire statistique CNSS 2013 (français),cnss-annuaire-2013,35,EVOLUTION DE LA PYRAMIDE DES SALAIRES DECLARES A LA C.N.S.S. SELON LE NOMBRE DE TRIMESTRES DECLARES AU TITRE DE L'ANNEE 2013,couche texte
2013,dinars,[ 510 à 540 [,510,540,dinars par mois,[ 510 à 540 [,2,637,3992710,110687,0.5754966707924146,6267.99,0,1,annuaire statistique CNSS 2013 (français),cnss-annuaire-2013,35,EVOLUTION DE LA PYRAMIDE DES SALAIRES DECLARES A LA C.N.S.S. SELON LE NOMBRE DE TRIMESTRES DECLARES AU TITRE DE L'ANNEE 2013,couche texte
2013,dinars,[ 510 à 540 [,510,540,dinars par mois,[ 510 à 540 [,3,2101,13184503,124069,1.693412536572391,6275.35,0,1,annuaire statistique CNSS 2013 (français),cnss-annuaire-2013,35,EVOLUTION DE LA PYRAMIDE DES SALAIRES DECLARES A LA C.N.S.S. SELON LE NOMBRE DE TRIMESTRES DECLARES AU TITRE DE L'ANNEE 2013,couche texte
2013,dinars,[ 510 à 540 [,510,540,dinars par mois,[ 510 à 540 [,4,38526,242103551,800558,4.812393355634445,6284.16,0,1,annuaire statistique CNSS 2013 (français),cnss-annuaire-2013,35,EVOLUTION DE LA PYRAMIDE DES SALAIRES DECLARES A LA C.N.S.S. SELON LE NOMBRE DE TRIMESTRES DECLARES AU TITRE DE L'ANNEE 2013,couche texte
2013,dinars,[ 510 à 540 [,510,540,dinars par mois,[ 510 à 540 [,total,41381,260016059,1158655,3.5714686425208537,6283.46,0,1,annuaire statistique CNSS 2013 (français),cnss-annuaire-2013,35,EVOLUTION DE LA PYRAMIDE DES SALAIRES DECLARES A LA C.N.S.S. SELON LE NOMBRE DE TRIMESTRES DECLARES AU TITRE DE L'ANNEE 2013,couche texte
2013,dinars,[ 540 à 570 [,540,570,dinars par mois,[ 540 à 570 [,1,97,641667,123341,0.0786437599824875,6615.12,0,0,annuaire statistique CNSS 2013 (français),cnss-annuaire-2013,35,EVOLUTION DE LA PYRAMIDE DES SALAIRES DECLARES A LA C.N.S.S. SELON LE NOMBRE DE TRIMESTRES DECLARES AU TITRE DE L'ANNEE 2013,couche texte
2013,dinars,[ 540 à 570 [,540,570,dinars par mois,[ 540 à 570 [,2,494,3274257,110687,0.4463035406145256,6628.05,0,0,annuaire statistique CNSS 2013 (français),cnss-annuaire-2013,35,EVOLUTION DE LA PYRAMIDE DES SALAIRES DECLARES A LA C.N.S.S. SELON LE NOMBRE DE TRIMESTRES DECLARES AU TITRE DE L'ANNEE 2013,couche texte
2013,dinars,[ 540 à 570 [,540,570,dinars par mois,[ 540 à 570 [,3,1719,11433374,124069,1.3855193481046837,6651.18,0,0,annuaire statistique CNSS 2013 (français),cnss-annuaire-2013,35,EVOLUTION DE LA PYRAMIDE DES SALAIRES DECLARES A LA C.N.S.S. SELON LE NOMBRE DE TRIMESTRES DECLARES AU TITRE DE L'ANNEE 2013,couche texte
2013,dinars,[ 540 à 570 [,540,570,dinars par mois,[ 540 à 570 [,4,32614,216611204,800558,4.073908448856923,6641.66,0,0,annuaire statistique CNSS 2013 (français),cnss-annuaire-2013,35,EVOLUTION DE LA PYRAMIDE DES SALAIRES DECLARES A LA C.N.S.S. SELON LE NOMBRE DE TRIMESTRES DECLARES AU TITRE DE L'ANNEE 2013,couche texte
2013,dinars,[ 540 à 570 [,540,570,dinars par mois,[ 540 à 570 [,total,34924,231960502,1158655,3.01418455018966,6641.87,0,0,annuaire statistique CNSS 2013 (français),cnss-annuaire-2013,35,EVOLUTION DE LA PYRAMIDE DES SALAIRES DECLARES A LA C.N.S.S. SELON LE NOMBRE DE TRIMESTRES DECLARES AU TITRE DE L'ANNEE 2013,couche texte
2013,dinars,[ 570 à 600 [,570,600,dinars par mois,[ 570 à 600 [,1,79,552038,123341,0.0640500725630568,6987.82,0,0,annuaire statistique CNSS 2013 (français),cnss-annuaire-2013,35,EVOLUTION DE LA PYRAMIDE DES SALAIRES DECLARES A LA C.N.S.S. SELON LE NOMBRE DE TRIMESTRES DECLARES AU TITRE DE L'ANNEE 2013,couche texte
2013,dinars,[ 570 à 600 [,570,600,dinars par mois,[ 570 à 600 [,2,406,2842481,110687,0.3668000758896709,7001.18,0,0,annuaire statistique CNSS 2013 (français),cnss-annuaire-2013,35,EVOLUTION DE LA PYRAMIDE DES SALAIRES DECLARES A LA C.N.S.S. SELON LE NOMBRE DE TRIMESTRES DECLARES AU TITRE DE L'ANNEE 2013,couche texte
2013,dinars,[ 570 à 600 [,570,600,dinars par mois,[ 570 à 600 [,3,1532,10727404,124069,1.234796766315518,7002.22,0,0,annuaire statistique CNSS 2013 (français),cnss-annuaire-2013,35,EVOLUTION DE LA PYRAMIDE DES SALAIRES DECLARES A LA C.N.S.S. SELON LE NOMBRE DE TRIMESTRES DECLARES AU TITRE DE L'ANNEE 2013,couche texte
2013,dinars,[ 570 à 600 [,570,600,dinars par mois,[ 570 à 600 [,4,27925,195639843,800558,3.4881919860897024,7005.9,0,0,annuaire statistique CNSS 2013 (français),cnss-annuaire-2013,35,EVOLUTION DE LA PYRAMIDE DES SALAIRES DECLARES A LA C.N.S.S. SELON LE NOMBRE DE TRIMESTRES DECLARES AU TITRE DE L'ANNEE 2013,couche texte
2013,dinars,[ 570 à 600 [,570,600,dinars par mois,[ 570 à 600 [,total,29942,209761766,1158655,2.58420323564823,7005.6,0,0,annuaire statistique CNSS 2013 (français),cnss-annuaire-2013,35,EVOLUTION DE LA PYRAMIDE DES SALAIRES DECLARES A LA C.N.S.S. SELON LE NOMBRE DE TRIMESTRES DECLARES AU TITRE DE L'ANNEE 2013,couche texte
2013,dinars,[ 600 à 630 [,600,630,dinars par mois,[ 600 à 630 [,1,75,552459,123341,0.0608070309142945,7366.12,0,0,annuaire statistique CNSS 2013 (français),cnss-annuaire-2013,35,EVOLUTION DE LA PYRAMIDE DES SALAIRES DECLARES A LA C.N.S.S. SELON LE NOMBRE DE TRIMESTRES DECLARES AU TITRE DE L'ANNEE 2013,couche texte
2013,dinars,[ 600 à 630 [,600,630,dinars par mois,[ 600 à 630 [,2,353,2598243,110687,0.3189173073622015,7360.46,0,0,annuaire statistique CNSS 2013 (français),cnss-annuaire-2013,35,EVOLUTION DE LA PYRAMIDE DES SALAIRES DECLARES A LA C.N.S.S. SELON LE NOMBRE DE TRIMESTRES DECLARES AU TITRE DE L'ANNEE 2013,couche texte
2013,dinars,[ 600 à 630 [,600,630,dinars par mois,[ 600 à 630 [,3,1348,9923419,124069,1.0864921938598684,7361.59,0,0,annuaire statistique CNSS 2013 (français),cnss-annuaire-2013,35,EVOLUTION DE LA PYRAMIDE DES SALAIRES DECLARES A LA C.N.S.S. SELON LE NOMBRE DE TRIMESTRES DECLARES AU TITRE DE L'ANNEE 2013,couche texte
2013,dinars,[ 600 à 630 [,600,630,dinars par mois,[ 600 à 630 [,4,26362,194113262,800558,3.292953165167296,7363.37,0,0,annuaire statistique CNSS 2013 (français),cnss-annuaire-2013,35,EVOLUTION DE LA PYRAMIDE DES SALAIRES DECLARES A LA C.N.S.S. SELON LE NOMBRE DE TRIMESTRES DECLARES AU TITRE DE L'ANNEE 2013,couche texte
2013,dinars,[ 600 à 630 [,600,630,dinars par mois,[ 600 à 630 [,total,28138,207187383,1158655,2.4285054653887483,7363.26,0,0,annuaire statistique CNSS 2013 (français),cnss-annuaire-2013,35,EVOLUTION DE LA PYRAMIDE DES SALAIRES DECLARES A LA C.N.S.S. SELON LE NOMBRE DE TRIMESTRES DECLARES AU TITRE DE L'ANNEE 2013,couche texte
2013,dinars,[ 630 à 660 [,630,660,dinars par mois,[ 630 à 660 [,1,69,533066,123341,0.0559424684411509,7725.59,0,-1,annuaire statistique CNSS 2013 (français),cnss-annuaire-2013,35,EVOLUTION DE LA PYRAMIDE DES SALAIRES DECLARES A LA C.N.S.S. SELON LE NOMBRE DE TRIMESTRES DECLARES AU TITRE DE L'ANNEE 2013,couche texte
2013,dinars,[ 630 à 660 [,630,660,dinars par mois,[ 630 à 660 [,2,417,3229735,110687,0.3767380089802777,7745.17,0,-1,annuaire statistique CNSS 2013 (français),cnss-annuaire-2013,35,EVOLUTION DE LA PYRAMIDE DES SALAIRES DECLARES A LA C.N.S.S. SELON LE NOMBRE DE TRIMESTRES DECLARES AU TITRE DE L'ANNEE 2013,couche texte
2013,dinars,[ 630 à 660 [,630,660,dinars par mois,[ 630 à 660 [,3,1116,8618926,124069,0.8994994720679622,7723.05,0,-1,annuaire statistique CNSS 2013 (français),cnss-annuaire-2013,35,EVOLUTION DE LA PYRAMIDE DES SALAIRES DECLARES A LA C.N.S.S. SELON LE NOMBRE DE TRIMESTRES DECLARES AU TITRE DE L'ANNEE 2013,couche texte
2013,dinars,[ 630 à 660 [,630,660,dinars par mois,[ 630 à 660 [,4,21674,167395563,800558,2.707361615273346,7723.34,0,-1,annuaire statistique CNSS 2013 (français),cnss-annuaire-2013,35,EVOLUTION DE LA PYRAMIDE DES SALAIRES DECLARES A LA C.N.S.S. SELON LE NOMBRE DE TRIMESTRES DECLARES AU TITRE DE L'ANNEE 2013,couche texte
2013,dinars,[ 630 à 660 [,630,660,dinars par mois,[ 630 à 660 [,total,23276,179777291,1158655,2.008880987006486,7723.72,0,-1,annuaire statistique CNSS 2013 (français),cnss-annuaire-2013,35,EVOLUTION DE LA PYRAMIDE DES SALAIRES DECLARES A LA C.N.S.S. SELON LE NOMBRE DE TRIMESTRES DECLARES AU TITRE DE L'ANNEE 2013,couche texte
2013,dinars,[ 660 à 690 [,660,690,dinars par mois,[ 660 à 690 [,1,56,452146,123341,0.0454025830826732,8074.04,0,0,annuaire statistique CNSS 2013 (français),cnss-annuaire-2013,35,EVOLUTION DE LA PYRAMIDE DES SALAIRES DECLARES A LA C.N.S.S. SELON LE NOMBRE DE TRIMESTRES DECLARES AU TITRE DE L'ANNEE 2013,couche texte
2013,dinars,[ 660 à 690 [,660,690,dinars par mois,[ 660 à 690 [,2,265,2143684,110687,0.2394138426373467,8089.37,0,0,annuaire statistique CNSS 2013 (français),cnss-annuaire-2013,35,EVOLUTION DE LA PYRAMIDE DES SALAIRES DECLARES A LA C.N.S.S. SELON LE NOMBRE DE TRIMESTRES DECLARES AU TITRE DE L'ANNEE 2013,couche texte
2013,dinars,[ 660 à 690 [,660,690,dinars par mois,[ 660 à 690 [,3,995,8034361,124069,0.801973095616149,8074.73,0,0,annuaire statistique CNSS 2013 (français),cnss-annuaire-2013,35,EVOLUTION DE LA PYRAMIDE DES SALAIRES DECLARES A LA C.N.S.S. SELON LE NOMBRE DE TRIMESTRES DECLARES AU TITRE DE L'ANNEE 2013,couche texte
2013,dinars,[ 660 à 690 [,660,690,dinars par mois,[ 660 à 690 [,4,19647,158871933,800558,2.454163221153246,8086.32,0,0,annuaire statistique CNSS 2013 (français),cnss-annuaire-2013,35,EVOLUTION DE LA PYRAMIDE DES SALAIRES DECLARES A LA C.N.S.S. SELON LE NOMBRE DE TRIMESTRES DECLARES AU TITRE DE L'ANNEE 2013,couche texte
2013,dinars,[ 660 à 690 [,660,690,dinars par mois,[ 660 à 690 [,total,20963,169502124,1158655,1.809252970038536,8085.78,0,0,annuaire statistique CNSS 2013 (français),cnss-annuaire-2013,35,EVOLUTION DE LA PYRAMIDE DES SALAIRES DECLARES A LA C.N.S.S. SELON LE NOMBRE DE TRIMESTRES DECLARES AU TITRE DE L'ANNEE 2013,couche texte
2013,dinars,[ 690 à 720 [,690,720,dinars par mois,[ 690 à 720 [,1,60,506012,123341,0.0486456247314356,8433.53,0,0,annuaire statistique CNSS 2013 (français),cnss-annuaire-2013,35,EVOLUTION DE LA PYRAMIDE DES SALAIRES DECLARES A LA C.N.S.S. SELON LE NOMBRE DE TRIMESTRES DECLARES AU TITRE DE L'ANNEE 2013,couche texte
2013,dinars,[ 690 à 720 [,690,720,dinars par mois,[ 690 à 720 [,2,259,2188417,110687,0.2339931518606521,8449.49,0,0,annuaire statistique CNSS 2013 (français),cnss-annuaire-2013,35,EVOLUTION DE LA PYRAMIDE DES SALAIRES DECLARES A LA C.N.S.S. SELON LE NOMBRE DE TRIMESTRES DECLARES AU TITRE DE L'ANNEE 2013,couche texte
2013,dinars,[ 690 à 720 [,690,720,dinars par mois,[ 690 à 720 [,3,834,7048623,124069,0.6722065947174556,8451.59,0,0,annuaire statistique CNSS 2013 (français),cnss-annuaire-2013,35,EVOLUTION DE LA PYRAMIDE DES SALAIRES DECLARES A LA C.N.S.S. SELON LE NOMBRE DE TRIMESTRES DECLARES AU TITRE DE L'ANNEE 2013,couche texte
2013,dinars,[ 690 à 720 [,690,720,dinars par mois,[ 690 à 720 [,4,17497,147752517,800558,2.1856005436208243,8444.45,0,0,annuaire statistique CNSS 2013 (français),cnss-annuaire-2013,35,EVOLUTION DE LA PYRAMIDE DES SALAIRES DECLARES A LA C.N.S.S. SELON LE NOMBRE DE TRIMESTRES DECLARES AU TITRE DE L'ANNEE 2013,couche texte
2013,dinars,[ 690 à 720 [,690,720,dinars par mois,[ 690 à 720 [,total,18650,157495569,1158655,1.6096249530705862,8444.8,0,0,annuaire statistique CNSS 2013 (français),cnss-annuaire-2013,35,EVOLUTION DE LA PYRAMIDE DES SALAIRES DECLARES A LA C.N.S.S. SELON LE NOMBRE DE TRIMESTRES DECLARES AU TITRE DE L'ANNEE 2013,couche texte
2013,dinars,[ 720 à 750 [,720,750,dinars par mois,[ 720 à 750 [,1,50,439982,123341,0.0405380206095296,8799.64,0,-1,annuaire statistique CNSS 2013 (français),cnss-annuaire-2013,35,EVOLUTION DE LA PYRAMIDE DES SALAIRES DECLARES A LA C.N.S.S. SELON LE NOMBRE DE TRIMESTRES DECLARES AU TITRE DE L'ANNEE 2013,couche texte
2013,dinars,[ 720 à 750 [,720,750,dinars par mois,[ 720 à 750 [,2,270,2370954,110687,0.2439310849512589,8781.31,0,-1,annuaire statistique CNSS 2013 (français),cnss-annuaire-2013,35,EVOLUTION DE LA PYRAMIDE DES SALAIRES DECLARES A LA C.N.S.S. SELON LE NOMBRE DE TRIMESTRES DECLARES AU TITRE DE L'ANNEE 2013,couche texte
2013,dinars,[ 720 à 750 [,720,750,dinars par mois,[ 720 à 750 [,3,869,7646595,124069,0.700416703608476,8799.3,0,-1,annuaire statistique CNSS 2013 (français),cnss-annuaire-2013,35,EVOLUTION DE LA PYRAMIDE DES SALAIRES DECLARES A LA C.N.S.S. SELON LE NOMBRE DE TRIMESTRES DECLARES AU TITRE DE L'ANNEE 2013,couche texte
2013,dinars,[ 720 à 750 [,720,750,dinars par mois,[ 720 à 750 [,4,16021,141139969,800558,2.001229142672986,8809.69,0,-1,annuaire statistique CNSS 2013 (français),cnss-annuaire-2013,35,EVOLUTION DE LA PYRAMIDE DES SALAIRES DECLARES A LA C.N.S.S. SELON LE NOMBRE DE TRIMESTRES DECLARES AU TITRE DE L'ANNEE 2013,couche texte
2013,dinars,[ 720 à 750 [,720,750,dinars par mois,[ 720 à 750 [,total,17210,151597501,1158655,1.4853429191605785,8808.69,0,-1,annuaire statistique CNSS 2013 (français),cnss-annuaire-2013,35,EVOLUTION DE LA PYRAMIDE DES SALAIRES DECLARES A LA C.N.S.S. SELON LE NOMBRE DE TRIMESTRES DECLARES AU TITRE DE L'ANNEE 2013,couche texte
2013,dinars,[ 750 à 780 [,750,780,dinars par mois,[ 750 à 780 [,1,40,366684,123341,0.0324304164876237,9167.1,0,0,annuaire statistique CNSS 2013 (français),cnss-annuaire-2013,35,EVOLUTION DE LA PYRAMIDE DES SALAIRES DECLARES A LA C.N.S.S. SELON LE NOMBRE DE TRIMESTRES DECLARES AU TITRE DE L'ANNEE 2013,couche texte
2013,dinars,[ 750 à 780 [,750,780,dinars par mois,[ 750 à 780 [,2,219,2008414,110687,0.1978552133493545,9170.84,0,0,annuaire statistique CNSS 2013 (français),cnss-annuaire-2013,35,EVOLUTION DE LA PYRAMIDE DES SALAIRES DECLARES A LA C.N.S.S. SELON LE NOMBRE DE TRIMESTRES DECLARES AU TITRE DE L'ANNEE 2013,couche texte
2013,dinars,[ 750 à 780 [,750,780,dinars par mois,[ 750 à 780 [,3,902,8259728,124069,0.7270148062771522,9157.13,0,0,annuaire statistique CNSS 2013 (français),cnss-annuaire-2013,35,EVOLUTION DE LA PYRAMIDE DES SALAIRES DECLARES A LA C.N.S.S. SELON LE NOMBRE DE TRIMESTRES DECLARES AU TITRE DE L'ANNEE 2013,couche texte
2013,dinars,[ 750 à 780 [,750,780,dinars par mois,[ 750 à 780 [,4,15168,138921498,800558,1.894678461772913,9158.85,0,0,annuaire statistique CNSS 2013 (français),cnss-annuaire-2013,35,EVOLUTION DE LA PYRAMIDE DES SALAIRES DECLARES A LA C.N.S.S. SELON LE NOMBRE DE TRIMESTRES DECLARES AU TITRE DE L'ANNEE 2013,couche texte
2013,dinars,[ 750 à 780 [,750,780,dinars par mois,[ 750 à 780 [,total,16329,149556324,1158655,1.4093064803586917,9158.94,0,0,annuaire statistique CNSS 2013 (français),cnss-annuaire-2013,35,EVOLUTION DE LA PYRAMIDE DES SALAIRES DECLARES A LA C.N.S.S. SELON LE NOMBRE DE TRIMESTRES DECLARES AU TITRE DE L'ANNEE 2013,couche texte
2013,dinars,[ 780 à 810 [,780,810,dinars par mois,[ 780 à 810 [,1,34,323484,123341,0.0275658540144801,9514.24,0,0,annuaire statistique CNSS 2013 (français),cnss-annuaire-2013,35,EVOLUTION DE LA PYRAMIDE DES SALAIRES DECLARES A LA C.N.S.S. SELON LE NOMBRE DE TRIMESTRES DECLARES AU TITRE DE L'ANNEE 2013,couche texte
2013,dinars,[ 780 à 810 [,780,810,dinars par mois,[ 780 à 810 [,2,292,2780816,110687,0.2638069511324726,9523.34,0,0,annuaire statistique CNSS 2013 (français),cnss-annuaire-2013,35,EVOLUTION DE LA PYRAMIDE DES SALAIRES DECLARES A LA C.N.S.S. SELON LE NOMBRE DE TRIMESTRES DECLARES AU TITRE DE L'ANNEE 2013,couche texte
2013,dinars,[ 780 à 810 [,780,810,dinars par mois,[ 780 à 810 [,3,602,5725606,124069,0.4852138729255495,9510.97,0,0,annuaire statistique CNSS 2013 (français),cnss-annuaire-2013,35,EVOLUTION DE LA PYRAMIDE DES SALAIRES DECLARES A LA C.N.S.S. SELON LE NOMBRE DE TRIMESTRES DECLARES AU TITRE DE L'ANNEE 2013,couche texte
2013,dinars,[ 780 à 810 [,780,810,dinars par mois,[ 780 à 810 [,4,13143,125201774,800558,1.641729893399354,9526.12,0,0,annuaire statistique CNSS 2013 (français),cnss-annuaire-2013,35,EVOLUTION DE LA PYRAMIDE DES SALAIRES DECLARES A LA C.N.S.S. SELON LE NOMBRE DE TRIMESTRES DECLARES AU TITRE DE L'ANNEE 2013,couche texte
2013,dinars,[ 780 à 810 [,780,810,dinars par mois,[ 780 à 810 [,total,14071,134031680,1158655,1.2144253466303605,9525.38,0,0,annuaire statistique CNSS 2013 (français),cnss-annuaire-2013,35,EVOLUTION DE LA PYRAMIDE DES SALAIRES DECLARES A LA C.N.S.S. SELON LE NOMBRE DE TRIMESTRES DECLARES AU TITRE DE L'ANNEE 2013,couche texte
2013,dinars,[ 810 à 840 [,810,840,dinars par mois,[ 810 à 840 [,1,31,306011,123341,0.0251335727779084,9871.32,0,0,annuaire statistique CNSS 2013 (français),cnss-annuaire-2013,35,EVOLUTION DE LA PYRAMIDE DES SALAIRES DECLARES A LA C.N.S.S. SELON LE NOMBRE DE TRIMESTRES DECLARES AU TITRE DE L'ANNEE 2013,couche texte
2013,dinars,[ 810 à 840 [,810,840,dinars par mois,[ 810 à 840 [,2,170,1678551,110687,0.1535862386730149,9873.83,0,0,annuaire statistique CNSS 2013 (français),cnss-annuaire-2013,35,EVOLUTION DE LA PYRAMIDE DES SALAIRES DECLARES A LA C.N.S.S. SELON LE NOMBRE DE TRIMESTRES DECLARES AU TITRE DE L'ANNEE 2013,couche texte
2013,dinars,[ 810 à 840 [,810,840,dinars par mois,[ 810 à 840 [,3,510,5041241,124069,0.4110615866977246,9884.79,0,0,annuaire statistique CNSS 2013 (français),cnss-annuaire-2013,35,EVOLUTION DE LA PYRAMIDE DES SALAIRES DECLARES A LA C.N.S.S. SELON LE NOMBRE DE TRIMESTRES DECLARES AU TITRE DE L'ANNEE 2013,couche texte
2013,dinars,[ 810 à 840 [,810,840,dinars par mois,[ 810 à 840 [,4,12264,121216222,800558,1.5319314777942383,9883.91,0,0,annuaire statistique CNSS 2013 (français),cnss-annuaire-2013,35,EVOLUTION DE LA PYRAMIDE DES SALAIRES DECLARES A LA C.N.S.S. SELON LE NOMBRE DE TRIMESTRES DECLARES AU TITRE DE L'ANNEE 2013,couche texte
2013,dinars,[ 810 à 840 [,810,840,dinars par mois,[ 810 à 840 [,total,12975,128242025,1158655,1.1198329097099655,9883.78,0,0,annuaire statistique CNSS 2013 (français),cnss-annuaire-2013,35,EVOLUTION DE LA PYRAMIDE DES SALAIRES DECLARES A LA C.N.S.S. SELON LE NOMBRE DE TRIMESTRES DECLARES AU TITRE DE L'ANNEE 2013,couche texte
2013,dinars,[ 840 à 870 [,840,870,dinars par mois,[ 840 à 870 [,1,32,328180,123341,0.0259443331900989,10255.62,0,0,annuaire statistique CNSS 2013 (français),cnss-annuaire-2013,35,EVOLUTION DE LA PYRAMIDE DES SALAIRES DECLARES A LA C.N.S.S. SELON LE NOMBRE DE TRIMESTRES DECLARES AU TITRE DE L'ANNEE 2013,couche texte
2013,dinars,[ 840 à 870 [,840,870,dinars par mois,[ 840 à 870 [,2,199,2039231,110687,0.1797862440937056,10247.39,0,0,annuaire statistique CNSS 2013 (français),cnss-annuaire-2013,35,EVOLUTION DE LA PYRAMIDE DES SALAIRES DECLARES A LA C.N.S.S. SELON LE NOMBRE DE TRIMESTRES DECLARES AU TITRE DE L'ANNEE 2013,couche texte
2013,dinars,[ 840 à 870 [,840,870,dinars par mois,[ 840 à 870 [,3,422,4326868,124069,0.3401333129145878,10253.24,0,0,annuaire statistique CNSS 2013 (français),cnss-annuaire-2013,35,EVOLUTION DE LA PYRAMIDE DES SALAIRES DECLARES A LA C.N.S.S. SELON LE NOMBRE DE TRIMESTRES DECLARES AU TITRE DE L'ANNEE 2013,couche texte
2013,dinars,[ 840 à 870 [,840,870,dinars par mois,[ 840 à 870 [,4,11247,115226409,800558,1.4048950856777398,10245.08,0,0,annuaire statistique CNSS 2013 (français),cnss-annuaire-2013,35,EVOLUTION DE LA PYRAMIDE DES SALAIRES DECLARES A LA C.N.S.S. SELON LE NOMBRE DE TRIMESTRES DECLARES AU TITRE DE L'ANNEE 2013,couche texte
2013,dinars,[ 840 à 870 [,840,870,dinars par mois,[ 840 à 870 [,total,11900,121920688,1158655,1.027052919117425,10245.44,0,0,annuaire statistique CNSS 2013 (français),cnss-annuaire-2013,35,EVOLUTION DE LA PYRAMIDE DES SALAIRES DECLARES A LA C.N.S.S. SELON LE NOMBRE DE TRIMESTRES DECLARES AU TITRE DE L'ANNEE 2013,couche texte
2013,dinars,[ 870 à 900 [,870,900,dinars par mois,[ 870 à 900 [,1,41,435271,123341,0.0332411768998143,10616.37,0,0,annuaire statistique CNSS 2013 (français),cnss-annuaire-2013,35,EVOLUTION DE LA PYRAMIDE DES SALAIRES DECLARES A LA C.N.S.S. SELON LE NOMBRE DE TRIMESTRES DECLARES AU TITRE DE L'ANNEE 2013,couche texte
2013,dinars,[ 870 à 900 [,870,900,dinars par mois,[ 870 à 900 [,2,126,1336075,110687,0.1138345063105875,10603.77,0,0,annuaire statistique CNSS 2013 (français),cnss-annuaire-2013,35,EVOLUTION DE LA PYRAMIDE DES SALAIRES DECLARES A LA C.N.S.S. SELON LE NOMBRE DE TRIMESTRES DECLARES AU TITRE DE L'ANNEE 2013,couche texte
2013,dinars,[ 870 à 900 [,870,900,dinars par mois,[ 870 à 900 [,3,418,4427559,124069,0.3369093004698998,10592.25,0,0,annuaire statistique CNSS 2013 (français),cnss-annuaire-2013,35,EVOLUTION DE LA PYRAMIDE DES SALAIRES DECLARES A LA C.N.S.S. SELON LE NOMBRE DE TRIMESTRES DECLARES AU TITRE DE L'ANNEE 2013,couche texte
2013,dinars,[ 870 à 900 [,870,900,dinars par mois,[ 870 à 900 [,4,10705,113545973,800558,1.3371923083649155,10606.82,0,0,annuaire statistique CNSS 2013 (français),cnss-annuaire-2013,35,EVOLUTION DE LA PYRAMIDE DES SALAIRES DECLARES A LA C.N.S.S. SELON LE NOMBRE DE TRIMESTRES DECLARES AU TITRE DE L'ANNEE 2013,couche texte
2013,dinars,[ 870 à 900 [,870,900,dinars par mois,[ 870 à 900 [,total,11290,119744878,1158655,0.9744056686416578,10606.28,0,0,annuaire statistique CNSS 2013 (français),cnss-annuaire-2013,35,EVOLUTION DE LA PYRAMIDE DES SALAIRES DECLARES A LA C.N.S.S. SELON LE NOMBRE DE TRIMESTRES DECLARES AU TITRE DE L'ANNEE 2013,couche texte
2013,dinars,[ 900 à 930 [,900,930,dinars par mois,[ 900 à 930 [,1,27,296722,123341,0.021890531129146,10989.7,0,0,annuaire statistique CNSS 2013 (français),cnss-annuaire-2013,35,EVOLUTION DE LA PYRAMIDE DES SALAIRES DECLARES A LA C.N.S.S. SELON LE NOMBRE DE TRIMESTRES DECLARES AU TITRE DE L'ANNEE 2013,couche texte
2013,dinars,[ 900 à 930 [,900,930,dinars par mois,[ 900 à 930 [,2,123,1349002,110687,0.1111241609222401,10967.5,0,0,annuaire statistique CNSS 2013 (français),cnss-annuaire-2013,35,EVOLUTION DE LA PYRAMIDE DES SALAIRES DECLARES A LA C.N.S.S. SELON LE NOMBRE DE TRIMESTRES DECLARES AU TITRE DE L'ANNEE 2013,couche texte
2013,dinars,[ 900 à 930 [,900,930,dinars par mois,[ 900 à 930 [,3,404,4428245,124069,0.3256252569134917,10961.0,0,0,annuaire statistique CNSS 2013 (français),cnss-annuaire-2013,35,EVOLUTION DE LA PYRAMIDE DES SALAIRES DECLARES A LA C.N.S.S. SELON LE NOMBRE DE TRIMESTRES DECLARES AU TITRE DE L'ANNEE 2013,couche texte
2013,dinars,[ 900 à 930 [,900,930,dinars par mois,[ 900 à 930 [,4,9469,103826811,800558,1.182799997002091,10964.92,0,0,annuaire statistique CNSS 2013 (français),cnss-annuaire-2013,35,EVOLUTION DE LA PYRAMIDE DES SALAIRES DECLARES A LA C.N.S.S. SELON LE NOMBRE DE TRIMESTRES DECLARES AU TITRE DE L'ANNEE 2013,couche texte
2013,dinars,[ 900 à 930 [,900,930,dinars par mois,[ 900 à 930 [,total,10023,109900780,1158655,0.8650547401944496,10964.86,0,0,annuaire statistique CNSS 2013 (français),cnss-annuaire-2013,35,EVOLUTION DE LA PYRAMIDE DES SALAIRES DECLARES A LA C.N.S.S. SELON LE NOMBRE DE TRIMESTRES DECLARES AU TITRE DE L'ANNEE 2013,couche texte
2013,dinars,[ 930 à 960 [,930,960,dinars par mois,[ 930 à 960 [,1,22,249269,123341,0.017836729068193,11330.41,0,0,annuaire statistique CNSS 2013 (français),cnss-annuaire-2013,35,EVOLUTION DE LA PYRAMIDE DES SALAIRES DECLARES A LA C.N.S.S. SELON LE NOMBRE DE TRIMESTRES DECLARES AU TITRE DE L'ANNEE 2013,couche texte
2013,dinars,[ 930 à 960 [,930,960,dinars par mois,[ 930 à 960 [,2,137,1550303,110687,0.1237724394011943,11316.08,0,0,annuaire statistique CNSS 2013 (français),cnss-annuaire-2013,35,EVOLUTION DE LA PYRAMIDE DES SALAIRES DECLARES A LA C.N.S.S. SELON LE NOMBRE DE TRIMESTRES DECLARES AU TITRE DE L'ANNEE 2013,couche texte
2013,dinars,[ 930 à 960 [,930,960,dinars par mois,[ 930 à 960 [,3,389,4401961,124069,0.3135352102459115,11316.1,0,0,annuaire statistique CNSS 2013 (français),cnss-annuaire-2013,35,EVOLUTION DE LA PYRAMIDE DES SALAIRES DECLARES A LA C.N.S.S. SELON LE NOMBRE DE TRIMESTRES DECLARES AU TITRE DE L'ANNEE 2013,couche texte
2013,dinars,[ 930 à 960 [,930,960,dinars par mois,[ 930 à 960 [,4,9250,104818486,800558,1.1554440777557653,11331.73,0,0,annuaire statistique CNSS 2013 (français),cnss-annuaire-2013,35,EVOLUTION DE LA PYRAMIDE DES SALAIRES DECLARES A LA C.N.S.S. SELON LE NOMBRE DE TRIMESTRES DECLARES AU TITRE DE L'ANNEE 2013,couche texte
2013,dinars,[ 930 à 960 [,930,960,dinars par mois,[ 930 à 960 [,total,9798,111020019,1158655,0.8456356723960109,11330.89,0,0,annuaire statistique CNSS 2013 (français),cnss-annuaire-2013,35,EVOLUTION DE LA PYRAMIDE DES SALAIRES DECLARES A LA C.N.S.S. SELON LE NOMBRE DE TRIMESTRES DECLARES AU TITRE DE L'ANNEE 2013,couche texte
2013,dinars,[ 960 à 990 [,960,990,dinars par mois,[ 960 à 990 [,1,24,280463,123341,0.0194582498925742,11685.96,0,1,annuaire statistique CNSS 2013 (français),cnss-annuaire-2013,35,EVOLUTION DE LA PYRAMIDE DES SALAIRES DECLARES A LA C.N.S.S. SELON LE NOMBRE DE TRIMESTRES DECLARES AU TITRE DE L'ANNEE 2013,couche texte
2013,dinars,[ 960 à 990 [,960,990,dinars par mois,[ 960 à 990 [,2,91,1063501,110687,0.0822138101132021,11686.82,0,1,annuaire statistique CNSS 2013 (français),cnss-annuaire-2013,35,EVOLUTION DE LA PYRAMIDE DES SALAIRES DECLARES A LA C.N.S.S. SELON LE NOMBRE DE TRIMESTRES DECLARES AU TITRE DE L'ANNEE 2013,couche texte
2013,dinars,[ 960 à 990 [,960,990,dinars par mois,[ 960 à 990 [,3,504,5896290,124069,0.4062255680306926,11698.99,0,1,annuaire statistique CNSS 2013 (français),cnss-annuaire-2013,35,EVOLUTION DE LA PYRAMIDE DES SALAIRES DECLARES A LA C.N.S.S. SELON LE NOMBRE DE TRIMESTRES DECLARES AU TITRE DE L'ANNEE 2013,couche texte
2013,dinars,[ 960 à 990 [,960,990,dinars par mois,[ 960 à 990 [,4,8115,94801299,800558,1.0136679665933013,11682.23,0,1,annuaire statistique CNSS 2013 (français),cnss-annuaire-2013,35,EVOLUTION DE LA PYRAMIDE DES SALAIRES DECLARES A LA C.N.S.S. SELON LE NOMBRE DE TRIMESTRES DECLARES AU TITRE DE L'ANNEE 2013,couche texte
2013,dinars,[ 960 à 990 [,960,990,dinars par mois,[ 960 à 990 [,total,8734,102041552,1158655,0.7538050584513941,11683.26,0,1,annuaire statistique CNSS 2013 (français),cnss-annuaire-2013,35,EVOLUTION DE LA PYRAMIDE DES SALAIRES DECLARES A LA C.N.S.S. SELON LE NOMBRE DE TRIMESTRES DECLARES AU TITRE DE L'ANNEE 2013,couche texte
2013,dinars,[ 990 à 1020 [,990,1020,dinars par mois,[ 990 à 1020 [,1,16,192244,123341,0.0129721665950494,12015.25,0,0,annuaire statistique CNSS 2013 (français),cnss-annuaire-2013,35,EVOLUTION DE LA PYRAMIDE DES SALAIRES DECLARES A LA C.N.S.S. SELON LE NOMBRE DE TRIMESTRES DECLARES AU TITRE DE L'ANNEE 2013,couche texte
2013,dinars,[ 990 à 1020 [,990,1020,dinars par mois,[ 990 à 1020 [,2,176,2121911,110687,0.1590069294497095,12056.31,0,0,annuaire statistique CNSS 2013 (français),cnss-annuaire-2013,35,EVOLUTION DE LA PYRAMIDE DES SALAIRES DECLARES A LA C.N.S.S. SELON LE NOMBRE DE TRIMESTRES DECLARES AU TITRE DE L'ANNEE 2013,couche texte
2013,dinars,[ 990 à 1020 [,990,1020,dinars par mois,[ 990 à 1020 [,3,265,3191241,124069,0.2135908244605824,12042.42,0,0,annuaire statistique CNSS 2013 (français),cnss-annuaire-2013,35,EVOLUTION DE LA PYRAMIDE DES SALAIRES DECLARES A LA C.N.S.S. SELON LE NOMBRE DE TRIMESTRES DECLARES AU TITRE DE L'ANNEE 2013,couche texte
2013,dinars,[ 990 à 1020 [,990,1020,dinars par mois,[ 990 à 1020 [,4,8127,97930663,800558,1.0151669210725518,12050.04,0,0,annuaire statistique CNSS 2013 (français),cnss-annuaire-2013,35,EVOLUTION DE LA PYRAMIDE DES SALAIRES DECLARES A LA C.N.S.S. SELON LE NOMBRE DE TRIMESTRES DECLARES AU TITRE DE L'ANNEE 2013,couche texte
2013,dinars,[ 990 à 1020 [,990,1020,dinars par mois,[ 990 à 1020 [,total,8584,103436059,1158655,0.740859013252435,12049.87,0,0,annuaire statistique CNSS 2013 (français),cnss-annuaire-2013,35,EVOLUTION DE LA PYRAMIDE DES SALAIRES DECLARES A LA C.N.S.S. SELON LE NOMBRE DE TRIMESTRES DECLARES AU TITRE DE L'ANNEE 2013,couche texte
2013,dinars,[ 1020 à 1050 [,1020,1050,dinars par mois,[ 1020 à 1050 [,1,20,247964,123341,0.0162152082438118,12398.2,0,-1,annuaire statistique CNSS 2013 (français),cnss-annuaire-2013,35,EVOLUTION DE LA PYRAMIDE DES SALAIRES DECLARES A LA C.N.S.S. SELON LE NOMBRE DE TRIMESTRES DECLARES AU TITRE DE L'ANNEE 2013,couche texte
2013,dinars,[ 1020 à 1050 [,1020,1050,dinars par mois,[ 1020 à 1050 [,2,97,1203153,110687,0.0876345008898967,12403.64,0,-1,annuaire statistique CNSS 2013 (français),cnss-annuaire-2013,35,EVOLUTION DE LA PYRAMIDE DES SALAIRES DECLARES A LA C.N.S.S. SELON LE NOMBRE DE TRIMESTRES DECLARES AU TITRE DE L'ANNEE 2013,couche texte
2013,dinars,[ 1020 à 1050 [,1020,1050,dinars par mois,[ 1020 à 1050 [,3,269,3336663,124069,0.2168148369052704,12403.95,0,-1,annuaire statistique CNSS 2013 (français),cnss-annuaire-2013,35,EVOLUTION DE LA PYRAMIDE DES SALAIRES DECLARES A LA C.N.S.S. SELON LE NOMBRE DE TRIMESTRES DECLARES AU TITRE DE L'ANNEE 2013,couche texte
2013,dinars,[ 1020 à 1050 [,1020,1050,dinars par mois,[ 1020 à 1050 [,4,7579,93986027,800558,0.9467146665201024,12400.85,0,-1,annuaire statistique CNSS 2013 (français),cnss-annuaire-2013,35,EVOLUTION DE LA PYRAMIDE DES SALAIRES DECLARES A LA C.N.S.S. SELON LE NOMBRE DE TRIMESTRES DECLARES AU TITRE DE L'ANNEE 2013,couche texte
2013,dinars,[ 1020 à 1050 [,1020,1050,dinars par mois,[ 1020 à 1050 [,total,7965,98773808,1158655,0.6874350000647302,12400.98,0,-1,annuaire statistique CNSS 2013 (français),cnss-annuaire-2013,35,EVOLUTION DE LA PYRAMIDE DES SALAIRES DECLARES A LA C.N.S.S. SELON LE NOMBRE DE TRIMESTRES DECLARES AU TITRE DE L'ANNEE 2013,couche texte
2013,dinars,[ 1050 à 1080 [,1050,1080,dinars par mois,[ 1050 à 1080 [,1,16,204592,123341,0.0129721665950494,12787.0,0,0,annuaire statistique CNSS 2013 (français),cnss-annuaire-2013,35,EVOLUTION DE LA PYRAMIDE DES SALAIRES DECLARES A LA C.N.S.S. SELON LE NOMBRE DE TRIMESTRES DECLARES AU TITRE DE L'ANNEE 2013,couche texte
2013,dinars,[ 1050 à 1080 [,1050,1080,dinars par mois,[ 1050 à 1080 [,2,75,956907,110687,0.067758634708683,12758.76,0,0,annuaire statistique CNSS 2013 (français),cnss-annuaire-2013,35,EVOLUTION DE LA PYRAMIDE DES SALAIRES DECLARES A LA C.N.S.S. SELON LE NOMBRE DE TRIMESTRES DECLARES AU TITRE DE L'ANNEE 2013,couche texte
2013,dinars,[ 1050 à 1080 [,1050,1080,dinars par mois,[ 1050 à 1080 [,3,224,2858569,124069,0.18054469690253,12761.47,0,0,annuaire statistique CNSS 2013 (français),cnss-annuaire-2013,35,EVOLUTION DE LA PYRAMIDE DES SALAIRES DECLARES A LA C.N.S.S. SELON LE NOMBRE DE TRIMESTRES DECLARES AU TITRE DE L'ANNEE 2013,couche texte
2013,dinars,[ 1050 à 1080 [,1050,1080,dinars par mois,[ 1050 à 1080 [,4,6645,84810561,800558,0.8300460428850877,12763.06,0,0,annuaire statistique CNSS 2013 (français),cnss-annuaire-2013,35,EVOLUTION DE LA PYRAMIDE DES SALAIRES DECLARES A LA C.N.S.S. SELON LE NOMBRE DE TRIMESTRES DECLARES AU TITRE DE L'ANNEE 2013,couche texte
2013,dinars,[ 1050 à 1080 [,1050,1080,dinars par mois,[ 1050 à 1080 [,total,6960,88830629,1158655,0.600696497231704,12763.02,0,0,annuaire statistique CNSS 2013 (français),cnss-annuaire-2013,35,EVOLUTION DE LA PYRAMIDE DES SALAIRES DECLARES A LA C.N.S.S. SELON LE NOMBRE DE TRIMESTRES DECLARES AU TITRE DE L'ANNEE 2013,couche texte
2013,dinars,[ 1080 à 1110 [,1080,1110,dinars par mois,[ 1080 à 1110 [,1,24,314528,123341,0.0194582498925742,13105.33,0,0,annuaire statistique CNSS 2013 (français),cnss-annuaire-2013,35,EVOLUTION DE LA PYRAMIDE DES SALAIRES DECLARES A LA C.N.S.S. SELON LE NOMBRE DE TRIMESTRES DECLARES AU TITRE DE L'ANNEE 2013,couche texte
2013,dinars,[ 1080 à 1110 [,1080,1110,dinars par mois,[ 1080 à 1110 [,2,69,905378,110687,0.0623379439319884,13121.42,0,0,annuaire statistique CNSS 2013 (français),cnss-annuaire-2013,35,EVOLUTION DE LA PYRAMIDE DES SALAIRES DECLARES A LA C.N.S.S. SELON LE NOMBRE DE TRIMESTRES DECLARES AU TITRE DE L'ANNEE 2013,couche texte
2013,dinars,[ 1080 à 1110 [,1080,1110,dinars par mois,[ 1080 à 1110 [,3,230,3015277,124069,0.1853807155695621,13109.9,0,0,annuaire statistique CNSS 2013 (français),cnss-annuaire-2013,35,EVOLUTION DE LA PYRAMIDE DES SALAIRES DECLARES A LA C.N.S.S. SELON LE NOMBRE DE TRIMESTRES DECLARES AU TITRE DE L'ANNEE 2013,couche texte
2013,dinars,[ 1080 à 1110 [,1080,1110,dinars par mois,[ 1080 à 1110 [,4,6411,84163372,800558,0.8008164305396985,13127.96,0,0,annuaire statistique CNSS 2013 (français),cnss-annuaire-2013,35,EVOLUTION DE LA PYRAMIDE DES SALAIRES DECLARES A LA C.N.S.S. SELON LE NOMBRE DE TRIMESTRES DECLARES AU TITRE DE L'ANNEE 2013,couche texte
2013,dinars,[ 1080 à 1110 [,1080,1110,dinars par mois,[ 1080 à 1110 [,total,6734,88398555,1158655,0.5811911224652723,13127.2,0,0,annuaire statistique CNSS 2013 (français),cnss-annuaire-2013,35,EVOLUTION DE LA PYRAMIDE DES SALAIRES DECLARES A LA C.N.S.S. SELON LE NOMBRE DE TRIMESTRES DECLARES AU TITRE DE L'ANNEE 2013,couche texte
2013,dinars,[ 1110 à 1140 [,1110,1140,dinars par mois,[ 1110 à 1140 [,1,15,201828,123341,0.0121614061828589,13455.2,0,0,annuaire statistique CNSS 2013 (français),cnss-annuaire-2013,35,EVOLUTION DE LA PYRAMIDE DES SALAIRES DECLARES A LA C.N.S.S. SELON LE NOMBRE DE TRIMESTRES DECLARES AU TITRE DE L'ANNEE 2013,couche texte
2013,dinars,[ 1110 à 1140 [,1110,1140,dinars par mois,[ 1110 à 1140 [,2,62,835828,110687,0.0560138046925113,13481.1,0,0,annuaire statistique CNSS 2013 (français),cnss-annuaire-2013,35,EVOLUTION DE LA PYRAMIDE DES SALAIRES DECLARES A LA C.N.S.S. SELON LE NOMBRE DE TRIMESTRES DECLARES AU TITRE DE L'ANNEE 2013,couche texte
2013,dinars,[ 1110 à 1140 [,1110,1140,dinars par mois,[ 1110 à 1140 [,3,213,2873453,124069,0.1716786626796379,13490.39,0,0,annuaire statistique CNSS 2013 (français),cnss-annuaire-2013,35,EVOLUTION DE LA PYRAMIDE DES SALAIRES DECLARES A LA C.N.S.S. SELON LE NOMBRE DE TRIMESTRES DECLARES AU TITRE DE L'ANNEE 2013,couche texte
2013,dinars,[ 1110 à 1140 [,1110,1140,dinars par mois,[ 1110 à 1140 [,4,5817,78452986,800558,0.7266181838167878,13486.85,0,0,annuaire statistique CNSS 2013 (français),cnss-annuaire-2013,35,EVOLUTION DE LA PYRAMIDE DES SALAIRES DECLARES A LA C.N.S.S. SELON LE NOMBRE DE TRIMESTRES DECLARES AU TITRE DE L'ANNEE 2013,couche texte
2013,dinars,[ 1110 à 1140 [,1110,1140,dinars par mois,[ 1110 à 1140 [,total,6107,82364095,1158655,0.527076653533623,13486.83,0,0,annuaire statistique CNSS 2013 (français),cnss-annuaire-2013,35,EVOLUTION DE LA PYRAMIDE DES SALAIRES DECLARES A LA C.N.S.S. SELON LE NOMBRE DE TRIMESTRES DECLARES AU TITRE DE L'ANNEE 2013,couche texte
2013,dinars,[ 1140 à 1170 [,1140,1170,dinars par mois,[ 1140 à 1170 [,1,12,166430,123341,0.0097291249462871,13869.17,0,0,annuaire statistique CNSS 2013 (français),cnss-annuaire-2013,35,EVOLUTION DE LA PYRAMIDE DES SALAIRES DECLARES A LA C.N.S.S. SELON LE NOMBRE DE TRIMESTRES DECLARES AU TITRE DE L'ANNEE 2013,couche texte
2013,dinars,[ 1140 à 1170 [,1140,1170,dinars par mois,[ 1140 à 1170 [,2,67,928716,110687,0.0605310470064235,13861.43,0,0,annuaire statistique CNSS 2013 (français),cnss-annuaire-2013,35,EVOLUTION DE LA PYRAMIDE DES SALAIRES DECLARES A LA C.N.S.S. SELON LE NOMBRE DE TRIMESTRES DECLARES AU TITRE DE L'ANNEE 2013,couche texte
2013,dinars,[ 1140 à 1170 [,1140,1170,dinars par mois,[ 1140 à 1170 [,3,170,2353713,124069,0.1370205288992415,13845.37,0,0,annuaire statistique CNSS 2013 (français),cnss-annuaire-2013,35,EVOLUTION DE LA PYRAMIDE DES SALAIRES DECLARES A LA C.N.S.S. SELON LE NOMBRE DE TRIMESTRES DECLARES AU TITRE DE L'ANNEE 2013,couche texte
2013,dinars,[ 1140 à 1170 [,1140,1170,dinars par mois,[ 1140 à 1170 [,4,5824,80660399,800558,0.727492573929684,13849.66,0,0,annuaire statistique CNSS 2013 (français),cnss-annuaire-2013,35,EVOLUTION DE LA PYRAMIDE DES SALAIRES DECLARES A LA C.N.S.S. SELON LE NOMBRE DE TRIMESTRES DECLARES AU TITRE DE L'ANNEE 2013,couche texte
2013,dinars,[ 1140 à 1170 [,1140,1170,dinars par mois,[ 1140 à 1170 [,total,6073,84109258,1158655,0.524142216621859,13849.7,0,0,annuaire statistique CNSS 2013 (français),cnss-annuaire-2013,35,EVOLUTION DE LA PYRAMIDE DES SALAIRES DECLARES A LA C.N.S.S. SELON LE NOMBRE DE TRIMESTRES DECLARES AU TITRE DE L'ANNEE 2013,couche texte
2013,dinars,[ 1170 à 1200 [,1170,1200,dinars par mois,[ 1170 à 1200 [,1,22,313803,123341,0.017836729068193,14263.77,0,0,annuaire statistique CNSS 2013 (français),cnss-annuaire-2013,35,EVOLUTION DE LA PYRAMIDE DES SALAIRES DECLARES A LA C.N.S.S. SELON LE NOMBRE DE TRIMESTRES DECLARES AU TITRE DE L'ANNEE 2013,couche texte
2013,dinars,[ 1170 à 1200 [,1170,1200,dinars par mois,[ 1170 à 1200 [,2,50,709681,110687,0.045172423139122,14193.62,0,0,annuaire statistique CNSS 2013 (français),cnss-annuaire-2013,35,EVOLUTION DE LA PYRAMIDE DES SALAIRES DECLARES A LA C.N.S.S. SELON LE NOMBRE DE TRIMESTRES DECLARES AU TITRE DE L'ANNEE 2013,couche texte
2013,dinars,[ 1170 à 1200 [,1170,1200,dinars par mois,[ 1170 à 1200 [,3,202,2871196,124069,0.1628126284567458,14213.84,0,0,annuaire statistique CNSS 2013 (français),cnss-annuaire-2013,35,EVOLUTION DE LA PYRAMIDE DES SALAIRES DECLARES A LA C.N.S.S. SELON LE NOMBRE DE TRIMESTRES DECLARES AU TITRE DE L'ANNEE 2013,couche texte
2013,dinars,[ 1170 à 1200 [,1170,1200,dinars par mois,[ 1170 à 1200 [,4,5278,74993926,800558,0.6592901451237762,14208.78,0,0,annuaire statistique CNSS 2013 (français),cnss-annuaire-2013,35,EVOLUTION DE LA PYRAMIDE DES SALAIRES DECLARES A LA C.N.S.S. SELON LE NOMBRE DE TRIMESTRES DECLARES AU TITRE DE L'ANNEE 2013,couche texte
2013,dinars,[ 1170 à 1200 [,1170,1200,dinars par mois,[ 1170 à 1200 [,total,5552,78888606,1158655,0.4791762862974742,14209.04,0,0,annuaire statistique CNSS 2013 (français),cnss-annuaire-2013,35,EVOLUTION DE LA PYRAMIDE DES SALAIRES DECLARES A LA C.N.S.S. SELON LE NOMBRE DE TRIMESTRES DECLARES AU TITRE DE L'ANNEE 2013,couche texte
2013,dinars,[ 1200 à 1230 [,1200,1230,dinars par mois,[ 1200 à 1230 [,1,21,306779,123341,0.0170259686560024,14608.52,0,-1,annuaire statistique CNSS 2013 (français),cnss-annuaire-2013,35,EVOLUTION DE LA PYRAMIDE DES SALAIRES DECLARES A LA C.N.S.S. SELON LE NOMBRE DE TRIMESTRES DECLARES AU TITRE DE L'ANNEE 2013,couche texte
2013,dinars,[ 1200 à 1230 [,1200,1230,dinars par mois,[ 1200 à 1230 [,2,52,757103,110687,0.0469793200646869,14559.67,0,-1,annuaire statistique CNSS 2013 (français),cnss-annuaire-2013,35,EVOLUTION DE LA PYRAMIDE DES SALAIRES DECLARES A LA C.N.S.S. SELON LE NOMBRE DE TRIMESTRES DECLARES AU TITRE DE L'ANNEE 2013,couche texte
2013,dinars,[ 1200 à 1230 [,1200,1230,dinars par mois,[ 1200 à 1230 [,3,162,2359030,124069,0.1305725040098654,14561.91,0,-1,annuaire statistique CNSS 2013 (français),cnss-annuaire-2013,35,EVOLUTION DE LA PYRAMIDE DES SALAIRES DECLARES A LA C.N.S.S. SELON LE NOMBRE DE TRIMESTRES DECLARES AU TITRE DE L'ANNEE 2013,couche texte
2013,dinars,[ 1200 à 1230 [,1200,1230,dinars par mois,[ 1200 à 1230 [,4,5094,74192767,800558,0.6363061764419318,14564.74,0,-1,annuaire statistique CNSS 2013 (français),cnss-annuaire-2013,35,EVOLUTION DE LA PYRAMIDE DES SALAIRES DECLARES A LA C.N.S.S. SELON LE NOMBRE DE TRIMESTRES DECLARES AU TITRE DE L'ANNEE 2013,couche texte
2013,dinars,[ 1200 à 1230 [,1200,1230,dinars par mois,[ 1200 à 1230 [,total,5329,77615680,1158655,0.4599298324350216,14564.77,0,-1,annuaire statistique CNSS 2013 (français),cnss-annuaire-2013,35,EVOLUTION DE LA PYRAMIDE DES SALAIRES DECLARES A LA C.N.S.S. SELON LE NOMBRE DE TRIMESTRES DECLARES AU TITRE DE L'ANNEE 2013,couche texte
2013,dinars,[ 1230 à 1260 [,1230,1260,dinars par mois,[ 1230 à 1260 [,1,21,314576,123341,0.0170259686560024,14979.81,0,0,annuaire statistique CNSS 2013 (français),cnss-annuaire-2013,35,EVOLUTION DE LA PYRAMIDE DES SALAIRES DECLARES A LA C.N.S.S. SELON LE NOMBRE DE TRIMESTRES DECLARES AU TITRE DE L'ANNEE 2013,couche texte
2013,dinars,[ 1230 à 1260 [,1230,1260,dinars par mois,[ 1230 à 1260 [,2,50,746194,110687,0.045172423139122,14923.88,0,0,annuaire statistique CNSS 2013 (français),cnss-annuaire-2013,35,EVOLUTION DE LA PYRAMIDE DES SALAIRES DECLARES A LA C.N.S.S. SELON LE NOMBRE DE TRIMESTRES DECLARES AU TITRE DE L'ANNEE 2013,couche texte
2013,dinars,[ 1230 à 1260 [,1230,1260,dinars par mois,[ 1230 à 1260 [,3,159,2372918,124069,0.1281544946763494,14924.01,0,0,annuaire statistique CNSS 2013 (français),cnss-annuaire-2013,35,EVOLUTION DE LA PYRAMIDE DES SALAIRES DECLARES A LA C.N.S.S. SELON LE NOMBRE DE TRIMESTRES DECLARES AU TITRE DE L'ANNEE 2013,couche texte
2013,dinars,[ 1230 à 1260 [,1230,1260,dinars par mois,[ 1230 à 1260 [,4,4903,73198528,800558,0.6124478176471911,14929.33,0,0,annuaire statistique CNSS 2013 (français),cnss-annuaire-2013,35,EVOLUTION DE LA PYRAMIDE DES SALAIRES DECLARES A LA C.N.S.S. SELON LE NOMBRE DE TRIMESTRES DECLARES AU TITRE DE L'ANNEE 2013,couche texte
2013,dinars,[ 1230 à 1260 [,1230,1260,dinars par mois,[ 1230 à 1260 [,total,5133,76632216,1158655,0.4430136667083817,14929.32,0,0,annuaire statistique CNSS 2013 (français),cnss-annuaire-2013,35,EVOLUTION DE LA PYRAMIDE DES SALAIRES DECLARES A LA C.N.S.S. SELON LE NOMBRE DE TRIMESTRES DECLARES AU TITRE DE L'ANNEE 2013,couche texte
2013,dinars,[ 1260 à 1290 [,1260,1290,dinars par mois,[ 1260 à 1290 [,1,15,229160,123341,0.0121614061828589,15277.33,0,1,annuaire statistique CNSS 2013 (français),cnss-annuaire-2013,35,EVOLUTION DE LA PYRAMIDE DES SALAIRES DECLARES A LA C.N.S.S. SELON LE NOMBRE DE TRIMESTRES DECLARES AU TITRE DE L'ANNEE 2013,couche texte
2013,dinars,[ 1260 à 1290 [,1260,1290,dinars par mois,[ 1260 à 1290 [,2,37,564676,110687,0.0334275931229503,15261.51,0,1,annuaire statistique CNSS 2013 (français),cnss-annuaire-2013,35,EVOLUTION DE LA PYRAMIDE DES SALAIRES DECLARES A LA C.N.S.S. SELON LE NOMBRE DE TRIMESTRES DECLARES AU TITRE DE L'ANNEE 2013,couche texte
2013,dinars,[ 1260 à 1290 [,1260,1290,dinars par mois,[ 1260 à 1290 [,3,150,2292300,124069,0.1209004666758013,15282.0,0,1,annuaire statistique CNSS 2013 (français),cnss-annuaire-2013,35,EVOLUTION DE LA PYRAMIDE DES SALAIRES DECLARES A LA C.N.S.S. SELON LE NOMBRE DE TRIMESTRES DECLARES AU TITRE DE L'ANNEE 2013,couche texte
2013,dinars,[ 1260 à 1290 [,1260,1290,dinars par mois,[ 1260 à 1290 [,4,4704,71912630,800558,0.5875901558662833,15287.55,0,1,annuaire statistique CNSS 2013 (français),cnss-annuaire-2013,35,EVOLUTION DE LA PYRAMIDE DES SALAIRES DECLARES A LA C.N.S.S. SELON LE NOMBRE DE TRIMESTRES DECLARES AU TITRE DE L'ANNEE 2013,couche texte
2013,dinars,[ 1260 à 1290 [,1260,1290,dinars par mois,[ 1260 à 1290 [,total,4906,74998765,1158655,0.4234219849739569,15287.15,0,1,annuaire statistique CNSS 2013 (français),cnss-annuaire-2013,35,EVOLUTION DE LA PYRAMIDE DES SALAIRES DECLARES A LA C.N.S.S. SELON LE NOMBRE DE TRIMESTRES DECLARES AU TITRE DE L'ANNEE 2013,couche texte
2013,dinars,[ 1290 à 1320 [,1290,1320,dinars par mois,[ 1290 à 1320 [,1,11,172547,123341,0.0089183645340965,15686.09,0,0,annuaire statistique CNSS 2013 (français),cnss-annuaire-2013,35,EVOLUTION DE LA PYRAMIDE DES SALAIRES DECLARES A LA C.N.S.S. SELON LE NOMBRE DE TRIMESTRES DECLARES AU TITRE DE L'ANNEE 2013,couche texte
2013,dinars,[ 1290 à 1320 [,1290,1320,dinars par mois,[ 1290 à 1320 [,2,35,546502,110687,0.0316206961973854,15614.34,0,0,annuaire statistique CNSS 2013 (français),cnss-annuaire-2013,35,EVOLUTION DE LA PYRAMIDE DES SALAIRES DECLARES A LA C.N.S.S. SELON LE NOMBRE DE TRIMESTRES DECLARES AU TITRE DE L'ANNEE 2013,couche texte
2013,dinars,[ 1290 à 1320 [,1290,1320,dinars par mois,[ 1290 à 1320 [,3,139,2175334,124069,0.1120344324529092,15649.88,0,0,annuaire statistique CNSS 2013 (français),cnss-annuaire-2013,35,EVOLUTION DE LA PYRAMIDE DES SALAIRES DECLARES A LA C.N.S.S. SELON LE NOMBRE DE TRIMESTRES DECLARES AU TITRE DE L'ANNEE 2013,couche texte
2013,dinars,[ 1290 à 1320 [,1290,1320,dinars par mois,[ 1290 à 1320 [,4,5012,78424270,800558,0.6260633208337185,15647.3,0,0,annuaire statistique CNSS 2013 (français),cnss-annuaire-2013,35,EVOLUTION DE LA PYRAMIDE DES SALAIRES DECLARES A LA C.N.S.S. SELON LE NOMBRE DE TRIMESTRES DECLARES AU TITRE DE L'ANNEE 2013,couche texte
2013,dinars,[ 1290 à 1320 [,1290,1320,dinars par mois,[ 1290 à 1320 [,total,5197,81318653,1158655,0.4485373126599376,15647.23,0,0,annuaire statistique CNSS 2013 (français),cnss-annuaire-2013,35,EVOLUTION DE LA PYRAMIDE DES SALAIRES DECLARES A LA C.N.S.S. SELON LE NOMBRE DE TRIMESTRES DECLARES AU TITRE DE L'ANNEE 2013,couche texte
2013,dinars,[ 1320 à 1350 [,1320,1350,dinars par mois,[ 1320 à 1350 [,1,13,208324,123341,0.0105398853584777,16024.92,0,1,annuaire statistique CNSS 2013 (français),cnss-annuaire-2013,35,EVOLUTION DE LA PYRAMIDE DES SALAIRES DECLARES A LA C.N.S.S. SELON LE NOMBRE DE TRIMESTRES DECLARES AU TITRE DE L'ANNEE 2013,couche texte
2013,dinars,[ 1320 à 1350 [,1320,1350,dinars par mois,[ 1320 à 1350 [,2,40,639758,110687,0.0361379385112976,15993.95,0,1,annuaire statistique CNSS 2013 (français),cnss-annuaire-2013,35,EVOLUTION DE LA PYRAMIDE DES SALAIRES DECLARES A LA C.N.S.S. SELON LE NOMBRE DE TRIMESTRES DECLARES AU TITRE DE L'ANNEE 2013,couche texte
2013,dinars,[ 1320 à 1350 [,1320,1350,dinars par mois,[ 1320 à 1350 [,3,125,2002118,124069,0.1007503888965011,16016.94,0,1,annuaire statistique CNSS 2013 (français),cnss-annuaire-2013,35,EVOLUTION DE LA PYRAMIDE DES SALAIRES DECLARES A LA C.N.S.S. SELON LE NOMBRE DE TRIMESTRES DECLARES AU TITRE DE L'ANNEE 2013,couche texte
2013,dinars,[ 1320 à 1350 [,1320,1350,dinars par mois,[ 1320 à 1350 [,4,4138,66246999,800558,0.5168894695949575,16009.42,0,1,annuaire statistique CNSS 2013 (français),cnss-annuaire-2013,35,EVOLUTION DE LA PYRAMIDE DES SALAIRES DECLARES A LA C.N.S.S. SELON LE NOMBRE DE TRIMESTRES DECLARES AU TITRE DE L'ANNEE 2013,couche texte
2013,dinars,[ 1320 à 1350 [,1320,1350,dinars par mois,[ 1320 à 1350 [,total,4316,69097198,1158655,0.3725008738580509,16009.55,0,1,annuaire statistique CNSS 2013 (français),cnss-annuaire-2013,35,EVOLUTION DE LA PYRAMIDE DES SALAIRES DECLARES A LA C.N.S.S. SELON LE NOMBRE DE TRIMESTRES DECLARES AU TITRE DE L'ANNEE 2013,couche texte
2013,dinars,[ 1350 à 1380 [,1350,1380,dinars par mois,[ 1350 à 1380 [,1,9,146941,123341,0.0072968437097153,16326.78,0,1,annuaire statistique CNSS 2013 (français),cnss-annuaire-2013,35,EVOLUTION DE LA PYRAMIDE DES SALAIRES DECLARES A LA C.N.S.S. SELON LE NOMBRE DE TRIMESTRES DECLARES AU TITRE DE L'ANNEE 2013,couche texte
2013,dinars,[ 1350 à 1380 [,1350,1380,dinars par mois,[ 1350 à 1380 [,2,36,589031,110687,0.0325241446601678,16361.97,0,1,annuaire statistique CNSS 2013 (français),cnss-annuaire-2013,35,EVOLUTION DE LA PYRAMIDE DES SALAIRES DECLARES A LA C.N.S.S. SELON LE NOMBRE DE TRIMESTRES DECLARES AU TITRE DE L'ANNEE 2013,couche texte
2013,dinars,[ 1350 à 1380 [,1350,1380,dinars par mois,[ 1350 à 1380 [,3,114,1866268,124069,0.091884354673609,16370.77,0,1,annuaire statistique CNSS 2013 (français),cnss-annuaire-2013,35,EVOLUTION DE LA PYRAMIDE DES SALAIRES DECLARES A LA C.N.S.S. SELON LE NOMBRE DE TRIMESTRES DECLARES AU TITRE DE L'ANNEE 2013,couche texte
2013,dinars,[ 1350 à 1380 [,1350,1380,dinars par mois,[ 1350 à 1380 [,4,3969,64961871,800558,0.4957791940121765,16367.31,0,1,annuaire statistique CNSS 2013 (français),cnss-annuaire-2013,35,EVOLUTION DE LA PYRAMIDE DES SALAIRES DECLARES A LA C.N.S.S. SELON LE NOMBRE DE TRIMESTRES DECLARES AU TITRE DE L'ANNEE 2013,couche texte
2013,dinars,[ 1350 à 1380 [,1350,1380,dinars par mois,[ 1350 à 1380 [,total,4128,67564110,1158655,0.3562751638753554,16367.27,0,1,annuaire statistique CNSS 2013 (français),cnss-annuaire-2013,35,EVOLUTION DE LA PYRAMIDE DES SALAIRES DECLARES A LA C.N.S.S. SELON LE NOMBRE DE TRIMESTRES DECLARES AU TITRE DE L'ANNEE 2013,couche texte
2013,dinars,[ 1380 à 1410 [,1380,1410,dinars par mois,[ 1380 à 1410 [,1,6,100367,123341,0.0048645624731435,16727.83,0,0,annuaire statistique CNSS 2013 (français),cnss-annuaire-2013,35,EVOLUTION DE LA PYRAMIDE DES SALAIRES DECLARES A LA C.N.S.S. SELON LE NOMBRE DE TRIMESTRES DECLARES AU TITRE DE L'ANNEE 2013,couche texte
2013,dinars,[ 1380 à 1410 [,1380,1410,dinars par mois,[ 1380 à 1410 [,2,55,918292,110687,0.0496896654530342,16696.22,0,0,annuaire statistique CNSS 2013 (français),cnss-annuaire-2013,35,EVOLUTION DE LA PYRAMIDE DES SALAIRES DECLARES A LA C.N.S.S. SELON LE NOMBRE DE TRIMESTRES DECLARES AU TITRE DE L'ANNEE 2013,couche texte
2013,dinars,[ 1380 à 1410 [,1380,1410,dinars par mois,[ 1380 à 1410 [,3,123,2057625,124069,0.0991383826741571,16728.66,0,0,annuaire statistique CNSS 2013 (français),cnss-annuaire-2013,35,EVOLUTION DE LA PYRAMIDE DES SALAIRES DECLARES A LA C.N.S.S. SELON LE NOMBRE DE TRIMESTRES DECLARES AU TITRE DE L'ANNEE 2013,couche texte
2013,dinars,[ 1380 à 1410 [,1380,1410,dinars par mois,[ 1380 à 1410 [,4,3601,60237230,800558,0.4498112566484877,16727.92,0,0,annuaire statistique CNSS 2013 (français),cnss-annuaire-2013,35,EVOLUTION DE LA PYRAMIDE DES SALAIRES DECLARES A LA C.N.S.S. SELON LE NOMBRE DE TRIMESTRES DECLARES AU TITRE DE L'ANNEE 2013,couche texte
2013,dinars,[ 1380 à 1410 [,1380,1410,dinars par mois,[ 1380 à 1410 [,total,3785,63313514,1158655,0.3266718738537356,16727.48,0,0,annuaire statistique CNSS 2013 (français),cnss-annuaire-2013,35,EVOLUTION DE LA PYRAMIDE DES SALAIRES DECLARES A LA C.N.S.S. SELON LE NOMBRE DE TRIMESTRES DECLARES AU TITRE DE L'ANNEE 2013,couche texte
2013,dinars,[ 1410 à 1450 [,1410,1450,dinars par mois,[ 1410 à 1450 [,1,10,171205,123341,0.0081076041219059,17120.5,0,0,annuaire statistique CNSS 2013 (français),cnss-annuaire-2013,35,EVOLUTION DE LA PYRAMIDE DES SALAIRES DECLARES A LA C.N.S.S. SELON LE NOMBRE DE TRIMESTRES DECLARES AU TITRE DE L'ANNEE 2013,couche texte
2013,dinars,[ 1410 à 1450 [,1410,1450,dinars par mois,[ 1410 à 1450 [,2,35,599587,110687,0.0316206961973854,17131.06,0,0,annuaire statistique CNSS 2013 (français),cnss-annuaire-2013,35,EVOLUTION DE LA PYRAMIDE DES SALAIRES DECLARES A LA C.N.S.S. SELON LE NOMBRE DE TRIMESTRES DECLARES AU TITRE DE L'ANNEE 2013,couche texte
2013,dinars,[ 1410 à 1450 [,1410,1450,dinars par mois,[ 1410 à 1450 [,3,157,2693495,124069,0.1265424884540054,17156.02,0,0,annuaire statistique CNSS 2013 (français),cnss-annuaire-2013,35,EVOLUTION DE LA PYRAMIDE DES SALAIRES DECLARES A LA C.N.S.S. SELON LE NOMBRE DE TRIMESTRES DECLARES AU TITRE DE L'ANNEE 2013,couche texte
2013,dinars,[ 1410 à 1450 [,1410,1450,dinars par mois,[ 1410 à 1450 [,4,4924,84425160,800558,0.6150709879858799,17145.65,0,0,annuaire statistique CNSS 2013 (français),cnss-annuaire-2013,35,EVOLUTION DE LA PYRAMIDE DES SALAIRES DECLARES A LA C.N.S.S. SELON LE NOMBRE DE TRIMESTRES DECLARES AU TITRE DE L'ANNEE 2013,couche texte
2013,dinars,[ 1410 à 1450 [,1410,1450,dinars par mois,[ 1410 à 1450 [,total,5126,87889447,1158655,0.4424095179324303,17145.81,0,0,annuaire statistique CNSS 2013 (français),cnss-annuaire-2013,35,EVOLUTION DE LA PYRAMIDE DES SALAIRES DECLARES A LA C.N.S.S. SELON LE NOMBRE DE TRIMESTRES DECLARES AU TITRE DE L'ANNEE 2013,couche texte
2013,dinars,[ 1450 à 1490 [,1450,1490,dinars par mois,[ 1450 à 1490 [,1,13,228194,123341,0.0105398853584777,17553.38,0,-1,annuaire statistique CNSS 2013 (français),cnss-annuaire-2013,35,EVOLUTION DE LA PYRAMIDE DES SALAIRES DECLARES A LA C.N.S.S. SELON LE NOMBRE DE TRIMESTRES DECLARES AU TITRE DE L'ANNEE 2013,couche texte
2013,dinars,[ 1450 à 1490 [,1450,1490,dinars par mois,[ 1450 à 1490 [,2,32,564285,110687,0.028910350809038,17633.91,0,-1,annuaire statistique CNSS 2013 (français),cnss-annuaire-2013,35,EVOLUTION DE LA PYRAMIDE DES SALAIRES DECLARES A LA C.N.S.S. SELON LE NOMBRE DE TRIMESTRES DECLARES AU TITRE DE L'ANNEE 2013,couche texte
2013,dinars,[ 1450 à 1490 [,1450,1490,dinars par mois,[ 1450 à 1490 [,3,121,2132106,124069,0.0975263764518131,17620.71,0,-1,annuaire statistique CNSS 2013 (français),cnss-annuaire-2013,35,EVOLUTION DE LA PYRAMIDE DES SALAIRES DECLARES A LA C.N.S.S. SELON LE NOMBRE DE TRIMESTRES DECLARES AU TITRE DE L'ANNEE 2013,couche texte
2013,dinars,[ 1450 à 1490 [,1450,1490,dinars par mois,[ 1450 à 1490 [,4,4512,79525520,800558,0.5636068841982717,17625.34,0,-1,annuaire statistique CNSS 2013 (français),cnss-annuaire-2013,35,EVOLUTION DE LA PYRAMIDE DES SALAIRES DECLARES A LA C.N.S.S. SELON LE NOMBRE DE TRIMESTRES DECLARES AU TITRE DE L'ANNEE 2013,couche texte
2013,dinars,[ 1450 à 1490 [,1450,1490,dinars par mois,[ 1450 à 1490 [,total,4678,82450106,1158655,0.403743996271539,17625.08,0,-1,annuaire statistique CNSS 2013 (français),cnss-annuaire-2013,35,EVOLUTION DE LA PYRAMIDE DES SALAIRES DECLARES A LA C.N.S.S. SELON LE NOMBRE DE TRIMESTRES DECLARES AU TITRE DE L'ANNEE 2013,couche texte
2013,dinars,[ 1490 à 1530 [,1490,1530,dinars par mois,[ 1490 à 1530 [,1,8,145145,123341,0.0064860832975247,18143.12,0,0,annuaire statistique CNSS 2013 (français),cnss-annuaire-2013,35,EVOLUTION DE LA PYRAMIDE DES SALAIRES DECLARES A LA C.N.S.S. SELON LE NOMBRE DE TRIMESTRES DECLARES AU TITRE DE L'ANNEE 2013,couche texte
2013,dinars,[ 1490 à 1530 [,1490,1530,dinars par mois,[ 1490 à 1530 [,2,49,886666,110687,0.0442689746763395,18095.22,0,0,annuaire statistique CNSS 2013 (français),cnss-annuaire-2013,35,EVOLUTION DE LA PYRAMIDE DES SALAIRES DECLARES A LA C.N.S.S. SELON LE NOMBRE DE TRIMESTRES DECLARES AU TITRE DE L'ANNEE 2013,couche texte
2013,dinars,[ 1490 à 1530 [,1490,1530,dinars par mois,[ 1490 à 1530 [,3,198,3586786,124069,0.1595886160120578,18115.08,0,0,annuaire statistique CNSS 2013 (français),cnss-annuaire-2013,35,EVOLUTION DE LA PYRAMIDE DES SALAIRES DECLARES A LA C.N.S.S. SELON LE NOMBRE DE TRIMESTRES DECLARES AU TITRE DE L'ANNEE 2013,couche texte
2013,dinars,[ 1490 à 1530 [,1490,1530,dinars par mois,[ 1490 à 1530 [,4,4313,78075582,800558,0.5387492224173639,18102.38,0,0,annuaire statistique CNSS 2013 (français),cnss-annuaire-2013,35,EVOLUTION DE LA PYRAMIDE DES SALAIRES DECLARES A LA C.N.S.S. SELON LE NOMBRE DE TRIMESTRES DECLARES AU TITRE DE L'ANNEE 2013,couche texte
2013,dinars,[ 1490 à 1530 [,1490,1530,dinars par mois,[ 1490 à 1530 [,total,4568,82694179,1158655,0.3942502297923023,18102.93,0,0,annuaire statistique CNSS 2013 (français),cnss-annuaire-2013,35,EVOLUTION DE LA PYRAMIDE DES SALAIRES DECLARES A LA C.N.S.S. SELON LE NOMBRE DE TRIMESTRES DECLARES AU TITRE DE L'ANNEE 2013,couche texte
2013,dinars,[ 1530 à 1560 [,1530,1560,dinars par mois,[ 1530 à 1560 [,1,4,73913,123341,0.0032430416487623,18478.25,0,0,annuaire statistique CNSS 2013 (français),cnss-annuaire-2013,35,EVOLUTION DE LA PYRAMIDE DES SALAIRES DECLARES A LA C.N.S.S. SELON LE NOMBRE DE TRIMESTRES DECLARES AU TITRE DE L'ANNEE 2013,couche texte
2013,dinars,[ 1530 à 1560 [,1530,1560,dinars par mois,[ 1530 à 1560 [,2,28,518367,110687,0.0252965569579083,18513.11,0,0,annuaire statistique CNSS 2013 (français),cnss-annuaire-2013,35,EVOLUTION DE LA PYRAMIDE DES SALAIRES DECLARES A LA C.N.S.S. SELON LE NOMBRE DE TRIMESTRES DECLARES AU TITRE DE L'ANNEE 2013,couche texte
2013,dinars,[ 1530 à 1560 [,1530,1560,dinars par mois,[ 1530 à 1560 [,3,93,1723796,124069,0.0749582893389968,18535.44,0,0,annuaire statistique CNSS 2013 (français),cnss-annuaire-2013,35,EVOLUTION DE LA PYRAMIDE DES SALAIRES DECLARES A LA C.N.S.S. SELON LE NOMBRE DE TRIMESTRES DECLARES AU TITRE DE L'ANNEE 2013,couche texte
2013,dinars,[ 1530 à 1560 [,1530,1560,dinars par mois,[ 1530 à 1560 [,4,3071,56894280,800558,0.3836074338149141,18526.3,0,0,annuaire statistique CNSS 2013 (français),cnss-annuaire-2013,35,EVOLUTION DE LA PYRAMIDE DES SALAIRES DECLARES A LA C.N.S.S. SELON LE NOMBRE DE TRIMESTRES DECLARES AU TITRE DE L'ANNEE 2013,couche texte
2013,dinars,[ 1530 à 1560 [,1530,1560,dinars par mois,[ 1530 à 1560 [,total,3196,59210356,1158655,0.2758370697058227,18526.39,0,0,annuaire statistique CNSS 2013 (français),cnss-annuaire-2013,35,EVOLUTION DE LA PYRAMIDE DES SALAIRES DECLARES A LA C.N.S.S. SELON LE NOMBRE DE TRIMESTRES DECLARES AU TITRE DE L'ANNEE 2013,couche texte
2013,dinars,[ 1560 à 1590 [,1560,1590,dinars par mois,[ 1560 à 1590 [,1,4,75276,123341,0.0032430416487623,18819.0,0,0,annuaire statistique CNSS 2013 (français),cnss-annuaire-2013,35,EVOLUTION DE LA PYRAMIDE DES SALAIRES DECLARES A LA C.N.S.S. SELON LE NOMBRE DE TRIMESTRES DECLARES AU TITRE DE L'ANNEE 2013,couche texte
2013,dinars,[ 1560 à 1590 [,1560,1590,dinars par mois,[ 1560 à 1590 [,2,20,377488,110687,0.0180689692556488,18874.4,0,0,annuaire statistique CNSS 2013 (français),cnss-annuaire-2013,35,EVOLUTION DE LA PYRAMIDE DES SALAIRES DECLARES A LA C.N.S.S. SELON LE NOMBRE DE TRIMESTRES DECLARES AU TITRE DE L'ANNEE 2013,couche texte
2013,dinars,[ 1560 à 1590 [,1560,1590,dinars par mois,[ 1560 à 1590 [,3,83,1567367,124069,0.0668982582272767,18883.94,0,0,annuaire statistique CNSS 2013 (français),cnss-annuaire-2013,35,EVOLUTION DE LA PYRAMIDE DES SALAIRES DECLARES A LA C.N.S.S. SELON LE NOMBRE DE TRIMESTRES DECLARES AU TITRE DE L'ANNEE 2013,couche texte
2013,dinars,[ 1560 à 1590 [,1560,1590,dinars par mois,[ 1560 à 1590 [,4,3101,58570523,800558,0.3873548200130409,18887.62,0,0,annuaire statistique CNSS 2013 (français),cnss-annuaire-2013,35,EVOLUTION DE LA PYRAMIDE DES SALAIRES DECLARES A LA C.N.S.S. SELON LE NOMBRE DE TRIMESTRES DECLARES AU TITRE DE L'ANNEE 2013,couche texte
2013,dinars,[ 1560 à 1590 [,1560,1590,dinars par mois,[ 1560 à 1590 [,total,3208,60590654,1158655,0.2768727533217394,18887.36,0,0,annuaire statistique CNSS 2013 (français),cnss-annuaire-2013,35,EVOLUTION DE LA PYRAMIDE DES SALAIRES DECLARES A LA C.N.S.S. SELON LE NOMBRE DE TRIMESTRES DECLARES AU TITRE DE L'ANNEE 2013,couche texte
2013,dinars,1590 et plus,1590,,dinars par mois,1590 et plus,1,251,9258558,123341,0.2035008634598389,36886.69,0,0,annuaire statistique CNSS 2013 (français),cnss-annuaire-2013,35,EVOLUTION DE LA PYRAMIDE DES SALAIRES DECLARES A LA C.N.S.S. SELON LE NOMBRE DE TRIMESTRES DECLARES AU TITRE DE L'ANNEE 2013,couche texte
2013,dinars,1590 et plus,1590,,dinars par mois,1590 et plus,2,720,28603910,110687,0.6504828932033572,39727.65,0,0,annuaire statistique CNSS 2013 (français),cnss-annuaire-2013,35,EVOLUTION DE LA PYRAMIDE DES SALAIRES DECLARES A LA C.N.S.S. SELON LE NOMBRE DE TRIMESTRES DECLARES AU TITRE DE L'ANNEE 2013,couche texte
2013,dinars,1590 et plus,1590,,dinars par mois,1590 et plus,3,2464,89881081,124069,1.9859916659278305,36477.71,0,0,annuaire statistique CNSS 2013 (français),cnss-annuaire-2013,35,EVOLUTION DE LA PYRAMIDE DES SALAIRES DECLARES A LA C.N.S.S. SELON LE NOMBRE DE TRIMESTRES DECLARES AU TITRE DE L'ANNEE 2013,couche texte
2013,dinars,1590 et plus,1590,,dinars par mois,1590 et plus,4,103584,3603473750,800558,12.938975064892238,34787.94,0,0,annuaire statistique CNSS 2013 (français),cnss-annuaire-2013,35,EVOLUTION DE LA PYRAMIDE DES SALAIRES DECLARES A LA C.N.S.S. SELON LE NOMBRE DE TRIMESTRES DECLARES AU TITRE DE L'ANNEE 2013,couche texte
2013,dinars,1590 et plus,1590,,dinars par mois,1590 et plus,total,107019,3731217299,1158655,9.236485407649386,34865.0,0,0,annuaire statistique CNSS 2013 (français),cnss-annuaire-2013,35,EVOLUTION DE LA PYRAMIDE DES SALAIRES DECLARES A LA C.N.S.S. SELON LE NOMBRE DE TRIMESTRES DECLARES AU TITRE DE L'ANNEE 2013,couche texte
2013,dinars,TOTAL,,,dinars par mois,TOTAL,1,123341,125099780,123341,100.0,1014.26,0,0,annuaire statistique CNSS 2013 (français),cnss-annuaire-2013,35,EVOLUTION DE LA PYRAMIDE DES SALAIRES DECLARES A LA C.N.S.S. SELON LE NOMBRE DE TRIMESTRES DECLARES AU TITRE DE L'ANNEE 2013,couche texte
2013,dinars,TOTAL,,,dinars par mois,TOTAL,2,110687,291834739,110687,100.0,2636.58,0,0,annuaire statistique CNSS 2013 (français),cnss-annuaire-2013,35,EVOLUTION DE LA PYRAMIDE DES SALAIRES DECLARES A LA C.N.S.S. SELON LE NOMBRE DE TRIMESTRES DECLARES AU TITRE DE L'ANNEE 2013,couche texte
2013,dinars,TOTAL,,,dinars par mois,TOTAL,3,124069,590907104,124069,100.0,4762.73,0,0,annuaire statistique CNSS 2013 (français),cnss-annuaire-2013,35,EVOLUTION DE LA PYRAMIDE DES SALAIRES DECLARES A LA C.N.S.S. SELON LE NOMBRE DE TRIMESTRES DECLARES AU TITRE DE L'ANNEE 2013,couche texte
2013,dinars,TOTAL,,,dinars par mois,TOTAL,4,800558,8834648773,800558,100.0,11035.61,0,0,annuaire statistique CNSS 2013 (français),cnss-annuaire-2013,35,EVOLUTION DE LA PYRAMIDE DES SALAIRES DECLARES A LA C.N.S.S. SELON LE NOMBRE DE TRIMESTRES DECLARES AU TITRE DE L'ANNEE 2013,couche texte
2013,dinars,TOTAL,,,dinars par mois,TOTAL,total,1158655,9842490396,1158655,100.0,8494.76,0,0,annuaire statistique CNSS 2013 (français),cnss-annuaire-2013,35,EVOLUTION DE LA PYRAMIDE DES SALAIRES DECLARES A LA C.N.S.S. SELON LE NOMBRE DE TRIMESTRES DECLARES AU TITRE DE L'ANNEE 2013,couche texte
2013,SMIG,<=2/3,,2/3,multiples du SMIG,MOINS 2/3 Smig,1,115611,83157052,123341,93.73282201376672,719.28,-389,1,annuaire statistique CNSS 2013 (français),cnss-annuaire-2013,36,REPARTITION DE LA PYRAMIDE DES SALAIRES DECLARES A LA C.N.S.S. EXPRIMES EN SMIG SELON LE NOMBRE DE TRIMESTRES DECLARES AU TITRE DE L'ANNEE 2013,couche texte
2013,SMIG,<=2/3,,2/3,multiples du SMIG,MOINS 2/3 Smig,2,71204,100421165,110687,64.3291443439609,1410.33,-389,1,annuaire statistique CNSS 2013 (français),cnss-annuaire-2013,36,REPARTITION DE LA PYRAMIDE DES SALAIRES DECLARES A LA C.N.S.S. EXPRIMES EN SMIG SELON LE NOMBRE DE TRIMESTRES DECLARES AU TITRE DE L'ANNEE 2013,couche texte
2013,SMIG,<=2/3,,2/3,multiples du SMIG,MOINS 2/3 Smig,3,23810,40477178,124069,19.190934077005537,1700.01,-389,1,annuaire statistique CNSS 2013 (français),cnss-annuaire-2013,36,REPARTITION DE LA PYRAMIDE DES SALAIRES DECLARES A LA C.N.S.S. EXPRIMES EN SMIG SELON LE NOMBRE DE TRIMESTRES DECLARES AU TITRE DE L'ANNEE 2013,couche texte
2013,SMIG,<=2/3,,2/3,multiples du SMIG,MOINS 2/3 Smig,4,9982,18080701,800558,1.2468803009900595,1811.33,-389,1,annuaire statistique CNSS 2013 (français),cnss-annuaire-2013,36,REPARTITION DE LA PYRAMIDE DES SALAIRES DECLARES A LA C.N.S.S. EXPRIMES EN SMIG SELON LE NOMBRE DE TRIMESTRES DECLARES AU TITRE DE L'ANNEE 2013,couche texte
2013,SMIG,<=2/3,,2/3,multiples du SMIG,MOINS 2/3 Smig,total,220996,242136095,1158655,19.07349469859449,1095.66,-389,1,annuaire statistique CNSS 2013 (français),cnss-annuaire-2013,36,REPARTITION DE LA PYRAMIDE DES SALAIRES DECLARES A LA C.N.S.S. EXPRIMES EN SMIG SELON LE NOMBRE DE TRIMESTRES DECLARES AU TITRE DE L'ANNEE 2013,couche texte
2013,SMIG,2/3-1,2/3,1,multiples du SMIG,[ 2/3 à 1 [,1,3899,10845481,123341,3.161154847131124,2781.61,213,0,annuaire statistique CNSS 2013 (français),cnss-annuaire-2013,36,REPARTITION DE LA PYRAMIDE DES SALAIRES DECLARES A LA C.N.S.S. EXPRIMES EN SMIG SELON LE NOMBRE DE TRIMESTRES DECLARES AU TITRE DE L'ANNEE 2013,couche texte
2013,SMIG,2/3-1,2/3,1,multiples du SMIG,[ 2/3 à 1 [,2,21964,61450904,110687,19.843342036553526,2797.8,213,0,annuaire statistique CNSS 2013 (français),cnss-annuaire-2013,36,REPARTITION DE LA PYRAMIDE DES SALAIRES DECLARES A LA C.N.S.S. EXPRIMES EN SMIG SELON LE NOMBRE DE TRIMESTRES DECLARES AU TITRE DE L'ANNEE 2013,couche texte
2013,SMIG,2/3-1,2/3,1,multiples du SMIG,[ 2/3 à 1 [,3,39731,115040639,124069,32.023309609975094,2895.49,213,0,annuaire statistique CNSS 2013 (français),cnss-annuaire-2013,36,REPARTITION DE LA PYRAMIDE DES SALAIRES DECLARES A LA C.N.S.S. EXPRIMES EN SMIG SELON LE NOMBRE DE TRIMESTRES DECLARES AU TITRE DE L'ANNEE 2013,couche texte
2013,SMIG,2/3-1,2/3,1,multiples du SMIG,[ 2/3 à 1 [,4,36010,108446528,800558,4.498112566484877,3011.57,213,0,annuaire statistique CNSS 2013 (français),cnss-annuaire-2013,36,REPARTITION DE LA PYRAMIDE DES SALAIRES DECLARES A LA C.N.S.S. EXPRIMES EN SMIG SELON LE NOMBRE DE TRIMESTRES DECLARES AU TITRE DE L'ANNEE 2013,couche texte
2013,SMIG,2/3-1,2/3,1,multiples du SMIG,[ 2/3 à 1 [,total,101391,295783552,1158655,8.75074979178444,2917.26,213,0,annuaire statistique CNSS 2013 (français),cnss-annuaire-2013,36,REPARTITION DE LA PYRAMIDE DES SALAIRES DECLARES A LA C.N.S.S. EXPRIMES EN SMIG SELON LE NOMBRE DE TRIMESTRES DECLARES AU TITRE DE L'ANNEE 2013,couche texte
2013,SMIG,1-1.5,1,1.5,multiples du SMIG,"[ 1 à 1,5 [",1,2014,8462416,123341,1.6328714701518554,4201.8,1161,0,annuaire statistique CNSS 2013 (français),cnss-annuaire-2013,36,REPARTITION DE LA PYRAMIDE DES SALAIRES DECLARES A LA C.N.S.S. EXPRIMES EN SMIG SELON LE NOMBRE DE TRIMESTRES DECLARES AU TITRE DE L'ANNEE 2013,couche texte
2013,SMIG,1-1.5,1,1.5,multiples du SMIG,"[ 1 à 1,5 [",2,9411,39051834,110687,8.502353483245548,4149.59,1161,0,annuaire statistique CNSS 2013 (français),cnss-annuaire-2013,36,REPARTITION DE LA PYRAMIDE DES SALAIRES DECLARES A LA C.N.S.S. EXPRIMES EN SMIG SELON LE NOMBRE DE TRIMESTRES DECLARES AU TITRE DE L'ANNEE 2013,couche texte
2013,SMIG,1-1.5,1,1.5,multiples du SMIG,"[ 1 à 1,5 [",3,33158,139390880,124069,26.72545116024148,4203.84,1161,0,annuaire statistique CNSS 2013 (français),cnss-annuaire-2013,36,REPARTITION DE LA PYRAMIDE DES SALAIRES DECLARES A LA C.N.S.S. EXPRIMES EN SMIG SELON LE NOMBRE DE TRIMESTRES DECLARES AU TITRE DE L'ANNEE 2013,couche texte
2013,SMIG,1-1.5,1,1.5,multiples du SMIG,"[ 1 à 1,5 [",4,166775,728734872,800558,20.83234443975327,4369.57,1161,0,annuaire statistique CNSS 2013 (français),cnss-annuaire-2013,36,REPARTITION DE LA PYRAMIDE DES SALAIRES DECLARES A LA C.N.S.S. EXPRIMES EN SMIG SELON LE NOMBRE DE TRIMESTRES DECLARES AU TITRE DE L'ANNEE 2013,couche texte
2013,SMIG,1-1.5,1,1.5,multiples du SMIG,"[ 1 à 1,5 [",total,210197,915640002,1158655,18.141465751237423,4356.1,1161,0,annuaire statistique CNSS 2013 (français),cnss-annuaire-2013,36,REPARTITION DE LA PYRAMIDE DES SALAIRES DECLARES A LA C.N.S.S. EXPRIMES EN SMIG SELON LE NOMBRE DE TRIMESTRES DECLARES AU TITRE DE L'ANNEE 2013,couche texte
2013,SMIG,1.5-2,1.5,2,multiples du SMIG,"[ 1,5 à 2 [",1,359,2286813,123341,0.2910629879764231,6369.95,-94185,0,annuaire statistique CNSS 2013 (français),cnss-annuaire-2013,36,REPARTITION DE LA PYRAMIDE DES SALAIRES DECLARES A LA C.N.S.S. EXPRIMES EN SMIG SELON LE NOMBRE DE TRIMESTRES DECLARES AU TITRE DE L'ANNEE 2013,couche texte
2013,SMIG,1.5-2,1.5,2,multiples du SMIG,"[ 1,5 à 2 [",2,1489,9576665,110687,1.345234761083054,6431.61,-94185,0,annuaire statistique CNSS 2013 (français),cnss-annuaire-2013,36,REPARTITION DE LA PYRAMIDE DES SALAIRES DECLARES A LA C.N.S.S. EXPRIMES EN SMIG SELON LE NOMBRE DE TRIMESTRES DECLARES AU TITRE DE L'ANNEE 2013,couche texte
2013,SMIG,1.5-2,1.5,2,multiples du SMIG,"[ 1,5 à 2 [",3,5170,33333862,124069,4.167036084759287,6447.56,-94185,0,annuaire statistique CNSS 2013 (français),cnss-annuaire-2013,36,REPARTITION DE LA PYRAMIDE DES SALAIRES DECLARES A LA C.N.S.S. EXPRIMES EN SMIG SELON LE NOMBRE DE TRIMESTRES DECLARES AU TITRE DE L'ANNEE 2013,couche texte
2013,SMIG,1.5-2,1.5,2,multiples du SMIG,"[ 1,5 à 2 [",4,94679,610862270,800558,11.82662592841493,6451.93,-94185,0,annuaire statistique CNSS 2013 (français),cnss-annuaire-2013,36,REPARTITION DE LA PYRAMIDE DES SALAIRES DECLARES A LA C.N.S.S. EXPRIMES EN SMIG SELON LE NOMBRE DE TRIMESTRES DECLARES AU TITRE DE L'ANNEE 2013,couche texte
2013,SMIG,1.5-2,1.5,2,multiples du SMIG,"[ 1,5 à 2 [",total,195882,656059610,1158655,16.905981504416758,3349.26,-94185,0,annuaire statistique CNSS 2013 (français),cnss-annuaire-2013,36,REPARTITION DE LA PYRAMIDE DES SALAIRES DECLARES A LA C.N.S.S. EXPRIMES EN SMIG SELON LE NOMBRE DE TRIMESTRES DECLARES AU TITRE DE L'ANNEE 2013,couche texte
2013,SMIG,2-2.5,2,2.5,multiples du SMIG,"[ 2 à 2,5 [",1,659,4362377,123341,0.5342911116336011,6619.69,94084,0,annuaire statistique CNSS 2013 (français),cnss-annuaire-2013,36,REPARTITION DE LA PYRAMIDE DES SALAIRES DECLARES A LA C.N.S.S. EXPRIMES EN SMIG SELON LE NOMBRE DE TRIMESTRES DECLARES AU TITRE DE L'ANNEE 2013,couche texte
2013,SMIG,2-2.5,2,2.5,multiples du SMIG,"[ 2 à 2,5 [",2,3317,22138307,110687,2.996738551049356,6674.2,94084,0,annuaire statistique CNSS 2013 (français),cnss-annuaire-2013,36,REPARTITION DE LA PYRAMIDE DES SALAIRES DECLARES A LA C.N.S.S. EXPRIMES EN SMIG SELON LE NOMBRE DE TRIMESTRES DECLARES AU TITRE DE L'ANNEE 2013,couche texte
2013,SMIG,2-2.5,2,2.5,multiples du SMIG,"[ 2 à 2,5 [",3,11778,77547004,124069,9.493104643383925,6584.06,94084,0,annuaire statistique CNSS 2013 (français),cnss-annuaire-2013,36,REPARTITION DE LA PYRAMIDE DES SALAIRES DECLARES A LA C.N.S.S. EXPRIMES EN SMIG SELON LE NOMBRE DE TRIMESTRES DECLARES AU TITRE DE L'ANNEE 2013,couche texte
2013,SMIG,2-2.5,2,2.5,multiples du SMIG,"[ 2 à 2,5 [",4,191396,1301762310,800558,23.907824292555944,6801.41,94084,0,annuaire statistique CNSS 2013 (français),cnss-annuaire-2013,36,REPARTITION DE LA PYRAMIDE DES SALAIRES DECLARES A LA C.N.S.S. EXPRIMES EN SMIG SELON LE NOMBRE DE TRIMESTRES DECLARES AU TITRE DE L'ANNEE 2013,couche texte
2013,SMIG,2-2.5,2,2.5,multiples du SMIG,"[ 2 à 2,5 [",total,113066,1405809998,1158655,9.758383643103429,12433.53,94084,0,annuaire statistique CNSS 2013 (français),cnss-annuaire-2013,36,REPARTITION DE LA PYRAMIDE DES SALAIRES DECLARES A LA C.N.S.S. EXPRIMES EN SMIG SELON LE NOMBRE DE TRIMESTRES DECLARES AU TITRE DE L'ANNEE 2013,couche texte
2013,SMIG,2.5-3,2.5,3,multiples du SMIG,"[ 2,5 à 3 [",1,174,1651540,123341,0.1410723117211632,9491.61,-382,0,annuaire statistique CNSS 2013 (français),cnss-annuaire-2013,36,REPARTITION DE LA PYRAMIDE DES SALAIRES DECLARES A LA C.N.S.S. EXPRIMES EN SMIG SELON LE NOMBRE DE TRIMESTRES DECLARES AU TITRE DE L'ANNEE 2013,couche texte
2013,SMIG,2.5-3,2.5,3,multiples du SMIG,"[ 2,5 à 3 [",2,1057,10101133,110687,0.9549450251610396,9556.42,-382,0,annuaire statistique CNSS 2013 (français),cnss-annuaire-2013,36,REPARTITION DE LA PYRAMIDE DES SALAIRES DECLARES A LA C.N.S.S. EXPRIMES EN SMIG SELON LE NOMBRE DE TRIMESTRES DECLARES AU TITRE DE L'ANNEE 2013,couche texte
2013,SMIG,2.5-3,2.5,3,multiples du SMIG,"[ 2,5 à 3 [",3,3097,29285862,124069,2.4961916352997124,9456.2,-382,0,annuaire statistique CNSS 2013 (français),cnss-annuaire-2013,36,REPARTITION DE LA PYRAMIDE DES SALAIRES DECLARES A LA C.N.S.S. EXPRIMES EN SMIG SELON LE NOMBRE DE TRIMESTRES DECLARES AU TITRE DE L'ANNEE 2013,couche texte
2013,SMIG,2.5-3,2.5,3,multiples du SMIG,"[ 2,5 à 3 [",4,64583,615214246,800558,8.067248094454119,9525.95,-382,0,annuaire statistique CNSS 2013 (français),cnss-annuaire-2013,36,REPARTITION DE LA PYRAMIDE DES SALAIRES DECLARES A LA C.N.S.S. EXPRIMES EN SMIG SELON LE NOMBRE DE TRIMESTRES DECLARES AU TITRE DE L'ANNEE 2013,couche texte
2013,SMIG,2.5-3,2.5,3,multiples du SMIG,"[ 2,5 à 3 [",total,69293,656252781,1158655,5.98046873314317,9470.69,-382,0,annuaire statistique CNSS 2013 (français),cnss-annuaire-2013,36,REPARTITION DE LA PYRAMIDE DES SALAIRES DECLARES A LA C.N.S.S. EXPRIMES EN SMIG SELON LE NOMBRE DE TRIMESTRES DECLARES AU TITRE DE L'ANNEE 2013,couche texte
2013,SMIG,3-3.5,3,3.5,multiples du SMIG,"[ 3 à 3,5 [",1,130,1453969,123341,0.1053988535847771,11184.38,278,0,annuaire statistique CNSS 2013 (français),cnss-annuaire-2013,36,REPARTITION DE LA PYRAMIDE DES SALAIRES DECLARES A LA C.N.S.S. EXPRIMES EN SMIG SELON LE NOMBRE DE TRIMESTRES DECLARES AU TITRE DE L'ANNEE 2013,couche texte
2013,SMIG,3-3.5,3,3.5,multiples du SMIG,"[ 3 à 3,5 [",2,632,7194323,110687,0.5709794284785025,11383.42,278,0,annuaire statistique CNSS 2013 (français),cnss-annuaire-2013,36,REPARTITION DE LA PYRAMIDE DES SALAIRES DECLARES A LA C.N.S.S. EXPRIMES EN SMIG SELON LE NOMBRE DE TRIMESTRES DECLARES AU TITRE DE L'ANNEE 2013,couche texte
2013,SMIG,3-3.5,3,3.5,multiples du SMIG,"[ 3 à 3,5 [",3,1925,21763687,124069,1.5515559890061177,11305.81,278,0,annuaire statistique CNSS 2013 (français),cnss-annuaire-2013,36,REPARTITION DE LA PYRAMIDE DES SALAIRES DECLARES A LA C.N.S.S. EXPRIMES EN SMIG SELON LE NOMBRE DE TRIMESTRES DECLARES AU TITRE DE L'ANNEE 2013,couche texte
2013,SMIG,3-3.5,3,3.5,multiples du SMIG,"[ 3 à 3,5 [",4,44380,501004890,800558,5.543633315762256,11288.98,278,0,annuaire statistique CNSS 2013 (français),cnss-annuaire-2013,36,REPARTITION DE LA PYRAMIDE DES SALAIRES DECLARES A LA C.N.S.S. EXPRIMES EN SMIG SELON LE NOMBRE DE TRIMESTRES DECLARES AU TITRE DE L'ANNEE 2013,couche texte
2013,SMIG,3-3.5,3,3.5,multiples du SMIG,"[ 3 à 3,5 [",total,46789,531416869,1158655,4.038216725427327,11357.73,278,0,annuaire statistique CNSS 2013 (français),cnss-annuaire-2013,36,REPARTITION DE LA PYRAMIDE DES SALAIRES DECLARES A LA C.N.S.S. EXPRIMES EN SMIG SELON LE NOMBRE DE TRIMESTRES DECLARES AU TITRE DE L'ANNEE 2013,couche texte
2013,SMIG,3.5-4,3.5,4,multiples du SMIG,"[ 3,5 à 4 [",1,85,1107350,123341,0.0689146350362004,13027.65,-325,1,annuaire statistique CNSS 2013 (français),cnss-annuaire-2013,36,REPARTITION DE LA PYRAMIDE DES SALAIRES DECLARES A LA C.N.S.S. EXPRIMES EN SMIG SELON LE NOMBRE DE TRIMESTRES DECLARES AU TITRE DE L'ANNEE 2013,couche texte
2013,SMIG,3.5-4,3.5,4,multiples du SMIG,"[ 3,5 à 4 [",2,363,4724865,110687,0.3279517919900259,13016.16,-325,1,annuaire statistique CNSS 2013 (français),cnss-annuaire-2013,36,REPARTITION DE LA PYRAMIDE DES SALAIRES DECLARES A LA C.N.S.S. EXPRIMES EN SMIG SELON LE NOMBRE DE TRIMESTRES DECLARES AU TITRE DE L'ANNEE 2013,couche texte
2013,SMIG,3.5-4,3.5,4,multiples du SMIG,"[ 3,5 à 4 [",3,1079,14052815,124069,0.8696773569545978,13023.92,-325,1,annuaire statistique CNSS 2013 (français),cnss-annuaire-2013,36,REPARTITION DE LA PYRAMIDE DES SALAIRES DECLARES A LA C.N.S.S. EXPRIMES EN SMIG SELON LE NOMBRE DE TRIMESTRES DECLARES AU TITRE DE L'ANNEE 2013,couche texte
2013,SMIG,3.5-4,3.5,4,multiples du SMIG,"[ 3,5 à 4 [",4,31333,408398466,800558,3.913895058196908,13034.13,-325,1,annuaire statistique CNSS 2013 (français),cnss-annuaire-2013,36,REPARTITION DE LA PYRAMIDE DES SALAIRES DECLARES A LA C.N.S.S. EXPRIMES EN SMIG SELON LE NOMBRE DE TRIMESTRES DECLARES AU TITRE DE L'ANNEE 2013,couche texte
2013,SMIG,3.5-4,3.5,4,multiples du SMIG,"[ 3,5 à 4 [",total,33185,428283495,1158655,2.8640967328497267,12905.94,-325,1,annuaire statistique CNSS 2013 (français),cnss-annuaire-2013,36,REPARTITION DE LA PYRAMIDE DES SALAIRES DECLARES A LA C.N.S.S. EXPRIMES EN SMIG SELON LE NOMBRE DE TRIMESTRES DECLARES AU TITRE DE L'ANNEE 2013,couche texte
2013,SMIG,4-4.5,4,4.5,multiples du SMIG,"[ 4 à 4,5 [",1,89,1317451,123341,0.0721576766849628,14802.82,76,-1,annuaire statistique CNSS 2013 (français),cnss-annuaire-2013,36,REPARTITION DE LA PYRAMIDE DES SALAIRES DECLARES A LA C.N.S.S. EXPRIMES EN SMIG SELON LE NOMBRE DE TRIMESTRES DECLARES AU TITRE DE L'ANNEE 2013,couche texte
2013,SMIG,4-4.5,4,4.5,multiples du SMIG,"[ 4 à 4,5 [",2,229,3383594,110687,0.2068896979771789,14775.52,76,-1,annuaire statistique CNSS 2013 (français),cnss-annuaire-2013,36,REPARTITION DE LA PYRAMIDE DES SALAIRES DECLARES A LA C.N.S.S. EXPRIMES EN SMIG SELON LE NOMBRE DE TRIMESTRES DECLARES AU TITRE DE L'ANNEE 2013,couche texte
2013,SMIG,4-4.5,4,4.5,multiples du SMIG,"[ 4 à 4,5 [",3,796,11763111,124069,0.6415784764929192,14777.78,76,-1,annuaire statistique CNSS 2013 (français),cnss-annuaire-2013,36,REPARTITION DE LA PYRAMIDE DES SALAIRES DECLARES A LA C.N.S.S. EXPRIMES EN SMIG SELON LE NOMBRE DE TRIMESTRES DECLARES AU TITRE DE L'ANNEE 2013,couche texte
2013,SMIG,4-4.5,4,4.5,multiples du SMIG,"[ 4 à 4,5 [",4,24680,365656256,800558,3.0828497123256526,14815.89,76,-1,annuaire statistique CNSS 2013 (français),cnss-annuaire-2013,36,REPARTITION DE LA PYRAMIDE DES SALAIRES DECLARES A LA C.N.S.S. EXPRIMES EN SMIG SELON LE NOMBRE DE TRIMESTRES DECLARES AU TITRE DE L'ANNEE 2013,couche texte
2013,SMIG,4-4.5,4,4.5,multiples du SMIG,"[ 4 à 4,5 [",total,25718,382120413,1158655,2.219642602845541,14858.09,76,-1,annuaire statistique CNSS 2013 (français),cnss-annuaire-2013,36,REPARTITION DE LA PYRAMIDE DES SALAIRES DECLARES A LA C.N.S.S. EXPRIMES EN SMIG SELON LE NOMBRE DE TRIMESTRES DECLARES AU TITRE DE L'ANNEE 2013,couche texte
2013,SMIG,4.5-5,4.5,5,multiples du SMIG,"[ 4,5 à 5 [",1,46,761267,123341,0.0372949789607673,16549.28,-161,1,annuaire statistique CNSS 2013 (français),cnss-annuaire-2013,36,REPARTITION DE LA PYRAMIDE DES SALAIRES DECLARES A LA C.N.S.S. EXPRIMES EN SMIG SELON LE NOMBRE DE TRIMESTRES DECLARES AU TITRE DE L'ANNEE 2013,couche texte
2013,SMIG,4.5-5,4.5,5,multiples du SMIG,"[ 4,5 à 5 [",2,173,2858672,110687,0.1562965840613622,16524.12,-161,1,annuaire statistique CNSS 2013 (français),cnss-annuaire-2013,36,REPARTITION DE LA PYRAMIDE DES SALAIRES DECLARES A LA C.N.S.S. EXPRIMES EN SMIG SELON LE NOMBRE DE TRIMESTRES DECLARES AU TITRE DE L'ANNEE 2013,couche texte
2013,SMIG,4.5-5,4.5,5,multiples du SMIG,"[ 4,5 à 5 [",3,579,9587379,124069,0.4666758013685932,16558.51,-161,1,annuaire statistique CNSS 2013 (français),cnss-annuaire-2013,36,REPARTITION DE LA PYRAMIDE DES SALAIRES DECLARES A LA C.N.S.S. EXPRIMES EN SMIG SELON LE NOMBRE DE TRIMESTRES DECLARES AU TITRE DE L'ANNEE 2013,couche texte
2013,SMIG,4.5-5,4.5,5,multiples du SMIG,"[ 4,5 à 5 [",4,18756,310347083,800558,2.34286585106888,16546.55,-161,1,annuaire statistique CNSS 2013 (français),cnss-annuaire-2013,36,REPARTITION DE LA PYRAMIDE DES SALAIRES DECLARES A LA C.N.S.S. EXPRIMES EN SMIG SELON LE NOMBRE DE TRIMESTRES DECLARES AU TITRE DE L'ANNEE 2013,couche texte
2013,SMIG,4.5-5,4.5,5,multiples du SMIG,"[ 4,5 à 5 [",total,19715,323554400,1158655,1.701541873983196,16411.59,-161,1,annuaire statistique CNSS 2013 (français),cnss-annuaire-2013,36,REPARTITION DE LA PYRAMIDE DES SALAIRES DECLARES A LA C.N.S.S. EXPRIMES EN SMIG SELON LE NOMBRE DE TRIMESTRES DECLARES AU TITRE DE L'ANNEE 2013,couche texte
2013,SMIG,5-5.5,5,5.5,multiples du SMIG,"[ 5 à 5,5 [",1,27,492932,123341,0.021890531129146,18256.74,-15,0,annuaire statistique CNSS 2013 (français),cnss-annuaire-2013,36,REPARTITION DE LA PYRAMIDE DES SALAIRES DECLARES A LA C.N.S.S. EXPRIMES EN SMIG SELON LE NOMBRE DE TRIMESTRES DECLARES AU TITRE DE L'ANNEE 2013,couche texte
2013,SMIG,5-5.5,5,5.5,multiples du SMIG,"[ 5 à 5,5 [",2,132,2405799,110687,0.1192551970872821,18225.75,-15,0,annuaire statistique CNSS 2013 (français),cnss-annuaire-2013,36,REPARTITION DE LA PYRAMIDE DES SALAIRES DECLARES A LA C.N.S.S. EXPRIMES EN SMIG SELON LE NOMBRE DE TRIMESTRES DECLARES AU TITRE DE L'ANNEE 2013,couche texte
2013,SMIG,5-5.5,5,5.5,multiples du SMIG,"[ 5 à 5,5 [",3,509,9300260,124069,0.4102555835865526,18271.63,-15,0,annuaire statistique CNSS 2013 (français),cnss-annuaire-2013,36,REPARTITION DE LA PYRAMIDE DES SALAIRES DECLARES A LA C.N.S.S. EXPRIMES EN SMIG SELON LE NOMBRE DE TRIMESTRES DECLARES AU TITRE DE L'ANNEE 2013,couche texte
2013,SMIG,5-5.5,5,5.5,multiples du SMIG,"[ 5 à 5,5 [",4,15583,285295263,800558,1.9465173041803343,18308.11,-15,0,annuaire statistique CNSS 2013 (français),cnss-annuaire-2013,36,REPARTITION DE LA PYRAMIDE DES SALAIRES DECLARES A LA C.N.S.S. EXPRIMES EN SMIG SELON LE NOMBRE DE TRIMESTRES DECLARES AU TITRE DE L'ANNEE 2013,couche texte
2013,SMIG,5-5.5,5,5.5,multiples du SMIG,"[ 5 à 5,5 [",total,16266,297494254,1158655,1.403869141375129,18289.33,-15,0,annuaire statistique CNSS 2013 (français),cnss-annuaire-2013,36,REPARTITION DE LA PYRAMIDE DES SALAIRES DECLARES A LA C.N.S.S. EXPRIMES EN SMIG SELON LE NOMBRE DE TRIMESTRES DECLARES AU TITRE DE L'ANNEE 2013,couche texte
2013,SMIG,5.5-6,5.5,6,multiples du SMIG,"[ 5,5 à 6 [",1,28,559206,123341,0.0227012915413366,19971.64,-50,0,annuaire statistique CNSS 2013 (français),cnss-annuaire-2013,36,REPARTITION DE LA PYRAMIDE DES SALAIRES DECLARES A LA C.N.S.S. EXPRIMES EN SMIG SELON LE NOMBRE DE TRIMESTRES DECLARES AU TITRE DE L'ANNEE 2013,couche texte
2013,SMIG,5.5-6,5.5,6,multiples du SMIG,"[ 5,5 à 6 [",2,86,1718260,110687,0.0776965677992898,19979.77,-50,0,annuaire statistique CNSS 2013 (français),cnss-annuaire-2013,36,REPARTITION DE LA PYRAMIDE DES SALAIRES DECLARES A LA C.N.S.S. EXPRIMES EN SMIG SELON LE NOMBRE DE TRIMESTRES DECLARES AU TITRE DE L'ANNEE 2013,couche texte
2013,SMIG,5.5-6,5.5,6,multiples du SMIG,"[ 5,5 à 6 [",3,361,7234366,124069,0.2909671231330953,20039.8,-50,0,annuaire statistique CNSS 2013 (français),cnss-annuaire-2013,36,REPARTITION DE LA PYRAMIDE DES SALAIRES DECLARES A LA C.N.S.S. EXPRIMES EN SMIG SELON LE NOMBRE DE TRIMESTRES DECLARES AU TITRE DE L'ANNEE 2013,couche texte
2013,SMIG,5.5-6,5.5,6,multiples du SMIG,"[ 5,5 à 6 [",4,12596,252551967,800558,1.573402551720175,20050.17,-50,0,annuaire statistique CNSS 2013 (français),cnss-annuaire-2013,36,REPARTITION DE LA PYRAMIDE DES SALAIRES DECLARES A LA C.N.S.S. EXPRIMES EN SMIG SELON LE NOMBRE DE TRIMESTRES DECLARES AU TITRE DE L'ANNEE 2013,couche texte
2013,SMIG,5.5-6,5.5,6,multiples du SMIG,"[ 5,5 à 6 [",total,13121,262063799,1158655,1.1324337270369522,19972.85,-50,0,annuaire statistique CNSS 2013 (français),cnss-annuaire-2013,36,REPARTITION DE LA PYRAMIDE DES SALAIRES DECLARES A LA C.N.S.S. EXPRIMES EN SMIG SELON LE NOMBRE DE TRIMESTRES DECLARES AU TITRE DE L'ANNEE 2013,couche texte
2013,SMIG,>6,6,,multiples du SMIG,6 Smig et plus,1,220,8641926,123341,0.1783672906819305,39281.48,-305,-1,annuaire statistique CNSS 2013 (français),cnss-annuaire-2013,36,REPARTITION DE LA PYRAMIDE DES SALAIRES DECLARES A LA C.N.S.S. EXPRIMES EN SMIG SELON LE NOMBRE DE TRIMESTRES DECLARES AU TITRE DE L'ANNEE 2013,couche texte
2013,SMIG,>6,6,,multiples du SMIG,6 Smig et plus,2,630,26809217,110687,0.5691725315529376,42554.31,-305,-1,annuaire statistique CNSS 2013 (français),cnss-annuaire-2013,36,REPARTITION DE LA PYRAMIDE DES SALAIRES DECLARES A LA C.N.S.S. EXPRIMES EN SMIG SELON LE NOMBRE DE TRIMESTRES DECLARES AU TITRE DE L'ANNEE 2013,couche texte
2013,SMIG,>6,6,,multiples du SMIG,6 Smig et plus,3,2076,82130061,124069,1.6732624587930909,39561.69,-305,-1,annuaire statistique CNSS 2013 (français),cnss-annuaire-2013,36,REPARTITION DE LA PYRAMIDE DES SALAIRES DECLARES A LA C.N.S.S. EXPRIMES EN SMIG SELON LE NOMBRE DE TRIMESTRES DECLARES AU TITRE DE L'ANNEE 2013,couche texte
2013,SMIG,>6,6,,multiples du SMIG,6 Smig et plus,4,89805,3328293924,800558,11.217800584092595,37061.34,-305,-1,annuaire statistique CNSS 2013 (français),cnss-annuaire-2013,36,REPARTITION DE LA PYRAMIDE DES SALAIRES DECLARES A LA C.N.S.S. EXPRIMES EN SMIG SELON LE NOMBRE DE TRIMESTRES DECLARES AU TITRE DE L'ANNEE 2013,couche texte
2013,SMIG,>6,6,,multiples du SMIG,6 Smig et plus,total,93036,3445875129,1158655,8.029655074202415,37038.08,-305,-1,annuaire statistique CNSS 2013 (français),cnss-annuaire-2013,36,REPARTITION DE LA PYRAMIDE DES SALAIRES DECLARES A LA C.N.S.S. EXPRIMES EN SMIG SELON LE NOMBRE DE TRIMESTRES DECLARES AU TITRE DE L'ANNEE 2013,couche texte
2013,SMIG,TOTAL,,,multiples du SMIG,TOTAL,1,123341,125099780,123341,100.0,1014.26,0,0,annuaire statistique CNSS 2013 (français),cnss-annuaire-2013,36,REPARTITION DE LA PYRAMIDE DES SALAIRES DECLARES A LA C.N.S.S. EXPRIMES EN SMIG SELON LE NOMBRE DE TRIMESTRES DECLARES AU TITRE DE L'ANNEE 2013,couche texte
2013,SMIG,TOTAL,,,multiples du SMIG,TOTAL,2,110687,291834739,110687,100.0,2636.58,0,0,annuaire statistique CNSS 2013 (français),cnss-annuaire-2013,36,REPARTITION DE LA PYRAMIDE DES SALAIRES DECLARES A LA C.N.S.S. EXPRIMES EN SMIG SELON LE NOMBRE DE TRIMESTRES DECLARES AU TITRE DE L'ANNEE 2013,couche texte
2013,SMIG,TOTAL,,,multiples du SMIG,TOTAL,3,124069,590907104,124069,100.0,4762.73,0,0,annuaire statistique CNSS 2013 (français),cnss-annuaire-2013,36,REPARTITION DE LA PYRAMIDE DES SALAIRES DECLARES A LA C.N.S.S. EXPRIMES EN SMIG SELON LE NOMBRE DE TRIMESTRES DECLARES AU TITRE DE L'ANNEE 2013,couche texte
2013,SMIG,TOTAL,,,multiples du SMIG,TOTAL,4,800558,8834648773,800558,100.0,11035.61,0,0,annuaire statistique CNSS 2013 (français),cnss-annuaire-2013,36,REPARTITION DE LA PYRAMIDE DES SALAIRES DECLARES A LA C.N.S.S. EXPRIMES EN SMIG SELON LE NOMBRE DE TRIMESTRES DECLARES AU TITRE DE L'ANNEE 2013,couche texte
2013,SMIG,TOTAL,,,multiples du SMIG,TOTAL,total,1158655,9842490396,1158655,100.0,8494.76,0,0,annuaire statistique CNSS 2013 (français),cnss-annuaire-2013,36,REPARTITION DE LA PYRAMIDE DES SALAIRES DECLARES A LA C.N.S.S. EXPRIMES EN SMIG SELON LE NOMBRE DE TRIMESTRES DECLARES AU TITRE DE L'ANNEE 2013,couche texte
