annee,mesure,trimestre,tranche_salaire_mensuel_en_smig,niveau,libelle_source,salaries_declares,total_imprime,part_pct,part_imprimee,part_cumulee_imprimee,ecart_somme_classes_total,edition,source_id,page_pdf,tableau,serie_2000_2018,lecture
2000,annuelle,,<=2/3,classe de la source,MOINS 2/3 Smig,211379,771884,27.38481429852154,,,0,annuaire statistique CNSS 2013 (français),cnss-annuaire-2013,37,EVOLUTION DE LA PYRAMIDE DES SALAIRES DECLARES A LA C.N.S.S. Exprimés en SMIG (2000 ‐ 2013 ),oui,couche texte
2000,annuelle,,2/3-1,classe de la source,[ 2/3 à 1 [,103232,771884,13.374030294707495,,,0,annuaire statistique CNSS 2013 (français),cnss-annuaire-2013,37,EVOLUTION DE LA PYRAMIDE DES SALAIRES DECLARES A LA C.N.S.S. Exprimés en SMIG (2000 ‐ 2013 ),oui,couche texte
2000,annuelle,,1-1.5,classe de la source,"[ 1 à 1,5 [",191728,771884,24.83896544040296,,,0,annuaire statistique CNSS 2013 (français),cnss-annuaire-2013,37,EVOLUTION DE LA PYRAMIDE DES SALAIRES DECLARES A LA C.N.S.S. Exprimés en SMIG (2000 ‐ 2013 ),oui,couche texte
2000,annuelle,,1.5-2,classe de la source,"[ 1,5 à 2 [",101061,771884,13.092770416280166,,,0,annuaire statistique CNSS 2013 (français),cnss-annuaire-2013,37,EVOLUTION DE LA PYRAMIDE DES SALAIRES DECLARES A LA C.N.S.S. Exprimés en SMIG (2000 ‐ 2013 ),oui,couche texte
2000,annuelle,,2-2.5,classe de la source,"[ 2 à 2,5 [",45117,771884,5.84504925610584,,,0,annuaire statistique CNSS 2013 (français),cnss-annuaire-2013,37,EVOLUTION DE LA PYRAMIDE DES SALAIRES DECLARES A LA C.N.S.S. Exprimés en SMIG (2000 ‐ 2013 ),oui,couche texte
2000,annuelle,,2.5-3,classe de la source,"[ 2,5 à 3 [",26126,771884,3.384705473879495,,,0,annuaire statistique CNSS 2013 (français),cnss-annuaire-2013,37,EVOLUTION DE LA PYRAMIDE DES SALAIRES DECLARES A LA C.N.S.S. Exprimés en SMIG (2000 ‐ 2013 ),oui,couche texte
2000,annuelle,,3-3.5,classe de la source,"[ 3 à 3,5 [",18469,771884,2.3927170403843063,,,0,annuaire statistique CNSS 2013 (français),cnss-annuaire-2013,37,EVOLUTION DE LA PYRAMIDE DES SALAIRES DECLARES A LA C.N.S.S. Exprimés en SMIG (2000 ‐ 2013 ),oui,couche texte
2000,annuelle,,3.5-4,classe de la source,"[ 3,5 à 4 [",14638,771884,1.896398940773484,,,0,annuaire statistique CNSS 2013 (français),cnss-annuaire-2013,37,EVOLUTION DE LA PYRAMIDE DES SALAIRES DECLARES A LA C.N.S.S. Exprimés en SMIG (2000 ‐ 2013 ),oui,couche texte
2000,annuelle,,4-4.5,classe de la source,"[ 4 à 4,5 [",12712,771884,1.646879582942515,,,0,annuaire statistique CNSS 2013 (français),cnss-annuaire-2013,37,EVOLUTION DE LA PYRAMIDE DES SALAIRES DECLARES A LA C.N.S.S. Exprimés en SMIG (2000 ‐ 2013 ),oui,couche texte
2000,annuelle,,4.5-5,classe de la source,"[ 4,5 à 5 [",9585,771884,1.2417668976167404,,,0,annuaire statistique CNSS 2013 (français),cnss-annuaire-2013,37,EVOLUTION DE LA PYRAMIDE DES SALAIRES DECLARES A LA C.N.S.S. Exprimés en SMIG (2000 ‐ 2013 ),oui,couche texte
2000,annuelle,,5-5.5,classe de la source,"[ 5 à 5,5 [",7729,771884,1.0013162599561591,,,0,annuaire statistique CNSS 2013 (français),cnss-annuaire-2013,37,EVOLUTION DE LA PYRAMIDE DES SALAIRES DECLARES A LA C.N.S.S. Exprimés en SMIG (2000 ‐ 2013 ),oui,couche texte
2000,annuelle,,5.5-6,classe de la source,"[ 5,5 à 6 [",6199,771884,0.8030999476605293,,,0,annuaire statistique CNSS 2013 (français),cnss-annuaire-2013,37,EVOLUTION DE LA PYRAMIDE DES SALAIRES DECLARES A LA C.N.S.S. Exprimés en SMIG (2000 ‐ 2013 ),oui,couche texte
2000,annuelle,,>6,classe de la source,6 Smig et plus,23909,771884,3.0974861507687685,,,0,annuaire statistique CNSS 2013 (français),cnss-annuaire-2013,37,EVOLUTION DE LA PYRAMIDE DES SALAIRES DECLARES A LA C.N.S.S. Exprimés en SMIG (2000 ‐ 2013 ),oui,couche texte
2000,annuelle,,<1,regroupement (calculé),moins de 1 SMIG (somme de 2 classe(s) de la source),314611,771884,40.75884459322904,,,0,annuaire statistique CNSS 2013 (français),cnss-annuaire-2013,37,EVOLUTION DE LA PYRAMIDE DES SALAIRES DECLARES A LA C.N.S.S. Exprimés en SMIG (2000 ‐ 2013 ),oui,couche texte
2000,annuelle,,1-1.5,regroupement (calculé),"de 1 à 1,5 SMIG (somme de 1 classe(s) de la source)",191728,771884,24.83896544040296,,,0,annuaire statistique CNSS 2013 (français),cnss-annuaire-2013,37,EVOLUTION DE LA PYRAMIDE DES SALAIRES DECLARES A LA C.N.S.S. Exprimés en SMIG (2000 ‐ 2013 ),oui,couche texte
2000,annuelle,,>1.5,regroupement (calculé),"plus de 1,5 SMIG (somme de 10 classe(s) de la source)",265545,771884,34.402189966368006,,,0,annuaire statistique CNSS 2013 (français),cnss-annuaire-2013,37,EVOLUTION DE LA PYRAMIDE DES SALAIRES DECLARES A LA C.N.S.S. Exprimés en SMIG (2000 ‐ 2013 ),oui,couche texte
2001,annuelle,,<=2/3,classe de la source,MOINS 2/3 Smig,216494,821248,26.36158626870324,,,0,annuaire statistique CNSS 2013 (français),cnss-annuaire-2013,37,EVOLUTION DE LA PYRAMIDE DES SALAIRES DECLARES A LA C.N.S.S. Exprimés en SMIG (2000 ‐ 2013 ),oui,couche texte
2001,annuelle,,2/3-1,classe de la source,[ 2/3 à 1 [,109140,821248,13.28953008104738,,,0,annuaire statistique CNSS 2013 (français),cnss-annuaire-2013,37,EVOLUTION DE LA PYRAMIDE DES SALAIRES DECLARES A LA C.N.S.S. Exprimés en SMIG (2000 ‐ 2013 ),oui,couche texte
2001,annuelle,,1-1.5,classe de la source,"[ 1 à 1,5 [",205407,821248,25.011567760286784,,,0,annuaire statistique CNSS 2013 (français),cnss-annuaire-2013,37,EVOLUTION DE LA PYRAMIDE DES SALAIRES DECLARES A LA C.N.S.S. Exprimés en SMIG (2000 ‐ 2013 ),oui,couche texte
2001,annuelle,,1.5-2,classe de la source,"[ 1,5 à 2 [",111108,821248,13.529165367830425,,,0,annuaire statistique CNSS 2013 (français),cnss-annuaire-2013,37,EVOLUTION DE LA PYRAMIDE DES SALAIRES DECLARES A LA C.N.S.S. Exprimés en SMIG (2000 ‐ 2013 ),oui,couche texte
2001,annuelle,,2-2.5,classe de la source,"[ 2 à 2,5 [",49095,821248,5.978096750311721,,,0,annuaire statistique CNSS 2013 (français),cnss-annuaire-2013,37,EVOLUTION DE LA PYRAMIDE DES SALAIRES DECLARES A LA C.N.S.S. Exprimés en SMIG (2000 ‐ 2013 ),oui,couche texte
2001,annuelle,,2.5-3,classe de la source,"[ 2,5 à 3 [",28416,821248,3.460099750623441,,,0,annuaire statistique CNSS 2013 (français),cnss-annuaire-2013,37,EVOLUTION DE LA PYRAMIDE DES SALAIRES DECLARES A LA C.N.S.S. Exprimés en SMIG (2000 ‐ 2013 ),oui,couche texte
2001,annuelle,,3-3.5,classe de la source,"[ 3 à 3,5 [",19632,821248,2.3905081047381547,,,0,annuaire statistique CNSS 2013 (français),cnss-annuaire-2013,37,EVOLUTION DE LA PYRAMIDE DES SALAIRES DECLARES A LA C.N.S.S. Exprimés en SMIG (2000 ‐ 2013 ),oui,couche texte
2001,annuelle,,3.5-4,classe de la source,"[ 3,5 à 4 [",15824,821248,1.926823566084788,,,0,annuaire statistique CNSS 2013 (français),cnss-annuaire-2013,37,EVOLUTION DE LA PYRAMIDE DES SALAIRES DECLARES A LA C.N.S.S. Exprimés en SMIG (2000 ‐ 2013 ),oui,couche texte
2001,annuelle,,4-4.5,classe de la source,"[ 4 à 4,5 [",12941,821248,1.5757724828553616,,,0,annuaire statistique CNSS 2013 (français),cnss-annuaire-2013,37,EVOLUTION DE LA PYRAMIDE DES SALAIRES DECLARES A LA C.N.S.S. Exprimés en SMIG (2000 ‐ 2013 ),oui,couche texte
2001,annuelle,,4.5-5,classe de la source,"[ 4,5 à 5 [",10476,821248,1.2756195448877805,,,0,annuaire statistique CNSS 2013 (français),cnss-annuaire-2013,37,EVOLUTION DE LA PYRAMIDE DES SALAIRES DECLARES A LA C.N.S.S. Exprimés en SMIG (2000 ‐ 2013 ),oui,couche texte
2001,annuelle,,5-5.5,classe de la source,"[ 5 à 5,5 [",8116,821248,0.9882520261845388,,,0,annuaire statistique CNSS 2013 (français),cnss-annuaire-2013,37,EVOLUTION DE LA PYRAMIDE DES SALAIRES DECLARES A LA C.N.S.S. Exprimés en SMIG (2000 ‐ 2013 ),oui,couche texte
2001,annuelle,,5.5-6,classe de la source,"[ 5,5 à 6 [",7031,821248,0.8561360271197007,,,0,annuaire statistique CNSS 2013 (français),cnss-annuaire-2013,37,EVOLUTION DE LA PYRAMIDE DES SALAIRES DECLARES A LA C.N.S.S. Exprimés en SMIG (2000 ‐ 2013 ),oui,couche texte
2001,annuelle,,>6,classe de la source,6 Smig et plus,27568,821248,3.3568422693266835,,,0,annuaire statistique CNSS 2013 (français),cnss-annuaire-2013,37,EVOLUTION DE LA PYRAMIDE DES SALAIRES DECLARES A LA C.N.S.S. Exprimés en SMIG (2000 ‐ 2013 ),oui,couche texte
2001,annuelle,,<1,regroupement (calculé),moins de 1 SMIG (somme de 2 classe(s) de la source),325634,821248,39.65111634975062,,,0,annuaire statistique CNSS 2013 (français),cnss-annuaire-2013,37,EVOLUTION DE LA PYRAMIDE DES SALAIRES DECLARES A LA C.N.S.S. Exprimés en SMIG (2000 ‐ 2013 ),oui,couche texte
2001,annuelle,,1-1.5,regroupement (calculé),"de 1 à 1,5 SMIG (somme de 1 classe(s) de la source)",205407,821248,25.011567760286784,,,0,annuaire statistique CNSS 2013 (français),cnss-annuaire-2013,37,EVOLUTION DE LA PYRAMIDE DES SALAIRES DECLARES A LA C.N.S.S. Exprimés en SMIG (2000 ‐ 2013 ),oui,couche texte
2001,annuelle,,>1.5,regroupement (calculé),"plus de 1,5 SMIG (somme de 10 classe(s) de la source)",290207,821248,35.3373158899626,,,0,annuaire statistique CNSS 2013 (français),cnss-annuaire-2013,37,EVOLUTION DE LA PYRAMIDE DES SALAIRES DECLARES A LA C.N.S.S. Exprimés en SMIG (2000 ‐ 2013 ),oui,couche texte
2002,annuelle,,<=2/3,classe de la source,MOINS 2/3 Smig,220784,841865,26.225582486503185,,,0,annuaire statistique CNSS 2013 (français),cnss-annuaire-2013,37,EVOLUTION DE LA PYRAMIDE DES SALAIRES DECLARES A LA C.N.S.S. Exprimés en SMIG (2000 ‐ 2013 ),oui,couche texte
2002,annuelle,,2/3-1,classe de la source,[ 2/3 à 1 [,112271,841865,13.335986173555142,,,0,annuaire statistique CNSS 2013 (français),cnss-annuaire-2013,37,EVOLUTION DE LA PYRAMIDE DES SALAIRES DECLARES A LA C.N.S.S. Exprimés en SMIG (2000 ‐ 2013 ),oui,couche texte
2002,annuelle,,1-1.5,classe de la source,"[ 1 à 1,5 [",212783,841865,25.27519257838252,,,0,annuaire statistique CNSS 2013 (français),cnss-annuaire-2013,37,EVOLUTION DE LA PYRAMIDE DES SALAIRES DECLARES A LA C.N.S.S. Exprimés en SMIG (2000 ‐ 2013 ),oui,couche texte
2002,annuelle,,1.5-2,classe de la source,"[ 1,5 à 2 [",111482,841865,13.242265683927943,,,0,annuaire statistique CNSS 2013 (français),cnss-annuaire-2013,37,EVOLUTION DE LA PYRAMIDE DES SALAIRES DECLARES A LA C.N.S.S. Exprimés en SMIG (2000 ‐ 2013 ),oui,couche texte
2002,annuelle,,2-2.5,classe de la source,"[ 2 à 2,5 [",50104,841865,5.951548051053316,,,0,annuaire statistique CNSS 2013 (français),cnss-annuaire-2013,37,EVOLUTION DE LA PYRAMIDE DES SALAIRES DECLARES A LA C.N.S.S. Exprimés en SMIG (2000 ‐ 2013 ),oui,couche texte
2002,annuelle,,2.5-3,classe de la source,"[ 2,5 à 3 [",28451,841865,3.379520469433936,,,0,annuaire statistique CNSS 2013 (français),cnss-annuaire-2013,37,EVOLUTION DE LA PYRAMIDE DES SALAIRES DECLARES A LA C.N.S.S. Exprimés en SMIG (2000 ‐ 2013 ),oui,couche texte
2002,annuelle,,3-3.5,classe de la source,"[ 3 à 3,5 [",20841,841865,2.4755750625100226,,,0,annuaire statistique CNSS 2013 (français),cnss-annuaire-2013,37,EVOLUTION DE LA PYRAMIDE DES SALAIRES DECLARES A LA C.N.S.S. Exprimés en SMIG (2000 ‐ 2013 ),oui,couche texte
2002,annuelle,,3.5-4,classe de la source,"[ 3,5 à 4 [",15980,841865,1.8981665706496884,,,0,annuaire statistique CNSS 2013 (français),cnss-annuaire-2013,37,EVOLUTION DE LA PYRAMIDE DES SALAIRES DECLARES A LA C.N.S.S. Exprimés en SMIG (2000 ‐ 2013 ),oui,couche texte
2002,annuelle,,4-4.5,classe de la source,"[ 4 à 4,5 [",13358,841865,1.5867152096832629,,,0,annuaire statistique CNSS 2013 (français),cnss-annuaire-2013,37,EVOLUTION DE LA PYRAMIDE DES SALAIRES DECLARES A LA C.N.S.S. Exprimés en SMIG (2000 ‐ 2013 ),oui,couche texte
2002,annuelle,,4.5-5,classe de la source,"[ 4,5 à 5 [",11065,841865,1.3143437487008012,,,0,annuaire statistique CNSS 2013 (français),cnss-annuaire-2013,37,EVOLUTION DE LA PYRAMIDE DES SALAIRES DECLARES A LA C.N.S.S. Exprimés en SMIG (2000 ‐ 2013 ),oui,couche texte
2002,annuelle,,5-5.5,classe de la source,"[ 5 à 5,5 [",8023,841865,0.9530031537122936,,,0,annuaire statistique CNSS 2013 (français),cnss-annuaire-2013,37,EVOLUTION DE LA PYRAMIDE DES SALAIRES DECLARES A LA C.N.S.S. Exprimés en SMIG (2000 ‐ 2013 ),oui,couche texte
2002,annuelle,,5.5-6,classe de la source,"[ 5,5 à 6 [",6836,841865,0.8120066756546477,,,0,annuaire statistique CNSS 2013 (français),cnss-annuaire-2013,37,EVOLUTION DE LA PYRAMIDE DES SALAIRES DECLARES A LA C.N.S.S. Exprimés en SMIG (2000 ‐ 2013 ),oui,couche texte
2002,annuelle,,>6,classe de la source,6 Smig et plus,29887,841865,3.550094136233244,,,0,annuaire statistique CNSS 2013 (français),cnss-annuaire-2013,37,EVOLUTION DE LA PYRAMIDE DES SALAIRES DECLARES A LA C.N.S.S. Exprimés en SMIG (2000 ‐ 2013 ),oui,couche texte
2002,annuelle,,<1,regroupement (calculé),moins de 1 SMIG (somme de 2 classe(s) de la source),333055,841865,39.56156866005832,,,0,annuaire statistique CNSS 2013 (français),cnss-annuaire-2013,37,EVOLUTION DE LA PYRAMIDE DES SALAIRES DECLARES A LA C.N.S.S. Exprimés en SMIG (2000 ‐ 2013 ),oui,couche texte
2002,annuelle,,1-1.5,regroupement (calculé),"de 1 à 1,5 SMIG (somme de 1 classe(s) de la source)",212783,841865,25.27519257838252,,,0,annuaire statistique CNSS 2013 (français),cnss-annuaire-2013,37,EVOLUTION DE LA PYRAMIDE DES SALAIRES DECLARES A LA C.N.S.S. Exprimés en SMIG (2000 ‐ 2013 ),oui,couche texte
2002,annuelle,,>1.5,regroupement (calculé),"plus de 1,5 SMIG (somme de 10 classe(s) de la source)",296027,841865,35.16323876155916,,,0,annuaire statistique CNSS 2013 (français),cnss-annuaire-2013,37,EVOLUTION DE LA PYRAMIDE DES SALAIRES DECLARES A LA C.N.S.S. Exprimés en SMIG (2000 ‐ 2013 ),oui,couche texte
2003,annuelle,,<=2/3,classe de la source,MOINS 2/3 Smig,220583,844770,26.111604342010253,,,0,annuaire statistique CNSS 2013 (français),cnss-annuaire-2013,37,EVOLUTION DE LA PYRAMIDE DES SALAIRES DECLARES A LA C.N.S.S. Exprimés en SMIG (2000 ‐ 2013 ),oui,couche texte
2003,annuelle,,2/3-1,classe de la source,[ 2/3 à 1 [,107758,844770,12.75589805509192,,,0,annuaire statistique CNSS 2013 (français),cnss-annuaire-2013,37,EVOLUTION DE LA PYRAMIDE DES SALAIRES DECLARES A LA C.N.S.S. Exprimés en SMIG (2000 ‐ 2013 ),oui,couche texte
2003,annuelle,,1-1.5,classe de la source,"[ 1 à 1,5 [",203922,844770,24.139351539472283,,,0,annuaire statistique CNSS 2013 (français),cnss-annuaire-2013,37,EVOLUTION DE LA PYRAMIDE DES SALAIRES DECLARES A LA C.N.S.S. Exprimés en SMIG (2000 ‐ 2013 ),oui,couche texte
2003,annuelle,,1.5-2,classe de la source,"[ 1,5 à 2 [",117403,844770,13.897628940421653,,,0,annuaire statistique CNSS 2013 (français),cnss-annuaire-2013,37,EVOLUTION DE LA PYRAMIDE DES SALAIRES DECLARES A LA C.N.S.S. Exprimés en SMIG (2000 ‐ 2013 ),oui,couche texte
2003,annuelle,,2-2.5,classe de la source,"[ 2 à 2,5 [",53019,844770,6.276146169963422,,,0,annuaire statistique CNSS 2013 (français),cnss-annuaire-2013,37,EVOLUTION DE LA PYRAMIDE DES SALAIRES DECLARES A LA C.N.S.S. Exprimés en SMIG (2000 ‐ 2013 ),oui,couche texte
2003,annuelle,,2.5-3,classe de la source,"[ 2,5 à 3 [",29782,844770,3.525456633166424,,,0,annuaire statistique CNSS 2013 (français),cnss-annuaire-2013,37,EVOLUTION DE LA PYRAMIDE DES SALAIRES DECLARES A LA C.N.S.S. Exprimés en SMIG (2000 ‐ 2013 ),oui,couche texte
2003,annuelle,,3-3.5,classe de la source,"[ 3 à 3,5 [",20935,844770,2.47818932964002,,,0,annuaire statistique CNSS 2013 (français),cnss-annuaire-2013,37,EVOLUTION DE LA PYRAMIDE DES SALAIRES DECLARES A LA C.N.S.S. Exprimés en SMIG (2000 ‐ 2013 ),oui,couche texte
2003,annuelle,,3.5-4,classe de la source,"[ 3,5 à 4 [",15754,844770,1.8648863004131304,,,0,annuaire statistique CNSS 2013 (français),cnss-annuaire-2013,37,EVOLUTION DE LA PYRAMIDE DES SALAIRES DECLARES A LA C.N.S.S. Exprimés en SMIG (2000 ‐ 2013 ),oui,couche texte
2003,annuelle,,4-4.5,classe de la source,"[ 4 à 4,5 [",13610,844770,1.6110894089515488,,,0,annuaire statistique CNSS 2013 (français),cnss-annuaire-2013,37,EVOLUTION DE LA PYRAMIDE DES SALAIRES DECLARES A LA C.N.S.S. Exprimés en SMIG (2000 ‐ 2013 ),oui,couche texte
2003,annuelle,,4.5-5,classe de la source,"[ 4,5 à 5 [",11759,844770,1.3919765143175065,,,0,annuaire statistique CNSS 2013 (français),cnss-annuaire-2013,37,EVOLUTION DE LA PYRAMIDE DES SALAIRES DECLARES A LA C.N.S.S. Exprimés en SMIG (2000 ‐ 2013 ),oui,couche texte
2003,annuelle,,5-5.5,classe de la source,"[ 5 à 5,5 [",8963,844770,1.0609988517584668,,,0,annuaire statistique CNSS 2013 (français),cnss-annuaire-2013,37,EVOLUTION DE LA PYRAMIDE DES SALAIRES DECLARES A LA C.N.S.S. Exprimés en SMIG (2000 ‐ 2013 ),oui,couche texte
2003,annuelle,,5.5-6,classe de la source,"[ 5,5 à 6 [",7623,844770,0.9023757945949784,,,0,annuaire statistique CNSS 2013 (français),cnss-annuaire-2013,37,EVOLUTION DE LA PYRAMIDE DES SALAIRES DECLARES A LA C.N.S.S. Exprimés en SMIG (2000 ‐ 2013 ),oui,couche texte
2003,annuelle,,>6,classe de la source,6 Smig et plus,33659,844770,3.984398120198397,,,0,annuaire statistique CNSS 2013 (français),cnss-annuaire-2013,37,EVOLUTION DE LA PYRAMIDE DES SALAIRES DECLARES A LA C.N.S.S. Exprimés en SMIG (2000 ‐ 2013 ),oui,couche texte
2003,annuelle,,<1,regroupement (calculé),moins de 1 SMIG (somme de 2 classe(s) de la source),328341,844770,38.86750239710217,,,0,annuaire statistique CNSS 2013 (français),cnss-annuaire-2013,37,EVOLUTION DE LA PYRAMIDE DES SALAIRES DECLARES A LA C.N.S.S. Exprimés en SMIG (2000 ‐ 2013 ),oui,couche texte
2003,annuelle,,1-1.5,regroupement (calculé),"de 1 à 1,5 SMIG (somme de 1 classe(s) de la source)",203922,844770,24.139351539472283,,,0,annuaire statistique CNSS 2013 (français),cnss-annuaire-2013,37,EVOLUTION DE LA PYRAMIDE DES SALAIRES DECLARES A LA C.N.S.S. Exprimés en SMIG (2000 ‐ 2013 ),oui,couche texte
2003,annuelle,,>1.5,regroupement (calculé),"plus de 1,5 SMIG (somme de 10 classe(s) de la source)",312507,844770,36.99314606342555,,,0,annuaire statistique CNSS 2013 (français),cnss-annuaire-2013,37,EVOLUTION DE LA PYRAMIDE DES SALAIRES DECLARES A LA C.N.S.S. Exprimés en SMIG (2000 ‐ 2013 ),oui,couche texte
2004,annuelle,,<=2/3,classe de la source,MOINS 2/3 Smig,226501,870441,26.021407539396694,,,0,annuaire statistique CNSS 2013 (français),cnss-annuaire-2013,37,EVOLUTION DE LA PYRAMIDE DES SALAIRES DECLARES A LA C.N.S.S. Exprimés en SMIG (2000 ‐ 2013 ),oui,couche texte
2004,annuelle,,2/3-1,classe de la source,[ 2/3 à 1 [,112264,870441,12.897370413388156,,,0,annuaire statistique CNSS 2013 (français),cnss-annuaire-2013,37,EVOLUTION DE LA PYRAMIDE DES SALAIRES DECLARES A LA C.N.S.S. Exprimés en SMIG (2000 ‐ 2013 ),oui,couche texte
2004,annuelle,,1-1.5,classe de la source,"[ 1 à 1,5 [",207663,870441,23.8572172036933,,,0,annuaire statistique CNSS 2013 (français),cnss-annuaire-2013,37,EVOLUTION DE LA PYRAMIDE DES SALAIRES DECLARES A LA C.N.S.S. Exprimés en SMIG (2000 ‐ 2013 ),oui,couche texte
2004,annuelle,,1.5-2,classe de la source,"[ 1,5 à 2 [",120036,870441,13.790251148555733,,,0,annuaire statistique CNSS 2013 (français),cnss-annuaire-2013,37,EVOLUTION DE LA PYRAMIDE DES SALAIRES DECLARES A LA C.N.S.S. Exprimés en SMIG (2000 ‐ 2013 ),oui,couche texte
2004,annuelle,,2-2.5,classe de la source,"[ 2 à 2,5 [",54821,870441,6.298071896889049,,,0,annuaire statistique CNSS 2013 (français),cnss-annuaire-2013,37,EVOLUTION DE LA PYRAMIDE DES SALAIRES DECLARES A LA C.N.S.S. Exprimés en SMIG (2000 ‐ 2013 ),oui,couche texte
2004,annuelle,,2.5-3,classe de la source,"[ 2,5 à 3 [",31608,870441,3.6312627736974714,,,0,annuaire statistique CNSS 2013 (français),cnss-annuaire-2013,37,EVOLUTION DE LA PYRAMIDE DES SALAIRES DECLARES A LA C.N.S.S. Exprimés en SMIG (2000 ‐ 2013 ),oui,couche texte
2004,annuelle,,3-3.5,classe de la source,"[ 3 à 3,5 [",21314,870441,2.4486438483481363,,,0,annuaire statistique CNSS 2013 (français),cnss-annuaire-2013,37,EVOLUTION DE LA PYRAMIDE DES SALAIRES DECLARES A LA C.N.S.S. Exprimés en SMIG (2000 ‐ 2013 ),oui,couche texte
2004,annuelle,,3.5-4,classe de la source,"[ 3,5 à 4 [",16650,870441,1.9128234998121645,,,0,annuaire statistique CNSS 2013 (français),cnss-annuaire-2013,37,EVOLUTION DE LA PYRAMIDE DES SALAIRES DECLARES A LA C.N.S.S. Exprimés en SMIG (2000 ‐ 2013 ),oui,couche texte
2004,annuelle,,4-4.5,classe de la source,"[ 4 à 4,5 [",14020,870441,1.6106778058478404,,,0,annuaire statistique CNSS 2013 (français),cnss-annuaire-2013,37,EVOLUTION DE LA PYRAMIDE DES SALAIRES DECLARES A LA C.N.S.S. Exprimés en SMIG (2000 ‐ 2013 ),oui,couche texte
2004,annuelle,,4.5-5,classe de la source,"[ 4,5 à 5 [",11989,870441,1.3773478041590412,,,0,annuaire statistique CNSS 2013 (français),cnss-annuaire-2013,37,EVOLUTION DE LA PYRAMIDE DES SALAIRES DECLARES A LA C.N.S.S. Exprimés en SMIG (2000 ‐ 2013 ),oui,couche texte
2004,annuelle,,5-5.5,classe de la source,"[ 5 à 5,5 [",9403,870441,1.08025701914317,,,0,annuaire statistique CNSS 2013 (français),cnss-annuaire-2013,37,EVOLUTION DE LA PYRAMIDE DES SALAIRES DECLARES A LA C.N.S.S. Exprimés en SMIG (2000 ‐ 2013 ),oui,couche texte
2004,annuelle,,5.5-6,classe de la source,"[ 5,5 à 6 [",7518,870441,0.8637001244196907,,,0,annuaire statistique CNSS 2013 (français),cnss-annuaire-2013,37,EVOLUTION DE LA PYRAMIDE DES SALAIRES DECLARES A LA C.N.S.S. Exprimés en SMIG (2000 ‐ 2013 ),oui,couche texte
2004,annuelle,,>6,classe de la source,6 Smig et plus,36654,870441,4.2109689226495535,,,0,annuaire statistique CNSS 2013 (français),cnss-annuaire-2013,37,EVOLUTION DE LA PYRAMIDE DES SALAIRES DECLARES A LA C.N.S.S. Exprimés en SMIG (2000 ‐ 2013 ),oui,couche texte
2004,annuelle,,<1,regroupement (calculé),moins de 1 SMIG (somme de 2 classe(s) de la source),338765,870441,38.91877795278485,,,0,annuaire statistique CNSS 2013 (français),cnss-annuaire-2013,37,EVOLUTION DE LA PYRAMIDE DES SALAIRES DECLARES A LA C.N.S.S. Exprimés en SMIG (2000 ‐ 2013 ),oui,couche texte
2004,annuelle,,1-1.5,regroupement (calculé),"de 1 à 1,5 SMIG (somme de 1 classe(s) de la source)",207663,870441,23.8572172036933,,,0,annuaire statistique CNSS 2013 (français),cnss-annuaire-2013,37,EVOLUTION DE LA PYRAMIDE DES SALAIRES DECLARES A LA C.N.S.S. Exprimés en SMIG (2000 ‐ 2013 ),oui,couche texte
2004,annuelle,,>1.5,regroupement (calculé),"plus de 1,5 SMIG (somme de 10 classe(s) de la source)",324013,870441,37.22400484352185,,,0,annuaire statistique CNSS 2013 (français),cnss-annuaire-2013,37,EVOLUTION DE LA PYRAMIDE DES SALAIRES DECLARES A LA C.N.S.S. Exprimés en SMIG (2000 ‐ 2013 ),oui,couche texte
2005,annuelle,,<=2/3,classe de la source,MOINS 2/3 Smig,226747,896588,25.2899882666286,,,0,annuaire statistique CNSS 2013 (français),cnss-annuaire-2013,37,EVOLUTION DE LA PYRAMIDE DES SALAIRES DECLARES A LA C.N.S.S. Exprimés en SMIG (2000 ‐ 2013 ),non,couche texte
2005,annuelle,,2/3-1,classe de la source,[ 2/3 à 1 [,114229,896588,12.740411426429976,,,0,annuaire statistique CNSS 2013 (français),cnss-annuaire-2013,37,EVOLUTION DE LA PYRAMIDE DES SALAIRES DECLARES A LA C.N.S.S. Exprimés en SMIG (2000 ‐ 2013 ),non,couche texte
2005,annuelle,,1-1.5,classe de la source,"[ 1 à 1,5 [",220946,896588,24.64297983020072,,,0,annuaire statistique CNSS 2013 (français),cnss-annuaire-2013,37,EVOLUTION DE LA PYRAMIDE DES SALAIRES DECLARES A LA C.N.S.S. Exprimés en SMIG (2000 ‐ 2013 ),non,couche texte
2005,annuelle,,1.5-2,classe de la source,"[ 1,5 à 2 [",120767,896588,13.469620383052192,,,0,annuaire statistique CNSS 2013 (français),cnss-annuaire-2013,37,EVOLUTION DE LA PYRAMIDE DES SALAIRES DECLARES A LA C.N.S.S. Exprimés en SMIG (2000 ‐ 2013 ),non,couche texte
2005,annuelle,,2-2.5,classe de la source,"[ 2 à 2,5 [",56850,896588,6.340704983782964,,,0,annuaire statistique CNSS 2013 (français),cnss-annuaire-2013,37,EVOLUTION DE LA PYRAMIDE DES SALAIRES DECLARES A LA C.N.S.S. Exprimés en SMIG (2000 ‐ 2013 ),non,couche texte
2005,annuelle,,2.5-3,classe de la source,"[ 2,5 à 3 [",33676,896588,3.756017256532544,,,0,annuaire statistique CNSS 2013 (français),cnss-annuaire-2013,37,EVOLUTION DE LA PYRAMIDE DES SALAIRES DECLARES A LA C.N.S.S. Exprimés en SMIG (2000 ‐ 2013 ),non,couche texte
2005,annuelle,,3-3.5,classe de la source,"[ 3 à 3,5 [",22327,896588,2.49021847269872,,,0,annuaire statistique CNSS 2013 (français),cnss-annuaire-2013,37,EVOLUTION DE LA PYRAMIDE DES SALAIRES DECLARES A LA C.N.S.S. Exprimés en SMIG (2000 ‐ 2013 ),non,couche texte
2005,annuelle,,3.5-4,classe de la source,"[ 3,5 à 4 [",16659,896588,1.85804405144838,,,0,annuaire statistique CNSS 2013 (français),cnss-annuaire-2013,37,EVOLUTION DE LA PYRAMIDE DES SALAIRES DECLARES A LA C.N.S.S. Exprimés en SMIG (2000 ‐ 2013 ),non,couche texte
2005,annuelle,,4-4.5,classe de la source,"[ 4 à 4,5 [",14566,896588,1.6246034968123595,,,0,annuaire statistique CNSS 2013 (français),cnss-annuaire-2013,37,EVOLUTION DE LA PYRAMIDE DES SALAIRES DECLARES A LA C.N.S.S. Exprimés en SMIG (2000 ‐ 2013 ),non,couche texte
2005,annuelle,,4.5-5,classe de la source,"[ 4,5 à 5 [",12333,896588,1.3755481893578767,,,0,annuaire statistique CNSS 2013 (français),cnss-annuaire-2013,37,EVOLUTION DE LA PYRAMIDE DES SALAIRES DECLARES A LA C.N.S.S. Exprimés en SMIG (2000 ‐ 2013 ),non,couche texte
2005,annuelle,,5-5.5,classe de la source,"[ 5 à 5,5 [",10026,896588,1.1182393696993491,,,0,annuaire statistique CNSS 2013 (français),cnss-annuaire-2013,37,EVOLUTION DE LA PYRAMIDE DES SALAIRES DECLARES A LA C.N.S.S. Exprimés en SMIG (2000 ‐ 2013 ),non,couche texte
2005,annuelle,,5.5-6,classe de la source,"[ 5,5 à 6 [",7864,896588,0.8771029726028008,,,0,annuaire statistique CNSS 2013 (français),cnss-annuaire-2013,37,EVOLUTION DE LA PYRAMIDE DES SALAIRES DECLARES A LA C.N.S.S. Exprimés en SMIG (2000 ‐ 2013 ),non,couche texte
2005,annuelle,,>6,classe de la source,6 Smig et plus,39598,896588,4.416521300753524,,,0,annuaire statistique CNSS 2013 (français),cnss-annuaire-2013,37,EVOLUTION DE LA PYRAMIDE DES SALAIRES DECLARES A LA C.N.S.S. Exprimés en SMIG (2000 ‐ 2013 ),non,couche texte
2005,annuelle,,<1,regroupement (calculé),moins de 1 SMIG (somme de 2 classe(s) de la source),340976,896588,38.03039969305857,,,0,annuaire statistique CNSS 2013 (français),cnss-annuaire-2013,37,EVOLUTION DE LA PYRAMIDE DES SALAIRES DECLARES A LA C.N.S.S. Exprimés en SMIG (2000 ‐ 2013 ),non,couche texte
2005,annuelle,,1-1.5,regroupement (calculé),"de 1 à 1,5 SMIG (somme de 1 classe(s) de la source)",220946,896588,24.64297983020072,,,0,annuaire statistique CNSS 2013 (français),cnss-annuaire-2013,37,EVOLUTION DE LA PYRAMIDE DES SALAIRES DECLARES A LA C.N.S.S. Exprimés en SMIG (2000 ‐ 2013 ),non,couche texte
2005,annuelle,,>1.5,regroupement (calculé),"plus de 1,5 SMIG (somme de 10 classe(s) de la source)",334666,896588,37.32662047674071,,,0,annuaire statistique CNSS 2013 (français),cnss-annuaire-2013,37,EVOLUTION DE LA PYRAMIDE DES SALAIRES DECLARES A LA C.N.S.S. Exprimés en SMIG (2000 ‐ 2013 ),non,couche texte
2006,annuelle,,<=2/3,classe de la source,MOINS 2/3 Smig,232313,936103,24.817034022965423,,,0,annuaire statistique CNSS 2013 (français),cnss-annuaire-2013,37,EVOLUTION DE LA PYRAMIDE DES SALAIRES DECLARES A LA C.N.S.S. Exprimés en SMIG (2000 ‐ 2013 ),non,couche texte
2006,annuelle,,2/3-1,classe de la source,[ 2/3 à 1 [,109914,936103,11.741656633938788,,,0,annuaire statistique CNSS 2013 (français),cnss-annuaire-2013,37,EVOLUTION DE LA PYRAMIDE DES SALAIRES DECLARES A LA C.N.S.S. Exprimés en SMIG (2000 ‐ 2013 ),non,couche texte
2006,annuelle,,1-1.5,classe de la source,"[ 1 à 1,5 [",216678,936103,23.146811835877035,,,0,annuaire statistique CNSS 2013 (français),cnss-annuaire-2013,37,EVOLUTION DE LA PYRAMIDE DES SALAIRES DECLARES A LA C.N.S.S. Exprimés en SMIG (2000 ‐ 2013 ),non,couche texte
2006,annuelle,,1.5-2,classe de la source,"[ 1,5 à 2 [",135666,936103,14.49263595993176,,,0,annuaire statistique CNSS 2013 (français),cnss-annuaire-2013,37,EVOLUTION DE LA PYRAMIDE DES SALAIRES DECLARES A LA C.N.S.S. Exprimés en SMIG (2000 ‐ 2013 ),non,couche texte
2006,annuelle,,2-2.5,classe de la source,"[ 2 à 2,5 [",65677,936103,7.016001444285512,,,0,annuaire statistique CNSS 2013 (français),cnss-annuaire-2013,37,EVOLUTION DE LA PYRAMIDE DES SALAIRES DECLARES A LA C.N.S.S. Exprimés en SMIG (2000 ‐ 2013 ),non,couche texte
2006,annuelle,,2.5-3,classe de la source,"[ 2,5 à 3 [",37696,936103,4.026907295457872,,,0,annuaire statistique CNSS 2013 (français),cnss-annuaire-2013,37,EVOLUTION DE LA PYRAMIDE DES SALAIRES DECLARES A LA C.N.S.S. Exprimés en SMIG (2000 ‐ 2013 ),non,couche texte
2006,annuelle,,3-3.5,classe de la source,"[ 3 à 3,5 [",25147,936103,2.686349685878584,,,0,annuaire statistique CNSS 2013 (français),cnss-annuaire-2013,37,EVOLUTION DE LA PYRAMIDE DES SALAIRES DECLARES A LA C.N.S.S. Exprimés en SMIG (2000 ‐ 2013 ),non,couche texte
2006,annuelle,,3.5-4,classe de la source,"[ 3,5 à 4 [",17798,936103,1.9012865037287563,,,0,annuaire statistique CNSS 2013 (français),cnss-annuaire-2013,37,EVOLUTION DE LA PYRAMIDE DES SALAIRES DECLARES A LA C.N.S.S. Exprimés en SMIG (2000 ‐ 2013 ),non,couche texte
2006,annuelle,,4-4.5,classe de la source,"[ 4 à 4,5 [",14626,936103,1.5624349029967857,,,0,annuaire statistique CNSS 2013 (français),cnss-annuaire-2013,37,EVOLUTION DE LA PYRAMIDE DES SALAIRES DECLARES A LA C.N.S.S. Exprimés en SMIG (2000 ‐ 2013 ),non,couche texte
2006,annuelle,,4.5-5,classe de la source,"[ 4,5 à 5 [",12899,936103,1.3779466575793475,,,0,annuaire statistique CNSS 2013 (français),cnss-annuaire-2013,37,EVOLUTION DE LA PYRAMIDE DES SALAIRES DECLARES A LA C.N.S.S. Exprimés en SMIG (2000 ‐ 2013 ),non,couche texte
2006,annuelle,,5-5.5,classe de la source,"[ 5 à 5,5 [",11012,936103,1.176366275933311,,,0,annuaire statistique CNSS 2013 (français),cnss-annuaire-2013,37,EVOLUTION DE LA PYRAMIDE DES SALAIRES DECLARES A LA C.N.S.S. Exprimés en SMIG (2000 ‐ 2013 ),non,couche texte
2006,annuelle,,5.5-6,classe de la source,"[ 5,5 à 6 [",9258,936103,0.9889937325272968,,,0,annuaire statistique CNSS 2013 (français),cnss-annuaire-2013,37,EVOLUTION DE LA PYRAMIDE DES SALAIRES DECLARES A LA C.N.S.S. Exprimés en SMIG (2000 ‐ 2013 ),non,couche texte
2006,annuelle,,>6,classe de la source,6 Smig et plus,47419,936103,5.065575048899533,,,0,annuaire statistique CNSS 2013 (français),cnss-annuaire-2013,37,EVOLUTION DE LA PYRAMIDE DES SALAIRES DECLARES A LA C.N.S.S. Exprimés en SMIG (2000 ‐ 2013 ),non,couche texte
2006,annuelle,,<1,regroupement (calculé),moins de 1 SMIG (somme de 2 classe(s) de la source),342227,936103,36.55869065690421,,,0,annuaire statistique CNSS 2013 (français),cnss-annuaire-2013,37,EVOLUTION DE LA PYRAMIDE DES SALAIRES DECLARES A LA C.N.S.S. Exprimés en SMIG (2000 ‐ 2013 ),non,couche texte
2006,annuelle,,1-1.5,regroupement (calculé),"de 1 à 1,5 SMIG (somme de 1 classe(s) de la source)",216678,936103,23.146811835877035,,,0,annuaire statistique CNSS 2013 (français),cnss-annuaire-2013,37,EVOLUTION DE LA PYRAMIDE DES SALAIRES DECLARES A LA C.N.S.S. Exprimés en SMIG (2000 ‐ 2013 ),non,couche texte
2006,annuelle,,>1.5,regroupement (calculé),"plus de 1,5 SMIG (somme de 10 classe(s) de la source)",377198,936103,40.29449750721876,,,0,annuaire statistique CNSS 2013 (français),cnss-annuaire-2013,37,EVOLUTION DE LA PYRAMIDE DES SALAIRES DECLARES A LA C.N.S.S. Exprimés en SMIG (2000 ‐ 2013 ),non,couche texte
2007,annuelle,,<=2/3,classe de la source,MOINS 2/3 Smig,241121,991864,24.309885226200365,,,0,annuaire statistique CNSS 2013 (français),cnss-annuaire-2013,37,EVOLUTION DE LA PYRAMIDE DES SALAIRES DECLARES A LA C.N.S.S. Exprimés en SMIG (2000 ‐ 2013 ),non,couche texte
2007,annuelle,,2/3-1,classe de la source,[ 2/3 à 1 [,115649,991864,11.659763838590775,,,0,annuaire statistique CNSS 2013 (français),cnss-annuaire-2013,37,EVOLUTION DE LA PYRAMIDE DES SALAIRES DECLARES A LA C.N.S.S. Exprimés en SMIG (2000 ‐ 2013 ),non,couche texte
2007,annuelle,,1-1.5,classe de la source,"[ 1 à 1,5 [",234125,991864,23.604546591064903,,,0,annuaire statistique CNSS 2013 (français),cnss-annuaire-2013,37,EVOLUTION DE LA PYRAMIDE DES SALAIRES DECLARES A LA C.N.S.S. Exprimés en SMIG (2000 ‐ 2013 ),non,couche texte
2007,annuelle,,1.5-2,classe de la source,"[ 1,5 à 2 [",145374,991864,14.656646475726513,,,0,annuaire statistique CNSS 2013 (français),cnss-annuaire-2013,37,EVOLUTION DE LA PYRAMIDE DES SALAIRES DECLARES A LA C.N.S.S. Exprimés en SMIG (2000 ‐ 2013 ),non,couche texte
2007,annuelle,,2-2.5,classe de la source,"[ 2 à 2,5 [",68314,991864,6.887436180766718,,,0,annuaire statistique CNSS 2013 (français),cnss-annuaire-2013,37,EVOLUTION DE LA PYRAMIDE DES SALAIRES DECLARES A LA C.N.S.S. Exprimés en SMIG (2000 ‐ 2013 ),non,couche texte
2007,annuelle,,2.5-3,classe de la source,"[ 2,5 à 3 [",40323,991864,4.065375898308639,,,0,annuaire statistique CNSS 2013 (français),cnss-annuaire-2013,37,EVOLUTION DE LA PYRAMIDE DES SALAIRES DECLARES A LA C.N.S.S. Exprimés en SMIG (2000 ‐ 2013 ),non,couche texte
2007,annuelle,,3-3.5,classe de la source,"[ 3 à 3,5 [",26347,991864,2.65631175241767,,,0,annuaire statistique CNSS 2013 (français),cnss-annuaire-2013,37,EVOLUTION DE LA PYRAMIDE DES SALAIRES DECLARES A LA C.N.S.S. Exprimés en SMIG (2000 ‐ 2013 ),non,couche texte
2007,annuelle,,3.5-4,classe de la source,"[ 3,5 à 4 [",19318,991864,1.9476460482485505,,,0,annuaire statistique CNSS 2013 (français),cnss-annuaire-2013,37,EVOLUTION DE LA PYRAMIDE DES SALAIRES DECLARES A LA C.N.S.S. Exprimés en SMIG (2000 ‐ 2013 ),non,couche texte
2007,annuelle,,4-4.5,classe de la source,"[ 4 à 4,5 [",15620,991864,1.5748126759313776,,,0,annuaire statistique CNSS 2013 (français),cnss-annuaire-2013,37,EVOLUTION DE LA PYRAMIDE DES SALAIRES DECLARES A LA C.N.S.S. Exprimés en SMIG (2000 ‐ 2013 ),non,couche texte
2007,annuelle,,4.5-5,classe de la source,"[ 4,5 à 5 [",13019,991864,1.3125791439148915,,,0,annuaire statistique CNSS 2013 (français),cnss-annuaire-2013,37,EVOLUTION DE LA PYRAMIDE DES SALAIRES DECLARES A LA C.N.S.S. Exprimés en SMIG (2000 ‐ 2013 ),non,couche texte
2007,annuelle,,5-5.5,classe de la source,"[ 5 à 5,5 [",11327,991864,1.1419912407346169,,,0,annuaire statistique CNSS 2013 (français),cnss-annuaire-2013,37,EVOLUTION DE LA PYRAMIDE DES SALAIRES DECLARES A LA C.N.S.S. Exprimés en SMIG (2000 ‐ 2013 ),non,couche texte
2007,annuelle,,5.5-6,classe de la source,"[ 5,5 à 6 [",9901,991864,0.9982215303710992,,,0,annuaire statistique CNSS 2013 (français),cnss-annuaire-2013,37,EVOLUTION DE LA PYRAMIDE DES SALAIRES DECLARES A LA C.N.S.S. Exprimés en SMIG (2000 ‐ 2013 ),non,couche texte
2007,annuelle,,>6,classe de la source,6 Smig et plus,51426,991864,5.184783397723882,,,0,annuaire statistique CNSS 2013 (français),cnss-annuaire-2013,37,EVOLUTION DE LA PYRAMIDE DES SALAIRES DECLARES A LA C.N.S.S. Exprimés en SMIG (2000 ‐ 2013 ),non,couche texte
2007,annuelle,,<1,regroupement (calculé),moins de 1 SMIG (somme de 2 classe(s) de la source),356770,991864,35.96964906479114,,,0,annuaire statistique CNSS 2013 (français),cnss-annuaire-2013,37,EVOLUTION DE LA PYRAMIDE DES SALAIRES DECLARES A LA C.N.S.S. Exprimés en SMIG (2000 ‐ 2013 ),non,couche texte
2007,annuelle,,1-1.5,regroupement (calculé),"de 1 à 1,5 SMIG (somme de 1 classe(s) de la source)",234125,991864,23.604546591064903,,,0,annuaire statistique CNSS 2013 (français),cnss-annuaire-2013,37,EVOLUTION DE LA PYRAMIDE DES SALAIRES DECLARES A LA C.N.S.S. Exprimés en SMIG (2000 ‐ 2013 ),non,couche texte
2007,annuelle,,>1.5,regroupement (calculé),"plus de 1,5 SMIG (somme de 10 classe(s) de la source)",400969,991864,40.42580434414396,,,0,annuaire statistique CNSS 2013 (français),cnss-annuaire-2013,37,EVOLUTION DE LA PYRAMIDE DES SALAIRES DECLARES A LA C.N.S.S. Exprimés en SMIG (2000 ‐ 2013 ),non,couche texte
2008,annuelle,,<=2/3,classe de la source,MOINS 2/3 Smig,251931,1061592,23.73143354509077,,,0,annuaire statistique CNSS 2013 (français),cnss-annuaire-2013,37,EVOLUTION DE LA PYRAMIDE DES SALAIRES DECLARES A LA C.N.S.S. Exprimés en SMIG (2000 ‐ 2013 ),non,couche texte
2008,annuelle,,2/3-1,classe de la source,[ 2/3 à 1 [,129393,1061592,12.188580923744716,,,0,annuaire statistique CNSS 2013 (français),cnss-annuaire-2013,37,EVOLUTION DE LA PYRAMIDE DES SALAIRES DECLARES A LA C.N.S.S. Exprimés en SMIG (2000 ‐ 2013 ),non,couche texte
2008,annuelle,,1-1.5,classe de la source,"[ 1 à 1,5 [",263977,1061592,24.866144432135886,,,0,annuaire statistique CNSS 2013 (français),cnss-annuaire-2013,37,EVOLUTION DE LA PYRAMIDE DES SALAIRES DECLARES A LA C.N.S.S. Exprimés en SMIG (2000 ‐ 2013 ),non,couche texte
2008,annuelle,,1.5-2,classe de la source,"[ 1,5 à 2 [",145482,1061592,13.704134921890896,,,0,annuaire statistique CNSS 2013 (français),cnss-annuaire-2013,37,EVOLUTION DE LA PYRAMIDE DES SALAIRES DECLARES A LA C.N.S.S. Exprimés en SMIG (2000 ‐ 2013 ),non,couche texte
2008,annuelle,,2-2.5,classe de la source,"[ 2 à 2,5 [",71348,1061592,6.720849441216588,,,0,annuaire statistique CNSS 2013 (français),cnss-annuaire-2013,37,EVOLUTION DE LA PYRAMIDE DES SALAIRES DECLARES A LA C.N.S.S. Exprimés en SMIG (2000 ‐ 2013 ),non,couche texte
2008,annuelle,,2.5-3,classe de la source,"[ 2,5 à 3 [",42321,1061592,3.9865598082879297,,,0,annuaire statistique CNSS 2013 (français),cnss-annuaire-2013,37,EVOLUTION DE LA PYRAMIDE DES SALAIRES DECLARES A LA C.N.S.S. Exprimés en SMIG (2000 ‐ 2013 ),non,couche texte
2008,annuelle,,3-3.5,classe de la source,"[ 3 à 3,5 [",28648,1061592,2.6985885349550487,,,0,annuaire statistique CNSS 2013 (français),cnss-annuaire-2013,37,EVOLUTION DE LA PYRAMIDE DES SALAIRES DECLARES A LA C.N.S.S. Exprimés en SMIG (2000 ‐ 2013 ),non,couche texte
2008,annuelle,,3.5-4,classe de la source,"[ 3,5 à 4 [",20259,1061592,1.908360274003572,,,0,annuaire statistique CNSS 2013 (français),cnss-annuaire-2013,37,EVOLUTION DE LA PYRAMIDE DES SALAIRES DECLARES A LA C.N.S.S. Exprimés en SMIG (2000 ‐ 2013 ),non,couche texte
2008,annuelle,,4-4.5,classe de la source,"[ 4 à 4,5 [",16468,1061592,1.55125509611979,,,0,annuaire statistique CNSS 2013 (français),cnss-annuaire-2013,37,EVOLUTION DE LA PYRAMIDE DES SALAIRES DECLARES A LA C.N.S.S. Exprimés en SMIG (2000 ‐ 2013 ),non,couche texte
2008,annuelle,,4.5-5,classe de la source,"[ 4,5 à 5 [",13504,1061592,1.2720517863736729,,,0,annuaire statistique CNSS 2013 (français),cnss-annuaire-2013,37,EVOLUTION DE LA PYRAMIDE DES SALAIRES DECLARES A LA C.N.S.S. Exprimés en SMIG (2000 ‐ 2013 ),non,couche texte
2008,annuelle,,5-5.5,classe de la source,"[ 5 à 5,5 [",11968,1061592,1.1273634315254826,,,0,annuaire statistique CNSS 2013 (français),cnss-annuaire-2013,37,EVOLUTION DE LA PYRAMIDE DES SALAIRES DECLARES A LA C.N.S.S. Exprimés en SMIG (2000 ‐ 2013 ),non,couche texte
2008,annuelle,,5.5-6,classe de la source,"[ 5,5 à 6 [",10003,1061592,0.9422640713193016,,,0,annuaire statistique CNSS 2013 (français),cnss-annuaire-2013,37,EVOLUTION DE LA PYRAMIDE DES SALAIRES DECLARES A LA C.N.S.S. Exprimés en SMIG (2000 ‐ 2013 ),non,couche texte
2008,annuelle,,>6,classe de la source,6 Smig et plus,56290,1061592,5.302413733336348,,,0,annuaire statistique CNSS 2013 (français),cnss-annuaire-2013,37,EVOLUTION DE LA PYRAMIDE DES SALAIRES DECLARES A LA C.N.S.S. Exprimés en SMIG (2000 ‐ 2013 ),non,couche texte
2008,annuelle,,<1,regroupement (calculé),moins de 1 SMIG (somme de 2 classe(s) de la source),381324,1061592,35.92001446883548,,,0,annuaire statistique CNSS 2013 (français),cnss-annuaire-2013,37,EVOLUTION DE LA PYRAMIDE DES SALAIRES DECLARES A LA C.N.S.S. Exprimés en SMIG (2000 ‐ 2013 ),non,couche texte
2008,annuelle,,1-1.5,regroupement (calculé),"de 1 à 1,5 SMIG (somme de 1 classe(s) de la source)",263977,1061592,24.866144432135886,,,0,annuaire statistique CNSS 2013 (français),cnss-annuaire-2013,37,EVOLUTION DE LA PYRAMIDE DES SALAIRES DECLARES A LA C.N.S.S. Exprimés en SMIG (2000 ‐ 2013 ),non,couche texte
2008,annuelle,,>1.5,regroupement (calculé),"plus de 1,5 SMIG (somme de 10 classe(s) de la source)",416291,1061592,39.21384109902863,,,0,annuaire statistique CNSS 2013 (français),cnss-annuaire-2013,37,EVOLUTION DE LA PYRAMIDE DES SALAIRES DECLARES A LA C.N.S.S. Exprimés en SMIG (2000 ‐ 2013 ),non,couche texte
2009,annuelle,,<=2/3,classe de la source,MOINS 2/3 Smig,274211,1110817,24.685524258271165,,,0,annuaire statistique CNSS 2013 (français),cnss-annuaire-2013,37,EVOLUTION DE LA PYRAMIDE DES SALAIRES DECLARES A LA C.N.S.S. Exprimés en SMIG (2000 ‐ 2013 ),non,couche texte
2009,annuelle,,2/3-1,classe de la source,[ 2/3 à 1 [,127499,1110817,11.477948212891953,,,0,annuaire statistique CNSS 2013 (français),cnss-annuaire-2013,37,EVOLUTION DE LA PYRAMIDE DES SALAIRES DECLARES A LA C.N.S.S. Exprimés en SMIG (2000 ‐ 2013 ),non,couche texte
2009,annuelle,,1-1.5,classe de la source,"[ 1 à 1,5 [",253187,1110817,22.79286327090781,,,0,annuaire statistique CNSS 2013 (français),cnss-annuaire-2013,37,EVOLUTION DE LA PYRAMIDE DES SALAIRES DECLARES A LA C.N.S.S. Exprimés en SMIG (2000 ‐ 2013 ),non,couche texte
2009,annuelle,,1.5-2,classe de la source,"[ 1,5 à 2 [",155920,1110817,14.036515465643756,,,0,annuaire statistique CNSS 2013 (français),cnss-annuaire-2013,37,EVOLUTION DE LA PYRAMIDE DES SALAIRES DECLARES A LA C.N.S.S. Exprimés en SMIG (2000 ‐ 2013 ),non,couche texte
2009,annuelle,,2-2.5,classe de la source,"[ 2 à 2,5 [",78177,1110817,7.037792903781631,,,0,annuaire statistique CNSS 2013 (français),cnss-annuaire-2013,37,EVOLUTION DE LA PYRAMIDE DES SALAIRES DECLARES A LA C.N.S.S. Exprimés en SMIG (2000 ‐ 2013 ),non,couche texte
2009,annuelle,,2.5-3,classe de la source,"[ 2,5 à 3 [",46946,1110817,4.226258690675421,,,0,annuaire statistique CNSS 2013 (français),cnss-annuaire-2013,37,EVOLUTION DE LA PYRAMIDE DES SALAIRES DECLARES A LA C.N.S.S. Exprimés en SMIG (2000 ‐ 2013 ),non,couche texte
2009,annuelle,,3-3.5,classe de la source,"[ 3 à 3,5 [",31505,1110817,2.8362007423364965,,,0,annuaire statistique CNSS 2013 (français),cnss-annuaire-2013,37,EVOLUTION DE LA PYRAMIDE DES SALAIRES DECLARES A LA C.N.S.S. Exprimés en SMIG (2000 ‐ 2013 ),non,couche texte
2009,annuelle,,3.5-4,classe de la source,"[ 3,5 à 4 [",22934,1110817,2.0646065013409047,,,0,annuaire statistique CNSS 2013 (français),cnss-annuaire-2013,37,EVOLUTION DE LA PYRAMIDE DES SALAIRES DECLARES A LA C.N.S.S. Exprimés en SMIG (2000 ‐ 2013 ),non,couche texte
2009,annuelle,,4-4.5,classe de la source,"[ 4 à 4,5 [",17407,1110817,1.5670447967577017,,,0,annuaire statistique CNSS 2013 (français),cnss-annuaire-2013,37,EVOLUTION DE LA PYRAMIDE DES SALAIRES DECLARES A LA C.N.S.S. Exprimés en SMIG (2000 ‐ 2013 ),non,couche texte
2009,annuelle,,4.5-5,classe de la source,"[ 4,5 à 5 [",14166,1110817,1.2752775659717128,,,0,annuaire statistique CNSS 2013 (français),cnss-annuaire-2013,37,EVOLUTION DE LA PYRAMIDE DES SALAIRES DECLARES A LA C.N.S.S. Exprimés en SMIG (2000 ‐ 2013 ),non,couche texte
2009,annuelle,,5-5.5,classe de la source,"[ 5 à 5,5 [",12117,1110817,1.090818739720404,,,0,annuaire statistique CNSS 2013 (français),cnss-annuaire-2013,37,EVOLUTION DE LA PYRAMIDE DES SALAIRES DECLARES A LA C.N.S.S. Exprimés en SMIG (2000 ‐ 2013 ),non,couche texte
2009,annuelle,,5.5-6,classe de la source,"[ 5,5 à 6 [",10892,1110817,0.9805395488185724,,,0,annuaire statistique CNSS 2013 (français),cnss-annuaire-2013,37,EVOLUTION DE LA PYRAMIDE DES SALAIRES DECLARES A LA C.N.S.S. Exprimés en SMIG (2000 ‐ 2013 ),non,couche texte
2009,annuelle,,>6,classe de la source,6 Smig et plus,65856,1110817,5.928609302882473,,,0,annuaire statistique CNSS 2013 (français),cnss-annuaire-2013,37,EVOLUTION DE LA PYRAMIDE DES SALAIRES DECLARES A LA C.N.S.S. Exprimés en SMIG (2000 ‐ 2013 ),non,couche texte
2009,annuelle,,<1,regroupement (calculé),moins de 1 SMIG (somme de 2 classe(s) de la source),401710,1110817,36.16347247116312,,,0,annuaire statistique CNSS 2013 (français),cnss-annuaire-2013,37,EVOLUTION DE LA PYRAMIDE DES SALAIRES DECLARES A LA C.N.S.S. Exprimés en SMIG (2000 ‐ 2013 ),non,couche texte
2009,annuelle,,1-1.5,regroupement (calculé),"de 1 à 1,5 SMIG (somme de 1 classe(s) de la source)",253187,1110817,22.79286327090781,,,0,annuaire statistique CNSS 2013 (français),cnss-annuaire-2013,37,EVOLUTION DE LA PYRAMIDE DES SALAIRES DECLARES A LA C.N.S.S. Exprimés en SMIG (2000 ‐ 2013 ),non,couche texte
2009,annuelle,,>1.5,regroupement (calculé),"plus de 1,5 SMIG (somme de 10 classe(s) de la source)",455920,1110817,41.04366425792907,,,0,annuaire statistique CNSS 2013 (français),cnss-annuaire-2013,37,EVOLUTION DE LA PYRAMIDE DES SALAIRES DECLARES A LA C.N.S.S. Exprimés en SMIG (2000 ‐ 2013 ),non,couche texte
2010,annuelle,,<=2/3,classe de la source,MOINS 2/3 Smig,275349,1163358,23.668466628501285,,,0,annuaire statistique CNSS 2013 (français),cnss-annuaire-2013,37,EVOLUTION DE LA PYRAMIDE DES SALAIRES DECLARES A LA C.N.S.S. Exprimés en SMIG (2000 ‐ 2013 ),non,couche texte
2010,annuelle,,2/3-1,classe de la source,[ 2/3 à 1 [,130596,1163358,11.225779166860072,,,0,annuaire statistique CNSS 2013 (français),cnss-annuaire-2013,37,EVOLUTION DE LA PYRAMIDE DES SALAIRES DECLARES A LA C.N.S.S. Exprimés en SMIG (2000 ‐ 2013 ),non,couche texte
2010,annuelle,,1-1.5,classe de la source,"[ 1 à 1,5 [",262143,1163358,22.53330445142424,,,0,annuaire statistique CNSS 2013 (français),cnss-annuaire-2013,37,EVOLUTION DE LA PYRAMIDE DES SALAIRES DECLARES A LA C.N.S.S. Exprimés en SMIG (2000 ‐ 2013 ),non,couche texte
2010,annuelle,,1.5-2,classe de la source,"[ 1,5 à 2 [",177202,1163358,15.231940640800168,,,0,annuaire statistique CNSS 2013 (français),cnss-annuaire-2013,37,EVOLUTION DE LA PYRAMIDE DES SALAIRES DECLARES A LA C.N.S.S. Exprimés en SMIG (2000 ‐ 2013 ),non,couche texte
2010,annuelle,,2-2.5,classe de la source,"[ 2 à 2,5 [",83253,1163358,7.156266600650874,,,0,annuaire statistique CNSS 2013 (français),cnss-annuaire-2013,37,EVOLUTION DE LA PYRAMIDE DES SALAIRES DECLARES A LA C.N.S.S. Exprimés en SMIG (2000 ‐ 2013 ),non,couche texte
2010,annuelle,,2.5-3,classe de la source,"[ 2,5 à 3 [",50214,1163358,4.316298164451528,,,0,annuaire statistique CNSS 2013 (français),cnss-annuaire-2013,37,EVOLUTION DE LA PYRAMIDE DES SALAIRES DECLARES A LA C.N.S.S. Exprimés en SMIG (2000 ‐ 2013 ),non,couche texte
2010,annuelle,,3-3.5,classe de la source,"[ 3 à 3,5 [",33189,1163358,2.8528621456163967,,,0,annuaire statistique CNSS 2013 (français),cnss-annuaire-2013,37,EVOLUTION DE LA PYRAMIDE DES SALAIRES DECLARES A LA C.N.S.S. Exprimés en SMIG (2000 ‐ 2013 ),non,couche texte
2010,annuelle,,3.5-4,classe de la source,"[ 3,5 à 4 [",24385,1163358,2.096087360898365,,,0,annuaire statistique CNSS 2013 (français),cnss-annuaire-2013,37,EVOLUTION DE LA PYRAMIDE DES SALAIRES DECLARES A LA C.N.S.S. Exprimés en SMIG (2000 ‐ 2013 ),non,couche texte
2010,annuelle,,4-4.5,classe de la source,"[ 4 à 4,5 [",18323,1163358,1.575009584324,,,0,annuaire statistique CNSS 2013 (français),cnss-annuaire-2013,37,EVOLUTION DE LA PYRAMIDE DES SALAIRES DECLARES A LA C.N.S.S. Exprimés en SMIG (2000 ‐ 2013 ),non,couche texte
2010,annuelle,,4.5-5,classe de la source,"[ 4,5 à 5 [",14774,1163358,1.2699444195166063,,,0,annuaire statistique CNSS 2013 (français),cnss-annuaire-2013,37,EVOLUTION DE LA PYRAMIDE DES SALAIRES DECLARES A LA C.N.S.S. Exprimés en SMIG (2000 ‐ 2013 ),non,couche texte
2010,annuelle,,5-5.5,classe de la source,"[ 5 à 5,5 [",12897,1163358,1.1086011356779255,,,0,annuaire statistique CNSS 2013 (français),cnss-annuaire-2013,37,EVOLUTION DE LA PYRAMIDE DES SALAIRES DECLARES A LA C.N.S.S. Exprimés en SMIG (2000 ‐ 2013 ),non,couche texte
2010,annuelle,,5.5-6,classe de la source,"[ 5,5 à 6 [",10643,1163358,0.91485166217106,,,0,annuaire statistique CNSS 2013 (français),cnss-annuaire-2013,37,EVOLUTION DE LA PYRAMIDE DES SALAIRES DECLARES A LA C.N.S.S. Exprimés en SMIG (2000 ‐ 2013 ),non,couche texte
2010,annuelle,,>6,classe de la source,6 Smig et plus,70390,1163358,6.05058803910748,,,0,annuaire statistique CNSS 2013 (français),cnss-annuaire-2013,37,EVOLUTION DE LA PYRAMIDE DES SALAIRES DECLARES A LA C.N.S.S. Exprimés en SMIG (2000 ‐ 2013 ),non,couche texte
2010,annuelle,,<1,regroupement (calculé),moins de 1 SMIG (somme de 2 classe(s) de la source),405945,1163358,34.89424579536136,,,0,annuaire statistique CNSS 2013 (français),cnss-annuaire-2013,37,EVOLUTION DE LA PYRAMIDE DES SALAIRES DECLARES A LA C.N.S.S. Exprimés en SMIG (2000 ‐ 2013 ),non,couche texte
2010,annuelle,,1-1.5,regroupement (calculé),"de 1 à 1,5 SMIG (somme de 1 classe(s) de la source)",262143,1163358,22.53330445142424,,,0,annuaire statistique CNSS 2013 (français),cnss-annuaire-2013,37,EVOLUTION DE LA PYRAMIDE DES SALAIRES DECLARES A LA C.N.S.S. Exprimés en SMIG (2000 ‐ 2013 ),non,couche texte
2010,annuelle,,>1.5,regroupement (calculé),"plus de 1,5 SMIG (somme de 10 classe(s) de la source)",495270,1163358,42.5724497532144,,,0,annuaire statistique CNSS 2013 (français),cnss-annuaire-2013,37,EVOLUTION DE LA PYRAMIDE DES SALAIRES DECLARES A LA C.N.S.S. Exprimés en SMIG (2000 ‐ 2013 ),non,couche texte
2011,annuelle,,<=2/3,classe de la source,MOINS 2/3 Smig,261874,1161896,22.538506028078245,,,0,annuaire statistique CNSS 2013 (français),cnss-annuaire-2013,37,EVOLUTION DE LA PYRAMIDE DES SALAIRES DECLARES A LA C.N.S.S. Exprimés en SMIG (2000 ‐ 2013 ),non,couche texte
2011,annuelle,,2/3-1,classe de la source,[ 2/3 à 1 [,121203,1161896,10.43148440135778,,,0,annuaire statistique CNSS 2013 (français),cnss-annuaire-2013,37,EVOLUTION DE LA PYRAMIDE DES SALAIRES DECLARES A LA C.N.S.S. Exprimés en SMIG (2000 ‐ 2013 ),non,couche texte
2011,annuelle,,1-1.5,classe de la source,"[ 1 à 1,5 [",247067,1161896,21.264123467160573,,,0,annuaire statistique CNSS 2013 (français),cnss-annuaire-2013,37,EVOLUTION DE LA PYRAMIDE DES SALAIRES DECLARES A LA C.N.S.S. Exprimés en SMIG (2000 ‐ 2013 ),non,couche texte
2011,annuelle,,1.5-2,classe de la source,"[ 1,5 à 2 [",185848,1161896,15.995235373906098,,,0,annuaire statistique CNSS 2013 (français),cnss-annuaire-2013,37,EVOLUTION DE LA PYRAMIDE DES SALAIRES DECLARES A LA C.N.S.S. Exprimés en SMIG (2000 ‐ 2013 ),non,couche texte
2011,annuelle,,2-2.5,classe de la source,"[ 2 à 2,5 [",91443,1161896,7.870153610994444,,,0,annuaire statistique CNSS 2013 (français),cnss-annuaire-2013,37,EVOLUTION DE LA PYRAMIDE DES SALAIRES DECLARES A LA C.N.S.S. Exprimés en SMIG (2000 ‐ 2013 ),non,couche texte
2011,annuelle,,2.5-3,classe de la source,"[ 2,5 à 3 [",55551,1161896,4.781064742455435,,,0,annuaire statistique CNSS 2013 (français),cnss-annuaire-2013,37,EVOLUTION DE LA PYRAMIDE DES SALAIRES DECLARES A LA C.N.S.S. Exprimés en SMIG (2000 ‐ 2013 ),non,couche texte
2011,annuelle,,3-3.5,classe de la source,"[ 3 à 3,5 [",36989,1161896,3.183503514944539,,,0,annuaire statistique CNSS 2013 (français),cnss-annuaire-2013,37,EVOLUTION DE LA PYRAMIDE DES SALAIRES DECLARES A LA C.N.S.S. Exprimés en SMIG (2000 ‐ 2013 ),non,couche texte
2011,annuelle,,3.5-4,classe de la source,"[ 3,5 à 4 [",26925,1161896,2.3173330487410237,,,0,annuaire statistique CNSS 2013 (français),cnss-annuaire-2013,37,EVOLUTION DE LA PYRAMIDE DES SALAIRES DECLARES A LA C.N.S.S. Exprimés en SMIG (2000 ‐ 2013 ),non,couche texte
2011,annuelle,,4-4.5,classe de la source,"[ 4 à 4,5 [",19816,1161896,1.7054882708951575,,,0,annuaire statistique CNSS 2013 (français),cnss-annuaire-2013,37,EVOLUTION DE LA PYRAMIDE DES SALAIRES DECLARES A LA C.N.S.S. Exprimés en SMIG (2000 ‐ 2013 ),non,couche texte
2011,annuelle,,4.5-5,classe de la source,"[ 4,5 à 5 [",16091,1161896,1.3848915909857682,,,0,annuaire statistique CNSS 2013 (français),cnss-annuaire-2013,37,EVOLUTION DE LA PYRAMIDE DES SALAIRES DECLARES A LA C.N.S.S. Exprimés en SMIG (2000 ‐ 2013 ),non,couche texte
2011,annuelle,,5-5.5,classe de la source,"[ 5 à 5,5 [",13253,1161896,1.1406356506950708,,,0,annuaire statistique CNSS 2013 (français),cnss-annuaire-2013,37,EVOLUTION DE LA PYRAMIDE DES SALAIRES DECLARES A LA C.N.S.S. Exprimés en SMIG (2000 ‐ 2013 ),non,couche texte
2011,annuelle,,5.5-6,classe de la source,"[ 5,5 à 6 [",11177,1161896,0.9619621721737572,,,0,annuaire statistique CNSS 2013 (français),cnss-annuaire-2013,37,EVOLUTION DE LA PYRAMIDE DES SALAIRES DECLARES A LA C.N.S.S. Exprimés en SMIG (2000 ‐ 2013 ),non,couche texte
2011,annuelle,,>6,classe de la source,6 Smig et plus,74659,1161896,6.42561812761211,,,0,annuaire statistique CNSS 2013 (français),cnss-annuaire-2013,37,EVOLUTION DE LA PYRAMIDE DES SALAIRES DECLARES A LA C.N.S.S. Exprimés en SMIG (2000 ‐ 2013 ),non,couche texte
2011,annuelle,,<1,regroupement (calculé),moins de 1 SMIG (somme de 2 classe(s) de la source),383077,1161896,32.969990429436024,,,0,annuaire statistique CNSS 2013 (français),cnss-annuaire-2013,37,EVOLUTION DE LA PYRAMIDE DES SALAIRES DECLARES A LA C.N.S.S. Exprimés en SMIG (2000 ‐ 2013 ),non,couche texte
2011,annuelle,,1-1.5,regroupement (calculé),"de 1 à 1,5 SMIG (somme de 1 classe(s) de la source)",247067,1161896,21.264123467160573,,,0,annuaire statistique CNSS 2013 (français),cnss-annuaire-2013,37,EVOLUTION DE LA PYRAMIDE DES SALAIRES DECLARES A LA C.N.S.S. Exprimés en SMIG (2000 ‐ 2013 ),non,couche texte
2011,annuelle,,>1.5,regroupement (calculé),"plus de 1,5 SMIG (somme de 10 classe(s) de la source)",531752,1161896,45.7658861034034,,,0,annuaire statistique CNSS 2013 (français),cnss-annuaire-2013,37,EVOLUTION DE LA PYRAMIDE DES SALAIRES DECLARES A LA C.N.S.S. Exprimés en SMIG (2000 ‐ 2013 ),non,couche texte
2012,annuelle,,<=2/3,classe de la source,MOINS 2/3 Smig,240123,1149956,20.881059797070492,,,0,annuaire statistique CNSS 2013 (français),cnss-annuaire-2013,37,EVOLUTION DE LA PYRAMIDE DES SALAIRES DECLARES A LA C.N.S.S. Exprimés en SMIG (2000 ‐ 2013 ),non,couche texte
2012,annuelle,,2/3-1,classe de la source,[ 2/3 à 1 [,107156,1149956,9.318269568574795,,,0,annuaire statistique CNSS 2013 (français),cnss-annuaire-2013,37,EVOLUTION DE LA PYRAMIDE DES SALAIRES DECLARES A LA C.N.S.S. Exprimés en SMIG (2000 ‐ 2013 ),non,couche texte
2012,annuelle,,1-1.5,classe de la source,"[ 1 à 1,5 [",246257,1149956,21.414471510214305,,,0,annuaire statistique CNSS 2013 (français),cnss-annuaire-2013,37,EVOLUTION DE LA PYRAMIDE DES SALAIRES DECLARES A LA C.N.S.S. Exprimés en SMIG (2000 ‐ 2013 ),non,couche texte
2012,annuelle,,1.5-2,classe de la source,"[ 1,5 à 2 [",180425,1149956,15.68973073752387,,,0,annuaire statistique CNSS 2013 (français),cnss-annuaire-2013,37,EVOLUTION DE LA PYRAMIDE DES SALAIRES DECLARES A LA C.N.S.S. Exprimés en SMIG (2000 ‐ 2013 ),non,couche texte
2012,annuelle,,2-2.5,classe de la source,"[ 2 à 2,5 [",97938,1149956,8.516673681427811,,,0,annuaire statistique CNSS 2013 (français),cnss-annuaire-2013,37,EVOLUTION DE LA PYRAMIDE DES SALAIRES DECLARES A LA C.N.S.S. Exprimés en SMIG (2000 ‐ 2013 ),non,couche texte
2012,annuelle,,2.5-3,classe de la source,"[ 2,5 à 3 [",60163,1149956,5.23176538928446,,,0,annuaire statistique CNSS 2013 (français),cnss-annuaire-2013,37,EVOLUTION DE LA PYRAMIDE DES SALAIRES DECLARES A LA C.N.S.S. Exprimés en SMIG (2000 ‐ 2013 ),non,couche texte
2012,annuelle,,3-3.5,classe de la source,"[ 3 à 3,5 [",39981,1149956,3.476741718813589,,,0,annuaire statistique CNSS 2013 (français),cnss-annuaire-2013,37,EVOLUTION DE LA PYRAMIDE DES SALAIRES DECLARES A LA C.N.S.S. Exprimés en SMIG (2000 ‐ 2013 ),non,couche texte
2012,annuelle,,3.5-4,classe de la source,"[ 3,5 à 4 [",29880,1149956,2.5983602850891687,,,0,annuaire statistique CNSS 2013 (français),cnss-annuaire-2013,37,EVOLUTION DE LA PYRAMIDE DES SALAIRES DECLARES A LA C.N.S.S. Exprimés en SMIG (2000 ‐ 2013 ),non,couche texte
2012,annuelle,,4-4.5,classe de la source,"[ 4 à 4,5 [",22257,1149956,1.935465356935396,,,0,annuaire statistique CNSS 2013 (français),cnss-annuaire-2013,37,EVOLUTION DE LA PYRAMIDE DES SALAIRES DECLARES A LA C.N.S.S. Exprimés en SMIG (2000 ‐ 2013 ),non,couche texte
2012,annuelle,,4.5-5,classe de la source,"[ 4,5 à 5 [",17673,1149956,1.5368414095843668,,,0,annuaire statistique CNSS 2013 (français),cnss-annuaire-2013,37,EVOLUTION DE LA PYRAMIDE DES SALAIRES DECLARES A LA C.N.S.S. Exprimés en SMIG (2000 ‐ 2013 ),non,couche texte
2012,annuelle,,5-5.5,classe de la source,"[ 5 à 5,5 [",14128,1149956,1.2285687452389482,,,0,annuaire statistique CNSS 2013 (français),cnss-annuaire-2013,37,EVOLUTION DE LA PYRAMIDE DES SALAIRES DECLARES A LA C.N.S.S. Exprimés en SMIG (2000 ‐ 2013 ),non,couche texte
2012,annuelle,,5.5-6,classe de la source,"[ 5,5 à 6 [",11524,1149956,1.002125298707081,,,0,annuaire statistique CNSS 2013 (français),cnss-annuaire-2013,37,EVOLUTION DE LA PYRAMIDE DES SALAIRES DECLARES A LA C.N.S.S. Exprimés en SMIG (2000 ‐ 2013 ),non,couche texte
2012,annuelle,,>6,classe de la source,6 Smig et plus,82451,1149956,7.169926501535711,,,0,annuaire statistique CNSS 2013 (français),cnss-annuaire-2013,37,EVOLUTION DE LA PYRAMIDE DES SALAIRES DECLARES A LA C.N.S.S. Exprimés en SMIG (2000 ‐ 2013 ),non,couche texte
2012,annuelle,,<1,regroupement (calculé),moins de 1 SMIG (somme de 2 classe(s) de la source),347279,1149956,30.19932936564529,,,0,annuaire statistique CNSS 2013 (français),cnss-annuaire-2013,37,EVOLUTION DE LA PYRAMIDE DES SALAIRES DECLARES A LA C.N.S.S. Exprimés en SMIG (2000 ‐ 2013 ),non,couche texte
2012,annuelle,,1-1.5,regroupement (calculé),"de 1 à 1,5 SMIG (somme de 1 classe(s) de la source)",246257,1149956,21.414471510214305,,,0,annuaire statistique CNSS 2013 (français),cnss-annuaire-2013,37,EVOLUTION DE LA PYRAMIDE DES SALAIRES DECLARES A LA C.N.S.S. Exprimés en SMIG (2000 ‐ 2013 ),non,couche texte
2012,annuelle,,>1.5,regroupement (calculé),"plus de 1,5 SMIG (somme de 10 classe(s) de la source)",556420,1149956,48.3861991241404,,,0,annuaire statistique CNSS 2013 (français),cnss-annuaire-2013,37,EVOLUTION DE LA PYRAMIDE DES SALAIRES DECLARES A LA C.N.S.S. Exprimés en SMIG (2000 ‐ 2013 ),non,couche texte
2013,annuelle,,<=2/3,classe de la source,MOINS 2/3 Smig,220996,1158655,19.07349469859449,"19,07%","19,07%",0,annuaire statistique CNSS 2013 (français),cnss-annuaire-2013,37,EVOLUTION DE LA PYRAMIDE DES SALAIRES DECLARES A LA C.N.S.S. Exprimés en SMIG (2000 ‐ 2013 ),non,couche texte
2013,annuelle,,2/3-1,classe de la source,[ 2/3 à 1 [,101391,1158655,8.75074979178444,"8,75%","27,82%",0,annuaire statistique CNSS 2013 (français),cnss-annuaire-2013,37,EVOLUTION DE LA PYRAMIDE DES SALAIRES DECLARES A LA C.N.S.S. Exprimés en SMIG (2000 ‐ 2013 ),non,couche texte
2013,annuelle,,1-1.5,classe de la source,"[ 1 à 1,5 [",210197,1158655,18.141465751237423,"18,14%","45,97%",0,annuaire statistique CNSS 2013 (français),cnss-annuaire-2013,37,EVOLUTION DE LA PYRAMIDE DES SALAIRES DECLARES A LA C.N.S.S. Exprimés en SMIG (2000 ‐ 2013 ),non,couche texte
2013,annuelle,,1.5-2,classe de la source,"[ 1,5 à 2 [",195882,1158655,16.905981504416758,"16,91%","62,87%",0,annuaire statistique CNSS 2013 (français),cnss-annuaire-2013,37,EVOLUTION DE LA PYRAMIDE DES SALAIRES DECLARES A LA C.N.S.S. Exprimés en SMIG (2000 ‐ 2013 ),non,couche texte
2013,annuelle,,2-2.5,classe de la source,"[ 2 à 2,5 [",113066,1158655,9.758383643103429,"9,76%","72,63%",0,annuaire statistique CNSS 2013 (français),cnss-annuaire-2013,37,EVOLUTION DE LA PYRAMIDE DES SALAIRES DECLARES A LA C.N.S.S. Exprimés en SMIG (2000 ‐ 2013 ),non,couche texte
2013,annuelle,,2.5-3,classe de la source,"[ 2,5 à 3 [",69293,1158655,5.98046873314317,"5,98%","78,61%",0,annuaire statistique CNSS 2013 (français),cnss-annuaire-2013,37,EVOLUTION DE LA PYRAMIDE DES SALAIRES DECLARES A LA C.N.S.S. Exprimés en SMIG (2000 ‐ 2013 ),non,couche texte
2013,annuelle,,3-3.5,classe de la source,"[ 3 à 3,5 [",46789,1158655,4.038216725427327,"4,04%","82,65%",0,annuaire statistique CNSS 2013 (français),cnss-annuaire-2013,37,EVOLUTION DE LA PYRAMIDE DES SALAIRES DECLARES A LA C.N.S.S. Exprimés en SMIG (2000 ‐ 2013 ),non,couche texte
2013,annuelle,,3.5-4,classe de la source,"[ 3,5 à 4 [",33185,1158655,2.8640967328497267,"2,86%","85,51%",0,annuaire statistique CNSS 2013 (français),cnss-annuaire-2013,37,EVOLUTION DE LA PYRAMIDE DES SALAIRES DECLARES A LA C.N.S.S. Exprimés en SMIG (2000 ‐ 2013 ),non,couche texte
2013,annuelle,,4-4.5,classe de la source,"[ 4 à 4,5 [",25718,1158655,2.219642602845541,"2,22%","87,73%",0,annuaire statistique CNSS 2013 (français),cnss-annuaire-2013,37,EVOLUTION DE LA PYRAMIDE DES SALAIRES DECLARES A LA C.N.S.S. Exprimés en SMIG (2000 ‐ 2013 ),non,couche texte
2013,annuelle,,4.5-5,classe de la source,"[ 4,5 à 5 [",19715,1158655,1.701541873983196,"1,70%","89,43%",0,annuaire statistique CNSS 2013 (français),cnss-annuaire-2013,37,EVOLUTION DE LA PYRAMIDE DES SALAIRES DECLARES A LA C.N.S.S. Exprimés en SMIG (2000 ‐ 2013 ),non,couche texte
2013,annuelle,,5-5.5,classe de la source,"[ 5 à 5,5 [",16266,1158655,1.403869141375129,"1,40%","90,84%",0,annuaire statistique CNSS 2013 (français),cnss-annuaire-2013,37,EVOLUTION DE LA PYRAMIDE DES SALAIRES DECLARES A LA C.N.S.S. Exprimés en SMIG (2000 ‐ 2013 ),non,couche texte
2013,annuelle,,5.5-6,classe de la source,"[ 5,5 à 6 [",13121,1158655,1.1324337270369522,"1,13%","91,97%",0,annuaire statistique CNSS 2013 (français),cnss-annuaire-2013,37,EVOLUTION DE LA PYRAMIDE DES SALAIRES DECLARES A LA C.N.S.S. Exprimés en SMIG (2000 ‐ 2013 ),non,couche texte
2013,annuelle,,>6,classe de la source,6 Smig et plus,93036,1158655,8.029655074202415,"8,03%","100,00%",0,annuaire statistique CNSS 2013 (français),cnss-annuaire-2013,37,EVOLUTION DE LA PYRAMIDE DES SALAIRES DECLARES A LA C.N.S.S. Exprimés en SMIG (2000 ‐ 2013 ),non,couche texte
2013,annuelle,,<1,regroupement (calculé),moins de 1 SMIG (somme de 2 classe(s) de la source),322387,1158655,27.82424449037893,,,0,annuaire statistique CNSS 2013 (français),cnss-annuaire-2013,37,EVOLUTION DE LA PYRAMIDE DES SALAIRES DECLARES A LA C.N.S.S. Exprimés en SMIG (2000 ‐ 2013 ),non,couche texte
2013,annuelle,,1-1.5,regroupement (calculé),"de 1 à 1,5 SMIG (somme de 1 classe(s) de la source)",210197,1158655,18.141465751237423,,,0,annuaire statistique CNSS 2013 (français),cnss-annuaire-2013,37,EVOLUTION DE LA PYRAMIDE DES SALAIRES DECLARES A LA C.N.S.S. Exprimés en SMIG (2000 ‐ 2013 ),non,couche texte
2013,annuelle,,>1.5,regroupement (calculé),"plus de 1,5 SMIG (somme de 10 classe(s) de la source)",626071,1158655,54.03428975838364,,,0,annuaire statistique CNSS 2013 (français),cnss-annuaire-2013,37,EVOLUTION DE LA PYRAMIDE DES SALAIRES DECLARES A LA C.N.S.S. Exprimés en SMIG (2000 ‐ 2013 ),non,couche texte
2005,annuelle,,<=2/3,classe de la source,MOINS 2/3 Smig,226747,896588,25.2899882666286,,,0,annuaire statistique CNSS 2018 (français),cnss-annuaire-2018,27,EVOLUTION DE LA PYRAMIDE DES SALAIRES DECLARES A LA C.N.S.S. EN SMIG (2005 - 2018),oui,couche texte
2005,annuelle,,2/3-1,classe de la source,[ 2/3 à 1 [,114229,896588,12.740411426429976,,,0,annuaire statistique CNSS 2018 (français),cnss-annuaire-2018,27,EVOLUTION DE LA PYRAMIDE DES SALAIRES DECLARES A LA C.N.S.S. EN SMIG (2005 - 2018),oui,couche texte
2005,annuelle,,1-1.5,classe de la source,"[ 1 à 1,5 [",220946,896588,24.64297983020072,,,0,annuaire statistique CNSS 2018 (français),cnss-annuaire-2018,27,EVOLUTION DE LA PYRAMIDE DES SALAIRES DECLARES A LA C.N.S.S. EN SMIG (2005 - 2018),oui,couche texte
2005,annuelle,,1.5-2,classe de la source,"[ 1,5 à 2 [",120767,896588,13.469620383052192,,,0,annuaire statistique CNSS 2018 (français),cnss-annuaire-2018,27,EVOLUTION DE LA PYRAMIDE DES SALAIRES DECLARES A LA C.N.S.S. EN SMIG (2005 - 2018),oui,couche texte
2005,annuelle,,2-2.5,classe de la source,"[ 2 à 2,5 [",56850,896588,6.340704983782964,,,0,annuaire statistique CNSS 2018 (français),cnss-annuaire-2018,27,EVOLUTION DE LA PYRAMIDE DES SALAIRES DECLARES A LA C.N.S.S. EN SMIG (2005 - 2018),oui,couche texte
2005,annuelle,,2.5-3,classe de la source,"[ 2,5 à 3 [",33676,896588,3.756017256532544,,,0,annuaire statistique CNSS 2018 (français),cnss-annuaire-2018,27,EVOLUTION DE LA PYRAMIDE DES SALAIRES DECLARES A LA C.N.S.S. EN SMIG (2005 - 2018),oui,couche texte
2005,annuelle,,3-3.5,classe de la source,"[ 3 à 3,5 [",22327,896588,2.49021847269872,,,0,annuaire statistique CNSS 2018 (français),cnss-annuaire-2018,27,EVOLUTION DE LA PYRAMIDE DES SALAIRES DECLARES A LA C.N.S.S. EN SMIG (2005 - 2018),oui,couche texte
2005,annuelle,,3.5-4,classe de la source,"[ 3,5 à 4 [",16659,896588,1.85804405144838,,,0,annuaire statistique CNSS 2018 (français),cnss-annuaire-2018,27,EVOLUTION DE LA PYRAMIDE DES SALAIRES DECLARES A LA C.N.S.S. EN SMIG (2005 - 2018),oui,couche texte
2005,annuelle,,4-4.5,classe de la source,"[ 4 à 4,5 [",14566,896588,1.6246034968123595,,,0,annuaire statistique CNSS 2018 (français),cnss-annuaire-2018,27,EVOLUTION DE LA PYRAMIDE DES SALAIRES DECLARES A LA C.N.S.S. EN SMIG (2005 - 2018),oui,couche texte
2005,annuelle,,4.5-5,classe de la source,"[ 4,5 à 5 [",12333,896588,1.3755481893578767,,,0,annuaire statistique CNSS 2018 (français),cnss-annuaire-2018,27,EVOLUTION DE LA PYRAMIDE DES SALAIRES DECLARES A LA C.N.S.S. EN SMIG (2005 - 2018),oui,couche texte
2005,annuelle,,5-5.5,classe de la source,"[ 5 à 5,5 [",10026,896588,1.1182393696993491,,,0,annuaire statistique CNSS 2018 (français),cnss-annuaire-2018,27,EVOLUTION DE LA PYRAMIDE DES SALAIRES DECLARES A LA C.N.S.S. EN SMIG (2005 - 2018),oui,couche texte
2005,annuelle,,5.5-6,classe de la source,"[ 5,5 à 6 [",7864,896588,0.8771029726028008,,,0,annuaire statistique CNSS 2018 (français),cnss-annuaire-2018,27,EVOLUTION DE LA PYRAMIDE DES SALAIRES DECLARES A LA C.N.S.S. EN SMIG (2005 - 2018),oui,couche texte
2005,annuelle,,>6,classe de la source,6 Smig et plus,39598,896588,4.416521300753524,,,0,annuaire statistique CNSS 2018 (français),cnss-annuaire-2018,27,EVOLUTION DE LA PYRAMIDE DES SALAIRES DECLARES A LA C.N.S.S. EN SMIG (2005 - 2018),oui,couche texte
2005,annuelle,,<1,regroupement (calculé),moins de 1 SMIG (somme de 2 classe(s) de la source),340976,896588,38.03039969305857,,,0,annuaire statistique CNSS 2018 (français),cnss-annuaire-2018,27,EVOLUTION DE LA PYRAMIDE DES SALAIRES DECLARES A LA C.N.S.S. EN SMIG (2005 - 2018),oui,couche texte
2005,annuelle,,1-1.5,regroupement (calculé),"de 1 à 1,5 SMIG (somme de 1 classe(s) de la source)",220946,896588,24.64297983020072,,,0,annuaire statistique CNSS 2018 (français),cnss-annuaire-2018,27,EVOLUTION DE LA PYRAMIDE DES SALAIRES DECLARES A LA C.N.S.S. EN SMIG (2005 - 2018),oui,couche texte
2005,annuelle,,>1.5,regroupement (calculé),"plus de 1,5 SMIG (somme de 10 classe(s) de la source)",334666,896588,37.32662047674071,,,0,annuaire statistique CNSS 2018 (français),cnss-annuaire-2018,27,EVOLUTION DE LA PYRAMIDE DES SALAIRES DECLARES A LA C.N.S.S. EN SMIG (2005 - 2018),oui,couche texte
2006,annuelle,,<=2/3,classe de la source,MOINS 2/3 Smig,232313,936103,24.817034022965423,,,0,annuaire statistique CNSS 2018 (français),cnss-annuaire-2018,27,EVOLUTION DE LA PYRAMIDE DES SALAIRES DECLARES A LA C.N.S.S. EN SMIG (2005 - 2018),oui,couche texte
2006,annuelle,,2/3-1,classe de la source,[ 2/3 à 1 [,109914,936103,11.741656633938788,,,0,annuaire statistique CNSS 2018 (français),cnss-annuaire-2018,27,EVOLUTION DE LA PYRAMIDE DES SALAIRES DECLARES A LA C.N.S.S. EN SMIG (2005 - 2018),oui,couche texte
2006,annuelle,,1-1.5,classe de la source,"[ 1 à 1,5 [",216678,936103,23.146811835877035,,,0,annuaire statistique CNSS 2018 (français),cnss-annuaire-2018,27,EVOLUTION DE LA PYRAMIDE DES SALAIRES DECLARES A LA C.N.S.S. EN SMIG (2005 - 2018),oui,couche texte
2006,annuelle,,1.5-2,classe de la source,"[ 1,5 à 2 [",135666,936103,14.49263595993176,,,0,annuaire statistique CNSS 2018 (français),cnss-annuaire-2018,27,EVOLUTION DE LA PYRAMIDE DES SALAIRES DECLARES A LA C.N.S.S. EN SMIG (2005 - 2018),oui,couche texte
2006,annuelle,,2-2.5,classe de la source,"[ 2 à 2,5 [",65677,936103,7.016001444285512,,,0,annuaire statistique CNSS 2018 (français),cnss-annuaire-2018,27,EVOLUTION DE LA PYRAMIDE DES SALAIRES DECLARES A LA C.N.S.S. EN SMIG (2005 - 2018),oui,couche texte
2006,annuelle,,2.5-3,classe de la source,"[ 2,5 à 3 [",37696,936103,4.026907295457872,,,0,annuaire statistique CNSS 2018 (français),cnss-annuaire-2018,27,EVOLUTION DE LA PYRAMIDE DES SALAIRES DECLARES A LA C.N.S.S. EN SMIG (2005 - 2018),oui,couche texte
2006,annuelle,,3-3.5,classe de la source,"[ 3 à 3,5 [",25147,936103,2.686349685878584,,,0,annuaire statistique CNSS 2018 (français),cnss-annuaire-2018,27,EVOLUTION DE LA PYRAMIDE DES SALAIRES DECLARES A LA C.N.S.S. EN SMIG (2005 - 2018),oui,couche texte
2006,annuelle,,3.5-4,classe de la source,"[ 3,5 à 4 [",17798,936103,1.9012865037287563,,,0,annuaire statistique CNSS 2018 (français),cnss-annuaire-2018,27,EVOLUTION DE LA PYRAMIDE DES SALAIRES DECLARES A LA C.N.S.S. EN SMIG (2005 - 2018),oui,couche texte
2006,annuelle,,4-4.5,classe de la source,"[ 4 à 4,5 [",14626,936103,1.5624349029967857,,,0,annuaire statistique CNSS 2018 (français),cnss-annuaire-2018,27,EVOLUTION DE LA PYRAMIDE DES SALAIRES DECLARES A LA C.N.S.S. EN SMIG (2005 - 2018),oui,couche texte
2006,annuelle,,4.5-5,classe de la source,"[ 4,5 à 5 [",12899,936103,1.3779466575793475,,,0,annuaire statistique CNSS 2018 (français),cnss-annuaire-2018,27,EVOLUTION DE LA PYRAMIDE DES SALAIRES DECLARES A LA C.N.S.S. EN SMIG (2005 - 2018),oui,couche texte
2006,annuelle,,5-5.5,classe de la source,"[ 5 à 5,5 [",11012,936103,1.176366275933311,,,0,annuaire statistique CNSS 2018 (français),cnss-annuaire-2018,27,EVOLUTION DE LA PYRAMIDE DES SALAIRES DECLARES A LA C.N.S.S. EN SMIG (2005 - 2018),oui,couche texte
2006,annuelle,,5.5-6,classe de la source,"[ 5,5 à 6 [",9258,936103,0.9889937325272968,,,0,annuaire statistique CNSS 2018 (français),cnss-annuaire-2018,27,EVOLUTION DE LA PYRAMIDE DES SALAIRES DECLARES A LA C.N.S.S. EN SMIG (2005 - 2018),oui,couche texte
2006,annuelle,,>6,classe de la source,6 Smig et plus,47419,936103,5.065575048899533,,,0,annuaire statistique CNSS 2018 (français),cnss-annuaire-2018,27,EVOLUTION DE LA PYRAMIDE DES SALAIRES DECLARES A LA C.N.S.S. EN SMIG (2005 - 2018),oui,couche texte
2006,annuelle,,<1,regroupement (calculé),moins de 1 SMIG (somme de 2 classe(s) de la source),342227,936103,36.55869065690421,,,0,annuaire statistique CNSS 2018 (français),cnss-annuaire-2018,27,EVOLUTION DE LA PYRAMIDE DES SALAIRES DECLARES A LA C.N.S.S. EN SMIG (2005 - 2018),oui,couche texte
2006,annuelle,,1-1.5,regroupement (calculé),"de 1 à 1,5 SMIG (somme de 1 classe(s) de la source)",216678,936103,23.146811835877035,,,0,annuaire statistique CNSS 2018 (français),cnss-annuaire-2018,27,EVOLUTION DE LA PYRAMIDE DES SALAIRES DECLARES A LA C.N.S.S. EN SMIG (2005 - 2018),oui,couche texte
2006,annuelle,,>1.5,regroupement (calculé),"plus de 1,5 SMIG (somme de 10 classe(s) de la source)",377198,936103,40.29449750721876,,,0,annuaire statistique CNSS 2018 (français),cnss-annuaire-2018,27,EVOLUTION DE LA PYRAMIDE DES SALAIRES DECLARES A LA C.N.S.S. EN SMIG (2005 - 2018),oui,couche texte
2007,annuelle,,<=2/3,classe de la source,MOINS 2/3 Smig,241121,991864,24.309885226200365,,,0,annuaire statistique CNSS 2018 (français),cnss-annuaire-2018,27,EVOLUTION DE LA PYRAMIDE DES SALAIRES DECLARES A LA C.N.S.S. EN SMIG (2005 - 2018),oui,couche texte
2007,annuelle,,2/3-1,classe de la source,[ 2/3 à 1 [,115649,991864,11.659763838590775,,,0,annuaire statistique CNSS 2018 (français),cnss-annuaire-2018,27,EVOLUTION DE LA PYRAMIDE DES SALAIRES DECLARES A LA C.N.S.S. EN SMIG (2005 - 2018),oui,couche texte
2007,annuelle,,1-1.5,classe de la source,"[ 1 à 1,5 [",234125,991864,23.604546591064903,,,0,annuaire statistique CNSS 2018 (français),cnss-annuaire-2018,27,EVOLUTION DE LA PYRAMIDE DES SALAIRES DECLARES A LA C.N.S.S. EN SMIG (2005 - 2018),oui,couche texte
2007,annuelle,,1.5-2,classe de la source,"[ 1,5 à 2 [",145374,991864,14.656646475726513,,,0,annuaire statistique CNSS 2018 (français),cnss-annuaire-2018,27,EVOLUTION DE LA PYRAMIDE DES SALAIRES DECLARES A LA C.N.S.S. EN SMIG (2005 - 2018),oui,couche texte
2007,annuelle,,2-2.5,classe de la source,"[ 2 à 2,5 [",68314,991864,6.887436180766718,,,0,annuaire statistique CNSS 2018 (français),cnss-annuaire-2018,27,EVOLUTION DE LA PYRAMIDE DES SALAIRES DECLARES A LA C.N.S.S. EN SMIG (2005 - 2018),oui,couche texte
2007,annuelle,,2.5-3,classe de la source,"[ 2,5 à 3 [",40323,991864,4.065375898308639,,,0,annuaire statistique CNSS 2018 (français),cnss-annuaire-2018,27,EVOLUTION DE LA PYRAMIDE DES SALAIRES DECLARES A LA C.N.S.S. EN SMIG (2005 - 2018),oui,couche texte
2007,annuelle,,3-3.5,classe de la source,"[ 3 à 3,5 [",26347,991864,2.65631175241767,,,0,annuaire statistique CNSS 2018 (français),cnss-annuaire-2018,27,EVOLUTION DE LA PYRAMIDE DES SALAIRES DECLARES A LA C.N.S.S. EN SMIG (2005 - 2018),oui,couche texte
2007,annuelle,,3.5-4,classe de la source,"[ 3,5 à 4 [",19318,991864,1.9476460482485505,,,0,annuaire statistique CNSS 2018 (français),cnss-annuaire-2018,27,EVOLUTION DE LA PYRAMIDE DES SALAIRES DECLARES A LA C.N.S.S. EN SMIG (2005 - 2018),oui,couche texte
2007,annuelle,,4-4.5,classe de la source,"[ 4 à 4,5 [",15620,991864,1.5748126759313776,,,0,annuaire statistique CNSS 2018 (français),cnss-annuaire-2018,27,EVOLUTION DE LA PYRAMIDE DES SALAIRES DECLARES A LA C.N.S.S. EN SMIG (2005 - 2018),oui,couche texte
2007,annuelle,,4.5-5,classe de la source,"[ 4,5 à 5 [",13019,991864,1.3125791439148915,,,0,annuaire statistique CNSS 2018 (français),cnss-annuaire-2018,27,EVOLUTION DE LA PYRAMIDE DES SALAIRES DECLARES A LA C.N.S.S. EN SMIG (2005 - 2018),oui,couche texte
2007,annuelle,,5-5.5,classe de la source,"[ 5 à 5,5 [",11327,991864,1.1419912407346169,,,0,annuaire statistique CNSS 2018 (français),cnss-annuaire-2018,27,EVOLUTION DE LA PYRAMIDE DES SALAIRES DECLARES A LA C.N.S.S. EN SMIG (2005 - 2018),oui,couche texte
2007,annuelle,,5.5-6,classe de la source,"[ 5,5 à 6 [",9901,991864,0.9982215303710992,,,0,annuaire statistique CNSS 2018 (français),cnss-annuaire-2018,27,EVOLUTION DE LA PYRAMIDE DES SALAIRES DECLARES A LA C.N.S.S. EN SMIG (2005 - 2018),oui,couche texte
2007,annuelle,,>6,classe de la source,6 Smig et plus,51426,991864,5.184783397723882,,,0,annuaire statistique CNSS 2018 (français),cnss-annuaire-2018,27,EVOLUTION DE LA PYRAMIDE DES SALAIRES DECLARES A LA C.N.S.S. EN SMIG (2005 - 2018),oui,couche texte
2007,annuelle,,<1,regroupement (calculé),moins de 1 SMIG (somme de 2 classe(s) de la source),356770,991864,35.96964906479114,,,0,annuaire statistique CNSS 2018 (français),cnss-annuaire-2018,27,EVOLUTION DE LA PYRAMIDE DES SALAIRES DECLARES A LA C.N.S.S. EN SMIG (2005 - 2018),oui,couche texte
2007,annuelle,,1-1.5,regroupement (calculé),"de 1 à 1,5 SMIG (somme de 1 classe(s) de la source)",234125,991864,23.604546591064903,,,0,annuaire statistique CNSS 2018 (français),cnss-annuaire-2018,27,EVOLUTION DE LA PYRAMIDE DES SALAIRES DECLARES A LA C.N.S.S. EN SMIG (2005 - 2018),oui,couche texte
2007,annuelle,,>1.5,regroupement (calculé),"plus de 1,5 SMIG (somme de 10 classe(s) de la source)",400969,991864,40.42580434414396,,,0,annuaire statistique CNSS 2018 (français),cnss-annuaire-2018,27,EVOLUTION DE LA PYRAMIDE DES SALAIRES DECLARES A LA C.N.S.S. EN SMIG (2005 - 2018),oui,couche texte
2008,annuelle,,<=2/3,classe de la source,MOINS 2/3 Smig,251931,1061592,23.73143354509077,,,0,annuaire statistique CNSS 2018 (français),cnss-annuaire-2018,27,EVOLUTION DE LA PYRAMIDE DES SALAIRES DECLARES A LA C.N.S.S. EN SMIG (2005 - 2018),oui,couche texte
2008,annuelle,,2/3-1,classe de la source,[ 2/3 à 1 [,129393,1061592,12.188580923744716,,,0,annuaire statistique CNSS 2018 (français),cnss-annuaire-2018,27,EVOLUTION DE LA PYRAMIDE DES SALAIRES DECLARES A LA C.N.S.S. EN SMIG (2005 - 2018),oui,couche texte
2008,annuelle,,1-1.5,classe de la source,"[ 1 à 1,5 [",263977,1061592,24.866144432135886,,,0,annuaire statistique CNSS 2018 (français),cnss-annuaire-2018,27,EVOLUTION DE LA PYRAMIDE DES SALAIRES DECLARES A LA C.N.S.S. EN SMIG (2005 - 2018),oui,couche texte
2008,annuelle,,1.5-2,classe de la source,"[ 1,5 à 2 [",145482,1061592,13.704134921890896,,,0,annuaire statistique CNSS 2018 (français),cnss-annuaire-2018,27,EVOLUTION DE LA PYRAMIDE DES SALAIRES DECLARES A LA C.N.S.S. EN SMIG (2005 - 2018),oui,couche texte
2008,annuelle,,2-2.5,classe de la source,"[ 2 à 2,5 [",71348,1061592,6.720849441216588,,,0,annuaire statistique CNSS 2018 (français),cnss-annuaire-2018,27,EVOLUTION DE LA PYRAMIDE DES SALAIRES DECLARES A LA C.N.S.S. EN SMIG (2005 - 2018),oui,couche texte
2008,annuelle,,2.5-3,classe de la source,"[ 2,5 à 3 [",42321,1061592,3.9865598082879297,,,0,annuaire statistique CNSS 2018 (français),cnss-annuaire-2018,27,EVOLUTION DE LA PYRAMIDE DES SALAIRES DECLARES A LA C.N.S.S. EN SMIG (2005 - 2018),oui,couche texte
2008,annuelle,,3-3.5,classe de la source,"[ 3 à 3,5 [",28648,1061592,2.6985885349550487,,,0,annuaire statistique CNSS 2018 (français),cnss-annuaire-2018,27,EVOLUTION DE LA PYRAMIDE DES SALAIRES DECLARES A LA C.N.S.S. EN SMIG (2005 - 2018),oui,couche texte
2008,annuelle,,3.5-4,classe de la source,"[ 3,5 à 4 [",20259,1061592,1.908360274003572,,,0,annuaire statistique CNSS 2018 (français),cnss-annuaire-2018,27,EVOLUTION DE LA PYRAMIDE DES SALAIRES DECLARES A LA C.N.S.S. EN SMIG (2005 - 2018),oui,couche texte
2008,annuelle,,4-4.5,classe de la source,"[ 4 à 4,5 [",16468,1061592,1.55125509611979,,,0,annuaire statistique CNSS 2018 (français),cnss-annuaire-2018,27,EVOLUTION DE LA PYRAMIDE DES SALAIRES DECLARES A LA C.N.S.S. EN SMIG (2005 - 2018),oui,couche texte
2008,annuelle,,4.5-5,classe de la source,"[ 4,5 à 5 [",13504,1061592,1.2720517863736729,,,0,annuaire statistique CNSS 2018 (français),cnss-annuaire-2018,27,EVOLUTION DE LA PYRAMIDE DES SALAIRES DECLARES A LA C.N.S.S. EN SMIG (2005 - 2018),oui,couche texte
2008,annuelle,,5-5.5,classe de la source,"[ 5 à 5,5 [",11968,1061592,1.1273634315254826,,,0,annuaire statistique CNSS 2018 (français),cnss-annuaire-2018,27,EVOLUTION DE LA PYRAMIDE DES SALAIRES DECLARES A LA C.N.S.S. EN SMIG (2005 - 2018),oui,couche texte
2008,annuelle,,5.5-6,classe de la source,"[ 5,5 à 6 [",10003,1061592,0.9422640713193016,,,0,annuaire statistique CNSS 2018 (français),cnss-annuaire-2018,27,EVOLUTION DE LA PYRAMIDE DES SALAIRES DECLARES A LA C.N.S.S. EN SMIG (2005 - 2018),oui,couche texte
2008,annuelle,,>6,classe de la source,6 Smig et plus,56290,1061592,5.302413733336348,,,0,annuaire statistique CNSS 2018 (français),cnss-annuaire-2018,27,EVOLUTION DE LA PYRAMIDE DES SALAIRES DECLARES A LA C.N.S.S. EN SMIG (2005 - 2018),oui,couche texte
2008,annuelle,,<1,regroupement (calculé),moins de 1 SMIG (somme de 2 classe(s) de la source),381324,1061592,35.92001446883548,,,0,annuaire statistique CNSS 2018 (français),cnss-annuaire-2018,27,EVOLUTION DE LA PYRAMIDE DES SALAIRES DECLARES A LA C.N.S.S. EN SMIG (2005 - 2018),oui,couche texte
2008,annuelle,,1-1.5,regroupement (calculé),"de 1 à 1,5 SMIG (somme de 1 classe(s) de la source)",263977,1061592,24.866144432135886,,,0,annuaire statistique CNSS 2018 (français),cnss-annuaire-2018,27,EVOLUTION DE LA PYRAMIDE DES SALAIRES DECLARES A LA C.N.S.S. EN SMIG (2005 - 2018),oui,couche texte
2008,annuelle,,>1.5,regroupement (calculé),"plus de 1,5 SMIG (somme de 10 classe(s) de la source)",416291,1061592,39.21384109902863,,,0,annuaire statistique CNSS 2018 (français),cnss-annuaire-2018,27,EVOLUTION DE LA PYRAMIDE DES SALAIRES DECLARES A LA C.N.S.S. EN SMIG (2005 - 2018),oui,couche texte
2009,annuelle,,<=2/3,classe de la source,MOINS 2/3 Smig,274211,1110817,24.685524258271165,,,0,annuaire statistique CNSS 2018 (français),cnss-annuaire-2018,27,EVOLUTION DE LA PYRAMIDE DES SALAIRES DECLARES A LA C.N.S.S. EN SMIG (2005 - 2018),oui,couche texte
2009,annuelle,,2/3-1,classe de la source,[ 2/3 à 1 [,127499,1110817,11.477948212891953,,,0,annuaire statistique CNSS 2018 (français),cnss-annuaire-2018,27,EVOLUTION DE LA PYRAMIDE DES SALAIRES DECLARES A LA C.N.S.S. EN SMIG (2005 - 2018),oui,couche texte
2009,annuelle,,1-1.5,classe de la source,"[ 1 à 1,5 [",253187,1110817,22.79286327090781,,,0,annuaire statistique CNSS 2018 (français),cnss-annuaire-2018,27,EVOLUTION DE LA PYRAMIDE DES SALAIRES DECLARES A LA C.N.S.S. EN SMIG (2005 - 2018),oui,couche texte
2009,annuelle,,1.5-2,classe de la source,"[ 1,5 à 2 [",155920,1110817,14.036515465643756,,,0,annuaire statistique CNSS 2018 (français),cnss-annuaire-2018,27,EVOLUTION DE LA PYRAMIDE DES SALAIRES DECLARES A LA C.N.S.S. EN SMIG (2005 - 2018),oui,couche texte
2009,annuelle,,2-2.5,classe de la source,"[ 2 à 2,5 [",78177,1110817,7.037792903781631,,,0,annuaire statistique CNSS 2018 (français),cnss-annuaire-2018,27,EVOLUTION DE LA PYRAMIDE DES SALAIRES DECLARES A LA C.N.S.S. EN SMIG (2005 - 2018),oui,couche texte
2009,annuelle,,2.5-3,classe de la source,"[ 2,5 à 3 [",46946,1110817,4.226258690675421,,,0,annuaire statistique CNSS 2018 (français),cnss-annuaire-2018,27,EVOLUTION DE LA PYRAMIDE DES SALAIRES DECLARES A LA C.N.S.S. EN SMIG (2005 - 2018),oui,couche texte
2009,annuelle,,3-3.5,classe de la source,"[ 3 à 3,5 [",31505,1110817,2.8362007423364965,,,0,annuaire statistique CNSS 2018 (français),cnss-annuaire-2018,27,EVOLUTION DE LA PYRAMIDE DES SALAIRES DECLARES A LA C.N.S.S. EN SMIG (2005 - 2018),oui,couche texte
2009,annuelle,,3.5-4,classe de la source,"[ 3,5 à 4 [",22934,1110817,2.0646065013409047,,,0,annuaire statistique CNSS 2018 (français),cnss-annuaire-2018,27,EVOLUTION DE LA PYRAMIDE DES SALAIRES DECLARES A LA C.N.S.S. EN SMIG (2005 - 2018),oui,couche texte
2009,annuelle,,4-4.5,classe de la source,"[ 4 à 4,5 [",17407,1110817,1.5670447967577017,,,0,annuaire statistique CNSS 2018 (français),cnss-annuaire-2018,27,EVOLUTION DE LA PYRAMIDE DES SALAIRES DECLARES A LA C.N.S.S. EN SMIG (2005 - 2018),oui,couche texte
2009,annuelle,,4.5-5,classe de la source,"[ 4,5 à 5 [",14166,1110817,1.2752775659717128,,,0,annuaire statistique CNSS 2018 (français),cnss-annuaire-2018,27,EVOLUTION DE LA PYRAMIDE DES SALAIRES DECLARES A LA C.N.S.S. EN SMIG (2005 - 2018),oui,couche texte
2009,annuelle,,5-5.5,classe de la source,"[ 5 à 5,5 [",12117,1110817,1.090818739720404,,,0,annuaire statistique CNSS 2018 (français),cnss-annuaire-2018,27,EVOLUTION DE LA PYRAMIDE DES SALAIRES DECLARES A LA C.N.S.S. EN SMIG (2005 - 2018),oui,couche texte
2009,annuelle,,5.5-6,classe de la source,"[ 5,5 à 6 [",10892,1110817,0.9805395488185724,,,0,annuaire statistique CNSS 2018 (français),cnss-annuaire-2018,27,EVOLUTION DE LA PYRAMIDE DES SALAIRES DECLARES A LA C.N.S.S. EN SMIG (2005 - 2018),oui,couche texte
2009,annuelle,,>6,classe de la source,6 Smig et plus,65856,1110817,5.928609302882473,,,0,annuaire statistique CNSS 2018 (français),cnss-annuaire-2018,27,EVOLUTION DE LA PYRAMIDE DES SALAIRES DECLARES A LA C.N.S.S. EN SMIG (2005 - 2018),oui,couche texte
2009,annuelle,,<1,regroupement (calculé),moins de 1 SMIG (somme de 2 classe(s) de la source),401710,1110817,36.16347247116312,,,0,annuaire statistique CNSS 2018 (français),cnss-annuaire-2018,27,EVOLUTION DE LA PYRAMIDE DES SALAIRES DECLARES A LA C.N.S.S. EN SMIG (2005 - 2018),oui,couche texte
2009,annuelle,,1-1.5,regroupement (calculé),"de 1 à 1,5 SMIG (somme de 1 classe(s) de la source)",253187,1110817,22.79286327090781,,,0,annuaire statistique CNSS 2018 (français),cnss-annuaire-2018,27,EVOLUTION DE LA PYRAMIDE DES SALAIRES DECLARES A LA C.N.S.S. EN SMIG (2005 - 2018),oui,couche texte
2009,annuelle,,>1.5,regroupement (calculé),"plus de 1,5 SMIG (somme de 10 classe(s) de la source)",455920,1110817,41.04366425792907,,,0,annuaire statistique CNSS 2018 (français),cnss-annuaire-2018,27,EVOLUTION DE LA PYRAMIDE DES SALAIRES DECLARES A LA C.N.S.S. EN SMIG (2005 - 2018),oui,couche texte
2010,annuelle,,<=2/3,classe de la source,MOINS 2/3 Smig,275349,1163358,23.668466628501285,,,0,annuaire statistique CNSS 2018 (français),cnss-annuaire-2018,27,EVOLUTION DE LA PYRAMIDE DES SALAIRES DECLARES A LA C.N.S.S. EN SMIG (2005 - 2018),oui,couche texte
2010,annuelle,,2/3-1,classe de la source,[ 2/3 à 1 [,130596,1163358,11.225779166860072,,,0,annuaire statistique CNSS 2018 (français),cnss-annuaire-2018,27,EVOLUTION DE LA PYRAMIDE DES SALAIRES DECLARES A LA C.N.S.S. EN SMIG (2005 - 2018),oui,couche texte
2010,annuelle,,1-1.5,classe de la source,"[ 1 à 1,5 [",262143,1163358,22.53330445142424,,,0,annuaire statistique CNSS 2018 (français),cnss-annuaire-2018,27,EVOLUTION DE LA PYRAMIDE DES SALAIRES DECLARES A LA C.N.S.S. EN SMIG (2005 - 2018),oui,couche texte
2010,annuelle,,1.5-2,classe de la source,"[ 1,5 à 2 [",177202,1163358,15.231940640800168,,,0,annuaire statistique CNSS 2018 (français),cnss-annuaire-2018,27,EVOLUTION DE LA PYRAMIDE DES SALAIRES DECLARES A LA C.N.S.S. EN SMIG (2005 - 2018),oui,couche texte
2010,annuelle,,2-2.5,classe de la source,"[ 2 à 2,5 [",83253,1163358,7.156266600650874,,,0,annuaire statistique CNSS 2018 (français),cnss-annuaire-2018,27,EVOLUTION DE LA PYRAMIDE DES SALAIRES DECLARES A LA C.N.S.S. EN SMIG (2005 - 2018),oui,couche texte
2010,annuelle,,2.5-3,classe de la source,"[ 2,5 à 3 [",50214,1163358,4.316298164451528,,,0,annuaire statistique CNSS 2018 (français),cnss-annuaire-2018,27,EVOLUTION DE LA PYRAMIDE DES SALAIRES DECLARES A LA C.N.S.S. EN SMIG (2005 - 2018),oui,couche texte
2010,annuelle,,3-3.5,classe de la source,"[ 3 à 3,5 [",33189,1163358,2.8528621456163967,,,0,annuaire statistique CNSS 2018 (français),cnss-annuaire-2018,27,EVOLUTION DE LA PYRAMIDE DES SALAIRES DECLARES A LA C.N.S.S. EN SMIG (2005 - 2018),oui,couche texte
2010,annuelle,,3.5-4,classe de la source,"[ 3,5 à 4 [",24385,1163358,2.096087360898365,,,0,annuaire statistique CNSS 2018 (français),cnss-annuaire-2018,27,EVOLUTION DE LA PYRAMIDE DES SALAIRES DECLARES A LA C.N.S.S. EN SMIG (2005 - 2018),oui,couche texte
2010,annuelle,,4-4.5,classe de la source,"[ 4 à 4,5 [",18323,1163358,1.575009584324,,,0,annuaire statistique CNSS 2018 (français),cnss-annuaire-2018,27,EVOLUTION DE LA PYRAMIDE DES SALAIRES DECLARES A LA C.N.S.S. EN SMIG (2005 - 2018),oui,couche texte
2010,annuelle,,4.5-5,classe de la source,"[ 4,5 à 5 [",14774,1163358,1.2699444195166063,,,0,annuaire statistique CNSS 2018 (français),cnss-annuaire-2018,27,EVOLUTION DE LA PYRAMIDE DES SALAIRES DECLARES A LA C.N.S.S. EN SMIG (2005 - 2018),oui,couche texte
2010,annuelle,,5-5.5,classe de la source,"[ 5 à 5,5 [",12897,1163358,1.1086011356779255,,,0,annuaire statistique CNSS 2018 (français),cnss-annuaire-2018,27,EVOLUTION DE LA PYRAMIDE DES SALAIRES DECLARES A LA C.N.S.S. EN SMIG (2005 - 2018),oui,couche texte
2010,annuelle,,5.5-6,classe de la source,"[ 5,5 à 6 [",10643,1163358,0.91485166217106,,,0,annuaire statistique CNSS 2018 (français),cnss-annuaire-2018,27,EVOLUTION DE LA PYRAMIDE DES SALAIRES DECLARES A LA C.N.S.S. EN SMIG (2005 - 2018),oui,couche texte
2010,annuelle,,>6,classe de la source,6 Smig et plus,70390,1163358,6.05058803910748,,,0,annuaire statistique CNSS 2018 (français),cnss-annuaire-2018,27,EVOLUTION DE LA PYRAMIDE DES SALAIRES DECLARES A LA C.N.S.S. EN SMIG (2005 - 2018),oui,couche texte
2010,annuelle,,<1,regroupement (calculé),moins de 1 SMIG (somme de 2 classe(s) de la source),405945,1163358,34.89424579536136,,,0,annuaire statistique CNSS 2018 (français),cnss-annuaire-2018,27,EVOLUTION DE LA PYRAMIDE DES SALAIRES DECLARES A LA C.N.S.S. EN SMIG (2005 - 2018),oui,couche texte
2010,annuelle,,1-1.5,regroupement (calculé),"de 1 à 1,5 SMIG (somme de 1 classe(s) de la source)",262143,1163358,22.53330445142424,,,0,annuaire statistique CNSS 2018 (français),cnss-annuaire-2018,27,EVOLUTION DE LA PYRAMIDE DES SALAIRES DECLARES A LA C.N.S.S. EN SMIG (2005 - 2018),oui,couche texte
2010,annuelle,,>1.5,regroupement (calculé),"plus de 1,5 SMIG (somme de 10 classe(s) de la source)",495270,1163358,42.5724497532144,,,0,annuaire statistique CNSS 2018 (français),cnss-annuaire-2018,27,EVOLUTION DE LA PYRAMIDE DES SALAIRES DECLARES A LA C.N.S.S. EN SMIG (2005 - 2018),oui,couche texte
2011,annuelle,,<=2/3,classe de la source,MOINS 2/3 Smig,261874,1161896,22.538506028078245,,,0,annuaire statistique CNSS 2018 (français),cnss-annuaire-2018,27,EVOLUTION DE LA PYRAMIDE DES SALAIRES DECLARES A LA C.N.S.S. EN SMIG (2005 - 2018),oui,couche texte
2011,annuelle,,2/3-1,classe de la source,[ 2/3 à 1 [,121203,1161896,10.43148440135778,,,0,annuaire statistique CNSS 2018 (français),cnss-annuaire-2018,27,EVOLUTION DE LA PYRAMIDE DES SALAIRES DECLARES A LA C.N.S.S. EN SMIG (2005 - 2018),oui,couche texte
2011,annuelle,,1-1.5,classe de la source,"[ 1 à 1,5 [",247067,1161896,21.264123467160573,,,0,annuaire statistique CNSS 2018 (français),cnss-annuaire-2018,27,EVOLUTION DE LA PYRAMIDE DES SALAIRES DECLARES A LA C.N.S.S. EN SMIG (2005 - 2018),oui,couche texte
2011,annuelle,,1.5-2,classe de la source,"[ 1,5 à 2 [",185848,1161896,15.995235373906098,,,0,annuaire statistique CNSS 2018 (français),cnss-annuaire-2018,27,EVOLUTION DE LA PYRAMIDE DES SALAIRES DECLARES A LA C.N.S.S. EN SMIG (2005 - 2018),oui,couche texte
2011,annuelle,,2-2.5,classe de la source,"[ 2 à 2,5 [",91443,1161896,7.870153610994444,,,0,annuaire statistique CNSS 2018 (français),cnss-annuaire-2018,27,EVOLUTION DE LA PYRAMIDE DES SALAIRES DECLARES A LA C.N.S.S. EN SMIG (2005 - 2018),oui,couche texte
2011,annuelle,,2.5-3,classe de la source,"[ 2,5 à 3 [",55551,1161896,4.781064742455435,,,0,annuaire statistique CNSS 2018 (français),cnss-annuaire-2018,27,EVOLUTION DE LA PYRAMIDE DES SALAIRES DECLARES A LA C.N.S.S. EN SMIG (2005 - 2018),oui,couche texte
2011,annuelle,,3-3.5,classe de la source,"[ 3 à 3,5 [",36989,1161896,3.183503514944539,,,0,annuaire statistique CNSS 2018 (français),cnss-annuaire-2018,27,EVOLUTION DE LA PYRAMIDE DES SALAIRES DECLARES A LA C.N.S.S. EN SMIG (2005 - 2018),oui,couche texte
2011,annuelle,,3.5-4,classe de la source,"[ 3,5 à 4 [",26925,1161896,2.3173330487410237,,,0,annuaire statistique CNSS 2018 (français),cnss-annuaire-2018,27,EVOLUTION DE LA PYRAMIDE DES SALAIRES DECLARES A LA C.N.S.S. EN SMIG (2005 - 2018),oui,couche texte
2011,annuelle,,4-4.5,classe de la source,"[ 4 à 4,5 [",19816,1161896,1.7054882708951575,,,0,annuaire statistique CNSS 2018 (français),cnss-annuaire-2018,27,EVOLUTION DE LA PYRAMIDE DES SALAIRES DECLARES A LA C.N.S.S. EN SMIG (2005 - 2018),oui,couche texte
2011,annuelle,,4.5-5,classe de la source,"[ 4,5 à 5 [",16091,1161896,1.3848915909857682,,,0,annuaire statistique CNSS 2018 (français),cnss-annuaire-2018,27,EVOLUTION DE LA PYRAMIDE DES SALAIRES DECLARES A LA C.N.S.S. EN SMIG (2005 - 2018),oui,couche texte
2011,annuelle,,5-5.5,classe de la source,"[ 5 à 5,5 [",13253,1161896,1.1406356506950708,,,0,annuaire statistique CNSS 2018 (français),cnss-annuaire-2018,27,EVOLUTION DE LA PYRAMIDE DES SALAIRES DECLARES A LA C.N.S.S. EN SMIG (2005 - 2018),oui,couche texte
2011,annuelle,,5.5-6,classe de la source,"[ 5,5 à 6 [",11177,1161896,0.9619621721737572,,,0,annuaire statistique CNSS 2018 (français),cnss-annuaire-2018,27,EVOLUTION DE LA PYRAMIDE DES SALAIRES DECLARES A LA C.N.S.S. EN SMIG (2005 - 2018),oui,couche texte
2011,annuelle,,>6,classe de la source,6 Smig et plus,74659,1161896,6.42561812761211,,,0,annuaire statistique CNSS 2018 (français),cnss-annuaire-2018,27,EVOLUTION DE LA PYRAMIDE DES SALAIRES DECLARES A LA C.N.S.S. EN SMIG (2005 - 2018),oui,couche texte
2011,annuelle,,<1,regroupement (calculé),moins de 1 SMIG (somme de 2 classe(s) de la source),383077,1161896,32.969990429436024,,,0,annuaire statistique CNSS 2018 (français),cnss-annuaire-2018,27,EVOLUTION DE LA PYRAMIDE DES SALAIRES DECLARES A LA C.N.S.S. EN SMIG (2005 - 2018),oui,couche texte
2011,annuelle,,1-1.5,regroupement (calculé),"de 1 à 1,5 SMIG (somme de 1 classe(s) de la source)",247067,1161896,21.264123467160573,,,0,annuaire statistique CNSS 2018 (français),cnss-annuaire-2018,27,EVOLUTION DE LA PYRAMIDE DES SALAIRES DECLARES A LA C.N.S.S. EN SMIG (2005 - 2018),oui,couche texte
2011,annuelle,,>1.5,regroupement (calculé),"plus de 1,5 SMIG (somme de 10 classe(s) de la source)",531752,1161896,45.7658861034034,,,0,annuaire statistique CNSS 2018 (français),cnss-annuaire-2018,27,EVOLUTION DE LA PYRAMIDE DES SALAIRES DECLARES A LA C.N.S.S. EN SMIG (2005 - 2018),oui,couche texte
2012,annuelle,,<=2/3,classe de la source,MOINS 2/3 Smig,240123,1149956,20.881059797070492,,,0,annuaire statistique CNSS 2018 (français),cnss-annuaire-2018,27,EVOLUTION DE LA PYRAMIDE DES SALAIRES DECLARES A LA C.N.S.S. EN SMIG (2005 - 2018),oui,couche texte
2012,annuelle,,2/3-1,classe de la source,[ 2/3 à 1 [,107156,1149956,9.318269568574795,,,0,annuaire statistique CNSS 2018 (français),cnss-annuaire-2018,27,EVOLUTION DE LA PYRAMIDE DES SALAIRES DECLARES A LA C.N.S.S. EN SMIG (2005 - 2018),oui,couche texte
2012,annuelle,,1-1.5,classe de la source,"[ 1 à 1,5 [",246257,1149956,21.414471510214305,,,0,annuaire statistique CNSS 2018 (français),cnss-annuaire-2018,27,EVOLUTION DE LA PYRAMIDE DES SALAIRES DECLARES A LA C.N.S.S. EN SMIG (2005 - 2018),oui,couche texte
2012,annuelle,,1.5-2,classe de la source,"[ 1,5 à 2 [",180425,1149956,15.68973073752387,,,0,annuaire statistique CNSS 2018 (français),cnss-annuaire-2018,27,EVOLUTION DE LA PYRAMIDE DES SALAIRES DECLARES A LA C.N.S.S. EN SMIG (2005 - 2018),oui,couche texte
2012,annuelle,,2-2.5,classe de la source,"[ 2 à 2,5 [",97938,1149956,8.516673681427811,,,0,annuaire statistique CNSS 2018 (français),cnss-annuaire-2018,27,EVOLUTION DE LA PYRAMIDE DES SALAIRES DECLARES A LA C.N.S.S. EN SMIG (2005 - 2018),oui,couche texte
2012,annuelle,,2.5-3,classe de la source,"[ 2,5 à 3 [",60163,1149956,5.23176538928446,,,0,annuaire statistique CNSS 2018 (français),cnss-annuaire-2018,27,EVOLUTION DE LA PYRAMIDE DES SALAIRES DECLARES A LA C.N.S.S. EN SMIG (2005 - 2018),oui,couche texte
2012,annuelle,,3-3.5,classe de la source,"[ 3 à 3,5 [",39981,1149956,3.476741718813589,,,0,annuaire statistique CNSS 2018 (français),cnss-annuaire-2018,27,EVOLUTION DE LA PYRAMIDE DES SALAIRES DECLARES A LA C.N.S.S. EN SMIG (2005 - 2018),oui,couche texte
2012,annuelle,,3.5-4,classe de la source,"[ 3,5 à 4 [",29880,1149956,2.5983602850891687,,,0,annuaire statistique CNSS 2018 (français),cnss-annuaire-2018,27,EVOLUTION DE LA PYRAMIDE DES SALAIRES DECLARES A LA C.N.S.S. EN SMIG (2005 - 2018),oui,couche texte
2012,annuelle,,4-4.5,classe de la source,"[ 4 à 4,5 [",22257,1149956,1.935465356935396,,,0,annuaire statistique CNSS 2018 (français),cnss-annuaire-2018,27,EVOLUTION DE LA PYRAMIDE DES SALAIRES DECLARES A LA C.N.S.S. EN SMIG (2005 - 2018),oui,couche texte
2012,annuelle,,4.5-5,classe de la source,"[ 4,5 à 5 [",17673,1149956,1.5368414095843668,,,0,annuaire statistique CNSS 2018 (français),cnss-annuaire-2018,27,EVOLUTION DE LA PYRAMIDE DES SALAIRES DECLARES A LA C.N.S.S. EN SMIG (2005 - 2018),oui,couche texte
2012,annuelle,,5-5.5,classe de la source,"[ 5 à 5,5 [",14128,1149956,1.2285687452389482,,,0,annuaire statistique CNSS 2018 (français),cnss-annuaire-2018,27,EVOLUTION DE LA PYRAMIDE DES SALAIRES DECLARES A LA C.N.S.S. EN SMIG (2005 - 2018),oui,couche texte
2012,annuelle,,5.5-6,classe de la source,"[ 5,5 à 6 [",11524,1149956,1.002125298707081,,,0,annuaire statistique CNSS 2018 (français),cnss-annuaire-2018,27,EVOLUTION DE LA PYRAMIDE DES SALAIRES DECLARES A LA C.N.S.S. EN SMIG (2005 - 2018),oui,couche texte
2012,annuelle,,>6,classe de la source,6 Smig et plus,82451,1149956,7.169926501535711,,,0,annuaire statistique CNSS 2018 (français),cnss-annuaire-2018,27,EVOLUTION DE LA PYRAMIDE DES SALAIRES DECLARES A LA C.N.S.S. EN SMIG (2005 - 2018),oui,couche texte
2012,annuelle,,<1,regroupement (calculé),moins de 1 SMIG (somme de 2 classe(s) de la source),347279,1149956,30.19932936564529,,,0,annuaire statistique CNSS 2018 (français),cnss-annuaire-2018,27,EVOLUTION DE LA PYRAMIDE DES SALAIRES DECLARES A LA C.N.S.S. EN SMIG (2005 - 2018),oui,couche texte
2012,annuelle,,1-1.5,regroupement (calculé),"de 1 à 1,5 SMIG (somme de 1 classe(s) de la source)",246257,1149956,21.414471510214305,,,0,annuaire statistique CNSS 2018 (français),cnss-annuaire-2018,27,EVOLUTION DE LA PYRAMIDE DES SALAIRES DECLARES A LA C.N.S.S. EN SMIG (2005 - 2018),oui,couche texte
2012,annuelle,,>1.5,regroupement (calculé),"plus de 1,5 SMIG (somme de 10 classe(s) de la source)",556420,1149956,48.3861991241404,,,0,annuaire statistique CNSS 2018 (français),cnss-annuaire-2018,27,EVOLUTION DE LA PYRAMIDE DES SALAIRES DECLARES A LA C.N.S.S. EN SMIG (2005 - 2018),oui,couche texte
2013,annuelle,,<=2/3,classe de la source,MOINS 2/3 Smig,220996,1158655,19.07349469859449,,,0,annuaire statistique CNSS 2018 (français),cnss-annuaire-2018,27,EVOLUTION DE LA PYRAMIDE DES SALAIRES DECLARES A LA C.N.S.S. EN SMIG (2005 - 2018),oui,couche texte
2013,annuelle,,2/3-1,classe de la source,[ 2/3 à 1 [,101391,1158655,8.75074979178444,,,0,annuaire statistique CNSS 2018 (français),cnss-annuaire-2018,27,EVOLUTION DE LA PYRAMIDE DES SALAIRES DECLARES A LA C.N.S.S. EN SMIG (2005 - 2018),oui,couche texte
2013,annuelle,,1-1.5,classe de la source,"[ 1 à 1,5 [",210197,1158655,18.141465751237423,,,0,annuaire statistique CNSS 2018 (français),cnss-annuaire-2018,27,EVOLUTION DE LA PYRAMIDE DES SALAIRES DECLARES A LA C.N.S.S. EN SMIG (2005 - 2018),oui,couche texte
2013,annuelle,,1.5-2,classe de la source,"[ 1,5 à 2 [",195882,1158655,16.905981504416758,,,0,annuaire statistique CNSS 2018 (français),cnss-annuaire-2018,27,EVOLUTION DE LA PYRAMIDE DES SALAIRES DECLARES A LA C.N.S.S. EN SMIG (2005 - 2018),oui,couche texte
2013,annuelle,,2-2.5,classe de la source,"[ 2 à 2,5 [",113066,1158655,9.758383643103429,,,0,annuaire statistique CNSS 2018 (français),cnss-annuaire-2018,27,EVOLUTION DE LA PYRAMIDE DES SALAIRES DECLARES A LA C.N.S.S. EN SMIG (2005 - 2018),oui,couche texte
2013,annuelle,,2.5-3,classe de la source,"[ 2,5 à 3 [",69293,1158655,5.98046873314317,,,0,annuaire statistique CNSS 2018 (français),cnss-annuaire-2018,27,EVOLUTION DE LA PYRAMIDE DES SALAIRES DECLARES A LA C.N.S.S. EN SMIG (2005 - 2018),oui,couche texte
2013,annuelle,,3-3.5,classe de la source,"[ 3 à 3,5 [",46789,1158655,4.038216725427327,,,0,annuaire statistique CNSS 2018 (français),cnss-annuaire-2018,27,EVOLUTION DE LA PYRAMIDE DES SALAIRES DECLARES A LA C.N.S.S. EN SMIG (2005 - 2018),oui,couche texte
2013,annuelle,,3.5-4,classe de la source,"[ 3,5 à 4 [",33185,1158655,2.8640967328497267,,,0,annuaire statistique CNSS 2018 (français),cnss-annuaire-2018,27,EVOLUTION DE LA PYRAMIDE DES SALAIRES DECLARES A LA C.N.S.S. EN SMIG (2005 - 2018),oui,couche texte
2013,annuelle,,4-4.5,classe de la source,"[ 4 à 4,5 [",25718,1158655,2.219642602845541,,,0,annuaire statistique CNSS 2018 (français),cnss-annuaire-2018,27,EVOLUTION DE LA PYRAMIDE DES SALAIRES DECLARES A LA C.N.S.S. EN SMIG (2005 - 2018),oui,couche texte
2013,annuelle,,4.5-5,classe de la source,"[ 4,5 à 5 [",19715,1158655,1.701541873983196,,,0,annuaire statistique CNSS 2018 (français),cnss-annuaire-2018,27,EVOLUTION DE LA PYRAMIDE DES SALAIRES DECLARES A LA C.N.S.S. EN SMIG (2005 - 2018),oui,couche texte
2013,annuelle,,5-5.5,classe de la source,"[ 5 à 5,5 [",16266,1158655,1.403869141375129,,,0,annuaire statistique CNSS 2018 (français),cnss-annuaire-2018,27,EVOLUTION DE LA PYRAMIDE DES SALAIRES DECLARES A LA C.N.S.S. EN SMIG (2005 - 2018),oui,couche texte
2013,annuelle,,5.5-6,classe de la source,"[ 5,5 à 6 [",13121,1158655,1.1324337270369522,,,0,annuaire statistique CNSS 2018 (français),cnss-annuaire-2018,27,EVOLUTION DE LA PYRAMIDE DES SALAIRES DECLARES A LA C.N.S.S. EN SMIG (2005 - 2018),oui,couche texte
2013,annuelle,,>6,classe de la source,6 Smig et plus,93036,1158655,8.029655074202415,,,0,annuaire statistique CNSS 2018 (français),cnss-annuaire-2018,27,EVOLUTION DE LA PYRAMIDE DES SALAIRES DECLARES A LA C.N.S.S. EN SMIG (2005 - 2018),oui,couche texte
2013,annuelle,,<1,regroupement (calculé),moins de 1 SMIG (somme de 2 classe(s) de la source),322387,1158655,27.82424449037893,,,0,annuaire statistique CNSS 2018 (français),cnss-annuaire-2018,27,EVOLUTION DE LA PYRAMIDE DES SALAIRES DECLARES A LA C.N.S.S. EN SMIG (2005 - 2018),oui,couche texte
2013,annuelle,,1-1.5,regroupement (calculé),"de 1 à 1,5 SMIG (somme de 1 classe(s) de la source)",210197,1158655,18.141465751237423,,,0,annuaire statistique CNSS 2018 (français),cnss-annuaire-2018,27,EVOLUTION DE LA PYRAMIDE DES SALAIRES DECLARES A LA C.N.S.S. EN SMIG (2005 - 2018),oui,couche texte
2013,annuelle,,>1.5,regroupement (calculé),"plus de 1,5 SMIG (somme de 10 classe(s) de la source)",626071,1158655,54.03428975838364,,,0,annuaire statistique CNSS 2018 (français),cnss-annuaire-2018,27,EVOLUTION DE LA PYRAMIDE DES SALAIRES DECLARES A LA C.N.S.S. EN SMIG (2005 - 2018),oui,couche texte
2014,annuelle,,<=2/3,classe de la source,MOINS 2/3 Smig,217313,1172664,18.53156573408922,,,0,annuaire statistique CNSS 2018 (français),cnss-annuaire-2018,27,EVOLUTION DE LA PYRAMIDE DES SALAIRES DECLARES A LA C.N.S.S. EN SMIG (2005 - 2018),oui,couche texte
2014,annuelle,,2/3-1,classe de la source,[ 2/3 à 1 [,102765,1172664,8.763379791653875,,,0,annuaire statistique CNSS 2018 (français),cnss-annuaire-2018,27,EVOLUTION DE LA PYRAMIDE DES SALAIRES DECLARES A LA C.N.S.S. EN SMIG (2005 - 2018),oui,couche texte
2014,annuelle,,1-1.5,classe de la source,"[ 1 à 1,5 [",228105,1172664,19.4518634493768,,,0,annuaire statistique CNSS 2018 (français),cnss-annuaire-2018,27,EVOLUTION DE LA PYRAMIDE DES SALAIRES DECLARES A LA C.N.S.S. EN SMIG (2005 - 2018),oui,couche texte
2014,annuelle,,1.5-2,classe de la source,"[ 1,5 à 2 [",193361,1172664,16.489036927883863,,,0,annuaire statistique CNSS 2018 (français),cnss-annuaire-2018,27,EVOLUTION DE LA PYRAMIDE DES SALAIRES DECLARES A LA C.N.S.S. EN SMIG (2005 - 2018),oui,couche texte
2014,annuelle,,2-2.5,classe de la source,"[ 2 à 2,5 [",110718,1172664,9.441579173574016,,,0,annuaire statistique CNSS 2018 (français),cnss-annuaire-2018,27,EVOLUTION DE LA PYRAMIDE DES SALAIRES DECLARES A LA C.N.S.S. EN SMIG (2005 - 2018),oui,couche texte
2014,annuelle,,2.5-3,classe de la source,"[ 2,5 à 3 [",68208,1172664,5.816499866969567,,,0,annuaire statistique CNSS 2018 (français),cnss-annuaire-2018,27,EVOLUTION DE LA PYRAMIDE DES SALAIRES DECLARES A LA C.N.S.S. EN SMIG (2005 - 2018),oui,couche texte
2014,annuelle,,3-3.5,classe de la source,"[ 3 à 3,5 [",47549,1172664,4.054784661249941,,,0,annuaire statistique CNSS 2018 (français),cnss-annuaire-2018,27,EVOLUTION DE LA PYRAMIDE DES SALAIRES DECLARES A LA C.N.S.S. EN SMIG (2005 - 2018),oui,couche texte
2014,annuelle,,3.5-4,classe de la source,"[ 3,5 à 4 [",35442,1172664,3.022349112789341,,,0,annuaire statistique CNSS 2018 (français),cnss-annuaire-2018,27,EVOLUTION DE LA PYRAMIDE DES SALAIRES DECLARES A LA C.N.S.S. EN SMIG (2005 - 2018),oui,couche texte
2014,annuelle,,4-4.5,classe de la source,"[ 4 à 4,5 [",27283,1172664,2.3265828916040743,,,0,annuaire statistique CNSS 2018 (français),cnss-annuaire-2018,27,EVOLUTION DE LA PYRAMIDE DES SALAIRES DECLARES A LA C.N.S.S. EN SMIG (2005 - 2018),oui,couche texte
2014,annuelle,,4.5-5,classe de la source,"[ 4,5 à 5 [",20666,1172664,1.7623121371509656,,,0,annuaire statistique CNSS 2018 (français),cnss-annuaire-2018,27,EVOLUTION DE LA PYRAMIDE DES SALAIRES DECLARES A LA C.N.S.S. EN SMIG (2005 - 2018),oui,couche texte
2014,annuelle,,5-5.5,classe de la source,"[ 5 à 5,5 [",16289,1172664,1.3890594407264143,,,0,annuaire statistique CNSS 2018 (français),cnss-annuaire-2018,27,EVOLUTION DE LA PYRAMIDE DES SALAIRES DECLARES A LA C.N.S.S. EN SMIG (2005 - 2018),oui,couche texte
2014,annuelle,,5.5-6,classe de la source,"[ 5,5 à 6 [",13530,1172664,1.1537831808599903,,,0,annuaire statistique CNSS 2018 (français),cnss-annuaire-2018,27,EVOLUTION DE LA PYRAMIDE DES SALAIRES DECLARES A LA C.N.S.S. EN SMIG (2005 - 2018),oui,couche texte
2014,annuelle,,>6,classe de la source,6 Smig et plus,91435,1172664,7.797203632071932,,,0,annuaire statistique CNSS 2018 (français),cnss-annuaire-2018,27,EVOLUTION DE LA PYRAMIDE DES SALAIRES DECLARES A LA C.N.S.S. EN SMIG (2005 - 2018),oui,couche texte
2014,annuelle,,<1,regroupement (calculé),moins de 1 SMIG (somme de 2 classe(s) de la source),320078,1172664,27.294945525743096,,,0,annuaire statistique CNSS 2018 (français),cnss-annuaire-2018,27,EVOLUTION DE LA PYRAMIDE DES SALAIRES DECLARES A LA C.N.S.S. EN SMIG (2005 - 2018),oui,couche texte
2014,annuelle,,1-1.5,regroupement (calculé),"de 1 à 1,5 SMIG (somme de 1 classe(s) de la source)",228105,1172664,19.4518634493768,,,0,annuaire statistique CNSS 2018 (français),cnss-annuaire-2018,27,EVOLUTION DE LA PYRAMIDE DES SALAIRES DECLARES A LA C.N.S.S. EN SMIG (2005 - 2018),oui,couche texte
2014,annuelle,,>1.5,regroupement (calculé),"plus de 1,5 SMIG (somme de 10 classe(s) de la source)",624481,1172664,53.2531910248801,,,0,annuaire statistique CNSS 2018 (français),cnss-annuaire-2018,27,EVOLUTION DE LA PYRAMIDE DES SALAIRES DECLARES A LA C.N.S.S. EN SMIG (2005 - 2018),oui,couche texte
2015,annuelle,,<=2/3,classe de la source,MOINS 2/3 Smig,211582,1177375,17.97065505892345,,,0,annuaire statistique CNSS 2018 (français),cnss-annuaire-2018,27,EVOLUTION DE LA PYRAMIDE DES SALAIRES DECLARES A LA C.N.S.S. EN SMIG (2005 - 2018),oui,couche texte
2015,annuelle,,2/3-1,classe de la source,[ 2/3 à 1 [,99959,1177375,8.489988321477863,,,0,annuaire statistique CNSS 2018 (français),cnss-annuaire-2018,27,EVOLUTION DE LA PYRAMIDE DES SALAIRES DECLARES A LA C.N.S.S. EN SMIG (2005 - 2018),oui,couche texte
2015,annuelle,,1-1.5,classe de la source,"[ 1 à 1,5 [",233172,1177375,19.804395371058497,,,0,annuaire statistique CNSS 2018 (français),cnss-annuaire-2018,27,EVOLUTION DE LA PYRAMIDE DES SALAIRES DECLARES A LA C.N.S.S. EN SMIG (2005 - 2018),oui,couche texte
2015,annuelle,,1.5-2,classe de la source,"[ 1,5 à 2 [",192021,1177375,16.309247266164135,,,0,annuaire statistique CNSS 2018 (français),cnss-annuaire-2018,27,EVOLUTION DE LA PYRAMIDE DES SALAIRES DECLARES A LA C.N.S.S. EN SMIG (2005 - 2018),oui,couche texte
2015,annuelle,,2-2.5,classe de la source,"[ 2 à 2,5 [",112795,1177375,9.58021021339845,,,0,annuaire statistique CNSS 2018 (français),cnss-annuaire-2018,27,EVOLUTION DE LA PYRAMIDE DES SALAIRES DECLARES A LA C.N.S.S. EN SMIG (2005 - 2018),oui,couche texte
2015,annuelle,,2.5-3,classe de la source,"[ 2,5 à 3 [",69739,1177375,5.923261492727466,,,0,annuaire statistique CNSS 2018 (français),cnss-annuaire-2018,27,EVOLUTION DE LA PYRAMIDE DES SALAIRES DECLARES A LA C.N.S.S. EN SMIG (2005 - 2018),oui,couche texte
2015,annuelle,,3-3.5,classe de la source,"[ 3 à 3,5 [",47812,1177375,4.060898184520649,,,0,annuaire statistique CNSS 2018 (français),cnss-annuaire-2018,27,EVOLUTION DE LA PYRAMIDE DES SALAIRES DECLARES A LA C.N.S.S. EN SMIG (2005 - 2018),oui,couche texte
2015,annuelle,,3.5-4,classe de la source,"[ 3,5 à 4 [",35091,1177375,2.980443783841172,,,0,annuaire statistique CNSS 2018 (français),cnss-annuaire-2018,27,EVOLUTION DE LA PYRAMIDE DES SALAIRES DECLARES A LA C.N.S.S. EN SMIG (2005 - 2018),oui,couche texte
2015,annuelle,,4-4.5,classe de la source,"[ 4 à 4,5 [",28061,1177375,2.3833527975368933,,,0,annuaire statistique CNSS 2018 (français),cnss-annuaire-2018,27,EVOLUTION DE LA PYRAMIDE DES SALAIRES DECLARES A LA C.N.S.S. EN SMIG (2005 - 2018),oui,couche texte
2015,annuelle,,4.5-5,classe de la source,"[ 4,5 à 5 [",21949,1177375,1.8642318717485933,,,0,annuaire statistique CNSS 2018 (français),cnss-annuaire-2018,27,EVOLUTION DE LA PYRAMIDE DES SALAIRES DECLARES A LA C.N.S.S. EN SMIG (2005 - 2018),oui,couche texte
2015,annuelle,,5-5.5,classe de la source,"[ 5 à 5,5 [",16720,1177375,1.4201082917507166,,,0,annuaire statistique CNSS 2018 (français),cnss-annuaire-2018,27,EVOLUTION DE LA PYRAMIDE DES SALAIRES DECLARES A LA C.N.S.S. EN SMIG (2005 - 2018),oui,couche texte
2015,annuelle,,5.5-6,classe de la source,"[ 5,5 à 6 [",14316,1177375,1.2159252574583288,,,0,annuaire statistique CNSS 2018 (français),cnss-annuaire-2018,27,EVOLUTION DE LA PYRAMIDE DES SALAIRES DECLARES A LA C.N.S.S. EN SMIG (2005 - 2018),oui,couche texte
2015,annuelle,,>6,classe de la source,6 Smig et plus,94158,1177375,7.997282089393779,,,0,annuaire statistique CNSS 2018 (français),cnss-annuaire-2018,27,EVOLUTION DE LA PYRAMIDE DES SALAIRES DECLARES A LA C.N.S.S. EN SMIG (2005 - 2018),oui,couche texte
2015,annuelle,,<1,regroupement (calculé),moins de 1 SMIG (somme de 2 classe(s) de la source),311541,1177375,26.460643380401315,,,0,annuaire statistique CNSS 2018 (français),cnss-annuaire-2018,27,EVOLUTION DE LA PYRAMIDE DES SALAIRES DECLARES A LA C.N.S.S. EN SMIG (2005 - 2018),oui,couche texte
2015,annuelle,,1-1.5,regroupement (calculé),"de 1 à 1,5 SMIG (somme de 1 classe(s) de la source)",233172,1177375,19.804395371058497,,,0,annuaire statistique CNSS 2018 (français),cnss-annuaire-2018,27,EVOLUTION DE LA PYRAMIDE DES SALAIRES DECLARES A LA C.N.S.S. EN SMIG (2005 - 2018),oui,couche texte
2015,annuelle,,>1.5,regroupement (calculé),"plus de 1,5 SMIG (somme de 10 classe(s) de la source)",632662,1177375,53.73496124854019,,,0,annuaire statistique CNSS 2018 (français),cnss-annuaire-2018,27,EVOLUTION DE LA PYRAMIDE DES SALAIRES DECLARES A LA C.N.S.S. EN SMIG (2005 - 2018),oui,couche texte
2016,annuelle,,<=2/3,classe de la source,MOINS 2/3 Smig,207636,1181327,17.576505065913164,,,0,annuaire statistique CNSS 2018 (français),cnss-annuaire-2018,27,EVOLUTION DE LA PYRAMIDE DES SALAIRES DECLARES A LA C.N.S.S. EN SMIG (2005 - 2018),oui,couche texte
2016,annuelle,,2/3-1,classe de la source,[ 2/3 à 1 [,98769,1181327,8.360851821722521,,,0,annuaire statistique CNSS 2018 (français),cnss-annuaire-2018,27,EVOLUTION DE LA PYRAMIDE DES SALAIRES DECLARES A LA C.N.S.S. EN SMIG (2005 - 2018),oui,couche texte
2016,annuelle,,1-1.5,classe de la source,"[ 1 à 1,5 [",188982,1181327,15.99743339481786,,,0,annuaire statistique CNSS 2018 (français),cnss-annuaire-2018,27,EVOLUTION DE LA PYRAMIDE DES SALAIRES DECLARES A LA C.N.S.S. EN SMIG (2005 - 2018),oui,couche texte
2016,annuelle,,1.5-2,classe de la source,"[ 1,5 à 2 [",193969,1181327,16.419585770916942,,,0,annuaire statistique CNSS 2018 (français),cnss-annuaire-2018,27,EVOLUTION DE LA PYRAMIDE DES SALAIRES DECLARES A LA C.N.S.S. EN SMIG (2005 - 2018),oui,couche texte
2016,annuelle,,2-2.5,classe de la source,"[ 2 à 2,5 [",127591,1181327,10.800650454954472,,,0,annuaire statistique CNSS 2018 (français),cnss-annuaire-2018,27,EVOLUTION DE LA PYRAMIDE DES SALAIRES DECLARES A LA C.N.S.S. EN SMIG (2005 - 2018),oui,couche texte
2016,annuelle,,2.5-3,classe de la source,"[ 2,5 à 3 [",78439,1181327,6.639905800849384,,,0,annuaire statistique CNSS 2018 (français),cnss-annuaire-2018,27,EVOLUTION DE LA PYRAMIDE DES SALAIRES DECLARES A LA C.N.S.S. EN SMIG (2005 - 2018),oui,couche texte
2016,annuelle,,3-3.5,classe de la source,"[ 3 à 3,5 [",52367,1181327,4.432896226023785,,,0,annuaire statistique CNSS 2018 (français),cnss-annuaire-2018,27,EVOLUTION DE LA PYRAMIDE DES SALAIRES DECLARES A LA C.N.S.S. EN SMIG (2005 - 2018),oui,couche texte
2016,annuelle,,3.5-4,classe de la source,"[ 3,5 à 4 [",38150,1181327,3.2294191193462947,,,0,annuaire statistique CNSS 2018 (français),cnss-annuaire-2018,27,EVOLUTION DE LA PYRAMIDE DES SALAIRES DECLARES A LA C.N.S.S. EN SMIG (2005 - 2018),oui,couche texte
2016,annuelle,,4-4.5,classe de la source,"[ 4 à 4,5 [",29762,1181327,2.519370165923576,,,0,annuaire statistique CNSS 2018 (français),cnss-annuaire-2018,27,EVOLUTION DE LA PYRAMIDE DES SALAIRES DECLARES A LA C.N.S.S. EN SMIG (2005 - 2018),oui,couche texte
2016,annuelle,,4.5-5,classe de la source,"[ 4,5 à 5 [",23126,1181327,1.9576290053473764,,,0,annuaire statistique CNSS 2018 (français),cnss-annuaire-2018,27,EVOLUTION DE LA PYRAMIDE DES SALAIRES DECLARES A LA C.N.S.S. EN SMIG (2005 - 2018),oui,couche texte
2016,annuelle,,5-5.5,classe de la source,"[ 5 à 5,5 [",19435,1181327,1.645183763682706,,,0,annuaire statistique CNSS 2018 (français),cnss-annuaire-2018,27,EVOLUTION DE LA PYRAMIDE DES SALAIRES DECLARES A LA C.N.S.S. EN SMIG (2005 - 2018),oui,couche texte
2016,annuelle,,5.5-6,classe de la source,"[ 5,5 à 6 [",15738,1181327,1.3322306186178765,,,0,annuaire statistique CNSS 2018 (français),cnss-annuaire-2018,27,EVOLUTION DE LA PYRAMIDE DES SALAIRES DECLARES A LA C.N.S.S. EN SMIG (2005 - 2018),oui,couche texte
2016,annuelle,,>6,classe de la source,6 Smig et plus,107363,1181327,9.088338791884045,,,0,annuaire statistique CNSS 2018 (français),cnss-annuaire-2018,27,EVOLUTION DE LA PYRAMIDE DES SALAIRES DECLARES A LA C.N.S.S. EN SMIG (2005 - 2018),oui,couche texte
2016,annuelle,,<1,regroupement (calculé),moins de 1 SMIG (somme de 2 classe(s) de la source),306405,1181327,25.937356887635683,,,0,annuaire statistique CNSS 2018 (français),cnss-annuaire-2018,27,EVOLUTION DE LA PYRAMIDE DES SALAIRES DECLARES A LA C.N.S.S. EN SMIG (2005 - 2018),oui,couche texte
2016,annuelle,,1-1.5,regroupement (calculé),"de 1 à 1,5 SMIG (somme de 1 classe(s) de la source)",188982,1181327,15.99743339481786,,,0,annuaire statistique CNSS 2018 (français),cnss-annuaire-2018,27,EVOLUTION DE LA PYRAMIDE DES SALAIRES DECLARES A LA C.N.S.S. EN SMIG (2005 - 2018),oui,couche texte
2016,annuelle,,>1.5,regroupement (calculé),"plus de 1,5 SMIG (somme de 10 classe(s) de la source)",685940,1181327,58.06520971754645,,,0,annuaire statistique CNSS 2018 (français),cnss-annuaire-2018,27,EVOLUTION DE LA PYRAMIDE DES SALAIRES DECLARES A LA C.N.S.S. EN SMIG (2005 - 2018),oui,couche texte
2017,annuelle,,<=2/3,classe de la source,MOINS 2/3 Smig,205011,1228941,16.681923705043612,,,0,annuaire statistique CNSS 2018 (français),cnss-annuaire-2018,27,EVOLUTION DE LA PYRAMIDE DES SALAIRES DECLARES A LA C.N.S.S. EN SMIG (2005 - 2018),oui,couche texte
2017,annuelle,,2/3-1,classe de la source,[ 2/3 à 1 [,94968,1228941,7.727628909768654,,,0,annuaire statistique CNSS 2018 (français),cnss-annuaire-2018,27,EVOLUTION DE LA PYRAMIDE DES SALAIRES DECLARES A LA C.N.S.S. EN SMIG (2005 - 2018),oui,couche texte
2017,annuelle,,1-1.5,classe de la source,"[ 1 à 1,5 [",214928,1228941,17.4888786361591,,,0,annuaire statistique CNSS 2018 (français),cnss-annuaire-2018,27,EVOLUTION DE LA PYRAMIDE DES SALAIRES DECLARES A LA C.N.S.S. EN SMIG (2005 - 2018),oui,couche texte
2017,annuelle,,1.5-2,classe de la source,"[ 1,5 à 2 [",198199,1228941,16.127625329450314,,,0,annuaire statistique CNSS 2018 (français),cnss-annuaire-2018,27,EVOLUTION DE LA PYRAMIDE DES SALAIRES DECLARES A LA C.N.S.S. EN SMIG (2005 - 2018),oui,couche texte
2017,annuelle,,2-2.5,classe de la source,"[ 2 à 2,5 [",132078,1228941,10.74730194533342,,,0,annuaire statistique CNSS 2018 (français),cnss-annuaire-2018,27,EVOLUTION DE LA PYRAMIDE DES SALAIRES DECLARES A LA C.N.S.S. EN SMIG (2005 - 2018),oui,couche texte
2017,annuelle,,2.5-3,classe de la source,"[ 2,5 à 3 [",84194,1228941,6.8509391419116135,,,0,annuaire statistique CNSS 2018 (français),cnss-annuaire-2018,27,EVOLUTION DE LA PYRAMIDE DES SALAIRES DECLARES A LA C.N.S.S. EN SMIG (2005 - 2018),oui,couche texte
2017,annuelle,,3-3.5,classe de la source,"[ 3 à 3,5 [",55603,1228941,4.524464559323841,,,0,annuaire statistique CNSS 2018 (français),cnss-annuaire-2018,27,EVOLUTION DE LA PYRAMIDE DES SALAIRES DECLARES A LA C.N.S.S. EN SMIG (2005 - 2018),oui,couche texte
2017,annuelle,,3.5-4,classe de la source,"[ 3,5 à 4 [",39058,1228941,3.1781834929422974,,,0,annuaire statistique CNSS 2018 (français),cnss-annuaire-2018,27,EVOLUTION DE LA PYRAMIDE DES SALAIRES DECLARES A LA C.N.S.S. EN SMIG (2005 - 2018),oui,couche texte
2017,annuelle,,4-4.5,classe de la source,"[ 4 à 4,5 [",30835,1228941,2.509070817883039,,,0,annuaire statistique CNSS 2018 (français),cnss-annuaire-2018,27,EVOLUTION DE LA PYRAMIDE DES SALAIRES DECLARES A LA C.N.S.S. EN SMIG (2005 - 2018),oui,couche texte
2017,annuelle,,4.5-5,classe de la source,"[ 4,5 à 5 [",23945,1228941,1.948425514324935,,,0,annuaire statistique CNSS 2018 (français),cnss-annuaire-2018,27,EVOLUTION DE LA PYRAMIDE DES SALAIRES DECLARES A LA C.N.S.S. EN SMIG (2005 - 2018),oui,couche texte
2017,annuelle,,5-5.5,classe de la source,"[ 5 à 5,5 [",19773,1228941,1.608946239079012,,,0,annuaire statistique CNSS 2018 (français),cnss-annuaire-2018,27,EVOLUTION DE LA PYRAMIDE DES SALAIRES DECLARES A LA C.N.S.S. EN SMIG (2005 - 2018),oui,couche texte
2017,annuelle,,5.5-6,classe de la source,"[ 5,5 à 6 [",16978,1228941,1.381514653673366,,,0,annuaire statistique CNSS 2018 (français),cnss-annuaire-2018,27,EVOLUTION DE LA PYRAMIDE DES SALAIRES DECLARES A LA C.N.S.S. EN SMIG (2005 - 2018),oui,couche texte
2017,annuelle,,>6,classe de la source,6 Smig et plus,113371,1228941,9.225097055106795,,,0,annuaire statistique CNSS 2018 (français),cnss-annuaire-2018,27,EVOLUTION DE LA PYRAMIDE DES SALAIRES DECLARES A LA C.N.S.S. EN SMIG (2005 - 2018),oui,couche texte
2017,annuelle,,<1,regroupement (calculé),moins de 1 SMIG (somme de 2 classe(s) de la source),299979,1228941,24.409552614812267,,,0,annuaire statistique CNSS 2018 (français),cnss-annuaire-2018,27,EVOLUTION DE LA PYRAMIDE DES SALAIRES DECLARES A LA C.N.S.S. EN SMIG (2005 - 2018),oui,couche texte
2017,annuelle,,1-1.5,regroupement (calculé),"de 1 à 1,5 SMIG (somme de 1 classe(s) de la source)",214928,1228941,17.4888786361591,,,0,annuaire statistique CNSS 2018 (français),cnss-annuaire-2018,27,EVOLUTION DE LA PYRAMIDE DES SALAIRES DECLARES A LA C.N.S.S. EN SMIG (2005 - 2018),oui,couche texte
2017,annuelle,,>1.5,regroupement (calculé),"plus de 1,5 SMIG (somme de 10 classe(s) de la source)",714034,1228941,58.10156874902864,,,0,annuaire statistique CNSS 2018 (français),cnss-annuaire-2018,27,EVOLUTION DE LA PYRAMIDE DES SALAIRES DECLARES A LA C.N.S.S. EN SMIG (2005 - 2018),oui,couche texte
2018,annuelle,,<=2/3,classe de la source,MOINS 2/3 Smig,209796,1289940,16.264012279640912,"16,26%","16,26%",0,annuaire statistique CNSS 2018 (français),cnss-annuaire-2018,27,EVOLUTION DE LA PYRAMIDE DES SALAIRES DECLARES A LA C.N.S.S. EN SMIG (2005 - 2018),oui,couche texte
2018,annuelle,,2/3-1,classe de la source,[ 2/3 à 1 [,99678,1289940,7.727336155170008,"7,73%","23,99%",0,annuaire statistique CNSS 2018 (français),cnss-annuaire-2018,27,EVOLUTION DE LA PYRAMIDE DES SALAIRES DECLARES A LA C.N.S.S. EN SMIG (2005 - 2018),oui,couche texte
2018,annuelle,,1-1.5,classe de la source,"[ 1 à 1,5 [",229554,1289940,17.795711428438533,"17,80%","41,79%",0,annuaire statistique CNSS 2018 (français),cnss-annuaire-2018,27,EVOLUTION DE LA PYRAMIDE DES SALAIRES DECLARES A LA C.N.S.S. EN SMIG (2005 - 2018),oui,couche texte
2018,annuelle,,1.5-2,classe de la source,"[ 1,5 à 2 [",225898,1289940,17.512287393212087,"17,51%","59,30%",0,annuaire statistique CNSS 2018 (français),cnss-annuaire-2018,27,EVOLUTION DE LA PYRAMIDE DES SALAIRES DECLARES A LA C.N.S.S. EN SMIG (2005 - 2018),oui,couche texte
2018,annuelle,,2-2.5,classe de la source,"[ 2 à 2,5 [",137148,1289940,10.632122424298805,"10,63%","69,93%",0,annuaire statistique CNSS 2018 (français),cnss-annuaire-2018,27,EVOLUTION DE LA PYRAMIDE DES SALAIRES DECLARES A LA C.N.S.S. EN SMIG (2005 - 2018),oui,couche texte
2018,annuelle,,2.5-3,classe de la source,"[ 2,5 à 3 [",84247,1289940,6.531078964913097,"6,53%","76,46%",0,annuaire statistique CNSS 2018 (français),cnss-annuaire-2018,27,EVOLUTION DE LA PYRAMIDE DES SALAIRES DECLARES A LA C.N.S.S. EN SMIG (2005 - 2018),oui,couche texte
2018,annuelle,,3-3.5,classe de la source,"[ 3 à 3,5 [",55432,1289940,4.29725413585128,"4,30%","80,76%",0,annuaire statistique CNSS 2018 (français),cnss-annuaire-2018,27,EVOLUTION DE LA PYRAMIDE DES SALAIRES DECLARES A LA C.N.S.S. EN SMIG (2005 - 2018),oui,couche texte
2018,annuelle,,3.5-4,classe de la source,"[ 3,5 à 4 [",41728,1289940,3.234879141665504,"3,23%","83,99%",0,annuaire statistique CNSS 2018 (français),cnss-annuaire-2018,27,EVOLUTION DE LA PYRAMIDE DES SALAIRES DECLARES A LA C.N.S.S. EN SMIG (2005 - 2018),oui,couche texte
2018,annuelle,,4-4.5,classe de la source,"[ 4 à 4,5 [",30518,1289940,2.3658464734793867,"2,37%","86,36%",0,annuaire statistique CNSS 2018 (français),cnss-annuaire-2018,27,EVOLUTION DE LA PYRAMIDE DES SALAIRES DECLARES A LA C.N.S.S. EN SMIG (2005 - 2018),oui,couche texte
2018,annuelle,,4.5-5,classe de la source,"[ 4,5 à 5 [",23958,1289940,1.8572956881715428,"1,86%","88,22%",0,annuaire statistique CNSS 2018 (français),cnss-annuaire-2018,27,EVOLUTION DE LA PYRAMIDE DES SALAIRES DECLARES A LA C.N.S.S. EN SMIG (2005 - 2018),oui,couche texte
2018,annuelle,,5-5.5,classe de la source,"[ 5 à 5,5 [",19726,1289940,1.5292184132595317,"1,53%","89,75%",0,annuaire statistique CNSS 2018 (français),cnss-annuaire-2018,27,EVOLUTION DE LA PYRAMIDE DES SALAIRES DECLARES A LA C.N.S.S. EN SMIG (2005 - 2018),oui,couche texte
2018,annuelle,,5.5-6,classe de la source,"[ 5,5 à 6 [",16904,1289940,1.3104485479944803,"1,31%","91,06%",0,annuaire statistique CNSS 2018 (français),cnss-annuaire-2018,27,EVOLUTION DE LA PYRAMIDE DES SALAIRES DECLARES A LA C.N.S.S. EN SMIG (2005 - 2018),oui,couche texte
2018,annuelle,,>6,classe de la source,6 Smig et plus,115353,1289940,8.942508953904833,"8,94%","100,00%",0,annuaire statistique CNSS 2018 (français),cnss-annuaire-2018,27,EVOLUTION DE LA PYRAMIDE DES SALAIRES DECLARES A LA C.N.S.S. EN SMIG (2005 - 2018),oui,couche texte
2018,annuelle,,<1,regroupement (calculé),moins de 1 SMIG (somme de 2 classe(s) de la source),309474,1289940,23.99134843481092,,,0,annuaire statistique CNSS 2018 (français),cnss-annuaire-2018,27,EVOLUTION DE LA PYRAMIDE DES SALAIRES DECLARES A LA C.N.S.S. EN SMIG (2005 - 2018),oui,couche texte
2018,annuelle,,1-1.5,regroupement (calculé),"de 1 à 1,5 SMIG (somme de 1 classe(s) de la source)",229554,1289940,17.795711428438533,,,0,annuaire statistique CNSS 2018 (français),cnss-annuaire-2018,27,EVOLUTION DE LA PYRAMIDE DES SALAIRES DECLARES A LA C.N.S.S. EN SMIG (2005 - 2018),oui,couche texte
2018,annuelle,,>1.5,regroupement (calculé),"plus de 1,5 SMIG (somme de 10 classe(s) de la source)",750912,1289940,58.21294013675055,,,0,annuaire statistique CNSS 2018 (français),cnss-annuaire-2018,27,EVOLUTION DE LA PYRAMIDE DES SALAIRES DECLARES A LA C.N.S.S. EN SMIG (2005 - 2018),oui,couche texte
2018,trimestre civil,1.0,<=2/3,classe de la source,MOINS 2/3,53760,1085758,4.951379589190225,,,0,annuaire statistique CNSS 2018 (français),cnss-annuaire-2018,26,REPARTITION DE LA PYRAMIDE DES SALAIRES DECLARES A LA C.N.S.S. EXPRIMES EN SMIG SELON LE NOMBRE DE TRIMESTRES DECLARES AU TITRE DE L'ANNEE 2018,non,couche texte
2018,trimestre civil,1.0,2/3-1,classe de la source,[ 2/3 à 1 [,48989,1085758,4.511963070960564,,,0,annuaire statistique CNSS 2018 (français),cnss-annuaire-2018,26,REPARTITION DE LA PYRAMIDE DES SALAIRES DECLARES A LA C.N.S.S. EXPRIMES EN SMIG SELON LE NOMBRE DE TRIMESTRES DECLARES AU TITRE DE L'ANNEE 2018,non,couche texte
2018,trimestre civil,1.0,1-1.5,classe de la source,"[ 1 à 1,5 [",237259,1085758,21.85192280416078,,,0,annuaire statistique CNSS 2018 (français),cnss-annuaire-2018,26,REPARTITION DE LA PYRAMIDE DES SALAIRES DECLARES A LA C.N.S.S. EXPRIMES EN SMIG SELON LE NOMBRE DE TRIMESTRES DECLARES AU TITRE DE L'ANNEE 2018,non,couche texte
2018,trimestre civil,1.0,1.5-2,classe de la source,"[ 1,5 à 2 [",239908,1085758,22.09589982298081,,,0,annuaire statistique CNSS 2018 (français),cnss-annuaire-2018,26,REPARTITION DE LA PYRAMIDE DES SALAIRES DECLARES A LA C.N.S.S. EXPRIMES EN SMIG SELON LE NOMBRE DE TRIMESTRES DECLARES AU TITRE DE L'ANNEE 2018,non,couche texte
2018,trimestre civil,1.0,2-2.5,classe de la source,"[ 2 à 2,5 [",140749,1085758,12.963201744771856,,,0,annuaire statistique CNSS 2018 (français),cnss-annuaire-2018,26,REPARTITION DE LA PYRAMIDE DES SALAIRES DECLARES A LA C.N.S.S. EXPRIMES EN SMIG SELON LE NOMBRE DE TRIMESTRES DECLARES AU TITRE DE L'ANNEE 2018,non,couche texte
2018,trimestre civil,1.0,2.5-3,classe de la source,"[ 2,5 à 3 [",82647,1085758,7.611917204386245,,,0,annuaire statistique CNSS 2018 (français),cnss-annuaire-2018,26,REPARTITION DE LA PYRAMIDE DES SALAIRES DECLARES A LA C.N.S.S. EXPRIMES EN SMIG SELON LE NOMBRE DE TRIMESTRES DECLARES AU TITRE DE L'ANNEE 2018,non,couche texte
2018,trimestre civil,1.0,3-3.5,classe de la source,"[ 3 à 3,5 [",52418,1085758,4.827779302570186,,,0,annuaire statistique CNSS 2018 (français),cnss-annuaire-2018,26,REPARTITION DE LA PYRAMIDE DES SALAIRES DECLARES A LA C.N.S.S. EXPRIMES EN SMIG SELON LE NOMBRE DE TRIMESTRES DECLARES AU TITRE DE L'ANNEE 2018,non,couche texte
2018,trimestre civil,1.0,3.5-4,classe de la source,"[ 3,5 à 4 [",41252,1085758,3.7993733410207433,,,0,annuaire statistique CNSS 2018 (français),cnss-annuaire-2018,26,REPARTITION DE LA PYRAMIDE DES SALAIRES DECLARES A LA C.N.S.S. EXPRIMES EN SMIG SELON LE NOMBRE DE TRIMESTRES DECLARES AU TITRE DE L'ANNEE 2018,non,couche texte
2018,trimestre civil,1.0,4-4.5,classe de la source,"[ 4 à 4,5 [",31291,1085758,2.881949753075732,,,0,annuaire statistique CNSS 2018 (français),cnss-annuaire-2018,26,REPARTITION DE LA PYRAMIDE DES SALAIRES DECLARES A LA C.N.S.S. EXPRIMES EN SMIG SELON LE NOMBRE DE TRIMESTRES DECLARES AU TITRE DE L'ANNEE 2018,non,couche texte
2018,trimestre civil,1.0,4.5-5,classe de la source,"[ 4,5 à 5 [",22805,1085758,2.100375958546932,,,0,annuaire statistique CNSS 2018 (français),cnss-annuaire-2018,26,REPARTITION DE LA PYRAMIDE DES SALAIRES DECLARES A LA C.N.S.S. EXPRIMES EN SMIG SELON LE NOMBRE DE TRIMESTRES DECLARES AU TITRE DE L'ANNEE 2018,non,couche texte
2018,trimestre civil,1.0,5-5.5,classe de la source,"[ 5 à 5,5 [",18364,1085758,1.6913529534205596,,,0,annuaire statistique CNSS 2018 (français),cnss-annuaire-2018,26,REPARTITION DE LA PYRAMIDE DES SALAIRES DECLARES A LA C.N.S.S. EXPRIMES EN SMIG SELON LE NOMBRE DE TRIMESTRES DECLARES AU TITRE DE L'ANNEE 2018,non,couche texte
2018,trimestre civil,1.0,5.5-6,classe de la source,"[ 5,5 à 6 [",15918,1085758,1.466072550236793,,,0,annuaire statistique CNSS 2018 (français),cnss-annuaire-2018,26,REPARTITION DE LA PYRAMIDE DES SALAIRES DECLARES A LA C.N.S.S. EXPRIMES EN SMIG SELON LE NOMBRE DE TRIMESTRES DECLARES AU TITRE DE L'ANNEE 2018,non,couche texte
2018,trimestre civil,1.0,>6,classe de la source,6 Smig et plus,100398,1085758,9.246811904678577,,,0,annuaire statistique CNSS 2018 (français),cnss-annuaire-2018,26,REPARTITION DE LA PYRAMIDE DES SALAIRES DECLARES A LA C.N.S.S. EXPRIMES EN SMIG SELON LE NOMBRE DE TRIMESTRES DECLARES AU TITRE DE L'ANNEE 2018,non,couche texte
2018,trimestre civil,1.0,<1,regroupement (calculé),moins de 1 SMIG (somme de 2 classe(s) de la source),102749,1085758,9.463342660150788,,,0,annuaire statistique CNSS 2018 (français),cnss-annuaire-2018,26,REPARTITION DE LA PYRAMIDE DES SALAIRES DECLARES A LA C.N.S.S. EXPRIMES EN SMIG SELON LE NOMBRE DE TRIMESTRES DECLARES AU TITRE DE L'ANNEE 2018,non,couche texte
2018,trimestre civil,1.0,1-1.5,regroupement (calculé),"de 1 à 1,5 SMIG (somme de 1 classe(s) de la source)",237259,1085758,21.85192280416078,,,0,annuaire statistique CNSS 2018 (français),cnss-annuaire-2018,26,REPARTITION DE LA PYRAMIDE DES SALAIRES DECLARES A LA C.N.S.S. EXPRIMES EN SMIG SELON LE NOMBRE DE TRIMESTRES DECLARES AU TITRE DE L'ANNEE 2018,non,couche texte
2018,trimestre civil,1.0,>1.5,regroupement (calculé),"plus de 1,5 SMIG (somme de 10 classe(s) de la source)",745750,1085758,68.68473453568843,,,0,annuaire statistique CNSS 2018 (français),cnss-annuaire-2018,26,REPARTITION DE LA PYRAMIDE DES SALAIRES DECLARES A LA C.N.S.S. EXPRIMES EN SMIG SELON LE NOMBRE DE TRIMESTRES DECLARES AU TITRE DE L'ANNEE 2018,non,couche texte
2018,trimestre civil,2.0,<=2/3,classe de la source,MOINS 2/3,52931,1106904,4.78189617166439,,,0,annuaire statistique CNSS 2018 (français),cnss-annuaire-2018,26,REPARTITION DE LA PYRAMIDE DES SALAIRES DECLARES A LA C.N.S.S. EXPRIMES EN SMIG SELON LE NOMBRE DE TRIMESTRES DECLARES AU TITRE DE L'ANNEE 2018,non,couche texte
2018,trimestre civil,2.0,2/3-1,classe de la source,[ 2/3 à 1 [,53025,1106904,4.790388326358926,,,0,annuaire statistique CNSS 2018 (français),cnss-annuaire-2018,26,REPARTITION DE LA PYRAMIDE DES SALAIRES DECLARES A LA C.N.S.S. EXPRIMES EN SMIG SELON LE NOMBRE DE TRIMESTRES DECLARES AU TITRE DE L'ANNEE 2018,non,couche texte
2018,trimestre civil,2.0,1-1.5,classe de la source,"[ 1 à 1,5 [",246255,1106904,22.24718674790226,,,0,annuaire statistique CNSS 2018 (français),cnss-annuaire-2018,26,REPARTITION DE LA PYRAMIDE DES SALAIRES DECLARES A LA C.N.S.S. EXPRIMES EN SMIG SELON LE NOMBRE DE TRIMESTRES DECLARES AU TITRE DE L'ANNEE 2018,non,couche texte
2018,trimestre civil,2.0,1.5-2,classe de la source,"[ 1,5 à 2 [",243572,1106904,22.004798970823124,,,0,annuaire statistique CNSS 2018 (français),cnss-annuaire-2018,26,REPARTITION DE LA PYRAMIDE DES SALAIRES DECLARES A LA C.N.S.S. EXPRIMES EN SMIG SELON LE NOMBRE DE TRIMESTRES DECLARES AU TITRE DE L'ANNEE 2018,non,couche texte
2018,trimestre civil,2.0,2-2.5,classe de la source,"[ 2 à 2,5 [",135158,1106904,12.21045366174483,,,0,annuaire statistique CNSS 2018 (français),cnss-annuaire-2018,26,REPARTITION DE LA PYRAMIDE DES SALAIRES DECLARES A LA C.N.S.S. EXPRIMES EN SMIG SELON LE NOMBRE DE TRIMESTRES DECLARES AU TITRE DE L'ANNEE 2018,non,couche texte
2018,trimestre civil,2.0,2.5-3,classe de la source,"[ 2,5 à 3 [",81457,1106904,7.358994095242225,,,0,annuaire statistique CNSS 2018 (français),cnss-annuaire-2018,26,REPARTITION DE LA PYRAMIDE DES SALAIRES DECLARES A LA C.N.S.S. EXPRIMES EN SMIG SELON LE NOMBRE DE TRIMESTRES DECLARES AU TITRE DE L'ANNEE 2018,non,couche texte
2018,trimestre civil,2.0,3-3.5,classe de la source,"[ 3 à 3,5 [",54046,1106904,4.882627581072975,,,0,annuaire statistique CNSS 2018 (français),cnss-annuaire-2018,26,REPARTITION DE LA PYRAMIDE DES SALAIRES DECLARES A LA C.N.S.S. EXPRIMES EN SMIG SELON LE NOMBRE DE TRIMESTRES DECLARES AU TITRE DE L'ANNEE 2018,non,couche texte
2018,trimestre civil,2.0,3.5-4,classe de la source,"[ 3,5 à 4 [",41790,1106904,3.775395156219509,,,0,annuaire statistique CNSS 2018 (français),cnss-annuaire-2018,26,REPARTITION DE LA PYRAMIDE DES SALAIRES DECLARES A LA C.N.S.S. EXPRIMES EN SMIG SELON LE NOMBRE DE TRIMESTRES DECLARES AU TITRE DE L'ANNEE 2018,non,couche texte
2018,trimestre civil,2.0,4-4.5,classe de la source,"[ 4 à 4,5 [",29315,1106904,2.648377817769201,,,0,annuaire statistique CNSS 2018 (français),cnss-annuaire-2018,26,REPARTITION DE LA PYRAMIDE DES SALAIRES DECLARES A LA C.N.S.S. EXPRIMES EN SMIG SELON LE NOMBRE DE TRIMESTRES DECLARES AU TITRE DE L'ANNEE 2018,non,couche texte
2018,trimestre civil,2.0,4.5-5,classe de la source,"[ 4,5 à 5 [",22745,1106904,2.0548304098639085,,,0,annuaire statistique CNSS 2018 (français),cnss-annuaire-2018,26,REPARTITION DE LA PYRAMIDE DES SALAIRES DECLARES A LA C.N.S.S. EXPRIMES EN SMIG SELON LE NOMBRE DE TRIMESTRES DECLARES AU TITRE DE L'ANNEE 2018,non,couche texte
2018,trimestre civil,2.0,5-5.5,classe de la source,"[ 5 à 5,5 [",20747,1106904,1.8743269515694223,,,0,annuaire statistique CNSS 2018 (français),cnss-annuaire-2018,26,REPARTITION DE LA PYRAMIDE DES SALAIRES DECLARES A LA C.N.S.S. EXPRIMES EN SMIG SELON LE NOMBRE DE TRIMESTRES DECLARES AU TITRE DE L'ANNEE 2018,non,couche texte
2018,trimestre civil,2.0,5.5-6,classe de la source,"[ 5,5 à 6 [",18528,1106904,1.6738578955356562,,,0,annuaire statistique CNSS 2018 (français),cnss-annuaire-2018,26,REPARTITION DE LA PYRAMIDE DES SALAIRES DECLARES A LA C.N.S.S. EXPRIMES EN SMIG SELON LE NOMBRE DE TRIMESTRES DECLARES AU TITRE DE L'ANNEE 2018,non,couche texte
2018,trimestre civil,2.0,>6,classe de la source,6 Smig et plus,107335,1106904,9.696866214233577,,,0,annuaire statistique CNSS 2018 (français),cnss-annuaire-2018,26,REPARTITION DE LA PYRAMIDE DES SALAIRES DECLARES A LA C.N.S.S. EXPRIMES EN SMIG SELON LE NOMBRE DE TRIMESTRES DECLARES AU TITRE DE L'ANNEE 2018,non,couche texte
2018,trimestre civil,2.0,<1,regroupement (calculé),moins de 1 SMIG (somme de 2 classe(s) de la source),105956,1106904,9.572284498023317,,,0,annuaire statistique CNSS 2018 (français),cnss-annuaire-2018,26,REPARTITION DE LA PYRAMIDE DES SALAIRES DECLARES A LA C.N.S.S. EXPRIMES EN SMIG SELON LE NOMBRE DE TRIMESTRES DECLARES AU TITRE DE L'ANNEE 2018,non,couche texte
2018,trimestre civil,2.0,1-1.5,regroupement (calculé),"de 1 à 1,5 SMIG (somme de 1 classe(s) de la source)",246255,1106904,22.24718674790226,,,0,annuaire statistique CNSS 2018 (français),cnss-annuaire-2018,26,REPARTITION DE LA PYRAMIDE DES SALAIRES DECLARES A LA C.N.S.S. EXPRIMES EN SMIG SELON LE NOMBRE DE TRIMESTRES DECLARES AU TITRE DE L'ANNEE 2018,non,couche texte
2018,trimestre civil,2.0,>1.5,regroupement (calculé),"plus de 1,5 SMIG (somme de 10 classe(s) de la source)",754693,1106904,68.18052875407443,,,0,annuaire statistique CNSS 2018 (français),cnss-annuaire-2018,26,REPARTITION DE LA PYRAMIDE DES SALAIRES DECLARES A LA C.N.S.S. EXPRIMES EN SMIG SELON LE NOMBRE DE TRIMESTRES DECLARES AU TITRE DE L'ANNEE 2018,non,couche texte
2018,trimestre civil,3.0,<=2/3,classe de la source,MOINS 2/3,65226,1117539,5.836574830945497,,,0,annuaire statistique CNSS 2018 (français),cnss-annuaire-2018,26,REPARTITION DE LA PYRAMIDE DES SALAIRES DECLARES A LA C.N.S.S. EXPRIMES EN SMIG SELON LE NOMBRE DE TRIMESTRES DECLARES AU TITRE DE L'ANNEE 2018,non,couche texte
2018,trimestre civil,3.0,2/3-1,classe de la source,[ 2/3 à 1 [,52994,1117539,4.74202690017977,,,0,annuaire statistique CNSS 2018 (français),cnss-annuaire-2018,26,REPARTITION DE LA PYRAMIDE DES SALAIRES DECLARES A LA C.N.S.S. EXPRIMES EN SMIG SELON LE NOMBRE DE TRIMESTRES DECLARES AU TITRE DE L'ANNEE 2018,non,couche texte
2018,trimestre civil,3.0,1-1.5,classe de la source,"[ 1 à 1,5 [",243796,1117539,21.815435523950395,,,0,annuaire statistique CNSS 2018 (français),cnss-annuaire-2018,26,REPARTITION DE LA PYRAMIDE DES SALAIRES DECLARES A LA C.N.S.S. EXPRIMES EN SMIG SELON LE NOMBRE DE TRIMESTRES DECLARES AU TITRE DE L'ANNEE 2018,non,couche texte
2018,trimestre civil,3.0,1.5-2,classe de la source,"[ 1,5 à 2 [",247361,1117539,22.13444005086176,,,0,annuaire statistique CNSS 2018 (français),cnss-annuaire-2018,26,REPARTITION DE LA PYRAMIDE DES SALAIRES DECLARES A LA C.N.S.S. EXPRIMES EN SMIG SELON LE NOMBRE DE TRIMESTRES DECLARES AU TITRE DE L'ANNEE 2018,non,couche texte
2018,trimestre civil,3.0,2-2.5,classe de la source,"[ 2 à 2,5 [",136718,1117539,12.233845977634784,,,0,annuaire statistique CNSS 2018 (français),cnss-annuaire-2018,26,REPARTITION DE LA PYRAMIDE DES SALAIRES DECLARES A LA C.N.S.S. EXPRIMES EN SMIG SELON LE NOMBRE DE TRIMESTRES DECLARES AU TITRE DE L'ANNEE 2018,non,couche texte
2018,trimestre civil,3.0,2.5-3,classe de la source,"[ 2,5 à 3 [",82396,1117539,7.372986535592942,,,0,annuaire statistique CNSS 2018 (français),cnss-annuaire-2018,26,REPARTITION DE LA PYRAMIDE DES SALAIRES DECLARES A LA C.N.S.S. EXPRIMES EN SMIG SELON LE NOMBRE DE TRIMESTRES DECLARES AU TITRE DE L'ANNEE 2018,non,couche texte
2018,trimestre civil,3.0,3-3.5,classe de la source,"[ 3 à 3,5 [",53043,1117539,4.746411534631006,,,0,annuaire statistique CNSS 2018 (français),cnss-annuaire-2018,26,REPARTITION DE LA PYRAMIDE DES SALAIRES DECLARES A LA C.N.S.S. EXPRIMES EN SMIG SELON LE NOMBRE DE TRIMESTRES DECLARES AU TITRE DE L'ANNEE 2018,non,couche texte
2018,trimestre civil,3.0,3.5-4,classe de la source,"[ 3,5 à 4 [",41745,1117539,3.735440105445985,,,0,annuaire statistique CNSS 2018 (français),cnss-annuaire-2018,26,REPARTITION DE LA PYRAMIDE DES SALAIRES DECLARES A LA C.N.S.S. EXPRIMES EN SMIG SELON LE NOMBRE DE TRIMESTRES DECLARES AU TITRE DE L'ANNEE 2018,non,couche texte
2018,trimestre civil,3.0,4-4.5,classe de la source,"[ 4 à 4,5 [",30520,1117539,2.731000886769947,,,0,annuaire statistique CNSS 2018 (français),cnss-annuaire-2018,26,REPARTITION DE LA PYRAMIDE DES SALAIRES DECLARES A LA C.N.S.S. EXPRIMES EN SMIG SELON LE NOMBRE DE TRIMESTRES DECLARES AU TITRE DE L'ANNEE 2018,non,couche texte
2018,trimestre civil,3.0,4.5-5,classe de la source,"[ 4,5 à 5 [",23017,1117539,2.0596149217163786,,,0,annuaire statistique CNSS 2018 (français),cnss-annuaire-2018,26,REPARTITION DE LA PYRAMIDE DES SALAIRES DECLARES A LA C.N.S.S. EXPRIMES EN SMIG SELON LE NOMBRE DE TRIMESTRES DECLARES AU TITRE DE L'ANNEE 2018,non,couche texte
2018,trimestre civil,3.0,5-5.5,classe de la source,"[ 5 à 5,5 [",18125,1117539,1.6218673352786792,,,0,annuaire statistique CNSS 2018 (français),cnss-annuaire-2018,26,REPARTITION DE LA PYRAMIDE DES SALAIRES DECLARES A LA C.N.S.S. EXPRIMES EN SMIG SELON LE NOMBRE DE TRIMESTRES DECLARES AU TITRE DE L'ANNEE 2018,non,couche texte
2018,trimestre civil,3.0,5.5-6,classe de la source,"[ 5,5 à 6 [",16896,1117539,1.5118935446548174,,,0,annuaire statistique CNSS 2018 (français),cnss-annuaire-2018,26,REPARTITION DE LA PYRAMIDE DES SALAIRES DECLARES A LA C.N.S.S. EXPRIMES EN SMIG SELON LE NOMBRE DE TRIMESTRES DECLARES AU TITRE DE L'ANNEE 2018,non,couche texte
2018,trimestre civil,3.0,>6,classe de la source,6 Smig et plus,105702,1117539,9.45846185233804,,,0,annuaire statistique CNSS 2018 (français),cnss-annuaire-2018,26,REPARTITION DE LA PYRAMIDE DES SALAIRES DECLARES A LA C.N.S.S. EXPRIMES EN SMIG SELON LE NOMBRE DE TRIMESTRES DECLARES AU TITRE DE L'ANNEE 2018,non,couche texte
2018,trimestre civil,3.0,<1,regroupement (calculé),moins de 1 SMIG (somme de 2 classe(s) de la source),118220,1117539,10.578601731125268,,,0,annuaire statistique CNSS 2018 (français),cnss-annuaire-2018,26,REPARTITION DE LA PYRAMIDE DES SALAIRES DECLARES A LA C.N.S.S. EXPRIMES EN SMIG SELON LE NOMBRE DE TRIMESTRES DECLARES AU TITRE DE L'ANNEE 2018,non,couche texte
2018,trimestre civil,3.0,1-1.5,regroupement (calculé),"de 1 à 1,5 SMIG (somme de 1 classe(s) de la source)",243796,1117539,21.815435523950395,,,0,annuaire statistique CNSS 2018 (français),cnss-annuaire-2018,26,REPARTITION DE LA PYRAMIDE DES SALAIRES DECLARES A LA C.N.S.S. EXPRIMES EN SMIG SELON LE NOMBRE DE TRIMESTRES DECLARES AU TITRE DE L'ANNEE 2018,non,couche texte
2018,trimestre civil,3.0,>1.5,regroupement (calculé),"plus de 1,5 SMIG (somme de 10 classe(s) de la source)",755523,1117539,67.60596274492434,,,0,annuaire statistique CNSS 2018 (français),cnss-annuaire-2018,26,REPARTITION DE LA PYRAMIDE DES SALAIRES DECLARES A LA C.N.S.S. EXPRIMES EN SMIG SELON LE NOMBRE DE TRIMESTRES DECLARES AU TITRE DE L'ANNEE 2018,non,couche texte
2018,trimestre civil,4.0,<=2/3,classe de la source,MOINS 2/3,53844,1123883,4.790890154936056,,,0,annuaire statistique CNSS 2018 (français),cnss-annuaire-2018,26,REPARTITION DE LA PYRAMIDE DES SALAIRES DECLARES A LA C.N.S.S. EXPRIMES EN SMIG SELON LE NOMBRE DE TRIMESTRES DECLARES AU TITRE DE L'ANNEE 2018,non,couche texte
2018,trimestre civil,4.0,2/3-1,classe de la source,[ 2/3 à 1 [,41576,1123883,3.6993174556426247,,,0,annuaire statistique CNSS 2018 (français),cnss-annuaire-2018,26,REPARTITION DE LA PYRAMIDE DES SALAIRES DECLARES A LA C.N.S.S. EXPRIMES EN SMIG SELON LE NOMBRE DE TRIMESTRES DECLARES AU TITRE DE L'ANNEE 2018,non,couche texte
2018,trimestre civil,4.0,1-1.5,classe de la source,"[ 1 à 1,5 [",198278,1123883,17.642227883151538,,,0,annuaire statistique CNSS 2018 (français),cnss-annuaire-2018,26,REPARTITION DE LA PYRAMIDE DES SALAIRES DECLARES A LA C.N.S.S. EXPRIMES EN SMIG SELON LE NOMBRE DE TRIMESTRES DECLARES AU TITRE DE L'ANNEE 2018,non,couche texte
2018,trimestre civil,4.0,1.5-2,classe de la source,"[ 1,5 à 2 [",213171,1123883,18.96736582010761,,,0,annuaire statistique CNSS 2018 (français),cnss-annuaire-2018,26,REPARTITION DE LA PYRAMIDE DES SALAIRES DECLARES A LA C.N.S.S. EXPRIMES EN SMIG SELON LE NOMBRE DE TRIMESTRES DECLARES AU TITRE DE L'ANNEE 2018,non,couche texte
2018,trimestre civil,4.0,2-2.5,classe de la source,"[ 2 à 2,5 [",150502,1123883,13.391251580458109,,,0,annuaire statistique CNSS 2018 (français),cnss-annuaire-2018,26,REPARTITION DE LA PYRAMIDE DES SALAIRES DECLARES A LA C.N.S.S. EXPRIMES EN SMIG SELON LE NOMBRE DE TRIMESTRES DECLARES AU TITRE DE L'ANNEE 2018,non,couche texte
2018,trimestre civil,4.0,2.5-3,classe de la source,"[ 2,5 à 3 [",98979,1123883,8.806877584232522,,,0,annuaire statistique CNSS 2018 (français),cnss-annuaire-2018,26,REPARTITION DE LA PYRAMIDE DES SALAIRES DECLARES A LA C.N.S.S. EXPRIMES EN SMIG SELON LE NOMBRE DE TRIMESTRES DECLARES AU TITRE DE L'ANNEE 2018,non,couche texte
2018,trimestre civil,4.0,3-3.5,classe de la source,"[ 3 à 3,5 [",65659,1123883,5.842156167501422,,,0,annuaire statistique CNSS 2018 (français),cnss-annuaire-2018,26,REPARTITION DE LA PYRAMIDE DES SALAIRES DECLARES A LA C.N.S.S. EXPRIMES EN SMIG SELON LE NOMBRE DE TRIMESTRES DECLARES AU TITRE DE L'ANNEE 2018,non,couche texte
2018,trimestre civil,4.0,3.5-4,classe de la source,"[ 3,5 à 4 [",48344,1123883,4.301515371261956,,,0,annuaire statistique CNSS 2018 (français),cnss-annuaire-2018,26,REPARTITION DE LA PYRAMIDE DES SALAIRES DECLARES A LA C.N.S.S. EXPRIMES EN SMIG SELON LE NOMBRE DE TRIMESTRES DECLARES AU TITRE DE L'ANNEE 2018,non,couche texte
2018,trimestre civil,4.0,4-4.5,classe de la source,"[ 4 à 4,5 [",35802,1123883,3.1855629100182137,,,0,annuaire statistique CNSS 2018 (français),cnss-annuaire-2018,26,REPARTITION DE LA PYRAMIDE DES SALAIRES DECLARES A LA C.N.S.S. EXPRIMES EN SMIG SELON LE NOMBRE DE TRIMESTRES DECLARES AU TITRE DE L'ANNEE 2018,non,couche texte
2018,trimestre civil,4.0,4.5-5,classe de la source,"[ 4,5 à 5 [",28898,1123883,2.571264090657124,,,0,annuaire statistique CNSS 2018 (français),cnss-annuaire-2018,26,REPARTITION DE LA PYRAMIDE DES SALAIRES DECLARES A LA C.N.S.S. EXPRIMES EN SMIG SELON LE NOMBRE DE TRIMESTRES DECLARES AU TITRE DE L'ANNEE 2018,non,couche texte
2018,trimestre civil,4.0,5-5.5,classe de la source,"[ 5 à 5,5 [",23010,1123883,2.047366140425649,,,0,annuaire statistique CNSS 2018 (français),cnss-annuaire-2018,26,REPARTITION DE LA PYRAMIDE DES SALAIRES DECLARES A LA C.N.S.S. EXPRIMES EN SMIG SELON LE NOMBRE DE TRIMESTRES DECLARES AU TITRE DE L'ANNEE 2018,non,couche texte
2018,trimestre civil,4.0,5.5-6,classe de la source,"[ 5,5 à 6 [",19305,1123883,1.7177054906960956,,,0,annuaire statistique CNSS 2018 (français),cnss-annuaire-2018,26,REPARTITION DE LA PYRAMIDE DES SALAIRES DECLARES A LA C.N.S.S. EXPRIMES EN SMIG SELON LE NOMBRE DE TRIMESTRES DECLARES AU TITRE DE L'ANNEE 2018,non,couche texte
2018,trimestre civil,4.0,>6,classe de la source,6 Smig et plus,146515,1123883,13.036499350911082,,,0,annuaire statistique CNSS 2018 (français),cnss-annuaire-2018,26,REPARTITION DE LA PYRAMIDE DES SALAIRES DECLARES A LA C.N.S.S. EXPRIMES EN SMIG SELON LE NOMBRE DE TRIMESTRES DECLARES AU TITRE DE L'ANNEE 2018,non,couche texte
2018,trimestre civil,4.0,<1,regroupement (calculé),moins de 1 SMIG (somme de 2 classe(s) de la source),95420,1123883,8.49020761057868,,,0,annuaire statistique CNSS 2018 (français),cnss-annuaire-2018,26,REPARTITION DE LA PYRAMIDE DES SALAIRES DECLARES A LA C.N.S.S. EXPRIMES EN SMIG SELON LE NOMBRE DE TRIMESTRES DECLARES AU TITRE DE L'ANNEE 2018,non,couche texte
2018,trimestre civil,4.0,1-1.5,regroupement (calculé),"de 1 à 1,5 SMIG (somme de 1 classe(s) de la source)",198278,1123883,17.642227883151538,,,0,annuaire statistique CNSS 2018 (français),cnss-annuaire-2018,26,REPARTITION DE LA PYRAMIDE DES SALAIRES DECLARES A LA C.N.S.S. EXPRIMES EN SMIG SELON LE NOMBRE DE TRIMESTRES DECLARES AU TITRE DE L'ANNEE 2018,non,couche texte
2018,trimestre civil,4.0,>1.5,regroupement (calculé),"plus de 1,5 SMIG (somme de 10 classe(s) de la source)",830185,1123883,73.86756450626979,,,0,annuaire statistique CNSS 2018 (français),cnss-annuaire-2018,26,REPARTITION DE LA PYRAMIDE DES SALAIRES DECLARES A LA C.N.S.S. EXPRIMES EN SMIG SELON LE NOMBRE DE TRIMESTRES DECLARES AU TITRE DE L'ANNEE 2018,non,couche texte
