annee,sens,rubrique,valeur_MDT,famille,nature,etat,source,document,page_imprimee,page_pdf,lecture,note,depenses_etat_hors_dette_MDT,part_depenses_etat_pct,pib_MDT,source_pib,base_pib,segment_pib,pib_retropole,part_pib_pct,rupture
1970,charge,total des dépenses du fonds spécial,2.053,cgc_depenses_bct,budgetaire,dépenses de la Caisse générale de compensation (texte),bct-ra-1971,"BCT, rapport annuel 1971",,69,"reprise de la note documentaire du précis « avant 1970 et plans » (couche texte du PDF, 6 octobre 2026), non relue ici",,,,755.6,wdi-tunisie (NY.GDP.MKTP.CN),"bases accolées par la Banque mondiale, non raccordées","wdi-tunisie 1961-1985 (bases accolées par la Banque mondiale, non raccordées)",non précisé par la source,0.27,
1971,charge,total des dépenses du fonds spécial,3.7,cgc_depenses_bct,budgetaire,dépenses de la Caisse générale de compensation (texte),bct-ra-1971,"BCT, rapport annuel 1971",,69,"reprise de la note documentaire du précis « avant 1970 et plans » (couche texte du PDF, 6 octobre 2026), non relue ici",,,,881.2,wdi-tunisie (NY.GDP.MKTP.CN),"bases accolées par la Banque mondiale, non raccordées","wdi-tunisie 1961-1985 (bases accolées par la Banque mondiale, non raccordées)",non précisé par la source,0.42,
1974,charge,total des dépenses du fonds spécial,27.3,cgc_depenses_bct,budgetaire,dépenses de la Caisse générale de compensation (texte),bct-ra-1975,"BCT, rapport annuel 1975",,117,"reprise de la note documentaire du précis « avant 1970 et plans » (couche texte du PDF, 6 octobre 2026), non relue ici",,,,1547.8,wdi-tunisie (NY.GDP.MKTP.CN),"bases accolées par la Banque mondiale, non raccordées","wdi-tunisie 1961-1985 (bases accolées par la Banque mondiale, non raccordées)",non précisé par la source,1.76,
1974,ressource,dotation du budget de l'État,5.3,budget_dotation_cgc_bct,budgetaire,« intervention nouvelle du budget de l'État » : première contribution du budget à la Caisse,bct-ra-1974,"BCT, rapport annuel 1974",,95,"reprise de la note documentaire du précis « avant 1970 et plans » (couche texte du PDF, 6 octobre 2026), non relue ici",,,,1547.8,wdi-tunisie (NY.GDP.MKTP.CN),"bases accolées par la Banque mondiale, non raccordées","wdi-tunisie 1961-1985 (bases accolées par la Banque mondiale, non raccordées)",non précisé par la source,0.34,
1974,ressource,recettes de toute nature de la Caisse,18.4,recettes_totales_cgc_bct,budgetaire,opérations de la Caisse : recettes,bct-ra-1975,"BCT, rapport annuel 1975",,117,"reprise de la note documentaire du précis « avant 1970 et plans » (couche texte du PDF, 6 octobre 2026), non relue ici","recettes de toute nature, contribution du budget comprise (5,3 MD en 1974)",,,1547.8,wdi-tunisie (NY.GDP.MKTP.CN),"bases accolées par la Banque mondiale, non raccordées","wdi-tunisie 1961-1985 (bases accolées par la Banque mondiale, non raccordées)",non précisé par la source,1.19,
1975,charge,total des dépenses du fonds spécial,49.2,cgc_depenses_bct,budgetaire,dépenses de la Caisse générale de compensation (texte),bct-ra-1975,"BCT, rapport annuel 1975",,117,"reprise de la note documentaire du précis « avant 1970 et plans » (couche texte du PDF, 6 octobre 2026), non relue ici",,,,1741.4,wdi-tunisie (NY.GDP.MKTP.CN),"bases accolées par la Banque mondiale, non raccordées","wdi-tunisie 1961-1985 (bases accolées par la Banque mondiale, non raccordées)",non précisé par la source,2.83,
1975,ressource,recettes de toute nature de la Caisse,52.5,recettes_totales_cgc_bct,budgetaire,opérations de la Caisse : recettes,bct-ra-1975,"BCT, rapport annuel 1975",,117,"reprise de la note documentaire du précis « avant 1970 et plans » (couche texte du PDF, 6 octobre 2026), non relue ici","recettes de toute nature, contribution du budget comprise (5,3 MD en 1974)",,,1741.4,wdi-tunisie (NY.GDP.MKTP.CN),"bases accolées par la Banque mondiale, non raccordées","wdi-tunisie 1961-1985 (bases accolées par la Banque mondiale, non raccordées)",non précisé par la source,3.01,
1983,charge,total des dépenses du fonds spécial,149.3,cgc_depenses_bct,budgetaire,"tableau « Évolution des dépenses de la Caisse générale de compensation », colonne 1983",bct-ra-1984,"BCT, rapport annuel 1984",154.0,152,page lue à l'image (rendu à 110-120 dpi) le 6 octobre 2026,,,,5668.1,wdi-tunisie (NY.GDP.MKTP.CN),"bases accolées par la Banque mondiale, non raccordées","wdi-tunisie 1961-1985 (bases accolées par la Banque mondiale, non raccordées)",non précisé par la source,2.63,
1983,charge,autres,12.9,cgc_depenses_bct,budgetaire,tableau « Évolution des dépenses de la Caisse générale de compensation »,bct-ra-1984,"BCT, rapport annuel 1984",154.0,152,page lue à l'image (rendu à 110-120 dpi) le 6 octobre 2026,,,,5668.1,wdi-tunisie (NY.GDP.MKTP.CN),"bases accolées par la Banque mondiale, non raccordées","wdi-tunisie 1961-1985 (bases accolées par la Banque mondiale, non raccordées)",non précisé par la source,0.23,
1983,charge,céréales et dérivés,103.5,cgc_depenses_bct,budgetaire,tableau « Évolution des dépenses de la Caisse générale de compensation »,bct-ra-1984,"BCT, rapport annuel 1984",154.0,152,page lue à l'image (rendu à 110-120 dpi) le 6 octobre 2026,,,,5668.1,wdi-tunisie (NY.GDP.MKTP.CN),"bases accolées par la Banque mondiale, non raccordées","wdi-tunisie 1961-1985 (bases accolées par la Banque mondiale, non raccordées)",non précisé par la source,1.83,
1983,charge,engrais,11.5,cgc_depenses_bct,budgetaire,tableau « Évolution des dépenses de la Caisse générale de compensation »,bct-ra-1984,"BCT, rapport annuel 1984",154.0,152,page lue à l'image (rendu à 110-120 dpi) le 6 octobre 2026,,,,5668.1,wdi-tunisie (NY.GDP.MKTP.CN),"bases accolées par la Banque mondiale, non raccordées","wdi-tunisie 1961-1985 (bases accolées par la Banque mondiale, non raccordées)",non précisé par la source,0.2,
1983,charge,huiles,6.0,cgc_depenses_bct,budgetaire,tableau « Évolution des dépenses de la Caisse générale de compensation »,bct-ra-1984,"BCT, rapport annuel 1984",154.0,152,page lue à l'image (rendu à 110-120 dpi) le 6 octobre 2026,,,,5668.1,wdi-tunisie (NY.GDP.MKTP.CN),"bases accolées par la Banque mondiale, non raccordées","wdi-tunisie 1961-1985 (bases accolées par la Banque mondiale, non raccordées)",non précisé par la source,0.11,
1983,charge,lait,5.5,cgc_depenses_bct,budgetaire,tableau « Évolution des dépenses de la Caisse générale de compensation »,bct-ra-1984,"BCT, rapport annuel 1984",154.0,152,page lue à l'image (rendu à 110-120 dpi) le 6 octobre 2026,,,,5668.1,wdi-tunisie (NY.GDP.MKTP.CN),"bases accolées par la Banque mondiale, non raccordées","wdi-tunisie 1961-1985 (bases accolées par la Banque mondiale, non raccordées)",non précisé par la source,0.1,
1983,charge,viande,9.9,cgc_depenses_bct,budgetaire,tableau « Évolution des dépenses de la Caisse générale de compensation »,bct-ra-1984,"BCT, rapport annuel 1984",154.0,152,page lue à l'image (rendu à 110-120 dpi) le 6 octobre 2026,,,,5668.1,wdi-tunisie (NY.GDP.MKTP.CN),"bases accolées par la Banque mondiale, non raccordées","wdi-tunisie 1961-1985 (bases accolées par la Banque mondiale, non raccordées)",non précisé par la source,0.17,
1984,charge,total des charges,260.0,cgc_charges_bct,budgetaire,« les 260 millions de dinars atteints en 1984 » (texte),bct-ra-1985,"BCT, rapport annuel 1985",75.0,73,page lue à l'image (rendu à 110-120 dpi) le 6 octobre 2026,valeur arrondie par la source,,,6412.4,wdi-tunisie (NY.GDP.MKTP.CN),"bases accolées par la Banque mondiale, non raccordées","wdi-tunisie 1961-1985 (bases accolées par la Banque mondiale, non raccordées)",non précisé par la source,4.05,
1984,charge,total des dépenses du fonds spécial,245.8,cgc_depenses_bct,budgetaire,"tableau « Évolution des dépenses de la Caisse générale de compensation », colonne 1984",bct-ra-1984,"BCT, rapport annuel 1984",154.0,152,page lue à l'image (rendu à 110-120 dpi) le 6 octobre 2026,"dont céréales 159,2 ; huile 38,3 ; engrais 14,5 ; sucre 11,2",,,6412.4,wdi-tunisie (NY.GDP.MKTP.CN),"bases accolées par la Banque mondiale, non raccordées","wdi-tunisie 1961-1985 (bases accolées par la Banque mondiale, non raccordées)",non précisé par la source,3.83,
1984,charge,autres,9.6,cgc_depenses_bct,budgetaire,tableau « Évolution des dépenses de la Caisse générale de compensation »,bct-ra-1984,"BCT, rapport annuel 1984",154.0,152,page lue à l'image (rendu à 110-120 dpi) le 6 octobre 2026,,,,6412.4,wdi-tunisie (NY.GDP.MKTP.CN),"bases accolées par la Banque mondiale, non raccordées","wdi-tunisie 1961-1985 (bases accolées par la Banque mondiale, non raccordées)",non précisé par la source,0.15,
1984,charge,céréales et dérivés,159.2,cgc_depenses_bct,budgetaire,tableau « Évolution des dépenses de la Caisse générale de compensation »,bct-ra-1984,"BCT, rapport annuel 1984",154.0,152,page lue à l'image (rendu à 110-120 dpi) le 6 octobre 2026,,,,6412.4,wdi-tunisie (NY.GDP.MKTP.CN),"bases accolées par la Banque mondiale, non raccordées","wdi-tunisie 1961-1985 (bases accolées par la Banque mondiale, non raccordées)",non précisé par la source,2.48,
1984,charge,engrais,14.5,cgc_depenses_bct,budgetaire,tableau « Évolution des dépenses de la Caisse générale de compensation »,bct-ra-1984,"BCT, rapport annuel 1984",154.0,152,page lue à l'image (rendu à 110-120 dpi) le 6 octobre 2026,,,,6412.4,wdi-tunisie (NY.GDP.MKTP.CN),"bases accolées par la Banque mondiale, non raccordées","wdi-tunisie 1961-1985 (bases accolées par la Banque mondiale, non raccordées)",non précisé par la source,0.23,
1984,charge,huiles,38.3,cgc_depenses_bct,budgetaire,tableau « Évolution des dépenses de la Caisse générale de compensation »,bct-ra-1984,"BCT, rapport annuel 1984",154.0,152,page lue à l'image (rendu à 110-120 dpi) le 6 octobre 2026,,,,6412.4,wdi-tunisie (NY.GDP.MKTP.CN),"bases accolées par la Banque mondiale, non raccordées","wdi-tunisie 1961-1985 (bases accolées par la Banque mondiale, non raccordées)",non précisé par la source,0.6,
1984,charge,lait,6.0,cgc_depenses_bct,budgetaire,tableau « Évolution des dépenses de la Caisse générale de compensation »,bct-ra-1984,"BCT, rapport annuel 1984",154.0,152,page lue à l'image (rendu à 110-120 dpi) le 6 octobre 2026,,,,6412.4,wdi-tunisie (NY.GDP.MKTP.CN),"bases accolées par la Banque mondiale, non raccordées","wdi-tunisie 1961-1985 (bases accolées par la Banque mondiale, non raccordées)",non précisé par la source,0.09,
1984,charge,sucre,11.2,cgc_depenses_bct,budgetaire,tableau « Évolution des dépenses de la Caisse générale de compensation »,bct-ra-1984,"BCT, rapport annuel 1984",154.0,152,page lue à l'image (rendu à 110-120 dpi) le 6 octobre 2026,,,,6412.4,wdi-tunisie (NY.GDP.MKTP.CN),"bases accolées par la Banque mondiale, non raccordées","wdi-tunisie 1961-1985 (bases accolées par la Banque mondiale, non raccordées)",non précisé par la source,0.17,
1984,charge,viande,7.0,cgc_depenses_bct,budgetaire,tableau « Évolution des dépenses de la Caisse générale de compensation »,bct-ra-1984,"BCT, rapport annuel 1984",154.0,152,page lue à l'image (rendu à 110-120 dpi) le 6 octobre 2026,,,,6412.4,wdi-tunisie (NY.GDP.MKTP.CN),"bases accolées par la Banque mondiale, non raccordées","wdi-tunisie 1961-1985 (bases accolées par la Banque mondiale, non raccordées)",non précisé par la source,0.11,
1984,ressource,prélèvement sur la contribution exceptionnelle de solidarité,8.0,autres_ressources_cgc_bct,budgetaire,« 8 millions par prélèvement sur les disponibilités du Fonds de la contribution exceptionnelle de solidarité »,bct-ra-1984,"BCT, rapport annuel 1984",153.0,151,page lue à l'image (rendu à 110-120 dpi) le 6 octobre 2026,,,,6412.4,wdi-tunisie (NY.GDP.MKTP.CN),"bases accolées par la Banque mondiale, non raccordées","wdi-tunisie 1961-1985 (bases accolées par la Banque mondiale, non raccordées)",non précisé par la source,0.12,
1984,ressource,dotation du budget de l'État,98.0,budget_dotation_cgc_bct,budgetaire,« 106 millions de dinars dont 98 millions à la charge du Budget ordinaire » (texte),bct-ra-1984,"BCT, rapport annuel 1984",153.0,151,page lue à l'image (rendu à 110-120 dpi) le 6 octobre 2026,part du budget seule ; 8 millions de plus sont prélevés sur le fonds de la contribution exceptionnelle de solidarité (total 106),,,6412.4,wdi-tunisie (NY.GDP.MKTP.CN),"bases accolées par la Banque mondiale, non raccordées","wdi-tunisie 1961-1985 (bases accolées par la Banque mondiale, non raccordées)",non précisé par la source,1.53,
1984,ressource,recettes propres de la Caisse,137.4,recettes_propres_cgc_bct,budgetaire,tableau « Recettes propres de la Caisse générale de compensation »,bct-ra-1985,"BCT, rapport annuel 1985",76.0,74,page lue à l'image (rendu à 110-120 dpi) le 6 octobre 2026,"dont taxe unique sur les carburants 51,5",,,6412.4,wdi-tunisie (NY.GDP.MKTP.CN),"bases accolées par la Banque mondiale, non raccordées","wdi-tunisie 1961-1985 (bases accolées par la Banque mondiale, non raccordées)",non précisé par la source,2.14,
1984,ressource,dont autres recettes,1.7,recettes_propres_cgc_bct,budgetaire,tableau « Recettes propres de la Caisse générale de compensation »,bct-ra-1985,"BCT, rapport annuel 1985",76.0,74,page lue à l'image (rendu à 110-120 dpi) le 6 octobre 2026,,,,6412.4,wdi-tunisie (NY.GDP.MKTP.CN),"bases accolées par la Banque mondiale, non raccordées","wdi-tunisie 1961-1985 (bases accolées par la Banque mondiale, non raccordées)",non précisé par la source,0.03,
1984,ressource,dont recettes fiscales affectées (demi-décime sur les recettes budgétaires),38.2,recettes_propres_cgc_bct,budgetaire,tableau « Recettes propres de la Caisse générale de compensation »,bct-ra-1985,"BCT, rapport annuel 1985",76.0,74,page lue à l'image (rendu à 110-120 dpi) le 6 octobre 2026,,,,6412.4,wdi-tunisie (NY.GDP.MKTP.CN),"bases accolées par la Banque mondiale, non raccordées","wdi-tunisie 1961-1985 (bases accolées par la Banque mondiale, non raccordées)",non précisé par la source,0.6,
1984,ressource,dont taxe de formalité douanière à l'importation (40 % versés à la Caisse),38.8,recettes_propres_cgc_bct,budgetaire,tableau « Recettes propres de la Caisse générale de compensation »,bct-ra-1985,"BCT, rapport annuel 1985",76.0,74,page lue à l'image (rendu à 110-120 dpi) le 6 octobre 2026,,,,6412.4,wdi-tunisie (NY.GDP.MKTP.CN),"bases accolées par la Banque mondiale, non raccordées","wdi-tunisie 1961-1985 (bases accolées par la Banque mondiale, non raccordées)",non précisé par la source,0.61,
1984,ressource,dont taxe sur le ciment,0.5,recettes_propres_cgc_bct,budgetaire,tableau « Recettes propres de la Caisse générale de compensation »,bct-ra-1985,"BCT, rapport annuel 1985",76.0,74,page lue à l'image (rendu à 110-120 dpi) le 6 octobre 2026,,,,6412.4,wdi-tunisie (NY.GDP.MKTP.CN),"bases accolées par la Banque mondiale, non raccordées","wdi-tunisie 1961-1985 (bases accolées par la Banque mondiale, non raccordées)",non précisé par la source,0.01,
1984,ressource,dont taxe sur les boissons alcoolisées,6.7,recettes_propres_cgc_bct,budgetaire,tableau « Recettes propres de la Caisse générale de compensation »,bct-ra-1985,"BCT, rapport annuel 1985",76.0,74,page lue à l'image (rendu à 110-120 dpi) le 6 octobre 2026,,,,6412.4,wdi-tunisie (NY.GDP.MKTP.CN),"bases accolées par la Banque mondiale, non raccordées","wdi-tunisie 1961-1985 (bases accolées par la Banque mondiale, non raccordées)",non précisé par la source,0.1,
1984,ressource,dont taxe unique sur les carburants,51.5,recettes_propres_cgc_bct,budgetaire,tableau « Recettes propres de la Caisse générale de compensation »,bct-ra-1985,"BCT, rapport annuel 1985",76.0,74,page lue à l'image (rendu à 110-120 dpi) le 6 octobre 2026,,,,6412.4,wdi-tunisie (NY.GDP.MKTP.CN),"bases accolées par la Banque mondiale, non raccordées","wdi-tunisie 1961-1985 (bases accolées par la Banque mondiale, non raccordées)",non précisé par la source,0.8,
1985,charge,total des charges,265.0,cgc_charges_bct,budgetaire,« 265 millions de dinars atteints en 1985 » (texte),bct-ra-1986,"BCT, rapport annuel 1986",76.0,73,page lue à l'image (rendu à 110-120 dpi) le 6 octobre 2026,valeur arrondie ; le rapport 1985 disait seulement « ont légèrement dépassé les 260 millions »,,,7018.3,wdi-tunisie (NY.GDP.MKTP.CN),"bases accolées par la Banque mondiale, non raccordées","wdi-tunisie 1961-1985 (bases accolées par la Banque mondiale, non raccordées)",non précisé par la source,3.78,
1985,charge,céréales et dérivés,157.0,cgc_charges_bct,budgetaire,"charges de la Caisse, par produit",bct-ra-1985,"BCT, rapport annuel 1985",75.0,73,page lue à l'image (rendu à 110-120 dpi) le 6 octobre 2026,"montants du texte, arrondis ; le total (265) vient du rapport 1986",,,7018.3,wdi-tunisie (NY.GDP.MKTP.CN),"bases accolées par la Banque mondiale, non raccordées","wdi-tunisie 1961-1985 (bases accolées par la Banque mondiale, non raccordées)",non précisé par la source,2.24,
1985,charge,engrais,17.0,cgc_charges_bct,budgetaire,"charges de la Caisse, par produit",bct-ra-1985,"BCT, rapport annuel 1985",75.0,73,page lue à l'image (rendu à 110-120 dpi) le 6 octobre 2026,"montants du texte, arrondis ; le total (265) vient du rapport 1986",,,7018.3,wdi-tunisie (NY.GDP.MKTP.CN),"bases accolées par la Banque mondiale, non raccordées","wdi-tunisie 1961-1985 (bases accolées par la Banque mondiale, non raccordées)",non précisé par la source,0.24,
1985,charge,huiles,50.0,cgc_charges_bct,budgetaire,"charges de la Caisse, par produit",bct-ra-1985,"BCT, rapport annuel 1985",75.0,73,page lue à l'image (rendu à 110-120 dpi) le 6 octobre 2026,"montants du texte, arrondis ; le total (265) vient du rapport 1986",,,7018.3,wdi-tunisie (NY.GDP.MKTP.CN),"bases accolées par la Banque mondiale, non raccordées","wdi-tunisie 1961-1985 (bases accolées par la Banque mondiale, non raccordées)",non précisé par la source,0.71,
1985,charge,lait,7.9,cgc_charges_bct,budgetaire,"charges de la Caisse, par produit",bct-ra-1985,"BCT, rapport annuel 1985",75.0,73,page lue à l'image (rendu à 110-120 dpi) le 6 octobre 2026,"montants du texte, arrondis ; le total (265) vient du rapport 1986",,,7018.3,wdi-tunisie (NY.GDP.MKTP.CN),"bases accolées par la Banque mondiale, non raccordées","wdi-tunisie 1961-1985 (bases accolées par la Banque mondiale, non raccordées)",non précisé par la source,0.11,
1985,charge,sucre,15.4,cgc_charges_bct,budgetaire,"charges de la Caisse, par produit",bct-ra-1985,"BCT, rapport annuel 1985",75.0,73,page lue à l'image (rendu à 110-120 dpi) le 6 octobre 2026,"montants du texte, arrondis ; le total (265) vient du rapport 1986",,,7018.3,wdi-tunisie (NY.GDP.MKTP.CN),"bases accolées par la Banque mondiale, non raccordées","wdi-tunisie 1961-1985 (bases accolées par la Banque mondiale, non raccordées)",non précisé par la source,0.22,
1985,charge,total des dépenses du fonds spécial,228.7,cgc_depenses_bct,budgetaire,"tableau « Dépenses de compensation », colonne 1985",bct-ra-1986,"BCT, rapport annuel 1986",143.0,140,page lue à l'image (rendu à 110-120 dpi) le 6 octobre 2026,"228,7 au tableau par produit, dont la somme tombe juste ; 228,4 au tableau des fonds spéciaux de la même page ; la couche texte, décalée, n'est pas lue",,,7018.3,wdi-tunisie (NY.GDP.MKTP.CN),"bases accolées par la Banque mondiale, non raccordées","wdi-tunisie 1961-1985 (bases accolées par la Banque mondiale, non raccordées)",non précisé par la source,3.26,
1985,charge,autres,12.5,cgc_depenses_bct,budgetaire,tableau « Dépenses de compensation »,bct-ra-1986,"BCT, rapport annuel 1986",143.0,140,page lue à l'image (rendu à 110-120 dpi) le 6 octobre 2026,,,,7018.3,wdi-tunisie (NY.GDP.MKTP.CN),"bases accolées par la Banque mondiale, non raccordées","wdi-tunisie 1961-1985 (bases accolées par la Banque mondiale, non raccordées)",non précisé par la source,0.18,
1985,charge,céréales et dérivés,131.0,cgc_depenses_bct,budgetaire,tableau « Dépenses de compensation »,bct-ra-1986,"BCT, rapport annuel 1986",143.0,140,page lue à l'image (rendu à 110-120 dpi) le 6 octobre 2026,,,,7018.3,wdi-tunisie (NY.GDP.MKTP.CN),"bases accolées par la Banque mondiale, non raccordées","wdi-tunisie 1961-1985 (bases accolées par la Banque mondiale, non raccordées)",non précisé par la source,1.87,
1985,charge,engrais,16.0,cgc_depenses_bct,budgetaire,tableau « Dépenses de compensation »,bct-ra-1986,"BCT, rapport annuel 1986",143.0,140,page lue à l'image (rendu à 110-120 dpi) le 6 octobre 2026,,,,7018.3,wdi-tunisie (NY.GDP.MKTP.CN),"bases accolées par la Banque mondiale, non raccordées","wdi-tunisie 1961-1985 (bases accolées par la Banque mondiale, non raccordées)",non précisé par la source,0.23,
1985,charge,huiles,44.0,cgc_depenses_bct,budgetaire,tableau « Dépenses de compensation »,bct-ra-1986,"BCT, rapport annuel 1986",143.0,140,page lue à l'image (rendu à 110-120 dpi) le 6 octobre 2026,,,,7018.3,wdi-tunisie (NY.GDP.MKTP.CN),"bases accolées par la Banque mondiale, non raccordées","wdi-tunisie 1961-1985 (bases accolées par la Banque mondiale, non raccordées)",non précisé par la source,0.63,
1985,charge,lait,8.5,cgc_depenses_bct,budgetaire,tableau « Dépenses de compensation »,bct-ra-1986,"BCT, rapport annuel 1986",143.0,140,page lue à l'image (rendu à 110-120 dpi) le 6 octobre 2026,,,,7018.3,wdi-tunisie (NY.GDP.MKTP.CN),"bases accolées par la Banque mondiale, non raccordées","wdi-tunisie 1961-1985 (bases accolées par la Banque mondiale, non raccordées)",non précisé par la source,0.12,
1985,charge,sucre,15.7,cgc_depenses_bct,budgetaire,tableau « Dépenses de compensation »,bct-ra-1986,"BCT, rapport annuel 1986",143.0,140,page lue à l'image (rendu à 110-120 dpi) le 6 octobre 2026,,,,7018.3,wdi-tunisie (NY.GDP.MKTP.CN),"bases accolées par la Banque mondiale, non raccordées","wdi-tunisie 1961-1985 (bases accolées par la Banque mondiale, non raccordées)",non précisé par la source,0.22,
1985,charge,viande,1.0,cgc_depenses_bct,budgetaire,tableau « Dépenses de compensation »,bct-ra-1986,"BCT, rapport annuel 1986",143.0,140,page lue à l'image (rendu à 110-120 dpi) le 6 octobre 2026,,,,7018.3,wdi-tunisie (NY.GDP.MKTP.CN),"bases accolées par la Banque mondiale, non raccordées","wdi-tunisie 1961-1985 (bases accolées par la Banque mondiale, non raccordées)",non précisé par la source,0.01,
1985,ressource,prélèvement sur la contribution exceptionnelle de solidarité,7.0,autres_ressources_cgc_bct,budgetaire,« 7 millions de dinars sur le Fonds de contribution exceptionnelle de solidarité »,bct-ra-1985,"BCT, rapport annuel 1985",76.0,74,page lue à l'image (rendu à 110-120 dpi) le 6 octobre 2026,,,,7018.3,wdi-tunisie (NY.GDP.MKTP.CN),"bases accolées par la Banque mondiale, non raccordées","wdi-tunisie 1961-1985 (bases accolées par la Banque mondiale, non raccordées)",non précisé par la source,0.1,
1985,ressource,dotation du budget de l'État,83.0,budget_dotation_cgc_bct,budgetaire,« une dotation de 90 millions de dinars prélevée à concurrence de 83 millions sur le budget général de l'État » (texte),bct-ra-1985,"BCT, rapport annuel 1985",76.0,74,page lue à l'image (rendu à 110-120 dpi) le 6 octobre 2026,"part du budget seule ; 7 millions de plus sur la contribution exceptionnelle de solidarité ; recettes propres de la Caisse : 138,4 millions",,,7018.3,wdi-tunisie (NY.GDP.MKTP.CN),"bases accolées par la Banque mondiale, non raccordées","wdi-tunisie 1961-1985 (bases accolées par la Banque mondiale, non raccordées)",non précisé par la source,1.18,
1985,ressource,recettes propres de la Caisse,138.4,recettes_propres_cgc_bct,budgetaire,tableau « Recettes propres de la Caisse générale de compensation »,bct-ra-1985,"BCT, rapport annuel 1985",76.0,74,page lue à l'image (rendu à 110-120 dpi) le 6 octobre 2026,"dont taxe unique sur les carburants 52,5 ; recettes fiscales affectées 38,5 ; taxe de formalité douanière 36,3 ; boissons alcoolisées 7,4",,,7018.3,wdi-tunisie (NY.GDP.MKTP.CN),"bases accolées par la Banque mondiale, non raccordées","wdi-tunisie 1961-1985 (bases accolées par la Banque mondiale, non raccordées)",non précisé par la source,1.97,
1985,ressource,dont autres recettes,2.5,recettes_propres_cgc_bct,budgetaire,tableau « Recettes propres de la Caisse générale de compensation »,bct-ra-1985,"BCT, rapport annuel 1985",76.0,74,page lue à l'image (rendu à 110-120 dpi) le 6 octobre 2026,,,,7018.3,wdi-tunisie (NY.GDP.MKTP.CN),"bases accolées par la Banque mondiale, non raccordées","wdi-tunisie 1961-1985 (bases accolées par la Banque mondiale, non raccordées)",non précisé par la source,0.04,
1985,ressource,dont recettes fiscales affectées (demi-décime sur les recettes budgétaires),38.5,recettes_propres_cgc_bct,budgetaire,tableau « Recettes propres de la Caisse générale de compensation »,bct-ra-1985,"BCT, rapport annuel 1985",76.0,74,page lue à l'image (rendu à 110-120 dpi) le 6 octobre 2026,,,,7018.3,wdi-tunisie (NY.GDP.MKTP.CN),"bases accolées par la Banque mondiale, non raccordées","wdi-tunisie 1961-1985 (bases accolées par la Banque mondiale, non raccordées)",non précisé par la source,0.55,
1985,ressource,dont taxe de formalité douanière à l'importation (40 % versés à la Caisse),36.3,recettes_propres_cgc_bct,budgetaire,tableau « Recettes propres de la Caisse générale de compensation »,bct-ra-1985,"BCT, rapport annuel 1985",76.0,74,page lue à l'image (rendu à 110-120 dpi) le 6 octobre 2026,,,,7018.3,wdi-tunisie (NY.GDP.MKTP.CN),"bases accolées par la Banque mondiale, non raccordées","wdi-tunisie 1961-1985 (bases accolées par la Banque mondiale, non raccordées)",non précisé par la source,0.52,
1985,ressource,dont taxe sur le ciment,1.2,recettes_propres_cgc_bct,budgetaire,tableau « Recettes propres de la Caisse générale de compensation »,bct-ra-1985,"BCT, rapport annuel 1985",76.0,74,page lue à l'image (rendu à 110-120 dpi) le 6 octobre 2026,,,,7018.3,wdi-tunisie (NY.GDP.MKTP.CN),"bases accolées par la Banque mondiale, non raccordées","wdi-tunisie 1961-1985 (bases accolées par la Banque mondiale, non raccordées)",non précisé par la source,0.02,
1985,ressource,dont taxe sur les boissons alcoolisées,7.4,recettes_propres_cgc_bct,budgetaire,tableau « Recettes propres de la Caisse générale de compensation »,bct-ra-1985,"BCT, rapport annuel 1985",76.0,74,page lue à l'image (rendu à 110-120 dpi) le 6 octobre 2026,,,,7018.3,wdi-tunisie (NY.GDP.MKTP.CN),"bases accolées par la Banque mondiale, non raccordées","wdi-tunisie 1961-1985 (bases accolées par la Banque mondiale, non raccordées)",non précisé par la source,0.11,
1985,ressource,dont taxe unique sur les carburants,52.5,recettes_propres_cgc_bct,budgetaire,tableau « Recettes propres de la Caisse générale de compensation »,bct-ra-1985,"BCT, rapport annuel 1985",76.0,74,page lue à l'image (rendu à 110-120 dpi) le 6 octobre 2026,,,,7018.3,wdi-tunisie (NY.GDP.MKTP.CN),"bases accolées par la Banque mondiale, non raccordées","wdi-tunisie 1961-1985 (bases accolées par la Banque mondiale, non raccordées)",non précisé par la source,0.75,
1986,charge,total des charges,218.0,cgc_charges_bct,budgetaire,"tableau « Évolution des charges de compensation », colonne 1986",bct-ra-1988,"BCT, rapport annuel 1988",69.0,66,page lue à l'image (rendu à 110-120 dpi) le 6 octobre 2026,source du tableau : ministère de l'Économie nationale ; 218 aussi dans le rapport 1986,2395.0,9.1,7160.4,pib-minfin (déficit en dinars ÷ déficit en points de PIB),base 1983 présumée (aucune série de base connue avant 1992 dans l'entrepôt),pib-minfin 1986-1991 (base 1983 présumée),non précisé par la source,3.04,"PIB : Banque mondiale avant 1986, PIB du ministère des Finances ensuite"
1986,charge,autres,21.3,cgc_charges_bct,budgetaire,"charges de la Caisse, par produit",bct-ra-1988,"BCT, rapport annuel 1988",69.0,66,page lue à l'image (rendu à 110-120 dpi) le 6 octobre 2026,"« divers » : papier, pomme de terre de semence",2395.0,0.89,7160.4,pib-minfin (déficit en dinars ÷ déficit en points de PIB),base 1983 présumée (aucune série de base connue avant 1992 dans l'entrepôt),pib-minfin 1986-1991 (base 1983 présumée),non précisé par la source,0.3,"PIB : Banque mondiale avant 1986, PIB du ministère des Finances ensuite"
1986,charge,céréales et dérivés,133.4,cgc_charges_bct,budgetaire,"charges de la Caisse, par produit",bct-ra-1988,"BCT, rapport annuel 1988",69.0,66,page lue à l'image (rendu à 110-120 dpi) le 6 octobre 2026,"« divers » : papier, pomme de terre de semence",2395.0,5.57,7160.4,pib-minfin (déficit en dinars ÷ déficit en points de PIB),base 1983 présumée (aucune série de base connue avant 1992 dans l'entrepôt),pib-minfin 1986-1991 (base 1983 présumée),non précisé par la source,1.86,"PIB : Banque mondiale avant 1986, PIB du ministère des Finances ensuite"
1986,charge,engrais,16.9,cgc_charges_bct,budgetaire,"charges de la Caisse, par produit",bct-ra-1988,"BCT, rapport annuel 1988",69.0,66,page lue à l'image (rendu à 110-120 dpi) le 6 octobre 2026,"« divers » : papier, pomme de terre de semence",2395.0,0.71,7160.4,pib-minfin (déficit en dinars ÷ déficit en points de PIB),base 1983 présumée (aucune série de base connue avant 1992 dans l'entrepôt),pib-minfin 1986-1991 (base 1983 présumée),non précisé par la source,0.24,"PIB : Banque mondiale avant 1986, PIB du ministère des Finances ensuite"
1986,charge,huiles,24.3,cgc_charges_bct,budgetaire,"charges de la Caisse, par produit",bct-ra-1988,"BCT, rapport annuel 1988",69.0,66,page lue à l'image (rendu à 110-120 dpi) le 6 octobre 2026,"« divers » : papier, pomme de terre de semence",2395.0,1.01,7160.4,pib-minfin (déficit en dinars ÷ déficit en points de PIB),base 1983 présumée (aucune série de base connue avant 1992 dans l'entrepôt),pib-minfin 1986-1991 (base 1983 présumée),non précisé par la source,0.34,"PIB : Banque mondiale avant 1986, PIB du ministère des Finances ensuite"
1986,charge,lait,9.2,cgc_charges_bct,budgetaire,"charges de la Caisse, par produit",bct-ra-1988,"BCT, rapport annuel 1988",69.0,66,page lue à l'image (rendu à 110-120 dpi) le 6 octobre 2026,"« divers » : papier, pomme de terre de semence",2395.0,0.38,7160.4,pib-minfin (déficit en dinars ÷ déficit en points de PIB),base 1983 présumée (aucune série de base connue avant 1992 dans l'entrepôt),pib-minfin 1986-1991 (base 1983 présumée),non précisé par la source,0.13,"PIB : Banque mondiale avant 1986, PIB du ministère des Finances ensuite"
1986,charge,sucre,12.9,cgc_charges_bct,budgetaire,"charges de la Caisse, par produit",bct-ra-1988,"BCT, rapport annuel 1988",69.0,66,page lue à l'image (rendu à 110-120 dpi) le 6 octobre 2026,"« divers » : papier, pomme de terre de semence",2395.0,0.54,7160.4,pib-minfin (déficit en dinars ÷ déficit en points de PIB),base 1983 présumée (aucune série de base connue avant 1992 dans l'entrepôt),pib-minfin 1986-1991 (base 1983 présumée),non précisé par la source,0.18,"PIB : Banque mondiale avant 1986, PIB du ministère des Finances ensuite"
1986,charge,total des dépenses du fonds spécial,207.2,cgc_depenses_bct,budgetaire,"tableau « Dépenses de compensation », colonne 1986",bct-ra-1986,"BCT, rapport annuel 1986",143.0,140,page lue à l'image (rendu à 110-120 dpi) le 6 octobre 2026,,2395.0,8.65,7160.4,pib-minfin (déficit en dinars ÷ déficit en points de PIB),base 1983 présumée (aucune série de base connue avant 1992 dans l'entrepôt),pib-minfin 1986-1991 (base 1983 présumée),non précisé par la source,2.89,"PIB : Banque mondiale avant 1986, PIB du ministère des Finances ensuite"
1986,charge,autres,12.2,cgc_depenses_bct,budgetaire,tableau « Dépenses de compensation »,bct-ra-1986,"BCT, rapport annuel 1986",143.0,140,page lue à l'image (rendu à 110-120 dpi) le 6 octobre 2026,,2395.0,0.51,7160.4,pib-minfin (déficit en dinars ÷ déficit en points de PIB),base 1983 présumée (aucune série de base connue avant 1992 dans l'entrepôt),pib-minfin 1986-1991 (base 1983 présumée),non précisé par la source,0.17,"PIB : Banque mondiale avant 1986, PIB du ministère des Finances ensuite"
1986,charge,céréales et dérivés,126.0,cgc_depenses_bct,budgetaire,tableau « Dépenses de compensation »,bct-ra-1986,"BCT, rapport annuel 1986",143.0,140,page lue à l'image (rendu à 110-120 dpi) le 6 octobre 2026,,2395.0,5.26,7160.4,pib-minfin (déficit en dinars ÷ déficit en points de PIB),base 1983 présumée (aucune série de base connue avant 1992 dans l'entrepôt),pib-minfin 1986-1991 (base 1983 présumée),non précisé par la source,1.76,"PIB : Banque mondiale avant 1986, PIB du ministère des Finances ensuite"
1986,charge,engrais,17.0,cgc_depenses_bct,budgetaire,tableau « Dépenses de compensation »,bct-ra-1986,"BCT, rapport annuel 1986",143.0,140,page lue à l'image (rendu à 110-120 dpi) le 6 octobre 2026,,2395.0,0.71,7160.4,pib-minfin (déficit en dinars ÷ déficit en points de PIB),base 1983 présumée (aucune série de base connue avant 1992 dans l'entrepôt),pib-minfin 1986-1991 (base 1983 présumée),non précisé par la source,0.24,"PIB : Banque mondiale avant 1986, PIB du ministère des Finances ensuite"
1986,charge,huiles,25.0,cgc_depenses_bct,budgetaire,tableau « Dépenses de compensation »,bct-ra-1986,"BCT, rapport annuel 1986",143.0,140,page lue à l'image (rendu à 110-120 dpi) le 6 octobre 2026,,2395.0,1.04,7160.4,pib-minfin (déficit en dinars ÷ déficit en points de PIB),base 1983 présumée (aucune série de base connue avant 1992 dans l'entrepôt),pib-minfin 1986-1991 (base 1983 présumée),non précisé par la source,0.35,"PIB : Banque mondiale avant 1986, PIB du ministère des Finances ensuite"
1986,charge,lait,9.5,cgc_depenses_bct,budgetaire,tableau « Dépenses de compensation »,bct-ra-1986,"BCT, rapport annuel 1986",143.0,140,page lue à l'image (rendu à 110-120 dpi) le 6 octobre 2026,,2395.0,0.4,7160.4,pib-minfin (déficit en dinars ÷ déficit en points de PIB),base 1983 présumée (aucune série de base connue avant 1992 dans l'entrepôt),pib-minfin 1986-1991 (base 1983 présumée),non précisé par la source,0.13,"PIB : Banque mondiale avant 1986, PIB du ministère des Finances ensuite"
1986,charge,sucre,17.5,cgc_depenses_bct,budgetaire,tableau « Dépenses de compensation »,bct-ra-1986,"BCT, rapport annuel 1986",143.0,140,page lue à l'image (rendu à 110-120 dpi) le 6 octobre 2026,,2395.0,0.73,7160.4,pib-minfin (déficit en dinars ÷ déficit en points de PIB),base 1983 présumée (aucune série de base connue avant 1992 dans l'entrepôt),pib-minfin 1986-1991 (base 1983 présumée),non précisé par la source,0.24,"PIB : Banque mondiale avant 1986, PIB du ministère des Finances ensuite"
1986,ressource,prélèvement sur la contribution exceptionnelle de solidarité,7.0,autres_ressources_cgc_bct,budgetaire,« 7 millions de dinars sur le Fonds de contribution exceptionnelle de solidarité »,bct-ra-1986,"BCT, rapport annuel 1986",76.0,73,page lue à l'image (rendu à 110-120 dpi) le 6 octobre 2026,,2395.0,0.29,7160.4,pib-minfin (déficit en dinars ÷ déficit en points de PIB),base 1983 présumée (aucune série de base connue avant 1992 dans l'entrepôt),pib-minfin 1986-1991 (base 1983 présumée),non précisé par la source,0.1,"PIB : Banque mondiale avant 1986, PIB du ministère des Finances ensuite"
1986,ressource,dotation du budget de l'État,68.0,budget_dotation_cgc_bct,budgetaire,« une dotation de 75 millions de dinars prélevée à concurrence de 68 millions de dinars sur le budget de l'État » (texte),bct-ra-1986,"BCT, rapport annuel 1986",76.0,73,page lue à l'image (rendu à 110-120 dpi) le 6 octobre 2026,part du budget seule ; 7 millions de plus sur la contribution exceptionnelle de solidarité ; recettes propres : 135 millions,2395.0,2.84,7160.4,pib-minfin (déficit en dinars ÷ déficit en points de PIB),base 1983 présumée (aucune série de base connue avant 1992 dans l'entrepôt),pib-minfin 1986-1991 (base 1983 présumée),non précisé par la source,0.95,"PIB : Banque mondiale avant 1986, PIB du ministère des Finances ensuite"
1986,ressource,recettes propres de la Caisse,135.0,recettes_propres_cgc_bct,budgetaire,« les recettes propres […] ont totalisé 135 millions de dinars »,bct-ra-1986,"BCT, rapport annuel 1986",76.0,73,page lue à l'image (rendu à 110-120 dpi) le 6 octobre 2026,dont 72 de recettes fiscales affectées et 52 de taxe unique sur les carburants,2395.0,5.64,7160.4,pib-minfin (déficit en dinars ÷ déficit en points de PIB),base 1983 présumée (aucune série de base connue avant 1992 dans l'entrepôt),pib-minfin 1986-1991 (base 1983 présumée),non précisé par la source,1.89,"PIB : Banque mondiale avant 1986, PIB du ministère des Finances ensuite"
1987,charge,total des charges,195.8,cgc_charges_bct,budgetaire,"tableau « Évolution des charges de compensation », colonne 1987",bct-ra-1988,"BCT, rapport annuel 1988",69.0,66,page lue à l'image (rendu à 110-120 dpi) le 6 octobre 2026,,2316.6,8.45,8035.3,pib-minfin (déficit en dinars ÷ déficit en points de PIB),base 1983 présumée (aucune série de base connue avant 1992 dans l'entrepôt),pib-minfin 1986-1991 (base 1983 présumée),non précisé par la source,2.44,
1987,charge,autres,16.0,cgc_charges_bct,budgetaire,"charges de la Caisse, par produit",bct-ra-1988,"BCT, rapport annuel 1988",69.0,66,page lue à l'image (rendu à 110-120 dpi) le 6 octobre 2026,,2316.6,0.69,8035.3,pib-minfin (déficit en dinars ÷ déficit en points de PIB),base 1983 présumée (aucune série de base connue avant 1992 dans l'entrepôt),pib-minfin 1986-1991 (base 1983 présumée),non précisé par la source,0.2,
1987,charge,céréales et dérivés,116.0,cgc_charges_bct,budgetaire,"charges de la Caisse, par produit",bct-ra-1988,"BCT, rapport annuel 1988",69.0,66,page lue à l'image (rendu à 110-120 dpi) le 6 octobre 2026,,2316.6,5.01,8035.3,pib-minfin (déficit en dinars ÷ déficit en points de PIB),base 1983 présumée (aucune série de base connue avant 1992 dans l'entrepôt),pib-minfin 1986-1991 (base 1983 présumée),non précisé par la source,1.44,
1987,charge,engrais,13.7,cgc_charges_bct,budgetaire,"charges de la Caisse, par produit",bct-ra-1988,"BCT, rapport annuel 1988",69.0,66,page lue à l'image (rendu à 110-120 dpi) le 6 octobre 2026,,2316.6,0.59,8035.3,pib-minfin (déficit en dinars ÷ déficit en points de PIB),base 1983 présumée (aucune série de base connue avant 1992 dans l'entrepôt),pib-minfin 1986-1991 (base 1983 présumée),non précisé par la source,0.17,
1987,charge,huiles,17.9,cgc_charges_bct,budgetaire,"charges de la Caisse, par produit",bct-ra-1988,"BCT, rapport annuel 1988",69.0,66,page lue à l'image (rendu à 110-120 dpi) le 6 octobre 2026,,2316.6,0.77,8035.3,pib-minfin (déficit en dinars ÷ déficit en points de PIB),base 1983 présumée (aucune série de base connue avant 1992 dans l'entrepôt),pib-minfin 1986-1991 (base 1983 présumée),non précisé par la source,0.22,
1987,charge,lait,12.0,cgc_charges_bct,budgetaire,"charges de la Caisse, par produit",bct-ra-1988,"BCT, rapport annuel 1988",69.0,66,page lue à l'image (rendu à 110-120 dpi) le 6 octobre 2026,,2316.6,0.52,8035.3,pib-minfin (déficit en dinars ÷ déficit en points de PIB),base 1983 présumée (aucune série de base connue avant 1992 dans l'entrepôt),pib-minfin 1986-1991 (base 1983 présumée),non précisé par la source,0.15,
1987,charge,sucre,20.2,cgc_charges_bct,budgetaire,"charges de la Caisse, par produit",bct-ra-1988,"BCT, rapport annuel 1988",69.0,66,page lue à l'image (rendu à 110-120 dpi) le 6 octobre 2026,,2316.6,0.87,8035.3,pib-minfin (déficit en dinars ÷ déficit en points de PIB),base 1983 présumée (aucune série de base connue avant 1992 dans l'entrepôt),pib-minfin 1986-1991 (base 1983 présumée),non précisé par la source,0.25,
1987,ressource,dotation du budget de l'État,189.0,budget_dotation_cgc_bct,budgetaire,« une dotation budgétaire fixée à 189 millions de dinars pour l'exercice 1987 » (texte),bct-ra-1987,"BCT, rapport annuel 1987",71.0,67,page lue à l'image (rendu à 110-120 dpi) le 6 octobre 2026,"« aux termes de la loi de finances de 1987, les recettes fiscales et para-fiscales destinées à la Caisse […] ne sont plus individualisées mais intégrées au budget de l'État » ; « gap de financement de l'ordre de 7 millions de dinars »",2316.6,8.16,8035.3,pib-minfin (déficit en dinars ÷ déficit en points de PIB),base 1983 présumée (aucune série de base connue avant 1992 dans l'entrepôt),pib-minfin 1986-1991 (base 1983 présumée),non précisé par la source,2.35,
1987,solde,déficit,-7.0,solde_cgc_bct,budgetaire,« un gap de financement de l'ordre de 7 millions de dinars »,bct-ra-1987,"BCT, rapport annuel 1987",71.0,67,page lue à l'image (rendu à 110-120 dpi) le 6 octobre 2026,,2316.6,-0.3,8035.3,pib-minfin (déficit en dinars ÷ déficit en points de PIB),base 1983 présumée (aucune série de base connue avant 1992 dans l'entrepôt),pib-minfin 1986-1991 (base 1983 présumée),non précisé par la source,-0.09,
1988,charge,total des charges,274.4,cgc_charges_bct,budgetaire,"tableau « Évolution des charges de compensation », colonne 1988",bct-ra-1988,"BCT, rapport annuel 1988",69.0,66,page lue à l'image (rendu à 110-120 dpi) le 6 octobre 2026,,2603.3,10.54,8660.6,pib-minfin (déficit en dinars ÷ déficit en points de PIB),base 1983 présumée (aucune série de base connue avant 1992 dans l'entrepôt),pib-minfin 1986-1991 (base 1983 présumée),non précisé par la source,3.17,
1988,charge,autres,14.5,cgc_charges_bct,budgetaire,"charges de la Caisse, par produit",bct-ra-1988,"BCT, rapport annuel 1988",69.0,66,page lue à l'image (rendu à 110-120 dpi) le 6 octobre 2026,,2603.3,0.56,8660.6,pib-minfin (déficit en dinars ÷ déficit en points de PIB),base 1983 présumée (aucune série de base connue avant 1992 dans l'entrepôt),pib-minfin 1986-1991 (base 1983 présumée),non précisé par la source,0.17,
1988,charge,céréales et dérivés,168.0,cgc_charges_bct,budgetaire,"charges de la Caisse, par produit",bct-ra-1988,"BCT, rapport annuel 1988",69.0,66,page lue à l'image (rendu à 110-120 dpi) le 6 octobre 2026,,2603.3,6.45,8660.6,pib-minfin (déficit en dinars ÷ déficit en points de PIB),base 1983 présumée (aucune série de base connue avant 1992 dans l'entrepôt),pib-minfin 1986-1991 (base 1983 présumée),non précisé par la source,1.94,
1988,charge,engrais,12.0,cgc_charges_bct,budgetaire,"charges de la Caisse, par produit",bct-ra-1988,"BCT, rapport annuel 1988",69.0,66,page lue à l'image (rendu à 110-120 dpi) le 6 octobre 2026,,2603.3,0.46,8660.6,pib-minfin (déficit en dinars ÷ déficit en points de PIB),base 1983 présumée (aucune série de base connue avant 1992 dans l'entrepôt),pib-minfin 1986-1991 (base 1983 présumée),non précisé par la source,0.14,
1988,charge,huiles,37.5,cgc_charges_bct,budgetaire,"charges de la Caisse, par produit",bct-ra-1988,"BCT, rapport annuel 1988",69.0,66,page lue à l'image (rendu à 110-120 dpi) le 6 octobre 2026,,2603.3,1.44,8660.6,pib-minfin (déficit en dinars ÷ déficit en points de PIB),base 1983 présumée (aucune série de base connue avant 1992 dans l'entrepôt),pib-minfin 1986-1991 (base 1983 présumée),non précisé par la source,0.43,
1988,charge,lait,20.0,cgc_charges_bct,budgetaire,"charges de la Caisse, par produit",bct-ra-1988,"BCT, rapport annuel 1988",69.0,66,page lue à l'image (rendu à 110-120 dpi) le 6 octobre 2026,,2603.3,0.77,8660.6,pib-minfin (déficit en dinars ÷ déficit en points de PIB),base 1983 présumée (aucune série de base connue avant 1992 dans l'entrepôt),pib-minfin 1986-1991 (base 1983 présumée),non précisé par la source,0.23,
1988,charge,sucre,22.4,cgc_charges_bct,budgetaire,"charges de la Caisse, par produit",bct-ra-1988,"BCT, rapport annuel 1988",69.0,66,page lue à l'image (rendu à 110-120 dpi) le 6 octobre 2026,,2603.3,0.86,8660.6,pib-minfin (déficit en dinars ÷ déficit en points de PIB),base 1983 présumée (aucune série de base connue avant 1992 dans l'entrepôt),pib-minfin 1986-1991 (base 1983 présumée),non précisé par la source,0.26,
1989,charge,total des charges,378.0,cgc_charges_bct,budgetaire,« se sont élevées à 378 millions de dinars en 1989 » (texte),bct-ra-1989,"BCT, rapport annuel 1989",75.0,72,page lue à l'image (rendu à 110-120 dpi) le 6 octobre 2026,valeur arrondie par la source,2969.8,12.73,9589.8,pib-minfin (déficit en dinars ÷ déficit en points de PIB),base 1983 présumée (aucune série de base connue avant 1992 dans l'entrepôt),pib-minfin 1986-1991 (base 1983 présumée),non précisé par la source,3.94,
1990,charge,total des charges,317.0,cgc_charges_bct,budgetaire,« contre 317 millions l'année précédente » (texte),bct-ra-1991,"BCT, rapport annuel 1991",90.0,87,page lue à l'image (rendu à 110-120 dpi) le 6 octobre 2026,valeur arrondie ; le rapport 1990 n'a pas été relu (couche texte inexploitable),3181.8,9.96,10815.7,pib-minfin (déficit en dinars ÷ déficit en points de PIB),base 1983 présumée (aucune série de base connue avant 1992 dans l'entrepôt),pib-minfin 1986-1991 (base 1983 présumée),non précisé par la source,2.93,
1991,charge,total des charges,270.0,cgc_charges_bct,budgetaire,« 270 millions de dinars l'année précédente » (texte),bct-ra-1992,"BCT, rapport annuel 1992",82.0,80,page lue à l'image (rendu à 110-120 dpi) le 6 octobre 2026,"« 270 millions de dinars environ » dans le rapport 1991 (p. 90), qui donne aussi les DÉPENSES de la Caisse : 285 millions, arriérés régularisés compris",3514.0,7.68,12028.8,pib-minfin (déficit en dinars ÷ déficit en points de PIB),base 1983 présumée (aucune série de base connue avant 1992 dans l'entrepôt),pib-minfin 1986-1991 (base 1983 présumée),non précisé par la source,2.24,"champ : sortie du sucre en morceaux, des pâtes, du couscous, de la farine pâtissière, du maïs et du superphosphate simple (BCT, rapport 1991, p. 91)"
1991,ressource,dotation du budget de l'État,272.0,budget_dotation_cgc_bct,budgetaire,« une dotation budgétaire de 272 millions de dinars » (texte),bct-ra-1991,"BCT, rapport annuel 1991",91.0,88,page lue à l'image (rendu à 110-120 dpi) le 6 octobre 2026,recettes propres : 13 millions,3514.0,7.74,12028.8,pib-minfin (déficit en dinars ÷ déficit en points de PIB),base 1983 présumée (aucune série de base connue avant 1992 dans l'entrepôt),pib-minfin 1986-1991 (base 1983 présumée),non précisé par la source,2.26,"champ : sortie du sucre en morceaux, des pâtes, du couscous, de la farine pâtissière, du maïs et du superphosphate simple (BCT, rapport 1991, p. 91)"
1991,ressource,recettes propres de la Caisse,13.0,recettes_propres_cgc_bct,budgetaire,« des recettes propres de 13 millions de dinars »,bct-ra-1991,"BCT, rapport annuel 1991",91.0,88,page lue à l'image (rendu à 110-120 dpi) le 6 octobre 2026,taxes sur les importations de viande bovine et de poudre de lait,3514.0,0.37,12028.8,pib-minfin (déficit en dinars ÷ déficit en points de PIB),base 1983 présumée (aucune série de base connue avant 1992 dans l'entrepôt),pib-minfin 1986-1991 (base 1983 présumée),non précisé par la source,0.11,"champ : sortie du sucre en morceaux, des pâtes, du couscous, de la farine pâtissière, du maïs et du superphosphate simple (BCT, rapport 1991, p. 91)"
1992,charge,total des charges,291.0,cgc_charges_bct,budgetaire,« contre 291 millions l'année précédente » (texte),bct-ra-1993,"BCT, rapport annuel 1993",76.0,75,page lue à l'image (rendu à 110-120 dpi) le 6 octobre 2026,le rapport 1992 donne 291 « environ » (p. 82) puis des « charges totales […] en définitive » de 296 millions (p. 83),3656.4,7.96,13705.9,pib-minfin (déficit en dinars ÷ déficit en points de PIB),base 1983,pib-minfin 1992-1996 (base 1983),non précisé par la source,2.12,"champ : de 1992 à 1994, sortie de certains engrais, des aliments du bétail, des huiles acides importées et du sucre hors ménages démunis (BCT, rapport 1994, p. 83)"
1992,charge,céréales et dérivés,197.3,cgc_charges_bct,budgetaire,"charges de la Caisse, par produit",bct-ra-1992,"BCT, rapport annuel 1992",82.0,80,page lue à l'image (rendu à 110-120 dpi) le 6 octobre 2026,montants du texte ; total « environ 291 »,3656.4,5.4,13705.9,pib-minfin (déficit en dinars ÷ déficit en points de PIB),base 1983,pib-minfin 1992-1996 (base 1983),non précisé par la source,1.44,"champ : de 1992 à 1994, sortie de certains engrais, des aliments du bétail, des huiles acides importées et du sucre hors ménages démunis (BCT, rapport 1994, p. 83)"
1992,charge,huiles,28.0,cgc_charges_bct,budgetaire,"charges de la Caisse, par produit",bct-ra-1992,"BCT, rapport annuel 1992",82.0,80,page lue à l'image (rendu à 110-120 dpi) le 6 octobre 2026,montants du texte ; total « environ 291 »,3656.4,0.77,13705.9,pib-minfin (déficit en dinars ÷ déficit en points de PIB),base 1983,pib-minfin 1992-1996 (base 1983),non précisé par la source,0.2,"champ : de 1992 à 1994, sortie de certains engrais, des aliments du bétail, des huiles acides importées et du sucre hors ménages démunis (BCT, rapport 1994, p. 83)"
1992,charge,lait,25.0,cgc_charges_bct,budgetaire,"charges de la Caisse, par produit",bct-ra-1992,"BCT, rapport annuel 1992",82.0,80,page lue à l'image (rendu à 110-120 dpi) le 6 octobre 2026,montants du texte ; total « environ 291 »,3656.4,0.68,13705.9,pib-minfin (déficit en dinars ÷ déficit en points de PIB),base 1983,pib-minfin 1992-1996 (base 1983),non précisé par la source,0.18,"champ : de 1992 à 1994, sortie de certains engrais, des aliments du bétail, des huiles acides importées et du sucre hors ménages démunis (BCT, rapport 1994, p. 83)"
1992,charge,sucre,13.4,cgc_charges_bct,budgetaire,"charges de la Caisse, par produit",bct-ra-1992,"BCT, rapport annuel 1992",82.0,80,page lue à l'image (rendu à 110-120 dpi) le 6 octobre 2026,montants du texte ; total « environ 291 »,3656.4,0.37,13705.9,pib-minfin (déficit en dinars ÷ déficit en points de PIB),base 1983,pib-minfin 1992-1996 (base 1983),non précisé par la source,0.1,"champ : de 1992 à 1994, sortie de certains engrais, des aliments du bétail, des huiles acides importées et du sucre hors ménages démunis (BCT, rapport 1994, p. 83)"
1992,ressource,dotation du budget de l'État,255.0,budget_dotation_cgc_bct,budgetaire,« une dotation budgétaire de 255 millions de dinars » (texte),bct-ra-1992,"BCT, rapport annuel 1992",83.0,81,page lue à l'image (rendu à 110-120 dpi) le 6 octobre 2026,recettes propres : 20 millions,3656.4,6.97,13705.9,pib-minfin (déficit en dinars ÷ déficit en points de PIB),base 1983,pib-minfin 1992-1996 (base 1983),non précisé par la source,1.86,"champ : de 1992 à 1994, sortie de certains engrais, des aliments du bétail, des huiles acides importées et du sucre hors ménages démunis (BCT, rapport 1994, p. 83)"
1992,ressource,recettes propres de la Caisse,20.0,recettes_propres_cgc_bct,budgetaire,« des ressources propres pour 20 millions de dinars »,bct-ra-1992,"BCT, rapport annuel 1992",83.0,81,page lue à l'image (rendu à 110-120 dpi) le 6 octobre 2026,,3656.4,0.55,13705.9,pib-minfin (déficit en dinars ÷ déficit en points de PIB),base 1983,pib-minfin 1992-1996 (base 1983),non précisé par la source,0.15,"champ : de 1992 à 1994, sortie de certains engrais, des aliments du bétail, des huiles acides importées et du sucre hors ménages démunis (BCT, rapport 1994, p. 83)"
1992,solde,excédent,4.3,solde_cgc_bct,budgetaire,"« un excédent de 4,3 millions de dinars qui est repris dans les ressources propres pour la gestion de 1993 »",bct-ra-1992,"BCT, rapport annuel 1992",83.0,81,page lue à l'image (rendu à 110-120 dpi) le 6 octobre 2026,,3656.4,0.12,13705.9,pib-minfin (déficit en dinars ÷ déficit en points de PIB),base 1983,pib-minfin 1992-1996 (base 1983),non précisé par la source,0.03,"champ : de 1992 à 1994, sortie de certains engrais, des aliments du bétail, des huiles acides importées et du sucre hors ménages démunis (BCT, rapport 1994, p. 83)"
1993,charge,total des charges,314.0,cgc_charges_bct,budgetaire,« contre 314 MD l'année précédente » (texte),bct-ra-1994,"BCT, rapport annuel 1994",82.0,90,page lue à l'image (rendu à 110-120 dpi) le 6 octobre 2026,314 aussi dans le rapport 1993 (p. 76),4014.2,7.82,14662.9,pib-minfin (déficit en dinars ÷ déficit en points de PIB),base 1983,pib-minfin 1992-1996 (base 1983),non précisé par la source,2.14,
1993,charge,autres,29.5,cgc_charges_bct,budgetaire,"charges de la Caisse, par produit",bct-ra-1993,"BCT, rapport annuel 1993",76.0,75,page lue à l'image (rendu à 110-120 dpi) le 6 octobre 2026,"montants du texte ; « autres » : engrais, pomme de terre de semence, papier, livres",4014.2,0.73,14662.9,pib-minfin (déficit en dinars ÷ déficit en points de PIB),base 1983,pib-minfin 1992-1996 (base 1983),non précisé par la source,0.2,
1993,charge,céréales et dérivés,204.0,cgc_charges_bct,budgetaire,"charges de la Caisse, par produit",bct-ra-1993,"BCT, rapport annuel 1993",76.0,75,page lue à l'image (rendu à 110-120 dpi) le 6 octobre 2026,"montants du texte ; « autres » : engrais, pomme de terre de semence, papier, livres",4014.2,5.08,14662.9,pib-minfin (déficit en dinars ÷ déficit en points de PIB),base 1983,pib-minfin 1992-1996 (base 1983),non précisé par la source,1.39,
1993,charge,huiles,37.0,cgc_charges_bct,budgetaire,"charges de la Caisse, par produit",bct-ra-1993,"BCT, rapport annuel 1993",76.0,75,page lue à l'image (rendu à 110-120 dpi) le 6 octobre 2026,"montants du texte ; « autres » : engrais, pomme de terre de semence, papier, livres",4014.2,0.92,14662.9,pib-minfin (déficit en dinars ÷ déficit en points de PIB),base 1983,pib-minfin 1992-1996 (base 1983),non précisé par la source,0.25,
1993,charge,lait,25.6,cgc_charges_bct,budgetaire,"charges de la Caisse, par produit",bct-ra-1993,"BCT, rapport annuel 1993",76.0,75,page lue à l'image (rendu à 110-120 dpi) le 6 octobre 2026,"montants du texte ; « autres » : engrais, pomme de terre de semence, papier, livres",4014.2,0.64,14662.9,pib-minfin (déficit en dinars ÷ déficit en points de PIB),base 1983,pib-minfin 1992-1996 (base 1983),non précisé par la source,0.17,
1993,charge,sucre,17.9,cgc_charges_bct,budgetaire,"charges de la Caisse, par produit",bct-ra-1993,"BCT, rapport annuel 1993",76.0,75,page lue à l'image (rendu à 110-120 dpi) le 6 octobre 2026,"montants du texte ; « autres » : engrais, pomme de terre de semence, papier, livres",4014.2,0.45,14662.9,pib-minfin (déficit en dinars ÷ déficit en points de PIB),base 1983,pib-minfin 1992-1996 (base 1983),non précisé par la source,0.12,
1993,ressource,dotation du budget de l'État,245.0,budget_dotation_cgc_bct,budgetaire,« une dotation budgétaire de 245 millions de dinars » (texte),bct-ra-1993,"BCT, rapport annuel 1993",76.0,75,page lue à l'image (rendu à 110-120 dpi) le 6 octobre 2026,recettes propres : 39 millions,4014.2,6.1,14662.9,pib-minfin (déficit en dinars ÷ déficit en points de PIB),base 1983,pib-minfin 1992-1996 (base 1983),non précisé par la source,1.67,
1993,ressource,recettes propres de la Caisse,39.0,recettes_propres_cgc_bct,budgetaire,« des recettes propres de 39 millions de dinars »,bct-ra-1993,"BCT, rapport annuel 1993",76.0,75,page lue à l'image (rendu à 110-120 dpi) le 6 octobre 2026,,4014.2,0.97,14662.9,pib-minfin (déficit en dinars ÷ déficit en points de PIB),base 1983,pib-minfin 1992-1996 (base 1983),non précisé par la source,0.27,
1993,solde,déficit,-30.0,solde_cgc_bct,budgetaire,"« Le déficit, soit 30 millions de dinars »",bct-ra-1993,"BCT, rapport annuel 1993",76.0,75,page lue à l'image (rendu à 110-120 dpi) le 6 octobre 2026,,4014.2,-0.75,14662.9,pib-minfin (déficit en dinars ÷ déficit en points de PIB),base 1983,pib-minfin 1992-1996 (base 1983),non précisé par la source,-0.2,
1994,charge,total des charges,304.0,cgc_charges_bct,budgetaire,"« se sont élevées, en 1994, à 304 MD » (texte)",bct-ra-1994,"BCT, rapport annuel 1994",82.0,90,page lue à l'image (rendu à 110-120 dpi) le 6 octobre 2026,,4276.6,7.11,15813.8,pib-minfin (déficit en dinars ÷ déficit en points de PIB),base 1983,pib-minfin 1992-1996 (base 1983),non précisé par la source,1.92,
1994,ressource,dotation du budget de l'État,230.0,budget_dotation_cgc_bct,budgetaire,« une dotation budgétaire de 230 MD » (texte),bct-ra-1994,"BCT, rapport annuel 1994",83.0,91,page lue à l'image (rendu à 110-120 dpi) le 6 octobre 2026,recettes propres : 19 MD ; déficit de 55 MD,4276.6,5.38,15813.8,pib-minfin (déficit en dinars ÷ déficit en points de PIB),base 1983,pib-minfin 1992-1996 (base 1983),non précisé par la source,1.45,
1994,ressource,recettes propres de la Caisse,19.0,recettes_propres_cgc_bct,budgetaire,« des recettes propres de 19 MD »,bct-ra-1994,"BCT, rapport annuel 1994",83.0,91,page lue à l'image (rendu à 110-120 dpi) le 6 octobre 2026,,4276.6,0.44,15813.8,pib-minfin (déficit en dinars ÷ déficit en points de PIB),base 1983,pib-minfin 1992-1996 (base 1983),non précisé par la source,0.12,
1994,solde,déficit,-55.0,solde_cgc_bct,budgetaire,"« Le déficit de 55 MD, dont 25 MD réglés dans le cadre de l'apurement des arriérés de l'Office des céréales »",bct-ra-1994,"BCT, rapport annuel 1994",83.0,91,page lue à l'image (rendu à 110-120 dpi) le 6 octobre 2026,,4276.6,-1.29,15813.8,pib-minfin (déficit en dinars ÷ déficit en points de PIB),base 1983,pib-minfin 1992-1996 (base 1983),non précisé par la source,-0.35,
1995,charge,total des charges,342.8,cgc_charges_bct,budgetaire,"« sont estimées à 342,8 MD » (texte)",bct-ra-1995,"BCT, rapport annuel 1995",77.0,84,page lue à l'image (rendu à 110-120 dpi) le 6 octobre 2026,aucune publication postérieure ne reprend 1995,4584.2,7.48,17051.8,pib-minfin (déficit en dinars ÷ déficit en points de PIB),base 1983,pib-minfin 1992-1996 (base 1983),non précisé par la source,2.01,
1995,charge,céréales et dérivés,205.0,cgc_charges_bct,budgetaire,"charges de la Caisse, par produit",bct-ra-1995,"BCT, rapport annuel 1995",78.0,85,page lue à l'image (rendu à 110-120 dpi) le 6 octobre 2026,montants du texte (« évaluées »),4584.2,4.47,17051.8,pib-minfin (déficit en dinars ÷ déficit en points de PIB),base 1983,pib-minfin 1992-1996 (base 1983),non précisé par la source,1.2,
1995,charge,huiles,67.5,cgc_charges_bct,budgetaire,"charges de la Caisse, par produit",bct-ra-1995,"BCT, rapport annuel 1995",78.0,85,page lue à l'image (rendu à 110-120 dpi) le 6 octobre 2026,montants du texte (« évaluées »),4584.2,1.47,17051.8,pib-minfin (déficit en dinars ÷ déficit en points de PIB),base 1983,pib-minfin 1992-1996 (base 1983),non précisé par la source,0.4,
1995,charge,lait,23.7,cgc_charges_bct,budgetaire,"charges de la Caisse, par produit",bct-ra-1995,"BCT, rapport annuel 1995",78.0,85,page lue à l'image (rendu à 110-120 dpi) le 6 octobre 2026,montants du texte (« évaluées »),4584.2,0.52,17051.8,pib-minfin (déficit en dinars ÷ déficit en points de PIB),base 1983,pib-minfin 1992-1996 (base 1983),non précisé par la source,0.14,
1995,charge,sucre,13.5,cgc_charges_bct,budgetaire,"charges de la Caisse, par produit",bct-ra-1995,"BCT, rapport annuel 1995",78.0,85,page lue à l'image (rendu à 110-120 dpi) le 6 octobre 2026,montants du texte (« évaluées »),4584.2,0.29,17051.8,pib-minfin (déficit en dinars ÷ déficit en points de PIB),base 1983,pib-minfin 1992-1996 (base 1983),non précisé par la source,0.08,
1995,ressource,prise en charge par le Centre national pédagogique,17.0,autres_ressources_cgc_bct,budgetaire,« prise en charge par le Centre national pédagogique de la compensation du papier scolaire à hauteur de 17 MD »,bct-ra-1995,"BCT, rapport annuel 1995",78.0,85,page lue à l'image (rendu à 110-120 dpi) le 6 octobre 2026,,4584.2,0.37,17051.8,pib-minfin (déficit en dinars ÷ déficit en points de PIB),base 1983,pib-minfin 1992-1996 (base 1983),non précisé par la source,0.1,
1995,ressource,dotation du budget de l'État,215.0,budget_dotation_cgc_bct,budgetaire,« une dotation budgétaire de 215 MD » (texte),bct-ra-1995,"BCT, rapport annuel 1995",78.0,85,page lue à l'image (rendu à 110-120 dpi) le 6 octobre 2026,"ressources propres : 25,8 MD ; 17 MD de papier scolaire pris en charge par le Centre national pédagogique ; déficit de 85 MD",4584.2,4.69,17051.8,pib-minfin (déficit en dinars ÷ déficit en points de PIB),base 1983,pib-minfin 1992-1996 (base 1983),non précisé par la source,1.26,
1995,ressource,recettes propres de la Caisse,25.8,recettes_propres_cgc_bct,budgetaire,"« des ressources propres […] pour 25,8 MD »",bct-ra-1995,"BCT, rapport annuel 1995",78.0,85,page lue à l'image (rendu à 110-120 dpi) le 6 octobre 2026,« 28 MD en 1995 » dans le rapport 1996,4584.2,0.56,17051.8,pib-minfin (déficit en dinars ÷ déficit en points de PIB),base 1983,pib-minfin 1992-1996 (base 1983),non précisé par la source,0.15,
1995,solde,déficit,-85.0,solde_cgc_bct,budgetaire,"« Le déficit qui en est résulté, soit 85 MD »",bct-ra-1995,"BCT, rapport annuel 1995",78.0,85,page lue à l'image (rendu à 110-120 dpi) le 6 octobre 2026,,4584.2,-1.85,17051.8,pib-minfin (déficit en dinars ÷ déficit en points de PIB),base 1983,pib-minfin 1992-1996 (base 1983),non précisé par la source,-0.5,
1996,charge,total des charges,436.4,cgc_charges_bct,budgetaire,"tableau « Évolution des charges de la Caisse générale de compensation », colonne 1996",bct-ra-2001,"BCT, rapport annuel 2001",96.0,106,"couche texte du PDF numérique, chaîne recherchée et retrouvée le 6 octobre 2026",source du tableau : ministère du Commerce,4858.3,8.98,19066.2,pib-minfin (déficit en dinars ÷ déficit en points de PIB),base 1983,pib-minfin 1992-1996 (base 1983),non précisé par la source,2.29,
1996,charge,autres,4.0,cgc_charges_bct,budgetaire,"charges de la Caisse, par produit",bct-ra-2001,"BCT, rapport annuel 2001",96.0,106,"couche texte du PDF numérique, chaîne recherchée et retrouvée le 6 octobre 2026",,4858.3,0.08,19066.2,pib-minfin (déficit en dinars ÷ déficit en points de PIB),base 1983,pib-minfin 1992-1996 (base 1983),non précisé par la source,0.02,
1996,charge,céréales et dérivés,305.1,cgc_charges_bct,budgetaire,"charges de la Caisse, par produit",bct-ra-2001,"BCT, rapport annuel 2001",96.0,106,"couche texte du PDF numérique, chaîne recherchée et retrouvée le 6 octobre 2026",,4858.3,6.28,19066.2,pib-minfin (déficit en dinars ÷ déficit en points de PIB),base 1983,pib-minfin 1992-1996 (base 1983),non précisé par la source,1.6,
1996,charge,huiles,70.0,cgc_charges_bct,budgetaire,"charges de la Caisse, par produit",bct-ra-2001,"BCT, rapport annuel 2001",96.0,106,"couche texte du PDF numérique, chaîne recherchée et retrouvée le 6 octobre 2026",,4858.3,1.44,19066.2,pib-minfin (déficit en dinars ÷ déficit en points de PIB),base 1983,pib-minfin 1992-1996 (base 1983),non précisé par la source,0.37,
1996,charge,lait,25.7,cgc_charges_bct,budgetaire,"charges de la Caisse, par produit",bct-ra-2001,"BCT, rapport annuel 2001",96.0,106,"couche texte du PDF numérique, chaîne recherchée et retrouvée le 6 octobre 2026",,4858.3,0.53,19066.2,pib-minfin (déficit en dinars ÷ déficit en points de PIB),base 1983,pib-minfin 1992-1996 (base 1983),non précisé par la source,0.13,
1996,charge,papier scolaire,16.2,cgc_charges_bct,budgetaire,"charges de la Caisse, par produit",bct-ra-2001,"BCT, rapport annuel 2001",96.0,106,"couche texte du PDF numérique, chaîne recherchée et retrouvée le 6 octobre 2026",,4858.3,0.33,19066.2,pib-minfin (déficit en dinars ÷ déficit en points de PIB),base 1983,pib-minfin 1992-1996 (base 1983),non précisé par la source,0.08,
1996,charge,sucre,15.4,cgc_charges_bct,budgetaire,"charges de la Caisse, par produit",bct-ra-2001,"BCT, rapport annuel 2001",96.0,106,"couche texte du PDF numérique, chaîne recherchée et retrouvée le 6 octobre 2026",,4858.3,0.32,19066.2,pib-minfin (déficit en dinars ÷ déficit en points de PIB),base 1983,pib-minfin 1992-1996 (base 1983),non précisé par la source,0.08,
1996,ressource,dotation du budget de l'État,230.0,budget_dotation_cgc_bct,budgetaire,« à raison de 230 MD par une dotation budgétaire » (texte),bct-ra-1996,"BCT, rapport annuel 1996",95.0,105,page lue à l'image (rendu à 110-120 dpi) le 6 octobre 2026,ressources propres : 13 MD ; déficit estimé à 191 MD,4858.3,4.73,19066.2,pib-minfin (déficit en dinars ÷ déficit en points de PIB),base 1983,pib-minfin 1992-1996 (base 1983),non précisé par la source,1.21,
1996,ressource,recettes propres de la Caisse,13.0,recettes_propres_cgc_bct,budgetaire,« 13 MD de ressources propres » (estimation),bct-ra-1996,"BCT, rapport annuel 1996",95.0,105,page lue à l'image (rendu à 110-120 dpi) le 6 octobre 2026,,4858.3,0.27,19066.2,pib-minfin (déficit en dinars ÷ déficit en points de PIB),base 1983,pib-minfin 1992-1996 (base 1983),non précisé par la source,0.07,
1996,solde,déficit,-191.0,solde_cgc_bct,budgetaire,« Le déficit […] est estimé à 191 MD »,bct-ra-1996,"BCT, rapport annuel 1996",95.0,105,page lue à l'image (rendu à 110-120 dpi) le 6 octobre 2026,,4858.3,-3.93,19066.2,pib-minfin (déficit en dinars ÷ déficit en points de PIB),base 1983,pib-minfin 1992-1996 (base 1983),non précisé par la source,-1.0,
1997,charge,total des charges,370.6,cgc_charges_bct,budgetaire,"tableau « Évolution des charges de la Caisse générale de compensation », colonne 1997",bct-ra-2002,"BCT, rapport annuel 2002",94.0,103,"couche texte du PDF numérique, chaîne recherchée et retrouvée le 6 octobre 2026",371 MDT dans le rapport 1998,5292.7,7.0,22943.9,pib-minfin (déficit en dinars ÷ déficit en points de PIB),base 1997,pib-minfin 1997-2001 (base 1997),oui,1.62,"PIB : base 1983 → base 1997, rétropolée par l'INS (niveau + 9,8 %)"
1997,charge,autres,1.2,cgc_charges_bct,budgetaire,"charges de la Caisse, par produit",bct-ra-2002,"BCT, rapport annuel 2002",94.0,103,"couche texte du PDF numérique, chaîne recherchée et retrouvée le 6 octobre 2026",,5292.7,0.02,22943.9,pib-minfin (déficit en dinars ÷ déficit en points de PIB),base 1997,pib-minfin 1997-2001 (base 1997),oui,0.01,"PIB : base 1983 → base 1997, rétropolée par l'INS (niveau + 9,8 %)"
1997,charge,céréales et dérivés,261.6,cgc_charges_bct,budgetaire,"charges de la Caisse, par produit",bct-ra-2002,"BCT, rapport annuel 2002",94.0,103,"couche texte du PDF numérique, chaîne recherchée et retrouvée le 6 octobre 2026",,5292.7,4.94,22943.9,pib-minfin (déficit en dinars ÷ déficit en points de PIB),base 1997,pib-minfin 1997-2001 (base 1997),oui,1.14,"PIB : base 1983 → base 1997, rétropolée par l'INS (niveau + 9,8 %)"
1997,charge,huiles,55.4,cgc_charges_bct,budgetaire,"charges de la Caisse, par produit",bct-ra-2002,"BCT, rapport annuel 2002",94.0,103,"couche texte du PDF numérique, chaîne recherchée et retrouvée le 6 octobre 2026",,5292.7,1.05,22943.9,pib-minfin (déficit en dinars ÷ déficit en points de PIB),base 1997,pib-minfin 1997-2001 (base 1997),oui,0.24,"PIB : base 1983 → base 1997, rétropolée par l'INS (niveau + 9,8 %)"
1997,charge,lait,25.0,cgc_charges_bct,budgetaire,"charges de la Caisse, par produit",bct-ra-2002,"BCT, rapport annuel 2002",94.0,103,"couche texte du PDF numérique, chaîne recherchée et retrouvée le 6 octobre 2026",,5292.7,0.47,22943.9,pib-minfin (déficit en dinars ÷ déficit en points de PIB),base 1997,pib-minfin 1997-2001 (base 1997),oui,0.11,"PIB : base 1983 → base 1997, rétropolée par l'INS (niveau + 9,8 %)"
1997,charge,papier scolaire,11.5,cgc_charges_bct,budgetaire,"charges de la Caisse, par produit",bct-ra-2002,"BCT, rapport annuel 2002",94.0,103,"couche texte du PDF numérique, chaîne recherchée et retrouvée le 6 octobre 2026",,5292.7,0.22,22943.9,pib-minfin (déficit en dinars ÷ déficit en points de PIB),base 1997,pib-minfin 1997-2001 (base 1997),oui,0.05,"PIB : base 1983 → base 1997, rétropolée par l'INS (niveau + 9,8 %)"
1997,charge,sucre,15.9,cgc_charges_bct,budgetaire,"charges de la Caisse, par produit",bct-ra-2002,"BCT, rapport annuel 2002",94.0,103,"couche texte du PDF numérique, chaîne recherchée et retrouvée le 6 octobre 2026",,5292.7,0.3,22943.9,pib-minfin (déficit en dinars ÷ déficit en points de PIB),base 1997,pib-minfin 1997-2001 (base 1997),oui,0.07,"PIB : base 1983 → base 1997, rétropolée par l'INS (niveau + 9,8 %)"
1997,ressource,dotation du budget de l'État,320.0,budget_dotation_cgc_bct,budgetaire,« une dotation budgétaire de 320 MDT » (texte),bct-ra-1997,"BCT, rapport annuel 1997",91.0,97,page lue à l'image (rendu à 110-120 dpi) le 6 octobre 2026,"ressources propres : 28 MDT ; déficit limité à 23 MDT ; la couche texte de cette page est décalée, lecture à l'image",5292.7,6.05,22943.9,pib-minfin (déficit en dinars ÷ déficit en points de PIB),base 1997,pib-minfin 1997-2001 (base 1997),oui,1.39,"PIB : base 1983 → base 1997, rétropolée par l'INS (niveau + 9,8 %)"
1997,ressource,recettes propres de la Caisse,28.0,recettes_propres_cgc_bct,budgetaire,« des ressources propres de la Caisse de 28 MDT »,bct-ra-1997,"BCT, rapport annuel 1997",91.0,97,page lue à l'image (rendu à 110-120 dpi) le 6 octobre 2026,déficit limité à 23 MDT,5292.7,0.53,22943.9,pib-minfin (déficit en dinars ÷ déficit en points de PIB),base 1997,pib-minfin 1997-2001 (base 1997),oui,0.12,"PIB : base 1983 → base 1997, rétropolée par l'INS (niveau + 9,8 %)"
1997,solde,déficit,-23.0,solde_cgc_bct,budgetaire,« Le déficit a été ainsi limité à 23 MDT »,bct-ra-1997,"BCT, rapport annuel 1997",91.0,97,page lue à l'image (rendu à 110-120 dpi) le 6 octobre 2026,,5292.7,-0.43,22943.9,pib-minfin (déficit en dinars ÷ déficit en points de PIB),base 1997,pib-minfin 1997-2001 (base 1997),oui,-0.1,"PIB : base 1983 → base 1997, rétropolée par l'INS (niveau + 9,8 %)"
1998,charge,total des charges,332.9,cgc_charges_bct,budgetaire,"tableau « Évolution des charges de la Caisse générale de compensation », colonne 1998",bct-ra-2003,"BCT, rapport annuel 2003",100.0,111,"couche texte du PDF numérique, chaîne recherchée et retrouvée le 6 octobre 2026","336 MDT dans le rapport 1998 (p. PDF 118), « environ 333 » dans le rapport 1999",5607.9,5.94,24827.6,pib-minfin (déficit en dinars ÷ déficit en points de PIB),base 1997,pib-minfin 1997-2001 (base 1997),oui,1.34,
1998,charge,autres,0.6,cgc_charges_bct,budgetaire,"charges de la Caisse, par produit",bct-ra-2003,"BCT, rapport annuel 2003",100.0,111,"couche texte du PDF numérique, chaîne recherchée et retrouvée le 6 octobre 2026",,5607.9,0.01,24827.6,pib-minfin (déficit en dinars ÷ déficit en points de PIB),base 1997,pib-minfin 1997-2001 (base 1997),oui,0.0,
1998,charge,céréales et dérivés,216.4,cgc_charges_bct,budgetaire,"charges de la Caisse, par produit",bct-ra-2003,"BCT, rapport annuel 2003",100.0,111,"couche texte du PDF numérique, chaîne recherchée et retrouvée le 6 octobre 2026",,5607.9,3.86,24827.6,pib-minfin (déficit en dinars ÷ déficit en points de PIB),base 1997,pib-minfin 1997-2001 (base 1997),oui,0.87,
1998,charge,huiles,77.0,cgc_charges_bct,budgetaire,"charges de la Caisse, par produit",bct-ra-2003,"BCT, rapport annuel 2003",100.0,111,"couche texte du PDF numérique, chaîne recherchée et retrouvée le 6 octobre 2026",,5607.9,1.37,24827.6,pib-minfin (déficit en dinars ÷ déficit en points de PIB),base 1997,pib-minfin 1997-2001 (base 1997),oui,0.31,
1998,charge,lait,20.4,cgc_charges_bct,budgetaire,"charges de la Caisse, par produit",bct-ra-2003,"BCT, rapport annuel 2003",100.0,111,"couche texte du PDF numérique, chaîne recherchée et retrouvée le 6 octobre 2026",,5607.9,0.36,24827.6,pib-minfin (déficit en dinars ÷ déficit en points de PIB),base 1997,pib-minfin 1997-2001 (base 1997),oui,0.08,
1998,charge,papier scolaire,8.7,cgc_charges_bct,budgetaire,"charges de la Caisse, par produit",bct-ra-2003,"BCT, rapport annuel 2003",100.0,111,"couche texte du PDF numérique, chaîne recherchée et retrouvée le 6 octobre 2026",,5607.9,0.16,24827.6,pib-minfin (déficit en dinars ÷ déficit en points de PIB),base 1997,pib-minfin 1997-2001 (base 1997),oui,0.04,
1998,charge,sucre,9.8,cgc_charges_bct,budgetaire,"charges de la Caisse, par produit",bct-ra-2003,"BCT, rapport annuel 2003",100.0,111,"couche texte du PDF numérique, chaîne recherchée et retrouvée le 6 octobre 2026",,5607.9,0.17,24827.6,pib-minfin (déficit en dinars ÷ déficit en points de PIB),base 1997,pib-minfin 1997-2001 (base 1997),oui,0.04,
1998,ressource,dotation du budget de l'État,320.0,budget_dotation_cgc_bct,budgetaire,« 320 MDT sous forme d'une dotation budgétaire » (texte),bct-ra-1998,"BCT, rapport annuel 1998",,118,page lue à l'image (rendu à 110-120 dpi) le 6 octobre 2026,ressources propres : 28 MDT,5607.9,5.71,24827.6,pib-minfin (déficit en dinars ÷ déficit en points de PIB),base 1997,pib-minfin 1997-2001 (base 1997),oui,1.29,
1998,ressource,recettes propres de la Caisse,28.0,recettes_propres_cgc_bct,budgetaire,« 28 MDT au titre des ressources propres »,bct-ra-1998,"BCT, rapport annuel 1998",,118,page lue à l'image (rendu à 110-120 dpi) le 6 octobre 2026,,5607.9,0.5,24827.6,pib-minfin (déficit en dinars ÷ déficit en points de PIB),base 1997,pib-minfin 1997-2001 (base 1997),oui,0.11,
1998,solde,excédent,12.0,solde_cgc_bct,budgetaire,« un excédent de 12 MDT » (15 MDT dans le rapport 1999),bct-ra-1998,"BCT, rapport annuel 1998",,118,page lue à l'image (rendu à 110-120 dpi) le 6 octobre 2026,,5607.9,0.21,24827.6,pib-minfin (déficit en dinars ÷ déficit en points de PIB),base 1997,pib-minfin 1997-2001 (base 1997),oui,0.05,
1999,charge,total des charges,204.5,cgc_charges_bct,budgetaire,"tableau « Évolution des charges de la Caisse générale de compensation », colonne 1999",bct-ra-2004,"BCT, rapport annuel 2004",,113,"couche texte du PDF numérique, chaîne recherchée et retrouvée le 6 octobre 2026",206 MDT dans le rapport 1999 ; le rapport 2004 n'imprime pas de numéro de page dans sa couche texte,6165.3,3.32,27215.9,pib-minfin (déficit en dinars ÷ déficit en points de PIB),base 1997,pib-minfin 1997-2001 (base 1997),oui,0.75,"champ : fin de la subvention du superphosphate triple et du sucre produit localement ; indemnité de collecte du lait transférée au ministère de l'Agriculture (BCT, rapports 1998 et 1999)"
1999,charge,autres,0.1,cgc_charges_bct,budgetaire,"charges de la Caisse, par produit",bct-ra-2004,"BCT, rapport annuel 2004",,113,"couche texte du PDF numérique, chaîne recherchée et retrouvée le 6 octobre 2026",,6165.3,0.0,27215.9,pib-minfin (déficit en dinars ÷ déficit en points de PIB),base 1997,pib-minfin 1997-2001 (base 1997),oui,0.0,"champ : fin de la subvention du superphosphate triple et du sucre produit localement ; indemnité de collecte du lait transférée au ministère de l'Agriculture (BCT, rapports 1998 et 1999)"
1999,charge,céréales et dérivés,126.4,cgc_charges_bct,budgetaire,"charges de la Caisse, par produit",bct-ra-2004,"BCT, rapport annuel 2004",,113,"couche texte du PDF numérique, chaîne recherchée et retrouvée le 6 octobre 2026",,6165.3,2.05,27215.9,pib-minfin (déficit en dinars ÷ déficit en points de PIB),base 1997,pib-minfin 1997-2001 (base 1997),oui,0.46,"champ : fin de la subvention du superphosphate triple et du sucre produit localement ; indemnité de collecte du lait transférée au ministère de l'Agriculture (BCT, rapports 1998 et 1999)"
1999,charge,huiles,57.6,cgc_charges_bct,budgetaire,"charges de la Caisse, par produit",bct-ra-2004,"BCT, rapport annuel 2004",,113,"couche texte du PDF numérique, chaîne recherchée et retrouvée le 6 octobre 2026",,6165.3,0.93,27215.9,pib-minfin (déficit en dinars ÷ déficit en points de PIB),base 1997,pib-minfin 1997-2001 (base 1997),oui,0.21,"champ : fin de la subvention du superphosphate triple et du sucre produit localement ; indemnité de collecte du lait transférée au ministère de l'Agriculture (BCT, rapports 1998 et 1999)"
1999,charge,lait,10.9,cgc_charges_bct,budgetaire,"charges de la Caisse, par produit",bct-ra-2004,"BCT, rapport annuel 2004",,113,"couche texte du PDF numérique, chaîne recherchée et retrouvée le 6 octobre 2026",,6165.3,0.18,27215.9,pib-minfin (déficit en dinars ÷ déficit en points de PIB),base 1997,pib-minfin 1997-2001 (base 1997),oui,0.04,"champ : fin de la subvention du superphosphate triple et du sucre produit localement ; indemnité de collecte du lait transférée au ministère de l'Agriculture (BCT, rapports 1998 et 1999)"
1999,charge,papier scolaire,7.6,cgc_charges_bct,budgetaire,"charges de la Caisse, par produit",bct-ra-2004,"BCT, rapport annuel 2004",,113,"couche texte du PDF numérique, chaîne recherchée et retrouvée le 6 octobre 2026",,6165.3,0.12,27215.9,pib-minfin (déficit en dinars ÷ déficit en points de PIB),base 1997,pib-minfin 1997-2001 (base 1997),oui,0.03,"champ : fin de la subvention du superphosphate triple et du sucre produit localement ; indemnité de collecte du lait transférée au ministère de l'Agriculture (BCT, rapports 1998 et 1999)"
1999,charge,sucre,1.9,cgc_charges_bct,budgetaire,"charges de la Caisse, par produit",bct-ra-2004,"BCT, rapport annuel 2004",,113,"couche texte du PDF numérique, chaîne recherchée et retrouvée le 6 octobre 2026",,6165.3,0.03,27215.9,pib-minfin (déficit en dinars ÷ déficit en points de PIB),base 1997,pib-minfin 1997-2001 (base 1997),oui,0.01,"champ : fin de la subvention du superphosphate triple et du sucre produit localement ; indemnité de collecte du lait transférée au ministère de l'Agriculture (BCT, rapports 1998 et 1999)"
1999,ressource,dotation du budget de l'État,235.0,budget_dotation_cgc_bct,budgetaire,« 235 MDT sous forme de dotation budgétaire » (texte),bct-ra-1999,"BCT, rapport annuel 1999",,105,page lue à l'image (rendu à 110-120 dpi) le 6 octobre 2026,ressources propres : 2 MDT,6165.3,3.81,27215.9,pib-minfin (déficit en dinars ÷ déficit en points de PIB),base 1997,pib-minfin 1997-2001 (base 1997),oui,0.86,"champ : fin de la subvention du superphosphate triple et du sucre produit localement ; indemnité de collecte du lait transférée au ministère de l'Agriculture (BCT, rapports 1998 et 1999)"
1999,ressource,recettes propres de la Caisse,2.0,recettes_propres_cgc_bct,budgetaire,« 2 MDT au titre des ressources propres de la Caisse »,bct-ra-1999,"BCT, rapport annuel 1999",,105,page lue à l'image (rendu à 110-120 dpi) le 6 octobre 2026,,6165.3,0.03,27215.9,pib-minfin (déficit en dinars ÷ déficit en points de PIB),base 1997,pib-minfin 1997-2001 (base 1997),oui,0.01,"champ : fin de la subvention du superphosphate triple et du sucre produit localement ; indemnité de collecte du lait transférée au ministère de l'Agriculture (BCT, rapports 1998 et 1999)"
1999,solde,excédent,31.0,solde_cgc_bct,budgetaire,"« L'excédent ressort, ainsi, à 31 MDT »",bct-ra-1999,"BCT, rapport annuel 1999",,105,page lue à l'image (rendu à 110-120 dpi) le 6 octobre 2026,,6165.3,0.5,27215.9,pib-minfin (déficit en dinars ÷ déficit en points de PIB),base 1997,pib-minfin 1997-2001 (base 1997),oui,0.11,"champ : fin de la subvention du superphosphate triple et du sucre produit localement ; indemnité de collecte du lait transférée au ministère de l'Agriculture (BCT, rapports 1998 et 1999)"
2000,charge,total des charges,225.3,cgc_charges_bct,budgetaire,"tableau « Évolution des charges de la Caisse générale de compensation », colonne 2000",bct-ra-2005,"BCT, rapport annuel 2005",101.0,115,"couche texte du PDF numérique, chaîne recherchée et retrouvée le 6 octobre 2026",,6638.0,3.39,29433.4,pib-minfin (déficit en dinars ÷ déficit en points de PIB),base 1997,pib-minfin 1997-2001 (base 1997),oui,0.77,
2000,charge,autres,3.4,cgc_charges_bct,budgetaire,"charges de la Caisse, par produit",bct-ra-2005,"BCT, rapport annuel 2005",101.0,115,"couche texte du PDF numérique, chaîne recherchée et retrouvée le 6 octobre 2026",,6638.0,0.05,29433.4,pib-minfin (déficit en dinars ÷ déficit en points de PIB),base 1997,pib-minfin 1997-2001 (base 1997),oui,0.01,
2000,charge,céréales et dérivés,152.9,cgc_charges_bct,budgetaire,"charges de la Caisse, par produit",bct-ra-2005,"BCT, rapport annuel 2005",101.0,115,"couche texte du PDF numérique, chaîne recherchée et retrouvée le 6 octobre 2026",,6638.0,2.3,29433.4,pib-minfin (déficit en dinars ÷ déficit en points de PIB),base 1997,pib-minfin 1997-2001 (base 1997),oui,0.52,
2000,charge,huiles,42.2,cgc_charges_bct,budgetaire,"charges de la Caisse, par produit",bct-ra-2005,"BCT, rapport annuel 2005",101.0,115,"couche texte du PDF numérique, chaîne recherchée et retrouvée le 6 octobre 2026",,6638.0,0.64,29433.4,pib-minfin (déficit en dinars ÷ déficit en points de PIB),base 1997,pib-minfin 1997-2001 (base 1997),oui,0.14,
2000,charge,lait,11.8,cgc_charges_bct,budgetaire,"charges de la Caisse, par produit",bct-ra-2005,"BCT, rapport annuel 2005",101.0,115,"couche texte du PDF numérique, chaîne recherchée et retrouvée le 6 octobre 2026",,6638.0,0.18,29433.4,pib-minfin (déficit en dinars ÷ déficit en points de PIB),base 1997,pib-minfin 1997-2001 (base 1997),oui,0.04,
2000,charge,papier scolaire,15.0,cgc_charges_bct,budgetaire,"charges de la Caisse, par produit",bct-ra-2005,"BCT, rapport annuel 2005",101.0,115,"couche texte du PDF numérique, chaîne recherchée et retrouvée le 6 octobre 2026",,6638.0,0.23,29433.4,pib-minfin (déficit en dinars ÷ déficit en points de PIB),base 1997,pib-minfin 1997-2001 (base 1997),oui,0.05,
2000,charge,sucre,0.0,cgc_charges_bct,budgetaire,"charges de la Caisse, par produit",bct-ra-2005,"BCT, rapport annuel 2005",101.0,115,"couche texte du PDF numérique, chaîne recherchée et retrouvée le 6 octobre 2026",,6638.0,0.0,29433.4,pib-minfin (déficit en dinars ÷ déficit en points de PIB),base 1997,pib-minfin 1997-2001 (base 1997),oui,0.0,
2001,charge,total des charges,247.9,cgc_charges_bct,budgetaire,"tableau « Évolution des charges de la Caisse générale de compensation », colonne 2001",bct-ra-2005,"BCT, rapport annuel 2005",101.0,115,"couche texte du PDF numérique, chaîne recherchée et retrouvée le 6 octobre 2026",,7205.2,3.44,31746.4,pib-minfin (déficit en dinars ÷ déficit en points de PIB),base 1997,pib-minfin 1997-2001 (base 1997),oui,0.78,
2001,charge,autres,7.5,cgc_charges_bct,budgetaire,"charges de la Caisse, par produit",bct-ra-2005,"BCT, rapport annuel 2005",101.0,115,"couche texte du PDF numérique, chaîne recherchée et retrouvée le 6 octobre 2026",,7205.2,0.1,31746.4,pib-minfin (déficit en dinars ÷ déficit en points de PIB),base 1997,pib-minfin 1997-2001 (base 1997),oui,0.02,
2001,charge,céréales et dérivés,181.2,cgc_charges_bct,budgetaire,"charges de la Caisse, par produit",bct-ra-2005,"BCT, rapport annuel 2005",101.0,115,"couche texte du PDF numérique, chaîne recherchée et retrouvée le 6 octobre 2026",,7205.2,2.51,31746.4,pib-minfin (déficit en dinars ÷ déficit en points de PIB),base 1997,pib-minfin 1997-2001 (base 1997),oui,0.57,
2001,charge,huiles,34.0,cgc_charges_bct,budgetaire,"charges de la Caisse, par produit",bct-ra-2005,"BCT, rapport annuel 2005",101.0,115,"couche texte du PDF numérique, chaîne recherchée et retrouvée le 6 octobre 2026",,7205.2,0.47,31746.4,pib-minfin (déficit en dinars ÷ déficit en points de PIB),base 1997,pib-minfin 1997-2001 (base 1997),oui,0.11,
2001,charge,lait,9.8,cgc_charges_bct,budgetaire,"charges de la Caisse, par produit",bct-ra-2005,"BCT, rapport annuel 2005",101.0,115,"couche texte du PDF numérique, chaîne recherchée et retrouvée le 6 octobre 2026",,7205.2,0.14,31746.4,pib-minfin (déficit en dinars ÷ déficit en points de PIB),base 1997,pib-minfin 1997-2001 (base 1997),oui,0.03,
2001,charge,papier scolaire,15.4,cgc_charges_bct,budgetaire,"charges de la Caisse, par produit",bct-ra-2005,"BCT, rapport annuel 2005",101.0,115,"couche texte du PDF numérique, chaîne recherchée et retrouvée le 6 octobre 2026",,7205.2,0.21,31746.4,pib-minfin (déficit en dinars ÷ déficit en points de PIB),base 1997,pib-minfin 1997-2001 (base 1997),oui,0.05,
2001,charge,sucre,0.0,cgc_charges_bct,budgetaire,"charges de la Caisse, par produit",bct-ra-2005,"BCT, rapport annuel 2005",101.0,115,"couche texte du PDF numérique, chaîne recherchée et retrouvée le 6 octobre 2026",,7205.2,0.0,31746.4,pib-minfin (déficit en dinars ÷ déficit en points de PIB),base 1997,pib-minfin 1997-2001 (base 1997),oui,0.0,
2002,charge,total des charges,226.2,cgc_charges_bct,budgetaire,"tableau « Évolution des charges de la Caisse générale de compensation », colonne 2002",bct-ra-2006,"BCT, rapport annuel 2006",95.0,117,"couche texte du PDF numérique, chaîne recherchée et retrouvée le 6 octobre 2026",,7515.8,3.01,32112.0,pib-minfin (déficit en dinars ÷ déficit en points de PIB),non rattachée (valeur propre au ministère),pib-minfin 2002-2004 (non rattachée),non précisé par la source,0.7,"PIB : valeur propre au ministère, rattachée à aucune base (− 2,4 % par rapport à la base 1997)"
2002,charge,autres,4.3,cgc_charges_bct,budgetaire,"charges de la Caisse, par produit",bct-ra-2006,"BCT, rapport annuel 2006",95.0,117,"couche texte du PDF numérique, chaîne recherchée et retrouvée le 6 octobre 2026",,7515.8,0.06,32112.0,pib-minfin (déficit en dinars ÷ déficit en points de PIB),non rattachée (valeur propre au ministère),pib-minfin 2002-2004 (non rattachée),non précisé par la source,0.01,"PIB : valeur propre au ministère, rattachée à aucune base (− 2,4 % par rapport à la base 1997)"
2002,charge,céréales et dérivés,150.2,cgc_charges_bct,budgetaire,"charges de la Caisse, par produit",bct-ra-2006,"BCT, rapport annuel 2006",95.0,117,"couche texte du PDF numérique, chaîne recherchée et retrouvée le 6 octobre 2026",,7515.8,2.0,32112.0,pib-minfin (déficit en dinars ÷ déficit en points de PIB),non rattachée (valeur propre au ministère),pib-minfin 2002-2004 (non rattachée),non précisé par la source,0.47,"PIB : valeur propre au ministère, rattachée à aucune base (− 2,4 % par rapport à la base 1997)"
2002,charge,huiles,49.2,cgc_charges_bct,budgetaire,"charges de la Caisse, par produit",bct-ra-2006,"BCT, rapport annuel 2006",95.0,117,"couche texte du PDF numérique, chaîne recherchée et retrouvée le 6 octobre 2026",,7515.8,0.65,32112.0,pib-minfin (déficit en dinars ÷ déficit en points de PIB),non rattachée (valeur propre au ministère),pib-minfin 2002-2004 (non rattachée),non précisé par la source,0.15,"PIB : valeur propre au ministère, rattachée à aucune base (− 2,4 % par rapport à la base 1997)"
2002,charge,lait,7.8,cgc_charges_bct,budgetaire,"charges de la Caisse, par produit",bct-ra-2006,"BCT, rapport annuel 2006",95.0,117,"couche texte du PDF numérique, chaîne recherchée et retrouvée le 6 octobre 2026",,7515.8,0.1,32112.0,pib-minfin (déficit en dinars ÷ déficit en points de PIB),non rattachée (valeur propre au ministère),pib-minfin 2002-2004 (non rattachée),non précisé par la source,0.02,"PIB : valeur propre au ministère, rattachée à aucune base (− 2,4 % par rapport à la base 1997)"
2002,charge,papier scolaire,14.7,cgc_charges_bct,budgetaire,"charges de la Caisse, par produit",bct-ra-2006,"BCT, rapport annuel 2006",95.0,117,"couche texte du PDF numérique, chaîne recherchée et retrouvée le 6 octobre 2026",,7515.8,0.2,32112.0,pib-minfin (déficit en dinars ÷ déficit en points de PIB),non rattachée (valeur propre au ministère),pib-minfin 2002-2004 (non rattachée),non précisé par la source,0.05,"PIB : valeur propre au ministère, rattachée à aucune base (− 2,4 % par rapport à la base 1997)"
2002,ressource,dotation du budget de l'État,235.0,budget_dotation_cgc_bct,budgetaire,« une dotation budgétaire de 235 MDT » (texte),bct-ra-2002,"BCT, rapport annuel 2002",94.0,103,"couche texte du PDF numérique, chaîne recherchée et retrouvée le 6 octobre 2026","excédent de 8,8 MDT sur les charges",7515.8,3.13,32112.0,pib-minfin (déficit en dinars ÷ déficit en points de PIB),non rattachée (valeur propre au ministère),pib-minfin 2002-2004 (non rattachée),non précisé par la source,0.73,"PIB : valeur propre au ministère, rattachée à aucune base (− 2,4 % par rapport à la base 1997)"
2002,solde,excédent,8.8,solde_cgc_bct,budgetaire,"« ce qui a permis de dégager un excédent de 8,8 MDT »",bct-ra-2002,"BCT, rapport annuel 2002",94.0,103,"couche texte du PDF numérique, chaîne recherchée et retrouvée le 6 octobre 2026",,7515.8,0.12,32112.0,pib-minfin (déficit en dinars ÷ déficit en points de PIB),non rattachée (valeur propre au ministère),pib-minfin 2002-2004 (non rattachée),non précisé par la source,0.03,"PIB : valeur propre au ministère, rattachée à aucune base (− 2,4 % par rapport à la base 1997)"
2003,charge,total des charges,203.9,cgc_charges_bct,budgetaire,"tableau « Évolution des charges de la Caisse générale de compensation », colonne 2003",bct-ra-2007,"BCT, rapport annuel 2007",106.0,129,"couche texte du PDF numérique, chaîne recherchée et retrouvée le 6 octobre 2026",,7931.5,2.57,34630.0,pib-minfin (déficit en dinars ÷ déficit en points de PIB),non rattachée (valeur propre au ministère),pib-minfin 2002-2004 (non rattachée),non précisé par la source,0.59,
2003,charge,céréales et dérivés,123.1,cgc_charges_bct,budgetaire,"charges de la Caisse, par produit",bct-ra-2007,"BCT, rapport annuel 2007",106.0,129,"couche texte du PDF numérique, chaîne recherchée et retrouvée le 6 octobre 2026",,7931.5,1.55,34630.0,pib-minfin (déficit en dinars ÷ déficit en points de PIB),non rattachée (valeur propre au ministère),pib-minfin 2002-2004 (non rattachée),non précisé par la source,0.36,
2003,charge,huiles,62.3,cgc_charges_bct,budgetaire,"charges de la Caisse, par produit",bct-ra-2007,"BCT, rapport annuel 2007",106.0,129,"couche texte du PDF numérique, chaîne recherchée et retrouvée le 6 octobre 2026",,7931.5,0.79,34630.0,pib-minfin (déficit en dinars ÷ déficit en points de PIB),non rattachée (valeur propre au ministère),pib-minfin 2002-2004 (non rattachée),non précisé par la source,0.18,
2003,charge,lait,5.7,cgc_charges_bct,budgetaire,"charges de la Caisse, par produit",bct-ra-2007,"BCT, rapport annuel 2007",106.0,129,"couche texte du PDF numérique, chaîne recherchée et retrouvée le 6 octobre 2026",,7931.5,0.07,34630.0,pib-minfin (déficit en dinars ÷ déficit en points de PIB),non rattachée (valeur propre au ministère),pib-minfin 2002-2004 (non rattachée),non précisé par la source,0.02,
2003,charge,papier scolaire,12.8,cgc_charges_bct,budgetaire,"charges de la Caisse, par produit",bct-ra-2007,"BCT, rapport annuel 2007",106.0,129,"couche texte du PDF numérique, chaîne recherchée et retrouvée le 6 octobre 2026",,7931.5,0.16,34630.0,pib-minfin (déficit en dinars ÷ déficit en points de PIB),non rattachée (valeur propre au ministère),pib-minfin 2002-2004 (non rattachée),non précisé par la source,0.04,
2004,charge,total des charges,261.7,cgc_charges_bct,budgetaire,"tableau « Évolution des charges de la Caisse générale de compensation », colonne 2004",bct-ra-2008,"BCT, rapport annuel 2008",109.0,129,"couche texte du PDF numérique, chaîne recherchée et retrouvée le 6 octobre 2026",,8527.8,3.07,37601.2,pib-minfin (déficit en dinars ÷ déficit en points de PIB),non rattachée (valeur propre au ministère),pib-minfin 2002-2004 (non rattachée),non précisé par la source,0.7,
2004,charge,céréales et dérivés,176.4,cgc_charges_bct,budgetaire,"charges de la Caisse, par produit",bct-ra-2008,"BCT, rapport annuel 2008",109.0,129,"couche texte du PDF numérique, chaîne recherchée et retrouvée le 6 octobre 2026",,8527.8,2.07,37601.2,pib-minfin (déficit en dinars ÷ déficit en points de PIB),non rattachée (valeur propre au ministère),pib-minfin 2002-2004 (non rattachée),non précisé par la source,0.47,
2004,charge,huiles,66.7,cgc_charges_bct,budgetaire,"charges de la Caisse, par produit",bct-ra-2008,"BCT, rapport annuel 2008",109.0,129,"couche texte du PDF numérique, chaîne recherchée et retrouvée le 6 octobre 2026",,8527.8,0.78,37601.2,pib-minfin (déficit en dinars ÷ déficit en points de PIB),non rattachée (valeur propre au ministère),pib-minfin 2002-2004 (non rattachée),non précisé par la source,0.18,
2004,charge,lait,6.3,cgc_charges_bct,budgetaire,"charges de la Caisse, par produit",bct-ra-2008,"BCT, rapport annuel 2008",109.0,129,"couche texte du PDF numérique, chaîne recherchée et retrouvée le 6 octobre 2026",,8527.8,0.07,37601.2,pib-minfin (déficit en dinars ÷ déficit en points de PIB),non rattachée (valeur propre au ministère),pib-minfin 2002-2004 (non rattachée),non précisé par la source,0.02,
2004,charge,papier scolaire,12.3,cgc_charges_bct,budgetaire,"charges de la Caisse, par produit",bct-ra-2008,"BCT, rapport annuel 2008",109.0,129,"couche texte du PDF numérique, chaîne recherchée et retrouvée le 6 octobre 2026",,8527.8,0.14,37601.2,pib-minfin (déficit en dinars ÷ déficit en points de PIB),non rattachée (valeur propre au ministère),pib-minfin 2002-2004 (non rattachée),non précisé par la source,0.03,
2004,ressource,dotation du budget de l'État,200.0,budget_dotation_cgc_bct,budgetaire,« une dotation de 200 MDT sur le Budget de l'État » (texte),bct-ra-2004,"BCT, rapport annuel 2004",,113,"couche texte du PDF numérique, chaîne recherchée et retrouvée le 6 octobre 2026",égale au poste « produits de base » de la famille `budget`,8527.8,2.35,37601.2,pib-minfin (déficit en dinars ÷ déficit en points de PIB),non rattachée (valeur propre au ministère),pib-minfin 2002-2004 (non rattachée),non précisé par la source,0.53,
2005,charge,total des charges,243.1,cgc_charges_bct,budgetaire,"tableau « Évolution des charges de la Caisse générale de compensation », colonne 2005",bct-ra-2009,"BCT, rapport annuel 2009",112.0,132,"couche texte du PDF numérique, chaîne recherchée et retrouvée le 6 octobre 2026","243,0 dans le rapport 2005",9191.4,2.64,41871.0,pib-minfin (déficit en dinars ÷ déficit en points de PIB),base 1997,pib-minfin 2005-2009 (base 1997),non,0.58,PIB : retour à la base 1997
2005,charge,céréales et dérivés,170.9,cgc_charges_bct,budgetaire,"charges de la Caisse, par produit",bct-ra-2009,"BCT, rapport annuel 2009",112.0,132,"couche texte du PDF numérique, chaîne recherchée et retrouvée le 6 octobre 2026",,9191.4,1.86,41871.0,pib-minfin (déficit en dinars ÷ déficit en points de PIB),base 1997,pib-minfin 2005-2009 (base 1997),non,0.41,PIB : retour à la base 1997
2005,charge,huiles,57.8,cgc_charges_bct,budgetaire,"charges de la Caisse, par produit",bct-ra-2009,"BCT, rapport annuel 2009",112.0,132,"couche texte du PDF numérique, chaîne recherchée et retrouvée le 6 octobre 2026",,9191.4,0.63,41871.0,pib-minfin (déficit en dinars ÷ déficit en points de PIB),base 1997,pib-minfin 2005-2009 (base 1997),non,0.14,PIB : retour à la base 1997
2005,charge,lait,6.7,cgc_charges_bct,budgetaire,"charges de la Caisse, par produit",bct-ra-2009,"BCT, rapport annuel 2009",112.0,132,"couche texte du PDF numérique, chaîne recherchée et retrouvée le 6 octobre 2026",,9191.4,0.07,41871.0,pib-minfin (déficit en dinars ÷ déficit en points de PIB),base 1997,pib-minfin 2005-2009 (base 1997),non,0.02,PIB : retour à la base 1997
2005,charge,papier scolaire,7.7,cgc_charges_bct,budgetaire,"charges de la Caisse, par produit",bct-ra-2009,"BCT, rapport annuel 2009",112.0,132,"couche texte du PDF numérique, chaîne recherchée et retrouvée le 6 octobre 2026",,9191.4,0.08,41871.0,pib-minfin (déficit en dinars ÷ déficit en points de PIB),base 1997,pib-minfin 2005-2009 (base 1997),non,0.02,PIB : retour à la base 1997
2005,ressource,dotation du budget de l'État,230.0,budget_dotation_cgc_bct,budgetaire,« une dotation budgétaire à hauteur de 230 MDT » (texte),bct-ra-2005,"BCT, rapport annuel 2005",101.0,115,"couche texte du PDF numérique, chaîne recherchée et retrouvée le 6 octobre 2026","la famille `budget` donne 244 (rapport du ministère de 2008) ou 240,9 (rapport de 2005)",9191.4,2.5,41871.0,pib-minfin (déficit en dinars ÷ déficit en points de PIB),base 1997,pib-minfin 2005-2009 (base 1997),non,0.55,PIB : retour à la base 1997
2006,charge,total des charges,321.4,cgc_charges_bct,budgetaire,"tableau « Évolution des charges de la Caisse générale de compensation », colonne 2006",bct-ra-2009,"BCT, rapport annuel 2009",112.0,132,"couche texte du PDF numérique, chaîne recherchée et retrouvée le 6 octobre 2026",,9973.9,3.22,45756.2,pib-minfin (déficit en dinars ÷ déficit en points de PIB),base 1997,pib-minfin 2005-2009 (base 1997),non,0.7,
2006,charge,céréales et dérivés,239.5,cgc_charges_bct,budgetaire,"charges de la Caisse, par produit",bct-ra-2009,"BCT, rapport annuel 2009",112.0,132,"couche texte du PDF numérique, chaîne recherchée et retrouvée le 6 octobre 2026",,9973.9,2.4,45756.2,pib-minfin (déficit en dinars ÷ déficit en points de PIB),base 1997,pib-minfin 2005-2009 (base 1997),non,0.52,
2006,charge,huiles,69.0,cgc_charges_bct,budgetaire,"charges de la Caisse, par produit",bct-ra-2009,"BCT, rapport annuel 2009",112.0,132,"couche texte du PDF numérique, chaîne recherchée et retrouvée le 6 octobre 2026",,9973.9,0.69,45756.2,pib-minfin (déficit en dinars ÷ déficit en points de PIB),base 1997,pib-minfin 2005-2009 (base 1997),non,0.15,
2006,charge,lait,7.3,cgc_charges_bct,budgetaire,"charges de la Caisse, par produit",bct-ra-2009,"BCT, rapport annuel 2009",112.0,132,"couche texte du PDF numérique, chaîne recherchée et retrouvée le 6 octobre 2026",,9973.9,0.07,45756.2,pib-minfin (déficit en dinars ÷ déficit en points de PIB),base 1997,pib-minfin 2005-2009 (base 1997),non,0.02,
2006,charge,papier scolaire,5.6,cgc_charges_bct,budgetaire,"charges de la Caisse, par produit",bct-ra-2009,"BCT, rapport annuel 2009",112.0,132,"couche texte du PDF numérique, chaîne recherchée et retrouvée le 6 octobre 2026",,9973.9,0.06,45756.2,pib-minfin (déficit en dinars ÷ déficit en points de PIB),base 1997,pib-minfin 2005-2009 (base 1997),non,0.01,
2007,charge,total des charges,598.0,cgc_charges_bct,budgetaire,"tableau « Évolution des charges de la Caisse générale de compensation », colonne 2007",bct-ra-2010,"BCT, rapport annuel 2010",25.0,33,"couche texte du PDF numérique, chaîne recherchée et retrouvée le 6 octobre 2026","« compte non tenu d'une dotation de 70 MDT du budget de l'État de 2007, qui a été bloquée au profit de l'Office des céréales » et dépensée en 2008 (note du tableau)",11166.1,5.36,49874.2,pib-minfin (déficit en dinars ÷ déficit en points de PIB),base 1997,pib-minfin 2005-2009 (base 1997),non,1.2,
2007,charge,céréales et dérivés,474.2,cgc_charges_bct,budgetaire,"charges de la Caisse, par produit",bct-ra-2010,"BCT, rapport annuel 2010",25.0,33,"couche texte du PDF numérique, chaîne recherchée et retrouvée le 6 octobre 2026",,11166.1,4.25,49874.2,pib-minfin (déficit en dinars ÷ déficit en points de PIB),base 1997,pib-minfin 2005-2009 (base 1997),non,0.95,
2007,charge,huiles,111.5,cgc_charges_bct,budgetaire,"charges de la Caisse, par produit",bct-ra-2010,"BCT, rapport annuel 2010",25.0,33,"couche texte du PDF numérique, chaîne recherchée et retrouvée le 6 octobre 2026",,11166.1,1.0,49874.2,pib-minfin (déficit en dinars ÷ déficit en points de PIB),base 1997,pib-minfin 2005-2009 (base 1997),non,0.22,
2007,charge,lait,7.3,cgc_charges_bct,budgetaire,"charges de la Caisse, par produit",bct-ra-2010,"BCT, rapport annuel 2010",25.0,33,"couche texte du PDF numérique, chaîne recherchée et retrouvée le 6 octobre 2026",,11166.1,0.07,49874.2,pib-minfin (déficit en dinars ÷ déficit en points de PIB),base 1997,pib-minfin 2005-2009 (base 1997),non,0.01,
2007,charge,papier scolaire,5.0,cgc_charges_bct,budgetaire,"charges de la Caisse, par produit",bct-ra-2010,"BCT, rapport annuel 2010",25.0,33,"couche texte du PDF numérique, chaîne recherchée et retrouvée le 6 octobre 2026",,11166.1,0.04,49874.2,pib-minfin (déficit en dinars ÷ déficit en points de PIB),base 1997,pib-minfin 2005-2009 (base 1997),non,0.01,
2007,ressource,dotation du budget de l'État,598.0,budget_dotation_cgc_bct,budgetaire,« une dotation budgétaire de 313 MDT prévue dans la Loi de Finances et […] une dotation supplémentaire de 285 MDT » (texte),bct-ra-2007,"BCT, rapport annuel 2007",106.0,129,"couche texte du PDF numérique, chaîne recherchée et retrouvée le 6 octobre 2026","313 + 285, somme faite ici ; la famille `budget` donne 668 : l'écart de 70 MDT est égal à la dotation du budget de 2007 que le rapport 2008 dit bloquée au profit de l'Office des céréales et dépensée en 2008",11166.1,5.36,49874.2,pib-minfin (déficit en dinars ÷ déficit en points de PIB),base 1997,pib-minfin 2005-2009 (base 1997),non,1.2,
2008,charge,total des charges,1047.9,cgc_charges_bct,budgetaire,"tableau « Évolution des charges de la Caisse générale de compensation », colonne 2008",bct-ra-2010,"BCT, rapport annuel 2010",25.0,33,"couche texte du PDF numérique, chaîne recherchée et retrouvée le 6 octobre 2026","1 048,0 dans le rapport 2008",12791.8,8.19,55296.6,pib-minfin (déficit en dinars ÷ déficit en points de PIB),base 1997,pib-minfin 2005-2009 (base 1997),non,1.9,"champ : le lait sort de la compensation le 23 janvier 2008 (BCT, rapport 2008, p. 109)"
2008,charge,céréales et dérivés,873.0,cgc_charges_bct,budgetaire,"charges de la Caisse, par produit",bct-ra-2010,"BCT, rapport annuel 2010",25.0,33,"couche texte du PDF numérique, chaîne recherchée et retrouvée le 6 octobre 2026","céréales : « 873,0 » avec un appel de note (70 MDT de dotation de 2007 non comptés)",12791.8,6.82,55296.6,pib-minfin (déficit en dinars ÷ déficit en points de PIB),base 1997,pib-minfin 2005-2009 (base 1997),non,1.58,"champ : le lait sort de la compensation le 23 janvier 2008 (BCT, rapport 2008, p. 109)"
2008,charge,huiles,167.5,cgc_charges_bct,budgetaire,"charges de la Caisse, par produit",bct-ra-2010,"BCT, rapport annuel 2010",25.0,33,"couche texte du PDF numérique, chaîne recherchée et retrouvée le 6 octobre 2026","céréales : « 873,0 » avec un appel de note (70 MDT de dotation de 2007 non comptés)",12791.8,1.31,55296.6,pib-minfin (déficit en dinars ÷ déficit en points de PIB),base 1997,pib-minfin 2005-2009 (base 1997),non,0.3,"champ : le lait sort de la compensation le 23 janvier 2008 (BCT, rapport 2008, p. 109)"
2008,charge,lait,2.8,cgc_charges_bct,budgetaire,"charges de la Caisse, par produit",bct-ra-2010,"BCT, rapport annuel 2010",25.0,33,"couche texte du PDF numérique, chaîne recherchée et retrouvée le 6 octobre 2026","céréales : « 873,0 » avec un appel de note (70 MDT de dotation de 2007 non comptés)",12791.8,0.02,55296.6,pib-minfin (déficit en dinars ÷ déficit en points de PIB),base 1997,pib-minfin 2005-2009 (base 1997),non,0.01,"champ : le lait sort de la compensation le 23 janvier 2008 (BCT, rapport 2008, p. 109)"
2008,charge,papier scolaire,4.6,cgc_charges_bct,budgetaire,"charges de la Caisse, par produit",bct-ra-2010,"BCT, rapport annuel 2010",25.0,33,"couche texte du PDF numérique, chaîne recherchée et retrouvée le 6 octobre 2026","céréales : « 873,0 » avec un appel de note (70 MDT de dotation de 2007 non comptés)",12791.8,0.04,55296.6,pib-minfin (déficit en dinars ÷ déficit en points de PIB),base 1997,pib-minfin 2005-2009 (base 1997),non,0.01,"champ : le lait sort de la compensation le 23 janvier 2008 (BCT, rapport 2008, p. 109)"
2008,ressource,dotation du budget de l'État,,budget_dotation_cgc_bct,budgetaire,« assuré intégralement par des subventions sur le budget de l'État »,bct-ra-2008,"BCT, rapport annuel 2008",109.0,129,"couche texte du PDF numérique, chaîne recherchée et retrouvée le 6 octobre 2026","MONTANT NON DONNÉ par le rapport : laissé vide, non déduit des charges",12791.8,,55296.6,pib-minfin (déficit en dinars ÷ déficit en points de PIB),base 1997,pib-minfin 2005-2009 (base 1997),non,,"champ : le lait sort de la compensation le 23 janvier 2008 (BCT, rapport 2008, p. 109)"
2009,charge,total des charges,800.0,cgc_charges_bct,budgetaire,"tableau « Évolution des charges de la Caisse générale de compensation » (tableau 2-13), colonne 2009",bct-ra-2011,"BCT, rapport annuel 2011",37.0,45,"couche texte du PDF numérique, chaîne recherchée et retrouvée le 6 octobre 2026","799,9 dans le rapport 2009",14174.5,5.64,58883.3,pib-minfin (déficit en dinars ÷ déficit en points de PIB),base 1997,pib-minfin 2005-2009 (base 1997),non,1.36,
2009,charge,céréales et dérivés,687.3,cgc_charges_bct,budgetaire,"charges de la Caisse, par produit",bct-ra-2011,"BCT, rapport annuel 2011",37.0,45,"couche texte du PDF numérique, chaîne recherchée et retrouvée le 6 octobre 2026",,14174.5,4.85,58883.3,pib-minfin (déficit en dinars ÷ déficit en points de PIB),base 1997,pib-minfin 2005-2009 (base 1997),non,1.17,
2009,charge,huiles,108.4,cgc_charges_bct,budgetaire,"charges de la Caisse, par produit",bct-ra-2011,"BCT, rapport annuel 2011",37.0,45,"couche texte du PDF numérique, chaîne recherchée et retrouvée le 6 octobre 2026",,14174.5,0.76,58883.3,pib-minfin (déficit en dinars ÷ déficit en points de PIB),base 1997,pib-minfin 2005-2009 (base 1997),non,0.18,
2009,charge,lait,0.0,cgc_charges_bct,budgetaire,"charges de la Caisse, par produit",bct-ra-2011,"BCT, rapport annuel 2011",37.0,45,"couche texte du PDF numérique, chaîne recherchée et retrouvée le 6 octobre 2026",,14174.5,0.0,58883.3,pib-minfin (déficit en dinars ÷ déficit en points de PIB),base 1997,pib-minfin 2005-2009 (base 1997),non,0.0,
2009,charge,papier scolaire,4.3,cgc_charges_bct,budgetaire,"charges de la Caisse, par produit",bct-ra-2011,"BCT, rapport annuel 2011",37.0,45,"couche texte du PDF numérique, chaîne recherchée et retrouvée le 6 octobre 2026",,14174.5,0.03,58883.3,pib-minfin (déficit en dinars ÷ déficit en points de PIB),base 1997,pib-minfin 2005-2009 (base 1997),non,0.01,
2009,ressource,dotation du budget de l'État,,budget_dotation_cgc_bct,budgetaire,« assuré totalement par des subventions accordées sur le Budget de l'État »,bct-ra-2009,"BCT, rapport annuel 2009",112.0,132,"couche texte du PDF numérique, chaîne recherchée et retrouvée le 6 octobre 2026","MONTANT NON DONNÉ par le rapport : laissé vide, non déduit des charges",14174.5,,58883.3,pib-minfin (déficit en dinars ÷ déficit en points de PIB),base 1997,pib-minfin 2005-2009 (base 1997),non,,
2010,charge,total des charges,583.7,cgc_charges_bct,budgetaire,"tableau « Évolution des charges de la Caisse générale de compensation » (tableau 2-13), colonne 2010",bct-ra-2011,"BCT, rapport annuel 2011",37.0,45,"couche texte du PDF numérique, chaîne recherchée et retrouvée le 6 octobre 2026",une note du tableau en exclut une dotation budgétaire versée à l'Office des céréales pour décembre 2010,14267.4,4.09,66139.7,"pib-courant-par-base (INS, classeur du 15 août 2021, base 2015 rétropolée)",base 2015,pib-ins 2010-2024 (base 2015),oui,0.88,"PIB : base 1997 → base 2015, rétropolée par l'INS (niveau + 4,9 %)"
2010,charge,céréales et dérivés,466.7,cgc_charges_bct,budgetaire,"charges de la Caisse, par produit",bct-ra-2011,"BCT, rapport annuel 2011",37.0,45,"couche texte du PDF numérique, chaîne recherchée et retrouvée le 6 octobre 2026",,14267.4,3.27,66139.7,"pib-courant-par-base (INS, classeur du 15 août 2021, base 2015 rétropolée)",base 2015,pib-ins 2010-2024 (base 2015),oui,0.71,"PIB : base 1997 → base 2015, rétropolée par l'INS (niveau + 4,9 %)"
2010,charge,huiles,112.7,cgc_charges_bct,budgetaire,"charges de la Caisse, par produit",bct-ra-2011,"BCT, rapport annuel 2011",37.0,45,"couche texte du PDF numérique, chaîne recherchée et retrouvée le 6 octobre 2026",,14267.4,0.79,66139.7,"pib-courant-par-base (INS, classeur du 15 août 2021, base 2015 rétropolée)",base 2015,pib-ins 2010-2024 (base 2015),oui,0.17,"PIB : base 1997 → base 2015, rétropolée par l'INS (niveau + 4,9 %)"
2010,charge,lait,0.0,cgc_charges_bct,budgetaire,"charges de la Caisse, par produit",bct-ra-2011,"BCT, rapport annuel 2011",37.0,45,"couche texte du PDF numérique, chaîne recherchée et retrouvée le 6 octobre 2026",,14267.4,0.0,66139.7,"pib-courant-par-base (INS, classeur du 15 août 2021, base 2015 rétropolée)",base 2015,pib-ins 2010-2024 (base 2015),oui,0.0,"PIB : base 1997 → base 2015, rétropolée par l'INS (niveau + 4,9 %)"
2010,charge,papier scolaire,4.3,cgc_charges_bct,budgetaire,"charges de la Caisse, par produit",bct-ra-2011,"BCT, rapport annuel 2011",37.0,45,"couche texte du PDF numérique, chaîne recherchée et retrouvée le 6 octobre 2026",,14267.4,0.03,66139.7,"pib-courant-par-base (INS, classeur du 15 août 2021, base 2015 rétropolée)",base 2015,pib-ins 2010-2024 (base 2015),oui,0.01,"PIB : base 1997 → base 2015, rétropolée par l'INS (niveau + 4,9 %)"
2010,ressource,dotation du budget de l'État,730.0,budget_dotation_cgc_bct,budgetaire,"« une dotation budgétaire de 730 MDT, dont 146 MDT sont reportés à l'année 2011 » (texte)",bct-ra-2010,"BCT, rapport annuel 2010",25.0,33,"couche texte du PDF numérique, chaîne recherchée et retrouvée le 6 octobre 2026",égale au poste « produits de base » de la famille `budget`,14267.4,5.12,66139.7,"pib-courant-par-base (INS, classeur du 15 août 2021, base 2015 rétropolée)",base 2015,pib-ins 2010-2024 (base 2015),oui,1.1,"PIB : base 1997 → base 2015, rétropolée par l'INS (niveau + 4,9 %)"
2011,charge,total des charges,1149.6,cgc_charges_bct,budgetaire,"tableau « Évolution des charges de la Caisse générale de compensation » (tableau 2-13), colonne 2011",bct-ra-2011,"BCT, rapport annuel 2011",37.0,45,"couche texte du PDF numérique, chaîne recherchée et retrouvée le 6 octobre 2026","« non compris un montant budgétisé de 96,7 MDT reporté à l'année 2012 au profit de l'Office des céréales » ; dernière année du tableau : les rapports 2012 et 2013 ne le reprennent pas",17143.3,6.71,67747.3,"pib-courant-par-base (INS, classeur du 15 août 2021, base 2015 rétropolée)",base 2015,pib-ins 2010-2024 (base 2015),oui,1.7,"champ : extension au lait demi-écrémé, au double concentré de tomate, au sucre et aux pâtes alimentaires (BCT, rapport 2011, p. 37)"
2011,charge,céréales et dérivés,883.2,cgc_charges_bct,budgetaire,"charges de la Caisse, par produit",bct-ra-2011,"BCT, rapport annuel 2011",37.0,45,"couche texte du PDF numérique, chaîne recherchée et retrouvée le 6 octobre 2026","lait : « lait demi-écrémé », produit nouvellement admis",17143.3,5.15,67747.3,"pib-courant-par-base (INS, classeur du 15 août 2021, base 2015 rétropolée)",base 2015,pib-ins 2010-2024 (base 2015),oui,1.3,"champ : extension au lait demi-écrémé, au double concentré de tomate, au sucre et aux pâtes alimentaires (BCT, rapport 2011, p. 37)"
2011,charge,double concentré de tomate,9.6,cgc_charges_bct,budgetaire,"charges de la Caisse, par produit",bct-ra-2011,"BCT, rapport annuel 2011",37.0,45,"couche texte du PDF numérique, chaîne recherchée et retrouvée le 6 octobre 2026","lait : « lait demi-écrémé », produit nouvellement admis",17143.3,0.06,67747.3,"pib-courant-par-base (INS, classeur du 15 août 2021, base 2015 rétropolée)",base 2015,pib-ins 2010-2024 (base 2015),oui,0.01,"champ : extension au lait demi-écrémé, au double concentré de tomate, au sucre et aux pâtes alimentaires (BCT, rapport 2011, p. 37)"
2011,charge,huiles,214.4,cgc_charges_bct,budgetaire,"charges de la Caisse, par produit",bct-ra-2011,"BCT, rapport annuel 2011",37.0,45,"couche texte du PDF numérique, chaîne recherchée et retrouvée le 6 octobre 2026","lait : « lait demi-écrémé », produit nouvellement admis",17143.3,1.25,67747.3,"pib-courant-par-base (INS, classeur du 15 août 2021, base 2015 rétropolée)",base 2015,pib-ins 2010-2024 (base 2015),oui,0.32,"champ : extension au lait demi-écrémé, au double concentré de tomate, au sucre et aux pâtes alimentaires (BCT, rapport 2011, p. 37)"
2011,charge,lait,23.1,cgc_charges_bct,budgetaire,"charges de la Caisse, par produit",bct-ra-2011,"BCT, rapport annuel 2011",37.0,45,"couche texte du PDF numérique, chaîne recherchée et retrouvée le 6 octobre 2026","lait : « lait demi-écrémé », produit nouvellement admis",17143.3,0.13,67747.3,"pib-courant-par-base (INS, classeur du 15 août 2021, base 2015 rétropolée)",base 2015,pib-ins 2010-2024 (base 2015),oui,0.03,"champ : extension au lait demi-écrémé, au double concentré de tomate, au sucre et aux pâtes alimentaires (BCT, rapport 2011, p. 37)"
2011,charge,papier scolaire,4.3,cgc_charges_bct,budgetaire,"charges de la Caisse, par produit",bct-ra-2011,"BCT, rapport annuel 2011",37.0,45,"couche texte du PDF numérique, chaîne recherchée et retrouvée le 6 octobre 2026","lait : « lait demi-écrémé », produit nouvellement admis",17143.3,0.03,67747.3,"pib-courant-par-base (INS, classeur du 15 août 2021, base 2015 rétropolée)",base 2015,pib-ins 2010-2024 (base 2015),oui,0.01,"champ : extension au lait demi-écrémé, au double concentré de tomate, au sucre et aux pâtes alimentaires (BCT, rapport 2011, p. 37)"
2011,charge,pâtes alimentaires et couscous,4.2,cgc_charges_bct,budgetaire,"charges de la Caisse, par produit",bct-ra-2011,"BCT, rapport annuel 2011",37.0,45,"couche texte du PDF numérique, chaîne recherchée et retrouvée le 6 octobre 2026","lait : « lait demi-écrémé », produit nouvellement admis",17143.3,0.02,67747.3,"pib-courant-par-base (INS, classeur du 15 août 2021, base 2015 rétropolée)",base 2015,pib-ins 2010-2024 (base 2015),oui,0.01,"champ : extension au lait demi-écrémé, au double concentré de tomate, au sucre et aux pâtes alimentaires (BCT, rapport 2011, p. 37)"
2011,charge,sucre,10.8,cgc_charges_bct,budgetaire,"charges de la Caisse, par produit",bct-ra-2011,"BCT, rapport annuel 2011",37.0,45,"couche texte du PDF numérique, chaîne recherchée et retrouvée le 6 octobre 2026","lait : « lait demi-écrémé », produit nouvellement admis",17143.3,0.06,67747.3,"pib-courant-par-base (INS, classeur du 15 août 2021, base 2015 rétropolée)",base 2015,pib-ins 2010-2024 (base 2015),oui,0.02,"champ : extension au lait demi-écrémé, au double concentré de tomate, au sucre et aux pâtes alimentaires (BCT, rapport 2011, p. 37)"
