annee,indicateur,croissance_pct,source,note
1962,PIB nominal,1.6,"Banque mondiale, WDI NY.GDP.MKTP.CN, API téléchargée le 2026-09-21",
1963,PIB nominal,16.67,"Banque mondiale, WDI NY.GDP.MKTP.CN, API téléchargée le 2026-09-21",
1964,PIB nominal,6.16,"Banque mondiale, WDI NY.GDP.MKTP.CN, API téléchargée le 2026-09-21",
1965,PIB nominal,13.65,"Banque mondiale, WDI NY.GDP.MKTP.CN, API téléchargée le 2026-09-21",
1966,PIB nominal,5.04,"Banque mondiale, WDI NY.GDP.MKTP.CN, API téléchargée le 2026-09-21",
1967,PIB nominal,4.3,"Banque mondiale, WDI NY.GDP.MKTP.CN, API téléchargée le 2026-09-21",
1968,PIB nominal,11.88,"Banque mondiale, WDI NY.GDP.MKTP.CN, API téléchargée le 2026-09-21",
1969,PIB nominal,6.19,"Banque mondiale, WDI NY.GDP.MKTP.CN, API téléchargée le 2026-09-21",
1970,PIB nominal,11.58,"Banque mondiale, WDI NY.GDP.MKTP.CN, API téléchargée le 2026-09-21",
1971,PIB nominal,16.62,"Banque mondiale, WDI NY.GDP.MKTP.CN, API téléchargée le 2026-09-21",
1972,PIB nominal,21.14,"Banque mondiale, WDI NY.GDP.MKTP.CN, API téléchargée le 2026-09-21",
1973,PIB nominal,7.85,"Banque mondiale, WDI NY.GDP.MKTP.CN, API téléchargée le 2026-09-21",
1974,PIB nominal,34.44,"Banque mondiale, WDI NY.GDP.MKTP.CN, API téléchargée le 2026-09-21",
1975,PIB nominal,12.51,"Banque mondiale, WDI NY.GDP.MKTP.CN, API téléchargée le 2026-09-21",
1976,PIB nominal,11.0,"Banque mondiale, WDI NY.GDP.MKTP.CN, API téléchargée le 2026-09-21",
1977,PIB nominal,13.39,"Banque mondiale, WDI NY.GDP.MKTP.CN, API téléchargée le 2026-09-21",
1978,PIB nominal,13.32,"Banque mondiale, WDI NY.GDP.MKTP.CN, API téléchargée le 2026-09-21",
1979,PIB nominal,17.64,"Banque mondiale, WDI NY.GDP.MKTP.CN, API téléchargée le 2026-09-21",
1980,PIB nominal,21.17,"Banque mondiale, WDI NY.GDP.MKTP.CN, API téléchargée le 2026-09-21",
1981,PIB nominal,17.55,"Banque mondiale, WDI NY.GDP.MKTP.CN, API téléchargée le 2026-09-21",
1982,PIB nominal,15.43,"Banque mondiale, WDI NY.GDP.MKTP.CN, API téléchargée le 2026-09-21",
1983,PIB nominal,17.98,"Banque mondiale, WDI NY.GDP.MKTP.CN, API téléchargée le 2026-09-21",
1984,PIB nominal,13.13,"Banque mondiale, WDI NY.GDP.MKTP.CN, API téléchargée le 2026-09-21",
1985,PIB nominal,9.45,"Banque mondiale, WDI NY.GDP.MKTP.CN, API téléchargée le 2026-09-21",
1986,PIB nominal,2.02,"Banque mondiale, WDI NY.GDP.MKTP.CN, API téléchargée le 2026-09-21",
1987,PIB nominal,12.22,"Banque mondiale, WDI NY.GDP.MKTP.CN, API téléchargée le 2026-09-21",
1988,PIB nominal,7.78,"Banque mondiale, WDI NY.GDP.MKTP.CN, API téléchargée le 2026-09-21",
1989,PIB nominal,10.73,"Banque mondiale, WDI NY.GDP.MKTP.CN, API téléchargée le 2026-09-21",
1990,PIB nominal,12.78,"Banque mondiale, WDI NY.GDP.MKTP.CN, API téléchargée le 2026-09-21",
1991,PIB nominal,11.22,"Banque mondiale, WDI NY.GDP.MKTP.CN, API téléchargée le 2026-09-21",
1992,PIB nominal,13.94,"Banque mondiale, WDI NY.GDP.MKTP.CN, API téléchargée le 2026-09-21",
1993,PIB nominal,6.98,"UNdata, SNA tableau 4.1, série 30 (SCN 1968, base 1983), produit intérieur brut (B.1*g), compte de production (données INS transmises à l'ONU)",
1994,PIB nominal,7.85,"UNdata, SNA tableau 4.1, série 30 (SCN 1968, base 1983), produit intérieur brut (B.1*g), compte de production (données INS transmises à l'ONU)",
1995,PIB nominal,7.83,"UNdata, SNA tableau 4.1, série 30 (SCN 1968, base 1983), produit intérieur brut (B.1*g), compte de production (données INS transmises à l'ONU)",
1996,PIB nominal,11.81,"UNdata, SNA tableau 4.1, série 30 (SCN 1968, base 1983), produit intérieur brut (B.1*g), compte de production (données INS transmises à l'ONU)",
1997,PIB nominal,9.61,"UNdata, SNA tableau 4.1, série 30 (SCN 1968, base 1983), produit intérieur brut (B.1*g), compte de production (données INS transmises à l'ONU)","changement de base corrigé (taux WDI d'origine : 20.33, 1996 en base 1983, 1997 en base 1997)"
1998,PIB nominal,8.21,"UNdata, SNA tableau 4.1, série 100 (SCN 1993, base 1997), produit intérieur brut (B.1*g), compte de production (données INS transmises à l'ONU)",
1999,PIB nominal,9.62,"UNdata, SNA tableau 4.1, série 100 (SCN 1993, base 1997), produit intérieur brut (B.1*g), compte de production (données INS transmises à l'ONU)",
2000,PIB nominal,8.15,"UNdata, SNA tableau 4.1, série 100 (SCN 1993, base 1997), produit intérieur brut (B.1*g), compte de production (données INS transmises à l'ONU)",
2001,PIB nominal,7.86,"UNdata, SNA tableau 4.1, série 100 (SCN 1993, base 1997), produit intérieur brut (B.1*g), compte de production (données INS transmises à l'ONU)",
2002,PIB nominal,4.06,"INS, Les comptes de la nation, édition 2001-2005 (base 1983), emplois du PIB aux prix courants, produit intérieur brut aux prix du marché",
2003,PIB nominal,7.51,"INS, Les comptes de la nation, édition 2002-2006 (base 1983), emplois du PIB aux prix courants, produit intérieur brut aux prix du marché",
2004,PIB nominal,9.47,"INS, Les comptes de la nation, édition 2003-2007 (base 1983), emplois du PIB aux prix courants, produit intérieur brut aux prix du marché",
2005,PIB nominal,7.2,"INS, Les comptes de la nation, édition 2004-2008 (base 1983), emplois du PIB aux prix courants, produit intérieur brut aux prix du marché",
2006,PIB nominal,9.28,"INS, Les comptes de la nation, édition 2005-2009 (base 1997), emplois du PIB aux prix courants, produit intérieur brut aux prix du marché",
2007,PIB nominal,8.96,"INS, Les comptes de la nation, édition 2006-2010 (base 1997), emplois du PIB aux prix courants, produit intérieur brut aux prix du marché",
2008,PIB nominal,10.85,"INS, Les comptes de la nation, édition 2007-2011 (base 1997), emplois du PIB aux prix courants, produit intérieur brut aux prix du marché",
2009,PIB nominal,6.17,"INS, Les comptes de la nation, édition 2008-2012 (base 1997), emplois du PIB aux prix courants, produit intérieur brut aux prix du marché",
2010,PIB nominal,7.46,"INS, Les comptes de la nation, édition 2009-2013 (base 1997), emplois du PIB aux prix courants, produit intérieur brut aux prix du marché","changement de base corrigé (taux WDI d'origine : 12.72, 2009 en base 1997, 2010 rétropolé)"
2011,PIB nominal,2.28,"INS, Les comptes de la nation, édition 2010-2014 (base 1997), emplois du PIB aux prix courants, produit intérieur brut aux prix du marché",
2012,PIB nominal,9.09,"INS, Les comptes de la nation, édition 2011-2015 (base 1997), emplois du PIB aux prix courants, produit intérieur brut aux prix du marché",
2013,PIB nominal,6.81,"INS, Les comptes de la nation, édition 2012-2016 (base 1997), emplois du PIB aux prix courants, produit intérieur brut aux prix du marché",
2014,PIB nominal,7.61,"INS, Les comptes de la nation, édition 2013-2017 (base 1997), emplois du PIB aux prix courants, produit intérieur brut aux prix du marché",
2015,PIB nominal,4.73,"INS, Les comptes de la nation, édition 2013-2017 (base 1997), emplois du PIB aux prix courants, produit intérieur brut aux prix du marché",
2016,PIB nominal,6.11,"INS, Les comptes de la nation, édition 2015-2020 (base 2015), emplois du PIB aux prix courants, produit intérieur brut aux prix du marché",
2017,PIB nominal,7.06,"INS, Les comptes de la nation, édition 2015-2020 (base 2015), emplois du PIB aux prix courants, produit intérieur brut aux prix du marché",
2018,PIB nominal,10.76,"INS, Les comptes de la nation, édition 2017-2021 (base 2015), emplois du PIB aux prix courants, produit intérieur brut aux prix du marché",
2019,PIB nominal,8.84,"INS, Les comptes de la nation, édition 2018-2022 (base 2015), emplois du PIB aux prix courants, produit intérieur brut aux prix du marché",
2020,PIB nominal,-2.82,"INS, Les comptes de la nation, édition 2019-2023 (base 2015), emplois du PIB aux prix courants, produit intérieur brut aux prix du marché",
2021,PIB nominal,10.08,"INS, Les comptes de la nation, édition 2020-2024 (base 2015), emplois du PIB aux prix courants, produit intérieur brut aux prix du marché",
2022,PIB nominal,6.01,"INS, Les comptes de la nation, édition 2021-2025 (base 2015), emplois du PIB aux prix courants, produit intérieur brut aux prix du marché",
2023,PIB nominal,7.42,"INS, Les comptes de la nation, édition 2021-2025 (base 2015), emplois du PIB aux prix courants, produit intérieur brut aux prix du marché",
2024,PIB nominal,6.72,"INS, Les comptes de la nation, édition 2021-2025 (base 2015), emplois du PIB aux prix courants, produit intérieur brut aux prix du marché",
2025,PIB nominal,7.38,"INS, Les comptes de la nation, édition 2021-2025 (base 2015), emplois du PIB aux prix courants, produit intérieur brut aux prix du marché",provisoire
1962,PIB nominal par habitant,0.37,"Banque mondiale, WDI NY.GDP.MKTP.CN, API téléchargée le 2026-09-21 / Banque mondiale, WDI SP.POP.TOTL, API téléchargée le 2026-09-21",
1963,PIB nominal par habitant,15.14,"Banque mondiale, WDI NY.GDP.MKTP.CN, API téléchargée le 2026-09-21 / Banque mondiale, WDI SP.POP.TOTL, API téléchargée le 2026-09-21",
1964,PIB nominal par habitant,4.68,"Banque mondiale, WDI NY.GDP.MKTP.CN, API téléchargée le 2026-09-21 / Banque mondiale, WDI SP.POP.TOTL, API téléchargée le 2026-09-21",
1965,PIB nominal par habitant,11.87,"Banque mondiale, WDI NY.GDP.MKTP.CN, API téléchargée le 2026-09-21 / Banque mondiale, WDI SP.POP.TOTL, API téléchargée le 2026-09-21",
1966,PIB nominal par habitant,2.98,"Banque mondiale, WDI NY.GDP.MKTP.CN, API téléchargée le 2026-09-21 / Banque mondiale, WDI SP.POP.TOTL, API téléchargée le 2026-09-21",
1967,PIB nominal par habitant,1.92,"Banque mondiale, WDI NY.GDP.MKTP.CN, API téléchargée le 2026-09-21 / Banque mondiale, WDI SP.POP.TOTL, API téléchargée le 2026-09-21",
1968,PIB nominal par habitant,9.15,"Banque mondiale, WDI NY.GDP.MKTP.CN, API téléchargée le 2026-09-21 / Banque mondiale, WDI SP.POP.TOTL, API téléchargée le 2026-09-21",
1969,PIB nominal par habitant,3.55,"Banque mondiale, WDI NY.GDP.MKTP.CN, API téléchargée le 2026-09-21 / Banque mondiale, WDI SP.POP.TOTL, API téléchargée le 2026-09-21",
1970,PIB nominal par habitant,8.82,"Banque mondiale, WDI NY.GDP.MKTP.CN, API téléchargée le 2026-09-21 / Banque mondiale, WDI SP.POP.TOTL, API téléchargée le 2026-09-21",
1971,PIB nominal par habitant,13.74,"Banque mondiale, WDI NY.GDP.MKTP.CN, API téléchargée le 2026-09-21 / Banque mondiale, WDI SP.POP.TOTL, API téléchargée le 2026-09-21",
1972,PIB nominal par habitant,18.11,"Banque mondiale, WDI NY.GDP.MKTP.CN, API téléchargée le 2026-09-21 / Banque mondiale, WDI SP.POP.TOTL, API téléchargée le 2026-09-21",
1973,PIB nominal par habitant,5.11,"Banque mondiale, WDI NY.GDP.MKTP.CN, API téléchargée le 2026-09-21 / Banque mondiale, WDI SP.POP.TOTL, API téléchargée le 2026-09-21",
1974,PIB nominal par habitant,30.95,"Banque mondiale, WDI NY.GDP.MKTP.CN, API téléchargée le 2026-09-21 / Banque mondiale, WDI SP.POP.TOTL, API téléchargée le 2026-09-21",
1975,PIB nominal par habitant,9.53,"Banque mondiale, WDI NY.GDP.MKTP.CN, API téléchargée le 2026-09-21 / Banque mondiale, WDI SP.POP.TOTL, API téléchargée le 2026-09-21",
1976,PIB nominal par habitant,8.08,"Banque mondiale, WDI NY.GDP.MKTP.CN, API téléchargée le 2026-09-21 / Banque mondiale, WDI SP.POP.TOTL, API téléchargée le 2026-09-21",
1977,PIB nominal par habitant,10.47,"Banque mondiale, WDI NY.GDP.MKTP.CN, API téléchargée le 2026-09-21 / Banque mondiale, WDI SP.POP.TOTL, API téléchargée le 2026-09-21",
1978,PIB nominal par habitant,10.57,"Banque mondiale, WDI NY.GDP.MKTP.CN, API téléchargée le 2026-09-21 / Banque mondiale, WDI SP.POP.TOTL, API téléchargée le 2026-09-21",
1979,PIB nominal par habitant,14.96,"Banque mondiale, WDI NY.GDP.MKTP.CN, API téléchargée le 2026-09-21 / Banque mondiale, WDI SP.POP.TOTL, API téléchargée le 2026-09-21",
1980,PIB nominal par habitant,18.42,"Banque mondiale, WDI NY.GDP.MKTP.CN, API téléchargée le 2026-09-21 / Banque mondiale, WDI SP.POP.TOTL, API téléchargée le 2026-09-21",
1981,PIB nominal par habitant,14.91,"Banque mondiale, WDI NY.GDP.MKTP.CN, API téléchargée le 2026-09-21 / Banque mondiale, WDI SP.POP.TOTL, API téléchargée le 2026-09-21",
1982,PIB nominal par habitant,12.92,"Banque mondiale, WDI NY.GDP.MKTP.CN, API téléchargée le 2026-09-21 / Banque mondiale, WDI SP.POP.TOTL, API téléchargée le 2026-09-21",
1983,PIB nominal par habitant,15.55,"Banque mondiale, WDI NY.GDP.MKTP.CN, API téléchargée le 2026-09-21 / Banque mondiale, WDI SP.POP.TOTL, API téléchargée le 2026-09-21",
1984,PIB nominal par habitant,10.53,"Banque mondiale, WDI NY.GDP.MKTP.CN, API téléchargée le 2026-09-21 / Banque mondiale, WDI SP.POP.TOTL, API téléchargée le 2026-09-21",
1985,PIB nominal par habitant,6.64,"Banque mondiale, WDI NY.GDP.MKTP.CN, API téléchargée le 2026-09-21 / Banque mondiale, WDI SP.POP.TOTL, API téléchargée le 2026-09-21",
1986,PIB nominal par habitant,-0.53,"Banque mondiale, WDI NY.GDP.MKTP.CN, API téléchargée le 2026-09-21 / Banque mondiale, WDI SP.POP.TOTL, API téléchargée le 2026-09-21",
1987,PIB nominal par habitant,9.49,"Banque mondiale, WDI NY.GDP.MKTP.CN, API téléchargée le 2026-09-21 / Banque mondiale, WDI SP.POP.TOTL, API téléchargée le 2026-09-21",
1988,PIB nominal par habitant,5.29,"Banque mondiale, WDI NY.GDP.MKTP.CN, API téléchargée le 2026-09-21 / Banque mondiale, WDI SP.POP.TOTL, API téléchargée le 2026-09-21",
1989,PIB nominal par habitant,8.32,"Banque mondiale, WDI NY.GDP.MKTP.CN, API téléchargée le 2026-09-21 / Banque mondiale, WDI SP.POP.TOTL, API téléchargée le 2026-09-21",
1990,PIB nominal par habitant,10.44,"Banque mondiale, WDI NY.GDP.MKTP.CN, API téléchargée le 2026-09-21 / Banque mondiale, WDI SP.POP.TOTL, API téléchargée le 2026-09-21",
1991,PIB nominal par habitant,8.9,"Banque mondiale, WDI NY.GDP.MKTP.CN, API téléchargée le 2026-09-21 / Banque mondiale, WDI SP.POP.TOTL, API téléchargée le 2026-09-21",
1992,PIB nominal par habitant,11.57,"Banque mondiale, WDI NY.GDP.MKTP.CN, API téléchargée le 2026-09-21 / Banque mondiale, WDI SP.POP.TOTL, API téléchargée le 2026-09-21",
1993,PIB nominal par habitant,4.86,"UNdata, SNA tableau 4.1, série 30 (SCN 1968, base 1983), produit intérieur brut (B.1*g), compte de production (données INS transmises à l'ONU) / Banque mondiale, WDI SP.POP.TOTL, API téléchargée le 2026-09-21",
1994,PIB nominal par habitant,5.93,"UNdata, SNA tableau 4.1, série 30 (SCN 1968, base 1983), produit intérieur brut (B.1*g), compte de production (données INS transmises à l'ONU) / Banque mondiale, WDI SP.POP.TOTL, API téléchargée le 2026-09-21",
1995,PIB nominal par habitant,6.15,"UNdata, SNA tableau 4.1, série 30 (SCN 1968, base 1983), produit intérieur brut (B.1*g), compte de production (données INS transmises à l'ONU) / Banque mondiale, WDI SP.POP.TOTL, API téléchargée le 2026-09-21",
1996,PIB nominal par habitant,10.21,"UNdata, SNA tableau 4.1, série 30 (SCN 1968, base 1983), produit intérieur brut (B.1*g), compte de production (données INS transmises à l'ONU) / Banque mondiale, WDI SP.POP.TOTL, API téléchargée le 2026-09-21",
1997,PIB nominal par habitant,8.13,"UNdata, SNA tableau 4.1, série 30 (SCN 1968, base 1983), produit intérieur brut (B.1*g), compte de production (données INS transmises à l'ONU) / Banque mondiale, WDI SP.POP.TOTL, API téléchargée le 2026-09-21","changement de base corrigé (taux WDI d'origine : 18.71, 1996 en base 1983, 1997 en base 1997)"
1998,PIB nominal par habitant,6.84,"UNdata, SNA tableau 4.1, série 100 (SCN 1993, base 1997), produit intérieur brut (B.1*g), compte de production (données INS transmises à l'ONU) / Banque mondiale, WDI SP.POP.TOTL, API téléchargée le 2026-09-21",
1999,PIB nominal par habitant,8.32,"UNdata, SNA tableau 4.1, série 100 (SCN 1993, base 1997), produit intérieur brut (B.1*g), compte de production (données INS transmises à l'ONU) / Banque mondiale, WDI SP.POP.TOTL, API téléchargée le 2026-09-21",
2000,PIB nominal par habitant,6.94,"UNdata, SNA tableau 4.1, série 100 (SCN 1993, base 1997), produit intérieur brut (B.1*g), compte de production (données INS transmises à l'ONU) / Banque mondiale, WDI SP.POP.TOTL, API téléchargée le 2026-09-21",
2001,PIB nominal par habitant,6.71,"UNdata, SNA tableau 4.1, série 100 (SCN 1993, base 1997), produit intérieur brut (B.1*g), compte de production (données INS transmises à l'ONU) / Banque mondiale, WDI SP.POP.TOTL, API téléchargée le 2026-09-21",
2002,PIB nominal par habitant,3.0,"INS, Les comptes de la nation, édition 2001-2005 (base 1983), emplois du PIB aux prix courants, produit intérieur brut aux prix du marché / Banque mondiale, WDI SP.POP.TOTL, API téléchargée le 2026-09-21",
2003,PIB nominal par habitant,6.44,"INS, Les comptes de la nation, édition 2002-2006 (base 1983), emplois du PIB aux prix courants, produit intérieur brut aux prix du marché / Banque mondiale, WDI SP.POP.TOTL, API téléchargée le 2026-09-21",
2004,PIB nominal par habitant,8.45,"INS, Les comptes de la nation, édition 2003-2007 (base 1983), emplois du PIB aux prix courants, produit intérieur brut aux prix du marché / Banque mondiale, WDI SP.POP.TOTL, API téléchargée le 2026-09-21",
2005,PIB nominal par habitant,6.27,"INS, Les comptes de la nation, édition 2004-2008 (base 1983), emplois du PIB aux prix courants, produit intérieur brut aux prix du marché / Banque mondiale, WDI SP.POP.TOTL, API téléchargée le 2026-09-21",
2006,PIB nominal par habitant,8.32,"INS, Les comptes de la nation, édition 2005-2009 (base 1997), emplois du PIB aux prix courants, produit intérieur brut aux prix du marché / Banque mondiale, WDI SP.POP.TOTL, API téléchargée le 2026-09-21",
2007,PIB nominal par habitant,7.97,"INS, Les comptes de la nation, édition 2006-2010 (base 1997), emplois du PIB aux prix courants, produit intérieur brut aux prix du marché / Banque mondiale, WDI SP.POP.TOTL, API téléchargée le 2026-09-21",
2008,PIB nominal par habitant,9.79,"INS, Les comptes de la nation, édition 2007-2011 (base 1997), emplois du PIB aux prix courants, produit intérieur brut aux prix du marché / Banque mondiale, WDI SP.POP.TOTL, API téléchargée le 2026-09-21",
2009,PIB nominal par habitant,5.09,"INS, Les comptes de la nation, édition 2008-2012 (base 1997), emplois du PIB aux prix courants, produit intérieur brut aux prix du marché / Banque mondiale, WDI SP.POP.TOTL, API téléchargée le 2026-09-21",
2010,PIB nominal par habitant,6.31,"INS, Les comptes de la nation, édition 2009-2013 (base 1997), emplois du PIB aux prix courants, produit intérieur brut aux prix du marché / Banque mondiale, WDI SP.POP.TOTL, API téléchargée le 2026-09-21","changement de base corrigé (taux WDI d'origine : 11.51, 2009 en base 1997, 2010 rétropolé)"
2011,PIB nominal par habitant,1.15,"INS, Les comptes de la nation, édition 2010-2014 (base 1997), emplois du PIB aux prix courants, produit intérieur brut aux prix du marché / Banque mondiale, WDI SP.POP.TOTL, API téléchargée le 2026-09-21",
2012,PIB nominal par habitant,7.87,"INS, Les comptes de la nation, édition 2011-2015 (base 1997), emplois du PIB aux prix courants, produit intérieur brut aux prix du marché / Banque mondiale, WDI SP.POP.TOTL, API téléchargée le 2026-09-21",
2013,PIB nominal par habitant,5.55,"INS, Les comptes de la nation, édition 2012-2016 (base 1997), emplois du PIB aux prix courants, produit intérieur brut aux prix du marché / Banque mondiale, WDI SP.POP.TOTL, API téléchargée le 2026-09-21",
2014,PIB nominal par habitant,6.34,"INS, Les comptes de la nation, édition 2013-2017 (base 1997), emplois du PIB aux prix courants, produit intérieur brut aux prix du marché / Banque mondiale, WDI SP.POP.TOTL, API téléchargée le 2026-09-21",
2015,PIB nominal par habitant,3.55,"INS, Les comptes de la nation, édition 2013-2017 (base 1997), emplois du PIB aux prix courants, produit intérieur brut aux prix du marché / Banque mondiale, WDI SP.POP.TOTL, API téléchargée le 2026-09-21",
2016,PIB nominal par habitant,4.95,"INS, Les comptes de la nation, édition 2015-2020 (base 2015), emplois du PIB aux prix courants, produit intérieur brut aux prix du marché / Banque mondiale, WDI SP.POP.TOTL, API téléchargée le 2026-09-21",
2017,PIB nominal par habitant,5.94,"INS, Les comptes de la nation, édition 2015-2020 (base 2015), emplois du PIB aux prix courants, produit intérieur brut aux prix du marché / Banque mondiale, WDI SP.POP.TOTL, API téléchargée le 2026-09-21",
2018,PIB nominal par habitant,9.68,"INS, Les comptes de la nation, édition 2017-2021 (base 2015), emplois du PIB aux prix courants, produit intérieur brut aux prix du marché / Banque mondiale, WDI SP.POP.TOTL, API téléchargée le 2026-09-21",
2019,PIB nominal par habitant,7.84,"INS, Les comptes de la nation, édition 2018-2022 (base 2015), emplois du PIB aux prix courants, produit intérieur brut aux prix du marché / Banque mondiale, WDI SP.POP.TOTL, API téléchargée le 2026-09-21",
2020,PIB nominal par habitant,-3.62,"INS, Les comptes de la nation, édition 2019-2023 (base 2015), emplois du PIB aux prix courants, produit intérieur brut aux prix du marché / Banque mondiale, WDI SP.POP.TOTL, API téléchargée le 2026-09-21",
2021,PIB nominal par habitant,9.4,"INS, Les comptes de la nation, édition 2020-2024 (base 2015), emplois du PIB aux prix courants, produit intérieur brut aux prix du marché / Banque mondiale, WDI SP.POP.TOTL, API téléchargée le 2026-09-21",
2022,PIB nominal par habitant,5.39,"INS, Les comptes de la nation, édition 2021-2025 (base 2015), emplois du PIB aux prix courants, produit intérieur brut aux prix du marché / Banque mondiale, WDI SP.POP.TOTL, API téléchargée le 2026-09-21",
2023,PIB nominal par habitant,6.71,"INS, Les comptes de la nation, édition 2021-2025 (base 2015), emplois du PIB aux prix courants, produit intérieur brut aux prix du marché / Banque mondiale, WDI SP.POP.TOTL, API téléchargée le 2026-09-21",
2024,PIB nominal par habitant,6.05,"INS, Les comptes de la nation, édition 2021-2025 (base 2015), emplois du PIB aux prix courants, produit intérieur brut aux prix du marché / Banque mondiale, WDI SP.POP.TOTL, API téléchargée le 2026-09-21",
2025,PIB nominal par habitant,6.76,"INS, Les comptes de la nation, édition 2021-2025 (base 2015), emplois du PIB aux prix courants, produit intérieur brut aux prix du marché / Banque mondiale, WDI SP.POP.TOTL, API téléchargée le 2026-09-21",provisoire
1962,"PIB nominal par habitant, Banque mondiale (WDI, tel que publié)",0.37,"Banque mondiale, WDI NY.GDP.MKTP.CN, API téléchargée le 2026-09-21 / Banque mondiale, WDI SP.POP.TOTL, API téléchargée le 2026-09-21",tel que publié ; contient les ruptures de base de 1997 et 2010
1963,"PIB nominal par habitant, Banque mondiale (WDI, tel que publié)",15.14,"Banque mondiale, WDI NY.GDP.MKTP.CN, API téléchargée le 2026-09-21 / Banque mondiale, WDI SP.POP.TOTL, API téléchargée le 2026-09-21",tel que publié ; contient les ruptures de base de 1997 et 2010
1964,"PIB nominal par habitant, Banque mondiale (WDI, tel que publié)",4.68,"Banque mondiale, WDI NY.GDP.MKTP.CN, API téléchargée le 2026-09-21 / Banque mondiale, WDI SP.POP.TOTL, API téléchargée le 2026-09-21",tel que publié ; contient les ruptures de base de 1997 et 2010
1965,"PIB nominal par habitant, Banque mondiale (WDI, tel que publié)",11.87,"Banque mondiale, WDI NY.GDP.MKTP.CN, API téléchargée le 2026-09-21 / Banque mondiale, WDI SP.POP.TOTL, API téléchargée le 2026-09-21",tel que publié ; contient les ruptures de base de 1997 et 2010
1966,"PIB nominal par habitant, Banque mondiale (WDI, tel que publié)",2.98,"Banque mondiale, WDI NY.GDP.MKTP.CN, API téléchargée le 2026-09-21 / Banque mondiale, WDI SP.POP.TOTL, API téléchargée le 2026-09-21",tel que publié ; contient les ruptures de base de 1997 et 2010
1967,"PIB nominal par habitant, Banque mondiale (WDI, tel que publié)",1.92,"Banque mondiale, WDI NY.GDP.MKTP.CN, API téléchargée le 2026-09-21 / Banque mondiale, WDI SP.POP.TOTL, API téléchargée le 2026-09-21",tel que publié ; contient les ruptures de base de 1997 et 2010
1968,"PIB nominal par habitant, Banque mondiale (WDI, tel que publié)",9.15,"Banque mondiale, WDI NY.GDP.MKTP.CN, API téléchargée le 2026-09-21 / Banque mondiale, WDI SP.POP.TOTL, API téléchargée le 2026-09-21",tel que publié ; contient les ruptures de base de 1997 et 2010
1969,"PIB nominal par habitant, Banque mondiale (WDI, tel que publié)",3.55,"Banque mondiale, WDI NY.GDP.MKTP.CN, API téléchargée le 2026-09-21 / Banque mondiale, WDI SP.POP.TOTL, API téléchargée le 2026-09-21",tel que publié ; contient les ruptures de base de 1997 et 2010
1970,"PIB nominal par habitant, Banque mondiale (WDI, tel que publié)",8.82,"Banque mondiale, WDI NY.GDP.MKTP.CN, API téléchargée le 2026-09-21 / Banque mondiale, WDI SP.POP.TOTL, API téléchargée le 2026-09-21",tel que publié ; contient les ruptures de base de 1997 et 2010
1971,"PIB nominal par habitant, Banque mondiale (WDI, tel que publié)",13.74,"Banque mondiale, WDI NY.GDP.MKTP.CN, API téléchargée le 2026-09-21 / Banque mondiale, WDI SP.POP.TOTL, API téléchargée le 2026-09-21",tel que publié ; contient les ruptures de base de 1997 et 2010
1972,"PIB nominal par habitant, Banque mondiale (WDI, tel que publié)",18.11,"Banque mondiale, WDI NY.GDP.MKTP.CN, API téléchargée le 2026-09-21 / Banque mondiale, WDI SP.POP.TOTL, API téléchargée le 2026-09-21",tel que publié ; contient les ruptures de base de 1997 et 2010
1973,"PIB nominal par habitant, Banque mondiale (WDI, tel que publié)",5.11,"Banque mondiale, WDI NY.GDP.MKTP.CN, API téléchargée le 2026-09-21 / Banque mondiale, WDI SP.POP.TOTL, API téléchargée le 2026-09-21",tel que publié ; contient les ruptures de base de 1997 et 2010
1974,"PIB nominal par habitant, Banque mondiale (WDI, tel que publié)",30.95,"Banque mondiale, WDI NY.GDP.MKTP.CN, API téléchargée le 2026-09-21 / Banque mondiale, WDI SP.POP.TOTL, API téléchargée le 2026-09-21",tel que publié ; contient les ruptures de base de 1997 et 2010
1975,"PIB nominal par habitant, Banque mondiale (WDI, tel que publié)",9.53,"Banque mondiale, WDI NY.GDP.MKTP.CN, API téléchargée le 2026-09-21 / Banque mondiale, WDI SP.POP.TOTL, API téléchargée le 2026-09-21",tel que publié ; contient les ruptures de base de 1997 et 2010
1976,"PIB nominal par habitant, Banque mondiale (WDI, tel que publié)",8.08,"Banque mondiale, WDI NY.GDP.MKTP.CN, API téléchargée le 2026-09-21 / Banque mondiale, WDI SP.POP.TOTL, API téléchargée le 2026-09-21",tel que publié ; contient les ruptures de base de 1997 et 2010
1977,"PIB nominal par habitant, Banque mondiale (WDI, tel que publié)",10.47,"Banque mondiale, WDI NY.GDP.MKTP.CN, API téléchargée le 2026-09-21 / Banque mondiale, WDI SP.POP.TOTL, API téléchargée le 2026-09-21",tel que publié ; contient les ruptures de base de 1997 et 2010
1978,"PIB nominal par habitant, Banque mondiale (WDI, tel que publié)",10.57,"Banque mondiale, WDI NY.GDP.MKTP.CN, API téléchargée le 2026-09-21 / Banque mondiale, WDI SP.POP.TOTL, API téléchargée le 2026-09-21",tel que publié ; contient les ruptures de base de 1997 et 2010
1979,"PIB nominal par habitant, Banque mondiale (WDI, tel que publié)",14.96,"Banque mondiale, WDI NY.GDP.MKTP.CN, API téléchargée le 2026-09-21 / Banque mondiale, WDI SP.POP.TOTL, API téléchargée le 2026-09-21",tel que publié ; contient les ruptures de base de 1997 et 2010
1980,"PIB nominal par habitant, Banque mondiale (WDI, tel que publié)",18.42,"Banque mondiale, WDI NY.GDP.MKTP.CN, API téléchargée le 2026-09-21 / Banque mondiale, WDI SP.POP.TOTL, API téléchargée le 2026-09-21",tel que publié ; contient les ruptures de base de 1997 et 2010
1981,"PIB nominal par habitant, Banque mondiale (WDI, tel que publié)",14.91,"Banque mondiale, WDI NY.GDP.MKTP.CN, API téléchargée le 2026-09-21 / Banque mondiale, WDI SP.POP.TOTL, API téléchargée le 2026-09-21",tel que publié ; contient les ruptures de base de 1997 et 2010
1982,"PIB nominal par habitant, Banque mondiale (WDI, tel que publié)",12.92,"Banque mondiale, WDI NY.GDP.MKTP.CN, API téléchargée le 2026-09-21 / Banque mondiale, WDI SP.POP.TOTL, API téléchargée le 2026-09-21",tel que publié ; contient les ruptures de base de 1997 et 2010
1983,"PIB nominal par habitant, Banque mondiale (WDI, tel que publié)",15.55,"Banque mondiale, WDI NY.GDP.MKTP.CN, API téléchargée le 2026-09-21 / Banque mondiale, WDI SP.POP.TOTL, API téléchargée le 2026-09-21",tel que publié ; contient les ruptures de base de 1997 et 2010
1984,"PIB nominal par habitant, Banque mondiale (WDI, tel que publié)",10.53,"Banque mondiale, WDI NY.GDP.MKTP.CN, API téléchargée le 2026-09-21 / Banque mondiale, WDI SP.POP.TOTL, API téléchargée le 2026-09-21",tel que publié ; contient les ruptures de base de 1997 et 2010
1985,"PIB nominal par habitant, Banque mondiale (WDI, tel que publié)",6.64,"Banque mondiale, WDI NY.GDP.MKTP.CN, API téléchargée le 2026-09-21 / Banque mondiale, WDI SP.POP.TOTL, API téléchargée le 2026-09-21",tel que publié ; contient les ruptures de base de 1997 et 2010
1986,"PIB nominal par habitant, Banque mondiale (WDI, tel que publié)",-0.53,"Banque mondiale, WDI NY.GDP.MKTP.CN, API téléchargée le 2026-09-21 / Banque mondiale, WDI SP.POP.TOTL, API téléchargée le 2026-09-21",tel que publié ; contient les ruptures de base de 1997 et 2010
1987,"PIB nominal par habitant, Banque mondiale (WDI, tel que publié)",9.49,"Banque mondiale, WDI NY.GDP.MKTP.CN, API téléchargée le 2026-09-21 / Banque mondiale, WDI SP.POP.TOTL, API téléchargée le 2026-09-21",tel que publié ; contient les ruptures de base de 1997 et 2010
1988,"PIB nominal par habitant, Banque mondiale (WDI, tel que publié)",5.29,"Banque mondiale, WDI NY.GDP.MKTP.CN, API téléchargée le 2026-09-21 / Banque mondiale, WDI SP.POP.TOTL, API téléchargée le 2026-09-21",tel que publié ; contient les ruptures de base de 1997 et 2010
1989,"PIB nominal par habitant, Banque mondiale (WDI, tel que publié)",8.32,"Banque mondiale, WDI NY.GDP.MKTP.CN, API téléchargée le 2026-09-21 / Banque mondiale, WDI SP.POP.TOTL, API téléchargée le 2026-09-21",tel que publié ; contient les ruptures de base de 1997 et 2010
1990,"PIB nominal par habitant, Banque mondiale (WDI, tel que publié)",10.44,"Banque mondiale, WDI NY.GDP.MKTP.CN, API téléchargée le 2026-09-21 / Banque mondiale, WDI SP.POP.TOTL, API téléchargée le 2026-09-21",tel que publié ; contient les ruptures de base de 1997 et 2010
1991,"PIB nominal par habitant, Banque mondiale (WDI, tel que publié)",8.9,"Banque mondiale, WDI NY.GDP.MKTP.CN, API téléchargée le 2026-09-21 / Banque mondiale, WDI SP.POP.TOTL, API téléchargée le 2026-09-21",tel que publié ; contient les ruptures de base de 1997 et 2010
1992,"PIB nominal par habitant, Banque mondiale (WDI, tel que publié)",11.57,"Banque mondiale, WDI NY.GDP.MKTP.CN, API téléchargée le 2026-09-21 / Banque mondiale, WDI SP.POP.TOTL, API téléchargée le 2026-09-21",tel que publié ; contient les ruptures de base de 1997 et 2010
1993,"PIB nominal par habitant, Banque mondiale (WDI, tel que publié)",4.87,"Banque mondiale, WDI NY.GDP.MKTP.CN, API téléchargée le 2026-09-21 / Banque mondiale, WDI SP.POP.TOTL, API téléchargée le 2026-09-21",tel que publié ; contient les ruptures de base de 1997 et 2010
1994,"PIB nominal par habitant, Banque mondiale (WDI, tel que publié)",5.93,"Banque mondiale, WDI NY.GDP.MKTP.CN, API téléchargée le 2026-09-21 / Banque mondiale, WDI SP.POP.TOTL, API téléchargée le 2026-09-21",tel que publié ; contient les ruptures de base de 1997 et 2010
1995,"PIB nominal par habitant, Banque mondiale (WDI, tel que publié)",6.15,"Banque mondiale, WDI NY.GDP.MKTP.CN, API téléchargée le 2026-09-21 / Banque mondiale, WDI SP.POP.TOTL, API téléchargée le 2026-09-21",tel que publié ; contient les ruptures de base de 1997 et 2010
1996,"PIB nominal par habitant, Banque mondiale (WDI, tel que publié)",10.21,"Banque mondiale, WDI NY.GDP.MKTP.CN, API téléchargée le 2026-09-21 / Banque mondiale, WDI SP.POP.TOTL, API téléchargée le 2026-09-21",tel que publié ; contient les ruptures de base de 1997 et 2010
1997,"PIB nominal par habitant, Banque mondiale (WDI, tel que publié)",18.71,"Banque mondiale, WDI NY.GDP.MKTP.CN, API téléchargée le 2026-09-21 / Banque mondiale, WDI SP.POP.TOTL, API téléchargée le 2026-09-21",tel que publié ; contient les ruptures de base de 1997 et 2010
1998,"PIB nominal par habitant, Banque mondiale (WDI, tel que publié)",6.85,"Banque mondiale, WDI NY.GDP.MKTP.CN, API téléchargée le 2026-09-21 / Banque mondiale, WDI SP.POP.TOTL, API téléchargée le 2026-09-21",tel que publié ; contient les ruptures de base de 1997 et 2010
1999,"PIB nominal par habitant, Banque mondiale (WDI, tel que publié)",8.32,"Banque mondiale, WDI NY.GDP.MKTP.CN, API téléchargée le 2026-09-21 / Banque mondiale, WDI SP.POP.TOTL, API téléchargée le 2026-09-21",tel que publié ; contient les ruptures de base de 1997 et 2010
2000,"PIB nominal par habitant, Banque mondiale (WDI, tel que publié)",6.94,"Banque mondiale, WDI NY.GDP.MKTP.CN, API téléchargée le 2026-09-21 / Banque mondiale, WDI SP.POP.TOTL, API téléchargée le 2026-09-21",tel que publié ; contient les ruptures de base de 1997 et 2010
2001,"PIB nominal par habitant, Banque mondiale (WDI, tel que publié)",6.71,"Banque mondiale, WDI NY.GDP.MKTP.CN, API téléchargée le 2026-09-21 / Banque mondiale, WDI SP.POP.TOTL, API téléchargée le 2026-09-21",tel que publié ; contient les ruptures de base de 1997 et 2010
2002,"PIB nominal par habitant, Banque mondiale (WDI, tel que publié)",2.58,"Banque mondiale, WDI NY.GDP.MKTP.CN, API téléchargée le 2026-09-21 / Banque mondiale, WDI SP.POP.TOTL, API téléchargée le 2026-09-21",tel que publié ; contient les ruptures de base de 1997 et 2010
2003,"PIB nominal par habitant, Banque mondiale (WDI, tel que publié)",6.44,"Banque mondiale, WDI NY.GDP.MKTP.CN, API téléchargée le 2026-09-21 / Banque mondiale, WDI SP.POP.TOTL, API téléchargée le 2026-09-21",tel que publié ; contient les ruptures de base de 1997 et 2010
2004,"PIB nominal par habitant, Banque mondiale (WDI, tel que publié)",8.78,"Banque mondiale, WDI NY.GDP.MKTP.CN, API téléchargée le 2026-09-21 / Banque mondiale, WDI SP.POP.TOTL, API téléchargée le 2026-09-21",tel que publié ; contient les ruptures de base de 1997 et 2010
2005,"PIB nominal par habitant, Banque mondiale (WDI, tel que publié)",6.87,"Banque mondiale, WDI NY.GDP.MKTP.CN, API téléchargée le 2026-09-21 / Banque mondiale, WDI SP.POP.TOTL, API téléchargée le 2026-09-21",tel que publié ; contient les ruptures de base de 1997 et 2010
2006,"PIB nominal par habitant, Banque mondiale (WDI, tel que publié)",8.32,"Banque mondiale, WDI NY.GDP.MKTP.CN, API téléchargée le 2026-09-21 / Banque mondiale, WDI SP.POP.TOTL, API téléchargée le 2026-09-21",tel que publié ; contient les ruptures de base de 1997 et 2010
2007,"PIB nominal par habitant, Banque mondiale (WDI, tel que publié)",7.98,"Banque mondiale, WDI NY.GDP.MKTP.CN, API téléchargée le 2026-09-21 / Banque mondiale, WDI SP.POP.TOTL, API téléchargée le 2026-09-21",tel que publié ; contient les ruptures de base de 1997 et 2010
2008,"PIB nominal par habitant, Banque mondiale (WDI, tel que publié)",9.79,"Banque mondiale, WDI NY.GDP.MKTP.CN, API téléchargée le 2026-09-21 / Banque mondiale, WDI SP.POP.TOTL, API téléchargée le 2026-09-21",tel que publié ; contient les ruptures de base de 1997 et 2010
2009,"PIB nominal par habitant, Banque mondiale (WDI, tel que publié)",5.08,"Banque mondiale, WDI NY.GDP.MKTP.CN, API téléchargée le 2026-09-21 / Banque mondiale, WDI SP.POP.TOTL, API téléchargée le 2026-09-21",tel que publié ; contient les ruptures de base de 1997 et 2010
2010,"PIB nominal par habitant, Banque mondiale (WDI, tel que publié)",11.51,"Banque mondiale, WDI NY.GDP.MKTP.CN, API téléchargée le 2026-09-21 / Banque mondiale, WDI SP.POP.TOTL, API téléchargée le 2026-09-21",tel que publié ; contient les ruptures de base de 1997 et 2010
2011,"PIB nominal par habitant, Banque mondiale (WDI, tel que publié)",1.3,"Banque mondiale, WDI NY.GDP.MKTP.CN, API téléchargée le 2026-09-21 / Banque mondiale, WDI SP.POP.TOTL, API téléchargée le 2026-09-21",tel que publié ; contient les ruptures de base de 1997 et 2010
2012,"PIB nominal par habitant, Banque mondiale (WDI, tel que publié)",7.85,"Banque mondiale, WDI NY.GDP.MKTP.CN, API téléchargée le 2026-09-21 / Banque mondiale, WDI SP.POP.TOTL, API téléchargée le 2026-09-21",tel que publié ; contient les ruptures de base de 1997 et 2010
2013,"PIB nominal par habitant, Banque mondiale (WDI, tel que publié)",5.77,"Banque mondiale, WDI NY.GDP.MKTP.CN, API téléchargée le 2026-09-21 / Banque mondiale, WDI SP.POP.TOTL, API téléchargée le 2026-09-21",tel que publié ; contient les ruptures de base de 1997 et 2010
2014,"PIB nominal par habitant, Banque mondiale (WDI, tel que publié)",6.63,"Banque mondiale, WDI NY.GDP.MKTP.CN, API téléchargée le 2026-09-21 / Banque mondiale, WDI SP.POP.TOTL, API téléchargée le 2026-09-21",tel que publié ; contient les ruptures de base de 1997 et 2010
2015,"PIB nominal par habitant, Banque mondiale (WDI, tel que publié)",4.04,"Banque mondiale, WDI NY.GDP.MKTP.CN, API téléchargée le 2026-09-21 / Banque mondiale, WDI SP.POP.TOTL, API téléchargée le 2026-09-21",tel que publié ; contient les ruptures de base de 1997 et 2010
2016,"PIB nominal par habitant, Banque mondiale (WDI, tel que publié)",4.94,"Banque mondiale, WDI NY.GDP.MKTP.CN, API téléchargée le 2026-09-21 / Banque mondiale, WDI SP.POP.TOTL, API téléchargée le 2026-09-21",tel que publié ; contient les ruptures de base de 1997 et 2010
2017,"PIB nominal par habitant, Banque mondiale (WDI, tel que publié)",5.94,"Banque mondiale, WDI NY.GDP.MKTP.CN, API téléchargée le 2026-09-21 / Banque mondiale, WDI SP.POP.TOTL, API téléchargée le 2026-09-21",tel que publié ; contient les ruptures de base de 1997 et 2010
2018,"PIB nominal par habitant, Banque mondiale (WDI, tel que publié)",9.67,"Banque mondiale, WDI NY.GDP.MKTP.CN, API téléchargée le 2026-09-21 / Banque mondiale, WDI SP.POP.TOTL, API téléchargée le 2026-09-21",tel que publié ; contient les ruptures de base de 1997 et 2010
2019,"PIB nominal par habitant, Banque mondiale (WDI, tel que publié)",7.83,"Banque mondiale, WDI NY.GDP.MKTP.CN, API téléchargée le 2026-09-21 / Banque mondiale, WDI SP.POP.TOTL, API téléchargée le 2026-09-21",tel que publié ; contient les ruptures de base de 1997 et 2010
2020,"PIB nominal par habitant, Banque mondiale (WDI, tel que publié)",-3.62,"Banque mondiale, WDI NY.GDP.MKTP.CN, API téléchargée le 2026-09-21 / Banque mondiale, WDI SP.POP.TOTL, API téléchargée le 2026-09-21",tel que publié ; contient les ruptures de base de 1997 et 2010
2021,"PIB nominal par habitant, Banque mondiale (WDI, tel que publié)",9.4,"Banque mondiale, WDI NY.GDP.MKTP.CN, API téléchargée le 2026-09-21 / Banque mondiale, WDI SP.POP.TOTL, API téléchargée le 2026-09-21",tel que publié ; contient les ruptures de base de 1997 et 2010
2022,"PIB nominal par habitant, Banque mondiale (WDI, tel que publié)",5.39,"Banque mondiale, WDI NY.GDP.MKTP.CN, API téléchargée le 2026-09-21 / Banque mondiale, WDI SP.POP.TOTL, API téléchargée le 2026-09-21",tel que publié ; contient les ruptures de base de 1997 et 2010
2023,"PIB nominal par habitant, Banque mondiale (WDI, tel que publié)",6.67,"Banque mondiale, WDI NY.GDP.MKTP.CN, API téléchargée le 2026-09-21 / Banque mondiale, WDI SP.POP.TOTL, API téléchargée le 2026-09-21",tel que publié ; contient les ruptures de base de 1997 et 2010
2024,"PIB nominal par habitant, Banque mondiale (WDI, tel que publié)",6.03,"Banque mondiale, WDI NY.GDP.MKTP.CN, API téléchargée le 2026-09-21 / Banque mondiale, WDI SP.POP.TOTL, API téléchargée le 2026-09-21",tel que publié ; contient les ruptures de base de 1997 et 2010
2025,"PIB nominal par habitant, Banque mondiale (WDI, tel que publié)",7.23,"Banque mondiale, WDI NY.GDP.MKTP.CN, API téléchargée le 2026-09-21 / Banque mondiale, WDI SP.POP.TOTL, API téléchargée le 2026-09-21",tel que publié ; contient les ruptures de base de 1997 et 2010
1962,"PIB nominal, Banque mondiale (WDI, tel que publié)",1.6,"Banque mondiale, WDI NY.GDP.MKTP.CN, API téléchargée le 2026-09-21",tel que publié ; contient les ruptures de base de 1997 et 2010
1963,"PIB nominal, Banque mondiale (WDI, tel que publié)",16.67,"Banque mondiale, WDI NY.GDP.MKTP.CN, API téléchargée le 2026-09-21",tel que publié ; contient les ruptures de base de 1997 et 2010
1964,"PIB nominal, Banque mondiale (WDI, tel que publié)",6.16,"Banque mondiale, WDI NY.GDP.MKTP.CN, API téléchargée le 2026-09-21",tel que publié ; contient les ruptures de base de 1997 et 2010
1965,"PIB nominal, Banque mondiale (WDI, tel que publié)",13.65,"Banque mondiale, WDI NY.GDP.MKTP.CN, API téléchargée le 2026-09-21",tel que publié ; contient les ruptures de base de 1997 et 2010
1966,"PIB nominal, Banque mondiale (WDI, tel que publié)",5.04,"Banque mondiale, WDI NY.GDP.MKTP.CN, API téléchargée le 2026-09-21",tel que publié ; contient les ruptures de base de 1997 et 2010
1967,"PIB nominal, Banque mondiale (WDI, tel que publié)",4.3,"Banque mondiale, WDI NY.GDP.MKTP.CN, API téléchargée le 2026-09-21",tel que publié ; contient les ruptures de base de 1997 et 2010
1968,"PIB nominal, Banque mondiale (WDI, tel que publié)",11.88,"Banque mondiale, WDI NY.GDP.MKTP.CN, API téléchargée le 2026-09-21",tel que publié ; contient les ruptures de base de 1997 et 2010
1969,"PIB nominal, Banque mondiale (WDI, tel que publié)",6.19,"Banque mondiale, WDI NY.GDP.MKTP.CN, API téléchargée le 2026-09-21",tel que publié ; contient les ruptures de base de 1997 et 2010
1970,"PIB nominal, Banque mondiale (WDI, tel que publié)",11.58,"Banque mondiale, WDI NY.GDP.MKTP.CN, API téléchargée le 2026-09-21",tel que publié ; contient les ruptures de base de 1997 et 2010
1971,"PIB nominal, Banque mondiale (WDI, tel que publié)",16.62,"Banque mondiale, WDI NY.GDP.MKTP.CN, API téléchargée le 2026-09-21",tel que publié ; contient les ruptures de base de 1997 et 2010
1972,"PIB nominal, Banque mondiale (WDI, tel que publié)",21.14,"Banque mondiale, WDI NY.GDP.MKTP.CN, API téléchargée le 2026-09-21",tel que publié ; contient les ruptures de base de 1997 et 2010
1973,"PIB nominal, Banque mondiale (WDI, tel que publié)",7.85,"Banque mondiale, WDI NY.GDP.MKTP.CN, API téléchargée le 2026-09-21",tel que publié ; contient les ruptures de base de 1997 et 2010
1974,"PIB nominal, Banque mondiale (WDI, tel que publié)",34.44,"Banque mondiale, WDI NY.GDP.MKTP.CN, API téléchargée le 2026-09-21",tel que publié ; contient les ruptures de base de 1997 et 2010
1975,"PIB nominal, Banque mondiale (WDI, tel que publié)",12.51,"Banque mondiale, WDI NY.GDP.MKTP.CN, API téléchargée le 2026-09-21",tel que publié ; contient les ruptures de base de 1997 et 2010
1976,"PIB nominal, Banque mondiale (WDI, tel que publié)",11.0,"Banque mondiale, WDI NY.GDP.MKTP.CN, API téléchargée le 2026-09-21",tel que publié ; contient les ruptures de base de 1997 et 2010
1977,"PIB nominal, Banque mondiale (WDI, tel que publié)",13.39,"Banque mondiale, WDI NY.GDP.MKTP.CN, API téléchargée le 2026-09-21",tel que publié ; contient les ruptures de base de 1997 et 2010
1978,"PIB nominal, Banque mondiale (WDI, tel que publié)",13.32,"Banque mondiale, WDI NY.GDP.MKTP.CN, API téléchargée le 2026-09-21",tel que publié ; contient les ruptures de base de 1997 et 2010
1979,"PIB nominal, Banque mondiale (WDI, tel que publié)",17.64,"Banque mondiale, WDI NY.GDP.MKTP.CN, API téléchargée le 2026-09-21",tel que publié ; contient les ruptures de base de 1997 et 2010
1980,"PIB nominal, Banque mondiale (WDI, tel que publié)",21.17,"Banque mondiale, WDI NY.GDP.MKTP.CN, API téléchargée le 2026-09-21",tel que publié ; contient les ruptures de base de 1997 et 2010
1981,"PIB nominal, Banque mondiale (WDI, tel que publié)",17.55,"Banque mondiale, WDI NY.GDP.MKTP.CN, API téléchargée le 2026-09-21",tel que publié ; contient les ruptures de base de 1997 et 2010
1982,"PIB nominal, Banque mondiale (WDI, tel que publié)",15.43,"Banque mondiale, WDI NY.GDP.MKTP.CN, API téléchargée le 2026-09-21",tel que publié ; contient les ruptures de base de 1997 et 2010
1983,"PIB nominal, Banque mondiale (WDI, tel que publié)",17.98,"Banque mondiale, WDI NY.GDP.MKTP.CN, API téléchargée le 2026-09-21",tel que publié ; contient les ruptures de base de 1997 et 2010
1984,"PIB nominal, Banque mondiale (WDI, tel que publié)",13.13,"Banque mondiale, WDI NY.GDP.MKTP.CN, API téléchargée le 2026-09-21",tel que publié ; contient les ruptures de base de 1997 et 2010
1985,"PIB nominal, Banque mondiale (WDI, tel que publié)",9.45,"Banque mondiale, WDI NY.GDP.MKTP.CN, API téléchargée le 2026-09-21",tel que publié ; contient les ruptures de base de 1997 et 2010
1986,"PIB nominal, Banque mondiale (WDI, tel que publié)",2.02,"Banque mondiale, WDI NY.GDP.MKTP.CN, API téléchargée le 2026-09-21",tel que publié ; contient les ruptures de base de 1997 et 2010
1987,"PIB nominal, Banque mondiale (WDI, tel que publié)",12.22,"Banque mondiale, WDI NY.GDP.MKTP.CN, API téléchargée le 2026-09-21",tel que publié ; contient les ruptures de base de 1997 et 2010
1988,"PIB nominal, Banque mondiale (WDI, tel que publié)",7.78,"Banque mondiale, WDI NY.GDP.MKTP.CN, API téléchargée le 2026-09-21",tel que publié ; contient les ruptures de base de 1997 et 2010
1989,"PIB nominal, Banque mondiale (WDI, tel que publié)",10.73,"Banque mondiale, WDI NY.GDP.MKTP.CN, API téléchargée le 2026-09-21",tel que publié ; contient les ruptures de base de 1997 et 2010
1990,"PIB nominal, Banque mondiale (WDI, tel que publié)",12.78,"Banque mondiale, WDI NY.GDP.MKTP.CN, API téléchargée le 2026-09-21",tel que publié ; contient les ruptures de base de 1997 et 2010
1991,"PIB nominal, Banque mondiale (WDI, tel que publié)",11.22,"Banque mondiale, WDI NY.GDP.MKTP.CN, API téléchargée le 2026-09-21",tel que publié ; contient les ruptures de base de 1997 et 2010
1992,"PIB nominal, Banque mondiale (WDI, tel que publié)",13.94,"Banque mondiale, WDI NY.GDP.MKTP.CN, API téléchargée le 2026-09-21",tel que publié ; contient les ruptures de base de 1997 et 2010
1993,"PIB nominal, Banque mondiale (WDI, tel que publié)",6.98,"Banque mondiale, WDI NY.GDP.MKTP.CN, API téléchargée le 2026-09-21",tel que publié ; contient les ruptures de base de 1997 et 2010
1994,"PIB nominal, Banque mondiale (WDI, tel que publié)",7.85,"Banque mondiale, WDI NY.GDP.MKTP.CN, API téléchargée le 2026-09-21",tel que publié ; contient les ruptures de base de 1997 et 2010
1995,"PIB nominal, Banque mondiale (WDI, tel que publié)",7.83,"Banque mondiale, WDI NY.GDP.MKTP.CN, API téléchargée le 2026-09-21",tel que publié ; contient les ruptures de base de 1997 et 2010
1996,"PIB nominal, Banque mondiale (WDI, tel que publié)",11.81,"Banque mondiale, WDI NY.GDP.MKTP.CN, API téléchargée le 2026-09-21",tel que publié ; contient les ruptures de base de 1997 et 2010
1997,"PIB nominal, Banque mondiale (WDI, tel que publié)",20.33,"Banque mondiale, WDI NY.GDP.MKTP.CN, API téléchargée le 2026-09-21",tel que publié ; contient les ruptures de base de 1997 et 2010
1998,"PIB nominal, Banque mondiale (WDI, tel que publié)",8.21,"Banque mondiale, WDI NY.GDP.MKTP.CN, API téléchargée le 2026-09-21",tel que publié ; contient les ruptures de base de 1997 et 2010
1999,"PIB nominal, Banque mondiale (WDI, tel que publié)",9.62,"Banque mondiale, WDI NY.GDP.MKTP.CN, API téléchargée le 2026-09-21",tel que publié ; contient les ruptures de base de 1997 et 2010
2000,"PIB nominal, Banque mondiale (WDI, tel que publié)",8.15,"Banque mondiale, WDI NY.GDP.MKTP.CN, API téléchargée le 2026-09-21",tel que publié ; contient les ruptures de base de 1997 et 2010
2001,"PIB nominal, Banque mondiale (WDI, tel que publié)",7.86,"Banque mondiale, WDI NY.GDP.MKTP.CN, API téléchargée le 2026-09-21",tel que publié ; contient les ruptures de base de 1997 et 2010
2002,"PIB nominal, Banque mondiale (WDI, tel que publié)",3.64,"Banque mondiale, WDI NY.GDP.MKTP.CN, API téléchargée le 2026-09-21",tel que publié ; contient les ruptures de base de 1997 et 2010
2003,"PIB nominal, Banque mondiale (WDI, tel que publié)",7.51,"Banque mondiale, WDI NY.GDP.MKTP.CN, API téléchargée le 2026-09-21",tel que publié ; contient les ruptures de base de 1997 et 2010
2004,"PIB nominal, Banque mondiale (WDI, tel que publié)",9.8,"Banque mondiale, WDI NY.GDP.MKTP.CN, API téléchargée le 2026-09-21",tel que publié ; contient les ruptures de base de 1997 et 2010
2005,"PIB nominal, Banque mondiale (WDI, tel que publié)",7.81,"Banque mondiale, WDI NY.GDP.MKTP.CN, API téléchargée le 2026-09-21",tel que publié ; contient les ruptures de base de 1997 et 2010
2006,"PIB nominal, Banque mondiale (WDI, tel que publié)",9.28,"Banque mondiale, WDI NY.GDP.MKTP.CN, API téléchargée le 2026-09-21",tel que publié ; contient les ruptures de base de 1997 et 2010
2007,"PIB nominal, Banque mondiale (WDI, tel que publié)",8.98,"Banque mondiale, WDI NY.GDP.MKTP.CN, API téléchargée le 2026-09-21",tel que publié ; contient les ruptures de base de 1997 et 2010
2008,"PIB nominal, Banque mondiale (WDI, tel que publié)",10.85,"Banque mondiale, WDI NY.GDP.MKTP.CN, API téléchargée le 2026-09-21",tel que publié ; contient les ruptures de base de 1997 et 2010
2009,"PIB nominal, Banque mondiale (WDI, tel que publié)",6.16,"Banque mondiale, WDI NY.GDP.MKTP.CN, API téléchargée le 2026-09-21",tel que publié ; contient les ruptures de base de 1997 et 2010
2010,"PIB nominal, Banque mondiale (WDI, tel que publié)",12.72,"Banque mondiale, WDI NY.GDP.MKTP.CN, API téléchargée le 2026-09-21",tel que publié ; contient les ruptures de base de 1997 et 2010
2011,"PIB nominal, Banque mondiale (WDI, tel que publié)",2.43,"Banque mondiale, WDI NY.GDP.MKTP.CN, API téléchargée le 2026-09-21",tel que publié ; contient les ruptures de base de 1997 et 2010
2012,"PIB nominal, Banque mondiale (WDI, tel que publié)",9.08,"Banque mondiale, WDI NY.GDP.MKTP.CN, API téléchargée le 2026-09-21",tel que publié ; contient les ruptures de base de 1997 et 2010
2013,"PIB nominal, Banque mondiale (WDI, tel que publié)",7.04,"Banque mondiale, WDI NY.GDP.MKTP.CN, API téléchargée le 2026-09-21",tel que publié ; contient les ruptures de base de 1997 et 2010
2014,"PIB nominal, Banque mondiale (WDI, tel que publié)",7.9,"Banque mondiale, WDI NY.GDP.MKTP.CN, API téléchargée le 2026-09-21",tel que publié ; contient les ruptures de base de 1997 et 2010
2015,"PIB nominal, Banque mondiale (WDI, tel que publié)",5.22,"Banque mondiale, WDI NY.GDP.MKTP.CN, API téléchargée le 2026-09-21",tel que publié ; contient les ruptures de base de 1997 et 2010
2016,"PIB nominal, Banque mondiale (WDI, tel que publié)",6.11,"Banque mondiale, WDI NY.GDP.MKTP.CN, API téléchargée le 2026-09-21",tel que publié ; contient les ruptures de base de 1997 et 2010
2017,"PIB nominal, Banque mondiale (WDI, tel que publié)",7.06,"Banque mondiale, WDI NY.GDP.MKTP.CN, API téléchargée le 2026-09-21",tel que publié ; contient les ruptures de base de 1997 et 2010
2018,"PIB nominal, Banque mondiale (WDI, tel que publié)",10.76,"Banque mondiale, WDI NY.GDP.MKTP.CN, API téléchargée le 2026-09-21",tel que publié ; contient les ruptures de base de 1997 et 2010
2019,"PIB nominal, Banque mondiale (WDI, tel que publié)",8.84,"Banque mondiale, WDI NY.GDP.MKTP.CN, API téléchargée le 2026-09-21",tel que publié ; contient les ruptures de base de 1997 et 2010
2020,"PIB nominal, Banque mondiale (WDI, tel que publié)",-2.82,"Banque mondiale, WDI NY.GDP.MKTP.CN, API téléchargée le 2026-09-21",tel que publié ; contient les ruptures de base de 1997 et 2010
2021,"PIB nominal, Banque mondiale (WDI, tel que publié)",10.08,"Banque mondiale, WDI NY.GDP.MKTP.CN, API téléchargée le 2026-09-21",tel que publié ; contient les ruptures de base de 1997 et 2010
2022,"PIB nominal, Banque mondiale (WDI, tel que publié)",6.01,"Banque mondiale, WDI NY.GDP.MKTP.CN, API téléchargée le 2026-09-21",tel que publié ; contient les ruptures de base de 1997 et 2010
2023,"PIB nominal, Banque mondiale (WDI, tel que publié)",7.38,"Banque mondiale, WDI NY.GDP.MKTP.CN, API téléchargée le 2026-09-21",tel que publié ; contient les ruptures de base de 1997 et 2010
2024,"PIB nominal, Banque mondiale (WDI, tel que publié)",6.7,"Banque mondiale, WDI NY.GDP.MKTP.CN, API téléchargée le 2026-09-21",tel que publié ; contient les ruptures de base de 1997 et 2010
2025,"PIB nominal, Banque mondiale (WDI, tel que publié)",7.86,"Banque mondiale, WDI NY.GDP.MKTP.CN, API téléchargée le 2026-09-21",tel que publié ; contient les ruptures de base de 1997 et 2010
2008,emploi total,2.3,"BCT, rapports annuels 2010 et 2011 (population active occupée ; le plus récent rapport fait foi)",
2009,emploi total,1.36,"BCT, rapports annuels 2011 et 2012 (population active occupée ; le plus récent rapport fait foi)",
2010,emploi total,2.44,"BCT, rapports annuels 2012 et 2013 (population active occupée ; le plus récent rapport fait foi)",
2011,emploi total,-3.23,"BCT, rapports annuels 2013 et 2013 (population active occupée ; le plus récent rapport fait foi)",
2012,emploi total,2.68,"BCT, rapports annuels 2013 et 2015 (population active occupée ; le plus récent rapport fait foi)",
2013,emploi total,3.47,"BCT, rapports annuels 2015 et 2016 (population active occupée ; le plus récent rapport fait foi)",
2014,emploi total,1.34,"BCT, rapports annuels 2016 et 2017 (population active occupée ; le plus récent rapport fait foi)",
2015,emploi total,-0.35,"BCT, rapports annuels 2017 et 2018 (population active occupée ; le plus récent rapport fait foi)",
2016,emploi total,1.03,"BCT, rapports annuels 2018 et 2019 (population active occupée ; le plus récent rapport fait foi)",
2017,emploi total,1.25,"BCT, rapports annuels 2019 et 2021 (population active occupée ; le plus récent rapport fait foi)",
2018,emploi total,0.8,"BCT, rapports annuels 2021 et 2024 (population active occupée ; le plus récent rapport fait foi)",
2019,emploi total,1.65,"BCT, rapports annuels 2024 et 2024 (population active occupée ; le plus récent rapport fait foi)",
2020,emploi total,-3.73,"BCT, rapports annuels 2024 et 2024 (population active occupée ; le plus récent rapport fait foi)",
2021,emploi total,1.57,"BCT, rapports annuels 2024 et 2024 (population active occupée ; le plus récent rapport fait foi)",
2022,emploi total,0.37,"BCT, rapports annuels 2024 et 2024 (population active occupée ; le plus récent rapport fait foi)",
2023,emploi total,-2.4,"BCT, rapports annuels 2024 et 2024 (population active occupée ; le plus récent rapport fait foi)",
2024,emploi total,2.81,"BCT, rapports annuels 2024 et 2024 (population active occupée ; le plus récent rapport fait foi)",
1960,masse des salaires déclarés à la CNSS,9.78,"BCT, Rapport annuel 1960, p. 18 du PDF (p. 22 imprimée), « Répartition sectorielle des salaires déclarés à la Caisse de sécurité sociale » (en milliers de dinars ; source : Caisse centrale des prestations sociales)","masse de tous les salariés déclarés, variations d'affiliation comprises ; Caisse centrale des prestations sociales, que la CNSS remplace par la loi du 14 décembre 1960 ; salaires déclarés jusqu'à un plafond de 500 D par an et par salarié"
1961,masse des salaires déclarés à la CNSS,23.83,"BCT, Rapport annuel 1961, p. 20 du PDF (p. 24 imprimée), « Répartition sectorielle des salaires déclarés à la Caisse de sécurité sociale » (en milliers de dinars ; source : Caisse nationale de sécurité sociale)","masse de tous les salariés déclarés, variations d'affiliation comprises ; suppression en 1961 du plafond de 500 D par an et par salarié : « une bonne partie de cette augmentation » en vient (RA 1961) ; le taux mêle salaires, affiliation et assiette"
1963,masse des salaires déclarés à la CNSS,12.29,"BCT, Rapport annuel 1963, p. 21 du PDF (p. 27 imprimée), « Répartition sectorielle des salaires déclarés à la Caisse nationale de sécurité sociale » (en milliers de dinars)","masse de tous les salariés déclarés, variations d'affiliation comprises"
1964,masse des salaires déclarés à la CNSS,13.43,"BCT, Rapport annuel 1964, p. 24 du PDF (p. 28 imprimée), « Montants des salaires déclarés à la Caisse nationale de sécurité sociale » (en milliers de dinars)","masse de tous les salariés déclarés, variations d'affiliation comprises"
1965,masse des salaires déclarés à la CNSS,14.78,"BCT, Rapport annuel 1965, p. 24 du PDF (p. 28 imprimée), « Salaires déclarés à la Caisse nationale de sécurité sociale » (en 1 000 dinars), par groupes, puis effectifs (« Autres groupes », « Mines »)","masse de tous les salariés déclarés, variations d'affiliation comprises ; 1965 révisé à 44 982 (au lieu de 45 026) par le RA 1966, en nouvelle nomenclature"
1966,masse des salaires déclarés à la CNSS,16.7,"BCT, Rapport annuel 1966, p. 23 du PDF (p. 28 imprimée), « Salaires déclarés à la Caisse nationale de sécurité sociale » (en milliers de dinars), par branches ; effectif dans la prose","masse de tous les salariés déclarés, variations d'affiliation comprises"
1967,masse des salaires déclarés à la CNSS,12.23,"BCT, Rapport annuel 1967, p. 27 du PDF (p. 31 imprimée), « Salaires déclarés à la Caisse nationale de sécurité sociale » (en milliers de dinars), par branches ; effectif dans la prose, p. 26 du PDF (p. 30 imprimée)","masse de tous les salariés déclarés, variations d'affiliation comprises"
1968,masse des salaires déclarés à la CNSS,6.88,"BCT, Rapport annuel 1968, p. 32 du PDF (p. 37 imprimée), « Salaires déclarés à la Caisse nationale de sécurité sociale » (en milliers de dinars), par branches ; effectif dans la prose, p. 31 du PDF (p. 36 imprimée)","masse de tous les salariés déclarés, variations d'affiliation comprises"
1969,masse des salaires déclarés à la CNSS,14.48,"BCT, Rapport annuel 1969, p. 33 du PDF (p. 37 imprimée), « Salaires déclarés à la Caisse nationale de sécurité sociale » (en milliers de dinars), par branches ; effectif dans la prose, p. 32 du PDF (p. 36 imprimée)","masse de tous les salariés déclarés, variations d'affiliation comprises ; taux imprimé par le rapport (14,1 %) incohérent avec ses niveaux ; taux des niveaux"
1970,masse des salaires déclarés à la CNSS,1.74,"BCT, Rapport annuel 1970, p. 40 du PDF (p. 43 imprimée), prose de « L'emploi et les salaires » et tableau « Salaires déclarés à la Caisse nationale de sécurité sociale » (en milliers de dinars), p. 41 du PDF","masse de tous les salariés déclarés, variations d'affiliation comprises ; 1970 révisé à 71 411 (au lieu de 73 335) par le RA 1971"
1971,masse des salaires déclarés à la CNSS,9.86,"BCT, Rapport annuel 1971, p. 40 du PDF (p. 44 imprimée), « Salaires déclarés et nombre de salariés affiliés à la Caisse nationale de sécurité sociale » (« Salariés* » : « Moyenne trimestrielle des effectifs déclarés » ; « Salaires** » : « En milliers de dinars »)","masse de tous les salariés déclarés, variations d'affiliation comprises"
1974,masse des salaires déclarés à la CNSS,39.42,"BCT, Rapport annuel 1974, p. 56 du PDF (p. 57 imprimée), « Nombre de salariés affiliés et masse des salaires déclarés à la C.N.S.S. » (« Nombre de salariés* » : « Moyenne trimestrielle des effectifs déclarés »). L'en-tête dit « Salaires en 1000 D », mais les montants sont en dinars (87.204.168 ; la prose, p. 55 du PDF, dit « 87,2 millions de dinars en 1973 »)","masse de tous les salariés déclarés, variations d'affiliation comprises"
1975,masse des salaires déclarés à la CNSS,26.32,"BCT, Rapport annuel 1975, p. 67 du PDF (p. 69 imprimée), prose de la section des salaires (pas de tableau)","masse de tous les salariés déclarés, variations d'affiliation comprises ; niveaux arrondis au dixième de million de dinars (prose)"
1991,masse salariale de l'État,13.35,"ministère des finances, répartition des dépenses de l'État (rémunérations publiques), via masse_salariale_ratios_longs_1990_2025.csv",
1992,masse salariale de l'État,11.43,"ministère des finances, répartition des dépenses de l'État (rémunérations publiques), via masse_salariale_ratios_longs_1990_2025.csv",
1993,masse salariale de l'État,9.43,"ministère des finances, répartition des dépenses de l'État (rémunérations publiques), via masse_salariale_ratios_longs_1990_2025.csv",
1994,masse salariale de l'État,11.0,"ministère des finances, répartition des dépenses de l'État (rémunérations publiques), via masse_salariale_ratios_longs_1990_2025.csv",
1995,masse salariale de l'État,9.65,"ministère des finances, répartition des dépenses de l'État (rémunérations publiques), via masse_salariale_ratios_longs_1990_2025.csv",
1996,masse salariale de l'État,-4.68,"ministère des finances, répartition des dépenses de l'État (rémunérations publiques), via masse_salariale_ratios_longs_1990_2025.csv",
1997,masse salariale de l'État,15.07,"ministère des finances, répartition des dépenses de l'État (rémunérations publiques), via masse_salariale_ratios_longs_1990_2025.csv",
1998,masse salariale de l'État,8.65,"ministère des finances, répartition des dépenses de l'État (rémunérations publiques), via masse_salariale_ratios_longs_1990_2025.csv",
1999,masse salariale de l'État,8.6,"ministère des finances, répartition des dépenses de l'État (rémunérations publiques), via masse_salariale_ratios_longs_1990_2025.csv",
2000,masse salariale de l'État,16.07,"ministère des finances, répartition des dépenses de l'État (rémunérations publiques), via masse_salariale_ratios_longs_1990_2025.csv",
2001,masse salariale de l'État,9.04,"ministère des finances, répartition des dépenses de l'État (rémunérations publiques), via masse_salariale_ratios_longs_1990_2025.csv",
2002,masse salariale de l'État,7.57,"ministère des finances, répartition des dépenses de l'État (rémunérations publiques), via masse_salariale_ratios_longs_1990_2025.csv",
2003,masse salariale de l'État,7.71,"ministère des finances, répartition des dépenses de l'État (rémunérations publiques), via masse_salariale_ratios_longs_1990_2025.csv",
2004,masse salariale de l'État,7.17,"ministère des finances, répartition des dépenses de l'État (rémunérations publiques), via masse_salariale_ratios_longs_1990_2025.csv",
2005,masse salariale de l'État,7.96,"ministère des finances, répartition des dépenses de l'État (rémunérations publiques), via masse_salariale_ratios_longs_1990_2025.csv",
2006,masse salariale de l'État,7.42,"ministère des finances, répartition des dépenses de l'État (rémunérations publiques), via masse_salariale_ratios_longs_1990_2025.csv",
2007,masse salariale de l'État,8.03,"ministère des finances, répartition des dépenses de l'État (rémunérations publiques), via masse_salariale_ratios_longs_1990_2025.csv",
2008,masse salariale de l'État,8.14,"ministère des finances, répartition des dépenses de l'État (rémunérations publiques), via masse_salariale_ratios_longs_1990_2025.csv",
2009,masse salariale de l'État,9.33,"ministère des finances, répartition des dépenses de l'État (rémunérations publiques), via masse_salariale_ratios_longs_1990_2025.csv",
2010,masse salariale de l'État,7.72,"ministère des finances, répartition des dépenses de l'État (rémunérations publiques), via masse_salariale_ratios_longs_1990_2025.csv",
2011,masse salariale de l'État,13.18,"ministère des finances, répartition des dépenses de l'État (rémunérations publiques), via masse_salariale_ratios_longs_1990_2025.csv",
2012,masse salariale de l'État,12.71,"ministère des finances, répartition des dépenses de l'État (rémunérations publiques), via masse_salariale_ratios_longs_1990_2025.csv",
2013,masse salariale de l'État,11.0,"ministère des finances, répartition des dépenses de l'État (rémunérations publiques), via masse_salariale_ratios_longs_1990_2025.csv",
2014,masse salariale de l'État,9.71,"ministère des finances, répartition des dépenses de l'État (rémunérations publiques), via masse_salariale_ratios_longs_1990_2025.csv",
2015,masse salariale de l'État,9.87,"ministère des finances, répartition des dépenses de l'État (rémunérations publiques), via masse_salariale_ratios_longs_1990_2025.csv",
2016,masse salariale de l'État,13.66,"ministère des finances, répartition des dépenses de l'État (rémunérations publiques), via masse_salariale_ratios_longs_1990_2025.csv",
2017,masse salariale de l'État,9.03,"ministère des finances, répartition des dépenses de l'État (rémunérations publiques), via masse_salariale_ratios_longs_1990_2025.csv",
2018,masse salariale de l'État,2.95,"ministère des finances, répartition des dépenses de l'État (rémunérations publiques), via masse_salariale_ratios_longs_1990_2025.csv",
2019,masse salariale de l'État,13.46,"ministère des finances, répartition des dépenses de l'État (rémunérations publiques), via masse_salariale_ratios_longs_1990_2025.csv",
2020,masse salariale de l'État,14.52,"ministère des finances, répartition des dépenses de l'État (rémunérations publiques), via masse_salariale_ratios_longs_1990_2025.csv",
2021,masse salariale de l'État,5.08,"ministère des finances, répartition des dépenses de l'État (rémunérations publiques), via masse_salariale_ratios_longs_1990_2025.csv",
2022,masse salariale de l'État,4.7,"ministère des finances, répartition des dépenses de l'État (rémunérations publiques), via masse_salariale_ratios_longs_1990_2025.csv",
2023,masse salariale de l'État,2.71,"ministère des finances, répartition des dépenses de l'État (rémunérations publiques), via masse_salariale_ratios_longs_1990_2025.csv",
2024,masse salariale de l'État,2.63,"ministère des finances, répartition des dépenses de l'État (rémunérations publiques), via masse_salariale_ratios_longs_1990_2025.csv",
2025,masse salariale de l'État,4.52,"ministère des finances, répartition des dépenses de l'État (rémunérations publiques), via masse_salariale_ratios_longs_1990_2025.csv",
1963,prix à la consommation,2.5,"1962 : rapport annuel BCT 1963 : base de l'indice ; 1963 : rapport annuel BCT 1964 : tableau : 102,5 → 107,0, + 4,1 %",
1964,prix à la consommation,4.39,"1963 : rapport annuel BCT 1964 : tableau : 102,5 → 107,0, + 4,1 % ; 1964 : rapport annuel BCT 1965 : « passé de 107 en 1964 à 114,1 en 1965 »",
1965,prix à la consommation,6.63,"1964 : rapport annuel BCT 1965 : « passé de 107 en 1964 à 114,1 en 1965 » ; 1965 : rapport annuel BCT 1966 : « passant de 114,1 en 1965 (moyenne mensuelle) à 118,6 en 1966 »",
1966,prix à la consommation,3.86,"1965 : rapport annuel BCT 1966 : « passant de 114,1 en 1965 (moyenne mensuelle) à 118,6 en 1966 » ; 1966 : rapport annuel BCT 1967 : « passant de 118,5 en 1966 (moyenne mensuelle) à 122,0 en 1967 »",
1967,prix à la consommation,2.95,"1966 : rapport annuel BCT 1967 : « passant de 118,5 en 1966 (moyenne mensuelle) à 122,0 en 1967 » ; 1967 : rapport annuel BCT 1968 : tableau : 122,0 → 125,0, + 2,4 %",
1968,prix à la consommation,2.45,"1967 : rapport annuel BCT 1968 : tableau : 122,0 → 125,0, + 2,4 % ; 1968 : rapport annuel BCT 1968 : tableau : « 12S,O », lu 125,0 ; + 2,4 % sur 122,0",
1969,prix à la consommation,4.17,"1968 : rapport annuel BCT 1968 : tableau : « 12S,O », lu 125,0 ; + 2,4 % sur 122,0 ; 1969 : rapport annuel BCT 1970 : « passant de 130,2 à 131,6 », + 4,1 % en 1969",
1970,prix à la consommation,1.07,"1969 : rapport annuel BCT 1970 : « passant de 130,2 à 131,6 », + 4,1 % en 1969 ; 1970 : rapport annuel BCT 1974 : base de l'indice",raccord des bases 1962 et 1970
1971,prix à la consommation,6.0,"1970 : rapport annuel BCT 1974 : base de l'indice ; 1971 : rapport annuel BCT 1974 : tableau 1970-1974 : 100,0 106,0 108,0 113,1 117,7",
1972,prix à la consommation,1.89,"1971 : rapport annuel BCT 1974 : tableau 1970-1974 : 100,0 106,0 108,0 113,1 117,7 ; 1972 : rapport annuel BCT 1974 : même tableau",
1973,prix à la consommation,4.72,"1972 : rapport annuel BCT 1974 : même tableau ; 1973 : rapport annuel BCT 1974 : même tableau ; le rapport 1973 donnait 112,7",
1974,prix à la consommation,4.07,"1973 : rapport annuel BCT 1974 : même tableau ; le rapport 1973 donnait 112,7 ; 1974 : rapport annuel BCT 1975 : « passé de 117,7 points en 1974 à 128,9 points en 1975 »",
1975,prix à la consommation,9.52,"1974 : rapport annuel BCT 1975 : « passé de 117,7 points en 1974 à 128,9 points en 1975 » ; 1975 : rapport annuel BCT 1975 : même phrase, + 9,5 %",
1976,prix à la consommation,5.35,"1975 : rapport annuel BCT 1975 : même phrase, + 9,5 % ; 1976 : annuaire statistique 1995-2001, tableau 13.7",
1977,prix à la consommation,6.7,"annuaire statistique 1995-2001, tableau 13.7",
1978,prix à la consommation,5.59,"annuaire statistique 1995-2001, tableau 13.7",
1979,prix à la consommation,8.43,"annuaire statistique 1995-2001, tableau 13.7",
1980,prix à la consommation,8.92,"annuaire statistique 1995-2001, tableau 13.7",
1981,prix à la consommation,9.3,"annuaire statistique 1995-2001, tableau 13.7",
1982,prix à la consommation,14.08,"annuaire statistique 1995-2001, tableau 13.7",
1983,prix à la consommation,9.54,"1982 : annuaire statistique 1995-2001, tableau 13.7 ; 1983 : annuaire statistique 1998-2002, tableau 13.7",
1984,prix à la consommation,8.59,"1983 : annuaire statistique 1998-2002, tableau 13.7 ; 1984 : annuaire statistique 1999-2003, tableau 13.7",
1985,prix à la consommation,7.46,"annuaire statistique 1999-2003, tableau 13.7",
1986,prix à la consommation,6.25,"annuaire statistique 1999-2003, tableau 13.7",
1987,prix à la consommation,8.14,"annuaire statistique 1999-2003, tableau 13.7",
1988,prix à la consommation,7.22,"annuaire statistique 1999-2003, tableau 13.7",
1989,prix à la consommation,7.72,"annuaire statistique 1999-2003, tableau 13.7",
1990,prix à la consommation,6.59,"annuaire statistique 1999-2003, tableau 13.7",
1991,prix à la consommation,7.76,"annuaire statistique 1999-2003, tableau 13.7",
1992,prix à la consommation,5.56,"annuaire statistique 1999-2003, tableau 13.7",
1993,prix à la consommation,4.21,"annuaire statistique 1999-2003, tableau 13.7",
1994,prix à la consommation,4.47,"annuaire statistique 1999-2003, tableau 13.7",
1995,prix à la consommation,6.24,"annuaire statistique 1999-2003, tableau 13.7",
1996,prix à la consommation,3.71,"annuaire statistique 1999-2003, tableau 13.7",
1997,prix à la consommation,3.71,"annuaire statistique 1999-2003, tableau 13.7",
1998,prix à la consommation,3.12,"annuaire statistique 1999-2003, tableau 13.7",
1999,prix à la consommation,2.69,"1998 : annuaire statistique 1999-2003, tableau 13.7 ; 1999 : annuaire statistique 2019-2023, tableau 13.6",
2000,prix à la consommation,2.92,"annuaire statistique 2019-2023, tableau 13.6",
2001,prix à la consommation,1.94,"annuaire statistique 2019-2023, tableau 13.6",
2002,prix à la consommation,2.83,"annuaire statistique 2019-2023, tableau 13.6",
2003,prix à la consommation,2.72,"annuaire statistique 2019-2023, tableau 13.6",
2004,prix à la consommation,3.62,"annuaire statistique 2019-2023, tableau 13.6",
2005,prix à la consommation,2.04,"annuaire statistique 2019-2023, tableau 13.6",
2006,prix à la consommation,4.15,"annuaire statistique 2019-2023, tableau 13.6",
2007,prix à la consommation,3.44,"annuaire statistique 2019-2023, tableau 13.6",
2008,prix à la consommation,4.91,"annuaire statistique 2019-2023, tableau 13.6",
2009,prix à la consommation,3.54,"annuaire statistique 2019-2023, tableau 13.6",
2010,prix à la consommation,4.41,"annuaire statistique 2019-2023, tableau 13.6",
2011,prix à la consommation,3.54,"annuaire statistique 2019-2023, tableau 13.6",
2012,prix à la consommation,5.56,"annuaire statistique 2019-2023, tableau 13.6",
2013,prix à la consommation,6.11,"annuaire statistique 2019-2023, tableau 13.6",
2014,prix à la consommation,5.48,"annuaire statistique 2019-2023, tableau 13.6",
2015,prix à la consommation,4.72,"annuaire statistique 2019-2023, tableau 13.6",
2016,prix à la consommation,3.72,"annuaire statistique 2019-2023, tableau 13.6",
2017,prix à la consommation,5.32,"annuaire statistique 2019-2023, tableau 13.6",
2018,prix à la consommation,7.46,"annuaire statistique 2019-2023, tableau 13.6",
2019,prix à la consommation,6.8,"annuaire statistique 2019-2023, tableau 13.6",
2020,prix à la consommation,5.64,"annuaire statistique 2019-2023, tableau 13.6",
2021,prix à la consommation,5.71,"annuaire statistique 2019-2023, tableau 13.6",
2022,prix à la consommation,8.31,"annuaire statistique 2019-2023, tableau 13.6",
2023,prix à la consommation,9.33,"annuaire statistique 2019-2023, tableau 13.6",
1993,rémunération des salariés,8.56,"UNdata, SNA tableau 4.1, série 30 (SCN 1968, base 1983), rémunération versée par les résidents (données INS transmises à l'ONU)",
1994,rémunération des salariés,8.02,"UNdata, SNA tableau 4.1, série 30 (SCN 1968, base 1983), rémunération versée par les résidents (données INS transmises à l'ONU)",
1995,rémunération des salariés,10.53,"UNdata, SNA tableau 4.1, série 30 (SCN 1968, base 1983), rémunération versée par les résidents (données INS transmises à l'ONU)",
1996,rémunération des salariés,8.41,"UNdata, SNA tableau 4.1, série 30 (SCN 1968, base 1983), rémunération versée par les résidents (données INS transmises à l'ONU)",
1997,rémunération des salariés,10.52,"UNdata, SNA tableau 4.1, série 30 (SCN 1968, base 1983), rémunération versée par les résidents (données INS transmises à l'ONU)",
1998,rémunération des salariés,7.82,"UNdata, SNA tableau 4.1, série 100 (SCN 1993, base 1997), rémunération versée par les résidents (données INS transmises à l'ONU)",
1999,rémunération des salariés,8.6,"UNdata, SNA tableau 4.1, série 100 (SCN 1993, base 1997), rémunération versée par les résidents (données INS transmises à l'ONU)",
2000,rémunération des salariés,7.67,"UNdata, SNA tableau 4.1, série 100 (SCN 1993, base 1997), rémunération versée par les résidents (données INS transmises à l'ONU)",
2001,rémunération des salariés,8.81,"UNdata, SNA tableau 4.1, série 100 (SCN 1993, base 1997), rémunération versée par les résidents (données INS transmises à l'ONU)",
2002,rémunération des salariés,5.82,"INS, Les comptes de la nation, édition 2001-2005",
2003,rémunération des salariés,6.43,"INS, Les comptes de la nation, édition 2002-2006",
2004,rémunération des salariés,8.23,"INS, Les comptes de la nation, édition 2003-2007",
2005,rémunération des salariés,7.51,"INS, Les comptes de la nation, édition 2002-2006",
2006,rémunération des salariés,8.41,"INS, Les comptes de la nation, édition 2005-2009",
2007,rémunération des salariés,10.93,"INS, Les comptes de la nation, édition 2006-2010",
2008,rémunération des salariés,10.83,"INS, Les comptes de la nation, édition 2007-2011",
2009,rémunération des salariés,6.18,"INS, Les comptes de la nation, édition 2008-2012",
2010,rémunération des salariés,9.3,"INS, Les comptes de la nation, édition 2007-2011",
2011,rémunération des salariés,8.21,"INS, Les comptes de la nation, édition 2007-2011",
2012,rémunération des salariés,7.17,"INS, Les comptes de la nation, édition 2011-2015",
2013,rémunération des salariés,7.21,"INS, Les comptes de la nation, édition 2012-2016",
2014,rémunération des salariés,7.6,"INS, Les comptes de la nation, édition 2013-2017",
2015,rémunération des salariés,7.39,"INS, Les comptes de la nation, édition 2013-2017",
2016,rémunération des salariés,6.96,"INS, Les comptes de la nation, édition 2015-2020",
2017,rémunération des salariés,10.1,"INS, Les comptes de la nation, édition 2015-2020",
2018,rémunération des salariés,7.38,"INS, Les comptes de la nation, édition 2017-2021",
2019,rémunération des salariés,6.01,"INS, Les comptes de la nation, édition 2018-2022",
2020,rémunération des salariés,8.12,"INS, Les comptes de la nation, édition 2019-2023",
2021,rémunération des salariés,7.82,"INS, Les comptes de la nation, édition 2020-2024",
2022,rémunération des salariés,7.98,"INS, Les comptes de la nation, édition 2021-2025",
2023,rémunération des salariés,10.06,"INS, Les comptes de la nation, édition 2021-2025",
2024,rémunération des salariés,5.87,"INS, Les comptes de la nation, édition 2021-2025",
2025,rémunération des salariés,4.66,"INS, Les comptes de la nation, édition 2021-2025",provisoire
2013,rémunération hors administration centrale par salarié hors fonction publique,1.49,"numérateur : INS, Les comptes de la nation, édition 2012-2016, rémunération des salariés du tableau de synthèse (opérations de répartition) moins ceux des comptes de l'administration centrale (compte d'exploitation) ; dénominateur : emploi total (BCT) × part des salariés (Banque mondiale, WDI SL.EMP.WORK.ZS, API téléchargée le 2026-09-21), moins les effectifs de la fonction publique (INS, tableau 1 et annexes 2012-2014)",part des salariés modélisée par le BIT
2014,rémunération hors administration centrale par salarié hors fonction publique,5.14,"numérateur : INS, Les comptes de la nation, édition 2013-2017, rémunération des salariés du tableau de synthèse (opérations de répartition) moins ceux des comptes de l'administration centrale (compte d'exploitation) ; dénominateur : emploi total (BCT) × part des salariés (Banque mondiale, WDI SL.EMP.WORK.ZS, API téléchargée le 2026-09-21), moins les effectifs de la fonction publique (INS, tableau 1 et annexes 2012-2014)",part des salariés modélisée par le BIT
2015,rémunération hors administration centrale par salarié hors fonction publique,9.52,"numérateur : INS, Les comptes de la nation, édition 2013-2017, rémunération des salariés du tableau de synthèse (opérations de répartition) moins ceux des comptes de l'administration centrale (compte d'exploitation) ; dénominateur : emploi total (BCT) × part des salariés (Banque mondiale, WDI SL.EMP.WORK.ZS, API téléchargée le 2026-09-21), moins les effectifs de la fonction publique (INS, tableau 1 et annexes 2012-2014)",part des salariés modélisée par le BIT
2016,rémunération hors administration centrale par salarié hors fonction publique,4.14,"numérateur : INS, Les comptes de la nation, édition 2015-2020, rémunération des salariés du tableau de synthèse (opérations de répartition) moins ceux des comptes de l'administration centrale (compte d'exploitation) ; dénominateur : emploi total (BCT) × part des salariés (Banque mondiale, WDI SL.EMP.WORK.ZS, API téléchargée le 2026-09-21), moins les effectifs de la fonction publique (INS, tableau 1 et annexes 2012-2014)",part des salariés modélisée par le BIT
2017,rémunération hors administration centrale par salarié hors fonction publique,5.61,"numérateur : INS, Les comptes de la nation, édition 2015-2020, rémunération des salariés du tableau de synthèse (opérations de répartition) moins ceux des comptes de l'administration centrale (compte d'exploitation) ; dénominateur : emploi total (BCT) × part des salariés (Banque mondiale, WDI SL.EMP.WORK.ZS, API téléchargée le 2026-09-21), moins les effectifs de la fonction publique (INS, tableau 1 et annexes 2012-2014)",part des salariés modélisée par le BIT
2018,rémunération hors administration centrale par salarié hors fonction publique,9.56,"numérateur : INS, Les comptes de la nation, édition 2017-2021, rémunération des salariés du tableau de synthèse (opérations de répartition) moins ceux des comptes de l'administration centrale (compte d'exploitation) ; dénominateur : emploi total (BCT) × part des salariés (Banque mondiale, WDI SL.EMP.WORK.ZS, API téléchargée le 2026-09-21), moins les effectifs de la fonction publique (INS, tableau 1 et annexes 2012-2014)",part des salariés modélisée par le BIT
2019,rémunération hors administration centrale par salarié hors fonction publique,2.84,"numérateur : INS, Les comptes de la nation, édition 2018-2022, rémunération des salariés du tableau de synthèse (opérations de répartition) moins ceux des comptes de l'administration centrale (compte d'exploitation) ; dénominateur : emploi total (BCT) × part des salariés (Banque mondiale, WDI SL.EMP.WORK.ZS, API téléchargée le 2026-09-21), moins les effectifs de la fonction publique (INS, tableau 1 et annexes 2012-2014)",part des salariés modélisée par le BIT
2020,rémunération hors administration centrale par salarié hors fonction publique,9.64,"numérateur : INS, Les comptes de la nation, édition 2019-2023, rémunération des salariés du tableau de synthèse (opérations de répartition) moins ceux des comptes de l'administration centrale (compte d'exploitation) ; dénominateur : emploi total (BCT) × part des salariés (Banque mondiale, WDI SL.EMP.WORK.ZS, API téléchargée le 2026-09-21), moins les effectifs de la fonction publique (INS, tableau 1 et annexes 2012-2014)",part des salariés modélisée par le BIT
2021,rémunération hors administration centrale par salarié hors fonction publique,6.08,"numérateur : INS, Les comptes de la nation, édition 2020-2024, rémunération des salariés du tableau de synthèse (opérations de répartition) moins ceux des comptes de l'administration centrale (compte d'exploitation) ; dénominateur : emploi total (BCT) × part des salariés (Banque mondiale, WDI SL.EMP.WORK.ZS, API téléchargée le 2026-09-21), moins les effectifs de la fonction publique (INS, tableau 1 et annexes 2012-2014)",part des salariés modélisée par le BIT
2013,rémunération hors État par salarié hors fonction publique,1.16,"numérateur : INS, Les comptes de la nation, édition 2012-2016, moins la masse salariale de l'État (ministère des finances) ; dénominateur : emploi total (BCT) × part des salariés (Banque mondiale, WDI SL.EMP.WORK.ZS, API téléchargée le 2026-09-21), moins les effectifs de la fonction publique (INS, tableau 1 et annexes 2012-2014)",part des salariés modélisée par le BIT
2014,rémunération hors État par salarié hors fonction publique,5.23,"numérateur : INS, Les comptes de la nation, édition 2013-2017, moins la masse salariale de l'État (ministère des finances) ; dénominateur : emploi total (BCT) × part des salariés (Banque mondiale, WDI SL.EMP.WORK.ZS, API téléchargée le 2026-09-21), moins les effectifs de la fonction publique (INS, tableau 1 et annexes 2012-2014)",part des salariés modélisée par le BIT
2015,rémunération hors État par salarié hors fonction publique,8.96,"numérateur : INS, Les comptes de la nation, édition 2013-2017, moins la masse salariale de l'État (ministère des finances) ; dénominateur : emploi total (BCT) × part des salariés (Banque mondiale, WDI SL.EMP.WORK.ZS, API téléchargée le 2026-09-21), moins les effectifs de la fonction publique (INS, tableau 1 et annexes 2012-2014)",part des salariés modélisée par le BIT
2016,rémunération hors État par salarié hors fonction publique,3.91,"numérateur : INS, Les comptes de la nation, édition 2015-2020, moins la masse salariale de l'État (ministère des finances) ; dénominateur : emploi total (BCT) × part des salariés (Banque mondiale, WDI SL.EMP.WORK.ZS, API téléchargée le 2026-09-21), moins les effectifs de la fonction publique (INS, tableau 1 et annexes 2012-2014)",part des salariés modélisée par le BIT
2017,rémunération hors État par salarié hors fonction publique,5.98,"numérateur : INS, Les comptes de la nation, édition 2015-2020, moins la masse salariale de l'État (ministère des finances) ; dénominateur : emploi total (BCT) × part des salariés (Banque mondiale, WDI SL.EMP.WORK.ZS, API téléchargée le 2026-09-21), moins les effectifs de la fonction publique (INS, tableau 1 et annexes 2012-2014)",part des salariés modélisée par le BIT
2018,rémunération hors État par salarié hors fonction publique,10.68,"numérateur : INS, Les comptes de la nation, édition 2017-2021, moins la masse salariale de l'État (ministère des finances) ; dénominateur : emploi total (BCT) × part des salariés (Banque mondiale, WDI SL.EMP.WORK.ZS, API téléchargée le 2026-09-21), moins les effectifs de la fonction publique (INS, tableau 1 et annexes 2012-2014)",part des salariés modélisée par le BIT
2019,rémunération hors État par salarié hors fonction publique,2.07,"numérateur : INS, Les comptes de la nation, édition 2018-2022, moins la masse salariale de l'État (ministère des finances) ; dénominateur : emploi total (BCT) × part des salariés (Banque mondiale, WDI SL.EMP.WORK.ZS, API téléchargée le 2026-09-21), moins les effectifs de la fonction publique (INS, tableau 1 et annexes 2012-2014)",part des salariés modélisée par le BIT
2020,rémunération hors État par salarié hors fonction publique,9.33,"numérateur : INS, Les comptes de la nation, édition 2019-2023, moins la masse salariale de l'État (ministère des finances) ; dénominateur : emploi total (BCT) × part des salariés (Banque mondiale, WDI SL.EMP.WORK.ZS, API téléchargée le 2026-09-21), moins les effectifs de la fonction publique (INS, tableau 1 et annexes 2012-2014)",part des salariés modélisée par le BIT
2021,rémunération hors État par salarié hors fonction publique,6.5,"numérateur : INS, Les comptes de la nation, édition 2020-2024, moins la masse salariale de l'État (ministère des finances) ; dénominateur : emploi total (BCT) × part des salariés (Banque mondiale, WDI SL.EMP.WORK.ZS, API téléchargée le 2026-09-21), moins les effectifs de la fonction publique (INS, tableau 1 et annexes 2012-2014)",part des salariés modélisée par le BIT
2000,rémunération par salarié,5.52,"UNdata, SNA tableau 4.1, série 100 (SCN 1993, base 1997), rémunération versée par les résidents (données INS transmises à l'ONU) / INS, enquête nationale sur la population et l'emploi, rapport 2005, tableau 27",
2001,rémunération par salarié,6.0,"UNdata, SNA tableau 4.1, série 100 (SCN 1993, base 1997), rémunération versée par les résidents (données INS transmises à l'ONU) / INS, enquête nationale sur la population et l'emploi, rapport 2005, tableau 27",
2002,rémunération par salarié,3.67,"INS, Les comptes de la nation, édition 2001-2005 / INS, enquête nationale sur la population et l'emploi, rapport 2005, tableau 27",
2003,rémunération par salarié,7.14,"INS, Les comptes de la nation, édition 2002-2006 / INS, enquête nationale sur la population et l'emploi, rapport 2005, tableau 27",
2006,rémunération par salarié,6.54,"INS, Les comptes de la nation, édition 2005-2009 / INS, enquête nationale sur la population et l'emploi, rapport 2010, tableau 33",
2007,rémunération par salarié,6.0,"INS, Les comptes de la nation, édition 2006-2010 / INS, enquête nationale sur la population et l'emploi, rapport 2010, tableau 33",
2008,rémunération par salarié,8.67,"INS, Les comptes de la nation, édition 2007-2011 / INS, enquête nationale sur la population et l'emploi, rapport 2010, tableau 33",
2009,rémunération par salarié,5.09,"INS, Les comptes de la nation, édition 2008-2012 / INS, enquête nationale sur la population et l'emploi, rapport 2010, tableau 33",
2010,rémunération par salarié,7.56,"INS, Les comptes de la nation, édition 2007-2011 / INS, enquête nationale sur la population et l'emploi, rapport 2010, tableau 33",
2011,rémunération par salarié,8.83,"INS, Les comptes de la nation, édition 2007-2011 / INS, enquête emploi, rapport 2010, tableau 33 (2010) et rapport 2012, tableau 30 (2011)",mai 2010 → moyenne 2011 : changement de mesure
2012,rémunération par salarié,4.22,"INS, Les comptes de la nation, édition 2011-2015 / INS, enquête nationale sur la population et l'emploi, rapport 2012, tableau 30",
1999,"salaire annuel moyen des secteurs productifs non agricoles, BCT",7.4,"BCT, Rapport annuel 1999, p. 111 du PDF (p. 104 imprimée), section « Salaires », prose, lecture image",taux imprimé ; niveaux révisés d'un rapport à l'autre
2000,"salaire annuel moyen des secteurs productifs non agricoles, BCT",6.3,"BCT, Rapport annuel 2000, p. 114 du PDF (p. 107 imprimée), section « Salaires », prose, lecture image",taux imprimé ; niveaux révisés d'un rapport à l'autre
2001,"salaire annuel moyen des secteurs productifs non agricoles, BCT",6.0,"BCT, Rapport annuel 2001, p. 112 du PDF (p. 102 imprimée), section « Salaires », prose, lecture image",taux imprimé ; niveaux révisés d'un rapport à l'autre
2002,"salaire annuel moyen des secteurs productifs non agricoles, BCT",5.5,"BCT, Rapport annuel 2002, p. 110 du PDF (p. 101 imprimée), section « Salaires », prose, lecture image",taux imprimé ; niveaux révisés d'un rapport à l'autre
2003,"salaire annuel moyen des secteurs productifs non agricoles, BCT",5.0,"BCT, Rapport annuel 2003, p. 117 du PDF (p. 106 imprimée), section « Salaires », prose, lecture image",taux imprimé ; niveaux révisés d'un rapport à l'autre
2004,"salaire annuel moyen des secteurs productifs non agricoles, BCT",4.7,"BCT, Rapport annuel 2004, p. 119 du PDF (p. 104 imprimée), section « Salaires », prose, lecture image",taux imprimé ; niveaux révisés d'un rapport à l'autre
2005,"salaire annuel moyen des secteurs productifs non agricoles, BCT",3.1,"BCT, Rapport annuel 2005, p. 121 du PDF (p. 107 imprimée), section « Salaires », prose, lecture image",taux imprimé ; niveaux révisés d'un rapport à l'autre
2006,"salaire annuel moyen des secteurs productifs non agricoles, BCT",6.4,"BCT, Rapport annuel 2007, p. 134 du PDF (p. 111 imprimée), section « Salaires », prose, lecture image",taux imprimé ; niveaux révisés d'un rapport à l'autre ; taux de 2006 imprimé par le rapport 2007
2007,"salaire annuel moyen des secteurs productifs non agricoles, BCT",4.6,"BCT, Rapport annuel 2007, p. 134 du PDF (p. 111 imprimée), section « Salaires », prose, lecture image",taux imprimé ; niveaux révisés d'un rapport à l'autre
1995,salaire annuel moyen déclaré CNSS,7.2,"Banque mondiale, Republic of Tunisia. Employment Strategy, vol. II : Annexes, rapport 25456-TUN (28 mai 2004), annexe 8, tableau 8.1 « CNSS Summary Statistics 1994-2001 », p. 39 du PDF, lecture image ; source citée : CNSS","tous salariés déclarés, années incomplètes comprises ; hors administration publique ; taux imprimé ; 7.16 % d'après les niveaux"
1996,salaire annuel moyen déclaré CNSS,3.0,"Banque mondiale, Republic of Tunisia. Employment Strategy, vol. II : Annexes, rapport 25456-TUN (28 mai 2004), annexe 8, tableau 8.1 « CNSS Summary Statistics 1994-2001 », p. 39 du PDF, lecture image ; source citée : CNSS","tous salariés déclarés, années incomplètes comprises ; hors administration publique ; taux imprimé ; 3.05 % d'après les niveaux"
1997,salaire annuel moyen déclaré CNSS,6.9,"Banque mondiale, Republic of Tunisia. Employment Strategy, vol. II : Annexes, rapport 25456-TUN (28 mai 2004), annexe 8, tableau 8.1 « CNSS Summary Statistics 1994-2001 », p. 39 du PDF, lecture image ; source citée : CNSS","tous salariés déclarés, années incomplètes comprises ; hors administration publique ; taux imprimé ; 6.90 % d'après les niveaux"
1998,salaire annuel moyen déclaré CNSS,6.3,"Banque mondiale, Republic of Tunisia. Employment Strategy, vol. II : Annexes, rapport 25456-TUN (28 mai 2004), annexe 8, tableau 8.1 « CNSS Summary Statistics 1994-2001 », p. 39 du PDF, lecture image ; source citée : CNSS","tous salariés déclarés, années incomplètes comprises ; hors administration publique ; taux imprimé ; 6.30 % d'après les niveaux"
1999,salaire annuel moyen déclaré CNSS,5.3,"Banque mondiale, Republic of Tunisia. Employment Strategy, vol. II : Annexes, rapport 25456-TUN (28 mai 2004), annexe 8, tableau 8.1 « CNSS Summary Statistics 1994-2001 », p. 39 du PDF, lecture image ; source citée : CNSS","tous salariés déclarés, années incomplètes comprises ; hors administration publique ; taux imprimé ; 5.31 % d'après les niveaux"
2000,salaire annuel moyen déclaré CNSS,2.7,"Banque mondiale, Republic of Tunisia. Employment Strategy, vol. II : Annexes, rapport 25456-TUN (28 mai 2004), annexe 8, tableau 8.1 « CNSS Summary Statistics 1994-2001 », p. 39 du PDF, lecture image ; source citée : CNSS","tous salariés déclarés, années incomplètes comprises ; hors administration publique ; taux imprimé ; 2.67 % d'après les niveaux"
2001,"salaire déclaré CNSS, privé non agricole (salariés permanents)",5.42,"INS, taux trimestriels : T1 1.07 (portail INS, mise à jour du 30/06/2009 (capture du 13/07/2009), http://web.archive.org/web/20090713025533/http://www.ins.nat.tn:80/ar/donnee_conjoncturelle1.php?Code_indicateur=0402040) ; T2 1.87 (portail INS, mise à jour du 30/06/2009 (capture du 13/07/2009), http://web.archive.org/web/20090713025533/http://www.ins.nat.tn:80/ar/donnee_conjoncturelle1.php?Code_indicateur=0402040) ; T3 1.62 (portail INS, mise à jour du 30/06/2009 (capture du 13/07/2009), http://web.archive.org/web/20090713025533/http://www.ins.nat.tn:80/ar/donnee_conjoncturelle1.php?Code_indicateur=0402040) ; T4 0.76 (portail INS, mise à jour du 30/06/2009 (capture du 13/07/2009), http://web.archive.org/web/20090713025533/http://www.ins.nat.tn:80/ar/donnee_conjoncturelle1.php?Code_indicateur=0402040)","taux trimestriels chaînés, pris au premier portail de l'INS (source : « INS », sans mention de la CNSS ; méthode non documentée)"
2002,"salaire déclaré CNSS, privé non agricole (salariés permanents)",4.94,"INS, taux trimestriels : T1 0.9 (portail INS, mise à jour du 30/06/2009 (capture du 13/07/2009), http://web.archive.org/web/20090713025533/http://www.ins.nat.tn:80/ar/donnee_conjoncturelle1.php?Code_indicateur=0402040) ; T2 1.1 (portail INS, mise à jour du 30/06/2009 (capture du 13/07/2009), http://web.archive.org/web/20090713025533/http://www.ins.nat.tn:80/ar/donnee_conjoncturelle1.php?Code_indicateur=0402040) ; T3 0.86 (portail INS, mise à jour du 30/06/2009 (capture du 13/07/2009), http://web.archive.org/web/20090713025533/http://www.ins.nat.tn:80/ar/donnee_conjoncturelle1.php?Code_indicateur=0402040) ; T4 2.0 (portail INS, mise à jour du 30/06/2009 (capture du 13/07/2009), http://web.archive.org/web/20090713025533/http://www.ins.nat.tn:80/ar/donnee_conjoncturelle1.php?Code_indicateur=0402040)","taux trimestriels chaînés, pris au premier portail de l'INS (source : « INS », sans mention de la CNSS ; méthode non documentée)"
2003,"salaire déclaré CNSS, privé non agricole (salariés permanents)",5.56,"INS, taux trimestriels : T1 2.07 (portail INS, mise à jour du 30/06/2009 (capture du 13/07/2009), http://web.archive.org/web/20090713025533/http://www.ins.nat.tn:80/ar/donnee_conjoncturelle1.php?Code_indicateur=0402040) ; T2 1.35 (portail INS, mise à jour du 30/06/2009 (capture du 13/07/2009), http://web.archive.org/web/20090713025533/http://www.ins.nat.tn:80/ar/donnee_conjoncturelle1.php?Code_indicateur=0402040) ; T3 1.19 (portail INS, mise à jour du 30/06/2009 (capture du 13/07/2009), http://web.archive.org/web/20090713025533/http://www.ins.nat.tn:80/ar/donnee_conjoncturelle1.php?Code_indicateur=0402040) ; T4 0.84 (portail INS, mise à jour du 30/06/2009 (capture du 13/07/2009), http://web.archive.org/web/20090713025533/http://www.ins.nat.tn:80/ar/donnee_conjoncturelle1.php?Code_indicateur=0402040)","taux trimestriels chaînés, pris au premier portail de l'INS (source : « INS », sans mention de la CNSS ; méthode non documentée)"
2004,"salaire déclaré CNSS, privé non agricole (salariés permanents)",4.87,"INS, taux trimestriels : T1 0.96 (portail INS, mise à jour du 30/06/2009 (capture du 13/07/2009), http://web.archive.org/web/20090713025533/http://www.ins.nat.tn:80/ar/donnee_conjoncturelle1.php?Code_indicateur=0402040) ; T2 1.63 (portail INS, mise à jour du 30/06/2009 (capture du 13/07/2009), http://web.archive.org/web/20090713025533/http://www.ins.nat.tn:80/ar/donnee_conjoncturelle1.php?Code_indicateur=0402040) ; T3 1.48 (portail INS, mise à jour du 30/06/2009 (capture du 13/07/2009), http://web.archive.org/web/20090713025533/http://www.ins.nat.tn:80/ar/donnee_conjoncturelle1.php?Code_indicateur=0402040) ; T4 0.72 (portail INS, mise à jour du 30/06/2009 (capture du 13/07/2009), http://web.archive.org/web/20090713025533/http://www.ins.nat.tn:80/ar/donnee_conjoncturelle1.php?Code_indicateur=0402040)","taux trimestriels chaînés, pris au premier portail de l'INS (source : « INS », sans mention de la CNSS ; méthode non documentée)"
2005,"salaire déclaré CNSS, privé non agricole (salariés permanents)",4.73,"INS, taux trimestriels : T1 0.84 (portail INS, mise à jour du 30/06/2009 (capture du 13/07/2009), http://web.archive.org/web/20090713025533/http://www.ins.nat.tn:80/ar/donnee_conjoncturelle1.php?Code_indicateur=0402040) ; T2 1.13 (portail INS, mise à jour du 30/06/2009 (capture du 13/07/2009), http://web.archive.org/web/20090713025533/http://www.ins.nat.tn:80/ar/donnee_conjoncturelle1.php?Code_indicateur=0402040) ; T3 0.75 (portail INS, mise à jour du 30/06/2009 (capture du 13/07/2009), http://web.archive.org/web/20090713025533/http://www.ins.nat.tn:80/ar/donnee_conjoncturelle1.php?Code_indicateur=0402040) ; T4 1.93 (portail INS, mise à jour du 30/06/2009 (capture du 13/07/2009), http://web.archive.org/web/20090713025533/http://www.ins.nat.tn:80/ar/donnee_conjoncturelle1.php?Code_indicateur=0402040)","taux trimestriels chaînés, pris au premier portail de l'INS (source : « INS », sans mention de la CNSS ; méthode non documentée)"
2006,"salaire déclaré CNSS, privé non agricole (salariés permanents)",5.77,"INS, taux trimestriels : T1 2.07 (portail INS, mise à jour du 30/06/2009 (capture du 13/07/2009), http://web.archive.org/web/20090713025533/http://www.ins.nat.tn:80/ar/donnee_conjoncturelle1.php?Code_indicateur=0402040) ; T2 1.45 (portail INS, mise à jour du 30/06/2009 (capture du 13/07/2009), http://web.archive.org/web/20090713025533/http://www.ins.nat.tn:80/ar/donnee_conjoncturelle1.php?Code_indicateur=0402040) ; T3 1.16 (portail INS, mise à jour du 30/06/2009 (capture du 13/07/2009), http://web.archive.org/web/20090713025533/http://www.ins.nat.tn:80/ar/donnee_conjoncturelle1.php?Code_indicateur=0402040) ; T4 0.97 (portail INS, mise à jour du 30/06/2009 (capture du 13/07/2009), http://web.archive.org/web/20090713025533/http://www.ins.nat.tn:80/ar/donnee_conjoncturelle1.php?Code_indicateur=0402040)","taux trimestriels chaînés, pris au premier portail de l'INS (source : « INS », sans mention de la CNSS ; méthode non documentée) ; révisé (T2)"
2007,"salaire déclaré CNSS, privé non agricole (salariés permanents)",5.15,"INS, taux trimestriels : T1 1.11 (portail INS, mise à jour du 30/06/2009 (capture du 13/07/2009), http://web.archive.org/web/20090713025533/http://www.ins.nat.tn:80/ar/donnee_conjoncturelle1.php?Code_indicateur=0402040) ; T2 1.51 (portail INS, mise à jour du 30/06/2009 (capture du 13/07/2009), http://web.archive.org/web/20090713025533/http://www.ins.nat.tn:80/ar/donnee_conjoncturelle1.php?Code_indicateur=0402040) ; T3 1.43 (portail INS, mise à jour du 30/06/2009 (capture du 13/07/2009), http://web.archive.org/web/20090713025533/http://www.ins.nat.tn:80/ar/donnee_conjoncturelle1.php?Code_indicateur=0402040) ; T4 1.0 (portail INS, mise à jour du 30/06/2009 (capture du 13/07/2009), http://web.archive.org/web/20090713025533/http://www.ins.nat.tn:80/ar/donnee_conjoncturelle1.php?Code_indicateur=0402040)","taux trimestriels chaînés, pris au premier portail de l'INS (source : « INS », sans mention de la CNSS ; méthode non documentée) ; révisé (T4) ; T4 redressé par l'INS en 2009"
2008,"salaire déclaré CNSS, privé non agricole (salariés permanents)",5.08,"INS, taux trimestriels : T1 1.12 (Bulletin mensuel de la statistique 2009-08, tableau 2.2, p. 9) ; T2 1.07 (Bulletin mensuel de la statistique 2009-10, tableau 2.2, p. 9) ; T3 1.16 (Bulletin mensuel de la statistique 2010-03, tableau 2.2, p. 9) ; T4 1.64 (Bulletin mensuel de la statistique 2010-05, tableau 2.2, p. 9)","panel de salariés permanents, taux trimestriels chaînés ; révisé (T1, T2, T3, T4) ; trimestres de 2008 redressés par l'INS en 2009"
2009,"salaire déclaré CNSS, privé non agricole (salariés permanents)",5.93,"INS, taux trimestriels : T1 1.76 (Bulletin mensuel de la statistique 2010-09, tableau 2.2, p. 9) ; T2 1.4 (Bulletin mensuel de la statistique 2010-11, tableau 2.2, p. 9) ; T3 1.16 (Bulletin mensuel de la statistique 2011-01, tableau 2.2, p. 9) ; T4 1.48 (Bulletin mensuel de la statistique 2011-02, tableau 2.2, p. 9)","panel de salariés permanents, taux trimestriels chaînés ; révisé (T2, T3, T4)"
2010,"salaire déclaré CNSS, privé non agricole (salariés permanents)",5.92,"INS, taux trimestriels : T1 1.58 (Bulletin mensuel de la statistique 2011-08, tableau 2.2, p. 9) ; T2 1.57 (Bulletin mensuel de la statistique 2011-12, tableau 2.2, p. 9) ; T3 1.52 (Bulletin mensuel de la statistique 2012-01, tableau 2.2, p. 9) ; T4 1.12 (Bulletin mensuel de la statistique 2012-06, tableau 2.2, p. 9)","panel de salariés permanents, taux trimestriels chaînés ; révisé (T1, T2, T3, T4) ; taux annuel publié par l'INS : 5.8"
2011,"salaire déclaré CNSS, privé non agricole (salariés permanents)",6.37,"INS, taux trimestriels : T1 1.23 (Bulletin mensuel de la statistique 2012-08, tableau 2.2, p. 12) ; T2 1.64 (Bulletin mensuel de la statistique 2012-10, tableau 2.2, p. 12) ; T3 1.27 (Bulletin mensuel de la statistique 2013-02, tableau 2.2, p. 12) ; T4 2.09 (Bulletin mensuel de la statistique 2013-05, tableau 2.2, p. 12)","panel de salariés permanents, taux trimestriels chaînés ; révisé (T1, T2, T4) ; taux annuel publié par l'INS : 6.2"
2012,"salaire déclaré CNSS, privé non agricole (salariés permanents)",7.42,"INS, taux trimestriels : T1 2.23 (Bulletin mensuel de la statistique 2013-07, tableau 2.2, p. 12) ; T2 1.27 (Bulletin mensuel de la statistique 2013-10, tableau 2.2, p. 12) ; T3 1.2 (Bulletin mensuel de la statistique 2014-01, tableau 2.2, p. 12) ; T4 2.53 (Bulletin mensuel de la statistique 2014-06, tableau 2.2, p. 12)","panel de salariés permanents, taux trimestriels chaînés ; révisé (T2, T4) ; taux annuel publié par l'INS : 7.2"
2013,"salaire déclaré CNSS, privé non agricole (salariés permanents)",6.1,"INS, taux trimestriels : T1 2.6 (Bulletin mensuel de la statistique 2014-07, tableau 2.2, p. 12) ; T2 1.43 (Bulletin mensuel de la statistique 2014-10, tableau 2.2, p. 12) ; T3 0.9 (Bulletin mensuel de la statistique 2015-01, tableau 2.2, p. 12) ; T4 1.04 (Bulletin mensuel de la statistique 2015-06, tableau 2.2, p. 12)","panel de salariés permanents, taux trimestriels chaînés ; révisé (T1, T4) ; taux annuel publié par l'INS : 6.0"
2014,"salaire déclaré CNSS, privé non agricole (salariés permanents)",5.58,"INS, taux trimestriels : T1 1.11 (Bulletin mensuel de la statistique 2015-08, tableau 2.2, p. 12) ; T2 1.06 (Bulletin mensuel de la statistique 2015-10, tableau 2.2, p. 12) ; T3 1.18 (Bulletin mensuel de la statistique 2016-02, tableau 2.2, p. 12) ; T4 2.12 (Bulletin mensuel de la statistique 2016-09, tableau 2.2, p. 12)","panel de salariés permanents, taux trimestriels chaînés ; révisé (T1, T2, T3, T4) ; taux annuel publié par l'INS : 5.5"
2015,"salaire déclaré CNSS, privé non agricole (salariés permanents)",6.48,"INS, taux trimestriels : T1 2.25 (Bulletin mensuel de la statistique 2016-09, tableau 2.2, p. 12) ; T2 1.51 (Bulletin mensuel de la statistique 2016-10, tableau 2.2, p. 12) ; T3 0.8 (Bulletin mensuel de la statistique 2017-01, tableau 2.2, p. 12) ; T4 1.77 (Bulletin mensuel de la statistique 2017-07, tableau 2.2, p. 12)","panel de salariés permanents, taux trimestriels chaînés ; révisé (T1, T2, T3, T4) ; taux annuel publié par l'INS : 6.5"
2016,"salaire déclaré CNSS, privé non agricole (salariés permanents)",6.2,"INS, taux trimestriels : T1 1.83 (Bulletin mensuel de la statistique 2017-07, tableau 2.2, p. 12) ; T2 1.38 (Bulletin mensuel de la statistique 2017-10, tableau 2.2, p. 12) ; T3 1.07 (Bulletin mensuel de la statistique 2018-02, tableau 2.2, p. 12) ; T4 1.78 (Bulletin mensuel de la statistique 2018-08, tableau 2.2, p. 12)","panel de salariés permanents, taux trimestriels chaînés ; révisé (T1, T2, T4) ; taux annuel publié par l'INS : 6.2"
2017,"salaire déclaré CNSS, privé non agricole (salariés permanents)",6.75,"INS, taux trimestriels : T1 1.86 (Bulletin mensuel de la statistique 2018-08, tableau 2.2, p. 12) ; T2 1.37 (Bulletin mensuel de la statistique 2019-02, tableau 2.2, p. 12) ; T3 1.62 (Bulletin mensuel de la statistique 2019-02, tableau 2.2, p. 12) ; T4 1.74 (Bulletin mensuel de la statistique 2019-07, tableau 2.2, p. 12)","panel de salariés permanents, taux trimestriels chaînés ; révisé (T1, T2, T3, T4) ; taux annuel publié par l'INS : 6.7"
2018,"salaire déclaré CNSS, privé non agricole (salariés permanents)",6.0,"INS, taux trimestriels : T1 1.88 (Bulletin mensuel de la statistique 2019-10, tableau 2.2, p. 12) ; T2 1.01 (Bulletin mensuel de la statistique 2020-04, tableau 2.2, p. 12) ; T3 1.2 (portail INS, mise à jour du 24/03/2021, http://web.archive.org/web/20211112201417/https://www.ins.tn/statistiques/99) ; T4 1.78 (Bulletin mensuel de la statistique 2020-09, tableau 2.2, p. 12)","panel de salariés permanents, taux trimestriels chaînés ; révisé (T2, T3, T4) ; taux annuel publié par l'INS : 6.0"
2019,"salaire déclaré CNSS, privé non agricole (salariés permanents)",6.23,"INS, taux trimestriels : T1 1.88 (Bulletin mensuel de la statistique 2020-09, tableau 2.2, p. 12) ; T2 1.67 (Bulletin mensuel de la statistique 2022-01, tableau 2.2, p. 12) ; T3 1.31 (Bulletin mensuel de la statistique 2022-01, tableau 2.2, p. 12) ; T4 1.23 (Bulletin mensuel de la statistique 2022-01, tableau 2.2, p. 12)","panel de salariés permanents, taux trimestriels chaînés ; révisé (T1, T2, T4) ; taux annuel publié par l'INS : 6.2"
2020,"salaire déclaré CNSS, privé non agricole (salariés permanents)",3.99,"INS, taux trimestriels : T1 1.38 (Bulletin mensuel de la statistique 2022-01, tableau 2.2, p. 12) ; T2 0.61 (Bulletin mensuel de la statistique 2022-01, tableau 2.2, p. 12) ; T3 0.7 (portail INS, mise à jour du 18/04/2022, http://web.archive.org/web/20220814114420/https://www.ins.tn/statistiques/99) ; T4 1.24 (Bulletin mensuel de la statistique 2023-01, tableau 2.2, p. 12)","panel de salariés permanents, taux trimestriels chaînés ; révisé (T2) ; taux annuel publié par l'INS : 4.0"
2021,"salaire déclaré CNSS, privé non agricole (salariés permanents)",3.88,"INS, taux trimestriels : T1 1.3 (Bulletin mensuel de la statistique 2023-01, tableau 2.2, p. 12) ; T2 0.9 (portail INS, mise à jour du 14/03/2024, http://web.archive.org/web/20240414193049/https://www.ins.tn/statistiques/99) ; T3 0.63 (Bulletin mensuel de la statistique 2023-01, tableau 2.2, p. 12) ; T4 1.0 (portail INS, mise à jour du 23/05/2024, http://web.archive.org/web/20250120115500/https://www.ins.tn/statistiques/99)","panel de salariés permanents, taux trimestriels chaînés ; révisé (T2, T4) ; taux annuel publié par l'INS : 3.9"
2022,"salaire déclaré CNSS, privé non agricole (salariés permanents)",5.61,"INS, taux trimestriels : T1 1.5 (portail INS, mise à jour du 23/05/2024, http://web.archive.org/web/20250120115500/https://www.ins.tn/statistiques/99) ; T2 1.4 (portail INS, mise à jour du 06/11/2024, http://web.archive.org/web/20250421090655/https://www.ins.tn/statistiques/99) ; T3 0.9 (portail INS, mise à jour du 06/11/2024, http://web.archive.org/web/20250421090655/https://www.ins.tn/statistiques/99) ; T4 1.7 (portail INS, mise à jour du 03/06/2025, http://web.archive.org/web/20250618181852/https://www.ins.tn/statistiques/99)","panel de salariés permanents, taux trimestriels chaînés ; révisé (T1, T2, T3, T4) ; taux annuel publié par l'INS : 4.6 (provisoire, avant révision des trimestres)"
2023,"salaire déclaré CNSS, privé non agricole (salariés permanents)",6.34,"INS, taux trimestriels : T1 2.3 (portail INS, mise à jour du 03/06/2025, http://web.archive.org/web/20250618181852/https://www.ins.tn/statistiques/99) ; T2 1.2 (Bulletin mensuel de la statistique 2025-08, tableau 2.2, p. 10) ; T3 0.8 (Bulletin mensuel de la statistique 2025-08, tableau 2.2, p. 10) ; T4 1.9 (portail INS, mise à jour du 10/08/2026, https://www.ins.tn/statistiques/99)","panel de salariés permanents, taux trimestriels chaînés ; révisé (T2)"
2024,"salaire déclaré CNSS, privé non agricole (salariés permanents)",6.87,"INS, taux trimestriels : T1 2.1 (portail INS, mise à jour du 10/08/2026, https://www.ins.tn/statistiques/99) ; T2 1.5 (portail INS, mise à jour du 10/08/2026, https://www.ins.tn/statistiques/99) ; T3 1.0 (portail INS, mise à jour du 10/08/2026, https://www.ins.tn/statistiques/99) ; T4 2.1 (portail INS, mise à jour du 10/08/2026, https://www.ins.tn/statistiques/99)","panel de salariés permanents, taux trimestriels chaînés ; révisé (T1, T2, T3, T4)"
2025,"salaire déclaré CNSS, privé non agricole (salariés permanents)",5.92,"INS, taux trimestriels : T1 1.7 (portail INS, mise à jour du 10/08/2026, https://www.ins.tn/statistiques/99) ; T2 1.5 (portail INS, mise à jour du 10/08/2026, https://www.ins.tn/statistiques/99) ; T3 0.8 (portail INS, mise à jour du 10/08/2026, https://www.ins.tn/statistiques/99) ; T4 1.8 (portail INS, mise à jour du 10/08/2026, https://www.ins.tn/statistiques/99)","panel de salariés permanents, taux trimestriels chaînés ; provisoire"
2016,salaire moyen de la fonction publique,12.51,"INS, Caractéristiques des agents de la fonction publique et leurs salaires 2010-2021, tableau 18 (salaire mensuel brut avec contributions)",
2017,salaire moyen de la fonction publique,1.44,"INS, Caractéristiques des agents de la fonction publique et leurs salaires 2010-2021, tableau 18 (salaire mensuel brut avec contributions)",
2018,salaire moyen de la fonction publique,2.9,"INS, Caractéristiques des agents de la fonction publique et leurs salaires 2010-2021, tableau 18 (salaire mensuel brut avec contributions)",
2019,salaire moyen de la fonction publique,17.61,"INS, Caractéristiques des agents de la fonction publique et leurs salaires 2010-2021, tableau 18 (salaire mensuel brut avec contributions)",
2020,salaire moyen de la fonction publique,12.02,"INS, Caractéristiques des agents de la fonction publique et leurs salaires 2010-2021, tableau 18 (salaire mensuel brut avec contributions)",
1964,"salaire moyen déclaré à la CNSS, BCT",-6.37,"BCT, Rapport annuel 1964, p. 24 du PDF (p. 28 imprimée), « Montants des salaires déclarés à la Caisse nationale de sécurité sociale » (en milliers de dinars)","masse / effectif, effectif : nombre moyen de salariés déclarés (ligne « Nombre moyen de salaires déclarés » du tableau ; la prose dit « nombre total de salariés déclarés ») ; baisse expliquée par le rapport, « en partie, par le remplacement de certains cadres et techniciens étrangers, fortement rétribués, par des tunisiens »"
1965,"salaire moyen déclaré à la CNSS, BCT",8.27,"BCT, Rapport annuel 1965, p. 24 du PDF (p. 28 imprimée), « Salaires déclarés à la Caisse nationale de sécurité sociale » (en 1 000 dinars), par groupes, puis effectifs (« Autres groupes », « Mines »)","masse / effectif, effectif : nombre des salariés déclarés (bloc sans titre du tableau : « Autres groupes », « Mines » ; libellé de la prose, p. 23 du PDF)"
1966,"salaire moyen déclaré à la CNSS, BCT",8.01,"BCT, Rapport annuel 1966, p. 23 du PDF (p. 28 imprimée), « Salaires déclarés à la Caisse nationale de sécurité sociale » (en milliers de dinars), par branches ; effectif dans la prose","masse / effectif, effectif : nombre de salariés déclarés à la Caisse (prose)"
1967,"salaire moyen déclaré à la CNSS, BCT",4.72,"BCT, Rapport annuel 1967, p. 27 du PDF (p. 31 imprimée), « Salaires déclarés à la Caisse nationale de sécurité sociale » (en milliers de dinars), par branches ; effectif dans la prose, p. 26 du PDF (p. 30 imprimée)","masse / effectif, effectif : effectif des ouvriers affiliés à la Caisse (prose)"
1968,"salaire moyen déclaré à la CNSS, BCT",0.99,"BCT, Rapport annuel 1968, p. 32 du PDF (p. 37 imprimée), « Salaires déclarés à la Caisse nationale de sécurité sociale » (en milliers de dinars), par branches ; effectif dans la prose, p. 31 du PDF (p. 36 imprimée)","masse / effectif, effectif : effectif des ouvriers affiliés à la Caisse (prose)"
1969,"salaire moyen déclaré à la CNSS, BCT",0.12,"BCT, Rapport annuel 1969, p. 33 du PDF (p. 37 imprimée), « Salaires déclarés à la Caisse nationale de sécurité sociale » (en milliers de dinars), par branches ; effectif dans la prose, p. 32 du PDF (p. 36 imprimée)","masse / effectif, effectif : effectif des ouvriers affiliés à la Caisse (prose) ; taux d'effectif imprimé (14,8 %) incohérent avec les niveaux (14,34 %)"
1970,"salaire moyen déclaré à la CNSS, BCT",4.5,"BCT, Rapport annuel 1970, p. 40 du PDF (p. 43 imprimée), prose de « L'emploi et les salaires » et tableau « Salaires déclarés à la Caisse nationale de sécurité sociale » (en milliers de dinars), p. 41 du PDF","masse / effectif, effectif : effectif des ouvriers affiliés à la Caisse (prose)"
1971,"salaire moyen déclaré à la CNSS, BCT",11.47,"BCT, Rapport annuel 1971, p. 40 du PDF (p. 44 imprimée), « Salaires déclarés et nombre de salariés affiliés à la Caisse nationale de sécurité sociale » (« Salariés* » : « Moyenne trimestrielle des effectifs déclarés » ; « Salaires** » : « En milliers de dinars »)","masse / effectif, effectif : moyenne trimestrielle des effectifs déclarés (renvoi du tableau) ; changement de définition de l'effectif : 1970 vaut 202 029 ouvriers affiliés au RA 1970, 197 170 en moyenne trimestrielle au RA 1971"
1974,"salaire moyen déclaré à la CNSS, BCT",28.84,"BCT, Rapport annuel 1974, p. 56 du PDF (p. 57 imprimée), « Nombre de salariés affiliés et masse des salaires déclarés à la C.N.S.S. » (« Nombre de salariés* » : « Moyenne trimestrielle des effectifs déclarés »). L'en-tête dit « Salaires en 1000 D », mais les montants sont en dinars (87.204.168 ; la prose, p. 55 du PDF, dit « 87,2 millions de dinars en 1973 »)","masse / effectif, effectif : moyenne trimestrielle des effectifs déclarés (renvoi du tableau)"
1984,"salaire moyen non agricole hors administration, Banque mondiale 1995",7.27,"Banque mondiale, Allègement de la pauvreté : bâtir sur les acquis pour préparer l'avenir, vol. II : Annexes, rapport 13993-TUN (août 1995), annexe statistique, tableau 41 « Salaire moyen par employé », p. 119 du PDF (« Page 37 de 74 »), lecture image ; source citée : ministère du Plan","total moins agriculture et pêches, moins fonction publique ; salariés estimés (lissés)"
1985,"salaire moyen non agricole hors administration, Banque mondiale 1995",5.69,"Banque mondiale, Allègement de la pauvreté : bâtir sur les acquis pour préparer l'avenir, vol. II : Annexes, rapport 13993-TUN (août 1995), annexe statistique, tableau 41 « Salaire moyen par employé », p. 119 du PDF (« Page 37 de 74 »), lecture image ; source citée : ministère du Plan","total moins agriculture et pêches, moins fonction publique ; salariés estimés (lissés)"
1986,"salaire moyen non agricole hors administration, Banque mondiale 1995",-5.16,"Banque mondiale, Allègement de la pauvreté : bâtir sur les acquis pour préparer l'avenir, vol. II : Annexes, rapport 13993-TUN (août 1995), annexe statistique, tableau 41 « Salaire moyen par employé », p. 119 du PDF (« Page 37 de 74 »), lecture image ; source citée : ministère du Plan","total moins agriculture et pêches, moins fonction publique ; salariés estimés (lissés)"
1987,"salaire moyen non agricole hors administration, Banque mondiale 1995",2.03,"Banque mondiale, Allègement de la pauvreté : bâtir sur les acquis pour préparer l'avenir, vol. II : Annexes, rapport 13993-TUN (août 1995), annexe statistique, tableau 41 « Salaire moyen par employé », p. 119 du PDF (« Page 37 de 74 »), lecture image ; source citée : ministère du Plan","total moins agriculture et pêches, moins fonction publique ; salariés estimés (lissés)"
1988,"salaire moyen non agricole hors administration, Banque mondiale 1995",7.19,"Banque mondiale, Allègement de la pauvreté : bâtir sur les acquis pour préparer l'avenir, vol. II : Annexes, rapport 13993-TUN (août 1995), annexe statistique, tableau 41 « Salaire moyen par employé », p. 119 du PDF (« Page 37 de 74 »), lecture image ; source citée : ministère du Plan","total moins agriculture et pêches, moins fonction publique ; salariés estimés (lissés)"
1989,"salaire moyen non agricole hors administration, Banque mondiale 1995",11.63,"Banque mondiale, Allègement de la pauvreté : bâtir sur les acquis pour préparer l'avenir, vol. II : Annexes, rapport 13993-TUN (août 1995), annexe statistique, tableau 41 « Salaire moyen par employé », p. 119 du PDF (« Page 37 de 74 »), lecture image ; source citée : ministère du Plan","total moins agriculture et pêches, moins fonction publique ; salariés estimés (lissés)"
1990,"salaire moyen non agricole hors administration, Banque mondiale 1995",10.19,"Banque mondiale, Allègement de la pauvreté : bâtir sur les acquis pour préparer l'avenir, vol. II : Annexes, rapport 13993-TUN (août 1995), annexe statistique, tableau 41 « Salaire moyen par employé », p. 119 du PDF (« Page 37 de 74 »), lecture image ; source citée : ministère du Plan","total moins agriculture et pêches, moins fonction publique ; salariés estimés (lissés)"
1991,"salaire moyen non agricole hors administration, Banque mondiale 1995",7.42,"Banque mondiale, Allègement de la pauvreté : bâtir sur les acquis pour préparer l'avenir, vol. II : Annexes, rapport 13993-TUN (août 1995), annexe statistique, tableau 41 « Salaire moyen par employé », p. 119 du PDF (« Page 37 de 74 »), lecture image ; source citée : ministère du Plan","total moins agriculture et pêches, moins fonction publique ; salariés estimés (lissés)"
1992,"salaire moyen non agricole hors administration, Banque mondiale 1995",6.71,"Banque mondiale, Allègement de la pauvreté : bâtir sur les acquis pour préparer l'avenir, vol. II : Annexes, rapport 13993-TUN (août 1995), annexe statistique, tableau 41 « Salaire moyen par employé », p. 119 du PDF (« Page 37 de 74 »), lecture image ; source citée : ministère du Plan","total moins agriculture et pêches, moins fonction publique ; salariés estimés (lissés)"
1993,"salaire moyen non agricole hors administration, Banque mondiale 1995",3.4,"Banque mondiale, Allègement de la pauvreté : bâtir sur les acquis pour préparer l'avenir, vol. II : Annexes, rapport 13993-TUN (août 1995), annexe statistique, tableau 41 « Salaire moyen par employé », p. 119 du PDF (« Page 37 de 74 »), lecture image ; source citée : ministère du Plan","total moins agriculture et pêches, moins fonction publique ; salariés estimés (lissés) ; masse de 1993 supérieure de 3,7 MD à ses composantes (+ 3,28 % d'après elles)"
1989,"salaire moyen non agricole hors administration, FMI 97/57",10.76,"FMI, Tunisia: Selected Issues, IMF Staff Country Report 97/57 (25 juillet 1997), chap. IV, tableau 5 « Tunisia: Wage and Employment Indicators, 1981-96 », ligne « Average annual wage (TD) — Other », lecture texte (tableau HTML) ; sources citées : Ministry of Economic Development, World Bank, Fund staff estimates",hors agriculture et hors État ; autre millésime du Plan que la Banque mondiale 1995
1994,"salaire moyen non agricole hors administration, FMI 97/57",3.72,"FMI, Tunisia: Selected Issues, IMF Staff Country Report 97/57 (25 juillet 1997), chap. IV, tableau 5 « Tunisia: Wage and Employment Indicators, 1981-96 », ligne « Average annual wage (TD) — Other », lecture texte (tableau HTML) ; sources citées : Ministry of Economic Development, World Bank, Fund staff estimates",hors agriculture et hors État ; autre millésime du Plan que la Banque mondiale 1995 ; estimation provisoire fondée sur le recensement de 1994 (renvoi 2/)
2013,salaires bruts hors administration centrale par salarié hors fonction publique,1.44,"numérateur : INS, Les comptes de la nation, édition 2012-2016, salaires et traitements bruts du tableau de synthèse (opérations de répartition) moins ceux des comptes de l'administration centrale (compte d'exploitation) ; dénominateur : emploi total (BCT) × part des salariés (Banque mondiale, WDI SL.EMP.WORK.ZS, API téléchargée le 2026-09-21), moins les effectifs de la fonction publique (INS, tableau 1 et annexes 2012-2014)",part des salariés modélisée par le BIT
2014,salaires bruts hors administration centrale par salarié hors fonction publique,4.53,"numérateur : INS, Les comptes de la nation, édition 2013-2017, salaires et traitements bruts du tableau de synthèse (opérations de répartition) moins ceux des comptes de l'administration centrale (compte d'exploitation) ; dénominateur : emploi total (BCT) × part des salariés (Banque mondiale, WDI SL.EMP.WORK.ZS, API téléchargée le 2026-09-21), moins les effectifs de la fonction publique (INS, tableau 1 et annexes 2012-2014)",part des salariés modélisée par le BIT
2015,salaires bruts hors administration centrale par salarié hors fonction publique,10.08,"numérateur : INS, Les comptes de la nation, édition 2013-2017, salaires et traitements bruts du tableau de synthèse (opérations de répartition) moins ceux des comptes de l'administration centrale (compte d'exploitation) ; dénominateur : emploi total (BCT) × part des salariés (Banque mondiale, WDI SL.EMP.WORK.ZS, API téléchargée le 2026-09-21), moins les effectifs de la fonction publique (INS, tableau 1 et annexes 2012-2014)",part des salariés modélisée par le BIT
2016,salaires bruts hors administration centrale par salarié hors fonction publique,2.28,"numérateur : INS, Les comptes de la nation, édition 2015-2020, salaires et traitements bruts du tableau de synthèse (opérations de répartition) moins ceux des comptes de l'administration centrale (compte d'exploitation) ; dénominateur : emploi total (BCT) × part des salariés (Banque mondiale, WDI SL.EMP.WORK.ZS, API téléchargée le 2026-09-21), moins les effectifs de la fonction publique (INS, tableau 1 et annexes 2012-2014)",part des salariés modélisée par le BIT
2017,salaires bruts hors administration centrale par salarié hors fonction publique,5.05,"numérateur : INS, Les comptes de la nation, édition 2015-2020, salaires et traitements bruts du tableau de synthèse (opérations de répartition) moins ceux des comptes de l'administration centrale (compte d'exploitation) ; dénominateur : emploi total (BCT) × part des salariés (Banque mondiale, WDI SL.EMP.WORK.ZS, API téléchargée le 2026-09-21), moins les effectifs de la fonction publique (INS, tableau 1 et annexes 2012-2014)",part des salariés modélisée par le BIT
2018,salaires bruts hors administration centrale par salarié hors fonction publique,9.22,"numérateur : INS, Les comptes de la nation, édition 2017-2021, salaires et traitements bruts du tableau de synthèse (opérations de répartition) moins ceux des comptes de l'administration centrale (compte d'exploitation) ; dénominateur : emploi total (BCT) × part des salariés (Banque mondiale, WDI SL.EMP.WORK.ZS, API téléchargée le 2026-09-21), moins les effectifs de la fonction publique (INS, tableau 1 et annexes 2012-2014)",part des salariés modélisée par le BIT
2019,salaires bruts hors administration centrale par salarié hors fonction publique,2.75,"numérateur : INS, Les comptes de la nation, édition 2018-2022, salaires et traitements bruts du tableau de synthèse (opérations de répartition) moins ceux des comptes de l'administration centrale (compte d'exploitation) ; dénominateur : emploi total (BCT) × part des salariés (Banque mondiale, WDI SL.EMP.WORK.ZS, API téléchargée le 2026-09-21), moins les effectifs de la fonction publique (INS, tableau 1 et annexes 2012-2014)",part des salariés modélisée par le BIT
2020,salaires bruts hors administration centrale par salarié hors fonction publique,10.7,"numérateur : INS, Les comptes de la nation, édition 2019-2023, salaires et traitements bruts du tableau de synthèse (opérations de répartition) moins ceux des comptes de l'administration centrale (compte d'exploitation) ; dénominateur : emploi total (BCT) × part des salariés (Banque mondiale, WDI SL.EMP.WORK.ZS, API téléchargée le 2026-09-21), moins les effectifs de la fonction publique (INS, tableau 1 et annexes 2012-2014)",part des salariés modélisée par le BIT
2021,salaires bruts hors administration centrale par salarié hors fonction publique,6.79,"numérateur : INS, Les comptes de la nation, édition 2020-2024, salaires et traitements bruts du tableau de synthèse (opérations de répartition) moins ceux des comptes de l'administration centrale (compte d'exploitation) ; dénominateur : emploi total (BCT) × part des salariés (Banque mondiale, WDI SL.EMP.WORK.ZS, API téléchargée le 2026-09-21), moins les effectifs de la fonction publique (INS, tableau 1 et annexes 2012-2014)",part des salariés modélisée par le BIT
2002,salaires bruts par salarié,3.43,"INS, Les comptes de la nation, édition 2001-2005, tableau de synthèse (opérations de répartition), salaires et traitements bruts / INS, enquête nationale sur la population et l'emploi, rapport 2005, tableau 27",
2003,salaires bruts par salarié,6.7,"INS, Les comptes de la nation, édition 2002-2006, tableau de synthèse (opérations de répartition), salaires et traitements bruts / INS, enquête nationale sur la population et l'emploi, rapport 2005, tableau 27",
2006,salaires bruts par salarié,6.5,"INS, Les comptes de la nation, édition 2005-2009, tableau de synthèse (opérations de répartition), salaires et traitements bruts / INS, enquête nationale sur la population et l'emploi, rapport 2010, tableau 33",
2007,salaires bruts par salarié,5.71,"INS, Les comptes de la nation, édition 2006-2010, tableau de synthèse (opérations de répartition), salaires et traitements bruts / INS, enquête nationale sur la population et l'emploi, rapport 2010, tableau 33",
2008,salaires bruts par salarié,9.49,"INS, Les comptes de la nation, édition 2007-2011, tableau de synthèse (opérations de répartition), salaires et traitements bruts / INS, enquête nationale sur la population et l'emploi, rapport 2010, tableau 33",
2009,salaires bruts par salarié,3.5,"INS, Les comptes de la nation, édition 2008-2012, tableau de synthèse (opérations de répartition), salaires et traitements bruts / INS, enquête nationale sur la population et l'emploi, rapport 2010, tableau 33",
2010,salaires bruts par salarié,7.16,"INS, Les comptes de la nation, édition 2007-2011, tableau de synthèse (opérations de répartition), salaires et traitements bruts / INS, enquête nationale sur la population et l'emploi, rapport 2010, tableau 33",
2011,salaires bruts par salarié,8.96,"INS, Les comptes de la nation, édition 2007-2011, tableau de synthèse (opérations de répartition), salaires et traitements bruts / INS, enquête emploi, rapport 2010, tableau 33 (2010) et rapport 2012, tableau 30 (2011)",mai 2010 → moyenne 2011 : changement de mesure
2012,salaires bruts par salarié,3.19,"INS, Les comptes de la nation, édition 2011-2015, tableau de synthèse (opérations de répartition), salaires et traitements bruts / INS, enquête nationale sur la population et l'emploi, rapport 2012, tableau 30",
2002,salaires et traitements bruts,5.58,"INS, Les comptes de la nation, édition 2001-2005, tableau de synthèse (opérations de répartition), salaires et traitements bruts",
2003,salaires et traitements bruts,6.0,"INS, Les comptes de la nation, édition 2002-2006, tableau de synthèse (opérations de répartition), salaires et traitements bruts",
2004,salaires et traitements bruts,8.37,"INS, Les comptes de la nation, édition 2003-2007, tableau de synthèse (opérations de répartition), salaires et traitements bruts",
2005,salaires et traitements bruts,8.32,"INS, Les comptes de la nation, édition 2002-2006, tableau de synthèse (opérations de répartition), salaires et traitements bruts",
2006,salaires et traitements bruts,8.37,"INS, Les comptes de la nation, édition 2005-2009, tableau de synthèse (opérations de répartition), salaires et traitements bruts",
2007,salaires et traitements bruts,10.63,"INS, Les comptes de la nation, édition 2006-2010, tableau de synthèse (opérations de répartition), salaires et traitements bruts",
2008,salaires et traitements bruts,11.67,"INS, Les comptes de la nation, édition 2007-2011, tableau de synthèse (opérations de répartition), salaires et traitements bruts",
2009,salaires et traitements bruts,4.57,"INS, Les comptes de la nation, édition 2008-2012, tableau de synthèse (opérations de répartition), salaires et traitements bruts",
2010,salaires et traitements bruts,8.9,"INS, Les comptes de la nation, édition 2007-2011, tableau de synthèse (opérations de répartition), salaires et traitements bruts",
2011,salaires et traitements bruts,8.34,"INS, Les comptes de la nation, édition 2007-2011, tableau de synthèse (opérations de répartition), salaires et traitements bruts",
2012,salaires et traitements bruts,6.11,"INS, Les comptes de la nation, édition 2011-2015, tableau de synthèse (opérations de répartition), salaires et traitements bruts",
2013,salaires et traitements bruts,7.12,"INS, Les comptes de la nation, édition 2012-2016, tableau de synthèse (opérations de répartition), salaires et traitements bruts",
2014,salaires et traitements bruts,7.17,"INS, Les comptes de la nation, édition 2013-2017, tableau de synthèse (opérations de répartition), salaires et traitements bruts",
2015,salaires et traitements bruts,7.73,"INS, Les comptes de la nation, édition 2013-2017, tableau de synthèse (opérations de répartition), salaires et traitements bruts",
2016,salaires et traitements bruts,5.77,"INS, Les comptes de la nation, édition 2015-2020, tableau de synthèse (opérations de répartition), salaires et traitements bruts",
2017,salaires et traitements bruts,11.5,"INS, Les comptes de la nation, édition 2015-2020, tableau de synthèse (opérations de répartition), salaires et traitements bruts",
2018,salaires et traitements bruts,5.33,"INS, Les comptes de la nation, édition 2017-2021, tableau de synthèse (opérations de répartition), salaires et traitements bruts",
2019,salaires et traitements bruts,5.65,"INS, Les comptes de la nation, édition 2018-2022, tableau de synthèse (opérations de répartition), salaires et traitements bruts",
2020,salaires et traitements bruts,8.36,"INS, Les comptes de la nation, édition 2019-2023, tableau de synthèse (opérations de répartition), salaires et traitements bruts",
2021,salaires et traitements bruts,8.23,"INS, Les comptes de la nation, édition 2020-2024, tableau de synthèse (opérations de répartition), salaires et traitements bruts",
2022,salaires et traitements bruts,7.78,"INS, Les comptes de la nation, édition 2021-2025, tableau de synthèse (opérations de répartition), salaires et traitements bruts",
2023,salaires et traitements bruts,7.05,"INS, Les comptes de la nation, édition 2021-2025, tableau de synthèse (opérations de répartition), salaires et traitements bruts",
2024,salaires et traitements bruts,5.71,"INS, Les comptes de la nation, édition 2021-2025, tableau de synthèse (opérations de répartition), salaires et traitements bruts",
2025,salaires et traitements bruts,4.63,"INS, Les comptes de la nation, édition 2021-2025, tableau de synthèse (opérations de répartition), salaires et traitements bruts",provisoire
2000,salariés,2.04,"INS, enquête nationale sur la population et l'emploi, rapport 2005, tableau 27",
2001,salariés,2.66,"INS, enquête nationale sur la population et l'emploi, rapport 2005, tableau 27",
2002,salariés,2.08,"INS, enquête nationale sur la population et l'emploi, rapport 2005, tableau 27",
2003,salariés,-0.66,"INS, enquête nationale sur la population et l'emploi, rapport 2005, tableau 27",
2006,salariés,1.76,"INS, enquête nationale sur la population et l'emploi, rapport 2010, tableau 33",
2007,salariés,4.65,"INS, enquête nationale sur la population et l'emploi, rapport 2010, tableau 33",
2008,salariés,1.99,"INS, enquête nationale sur la population et l'emploi, rapport 2010, tableau 33",
2009,salariés,1.03,"INS, enquête nationale sur la population et l'emploi, rapport 2010, tableau 33",
2010,salariés,1.62,"INS, enquête nationale sur la population et l'emploi, rapport 2010, tableau 33",
2011,salariés,-0.57,"INS, enquête emploi, rapport 2010, tableau 33 (2010) et rapport 2012, tableau 30 (2011)",mai 2010 → moyenne 2011 : changement de mesure
2012,salariés,2.83,"INS, enquête nationale sur la population et l'emploi, rapport 2012, tableau 30",
