rapport,code,impot,forme,libelle,annee,montant_MDT,valorise,libelle_fr,forme_fr
LF2021,111000301,irpp,Réduction,Réduction d'impôt au titre des revenus réinvestis dans la souscription au capital initial ou à son augmentation des Etablissements Publics,2017,0.031,True,Réduction d'impôt au titre des revenus réinvestis dans la souscription au capital initial ou à son augmentation des Etablissements Publics,Réduction
LF2021,111000301,irpp,Réduction,Réduction d'impôt au titre des revenus réinvestis dans la souscription au capital initial ou à son augmentation des Etablissements Publics,2018,0.044,True,Réduction d'impôt au titre des revenus réinvestis dans la souscription au capital initial ou à son augmentation des Etablissements Publics,Réduction
LF2021,111000301,irpp,Réduction,Réduction d'impôt au titre des revenus réinvestis dans la souscription au capital initial ou à son augmentation des Etablissements Publics,2019,0.0,True,Réduction d'impôt au titre des revenus réinvestis dans la souscription au capital initial ou à son augmentation des Etablissements Publics,Réduction
LF2021,111000401,irpp,Déduction,Déduction des revenus provenant de l'activité des entreprises implantées dans les Parcs d'Activité Economiques de l'assiette soumises à l'impôt sur le revenu des personnes physiques,2017,0.002,True,Déduction des revenus provenant de l'activité des entreprises implantées dans les Parcs d'Activité Economiques de l'assiette soumises à l'impôt sur le revenu des personnes physiques,Déduction
LF2021,111000401,irpp,Déduction,Déduction des revenus provenant de l'activité des entreprises implantées dans les Parcs d'Activité Economiques de l'assiette soumises à l'impôt sur le revenu des personnes physiques,2018,0.003,True,Déduction des revenus provenant de l'activité des entreprises implantées dans les Parcs d'Activité Economiques de l'assiette soumises à l'impôt sur le revenu des personnes physiques,Déduction
LF2021,111000401,irpp,Déduction,Déduction des revenus provenant de l'activité des entreprises implantées dans les Parcs d'Activité Economiques de l'assiette soumises à l'impôt sur le revenu des personnes physiques,2019,0.0,True,Déduction des revenus provenant de l'activité des entreprises implantées dans les Parcs d'Activité Economiques de l'assiette soumises à l'impôt sur le revenu des personnes physiques,Déduction
LF2021,111000403,irpp,Déduction,Déduction des revenus réinvestis dans la souscription au capital initial ou à son augmentation des entreprises implantées dans les Parcs d'Activité Economiques de l'assiette soumises à l'impôt sur le revenu des personnes physiques,2017,0.0,True,Déduction des revenus réinvestis dans la souscription au capital initial ou à son augmentation des entreprises implantées dans les Parcs d'Activité Economiques de l'assiette soumises à l'impôt sur le revenu des personnes physiques,Déduction
LF2021,111000403,irpp,Déduction,Déduction des revenus réinvestis dans la souscription au capital initial ou à son augmentation des entreprises implantées dans les Parcs d'Activité Economiques de l'assiette soumises à l'impôt sur le revenu des personnes physiques,2018,0.0,True,Déduction des revenus réinvestis dans la souscription au capital initial ou à son augmentation des entreprises implantées dans les Parcs d'Activité Economiques de l'assiette soumises à l'impôt sur le revenu des personnes physiques,Déduction
LF2021,111000403,irpp,Déduction,Déduction des revenus réinvestis dans la souscription au capital initial ou à son augmentation des entreprises implantées dans les Parcs d'Activité Economiques de l'assiette soumises à l'impôt sur le revenu des personnes physiques,2019,0.0,True,Déduction des revenus réinvestis dans la souscription au capital initial ou à son augmentation des entreprises implantées dans les Parcs d'Activité Economiques de l'assiette soumises à l'impôt sur le revenu des personnes physiques,Déduction
LF2021,111000501,irpp,Déduction,Déduction de 50% des dépenses de travaux d'amélioration effectués par les propriétaires portant sur des monuments historiques de l'assiette soumises à l'impôt sur le revenu des personnes physiques,2017,,False,Déduction de 50% des dépenses de travaux d'amélioration effectués par les propriétaires portant sur des monuments historiques de l'assiette soumises à l'impôt sur le revenu des personnes physiques,Déduction
LF2021,111000501,irpp,Déduction,Déduction de 50% des dépenses de travaux d'amélioration effectués par les propriétaires portant sur des monuments historiques de l'assiette soumises à l'impôt sur le revenu des personnes physiques,2018,,False,Déduction de 50% des dépenses de travaux d'amélioration effectués par les propriétaires portant sur des monuments historiques de l'assiette soumises à l'impôt sur le revenu des personnes physiques,Déduction
LF2021,111000501,irpp,Déduction,Déduction de 50% des dépenses de travaux d'amélioration effectués par les propriétaires portant sur des monuments historiques de l'assiette soumises à l'impôt sur le revenu des personnes physiques,2019,,False,Déduction de 50% des dépenses de travaux d'amélioration effectués par les propriétaires portant sur des monuments historiques de l'assiette soumises à l'impôt sur le revenu des personnes physiques,Déduction
LF2021,111000601,irpp,Déduction,Déduction de 50% des revenus provenant de l'activité des établissements de santé prêtant la totalité de leurs services au profit des non-résidents de l'assiette soumises à l'impôt sur le revenu des personnes physiques,2017,0.005,True,Déduction de 50% des revenus provenant de l'activité des établissements de santé prêtant la totalité de leurs services au profit des non-résidents de l'assiette soumises à l'impôt sur le revenu des personnes physiques,Déduction
LF2021,111000601,irpp,Déduction,Déduction de 50% des revenus provenant de l'activité des établissements de santé prêtant la totalité de leurs services au profit des non-résidents de l'assiette soumises à l'impôt sur le revenu des personnes physiques,2018,0.007,True,Déduction de 50% des revenus provenant de l'activité des établissements de santé prêtant la totalité de leurs services au profit des non-résidents de l'assiette soumises à l'impôt sur le revenu des personnes physiques,Déduction
LF2021,111000601,irpp,Déduction,Déduction de 50% des revenus provenant de l'activité des établissements de santé prêtant la totalité de leurs services au profit des non-résidents de l'assiette soumises à l'impôt sur le revenu des personnes physiques,2019,0.0,True,Déduction de 50% des revenus provenant de l'activité des établissements de santé prêtant la totalité de leurs services au profit des non-résidents de l'assiette soumises à l'impôt sur le revenu des personnes physiques,Déduction
LF2021,111000603,irpp,Déduction,Déduction des revenus réinvestis dans la souscription au capital initial des établissements de santé prêtant la totalité de leurs services au profit des non- résidents de l'assiette soumises à l'impôt sur le revenu des personnes physiques,2017,,False,Déduction des revenus réinvestis dans la souscription au capital initial des établissements de santé prêtant la totalité de leurs services au profit des non- résidents de l'assiette soumises à l'impôt sur le revenu des personnes physiques,Déduction
LF2021,111000603,irpp,Déduction,Déduction des revenus réinvestis dans la souscription au capital initial des établissements de santé prêtant la totalité de leurs services au profit des non- résidents de l'assiette soumises à l'impôt sur le revenu des personnes physiques,2018,,False,Déduction des revenus réinvestis dans la souscription au capital initial des établissements de santé prêtant la totalité de leurs services au profit des non- résidents de l'assiette soumises à l'impôt sur le revenu des personnes physiques,Déduction
LF2021,111000603,irpp,Déduction,Déduction des revenus réinvestis dans la souscription au capital initial des établissements de santé prêtant la totalité de leurs services au profit des non- résidents de l'assiette soumises à l'impôt sur le revenu des personnes physiques,2019,,False,Déduction des revenus réinvestis dans la souscription au capital initial des établissements de santé prêtant la totalité de leurs services au profit des non- résidents de l'assiette soumises à l'impôt sur le revenu des personnes physiques,Déduction
LF2021,111001601,irpp,Déduction,Déduction des revenus réinvestis dans la souscription au capital initial des Entreprises Innovantes (Startups) de l'assiette soumises à l'impôt sur le revenu des personnes physiques,2017,,False,Déduction des revenus réinvestis dans la souscription au capital initial des Entreprises Innovantes (Startups) de l'assiette soumises à l'impôt sur le revenu des personnes physiques,Déduction
LF2021,111001601,irpp,Déduction,Déduction des revenus réinvestis dans la souscription au capital initial des Entreprises Innovantes (Startups) de l'assiette soumises à l'impôt sur le revenu des personnes physiques,2018,,False,Déduction des revenus réinvestis dans la souscription au capital initial des Entreprises Innovantes (Startups) de l'assiette soumises à l'impôt sur le revenu des personnes physiques,Déduction
LF2021,111001601,irpp,Déduction,Déduction des revenus réinvestis dans la souscription au capital initial des Entreprises Innovantes (Startups) de l'assiette soumises à l'impôt sur le revenu des personnes physiques,2019,0.0,True,Déduction des revenus réinvestis dans la souscription au capital initial des Entreprises Innovantes (Startups) de l'assiette soumises à l'impôt sur le revenu des personnes physiques,Déduction
LF2021,111001603,irpp,Déduction,"Déduction des revenus réinvestis dans la souscription au capital des sociétés d’investissement à capital risque, ou placés auprès d'elles sous forme de fonds à capital risque, de fonds collectifs de placement à risque, de fonds d’amorçage ou de tout autre organisme d’investissement , qui s’engagent à employer 65% au moins du capital libéré ou de tout montant mis à leur disposition ou des parts libérées, dans la participation au capital des Startups de l'assiette soumises à l'impôt sur le revenu des personnes physiques",2017,,False,"Déduction des revenus réinvestis dans la souscription au capital des sociétés d’investissement à capital risque, ou placés auprès d'elles sous forme de fonds à capital risque, de fonds collectifs de placement à risque, de fonds d’amorçage ou de tout autre organisme d’investissement , qui s’engagent à employer 65% au moins du capital libéré ou de tout montant mis à leur disposition ou des parts libérées, dans la participation au capital des Startups de l'assiette soumises à l'impôt sur le revenu des personnes physiques",Déduction
LF2021,111001603,irpp,Déduction,"Déduction des revenus réinvestis dans la souscription au capital des sociétés d’investissement à capital risque, ou placés auprès d'elles sous forme de fonds à capital risque, de fonds collectifs de placement à risque, de fonds d’amorçage ou de tout autre organisme d’investissement , qui s’engagent à employer 65% au moins du capital libéré ou de tout montant mis à leur disposition ou des parts libérées, dans la participation au capital des Startups de l'assiette soumises à l'impôt sur le revenu des personnes physiques",2018,,False,"Déduction des revenus réinvestis dans la souscription au capital des sociétés d’investissement à capital risque, ou placés auprès d'elles sous forme de fonds à capital risque, de fonds collectifs de placement à risque, de fonds d’amorçage ou de tout autre organisme d’investissement , qui s’engagent à employer 65% au moins du capital libéré ou de tout montant mis à leur disposition ou des parts libérées, dans la participation au capital des Startups de l'assiette soumises à l'impôt sur le revenu des personnes physiques",Déduction
LF2021,111001603,irpp,Déduction,"Déduction des revenus réinvestis dans la souscription au capital des sociétés d’investissement à capital risque, ou placés auprès d'elles sous forme de fonds à capital risque, de fonds collectifs de placement à risque, de fonds d’amorçage ou de tout autre organisme d’investissement , qui s’engagent à employer 65% au moins du capital libéré ou de tout montant mis à leur disposition ou des parts libérées, dans la participation au capital des Startups de l'assiette soumises à l'impôt sur le revenu des personnes physiques",2019,0.0,True,"Déduction des revenus réinvestis dans la souscription au capital des sociétés d’investissement à capital risque, ou placés auprès d'elles sous forme de fonds à capital risque, de fonds collectifs de placement à risque, de fonds d’amorçage ou de tout autre organisme d’investissement , qui s’engagent à employer 65% au moins du capital libéré ou de tout montant mis à leur disposition ou des parts libérées, dans la participation au capital des Startups de l'assiette soumises à l'impôt sur le revenu des personnes physiques",Déduction
LF2021,111001701,irpp,Déduction,"Déductibles dans la limite de 25% du revenu imposable, les revenus réinvestis dans la souscription, dans le cadre d'une restructuration financière, au capital des hôtels touristiques",2017,,False,"Déductibles dans la limite de 25% du revenu imposable, les revenus réinvestis dans la souscription, dans le cadre d'une restructuration financière, au capital des hôtels touristiques",Déduction
LF2021,111001701,irpp,Déduction,"Déductibles dans la limite de 25% du revenu imposable, les revenus réinvestis dans la souscription, dans le cadre d'une restructuration financière, au capital des hôtels touristiques",2018,,False,"Déductibles dans la limite de 25% du revenu imposable, les revenus réinvestis dans la souscription, dans le cadre d'une restructuration financière, au capital des hôtels touristiques",Déduction
LF2021,111001701,irpp,Déduction,"Déductibles dans la limite de 25% du revenu imposable, les revenus réinvestis dans la souscription, dans le cadre d'une restructuration financière, au capital des hôtels touristiques",2019,,False,"Déductibles dans la limite de 25% du revenu imposable, les revenus réinvestis dans la souscription, dans le cadre d'une restructuration financière, au capital des hôtels touristiques",Déduction
LF2021,111101201,irpp,Déduction,"Déduction des mécénats accordés aux affaires, organisations à but générale, ou à but lucratifs de l'assiette soumises à l'impôt sur le revenu des personnes physiques",2017,,False,"Déduction des mécénats accordés aux affaires, organisations à but générale, ou à but lucratifs de l'assiette soumises à l'impôt sur le revenu des personnes physiques",Déduction
LF2021,111101201,irpp,Déduction,"Déduction des mécénats accordés aux affaires, organisations à but générale, ou à but lucratifs de l'assiette soumises à l'impôt sur le revenu des personnes physiques",2018,,False,"Déduction des mécénats accordés aux affaires, organisations à but générale, ou à but lucratifs de l'assiette soumises à l'impôt sur le revenu des personnes physiques",Déduction
LF2021,111101201,irpp,Déduction,"Déduction des mécénats accordés aux affaires, organisations à but générale, ou à but lucratifs de l'assiette soumises à l'impôt sur le revenu des personnes physiques",2019,,False,"Déduction des mécénats accordés aux affaires, organisations à but générale, ou à but lucratifs de l'assiette soumises à l'impôt sur le revenu des personnes physiques",Déduction
LF2021,111101203,irpp,Déduction,"Déduction des mécénats accordés aux entreprises, projets et œuvres à caractère culturel et à la création et à l’entretien des espaces verts et des parcs familiaux et ruraux de l'assiette soumises à l'impôt sur le revenu des personnes physiques",2017,,False,"Déduction des mécénats accordés aux entreprises, projets et œuvres à caractère culturel et à la création et à l’entretien des espaces verts et des parcs familiaux et ruraux de l'assiette soumises à l'impôt sur le revenu des personnes physiques",Déduction
LF2021,111101203,irpp,Déduction,"Déduction des mécénats accordés aux entreprises, projets et œuvres à caractère culturel et à la création et à l’entretien des espaces verts et des parcs familiaux et ruraux de l'assiette soumises à l'impôt sur le revenu des personnes physiques",2018,,False,"Déduction des mécénats accordés aux entreprises, projets et œuvres à caractère culturel et à la création et à l’entretien des espaces verts et des parcs familiaux et ruraux de l'assiette soumises à l'impôt sur le revenu des personnes physiques",Déduction
LF2021,111101203,irpp,Déduction,"Déduction des mécénats accordés aux entreprises, projets et œuvres à caractère culturel et à la création et à l’entretien des espaces verts et des parcs familiaux et ruraux de l'assiette soumises à l'impôt sur le revenu des personnes physiques",2019,,False,"Déduction des mécénats accordés aux entreprises, projets et œuvres à caractère culturel et à la création et à l’entretien des espaces verts et des parcs familiaux et ruraux de l'assiette soumises à l'impôt sur le revenu des personnes physiques",Déduction
LF2021,111101205,irpp,Déduction,"Déduction suppléméntaire de 30% au titre des amortissements des machines, du matériel et des équipements destinés à l'exploitation, acquis ou fabriqués dans le cadre d'opérations d'extension de l'assiette soumises à l'impôt sur le revenu des personnes physiques, par les",2017,,False,"Déduction suppléméntaire de 30% au titre des amortissements des machines, du matériel et des équipements destinés à l'exploitation, acquis ou fabriqués dans le cadre d'opérations d'extension de l'assiette soumises à l'impôt sur le revenu des personnes physiques, par les",Déduction
LF2021,111101205,irpp,Déduction,"Déduction suppléméntaire de 30% au titre des amortissements des machines, du matériel et des équipements destinés à l'exploitation, acquis ou fabriqués dans le cadre d'opérations d'extension de l'assiette soumises à l'impôt sur le revenu des personnes physiques, par les",2018,,False,"Déduction suppléméntaire de 30% au titre des amortissements des machines, du matériel et des équipements destinés à l'exploitation, acquis ou fabriqués dans le cadre d'opérations d'extension de l'assiette soumises à l'impôt sur le revenu des personnes physiques, par les",Déduction
LF2021,111101205,irpp,Déduction,"Déduction suppléméntaire de 30% au titre des amortissements des machines, du matériel et des équipements destinés à l'exploitation, acquis ou fabriqués dans le cadre d'opérations d'extension de l'assiette soumises à l'impôt sur le revenu des personnes physiques, par les",2019,,False,"Déduction suppléméntaire de 30% au titre des amortissements des machines, du matériel et des équipements destinés à l'exploitation, acquis ou fabriqués dans le cadre d'opérations d'extension de l'assiette soumises à l'impôt sur le revenu des personnes physiques, par les",Déduction
LF2021,111103701,irpp,Déduction,Déduction de 80% des pensions et rentes viagères en cas de les transférer en compte bancaire ou postal en Tunisie de l'assiette soumises à l'impôt sur le revenu des personnes physiques,2017,,False,Déduction de 80% des pensions et rentes viagères en cas de les transférer en compte bancaire ou postal en Tunisie de l'assiette soumises à l'impôt sur le revenu des personnes physiques,Déduction
LF2021,111103701,irpp,Déduction,Déduction de 80% des pensions et rentes viagères en cas de les transférer en compte bancaire ou postal en Tunisie de l'assiette soumises à l'impôt sur le revenu des personnes physiques,2018,,False,Déduction de 80% des pensions et rentes viagères en cas de les transférer en compte bancaire ou postal en Tunisie de l'assiette soumises à l'impôt sur le revenu des personnes physiques,Déduction
LF2021,111103701,irpp,Déduction,Déduction de 80% des pensions et rentes viagères en cas de les transférer en compte bancaire ou postal en Tunisie de l'assiette soumises à l'impôt sur le revenu des personnes physiques,2019,,False,Déduction de 80% des pensions et rentes viagères en cas de les transférer en compte bancaire ou postal en Tunisie de l'assiette soumises à l'impôt sur le revenu des personnes physiques,Déduction
LF2021,111103801,irpp,Déduction,Déduction des intérêts de l'épargne logement servis aux titulaires de contrats d'épargne logement de l'assiette soumises à l'impôt sur le revenu des personnes physiques,2017,,False,Déduction des intérêts de l'épargne logement servis aux titulaires de contrats d'épargne logement de l'assiette soumises à l'impôt sur le revenu des personnes physiques,Déduction
LF2021,111103801,irpp,Déduction,Déduction des intérêts de l'épargne logement servis aux titulaires de contrats d'épargne logement de l'assiette soumises à l'impôt sur le revenu des personnes physiques,2018,,False,Déduction des intérêts de l'épargne logement servis aux titulaires de contrats d'épargne logement de l'assiette soumises à l'impôt sur le revenu des personnes physiques,Déduction
LF2021,111103801,irpp,Déduction,Déduction des intérêts de l'épargne logement servis aux titulaires de contrats d'épargne logement de l'assiette soumises à l'impôt sur le revenu des personnes physiques,2019,,False,Déduction des intérêts de l'épargne logement servis aux titulaires de contrats d'épargne logement de l'assiette soumises à l'impôt sur le revenu des personnes physiques,Déduction
LF2021,111103802,irpp,Déduction,Déduction des intérêts des dépôts et de titres en devises ou en dinars convertibles de l'assiette soumises à l'impôt sur le revenu des personnes physiques,2017,,False,Déduction des intérêts des dépôts et de titres en devises ou en dinars convertibles de l'assiette soumises à l'impôt sur le revenu des personnes physiques,Déduction
LF2021,111103802,irpp,Déduction,Déduction des intérêts des dépôts et de titres en devises ou en dinars convertibles de l'assiette soumises à l'impôt sur le revenu des personnes physiques,2018,,False,Déduction des intérêts des dépôts et de titres en devises ou en dinars convertibles de l'assiette soumises à l'impôt sur le revenu des personnes physiques,Déduction
LF2021,111103802,irpp,Déduction,Déduction des intérêts des dépôts et de titres en devises ou en dinars convertibles de l'assiette soumises à l'impôt sur le revenu des personnes physiques,2019,,False,Déduction des intérêts des dépôts et de titres en devises ou en dinars convertibles de l'assiette soumises à l'impôt sur le revenu des personnes physiques,Déduction
LF2021,111103803,irpp,Déduction,"Déduction des intérêts des comptes courants ouverts entre industriels, commerçants ou exploitants agricoles de l'assiette soumises à l'impôt sur le revenu des personnes physiques",2017,,False,"Déduction des intérêts des comptes courants ouverts entre industriels, commerçants ou exploitants agricoles de l'assiette soumises à l'impôt sur le revenu des personnes physiques",Déduction
LF2021,111103803,irpp,Déduction,"Déduction des intérêts des comptes courants ouverts entre industriels, commerçants ou exploitants agricoles de l'assiette soumises à l'impôt sur le revenu des personnes physiques",2018,,False,"Déduction des intérêts des comptes courants ouverts entre industriels, commerçants ou exploitants agricoles de l'assiette soumises à l'impôt sur le revenu des personnes physiques",Déduction
LF2021,111103803,irpp,Déduction,"Déduction des intérêts des comptes courants ouverts entre industriels, commerçants ou exploitants agricoles de l'assiette soumises à l'impôt sur le revenu des personnes physiques",2019,,False,"Déduction des intérêts des comptes courants ouverts entre industriels, commerçants ou exploitants agricoles de l'assiette soumises à l'impôt sur le revenu des personnes physiques",Déduction
LF2021,111103804,irpp,Déduction,"Déduction de l'indemnité d'expatriation, émoluments, indemnités et autres avantages reçus par les salariés au titre de leur activité à l'étranger de l'assiette soumises à l'impôt sur le revenu des personnes physiques",2017,,False,"Déduction de l'indemnité d'expatriation, émoluments, indemnités et autres avantages reçus par les salariés au titre de leur activité à l'étranger de l'assiette soumises à l'impôt sur le revenu des personnes physiques",Déduction
LF2021,111103804,irpp,Déduction,"Déduction de l'indemnité d'expatriation, émoluments, indemnités et autres avantages reçus par les salariés au titre de leur activité à l'étranger de l'assiette soumises à l'impôt sur le revenu des personnes physiques",2018,,False,"Déduction de l'indemnité d'expatriation, émoluments, indemnités et autres avantages reçus par les salariés au titre de leur activité à l'étranger de l'assiette soumises à l'impôt sur le revenu des personnes physiques",Déduction
LF2021,111103804,irpp,Déduction,"Déduction de l'indemnité d'expatriation, émoluments, indemnités et autres avantages reçus par les salariés au titre de leur activité à l'étranger de l'assiette soumises à l'impôt sur le revenu des personnes physiques",2019,,False,"Déduction de l'indemnité d'expatriation, émoluments, indemnités et autres avantages reçus par les salariés au titre de leur activité à l'étranger de l'assiette soumises à l'impôt sur le revenu des personnes physiques",Déduction
LF2021,111103805,irpp,Déduction,Déduction des intérêts des comptes d'épargne pour les études ouverts auprès des banques par les parents au profit de leurs enfants de l'assiette soumises à l'impôt sur le revenu des personnes physiques,2017,,False,Déduction des intérêts des comptes d'épargne pour les études ouverts auprès des banques par les parents au profit de leurs enfants de l'assiette soumises à l'impôt sur le revenu des personnes physiques,Déduction
LF2021,111103805,irpp,Déduction,Déduction des intérêts des comptes d'épargne pour les études ouverts auprès des banques par les parents au profit de leurs enfants de l'assiette soumises à l'impôt sur le revenu des personnes physiques,2018,,False,Déduction des intérêts des comptes d'épargne pour les études ouverts auprès des banques par les parents au profit de leurs enfants de l'assiette soumises à l'impôt sur le revenu des personnes physiques,Déduction
LF2021,111103805,irpp,Déduction,Déduction des intérêts des comptes d'épargne pour les études ouverts auprès des banques par les parents au profit de leurs enfants de l'assiette soumises à l'impôt sur le revenu des personnes physiques,2019,,False,Déduction des intérêts des comptes d'épargne pour les études ouverts auprès des banques par les parents au profit de leurs enfants de l'assiette soumises à l'impôt sur le revenu des personnes physiques,Déduction
LF2021,111103806,irpp,Déduction,Déduction des cotisations payées par les employeurs dans le cadre des contrats collectifs assurance- vie et des contrats de capitalisation de l'assiette,2017,,False,Déduction des cotisations payées par les employeurs dans le cadre des contrats collectifs assurance- vie et des contrats de capitalisation de l'assiette,Déduction
LF2021,111103806,irpp,Déduction,Déduction des cotisations payées par les employeurs dans le cadre des contrats collectifs assurance- vie et des contrats de capitalisation de l'assiette,2018,,False,Déduction des cotisations payées par les employeurs dans le cadre des contrats collectifs assurance- vie et des contrats de capitalisation de l'assiette,Déduction
LF2021,111103806,irpp,Déduction,Déduction des cotisations payées par les employeurs dans le cadre des contrats collectifs assurance- vie et des contrats de capitalisation de l'assiette,2019,,False,Déduction des cotisations payées par les employeurs dans le cadre des contrats collectifs assurance- vie et des contrats de capitalisation de l'assiette,Déduction
LF2021,111103807,irpp,Déduction,"Déduction des intérêts des ""comptes épargne pour l’investissement"" de l'assiette soumises à l'impôt sur le revenu des personnes physiques",2017,,False,"Déduction des intérêts des ""comptes épargne pour l’investissement"" de l'assiette soumises à l'impôt sur le revenu des personnes physiques",Déduction
LF2021,111103807,irpp,Déduction,"Déduction des intérêts des ""comptes épargne pour l’investissement"" de l'assiette soumises à l'impôt sur le revenu des personnes physiques",2018,,False,"Déduction des intérêts des ""comptes épargne pour l’investissement"" de l'assiette soumises à l'impôt sur le revenu des personnes physiques",Déduction
LF2021,111103807,irpp,Déduction,"Déduction des intérêts des ""comptes épargne pour l’investissement"" de l'assiette soumises à l'impôt sur le revenu des personnes physiques",2019,,False,"Déduction des intérêts des ""comptes épargne pour l’investissement"" de l'assiette soumises à l'impôt sur le revenu des personnes physiques",Déduction
LF2021,111103808,irpp,Déduction,Déduction des sommes payées dans le cadre de l’exécution des contrats d’assurance de l'assiette soumises à l'impôt sur le revenu des personnes physiques,2017,,False,Déduction des sommes payées dans le cadre de l’exécution des contrats d’assurance de l'assiette soumises à l'impôt sur le revenu des personnes physiques,Déduction
LF2021,111103808,irpp,Déduction,Déduction des sommes payées dans le cadre de l’exécution des contrats d’assurance de l'assiette soumises à l'impôt sur le revenu des personnes physiques,2018,,False,Déduction des sommes payées dans le cadre de l’exécution des contrats d’assurance de l'assiette soumises à l'impôt sur le revenu des personnes physiques,Déduction
LF2021,111103808,irpp,Déduction,Déduction des sommes payées dans le cadre de l’exécution des contrats d’assurance de l'assiette soumises à l'impôt sur le revenu des personnes physiques,2019,,False,Déduction des sommes payées dans le cadre de l’exécution des contrats d’assurance de l'assiette soumises à l'impôt sur le revenu des personnes physiques,Déduction
LF2021,111103809,irpp,Déduction,Déduction de la plus-value sur cession des actions et des parts sociales de l'assiette soumises à l'impôt sur le revenu des personnes physiques,2017,0.159,True,Déduction de la plus-value sur cession des actions et des parts sociales de l'assiette soumises à l'impôt sur le revenu des personnes physiques,Déduction
LF2021,111103809,irpp,Déduction,Déduction de la plus-value sur cession des actions et des parts sociales de l'assiette soumises à l'impôt sur le revenu des personnes physiques,2018,0.121,True,Déduction de la plus-value sur cession des actions et des parts sociales de l'assiette soumises à l'impôt sur le revenu des personnes physiques,Déduction
LF2021,111103809,irpp,Déduction,Déduction de la plus-value sur cession des actions et des parts sociales de l'assiette soumises à l'impôt sur le revenu des personnes physiques,2019,0.006,True,Déduction de la plus-value sur cession des actions et des parts sociales de l'assiette soumises à l'impôt sur le revenu des personnes physiques,Déduction
LF2021,111103810,irpp,Déduction,Déduction des revenus provenant de la location des terres agricoles réservées aux grandes cultures de l'assiette soumises à l'impôt sur le revenu des personnes physiques,2017,0.0,True,Déduction des revenus provenant de la location des terres agricoles réservées aux grandes cultures de l'assiette soumises à l'impôt sur le revenu des personnes physiques,Déduction
LF2021,111103810,irpp,Déduction,Déduction des revenus provenant de la location des terres agricoles réservées aux grandes cultures de l'assiette soumises à l'impôt sur le revenu des personnes physiques,2018,0.0,True,Déduction des revenus provenant de la location des terres agricoles réservées aux grandes cultures de l'assiette soumises à l'impôt sur le revenu des personnes physiques,Déduction
LF2021,111103810,irpp,Déduction,Déduction des revenus provenant de la location des terres agricoles réservées aux grandes cultures de l'assiette soumises à l'impôt sur le revenu des personnes physiques,2019,0.0,True,Déduction des revenus provenant de la location des terres agricoles réservées aux grandes cultures de l'assiette soumises à l'impôt sur le revenu des personnes physiques,Déduction
LF2021,111103811,irpp,Déduction,Déduction des sommes provenant des jeux de paris mutuels sur les courses de chevaux et des concours de pronostics sportifs de l'assiette soumises à l'impôt sur le revenu des personnes physiques,2017,,False,Déduction des sommes provenant des jeux de paris mutuels sur les courses de chevaux et des concours de pronostics sportifs de l'assiette soumises à l'impôt sur le revenu des personnes physiques,Déduction
LF2021,111103811,irpp,Déduction,Déduction des sommes provenant des jeux de paris mutuels sur les courses de chevaux et des concours de pronostics sportifs de l'assiette soumises à l'impôt sur le revenu des personnes physiques,2018,,False,Déduction des sommes provenant des jeux de paris mutuels sur les courses de chevaux et des concours de pronostics sportifs de l'assiette soumises à l'impôt sur le revenu des personnes physiques,Déduction
LF2021,111103811,irpp,Déduction,Déduction des sommes provenant des jeux de paris mutuels sur les courses de chevaux et des concours de pronostics sportifs de l'assiette soumises à l'impôt sur le revenu des personnes physiques,2019,,False,Déduction des sommes provenant des jeux de paris mutuels sur les courses de chevaux et des concours de pronostics sportifs de l'assiette soumises à l'impôt sur le revenu des personnes physiques,Déduction
LF2021,111103901,irpp,Déduction,Déduction des primes afférentes aux contrats d'assurance vie individuels ou collectifs et des contrats de capitalisation de l'assiette soumises à l'impôt sur le revenu des personnes physiques,2017,,False,Déduction des primes afférentes aux contrats d'assurance vie individuels ou collectifs et des contrats de capitalisation de l'assiette soumises à l'impôt sur le revenu des personnes physiques,Déduction
LF2021,111103901,irpp,Déduction,Déduction des primes afférentes aux contrats d'assurance vie individuels ou collectifs et des contrats de capitalisation de l'assiette soumises à l'impôt sur le revenu des personnes physiques,2018,,False,Déduction des primes afférentes aux contrats d'assurance vie individuels ou collectifs et des contrats de capitalisation de l'assiette soumises à l'impôt sur le revenu des personnes physiques,Déduction
LF2021,111103901,irpp,Déduction,Déduction des primes afférentes aux contrats d'assurance vie individuels ou collectifs et des contrats de capitalisation de l'assiette soumises à l'impôt sur le revenu des personnes physiques,2019,,False,Déduction des primes afférentes aux contrats d'assurance vie individuels ou collectifs et des contrats de capitalisation de l'assiette soumises à l'impôt sur le revenu des personnes physiques,Déduction
LF2021,111103902,irpp,Déduction,Déduction des sommes payées au titre du remboursement des prêts universitaires en principal et en intérêts de l'assiette soumises à l'impôt sur le revenu des personnes physiques,2017,,False,Déduction des sommes payées au titre du remboursement des prêts universitaires en principal et en intérêts de l'assiette soumises à l'impôt sur le revenu des personnes physiques,Déduction
LF2021,111103902,irpp,Déduction,Déduction des sommes payées au titre du remboursement des prêts universitaires en principal et en intérêts de l'assiette soumises à l'impôt sur le revenu des personnes physiques,2018,,False,Déduction des sommes payées au titre du remboursement des prêts universitaires en principal et en intérêts de l'assiette soumises à l'impôt sur le revenu des personnes physiques,Déduction
LF2021,111103902,irpp,Déduction,Déduction des sommes payées au titre du remboursement des prêts universitaires en principal et en intérêts de l'assiette soumises à l'impôt sur le revenu des personnes physiques,2019,,False,Déduction des sommes payées au titre du remboursement des prêts universitaires en principal et en intérêts de l'assiette soumises à l'impôt sur le revenu des personnes physiques,Déduction
LF2021,111103903,irpp,Déduction,Déduction des intérêts payés au titre des prêts relatifs à l’acquisition ou à la construction d’un logement social de l'assiette soumises à l'impôt sur le revenu des personnes physiques,2017,,False,Déduction des intérêts payés au titre des prêts relatifs à l’acquisition ou à la construction d’un logement social de l'assiette soumises à l'impôt sur le revenu des personnes physiques,Déduction
LF2021,111103903,irpp,Déduction,Déduction des intérêts payés au titre des prêts relatifs à l’acquisition ou à la construction d’un logement social de l'assiette soumises à l'impôt sur le revenu des personnes physiques,2018,,False,Déduction des intérêts payés au titre des prêts relatifs à l’acquisition ou à la construction d’un logement social de l'assiette soumises à l'impôt sur le revenu des personnes physiques,Déduction
LF2021,111103903,irpp,Déduction,Déduction des intérêts payés au titre des prêts relatifs à l’acquisition ou à la construction d’un logement social de l'assiette soumises à l'impôt sur le revenu des personnes physiques,2019,,False,Déduction des intérêts payés au titre des prêts relatifs à l’acquisition ou à la construction d’un logement social de l'assiette soumises à l'impôt sur le revenu des personnes physiques,Déduction
LF2021,111103904,irpp,Déduction,Déduction des intérêts perçus par le contribuable au cours de l'année au titre des comptes spéciaux d'épargne de l'assiette,2017,,False,Déduction des intérêts perçus par le contribuable au cours de l'année au titre des comptes spéciaux d'épargne de l'assiette,Déduction
LF2021,111103904,irpp,Déduction,Déduction des intérêts perçus par le contribuable au cours de l'année au titre des comptes spéciaux d'épargne de l'assiette,2018,,False,Déduction des intérêts perçus par le contribuable au cours de l'année au titre des comptes spéciaux d'épargne de l'assiette,Déduction
LF2021,111103904,irpp,Déduction,Déduction des intérêts perçus par le contribuable au cours de l'année au titre des comptes spéciaux d'épargne de l'assiette,2019,,False,Déduction des intérêts perçus par le contribuable au cours de l'année au titre des comptes spéciaux d'épargne de l'assiette,Déduction
LF2021,111103905,irpp,Déduction,Déduction des revenus réalisés par les contribuables au titre de la location d'immeubles au profit des étudiants de l'assiette soumises à l'impôt sur le revenu des personnes physiques (10 ans),2017,0.191,True,Déduction des revenus réalisés par les contribuables au titre de la location d'immeubles au profit des étudiants de l'assiette soumises à l'impôt sur le revenu des personnes physiques (10 ans),Déduction
LF2021,111103905,irpp,Déduction,Déduction des revenus réalisés par les contribuables au titre de la location d'immeubles au profit des étudiants de l'assiette soumises à l'impôt sur le revenu des personnes physiques (10 ans),2018,0.174,True,Déduction des revenus réalisés par les contribuables au titre de la location d'immeubles au profit des étudiants de l'assiette soumises à l'impôt sur le revenu des personnes physiques (10 ans),Déduction
LF2021,111103905,irpp,Déduction,Déduction des revenus réalisés par les contribuables au titre de la location d'immeubles au profit des étudiants de l'assiette soumises à l'impôt sur le revenu des personnes physiques (10 ans),2019,0.009,True,Déduction des revenus réalisés par les contribuables au titre de la location d'immeubles au profit des étudiants de l'assiette soumises à l'impôt sur le revenu des personnes physiques (10 ans),Déduction
LF2021,111103906,irpp,Déduction,Déduction des revenus réalisés par les contribuables au titre de la restauration au profit des étudiants de l'assiette soumises à l'impôt sur le revenu des personnes physiques (10 ans),2017,0.0,True,Déduction des revenus réalisés par les contribuables au titre de la restauration au profit des étudiants de l'assiette soumises à l'impôt sur le revenu des personnes physiques (10 ans),Déduction
LF2021,111103906,irpp,Déduction,Déduction des revenus réalisés par les contribuables au titre de la restauration au profit des étudiants de l'assiette soumises à l'impôt sur le revenu des personnes physiques (10 ans),2018,0.0,True,Déduction des revenus réalisés par les contribuables au titre de la restauration au profit des étudiants de l'assiette soumises à l'impôt sur le revenu des personnes physiques (10 ans),Déduction
LF2021,111103906,irpp,Déduction,Déduction des revenus réalisés par les contribuables au titre de la restauration au profit des étudiants de l'assiette soumises à l'impôt sur le revenu des personnes physiques (10 ans),2019,0.0,True,Déduction des revenus réalisés par les contribuables au titre de la restauration au profit des étudiants de l'assiette soumises à l'impôt sur le revenu des personnes physiques (10 ans),Déduction
LF2021,111103907,irpp,Déduction,Déduction partielle des revenus provenant des opérations de courtage international de l'assiette soumises à l'impôt sur le revenu des personnes physiques (10 ans),2017,0.065,True,Déduction partielle des revenus provenant des opérations de courtage international de l'assiette soumises à l'impôt sur le revenu des personnes physiques (10 ans),Déduction
LF2021,111103907,irpp,Déduction,Déduction partielle des revenus provenant des opérations de courtage international de l'assiette soumises à l'impôt sur le revenu des personnes physiques (10 ans),2018,0.0,True,Déduction partielle des revenus provenant des opérations de courtage international de l'assiette soumises à l'impôt sur le revenu des personnes physiques (10 ans),Déduction
LF2021,111103907,irpp,Déduction,Déduction partielle des revenus provenant des opérations de courtage international de l'assiette soumises à l'impôt sur le revenu des personnes physiques (10 ans),2019,0.0,True,Déduction partielle des revenus provenant des opérations de courtage international de l'assiette soumises à l'impôt sur le revenu des personnes physiques (10 ans),Déduction
LF2021,111103908,irpp,Déduction,"Déduction des revenus provenant de la location des constructions verticales destinées à l'habitat collectif, social ou économique de l'assiette soumises à l'impôt sur le revenu des personnes physiques (10 ans)",2017,0.0,True,"Déduction des revenus provenant de la location des constructions verticales destinées à l'habitat collectif, social ou économique de l'assiette soumises à l'impôt sur le revenu des personnes physiques (10 ans)",Déduction
LF2021,111103908,irpp,Déduction,"Déduction des revenus provenant de la location des constructions verticales destinées à l'habitat collectif, social ou économique de l'assiette soumises à l'impôt sur le revenu des personnes physiques (10 ans)",2018,0.0,True,"Déduction des revenus provenant de la location des constructions verticales destinées à l'habitat collectif, social ou économique de l'assiette soumises à l'impôt sur le revenu des personnes physiques (10 ans)",Déduction
LF2021,111103908,irpp,Déduction,"Déduction des revenus provenant de la location des constructions verticales destinées à l'habitat collectif, social ou économique de l'assiette soumises à l'impôt sur le revenu des personnes physiques (10 ans)",2019,0.0,True,"Déduction des revenus provenant de la location des constructions verticales destinées à l'habitat collectif, social ou économique de l'assiette soumises à l'impôt sur le revenu des personnes physiques (10 ans)",Déduction
LF2021,111103909,irpp,Déduction,"Déduction des sommes déposées dans "" Comptes Epargnes en Actions"" de l'assiette soumises à l'impôt sur le revenu des personnes physiques",2017,24.631,True,"Déduction des sommes déposées dans "" Comptes Epargnes en Actions"" de l'assiette soumises à l'impôt sur le revenu des personnes physiques",Déduction
LF2021,111103909,irpp,Déduction,"Déduction des sommes déposées dans "" Comptes Epargnes en Actions"" de l'assiette soumises à l'impôt sur le revenu des personnes physiques",2018,28.257,True,"Déduction des sommes déposées dans "" Comptes Epargnes en Actions"" de l'assiette soumises à l'impôt sur le revenu des personnes physiques",Déduction
LF2021,111103909,irpp,Déduction,"Déduction des sommes déposées dans "" Comptes Epargnes en Actions"" de l'assiette soumises à l'impôt sur le revenu des personnes physiques",2019,2.578,True,"Déduction des sommes déposées dans "" Comptes Epargnes en Actions"" de l'assiette soumises à l'impôt sur le revenu des personnes physiques",Déduction
LF2021,111103910,irpp,Déduction,Les dons et subventions accordées au profit du Fonds National de l'Emploi de l'assiette soumises à l'impôt sur le revenu des personnes physiques,2017,,False,Les dons et subventions accordées au profit du Fonds National de l'Emploi de l'assiette soumises à l'impôt sur le revenu des personnes physiques,Déduction
LF2021,111103910,irpp,Déduction,Les dons et subventions accordées au profit du Fonds National de l'Emploi de l'assiette soumises à l'impôt sur le revenu des personnes physiques,2018,,False,Les dons et subventions accordées au profit du Fonds National de l'Emploi de l'assiette soumises à l'impôt sur le revenu des personnes physiques,Déduction
LF2021,111103910,irpp,Déduction,Les dons et subventions accordées au profit du Fonds National de l'Emploi de l'assiette soumises à l'impôt sur le revenu des personnes physiques,2019,,False,Les dons et subventions accordées au profit du Fonds National de l'Emploi de l'assiette soumises à l'impôt sur le revenu des personnes physiques,Déduction
LF2021,111103911,irpp,Déduction,Déduction partielle des revenus provenant de l'exploitation des bureaux d'encadrement et d'assistance fiscales de l'assiette soumises à l'impôt sur le revenu des personnes physiques(3 ans),2017,0.097,True,Déduction partielle des revenus provenant de l'exploitation des bureaux d'encadrement et d'assistance fiscales de l'assiette soumises à l'impôt sur le revenu des personnes physiques(3 ans),Déduction
LF2021,111103911,irpp,Déduction,Déduction partielle des revenus provenant de l'exploitation des bureaux d'encadrement et d'assistance fiscales de l'assiette soumises à l'impôt sur le revenu des personnes physiques(3 ans),2018,0.87,True,Déduction partielle des revenus provenant de l'exploitation des bureaux d'encadrement et d'assistance fiscales de l'assiette soumises à l'impôt sur le revenu des personnes physiques(3 ans),Déduction
LF2021,111103911,irpp,Déduction,Déduction partielle des revenus provenant de l'exploitation des bureaux d'encadrement et d'assistance fiscales de l'assiette soumises à l'impôt sur le revenu des personnes physiques(3 ans),2019,0.099,True,Déduction partielle des revenus provenant de l'exploitation des bureaux d'encadrement et d'assistance fiscales de l'assiette soumises à l'impôt sur le revenu des personnes physiques(3 ans),Déduction
LF2021,111103912,irpp,Déduction,"Déduction des sommes déposées dans des comptes intitulés "" comptes épargne pour l'investissement "" de l'assiette soumises à l'impôt sur le revenu des personnes physiques",2017,2.007,True,"Déduction des sommes déposées dans des comptes intitulés "" comptes épargne pour l'investissement "" de l'assiette soumises à l'impôt sur le revenu des personnes physiques",Déduction
LF2021,111103912,irpp,Déduction,"Déduction des sommes déposées dans des comptes intitulés "" comptes épargne pour l'investissement "" de l'assiette soumises à l'impôt sur le revenu des personnes physiques",2018,1.97,True,"Déduction des sommes déposées dans des comptes intitulés "" comptes épargne pour l'investissement "" de l'assiette soumises à l'impôt sur le revenu des personnes physiques",Déduction
LF2021,111103912,irpp,Déduction,"Déduction des sommes déposées dans des comptes intitulés "" comptes épargne pour l'investissement "" de l'assiette soumises à l'impôt sur le revenu des personnes physiques",2019,0.122,True,"Déduction des sommes déposées dans des comptes intitulés "" comptes épargne pour l'investissement "" de l'assiette soumises à l'impôt sur le revenu des personnes physiques",Déduction
LF2021,111103913,irpp,Déduction,Déduction des revenus réinvestis dans l'acquisition des parts de fonds d'amorçage et des parts des fonds communs de placement collectifs de l'assiette soumises à l'impôt sur le revenu des personnes physiques,2017,0.024,True,Déduction des revenus réinvestis dans l'acquisition des parts de fonds d'amorçage et des parts des fonds communs de placement collectifs de l'assiette soumises à l'impôt sur le revenu des personnes physiques,Déduction
LF2021,111103913,irpp,Déduction,Déduction des revenus réinvestis dans l'acquisition des parts de fonds d'amorçage et des parts des fonds communs de placement collectifs de l'assiette soumises à l'impôt sur le revenu des personnes physiques,2018,0.021,True,Déduction des revenus réinvestis dans l'acquisition des parts de fonds d'amorçage et des parts des fonds communs de placement collectifs de l'assiette soumises à l'impôt sur le revenu des personnes physiques,Déduction
LF2021,111103913,irpp,Déduction,Déduction des revenus réinvestis dans l'acquisition des parts de fonds d'amorçage et des parts des fonds communs de placement collectifs de l'assiette soumises à l'impôt sur le revenu des personnes physiques,2019,0.023,True,Déduction des revenus réinvestis dans l'acquisition des parts de fonds d'amorçage et des parts des fonds communs de placement collectifs de l'assiette soumises à l'impôt sur le revenu des personnes physiques,Déduction
LF2021,111103914,irpp,Déduction,Déduction des revenus réinvestis dans l'acquisition des entreprises en difficultés économiques dans le cadre du règlement judiciaire de l'assiette soumises à l'impôt sur le revenu des personnes physiques,2017,0.058,True,Déduction des revenus réinvestis dans l'acquisition des entreprises en difficultés économiques dans le cadre du règlement judiciaire de l'assiette soumises à l'impôt sur le revenu des personnes physiques,Déduction
LF2021,111103914,irpp,Déduction,Déduction des revenus réinvestis dans l'acquisition des entreprises en difficultés économiques dans le cadre du règlement judiciaire de l'assiette soumises à l'impôt sur le revenu des personnes physiques,2018,0.016,True,Déduction des revenus réinvestis dans l'acquisition des entreprises en difficultés économiques dans le cadre du règlement judiciaire de l'assiette soumises à l'impôt sur le revenu des personnes physiques,Déduction
LF2021,111103914,irpp,Déduction,Déduction des revenus réinvestis dans l'acquisition des entreprises en difficultés économiques dans le cadre du règlement judiciaire de l'assiette soumises à l'impôt sur le revenu des personnes physiques,2019,0.008,True,Déduction des revenus réinvestis dans l'acquisition des entreprises en difficultés économiques dans le cadre du règlement judiciaire de l'assiette soumises à l'impôt sur le revenu des personnes physiques,Déduction
LF2021,111103915,irpp,Déduction,Déduction des revenus provenant de l'exploitation des activités des petits et moyens entreprises de l'assiette soumises à l'impôt sur le revenu des personnes physiques (3 ans),2017,3.242,True,Déduction des revenus provenant de l'exploitation des activités des petits et moyens entreprises de l'assiette soumises à l'impôt sur le revenu des personnes physiques (3 ans),Déduction
LF2021,111103915,irpp,Déduction,Déduction des revenus provenant de l'exploitation des activités des petits et moyens entreprises de l'assiette soumises à l'impôt sur le revenu des personnes physiques (3 ans),2018,1.394,True,Déduction des revenus provenant de l'exploitation des activités des petits et moyens entreprises de l'assiette soumises à l'impôt sur le revenu des personnes physiques (3 ans),Déduction
LF2021,111103915,irpp,Déduction,Déduction des revenus provenant de l'exploitation des activités des petits et moyens entreprises de l'assiette soumises à l'impôt sur le revenu des personnes physiques (3 ans),2019,0.008,True,Déduction des revenus provenant de l'exploitation des activités des petits et moyens entreprises de l'assiette soumises à l'impôt sur le revenu des personnes physiques (3 ans),Déduction
LF2021,111104001,irpp,Déduction,Déduction par enfant poursuivant des études supérieures sans bénéfice de bourse de l'assiette soumises à l'impôt sur le revenu des personnes physiques,2017,,False,Déduction par enfant poursuivant des études supérieures sans bénéfice de bourse de l'assiette soumises à l'impôt sur le revenu des personnes physiques,Déduction
LF2021,111104001,irpp,Déduction,Déduction par enfant poursuivant des études supérieures sans bénéfice de bourse de l'assiette soumises à l'impôt sur le revenu des personnes physiques,2018,,False,Déduction par enfant poursuivant des études supérieures sans bénéfice de bourse de l'assiette soumises à l'impôt sur le revenu des personnes physiques,Déduction
LF2021,111104001,irpp,Déduction,Déduction par enfant poursuivant des études supérieures sans bénéfice de bourse de l'assiette soumises à l'impôt sur le revenu des personnes physiques,2019,,False,Déduction par enfant poursuivant des études supérieures sans bénéfice de bourse de l'assiette soumises à l'impôt sur le revenu des personnes physiques,Déduction
LF2021,111106301,irpp,Déduction,Déduction des revenus provenant des investissements directs réalisés dans les zones de développement régional de l'assiette soumises à l'impôt sur le revenu des personnes physiques (régime de 5 ans),2017,0.389,True,Déduction des revenus provenant des investissements directs réalisés dans les zones de développement régional de l'assiette soumises à l'impôt sur le revenu des personnes physiques (régime de 5 ans),Déduction
LF2021,111106301,irpp,Déduction,Déduction des revenus provenant des investissements directs réalisés dans les zones de développement régional de l'assiette soumises à l'impôt sur le revenu des personnes physiques (régime de 5 ans),2018,0.664,True,Déduction des revenus provenant des investissements directs réalisés dans les zones de développement régional de l'assiette soumises à l'impôt sur le revenu des personnes physiques (régime de 5 ans),Déduction
LF2021,111106301,irpp,Déduction,Déduction des revenus provenant des investissements directs réalisés dans les zones de développement régional de l'assiette soumises à l'impôt sur le revenu des personnes physiques (régime de 5 ans),2019,0.025,True,Déduction des revenus provenant des investissements directs réalisés dans les zones de développement régional de l'assiette soumises à l'impôt sur le revenu des personnes physiques (régime de 5 ans),Déduction
LF2021,111106303,irpp,Déduction,Déduction des revenus provenant des investissements directs réalisés dans les zones de développement régional de l'assiette soumises à l'impôt sur le revenu des personnes physiques (régime de 10 ans),2017,0.438,True,Déduction des revenus provenant des investissements directs réalisés dans les zones de développement régional de l'assiette soumises à l'impôt sur le revenu des personnes physiques (régime de 10 ans),Déduction
LF2021,111106303,irpp,Déduction,Déduction des revenus provenant des investissements directs réalisés dans les zones de développement régional de l'assiette soumises à l'impôt sur le revenu des personnes physiques (régime de 10 ans),2018,0.937,True,Déduction des revenus provenant des investissements directs réalisés dans les zones de développement régional de l'assiette soumises à l'impôt sur le revenu des personnes physiques (régime de 10 ans),Déduction
LF2021,111106303,irpp,Déduction,Déduction des revenus provenant des investissements directs réalisés dans les zones de développement régional de l'assiette soumises à l'impôt sur le revenu des personnes physiques (régime de 10 ans),2019,0.02,True,Déduction des revenus provenant des investissements directs réalisés dans les zones de développement régional de l'assiette soumises à l'impôt sur le revenu des personnes physiques (régime de 10 ans),Déduction
LF2021,111106501,irpp,Déduction,Déduction des revenus provenant des investissements directs dans le secteur de l’agriculture et de la pêche de l'assiette soumises à l'impôt sur le revenu des personnes physiques,2017,,False,Déduction des revenus provenant des investissements directs dans le secteur de l’agriculture et de la pêche de l'assiette soumises à l'impôt sur le revenu des personnes physiques,Déduction
LF2021,111106501,irpp,Déduction,Déduction des revenus provenant des investissements directs dans le secteur de l’agriculture et de la pêche de l'assiette soumises à l'impôt sur le revenu des personnes physiques,2018,,False,Déduction des revenus provenant des investissements directs dans le secteur de l’agriculture et de la pêche de l'assiette soumises à l'impôt sur le revenu des personnes physiques,Déduction
LF2021,111106501,irpp,Déduction,Déduction des revenus provenant des investissements directs dans le secteur de l’agriculture et de la pêche de l'assiette soumises à l'impôt sur le revenu des personnes physiques,2019,,False,Déduction des revenus provenant des investissements directs dans le secteur de l’agriculture et de la pêche de l'assiette soumises à l'impôt sur le revenu des personnes physiques,Déduction
LF2021,111107101,irpp,Déduction,Déduction d'une quote-part des revenus provenant des investissements réalisés par les entreprises nouvellement crées de,2017,1.816,True,Déduction d'une quote-part des revenus provenant des investissements réalisés par les entreprises nouvellement crées de,Déduction
LF2021,111107101,irpp,Déduction,Déduction d'une quote-part des revenus provenant des investissements réalisés par les entreprises nouvellement crées de,2018,2.768,True,Déduction d'une quote-part des revenus provenant des investissements réalisés par les entreprises nouvellement crées de,Déduction
LF2021,111107101,irpp,Déduction,Déduction d'une quote-part des revenus provenant des investissements réalisés par les entreprises nouvellement crées de,2019,0.567,True,Déduction d'une quote-part des revenus provenant des investissements réalisés par les entreprises nouvellement crées de,Déduction
LF2021,111107301,irpp,Déduction,Déduction des revenus réinvestis dans la souscription au capital initial des entreprises implantées dans les zones de développement régional de l'assiette soumises à l'impôt sur le revenu des personnes physiques,2017,3.562,True,Déduction des revenus réinvestis dans la souscription au capital initial des entreprises implantées dans les zones de développement régional de l'assiette soumises à l'impôt sur le revenu des personnes physiques,Déduction
LF2021,111107301,irpp,Déduction,Déduction des revenus réinvestis dans la souscription au capital initial des entreprises implantées dans les zones de développement régional de l'assiette soumises à l'impôt sur le revenu des personnes physiques,2018,4.81,True,Déduction des revenus réinvestis dans la souscription au capital initial des entreprises implantées dans les zones de développement régional de l'assiette soumises à l'impôt sur le revenu des personnes physiques,Déduction
LF2021,111107301,irpp,Déduction,Déduction des revenus réinvestis dans la souscription au capital initial des entreprises implantées dans les zones de développement régional de l'assiette soumises à l'impôt sur le revenu des personnes physiques,2019,0.212,True,Déduction des revenus réinvestis dans la souscription au capital initial des entreprises implantées dans les zones de développement régional de l'assiette soumises à l'impôt sur le revenu des personnes physiques,Déduction
LF2021,111107303,irpp,Déduction,Déduction des revenus réinvestis dans la souscription au capital initial des entreprises réalisant des investissements dans le secteur de l’agriculture et de la pêche de l'assiette soumises à l'impôt sur le revenu des personnes physiques,2017,1.687,True,Déduction des revenus réinvestis dans la souscription au capital initial des entreprises réalisant des investissements dans le secteur de l’agriculture et de la pêche de l'assiette soumises à l'impôt sur le revenu des personnes physiques,Déduction
LF2021,111107303,irpp,Déduction,Déduction des revenus réinvestis dans la souscription au capital initial des entreprises réalisant des investissements dans le secteur de l’agriculture et de la pêche de l'assiette soumises à l'impôt sur le revenu des personnes physiques,2018,2.652,True,Déduction des revenus réinvestis dans la souscription au capital initial des entreprises réalisant des investissements dans le secteur de l’agriculture et de la pêche de l'assiette soumises à l'impôt sur le revenu des personnes physiques,Déduction
LF2021,111107303,irpp,Déduction,Déduction des revenus réinvestis dans la souscription au capital initial des entreprises réalisant des investissements dans le secteur de l’agriculture et de la pêche de l'assiette soumises à l'impôt sur le revenu des personnes physiques,2019,0.137,True,Déduction des revenus réinvestis dans la souscription au capital initial des entreprises réalisant des investissements dans le secteur de l’agriculture et de la pêche de l'assiette soumises à l'impôt sur le revenu des personnes physiques,Déduction
LF2021,111107401,irpp,Déduction,Déduction des revenus réinvestis dans la souscription au capital initial des entreprises totalement exportatrices de l'assiette soumises à l'impôt sur le revenu des personnes physiques,2017,0.054,True,Déduction des revenus réinvestis dans la souscription au capital initial des entreprises totalement exportatrices de l'assiette soumises à l'impôt sur le revenu des personnes physiques,Déduction
LF2021,111107401,irpp,Déduction,Déduction des revenus réinvestis dans la souscription au capital initial des entreprises totalement exportatrices de l'assiette soumises à l'impôt sur le revenu des personnes physiques,2018,0.059,True,Déduction des revenus réinvestis dans la souscription au capital initial des entreprises totalement exportatrices de l'assiette soumises à l'impôt sur le revenu des personnes physiques,Déduction
LF2021,111107401,irpp,Déduction,Déduction des revenus réinvestis dans la souscription au capital initial des entreprises totalement exportatrices de l'assiette soumises à l'impôt sur le revenu des personnes physiques,2019,0.0,True,Déduction des revenus réinvestis dans la souscription au capital initial des entreprises totalement exportatrices de l'assiette soumises à l'impôt sur le revenu des personnes physiques,Déduction
LF2021,111107403,irpp,Déduction,Déduction des revenus réinvestis dans la souscription au capital initial des entreprises réalisant des investissements dans le domaine de la technologie ou sa maîtrise et des investissement d’innovation dans tous les secteurs économiques de l'assiette soumises à l'impôt sur le revenu des personnes physiques,2017,0.446,True,Déduction des revenus réinvestis dans la souscription au capital initial des entreprises réalisant des investissements dans le domaine de la technologie ou sa maîtrise et des investissement d’innovation dans tous les secteurs économiques de l'assiette soumises à l'impôt sur le revenu des personnes physiques,Déduction
LF2021,111107403,irpp,Déduction,Déduction des revenus réinvestis dans la souscription au capital initial des entreprises réalisant des investissements dans le domaine de la technologie ou sa maîtrise et des investissement d’innovation dans tous les secteurs économiques de l'assiette soumises à l'impôt sur le revenu des personnes physiques,2018,0.152,True,Déduction des revenus réinvestis dans la souscription au capital initial des entreprises réalisant des investissements dans le domaine de la technologie ou sa maîtrise et des investissement d’innovation dans tous les secteurs économiques de l'assiette soumises à l'impôt sur le revenu des personnes physiques,Déduction
LF2021,111107403,irpp,Déduction,Déduction des revenus réinvestis dans la souscription au capital initial des entreprises réalisant des investissements dans le domaine de la technologie ou sa maîtrise et des investissement d’innovation dans tous les secteurs économiques de l'assiette soumises à l'impôt sur le revenu des personnes physiques,2019,0.0,True,Déduction des revenus réinvestis dans la souscription au capital initial des entreprises réalisant des investissements dans le domaine de la technologie ou sa maîtrise et des investissement d’innovation dans tous les secteurs économiques de l'assiette soumises à l'impôt sur le revenu des personnes physiques,Déduction
LF2021,111107601,irpp,Déduction,Déduction des revenus réinvestis dans la souscription au capital initial des entreprises créées par les jeunes diplômés de l'enseignement supérieur de l'assiette soumises à l'impôt sur le revenu des personnes physiques,2017,0.119,True,Déduction des revenus réinvestis dans la souscription au capital initial des entreprises créées par les jeunes diplômés de l'enseignement supérieur de l'assiette soumises à l'impôt sur le revenu des personnes physiques,Déduction
LF2021,111107601,irpp,Déduction,Déduction des revenus réinvestis dans la souscription au capital initial des entreprises créées par les jeunes diplômés de l'enseignement supérieur de l'assiette soumises à l'impôt sur le revenu des personnes physiques,2018,0.128,True,Déduction des revenus réinvestis dans la souscription au capital initial des entreprises créées par les jeunes diplômés de l'enseignement supérieur de l'assiette soumises à l'impôt sur le revenu des personnes physiques,Déduction
LF2021,111107601,irpp,Déduction,Déduction des revenus réinvestis dans la souscription au capital initial des entreprises créées par les jeunes diplômés de l'enseignement supérieur de l'assiette soumises à l'impôt sur le revenu des personnes physiques,2019,0.004,True,Déduction des revenus réinvestis dans la souscription au capital initial des entreprises créées par les jeunes diplômés de l'enseignement supérieur de l'assiette soumises à l'impôt sur le revenu des personnes physiques,Déduction
LF2021,111107701,irpp,Déduction,Déduction des revenus souscrits au capital des sociétés d'investissement à capital risque ou placés auprès d'elles sous forme de fonds à capital risque ou aux parts des fonds communs de placement à risque qui emploient le capital souscrit et libéré ou les montants déposés sous forme de fonds à capital risque dans la souscription aux actions ou aux parts sociales ou aux obligations,2017,0.475,True,Déduction des revenus souscrits au capital des sociétés d'investissement à capital risque ou placés auprès d'elles sous forme de fonds à capital risque ou aux parts des fonds communs de placement à risque qui emploient le capital souscrit et libéré ou les montants déposés sous forme de fonds à capital risque dans la souscription aux actions ou aux parts sociales ou aux obligations,Déduction
LF2021,111107701,irpp,Déduction,Déduction des revenus souscrits au capital des sociétés d'investissement à capital risque ou placés auprès d'elles sous forme de fonds à capital risque ou aux parts des fonds communs de placement à risque qui emploient le capital souscrit et libéré ou les montants déposés sous forme de fonds à capital risque dans la souscription aux actions ou aux parts sociales ou aux obligations,2018,0.216,True,Déduction des revenus souscrits au capital des sociétés d'investissement à capital risque ou placés auprès d'elles sous forme de fonds à capital risque ou aux parts des fonds communs de placement à risque qui emploient le capital souscrit et libéré ou les montants déposés sous forme de fonds à capital risque dans la souscription aux actions ou aux parts sociales ou aux obligations,Déduction
LF2021,111107701,irpp,Déduction,Déduction des revenus souscrits au capital des sociétés d'investissement à capital risque ou placés auprès d'elles sous forme de fonds à capital risque ou aux parts des fonds communs de placement à risque qui emploient le capital souscrit et libéré ou les montants déposés sous forme de fonds à capital risque dans la souscription aux actions ou aux parts sociales ou aux obligations,2019,0.009,True,Déduction des revenus souscrits au capital des sociétés d'investissement à capital risque ou placés auprès d'elles sous forme de fonds à capital risque ou aux parts des fonds communs de placement à risque qui emploient le capital souscrit et libéré ou les montants déposés sous forme de fonds à capital risque dans la souscription aux actions ou aux parts sociales ou aux obligations,Déduction
LF2021,111107703,irpp,Déduction,Déduction des revenus souscrits au capital des sociétés d'investissement à capital risque ou placés auprès d'elles sous forme de fonds à capital risque ou aux parts des fonds communs de placement à risque qui emploient le capital souscrit et libéré ou les montants déposés sous forme de fonds à capital risque dans la souscription aux actions ou aux parts sociales ou aux obligations convertibles en actions émises par les entreprises réalisant des investissements dans le secteur de l’agriculture et de la pêche et les entreprises implantées dans les zones de développement régional de l'assiette soumises à l'impôt sur le revenu des personnes physiques,2017,0.162,True,Déduction des revenus souscrits au capital des sociétés d'investissement à capital risque ou placés auprès d'elles sous forme de fonds à capital risque ou aux parts des fonds communs de placement à risque qui emploient le capital souscrit et libéré ou les montants déposés sous forme de fonds à capital risque dans la souscription aux actions ou aux parts sociales ou aux obligations convertibles en actions émises par les entreprises réalisant des investissements dans le secteur de l’agriculture et de la pêche et les entreprises implantées dans les zones de développement régional de l'assiette soumises à l'impôt sur le revenu des personnes physiques,Déduction
LF2021,111107703,irpp,Déduction,Déduction des revenus souscrits au capital des sociétés d'investissement à capital risque ou placés auprès d'elles sous forme de fonds à capital risque ou aux parts des fonds communs de placement à risque qui emploient le capital souscrit et libéré ou les montants déposés sous forme de fonds à capital risque dans la souscription aux actions ou aux parts sociales ou aux obligations convertibles en actions émises par les entreprises réalisant des investissements dans le secteur de l’agriculture et de la pêche et les entreprises implantées dans les zones de développement régional de l'assiette soumises à l'impôt sur le revenu des personnes physiques,2018,0.184,True,Déduction des revenus souscrits au capital des sociétés d'investissement à capital risque ou placés auprès d'elles sous forme de fonds à capital risque ou aux parts des fonds communs de placement à risque qui emploient le capital souscrit et libéré ou les montants déposés sous forme de fonds à capital risque dans la souscription aux actions ou aux parts sociales ou aux obligations convertibles en actions émises par les entreprises réalisant des investissements dans le secteur de l’agriculture et de la pêche et les entreprises implantées dans les zones de développement régional de l'assiette soumises à l'impôt sur le revenu des personnes physiques,Déduction
LF2021,111107703,irpp,Déduction,Déduction des revenus souscrits au capital des sociétés d'investissement à capital risque ou placés auprès d'elles sous forme de fonds à capital risque ou aux parts des fonds communs de placement à risque qui emploient le capital souscrit et libéré ou les montants déposés sous forme de fonds à capital risque dans la souscription aux actions ou aux parts sociales ou aux obligations convertibles en actions émises par les entreprises réalisant des investissements dans le secteur de l’agriculture et de la pêche et les entreprises implantées dans les zones de développement régional de l'assiette soumises à l'impôt sur le revenu des personnes physiques,2019,0.004,True,Déduction des revenus souscrits au capital des sociétés d'investissement à capital risque ou placés auprès d'elles sous forme de fonds à capital risque ou aux parts des fonds communs de placement à risque qui emploient le capital souscrit et libéré ou les montants déposés sous forme de fonds à capital risque dans la souscription aux actions ou aux parts sociales ou aux obligations convertibles en actions émises par les entreprises réalisant des investissements dans le secteur de l’agriculture et de la pêche et les entreprises implantées dans les zones de développement régional de l'assiette soumises à l'impôt sur le revenu des personnes physiques,Déduction
LF2021,111601201,irpp,Déduction,Déduction des revenus provenant de l'activité des entreprises totalement exportatrices de l'assiette soumises à l'impôt sur le revenu des personnes physiques (100% & 50%),2017,8.892,True,Déduction des revenus provenant de l'activité des entreprises totalement exportatrices de l'assiette soumises à l'impôt sur le revenu des personnes physiques (100% & 50%),Déduction
LF2021,111601201,irpp,Déduction,Déduction des revenus provenant de l'activité des entreprises totalement exportatrices de l'assiette soumises à l'impôt sur le revenu des personnes physiques (100% & 50%),2018,9.401,True,Déduction des revenus provenant de l'activité des entreprises totalement exportatrices de l'assiette soumises à l'impôt sur le revenu des personnes physiques (100% & 50%),Déduction
LF2021,111601201,irpp,Déduction,Déduction des revenus provenant de l'activité des entreprises totalement exportatrices de l'assiette soumises à l'impôt sur le revenu des personnes physiques (100% & 50%),2019,0.845,True,Déduction des revenus provenant de l'activité des entreprises totalement exportatrices de l'assiette soumises à l'impôt sur le revenu des personnes physiques (100% & 50%),Déduction
LF2021,111602203,irpp,Déduction,Déduction des revenus provenant de l'activité des entreprises partiellement exportatrices de l'assiette soumises à l'impôt sur le revenu des personnes physiques,2017,3.411,True,Déduction des revenus provenant de l'activité des entreprises partiellement exportatrices de l'assiette soumises à l'impôt sur le revenu des personnes physiques,Déduction
LF2021,111602203,irpp,Déduction,Déduction des revenus provenant de l'activité des entreprises partiellement exportatrices de l'assiette soumises à l'impôt sur le revenu des personnes physiques,2018,4.19,True,Déduction des revenus provenant de l'activité des entreprises partiellement exportatrices de l'assiette soumises à l'impôt sur le revenu des personnes physiques,Déduction
LF2021,111602203,irpp,Déduction,Déduction des revenus provenant de l'activité des entreprises partiellement exportatrices de l'assiette soumises à l'impôt sur le revenu des personnes physiques,2019,0.214,True,Déduction des revenus provenant de l'activité des entreprises partiellement exportatrices de l'assiette soumises à l'impôt sur le revenu des personnes physiques,Déduction
LF2021,111602301,irpp,Déduction,Déduction des revenus provenant de l'activité des entreprises implantées dans les zones de développement régional de l'assiette soumises à l'impôt sur le revenu des personnes physiques,2017,3.14,True,Déduction des revenus provenant de l'activité des entreprises implantées dans les zones de développement régional de l'assiette soumises à l'impôt sur le revenu des personnes physiques,Déduction
LF2021,111602301,irpp,Déduction,Déduction des revenus provenant de l'activité des entreprises implantées dans les zones de développement régional de l'assiette soumises à l'impôt sur le revenu des personnes physiques,2018,3.081,True,Déduction des revenus provenant de l'activité des entreprises implantées dans les zones de développement régional de l'assiette soumises à l'impôt sur le revenu des personnes physiques,Déduction
LF2021,111602301,irpp,Déduction,Déduction des revenus provenant de l'activité des entreprises implantées dans les zones de développement régional de l'assiette soumises à l'impôt sur le revenu des personnes physiques,2019,0.062,True,Déduction des revenus provenant de l'activité des entreprises implantées dans les zones de développement régional de l'assiette soumises à l'impôt sur le revenu des personnes physiques,Déduction
LF2021,111603001,irpp,Déduction,Déduction des revenus provenant des investissements directs dans le secteur de l’agriculture et de la pêche de l'assiette soumises à l'impôt sur le revenu des personnes physiques,2017,10.219,True,Déduction des revenus provenant des investissements directs dans le secteur de l’agriculture et de la pêche de l'assiette soumises à l'impôt sur le revenu des personnes physiques,Déduction
LF2021,111603001,irpp,Déduction,Déduction des revenus provenant des investissements directs dans le secteur de l’agriculture et de la pêche de l'assiette soumises à l'impôt sur le revenu des personnes physiques,2018,11.387,True,Déduction des revenus provenant des investissements directs dans le secteur de l’agriculture et de la pêche de l'assiette soumises à l'impôt sur le revenu des personnes physiques,Déduction
LF2021,111603001,irpp,Déduction,Déduction des revenus provenant des investissements directs dans le secteur de l’agriculture et de la pêche de l'assiette soumises à l'impôt sur le revenu des personnes physiques,2019,1.7,True,Déduction des revenus provenant des investissements directs dans le secteur de l’agriculture et de la pêche de l'assiette soumises à l'impôt sur le revenu des personnes physiques,Déduction
LF2021,111604701,irpp,Déduction,Déduction de 20% des revenus provenant de l'activité des Petits & Moyens Entreprises de l'assiette soumises à l'impôt sur le revenu des personnes physiques (5 ans),2017,,False,Déduction de 20% des revenus provenant de l'activité des Petits & Moyens Entreprises de l'assiette soumises à l'impôt sur le revenu des personnes physiques (5 ans),Déduction
LF2021,111604701,irpp,Déduction,Déduction de 20% des revenus provenant de l'activité des Petits & Moyens Entreprises de l'assiette soumises à l'impôt sur le revenu des personnes physiques (5 ans),2018,,False,Déduction de 20% des revenus provenant de l'activité des Petits & Moyens Entreprises de l'assiette soumises à l'impôt sur le revenu des personnes physiques (5 ans),Déduction
LF2021,111604701,irpp,Déduction,Déduction de 20% des revenus provenant de l'activité des Petits & Moyens Entreprises de l'assiette soumises à l'impôt sur le revenu des personnes physiques (5 ans),2019,,False,Déduction de 20% des revenus provenant de l'activité des Petits & Moyens Entreprises de l'assiette soumises à l'impôt sur le revenu des personnes physiques (5 ans),Déduction
LF2021,111605601,irpp,Déduction,Déduction des revenus provenant des investissements réalisés par les entreprises qui gèrent une zone portuaire réservée au tourisme de croisière de l'assiette soumises à l'impôt sur le revenu des personnes physiques (20 ans),2017,0.003,True,Déduction des revenus provenant des investissements réalisés par les entreprises qui gèrent une zone portuaire réservée au tourisme de croisière de l'assiette soumises à l'impôt sur le revenu des personnes physiques (20 ans),Déduction
LF2021,111605601,irpp,Déduction,Déduction des revenus provenant des investissements réalisés par les entreprises qui gèrent une zone portuaire réservée au tourisme de croisière de l'assiette soumises à l'impôt sur le revenu des personnes physiques (20 ans),2018,0.0,True,Déduction des revenus provenant des investissements réalisés par les entreprises qui gèrent une zone portuaire réservée au tourisme de croisière de l'assiette soumises à l'impôt sur le revenu des personnes physiques (20 ans),Déduction
LF2021,111605601,irpp,Déduction,Déduction des revenus provenant des investissements réalisés par les entreprises qui gèrent une zone portuaire réservée au tourisme de croisière de l'assiette soumises à l'impôt sur le revenu des personnes physiques (20 ans),2019,0.0,True,Déduction des revenus provenant des investissements réalisés par les entreprises qui gèrent une zone portuaire réservée au tourisme de croisière de l'assiette soumises à l'impôt sur le revenu des personnes physiques (20 ans),Déduction
LF2021,113000410,irpp,Exonération,Exonération des revenus provenant des ventes de déchets pour recyclage,2017,,False,Exonération des revenus provenant des ventes de déchets pour recyclage,Exonération
LF2021,113000410,irpp,Exonération,Exonération des revenus provenant des ventes de déchets pour recyclage,2018,,False,Exonération des revenus provenant des ventes de déchets pour recyclage,Exonération
LF2021,113000410,irpp,Exonération,Exonération des revenus provenant des ventes de déchets pour recyclage,2019,,False,Exonération des revenus provenant des ventes de déchets pour recyclage,Exonération
LF2021,113001501,irpp,Exonération,"Exonération de l'impôt sur le revenu les entreprises crées et ayant une attestation de dépôt de déclaration d’investissement au cours des années 2018, 2019 et 2020 (4 ans)",2017,,False,"Exonération de l'impôt sur le revenu les entreprises crées et ayant une attestation de dépôt de déclaration d’investissement au cours des années 2018, 2019 et 2020 (4 ans)",Exonération
LF2021,113001501,irpp,Exonération,"Exonération de l'impôt sur le revenu les entreprises crées et ayant une attestation de dépôt de déclaration d’investissement au cours des années 2018, 2019 et 2020 (4 ans)",2018,,False,"Exonération de l'impôt sur le revenu les entreprises crées et ayant une attestation de dépôt de déclaration d’investissement au cours des années 2018, 2019 et 2020 (4 ans)",Exonération
LF2021,113001501,irpp,Exonération,"Exonération de l'impôt sur le revenu les entreprises crées et ayant une attestation de dépôt de déclaration d’investissement au cours des années 2018, 2019 et 2020 (4 ans)",2019,,False,"Exonération de l'impôt sur le revenu les entreprises crées et ayant une attestation de dépôt de déclaration d’investissement au cours des années 2018, 2019 et 2020 (4 ans)",Exonération
LF2021,113605101,irpp,Exonération,Exonération de l’impôt sur le revenu des personnes physiques au titre des revenus provenant de la réalisation de zones industrielles (5 ans),2017,,False,Exonération de l’impôt sur le revenu des personnes physiques au titre des revenus provenant de la réalisation de zones industrielles (5 ans),Exonération
LF2021,113605101,irpp,Exonération,Exonération de l’impôt sur le revenu des personnes physiques au titre des revenus provenant de la réalisation de zones industrielles (5 ans),2018,,False,Exonération de l’impôt sur le revenu des personnes physiques au titre des revenus provenant de la réalisation de zones industrielles (5 ans),Exonération
LF2021,113605101,irpp,Exonération,Exonération de l’impôt sur le revenu des personnes physiques au titre des revenus provenant de la réalisation de zones industrielles (5 ans),2019,,False,Exonération de l’impôt sur le revenu des personnes physiques au titre des revenus provenant de la réalisation de zones industrielles (5 ans),Exonération
LF2021,113605201,irpp,Exonération,Exonération des revenus au titre des investissements réalisés dans les activités prometteuses et ayant un taux d'intégration élevé (5 ans),2017,,False,Exonération des revenus au titre des investissements réalisés dans les activités prometteuses et ayant un taux d'intégration élevé (5 ans),Exonération
LF2021,113605201,irpp,Exonération,Exonération des revenus au titre des investissements réalisés dans les activités prometteuses et ayant un taux d'intégration élevé (5 ans),2018,,False,Exonération des revenus au titre des investissements réalisés dans les activités prometteuses et ayant un taux d'intégration élevé (5 ans),Exonération
LF2021,113605201,irpp,Exonération,Exonération des revenus au titre des investissements réalisés dans les activités prometteuses et ayant un taux d'intégration élevé (5 ans),2019,,False,Exonération des revenus au titre des investissements réalisés dans les activités prometteuses et ayant un taux d'intégration élevé (5 ans),Exonération
LF2021,121000302,is,Réduction,Réduction d'impôt au titre des bénéfices réinvestis dans la souscription au capital initial ou à son augmentation des Etablissements Publics,2017,0.0,True,Réduction d'impôt au titre des bénéfices réinvestis dans la souscription au capital initial ou à son augmentation des Etablissements Publics,Réduction
LF2021,121000302,is,Réduction,Réduction d'impôt au titre des bénéfices réinvestis dans la souscription au capital initial ou à son augmentation des Etablissements Publics,2018,0.0,True,Réduction d'impôt au titre des bénéfices réinvestis dans la souscription au capital initial ou à son augmentation des Etablissements Publics,Réduction
LF2021,121000302,is,Réduction,Réduction d'impôt au titre des bénéfices réinvestis dans la souscription au capital initial ou à son augmentation des Etablissements Publics,2019,0.0,True,Réduction d'impôt au titre des bénéfices réinvestis dans la souscription au capital initial ou à son augmentation des Etablissements Publics,Réduction
LF2021,121000303,is,Exonération,Exonération des bénéfices réalisés par les Etablissements Publics de l'impôt sur les sociétés,2017,0.272,True,Exonération des bénéfices réalisés par les Etablissements Publics de l'impôt sur les sociétés,Exonération
LF2021,121000303,is,Exonération,Exonération des bénéfices réalisés par les Etablissements Publics de l'impôt sur les sociétés,2018,0.0,True,Exonération des bénéfices réalisés par les Etablissements Publics de l'impôt sur les sociétés,Exonération
LF2021,121000303,is,Exonération,Exonération des bénéfices réalisés par les Etablissements Publics de l'impôt sur les sociétés,2019,0.009,True,Exonération des bénéfices réalisés par les Etablissements Publics de l'impôt sur les sociétés,Exonération
LF2021,121000402,is,Déduction,Déduction des bénéfices provenant de l'activité des entreprises implantées dans les Parcs d'Activité Economiques de l'assiette soumises à l'impôt sur les sociétés,2017,3.226,True,Déduction des bénéfices provenant de l'activité des entreprises implantées dans les Parcs d'Activité Economiques de l'assiette soumises à l'impôt sur les sociétés,Déduction
LF2021,121000402,is,Déduction,Déduction des bénéfices provenant de l'activité des entreprises implantées dans les Parcs d'Activité Economiques de l'assiette soumises à l'impôt sur les sociétés,2018,3.623,True,Déduction des bénéfices provenant de l'activité des entreprises implantées dans les Parcs d'Activité Economiques de l'assiette soumises à l'impôt sur les sociétés,Déduction
LF2021,121000402,is,Déduction,Déduction des bénéfices provenant de l'activité des entreprises implantées dans les Parcs d'Activité Economiques de l'assiette soumises à l'impôt sur les sociétés,2019,0.897,True,Déduction des bénéfices provenant de l'activité des entreprises implantées dans les Parcs d'Activité Economiques de l'assiette soumises à l'impôt sur les sociétés,Déduction
LF2021,121000404,is,Déduction,Déduction des bénéfices réinvestis dans la souscription au capital initial ou à son augmentation des entreprises implantées dans les Parcs d'Activité Economiques de l'assiette soumises à l'impôt sur les sociétés,2017,0.0,True,Déduction des bénéfices réinvestis dans la souscription au capital initial ou à son augmentation des entreprises implantées dans les Parcs d'Activité Economiques de l'assiette soumises à l'impôt sur les sociétés,Déduction
LF2021,121000404,is,Déduction,Déduction des bénéfices réinvestis dans la souscription au capital initial ou à son augmentation des entreprises implantées dans les Parcs d'Activité Economiques de l'assiette soumises à l'impôt sur les sociétés,2018,0.0,True,Déduction des bénéfices réinvestis dans la souscription au capital initial ou à son augmentation des entreprises implantées dans les Parcs d'Activité Economiques de l'assiette soumises à l'impôt sur les sociétés,Déduction
LF2021,121000404,is,Déduction,Déduction des bénéfices réinvestis dans la souscription au capital initial ou à son augmentation des entreprises implantées dans les Parcs d'Activité Economiques de l'assiette soumises à l'impôt sur les sociétés,2019,0.0,True,Déduction des bénéfices réinvestis dans la souscription au capital initial ou à son augmentation des entreprises implantées dans les Parcs d'Activité Economiques de l'assiette soumises à l'impôt sur les sociétés,Déduction
LF2021,121000502,is,Déduction,Déduction de 50% des dépenses de travaux d'amélioration effectués par les propriétaires portant sur des monuments historiques de l'assiette soumises à l'impôt sur les sociétés,2017,,False,Déduction de 50% des dépenses de travaux d'amélioration effectués par les propriétaires portant sur des monuments historiques de l'assiette soumises à l'impôt sur les sociétés,Déduction
LF2021,121000502,is,Déduction,Déduction de 50% des dépenses de travaux d'amélioration effectués par les propriétaires portant sur des monuments historiques de l'assiette soumises à l'impôt sur les sociétés,2018,,False,Déduction de 50% des dépenses de travaux d'amélioration effectués par les propriétaires portant sur des monuments historiques de l'assiette soumises à l'impôt sur les sociétés,Déduction
LF2021,121000502,is,Déduction,Déduction de 50% des dépenses de travaux d'amélioration effectués par les propriétaires portant sur des monuments historiques de l'assiette soumises à l'impôt sur les sociétés,2019,,False,Déduction de 50% des dépenses de travaux d'amélioration effectués par les propriétaires portant sur des monuments historiques de l'assiette soumises à l'impôt sur les sociétés,Déduction
LF2021,121000602,is,Déduction,Déduction de 50% des bénéfices provenant de l'activité des établissements de santé prêtant la totalité de leurs services au profit des non-résidents de l'assiette soumises à l'impôt sur les sociétés,2017,0.0,True,Déduction de 50% des bénéfices provenant de l'activité des établissements de santé prêtant la totalité de leurs services au profit des non-résidents de l'assiette soumises à l'impôt sur les sociétés,Déduction
LF2021,121000602,is,Déduction,Déduction de 50% des bénéfices provenant de l'activité des établissements de santé prêtant la totalité de leurs services au profit des non-résidents de l'assiette soumises à l'impôt sur les sociétés,2018,0.0,True,Déduction de 50% des bénéfices provenant de l'activité des établissements de santé prêtant la totalité de leurs services au profit des non-résidents de l'assiette soumises à l'impôt sur les sociétés,Déduction
LF2021,121000602,is,Déduction,Déduction de 50% des bénéfices provenant de l'activité des établissements de santé prêtant la totalité de leurs services au profit des non-résidents de l'assiette soumises à l'impôt sur les sociétés,2019,0.0,True,Déduction de 50% des bénéfices provenant de l'activité des établissements de santé prêtant la totalité de leurs services au profit des non-résidents de l'assiette soumises à l'impôt sur les sociétés,Déduction
LF2021,121000604,is,Déduction,Déduction des bénéfices réinvestis dans la souscription au capital initial ou à son augmentation des établissements de santé prêtant la totalité de leurs services au profit des non-résidents de l'assiette soumises à l'impôt sur les sociétés,2017,,False,Déduction des bénéfices réinvestis dans la souscription au capital initial ou à son augmentation des établissements de santé prêtant la totalité de leurs services au profit des non-résidents de l'assiette soumises à l'impôt sur les sociétés,Déduction
LF2021,121000604,is,Déduction,Déduction des bénéfices réinvestis dans la souscription au capital initial ou à son augmentation des établissements de santé prêtant la totalité de leurs services au profit des non-résidents de l'assiette soumises à l'impôt sur les sociétés,2018,,False,Déduction des bénéfices réinvestis dans la souscription au capital initial ou à son augmentation des établissements de santé prêtant la totalité de leurs services au profit des non-résidents de l'assiette soumises à l'impôt sur les sociétés,Déduction
LF2021,121000604,is,Déduction,Déduction des bénéfices réinvestis dans la souscription au capital initial ou à son augmentation des établissements de santé prêtant la totalité de leurs services au profit des non-résidents de l'assiette soumises à l'impôt sur les sociétés,2019,,False,Déduction des bénéfices réinvestis dans la souscription au capital initial ou à son augmentation des établissements de santé prêtant la totalité de leurs services au profit des non-résidents de l'assiette soumises à l'impôt sur les sociétés,Déduction
LF2021,121001401,is,Déduction,Déduction des bénéfices provenant des projets d'intérêt national (10 ans) de la base de l'impôt sur les sociétés,2017,0.0,True,Déduction des bénéfices provenant des projets d'intérêt national (10 ans) de la base de l'impôt sur les sociétés,Déduction
LF2021,121001401,is,Déduction,Déduction des bénéfices provenant des projets d'intérêt national (10 ans) de la base de l'impôt sur les sociétés,2018,0.0,True,Déduction des bénéfices provenant des projets d'intérêt national (10 ans) de la base de l'impôt sur les sociétés,Déduction
LF2021,121001401,is,Déduction,Déduction des bénéfices provenant des projets d'intérêt national (10 ans) de la base de l'impôt sur les sociétés,2019,0.0,True,Déduction des bénéfices provenant des projets d'intérêt national (10 ans) de la base de l'impôt sur les sociétés,Déduction
LF2021,121001602,is,Déduction,Déduction des bénéfices réinvestis dans la souscription au capital initial ou à son augmentation des Entreprises Innovantes (Startups) de la base de l'impôt sur les sociétés,2017,,False,Déduction des bénéfices réinvestis dans la souscription au capital initial ou à son augmentation des Entreprises Innovantes (Startups) de la base de l'impôt sur les sociétés,Déduction
LF2021,121001602,is,Déduction,Déduction des bénéfices réinvestis dans la souscription au capital initial ou à son augmentation des Entreprises Innovantes (Startups) de la base de l'impôt sur les sociétés,2018,,False,Déduction des bénéfices réinvestis dans la souscription au capital initial ou à son augmentation des Entreprises Innovantes (Startups) de la base de l'impôt sur les sociétés,Déduction
LF2021,121001602,is,Déduction,Déduction des bénéfices réinvestis dans la souscription au capital initial ou à son augmentation des Entreprises Innovantes (Startups) de la base de l'impôt sur les sociétés,2019,0.0,True,Déduction des bénéfices réinvestis dans la souscription au capital initial ou à son augmentation des Entreprises Innovantes (Startups) de la base de l'impôt sur les sociétés,Déduction
LF2021,121001604,is,Déduction,"Déduction des bénéfices réinvestis dans la souscription au capital des sociétés d’investissement à capital risque, ou placés auprès d'elles sous forme de fonds à capital risque, de fonds collectifs de placement à risque, de fonds d’amorçage ou de tout autre organisme d’investissement , qui s’engagent à employer 65% au moins du capital libéré ou de tout montant mis à leur disposition ou des parts libérées, dans la participation au capital des Startups de la base de l'impôt sur les sociétés",2017,,False,"Déduction des bénéfices réinvestis dans la souscription au capital des sociétés d’investissement à capital risque, ou placés auprès d'elles sous forme de fonds à capital risque, de fonds collectifs de placement à risque, de fonds d’amorçage ou de tout autre organisme d’investissement , qui s’engagent à employer 65% au moins du capital libéré ou de tout montant mis à leur disposition ou des parts libérées, dans la participation au capital des Startups de la base de l'impôt sur les sociétés",Déduction
LF2021,121001604,is,Déduction,"Déduction des bénéfices réinvestis dans la souscription au capital des sociétés d’investissement à capital risque, ou placés auprès d'elles sous forme de fonds à capital risque, de fonds collectifs de placement à risque, de fonds d’amorçage ou de tout autre organisme d’investissement , qui s’engagent à employer 65% au moins du capital libéré ou de tout montant mis à leur disposition ou des parts libérées, dans la participation au capital des Startups de la base de l'impôt sur les sociétés",2018,,False,"Déduction des bénéfices réinvestis dans la souscription au capital des sociétés d’investissement à capital risque, ou placés auprès d'elles sous forme de fonds à capital risque, de fonds collectifs de placement à risque, de fonds d’amorçage ou de tout autre organisme d’investissement , qui s’engagent à employer 65% au moins du capital libéré ou de tout montant mis à leur disposition ou des parts libérées, dans la participation au capital des Startups de la base de l'impôt sur les sociétés",Déduction
LF2021,121001604,is,Déduction,"Déduction des bénéfices réinvestis dans la souscription au capital des sociétés d’investissement à capital risque, ou placés auprès d'elles sous forme de fonds à capital risque, de fonds collectifs de placement à risque, de fonds d’amorçage ou de tout autre organisme d’investissement , qui s’engagent à employer 65% au moins du capital libéré ou de tout montant mis à leur disposition ou des parts libérées, dans la participation au capital des Startups de la base de l'impôt sur les sociétés",2019,0.0,True,"Déduction des bénéfices réinvestis dans la souscription au capital des sociétés d’investissement à capital risque, ou placés auprès d'elles sous forme de fonds à capital risque, de fonds collectifs de placement à risque, de fonds d’amorçage ou de tout autre organisme d’investissement , qui s’engagent à employer 65% au moins du capital libéré ou de tout montant mis à leur disposition ou des parts libérées, dans la participation au capital des Startups de la base de l'impôt sur les sociétés",Déduction
LF2021,121001702,is,Déduction,"Déductibles, dans la limite de 25% du bénéfice imposable, les bénéfices réinvestis dans la souscription, dans le cadre d'une restructuration financière, au capital des hôtels touristiques de la base de l'impôt sur les sociétés",2017,,False,"Déductibles, dans la limite de 25% du bénéfice imposable, les bénéfices réinvestis dans la souscription, dans le cadre d'une restructuration financière, au capital des hôtels touristiques de la base de l'impôt sur les sociétés",Déduction
LF2021,121001702,is,Déduction,"Déductibles, dans la limite de 25% du bénéfice imposable, les bénéfices réinvestis dans la souscription, dans le cadre d'une restructuration financière, au capital des hôtels touristiques de la base de l'impôt sur les sociétés",2018,,False,"Déductibles, dans la limite de 25% du bénéfice imposable, les bénéfices réinvestis dans la souscription, dans le cadre d'une restructuration financière, au capital des hôtels touristiques de la base de l'impôt sur les sociétés",Déduction
LF2021,121001702,is,Déduction,"Déductibles, dans la limite de 25% du bénéfice imposable, les bénéfices réinvestis dans la souscription, dans le cadre d'une restructuration financière, au capital des hôtels touristiques de la base de l'impôt sur les sociétés",2019,,False,"Déductibles, dans la limite de 25% du bénéfice imposable, les bénéfices réinvestis dans la souscription, dans le cadre d'une restructuration financière, au capital des hôtels touristiques de la base de l'impôt sur les sociétés",Déduction
LF2021,121101202,is,Déduction,"Déduction des mécénats accordés aux affaires, organisations à but générale, ou à but lucratifs de l'assiette soumises à l'impôt sur les sociétés",2017,,False,"Déduction des mécénats accordés aux affaires, organisations à but générale, ou à but lucratifs de l'assiette soumises à l'impôt sur les sociétés",Déduction
LF2021,121101202,is,Déduction,"Déduction des mécénats accordés aux affaires, organisations à but générale, ou à but lucratifs de l'assiette soumises à l'impôt sur les sociétés",2018,,False,"Déduction des mécénats accordés aux affaires, organisations à but générale, ou à but lucratifs de l'assiette soumises à l'impôt sur les sociétés",Déduction
LF2021,121101202,is,Déduction,"Déduction des mécénats accordés aux affaires, organisations à but générale, ou à but lucratifs de l'assiette soumises à l'impôt sur les sociétés",2019,,False,"Déduction des mécénats accordés aux affaires, organisations à but générale, ou à but lucratifs de l'assiette soumises à l'impôt sur les sociétés",Déduction
LF2021,121101204,is,Déduction,"Déduction des mécénats accordés aux entreprises, projets et œuvres à caractère culturel et à la création et à l’entretien des espaces verts et des parcs familiaux et ruraux de la base de l'impôt sur les sociétés",2017,,False,"Déduction des mécénats accordés aux entreprises, projets et œuvres à caractère culturel et à la création et à l’entretien des espaces verts et des parcs familiaux et ruraux de la base de l'impôt sur les sociétés",Déduction
LF2021,121101204,is,Déduction,"Déduction des mécénats accordés aux entreprises, projets et œuvres à caractère culturel et à la création et à l’entretien des espaces verts et des parcs familiaux et ruraux de la base de l'impôt sur les sociétés",2018,,False,"Déduction des mécénats accordés aux entreprises, projets et œuvres à caractère culturel et à la création et à l’entretien des espaces verts et des parcs familiaux et ruraux de la base de l'impôt sur les sociétés",Déduction
LF2021,121101204,is,Déduction,"Déduction des mécénats accordés aux entreprises, projets et œuvres à caractère culturel et à la création et à l’entretien des espaces verts et des parcs familiaux et ruraux de la base de l'impôt sur les sociétés",2019,,False,"Déduction des mécénats accordés aux entreprises, projets et œuvres à caractère culturel et à la création et à l’entretien des espaces verts et des parcs familiaux et ruraux de la base de l'impôt sur les sociétés",Déduction
LF2021,121101206,is,Déduction,"Déduction supplémentaire de 30% au titre des amortissements des machines, du matériel et des équipements destinés à l'exploitation, acquis ou fabriqués dans le cadre d'opérations d'extension de la base de l'impôt sur les sociétés, par les entreprises nouvellement crées autre que celles",2017,,False,"Déduction supplémentaire de 30% au titre des amortissements des machines, du matériel et des équipements destinés à l'exploitation, acquis ou fabriqués dans le cadre d'opérations d'extension de la base de l'impôt sur les sociétés, par les entreprises nouvellement crées autre que celles",Déduction
LF2021,121101206,is,Déduction,"Déduction supplémentaire de 30% au titre des amortissements des machines, du matériel et des équipements destinés à l'exploitation, acquis ou fabriqués dans le cadre d'opérations d'extension de la base de l'impôt sur les sociétés, par les entreprises nouvellement crées autre que celles",2018,,False,"Déduction supplémentaire de 30% au titre des amortissements des machines, du matériel et des équipements destinés à l'exploitation, acquis ou fabriqués dans le cadre d'opérations d'extension de la base de l'impôt sur les sociétés, par les entreprises nouvellement crées autre que celles",Déduction
LF2021,121101206,is,Déduction,"Déduction supplémentaire de 30% au titre des amortissements des machines, du matériel et des équipements destinés à l'exploitation, acquis ou fabriqués dans le cadre d'opérations d'extension de la base de l'impôt sur les sociétés, par les entreprises nouvellement crées autre que celles",2019,,False,"Déduction supplémentaire de 30% au titre des amortissements des machines, du matériel et des équipements destinés à l'exploitation, acquis ou fabriqués dans le cadre d'opérations d'extension de la base de l'impôt sur les sociétés, par les entreprises nouvellement crées autre que celles",Déduction
LF2021,121104801,is,Déduction,Déduction des bénéfices réalisés par les contribuables au titre de la location d’immeubles au profit des étudiants de l'assiette soumises à l’impôt sur les sociétés (10 ans),2017,1.607,True,Déduction des bénéfices réalisés par les contribuables au titre de la location d’immeubles au profit des étudiants de l'assiette soumises à l’impôt sur les sociétés (10 ans),Déduction
LF2021,121104801,is,Déduction,Déduction des bénéfices réalisés par les contribuables au titre de la location d’immeubles au profit des étudiants de l'assiette soumises à l’impôt sur les sociétés (10 ans),2018,0.163,True,Déduction des bénéfices réalisés par les contribuables au titre de la location d’immeubles au profit des étudiants de l'assiette soumises à l’impôt sur les sociétés (10 ans),Déduction
LF2021,121104801,is,Déduction,Déduction des bénéfices réalisés par les contribuables au titre de la location d’immeubles au profit des étudiants de l'assiette soumises à l’impôt sur les sociétés (10 ans),2019,0.0,True,Déduction des bénéfices réalisés par les contribuables au titre de la location d’immeubles au profit des étudiants de l'assiette soumises à l’impôt sur les sociétés (10 ans),Déduction
LF2021,121104802,is,Déduction,Déduction des bénéfices réalisés par les contribuables au titre de la restauration au profit des étudiants de l'assiette soumises à l'impôt sur les sociétés (10 ans),2017,0.0,True,Déduction des bénéfices réalisés par les contribuables au titre de la restauration au profit des étudiants de l'assiette soumises à l'impôt sur les sociétés (10 ans),Déduction
LF2021,121104802,is,Déduction,Déduction des bénéfices réalisés par les contribuables au titre de la restauration au profit des étudiants de l'assiette soumises à l'impôt sur les sociétés (10 ans),2018,0.0,True,Déduction des bénéfices réalisés par les contribuables au titre de la restauration au profit des étudiants de l'assiette soumises à l'impôt sur les sociétés (10 ans),Déduction
LF2021,121104802,is,Déduction,Déduction des bénéfices réalisés par les contribuables au titre de la restauration au profit des étudiants de l'assiette soumises à l'impôt sur les sociétés (10 ans),2019,0.0,True,Déduction des bénéfices réalisés par les contribuables au titre de la restauration au profit des étudiants de l'assiette soumises à l'impôt sur les sociétés (10 ans),Déduction
LF2021,121104803,is,Déduction,Déduction totale ou partielle (50%) de la plus-value provenant des opérations de cession ou de rétrocession des titres et des droits réalisés par les sociétés d'investissement à capital risque de l'assiette soumises à l'impôt sur les sociétés,2017,0.697,True,Déduction totale ou partielle (50%) de la plus-value provenant des opérations de cession ou de rétrocession des titres et des droits réalisés par les sociétés d'investissement à capital risque de l'assiette soumises à l'impôt sur les sociétés,Déduction
LF2021,121104803,is,Déduction,Déduction totale ou partielle (50%) de la plus-value provenant des opérations de cession ou de rétrocession des titres et des droits réalisés par les sociétés d'investissement à capital risque de l'assiette soumises à l'impôt sur les sociétés,2018,0.0,True,Déduction totale ou partielle (50%) de la plus-value provenant des opérations de cession ou de rétrocession des titres et des droits réalisés par les sociétés d'investissement à capital risque de l'assiette soumises à l'impôt sur les sociétés,Déduction
LF2021,121104803,is,Déduction,Déduction totale ou partielle (50%) de la plus-value provenant des opérations de cession ou de rétrocession des titres et des droits réalisés par les sociétés d'investissement à capital risque de l'assiette soumises à l'impôt sur les sociétés,2019,0.0,True,Déduction totale ou partielle (50%) de la plus-value provenant des opérations de cession ou de rétrocession des titres et des droits réalisés par les sociétés d'investissement à capital risque de l'assiette soumises à l'impôt sur les sociétés,Déduction
LF2021,121104804,is,Déduction,Déduction de la plus-value de cession des actions réalisée par les établissements de crédit ayant la qualité de banque de l'assiette soumises à l'impôt sur les sociétés,2017,0.0,True,Déduction de la plus-value de cession des actions réalisée par les établissements de crédit ayant la qualité de banque de l'assiette soumises à l'impôt sur les sociétés,Déduction
LF2021,121104804,is,Déduction,Déduction de la plus-value de cession des actions réalisée par les établissements de crédit ayant la qualité de banque de l'assiette soumises à l'impôt sur les sociétés,2018,0.0,True,Déduction de la plus-value de cession des actions réalisée par les établissements de crédit ayant la qualité de banque de l'assiette soumises à l'impôt sur les sociétés,Déduction
LF2021,121104804,is,Déduction,Déduction de la plus-value de cession des actions réalisée par les établissements de crédit ayant la qualité de banque de l'assiette soumises à l'impôt sur les sociétés,2019,0.0,True,Déduction de la plus-value de cession des actions réalisée par les établissements de crédit ayant la qualité de banque de l'assiette soumises à l'impôt sur les sociétés,Déduction
LF2021,121104805,is,Déduction,Déduction des intérêts des dépôts et de titres en devises ou en dinars convertibles de l'assiette soumises à l’impôt sur les sociétés,2017,,False,Déduction des intérêts des dépôts et de titres en devises ou en dinars convertibles de l'assiette soumises à l’impôt sur les sociétés,Déduction
LF2021,121104805,is,Déduction,Déduction des intérêts des dépôts et de titres en devises ou en dinars convertibles de l'assiette soumises à l’impôt sur les sociétés,2018,,False,Déduction des intérêts des dépôts et de titres en devises ou en dinars convertibles de l'assiette soumises à l’impôt sur les sociétés,Déduction
LF2021,121104805,is,Déduction,Déduction des intérêts des dépôts et de titres en devises ou en dinars convertibles de l'assiette soumises à l’impôt sur les sociétés,2019,,False,Déduction des intérêts des dépôts et de titres en devises ou en dinars convertibles de l'assiette soumises à l’impôt sur les sociétés,Déduction
LF2021,121104806,is,Déduction,Déduction de 50% des bénéfices provenant des opérations de courtage international de l'assiette soumises à l'impôt sur les sociétés (10 ans),2017,0.217,True,Déduction de 50% des bénéfices provenant des opérations de courtage international de l'assiette soumises à l'impôt sur les sociétés (10 ans),Déduction
LF2021,121104806,is,Déduction,Déduction de 50% des bénéfices provenant des opérations de courtage international de l'assiette soumises à l'impôt sur les sociétés (10 ans),2018,0.057,True,Déduction de 50% des bénéfices provenant des opérations de courtage international de l'assiette soumises à l'impôt sur les sociétés (10 ans),Déduction
LF2021,121104806,is,Déduction,Déduction de 50% des bénéfices provenant des opérations de courtage international de l'assiette soumises à l'impôt sur les sociétés (10 ans),2019,0.004,True,Déduction de 50% des bénéfices provenant des opérations de courtage international de l'assiette soumises à l'impôt sur les sociétés (10 ans),Déduction
LF2021,121104807,is,Déduction,"Déduction des bénéfices provenant de la location des constructions verticales destinées à l'habitat collectif, social ou économique de l'assiette soumises à l'impôt sur les sociétés (10 ans)",2017,0.0,True,"Déduction des bénéfices provenant de la location des constructions verticales destinées à l'habitat collectif, social ou économique de l'assiette soumises à l'impôt sur les sociétés (10 ans)",Déduction
LF2021,121104807,is,Déduction,"Déduction des bénéfices provenant de la location des constructions verticales destinées à l'habitat collectif, social ou économique de l'assiette soumises à l'impôt sur les sociétés (10 ans)",2018,0.0,True,"Déduction des bénéfices provenant de la location des constructions verticales destinées à l'habitat collectif, social ou économique de l'assiette soumises à l'impôt sur les sociétés (10 ans)",Déduction
LF2021,121104807,is,Déduction,"Déduction des bénéfices provenant de la location des constructions verticales destinées à l'habitat collectif, social ou économique de l'assiette soumises à l'impôt sur les sociétés (10 ans)",2019,0.0,True,"Déduction des bénéfices provenant de la location des constructions verticales destinées à l'habitat collectif, social ou économique de l'assiette soumises à l'impôt sur les sociétés (10 ans)",Déduction
LF2021,121104808,is,Déduction,Déduction des dons et subventions accordées au profit du Fonds National,2017,,False,Déduction des dons et subventions accordées au profit du Fonds National,Déduction
LF2021,121104808,is,Déduction,Déduction des dons et subventions accordées au profit du Fonds National,2018,,False,Déduction des dons et subventions accordées au profit du Fonds National,Déduction
LF2021,121104808,is,Déduction,Déduction des dons et subventions accordées au profit du Fonds National,2019,,False,Déduction des dons et subventions accordées au profit du Fonds National,Déduction
LF2021,121104809,is,Déduction,Partielle des bénéfices provenant de l’exploitation des bureaux d’accompagnement et du conseil fiscal de la base imposable (3 années),2017,0.256,True,Partielle des bénéfices provenant de l’exploitation des bureaux d’accompagnement et du conseil fiscal de la base imposable (3 années),Déduction
LF2021,121104809,is,Déduction,Partielle des bénéfices provenant de l’exploitation des bureaux d’accompagnement et du conseil fiscal de la base imposable (3 années),2018,0.125,True,Partielle des bénéfices provenant de l’exploitation des bureaux d’accompagnement et du conseil fiscal de la base imposable (3 années),Déduction
LF2021,121104809,is,Déduction,Partielle des bénéfices provenant de l’exploitation des bureaux d’accompagnement et du conseil fiscal de la base imposable (3 années),2019,0.038,True,Partielle des bénéfices provenant de l’exploitation des bureaux d’accompagnement et du conseil fiscal de la base imposable (3 années),Déduction
LF2021,121104810,is,Déduction,Déduction des bénéfices réinvestis dans l'acquisition des parts de fonds d'amorçage et des parts des fonds communs de placement collectifs de l'assiette soumises à l'impôt sur les sociétés,2017,2.783,True,Déduction des bénéfices réinvestis dans l'acquisition des parts de fonds d'amorçage et des parts des fonds communs de placement collectifs de l'assiette soumises à l'impôt sur les sociétés,Déduction
LF2021,121104810,is,Déduction,Déduction des bénéfices réinvestis dans l'acquisition des parts de fonds d'amorçage et des parts des fonds communs de placement collectifs de l'assiette soumises à l'impôt sur les sociétés,2018,1.558,True,Déduction des bénéfices réinvestis dans l'acquisition des parts de fonds d'amorçage et des parts des fonds communs de placement collectifs de l'assiette soumises à l'impôt sur les sociétés,Déduction
LF2021,121104810,is,Déduction,Déduction des bénéfices réinvestis dans l'acquisition des parts de fonds d'amorçage et des parts des fonds communs de placement collectifs de l'assiette soumises à l'impôt sur les sociétés,2019,0.721,True,Déduction des bénéfices réinvestis dans l'acquisition des parts de fonds d'amorçage et des parts des fonds communs de placement collectifs de l'assiette soumises à l'impôt sur les sociétés,Déduction
LF2021,121104811,is,Déduction,Déduction des dépenses engagées pour la réalisation de l’opération d’essaimage de l'assiette soumises à l'impôt sur les sociétés,2017,,False,Déduction des dépenses engagées pour la réalisation de l’opération d’essaimage de l'assiette soumises à l'impôt sur les sociétés,Déduction
LF2021,121104811,is,Déduction,Déduction des dépenses engagées pour la réalisation de l’opération d’essaimage de l'assiette soumises à l'impôt sur les sociétés,2018,,False,Déduction des dépenses engagées pour la réalisation de l’opération d’essaimage de l'assiette soumises à l'impôt sur les sociétés,Déduction
LF2021,121104811,is,Déduction,Déduction des dépenses engagées pour la réalisation de l’opération d’essaimage de l'assiette soumises à l'impôt sur les sociétés,2019,,False,Déduction des dépenses engagées pour la réalisation de l’opération d’essaimage de l'assiette soumises à l'impôt sur les sociétés,Déduction
LF2021,121104812,is,Déduction,Déduction des bénéfices réinvestis dans l'acquisition des entreprises en difficultés économiques dans le cadre du règlement judiciaire de l'assiette soumises à l'impôt sur les sociétés,2017,,False,Déduction des bénéfices réinvestis dans l'acquisition des entreprises en difficultés économiques dans le cadre du règlement judiciaire de l'assiette soumises à l'impôt sur les sociétés,Déduction
LF2021,121104812,is,Déduction,Déduction des bénéfices réinvestis dans l'acquisition des entreprises en difficultés économiques dans le cadre du règlement judiciaire de l'assiette soumises à l'impôt sur les sociétés,2018,,False,Déduction des bénéfices réinvestis dans l'acquisition des entreprises en difficultés économiques dans le cadre du règlement judiciaire de l'assiette soumises à l'impôt sur les sociétés,Déduction
LF2021,121104812,is,Déduction,Déduction des bénéfices réinvestis dans l'acquisition des entreprises en difficultés économiques dans le cadre du règlement judiciaire de l'assiette soumises à l'impôt sur les sociétés,2019,,False,Déduction des bénéfices réinvestis dans l'acquisition des entreprises en difficultés économiques dans le cadre du règlement judiciaire de l'assiette soumises à l'impôt sur les sociétés,Déduction
LF2021,121104813,is,Déduction,Déduction des bénéfices provenant de la location des terres agricoles réservées aux grandes cultures de l'assiette soumises à l'impôt sur les sociétés,2017,0.0,True,Déduction des bénéfices provenant de la location des terres agricoles réservées aux grandes cultures de l'assiette soumises à l'impôt sur les sociétés,Déduction
LF2021,121104813,is,Déduction,Déduction des bénéfices provenant de la location des terres agricoles réservées aux grandes cultures de l'assiette soumises à l'impôt sur les sociétés,2018,0.0,True,Déduction des bénéfices provenant de la location des terres agricoles réservées aux grandes cultures de l'assiette soumises à l'impôt sur les sociétés,Déduction
LF2021,121104813,is,Déduction,Déduction des bénéfices provenant de la location des terres agricoles réservées aux grandes cultures de l'assiette soumises à l'impôt sur les sociétés,2019,0.004,True,Déduction des bénéfices provenant de la location des terres agricoles réservées aux grandes cultures de l'assiette soumises à l'impôt sur les sociétés,Déduction
LF2021,121104814,is,Déduction,Déduction des bénéfices provenant de l'exploitation des activités des petits et moyens entreprises de l'assiette soumises à l’impôt sur les sociétés (3 ans),2017,1.937,True,Déduction des bénéfices provenant de l'exploitation des activités des petits et moyens entreprises de l'assiette soumises à l’impôt sur les sociétés (3 ans),Déduction
LF2021,121104814,is,Déduction,Déduction des bénéfices provenant de l'exploitation des activités des petits et moyens entreprises de l'assiette soumises à l’impôt sur les sociétés (3 ans),2018,0.64,True,Déduction des bénéfices provenant de l'exploitation des activités des petits et moyens entreprises de l'assiette soumises à l’impôt sur les sociétés (3 ans),Déduction
LF2021,121104814,is,Déduction,Déduction des bénéfices provenant de l'exploitation des activités des petits et moyens entreprises de l'assiette soumises à l’impôt sur les sociétés (3 ans),2019,0.019,True,Déduction des bénéfices provenant de l'exploitation des activités des petits et moyens entreprises de l'assiette soumises à l’impôt sur les sociétés (3 ans),Déduction
LF2021,121106302,is,Déduction,Déduction des bénéfices provenant des investissements directs réalisés dans les zones de développement régional de l'assiette soumises à l'impôt sur les sociétés (régime de 5 ans),2017,36.139,True,Déduction des bénéfices provenant des investissements directs réalisés dans les zones de développement régional de l'assiette soumises à l'impôt sur les sociétés (régime de 5 ans),Déduction
LF2021,121106302,is,Déduction,Déduction des bénéfices provenant des investissements directs réalisés dans les zones de développement régional de l'assiette soumises à l'impôt sur les sociétés (régime de 5 ans),2018,17.412,True,Déduction des bénéfices provenant des investissements directs réalisés dans les zones de développement régional de l'assiette soumises à l'impôt sur les sociétés (régime de 5 ans),Déduction
LF2021,121106302,is,Déduction,Déduction des bénéfices provenant des investissements directs réalisés dans les zones de développement régional de l'assiette soumises à l'impôt sur les sociétés (régime de 5 ans),2019,15.895,True,Déduction des bénéfices provenant des investissements directs réalisés dans les zones de développement régional de l'assiette soumises à l'impôt sur les sociétés (régime de 5 ans),Déduction
LF2021,121106304,is,Déduction,Déduction des bénéfices provenant des investissements directs réalisés dans les zones de développement régional de l'assiette soumises à l'impôt sur les sociétés (régime de 10 ans),2017,18.523,True,Déduction des bénéfices provenant des investissements directs réalisés dans les zones de développement régional de l'assiette soumises à l'impôt sur les sociétés (régime de 10 ans),Déduction
LF2021,121106304,is,Déduction,Déduction des bénéfices provenant des investissements directs réalisés dans les zones de développement régional de l'assiette soumises à l'impôt sur les sociétés (régime de 10 ans),2018,21.292,True,Déduction des bénéfices provenant des investissements directs réalisés dans les zones de développement régional de l'assiette soumises à l'impôt sur les sociétés (régime de 10 ans),Déduction
LF2021,121106304,is,Déduction,Déduction des bénéfices provenant des investissements directs réalisés dans les zones de développement régional de l'assiette soumises à l'impôt sur les sociétés (régime de 10 ans),2019,12.157,True,Déduction des bénéfices provenant des investissements directs réalisés dans les zones de développement régional de l'assiette soumises à l'impôt sur les sociétés (régime de 10 ans),Déduction
LF2021,121106502,is,Déduction,Déduction des bénéfices provenant des investissements directs dans le secteur de l’agriculture et de la pêche de l'assiette soumises à l'impôt sur,2017,,False,Déduction des bénéfices provenant des investissements directs dans le secteur de l’agriculture et de la pêche de l'assiette soumises à l'impôt sur,Déduction
LF2021,121106502,is,Déduction,Déduction des bénéfices provenant des investissements directs dans le secteur de l’agriculture et de la pêche de l'assiette soumises à l'impôt sur,2018,,False,Déduction des bénéfices provenant des investissements directs dans le secteur de l’agriculture et de la pêche de l'assiette soumises à l'impôt sur,Déduction
LF2021,121106502,is,Déduction,Déduction des bénéfices provenant des investissements directs dans le secteur de l’agriculture et de la pêche de l'assiette soumises à l'impôt sur,2019,,False,Déduction des bénéfices provenant des investissements directs dans le secteur de l’agriculture et de la pêche de l'assiette soumises à l'impôt sur,Déduction
LF2021,121107102,is,Déduction,Déduction d'une quote-part des bénéfices provenant des investissements réalisés par les entreprises nouvellement crées de l'assiette soumises à l'impôt sur les sociétés,2017,6.254,True,Déduction d'une quote-part des bénéfices provenant des investissements réalisés par les entreprises nouvellement crées de l'assiette soumises à l'impôt sur les sociétés,Déduction
LF2021,121107102,is,Déduction,Déduction d'une quote-part des bénéfices provenant des investissements réalisés par les entreprises nouvellement crées de l'assiette soumises à l'impôt sur les sociétés,2018,18.253,True,Déduction d'une quote-part des bénéfices provenant des investissements réalisés par les entreprises nouvellement crées de l'assiette soumises à l'impôt sur les sociétés,Déduction
LF2021,121107102,is,Déduction,Déduction d'une quote-part des bénéfices provenant des investissements réalisés par les entreprises nouvellement crées de l'assiette soumises à l'impôt sur les sociétés,2019,4.963,True,Déduction d'une quote-part des bénéfices provenant des investissements réalisés par les entreprises nouvellement crées de l'assiette soumises à l'impôt sur les sociétés,Déduction
LF2021,121107302,is,Déduction,Déduction des bénéfices réinvestis dans la souscription au capital initial ou à son augmentation des entreprises implantées dans les zones de développement régional de l'assiette soumises à l'impôt sur les sociétés,2017,52.31,True,Déduction des bénéfices réinvestis dans la souscription au capital initial ou à son augmentation des entreprises implantées dans les zones de développement régional de l'assiette soumises à l'impôt sur les sociétés,Déduction
LF2021,121107302,is,Déduction,Déduction des bénéfices réinvestis dans la souscription au capital initial ou à son augmentation des entreprises implantées dans les zones de développement régional de l'assiette soumises à l'impôt sur les sociétés,2018,41.261,True,Déduction des bénéfices réinvestis dans la souscription au capital initial ou à son augmentation des entreprises implantées dans les zones de développement régional de l'assiette soumises à l'impôt sur les sociétés,Déduction
LF2021,121107302,is,Déduction,Déduction des bénéfices réinvestis dans la souscription au capital initial ou à son augmentation des entreprises implantées dans les zones de développement régional de l'assiette soumises à l'impôt sur les sociétés,2019,49.183,True,Déduction des bénéfices réinvestis dans la souscription au capital initial ou à son augmentation des entreprises implantées dans les zones de développement régional de l'assiette soumises à l'impôt sur les sociétés,Déduction
LF2021,121107304,is,Déduction,Déduction des bénéfices réinvestis dans la souscription au capital initial ou à son augmentation des entreprises réalisant des investissements dans le secteur de l’agriculture et de la pêche de l'assiette soumises à l'impôt sur les sociétés,2017,4.171,True,Déduction des bénéfices réinvestis dans la souscription au capital initial ou à son augmentation des entreprises réalisant des investissements dans le secteur de l’agriculture et de la pêche de l'assiette soumises à l'impôt sur les sociétés,Déduction
LF2021,121107304,is,Déduction,Déduction des bénéfices réinvestis dans la souscription au capital initial ou à son augmentation des entreprises réalisant des investissements dans le secteur de l’agriculture et de la pêche de l'assiette soumises à l'impôt sur les sociétés,2018,4.534,True,Déduction des bénéfices réinvestis dans la souscription au capital initial ou à son augmentation des entreprises réalisant des investissements dans le secteur de l’agriculture et de la pêche de l'assiette soumises à l'impôt sur les sociétés,Déduction
LF2021,121107304,is,Déduction,Déduction des bénéfices réinvestis dans la souscription au capital initial ou à son augmentation des entreprises réalisant des investissements dans le secteur de l’agriculture et de la pêche de l'assiette soumises à l'impôt sur les sociétés,2019,2.62,True,Déduction des bénéfices réinvestis dans la souscription au capital initial ou à son augmentation des entreprises réalisant des investissements dans le secteur de l’agriculture et de la pêche de l'assiette soumises à l'impôt sur les sociétés,Déduction
LF2021,121107402,is,Déduction,Déduction des bénéfices réinvestis dans la souscription au capital initial ou à son augmentation des entreprises totalement exportatrices de l'assiette soumises à l'impôt sur les sociétés,2017,2.087,True,Déduction des bénéfices réinvestis dans la souscription au capital initial ou à son augmentation des entreprises totalement exportatrices de l'assiette soumises à l'impôt sur les sociétés,Déduction
LF2021,121107402,is,Déduction,Déduction des bénéfices réinvestis dans la souscription au capital initial ou à son augmentation des entreprises totalement exportatrices de l'assiette soumises à l'impôt sur les sociétés,2018,0.448,True,Déduction des bénéfices réinvestis dans la souscription au capital initial ou à son augmentation des entreprises totalement exportatrices de l'assiette soumises à l'impôt sur les sociétés,Déduction
LF2021,121107402,is,Déduction,Déduction des bénéfices réinvestis dans la souscription au capital initial ou à son augmentation des entreprises totalement exportatrices de l'assiette soumises à l'impôt sur les sociétés,2019,0.001,True,Déduction des bénéfices réinvestis dans la souscription au capital initial ou à son augmentation des entreprises totalement exportatrices de l'assiette soumises à l'impôt sur les sociétés,Déduction
LF2021,121107404,is,Déduction,Déduction des bénéfices réinvestis dans la souscription au capital initial ou à son augmentation des entreprises réalisant des investissements dans le domaine de la technologie et des investissements d’innovation dans tous les secteurs économiques de l'assiette soumises à l'impôt sur les sociétés,2017,0.0,True,Déduction des bénéfices réinvestis dans la souscription au capital initial ou à son augmentation des entreprises réalisant des investissements dans le domaine de la technologie et des investissements d’innovation dans tous les secteurs économiques de l'assiette soumises à l'impôt sur les sociétés,Déduction
LF2021,121107404,is,Déduction,Déduction des bénéfices réinvestis dans la souscription au capital initial ou à son augmentation des entreprises réalisant des investissements dans le domaine de la technologie et des investissements d’innovation dans tous les secteurs économiques de l'assiette soumises à l'impôt sur les sociétés,2018,0.0,True,Déduction des bénéfices réinvestis dans la souscription au capital initial ou à son augmentation des entreprises réalisant des investissements dans le domaine de la technologie et des investissements d’innovation dans tous les secteurs économiques de l'assiette soumises à l'impôt sur les sociétés,Déduction
LF2021,121107404,is,Déduction,Déduction des bénéfices réinvestis dans la souscription au capital initial ou à son augmentation des entreprises réalisant des investissements dans le domaine de la technologie et des investissements d’innovation dans tous les secteurs économiques de l'assiette soumises à l'impôt sur les sociétés,2019,0.0,True,Déduction des bénéfices réinvestis dans la souscription au capital initial ou à son augmentation des entreprises réalisant des investissements dans le domaine de la technologie et des investissements d’innovation dans tous les secteurs économiques de l'assiette soumises à l'impôt sur les sociétés,Déduction
LF2021,121107602,is,Déduction,Déduction des bénéfices réinvestis dans la souscription au capital initial ou à son augmentation des entreprises créées par les jeunes diplômés de l'enseignement supérieur de l'assiette soumises à l'impôt sur les sociétés,2017,0.0,True,Déduction des bénéfices réinvestis dans la souscription au capital initial ou à son augmentation des entreprises créées par les jeunes diplômés de l'enseignement supérieur de l'assiette soumises à l'impôt sur les sociétés,Déduction
LF2021,121107602,is,Déduction,Déduction des bénéfices réinvestis dans la souscription au capital initial ou à son augmentation des entreprises créées par les jeunes diplômés de l'enseignement supérieur de l'assiette soumises à l'impôt sur les sociétés,2018,0.0,True,Déduction des bénéfices réinvestis dans la souscription au capital initial ou à son augmentation des entreprises créées par les jeunes diplômés de l'enseignement supérieur de l'assiette soumises à l'impôt sur les sociétés,Déduction
LF2021,121107602,is,Déduction,Déduction des bénéfices réinvestis dans la souscription au capital initial ou à son augmentation des entreprises créées par les jeunes diplômés de l'enseignement supérieur de l'assiette soumises à l'impôt sur les sociétés,2019,0.0,True,Déduction des bénéfices réinvestis dans la souscription au capital initial ou à son augmentation des entreprises créées par les jeunes diplômés de l'enseignement supérieur de l'assiette soumises à l'impôt sur les sociétés,Déduction
LF2021,121107702,is,Déduction,Déduction des bénéfices souscrits au capital des sociétés d'investissement à capital risque ou placés auprès d'elles sous forme de fonds à capital risque ou aux parts des fonds communs de placement à risque qui emploient le capital souscrit et libéré ou les montants déposés sous forme de fonds à capital risque dans la souscription aux actions ou aux parts sociales ou aux obligations convertibles en actions émises par les entreprises qui ouvrent droit aux avantages fiscaux de l'assiette soumises à l'impôt sur les sociétés,2017,118.322,True,Déduction des bénéfices souscrits au capital des sociétés d'investissement à capital risque ou placés auprès d'elles sous forme de fonds à capital risque ou aux parts des fonds communs de placement à risque qui emploient le capital souscrit et libéré ou les montants déposés sous forme de fonds à capital risque dans la souscription aux actions ou aux parts sociales ou aux obligations convertibles en actions émises par les entreprises qui ouvrent droit aux avantages fiscaux de l'assiette soumises à l'impôt sur les sociétés,Déduction
LF2021,121107702,is,Déduction,Déduction des bénéfices souscrits au capital des sociétés d'investissement à capital risque ou placés auprès d'elles sous forme de fonds à capital risque ou aux parts des fonds communs de placement à risque qui emploient le capital souscrit et libéré ou les montants déposés sous forme de fonds à capital risque dans la souscription aux actions ou aux parts sociales ou aux obligations convertibles en actions émises par les entreprises qui ouvrent droit aux avantages fiscaux de l'assiette soumises à l'impôt sur les sociétés,2018,128.996,True,Déduction des bénéfices souscrits au capital des sociétés d'investissement à capital risque ou placés auprès d'elles sous forme de fonds à capital risque ou aux parts des fonds communs de placement à risque qui emploient le capital souscrit et libéré ou les montants déposés sous forme de fonds à capital risque dans la souscription aux actions ou aux parts sociales ou aux obligations convertibles en actions émises par les entreprises qui ouvrent droit aux avantages fiscaux de l'assiette soumises à l'impôt sur les sociétés,Déduction
LF2021,121107702,is,Déduction,Déduction des bénéfices souscrits au capital des sociétés d'investissement à capital risque ou placés auprès d'elles sous forme de fonds à capital risque ou aux parts des fonds communs de placement à risque qui emploient le capital souscrit et libéré ou les montants déposés sous forme de fonds à capital risque dans la souscription aux actions ou aux parts sociales ou aux obligations convertibles en actions émises par les entreprises qui ouvrent droit aux avantages fiscaux de l'assiette soumises à l'impôt sur les sociétés,2019,146.49,True,Déduction des bénéfices souscrits au capital des sociétés d'investissement à capital risque ou placés auprès d'elles sous forme de fonds à capital risque ou aux parts des fonds communs de placement à risque qui emploient le capital souscrit et libéré ou les montants déposés sous forme de fonds à capital risque dans la souscription aux actions ou aux parts sociales ou aux obligations convertibles en actions émises par les entreprises qui ouvrent droit aux avantages fiscaux de l'assiette soumises à l'impôt sur les sociétés,Déduction
LF2021,121107704,is,Déduction,Déduction des bénéfices souscrits au capital des sociétés d'investissement à capital risque ou placés auprès d'elles sous forme de fonds à capital risque ou aux parts des fonds communs de placement à risque qui emploient le capital souscrit et libéré ou les montants déposés sous forme de fonds à capital risque dans la souscription aux actions ou aux parts sociales ou aux obligations convertibles en actions émises par les entreprises réalisant des investissements dans le secteur de l’agriculture et de la pêche et les entreprises implantées dans les zones de développement régional de l'assiette soumises à l'impôt sur les sociétés,2017,45.632,True,Déduction des bénéfices souscrits au capital des sociétés d'investissement à capital risque ou placés auprès d'elles sous forme de fonds à capital risque ou aux parts des fonds communs de placement à risque qui emploient le capital souscrit et libéré ou les montants déposés sous forme de fonds à capital risque dans la souscription aux actions ou aux parts sociales ou aux obligations convertibles en actions émises par les entreprises réalisant des investissements dans le secteur de l’agriculture et de la pêche et les entreprises implantées dans les zones de développement régional de l'assiette soumises à l'impôt sur les sociétés,Déduction
LF2021,121107704,is,Déduction,Déduction des bénéfices souscrits au capital des sociétés d'investissement à capital risque ou placés auprès d'elles sous forme de fonds à capital risque ou aux parts des fonds communs de placement à risque qui emploient le capital souscrit et libéré ou les montants déposés sous forme de fonds à capital risque dans la souscription aux actions ou aux parts sociales ou aux obligations convertibles en actions émises par les entreprises réalisant des investissements dans le secteur de l’agriculture et de la pêche et les entreprises implantées dans les zones de développement régional de l'assiette soumises à l'impôt sur les sociétés,2018,54.043,True,Déduction des bénéfices souscrits au capital des sociétés d'investissement à capital risque ou placés auprès d'elles sous forme de fonds à capital risque ou aux parts des fonds communs de placement à risque qui emploient le capital souscrit et libéré ou les montants déposés sous forme de fonds à capital risque dans la souscription aux actions ou aux parts sociales ou aux obligations convertibles en actions émises par les entreprises réalisant des investissements dans le secteur de l’agriculture et de la pêche et les entreprises implantées dans les zones de développement régional de l'assiette soumises à l'impôt sur les sociétés,Déduction
LF2021,121107704,is,Déduction,Déduction des bénéfices souscrits au capital des sociétés d'investissement à capital risque ou placés auprès d'elles sous forme de fonds à capital risque ou aux parts des fonds communs de placement à risque qui emploient le capital souscrit et libéré ou les montants déposés sous forme de fonds à capital risque dans la souscription aux actions ou aux parts sociales ou aux obligations convertibles en actions émises par les entreprises réalisant des investissements dans le secteur de l’agriculture et de la pêche et les entreprises implantées dans les zones de développement régional de l'assiette soumises à l'impôt sur les sociétés,2019,40.341,True,Déduction des bénéfices souscrits au capital des sociétés d'investissement à capital risque ou placés auprès d'elles sous forme de fonds à capital risque ou aux parts des fonds communs de placement à risque qui emploient le capital souscrit et libéré ou les montants déposés sous forme de fonds à capital risque dans la souscription aux actions ou aux parts sociales ou aux obligations convertibles en actions émises par les entreprises réalisant des investissements dans le secteur de l’agriculture et de la pêche et les entreprises implantées dans les zones de développement régional de l'assiette soumises à l'impôt sur les sociétés,Déduction
LF2021,121601202,is,Déduction,Déduction des bénéfices provenant de l'activité des entreprises totalement exportatrices de l'assiette soumises à l'impôt sur les sociétés (100% & 50%),2017,182.177,True,Déduction des bénéfices provenant de l'activité des entreprises totalement exportatrices de l'assiette soumises à l'impôt sur les sociétés (100% & 50%),Déduction
LF2021,121601202,is,Déduction,Déduction des bénéfices provenant de l'activité des entreprises totalement exportatrices de l'assiette soumises à l'impôt sur les sociétés (100% & 50%),2018,184.524,True,Déduction des bénéfices provenant de l'activité des entreprises totalement exportatrices de l'assiette soumises à l'impôt sur les sociétés (100% & 50%),Déduction
LF2021,121601202,is,Déduction,Déduction des bénéfices provenant de l'activité des entreprises totalement exportatrices de l'assiette soumises à l'impôt sur les sociétés (100% & 50%),2019,47.793,True,Déduction des bénéfices provenant de l'activité des entreprises totalement exportatrices de l'assiette soumises à l'impôt sur les sociétés (100% & 50%),Déduction
LF2021,121602204,is,Déduction,Déduction des bénéfices provenant de l'activité des entreprises partiellement exportatrices de l'assiette soumises à l'impôt sur les sociétés,2017,5.544,True,Déduction des bénéfices provenant de l'activité des entreprises partiellement exportatrices de l'assiette soumises à l'impôt sur les sociétés,Déduction
LF2021,121602204,is,Déduction,Déduction des bénéfices provenant de l'activité des entreprises partiellement exportatrices de l'assiette soumises à l'impôt sur les sociétés,2018,4.756,True,Déduction des bénéfices provenant de l'activité des entreprises partiellement exportatrices de l'assiette soumises à l'impôt sur les sociétés,Déduction
LF2021,121602204,is,Déduction,Déduction des bénéfices provenant de l'activité des entreprises partiellement exportatrices de l'assiette soumises à l'impôt sur les sociétés,2019,0.882,True,Déduction des bénéfices provenant de l'activité des entreprises partiellement exportatrices de l'assiette soumises à l'impôt sur les sociétés,Déduction
LF2021,121602302,is,Déduction,Déduction des bénéfices provenant de l'activité des entreprises implantées dans les zones de développement régional de l'assiette soumises à l'impôt sur les sociétés,2017,51.281,True,Déduction des bénéfices provenant de l'activité des entreprises implantées dans les zones de développement régional de l'assiette soumises à l'impôt sur les sociétés,Déduction
LF2021,121602302,is,Déduction,Déduction des bénéfices provenant de l'activité des entreprises implantées dans les zones de développement régional de l'assiette soumises à l'impôt sur les sociétés,2018,38.321,True,Déduction des bénéfices provenant de l'activité des entreprises implantées dans les zones de développement régional de l'assiette soumises à l'impôt sur les sociétés,Déduction
LF2021,121602302,is,Déduction,Déduction des bénéfices provenant de l'activité des entreprises implantées dans les zones de développement régional de l'assiette soumises à l'impôt sur les sociétés,2019,16.624,True,Déduction des bénéfices provenant de l'activité des entreprises implantées dans les zones de développement régional de l'assiette soumises à l'impôt sur les sociétés,Déduction
LF2021,121603002,is,Déduction,Déduction des bénéfices provenant des investissements directs dans le secteur de l’agriculture et de la pêche de l'assiette soumises à l'impôt sur les sociétés,2017,26.18,True,Déduction des bénéfices provenant des investissements directs dans le secteur de l’agriculture et de la pêche de l'assiette soumises à l'impôt sur les sociétés,Déduction
LF2021,121603002,is,Déduction,Déduction des bénéfices provenant des investissements directs dans le secteur de l’agriculture et de la pêche de l'assiette soumises à l'impôt sur les sociétés,2018,30.639,True,Déduction des bénéfices provenant des investissements directs dans le secteur de l’agriculture et de la pêche de l'assiette soumises à l'impôt sur les sociétés,Déduction
LF2021,121603002,is,Déduction,Déduction des bénéfices provenant des investissements directs dans le secteur de l’agriculture et de la pêche de l'assiette soumises à l'impôt sur les sociétés,2019,11.899,True,Déduction des bénéfices provenant des investissements directs dans le secteur de l’agriculture et de la pêche de l'assiette soumises à l'impôt sur les sociétés,Déduction
LF2021,121604702,is,Déduction,Déduction de 20% des bénéfices provenant de l'activité des Petits & Moyens Entreprises de l'assiette soumises à l'impôt sur les sociétés (5 ans),2017,,False,Déduction de 20% des bénéfices provenant de l'activité des Petits & Moyens Entreprises de l'assiette soumises à l'impôt sur les sociétés (5 ans),Déduction
LF2021,121604702,is,Déduction,Déduction de 20% des bénéfices provenant de l'activité des Petits & Moyens Entreprises de l'assiette soumises à l'impôt sur les sociétés (5 ans),2018,,False,Déduction de 20% des bénéfices provenant de l'activité des Petits & Moyens Entreprises de l'assiette soumises à l'impôt sur les sociétés (5 ans),Déduction
LF2021,121604702,is,Déduction,Déduction de 20% des bénéfices provenant de l'activité des Petits & Moyens Entreprises de l'assiette soumises à l'impôt sur les sociétés (5 ans),2019,,False,Déduction de 20% des bénéfices provenant de l'activité des Petits & Moyens Entreprises de l'assiette soumises à l'impôt sur les sociétés (5 ans),Déduction
LF2021,121605602,is,Déduction,Déduction des bénéfices provenant des investissements réalisés par les entreprises qui gèrent une zone portuaire réservée au tourisme de croisière de l'assiette soumises à l'impôt sur les sociétés (20 ans),2017,0.135,True,Déduction des bénéfices provenant des investissements réalisés par les entreprises qui gèrent une zone portuaire réservée au tourisme de croisière de l'assiette soumises à l'impôt sur les sociétés (20 ans),Déduction
LF2021,121605602,is,Déduction,Déduction des bénéfices provenant des investissements réalisés par les entreprises qui gèrent une zone portuaire réservée au tourisme de croisière de l'assiette soumises à l'impôt sur les sociétés (20 ans),2018,0.553,True,Déduction des bénéfices provenant des investissements réalisés par les entreprises qui gèrent une zone portuaire réservée au tourisme de croisière de l'assiette soumises à l'impôt sur les sociétés (20 ans),Déduction
LF2021,121605602,is,Déduction,Déduction des bénéfices provenant des investissements réalisés par les entreprises qui gèrent une zone portuaire réservée au tourisme de croisière de l'assiette soumises à l'impôt sur les sociétés (20 ans),2019,0.0,True,Déduction des bénéfices provenant des investissements réalisés par les entreprises qui gèrent une zone portuaire réservée au tourisme de croisière de l'assiette soumises à l'impôt sur les sociétés (20 ans),Déduction
LF2021,122001001,is,Réduction,Réduction du taux de l'impôt sur les Sociétés au taux de 10% pour les prestataires des services financiers aux non-résidents,2017,,False,Réduction du taux de l'impôt sur les Sociétés au taux de 10% pour les prestataires des services financiers aux non-résidents,Réduction
LF2021,122001001,is,Réduction,Réduction du taux de l'impôt sur les Sociétés au taux de 10% pour les prestataires des services financiers aux non-résidents,2018,,False,Réduction du taux de l'impôt sur les Sociétés au taux de 10% pour les prestataires des services financiers aux non-résidents,Réduction
LF2021,122001001,is,Réduction,Réduction du taux de l'impôt sur les Sociétés au taux de 10% pour les prestataires des services financiers aux non-résidents,2019,,False,Réduction du taux de l'impôt sur les Sociétés au taux de 10% pour les prestataires des services financiers aux non-résidents,Réduction
LF2021,122001101,is,Réduction,Réduction du taux de l'impôt sur les Sociétés de 35% au 20 % pour les sociétés qui procèdent à l’admission de leurs actions ordinaires à la cote de la bourse des valeurs mobilières de Tunis,2017,,False,Réduction du taux de l'impôt sur les Sociétés de 35% au 20 % pour les sociétés qui procèdent à l’admission de leurs actions ordinaires à la cote de la bourse des valeurs mobilières de Tunis,Réduction
LF2021,122001101,is,Réduction,Réduction du taux de l'impôt sur les Sociétés de 35% au 20 % pour les sociétés qui procèdent à l’admission de leurs actions ordinaires à la cote de la bourse des valeurs mobilières de Tunis,2018,,False,Réduction du taux de l'impôt sur les Sociétés de 35% au 20 % pour les sociétés qui procèdent à l’admission de leurs actions ordinaires à la cote de la bourse des valeurs mobilières de Tunis,Réduction
LF2021,122001101,is,Réduction,Réduction du taux de l'impôt sur les Sociétés de 35% au 20 % pour les sociétés qui procèdent à l’admission de leurs actions ordinaires à la cote de la bourse des valeurs mobilières de Tunis,2019,,False,Réduction du taux de l'impôt sur les Sociétés de 35% au 20 % pour les sociétés qui procèdent à l’admission de leurs actions ordinaires à la cote de la bourse des valeurs mobilières de Tunis,Réduction
LF2021,122001102,is,Réduction,Réduction du taux de l'impôt sur les Sociétés de 25% au 15 % pour les sociétés qui procèdent à l’admission de leurs actions ordinaires à la cote de la bourse des valeurs mobilières de Tunis,2017,,False,Réduction du taux de l'impôt sur les Sociétés de 25% au 15 % pour les sociétés qui procèdent à l’admission de leurs actions ordinaires à la cote de la bourse des valeurs mobilières de Tunis,Réduction
LF2021,122001102,is,Réduction,Réduction du taux de l'impôt sur les Sociétés de 25% au 15 % pour les sociétés qui procèdent à l’admission de leurs actions ordinaires à la cote de la bourse des valeurs mobilières de Tunis,2018,,False,Réduction du taux de l'impôt sur les Sociétés de 25% au 15 % pour les sociétés qui procèdent à l’admission de leurs actions ordinaires à la cote de la bourse des valeurs mobilières de Tunis,Réduction
LF2021,122001102,is,Réduction,Réduction du taux de l'impôt sur les Sociétés de 25% au 15 % pour les sociétés qui procèdent à l’admission de leurs actions ordinaires à la cote de la bourse des valeurs mobilières de Tunis,2019,,False,Réduction du taux de l'impôt sur les Sociétés de 25% au 15 % pour les sociétés qui procèdent à l’admission de leurs actions ordinaires à la cote de la bourse des valeurs mobilières de Tunis,Réduction
LF2021,123000201,is,Exonération,Exonération des banques d'investissement de l'impôt sur les sociétés,2017,,False,Exonération des banques d'investissement de l'impôt sur les sociétés,Exonération
LF2021,123000201,is,Exonération,Exonération des banques d'investissement de l'impôt sur les sociétés,2018,,False,Exonération des banques d'investissement de l'impôt sur les sociétés,Exonération
LF2021,123000201,is,Exonération,Exonération des banques d'investissement de l'impôt sur les sociétés,2019,,False,Exonération des banques d'investissement de l'impôt sur les sociétés,Exonération
LF2021,123000411,is,Exonération,Exonération des bénéfices provenant des ventes de déchets pour recyclage,2017,,False,Exonération des bénéfices provenant des ventes de déchets pour recyclage,Exonération
LF2021,123000411,is,Exonération,Exonération des bénéfices provenant des ventes de déchets pour recyclage,2018,,False,Exonération des bénéfices provenant des ventes de déchets pour recyclage,Exonération
LF2021,123000411,is,Exonération,Exonération des bénéfices provenant des ventes de déchets pour recyclage,2019,,False,Exonération des bénéfices provenant des ventes de déchets pour recyclage,Exonération
LF2021,123001502,is,Exonération,"Exonération de l'impôt sur les Sociétés pour les entreprises crées et ayant une attestation de dépôt de déclaration d’investissement au cours des années 2018, 2019 et 2020 (4",2017,,False,"Exonération de l'impôt sur les Sociétés pour les entreprises crées et ayant une attestation de dépôt de déclaration d’investissement au cours des années 2018, 2019 et 2020 (4",Exonération
LF2021,123001502,is,Exonération,"Exonération de l'impôt sur les Sociétés pour les entreprises crées et ayant une attestation de dépôt de déclaration d’investissement au cours des années 2018, 2019 et 2020 (4",2018,,False,"Exonération de l'impôt sur les Sociétés pour les entreprises crées et ayant une attestation de dépôt de déclaration d’investissement au cours des années 2018, 2019 et 2020 (4",Exonération
LF2021,123001502,is,Exonération,"Exonération de l'impôt sur les Sociétés pour les entreprises crées et ayant une attestation de dépôt de déclaration d’investissement au cours des années 2018, 2019 et 2020 (4",2019,,False,"Exonération de l'impôt sur les Sociétés pour les entreprises crées et ayant une attestation de dépôt de déclaration d’investissement au cours des années 2018, 2019 et 2020 (4",Exonération
LF2021,123104601,is,Exonération,Exonération des coopératives de services dont l'activité concourt à la commercialisation des produits agricoles ou de pêche et opérant dans l'enceinte des marchés de gros de l'impôt sur les sociétés,2017,,False,Exonération des coopératives de services dont l'activité concourt à la commercialisation des produits agricoles ou de pêche et opérant dans l'enceinte des marchés de gros de l'impôt sur les sociétés,Exonération
LF2021,123104601,is,Exonération,Exonération des coopératives de services dont l'activité concourt à la commercialisation des produits agricoles ou de pêche et opérant dans l'enceinte des marchés de gros de l'impôt sur les sociétés,2018,,False,Exonération des coopératives de services dont l'activité concourt à la commercialisation des produits agricoles ou de pêche et opérant dans l'enceinte des marchés de gros de l'impôt sur les sociétés,Exonération
LF2021,123104601,is,Exonération,Exonération des coopératives de services dont l'activité concourt à la commercialisation des produits agricoles ou de pêche et opérant dans l'enceinte des marchés de gros de l'impôt sur les sociétés,2019,,False,Exonération des coopératives de services dont l'activité concourt à la commercialisation des produits agricoles ou de pêche et opérant dans l'enceinte des marchés de gros de l'impôt sur les sociétés,Exonération
LF2021,123104602,is,Exonération,Exonération des sociétés mutuelles de services agricoles de l'impôt sur les sociétés,2017,,False,Exonération des sociétés mutuelles de services agricoles de l'impôt sur les sociétés,Exonération
LF2021,123104602,is,Exonération,Exonération des sociétés mutuelles de services agricoles de l'impôt sur les sociétés,2018,,False,Exonération des sociétés mutuelles de services agricoles de l'impôt sur les sociétés,Exonération
LF2021,123104602,is,Exonération,Exonération des sociétés mutuelles de services agricoles de l'impôt sur les sociétés,2019,,False,Exonération des sociétés mutuelles de services agricoles de l'impôt sur les sociétés,Exonération
LF2021,123104603,is,Exonération,Exonération des coopératives ouvrières de production de l'impôt sur les sociétés,2017,,False,Exonération des coopératives ouvrières de production de l'impôt sur les sociétés,Exonération
LF2021,123104603,is,Exonération,Exonération des coopératives ouvrières de production de l'impôt sur les sociétés,2018,,False,Exonération des coopératives ouvrières de production de l'impôt sur les sociétés,Exonération
LF2021,123104603,is,Exonération,Exonération des coopératives ouvrières de production de l'impôt sur les sociétés,2019,,False,Exonération des coopératives ouvrières de production de l'impôt sur les sociétés,Exonération
LF2021,123104604,is,Exonération,Exonération des sociétés d'investissement à capital variable de l'impôt sur les sociétés,2017,,False,Exonération des sociétés d'investissement à capital variable de l'impôt sur les sociétés,Exonération
LF2021,123104604,is,Exonération,Exonération des sociétés d'investissement à capital variable de l'impôt sur les sociétés,2018,,False,Exonération des sociétés d'investissement à capital variable de l'impôt sur les sociétés,Exonération
LF2021,123104604,is,Exonération,Exonération des sociétés d'investissement à capital variable de l'impôt sur les sociétés,2019,,False,Exonération des sociétés d'investissement à capital variable de l'impôt sur les sociétés,Exonération
LF2021,123605102,is,Exonération,Exonération de l’impôt sur les sociétés au titre des bénéfices provenant de la réalisation de zones industrielles (5 ans),2017,,False,Exonération de l’impôt sur les sociétés au titre des bénéfices provenant de la réalisation de zones industrielles (5 ans),Exonération
LF2021,123605102,is,Exonération,Exonération de l’impôt sur les sociétés au titre des bénéfices provenant de la réalisation de zones industrielles (5 ans),2018,,False,Exonération de l’impôt sur les sociétés au titre des bénéfices provenant de la réalisation de zones industrielles (5 ans),Exonération
LF2021,123605102,is,Exonération,Exonération de l’impôt sur les sociétés au titre des bénéfices provenant de la réalisation de zones industrielles (5 ans),2019,,False,Exonération de l’impôt sur les sociétés au titre des bénéfices provenant de la réalisation de zones industrielles (5 ans),Exonération
LF2021,123605202,is,Exonération,Exonération des bénéfices au titre des investissements réalisés dans les activités prometteuses et ayant un taux d'intégration élevé (5 ans),2017,,False,Exonération des bénéfices au titre des investissements réalisés dans les activités prometteuses et ayant un taux d'intégration élevé (5 ans),Exonération
LF2021,123605202,is,Exonération,Exonération des bénéfices au titre des investissements réalisés dans les activités prometteuses et ayant un taux d'intégration élevé (5 ans),2018,,False,Exonération des bénéfices au titre des investissements réalisés dans les activités prometteuses et ayant un taux d'intégration élevé (5 ans),Exonération
LF2021,123605202,is,Exonération,Exonération des bénéfices au titre des investissements réalisés dans les activités prometteuses et ayant un taux d'intégration élevé (5 ans),2019,,False,Exonération des bénéfices au titre des investissements réalisés dans les activités prometteuses et ayant un taux d'intégration élevé (5 ans),Exonération
LF2021,212001301,douanes,Réduction,Réduction des droits de douane dus à l'importation des animaux reproducteurs de race pure,2017,0.585,True,Réduction des droits de douane dus à l'importation des animaux reproducteurs de race pure,Réduction
LF2021,212001301,douanes,Réduction,Réduction des droits de douane dus à l'importation des animaux reproducteurs de race pure,2018,1.51,True,Réduction des droits de douane dus à l'importation des animaux reproducteurs de race pure,Réduction
LF2021,212001301,douanes,Réduction,Réduction des droits de douane dus à l'importation des animaux reproducteurs de race pure,2019,2.233,True,Réduction des droits de douane dus à l'importation des animaux reproducteurs de race pure,Réduction
LF2021,212001302,douanes,Réduction,Réduction des droits de douane dus à l'importation des Poussins des Oiseaux (n’excédant pas 185 g) et Œufs fertilisés destinés à l’incubation,2017,2.991,True,Réduction des droits de douane dus à l'importation des Poussins des Oiseaux (n’excédant pas 185 g) et Œufs fertilisés destinés à l’incubation,Réduction
LF2021,212001302,douanes,Réduction,Réduction des droits de douane dus à l'importation des Poussins des Oiseaux (n’excédant pas 185 g) et Œufs fertilisés destinés à l’incubation,2018,4.031,True,Réduction des droits de douane dus à l'importation des Poussins des Oiseaux (n’excédant pas 185 g) et Œufs fertilisés destinés à l’incubation,Réduction
LF2021,212001302,douanes,Réduction,Réduction des droits de douane dus à l'importation des Poussins des Oiseaux (n’excédant pas 185 g) et Œufs fertilisés destinés à l’incubation,2019,4.551,True,Réduction des droits de douane dus à l'importation des Poussins des Oiseaux (n’excédant pas 185 g) et Œufs fertilisés destinés à l’incubation,Réduction
LF2021,212001303,douanes,Réduction,Réduction des droits de douane dus à l'importation des viandes rouges destinés à la consommation,2017,3.504,True,Réduction des droits de douane dus à l'importation des viandes rouges destinés à la consommation,Réduction
LF2021,212001303,douanes,Réduction,Réduction des droits de douane dus à l'importation des viandes rouges destinés à la consommation,2018,13.114,True,Réduction des droits de douane dus à l'importation des viandes rouges destinés à la consommation,Réduction
LF2021,212001303,douanes,Réduction,Réduction des droits de douane dus à l'importation des viandes rouges destinés à la consommation,2019,16.169,True,Réduction des droits de douane dus à l'importation des viandes rouges destinés à la consommation,Réduction
LF2021,212001304,douanes,Réduction,Réduction des droits de douane dus à l'importation des Aliments destinés aux aquacultures,2017,16.31,True,Réduction des droits de douane dus à l'importation des Aliments destinés aux aquacultures,Réduction
LF2021,212001304,douanes,Réduction,Réduction des droits de douane dus à l'importation des Aliments destinés aux aquacultures,2018,15.698,True,Réduction des droits de douane dus à l'importation des Aliments destinés aux aquacultures,Réduction
LF2021,212001304,douanes,Réduction,Réduction des droits de douane dus à l'importation des Aliments destinés aux aquacultures,2019,11.911,True,Réduction des droits de douane dus à l'importation des Aliments destinés aux aquacultures,Réduction
LF2021,212001305,douanes,Réduction,"Réduction des droits de douane dus à l'importation des plants, plantes, boutures, racines et greffons des types destinés à la plantation dans les exploitations agricoles",2017,2.431,True,"Réduction des droits de douane dus à l'importation des plants, plantes, boutures, racines et greffons des types destinés à la plantation dans les exploitations agricoles",Réduction
LF2021,212001305,douanes,Réduction,"Réduction des droits de douane dus à l'importation des plants, plantes, boutures, racines et greffons des types destinés à la plantation dans les exploitations agricoles",2018,2.003,True,"Réduction des droits de douane dus à l'importation des plants, plantes, boutures, racines et greffons des types destinés à la plantation dans les exploitations agricoles",Réduction
LF2021,212001305,douanes,Réduction,"Réduction des droits de douane dus à l'importation des plants, plantes, boutures, racines et greffons des types destinés à la plantation dans les exploitations agricoles",2019,1.054,True,"Réduction des droits de douane dus à l'importation des plants, plantes, boutures, racines et greffons des types destinés à la plantation dans les exploitations agricoles",Réduction
LF2021,212001306,douanes,Réduction,Réduction des droits de douane dus à l'importation des légumes destinés à la consommation,2017,1.98,True,Réduction des droits de douane dus à l'importation des légumes destinés à la consommation,Réduction
LF2021,212001306,douanes,Réduction,Réduction des droits de douane dus à l'importation des légumes destinés à la consommation,2018,2.276,True,Réduction des droits de douane dus à l'importation des légumes destinés à la consommation,Réduction
LF2021,212001306,douanes,Réduction,Réduction des droits de douane dus à l'importation des légumes destinés à la consommation,2019,10.74,True,Réduction des droits de douane dus à l'importation des légumes destinés à la consommation,Réduction
LF2021,212001307,douanes,Réduction,Réduction des droits de douane dus à l'importation des racines et des Semences,2017,15.539,True,Réduction des droits de douane dus à l'importation des racines et des Semences,Réduction
LF2021,212001307,douanes,Réduction,Réduction des droits de douane dus à l'importation des racines et des Semences,2018,14.808,True,Réduction des droits de douane dus à l'importation des racines et des Semences,Réduction
LF2021,212001307,douanes,Réduction,Réduction des droits de douane dus à l'importation des racines et des Semences,2019,13.761,True,Réduction des droits de douane dus à l'importation des racines et des Semences,Réduction
LF2021,212001308,douanes,Réduction,Réduction des droits de douane dus à l'importation des aliments fourragers,2017,21.27,True,Réduction des droits de douane dus à l'importation des aliments fourragers,Réduction
LF2021,212001308,douanes,Réduction,Réduction des droits de douane dus à l'importation des aliments fourragers,2018,15.07,True,Réduction des droits de douane dus à l'importation des aliments fourragers,Réduction
LF2021,212001308,douanes,Réduction,Réduction des droits de douane dus à l'importation des aliments fourragers,2019,10.463,True,Réduction des droits de douane dus à l'importation des aliments fourragers,Réduction
LF2021,212001309,douanes,Réduction,Réduction des droits de douane dus à l'importation des Huiles végétales brutes,2017,58.154,True,Réduction des droits de douane dus à l'importation des Huiles végétales brutes,Réduction
LF2021,212001309,douanes,Réduction,Réduction des droits de douane dus à l'importation des Huiles végétales brutes,2018,26.92,True,Réduction des droits de douane dus à l'importation des Huiles végétales brutes,Réduction
LF2021,212001309,douanes,Réduction,Réduction des droits de douane dus à l'importation des Huiles végétales brutes,2019,25.261,True,Réduction des droits de douane dus à l'importation des Huiles végétales brutes,Réduction
LF2021,212001310,douanes,Réduction,Réduction des droits de douane dus à l'importation des Huiles végétales raffinées,2017,1.401,True,Réduction des droits de douane dus à l'importation des Huiles végétales raffinées,Réduction
LF2021,212001310,douanes,Réduction,Réduction des droits de douane dus à l'importation des Huiles végétales raffinées,2018,0.26,True,Réduction des droits de douane dus à l'importation des Huiles végétales raffinées,Réduction
LF2021,212001310,douanes,Réduction,Réduction des droits de douane dus à l'importation des Huiles végétales raffinées,2019,1.082,True,Réduction des droits de douane dus à l'importation des Huiles végétales raffinées,Réduction
LF2021,212001311,douanes,Réduction,Réduction des droits de douane dus à l'importation des Produits et préparations alimentaires destinés à l'utilisation le domaine médicale,2017,12.727,True,Réduction des droits de douane dus à l'importation des Produits et préparations alimentaires destinés à l'utilisation le domaine médicale,Réduction
LF2021,212001311,douanes,Réduction,Réduction des droits de douane dus à l'importation des Produits et préparations alimentaires destinés à l'utilisation le domaine médicale,2018,11.054,True,Réduction des droits de douane dus à l'importation des Produits et préparations alimentaires destinés à l'utilisation le domaine médicale,Réduction
LF2021,212001311,douanes,Réduction,Réduction des droits de douane dus à l'importation des Produits et préparations alimentaires destinés à l'utilisation le domaine médicale,2019,7.222,True,Réduction des droits de douane dus à l'importation des Produits et préparations alimentaires destinés à l'utilisation le domaine médicale,Réduction
LF2021,212001312,douanes,Réduction,"Réduction des droits de douane dus à l'importation des matériels, équipements et produits et préparations alimentaires destinés à l'utilisation dans le domaine de la recherche scientifique",2017,4.744,True,"Réduction des droits de douane dus à l'importation des matériels, équipements et produits et préparations alimentaires destinés à l'utilisation dans le domaine de la recherche scientifique",Réduction
LF2021,212001312,douanes,Réduction,"Réduction des droits de douane dus à l'importation des matériels, équipements et produits et préparations alimentaires destinés à l'utilisation dans le domaine de la recherche scientifique",2018,6.337,True,"Réduction des droits de douane dus à l'importation des matériels, équipements et produits et préparations alimentaires destinés à l'utilisation dans le domaine de la recherche scientifique",Réduction
LF2021,212001312,douanes,Réduction,"Réduction des droits de douane dus à l'importation des matériels, équipements et produits et préparations alimentaires destinés à l'utilisation dans le domaine de la recherche scientifique",2019,7.045,True,"Réduction des droits de douane dus à l'importation des matériels, équipements et produits et préparations alimentaires destinés à l'utilisation dans le domaine de la recherche scientifique",Réduction
LF2021,212001313,douanes,Réduction,Réduction des droits de douane dus à l'importation des produits et matériels destinés à l'utilisation dans l'agriculture et la pêche,2017,0.942,True,Réduction des droits de douane dus à l'importation des produits et matériels destinés à l'utilisation dans l'agriculture et la pêche,Réduction
LF2021,212001313,douanes,Réduction,Réduction des droits de douane dus à l'importation des produits et matériels destinés à l'utilisation dans l'agriculture et la pêche,2018,0.0,True,Réduction des droits de douane dus à l'importation des produits et matériels destinés à l'utilisation dans l'agriculture et la pêche,Réduction
LF2021,212001313,douanes,Réduction,Réduction des droits de douane dus à l'importation des produits et matériels destinés à l'utilisation dans l'agriculture et la pêche,2019,0.0,True,Réduction des droits de douane dus à l'importation des produits et matériels destinés à l'utilisation dans l'agriculture et la pêche,Réduction
LF2021,212001314,douanes,Réduction,Réduction des droits de douane dus à l'importation des produits alimentaires de consommation,2017,0.0,True,Réduction des droits de douane dus à l'importation des produits alimentaires de consommation,Réduction
LF2021,212001314,douanes,Réduction,Réduction des droits de douane dus à l'importation des produits alimentaires de consommation,2018,5.229,True,Réduction des droits de douane dus à l'importation des produits alimentaires de consommation,Réduction
LF2021,212001314,douanes,Réduction,Réduction des droits de douane dus à l'importation des produits alimentaires de consommation,2019,4.232,True,Réduction des droits de douane dus à l'importation des produits alimentaires de consommation,Réduction
LF2021,212001315,douanes,Réduction,"Réduction des droits de douane dus à l'importation des équipements, outils destinés à être utilisés dans le domaine médical",2017,0.0,True,"Réduction des droits de douane dus à l'importation des équipements, outils destinés à être utilisés dans le domaine médical",Réduction
LF2021,212001315,douanes,Réduction,"Réduction des droits de douane dus à l'importation des équipements, outils destinés à être utilisés dans le domaine médical",2018,0.0,True,"Réduction des droits de douane dus à l'importation des équipements, outils destinés à être utilisés dans le domaine médical",Réduction
LF2021,212001315,douanes,Réduction,"Réduction des droits de douane dus à l'importation des équipements, outils destinés à être utilisés dans le domaine médical",2019,0.224,True,"Réduction des droits de douane dus à l'importation des équipements, outils destinés à être utilisés dans le domaine médical",Réduction
LF2021,212001316,douanes,Réduction,Réduction des droits de douane dus à l'importation des médicaments et des produits paramédicaux,2017,0.017,True,Réduction des droits de douane dus à l'importation des médicaments et des produits paramédicaux,Réduction
LF2021,212001316,douanes,Réduction,Réduction des droits de douane dus à l'importation des médicaments et des produits paramédicaux,2018,0.0,True,Réduction des droits de douane dus à l'importation des médicaments et des produits paramédicaux,Réduction
LF2021,212001316,douanes,Réduction,Réduction des droits de douane dus à l'importation des médicaments et des produits paramédicaux,2019,0.017,True,Réduction des droits de douane dus à l'importation des médicaments et des produits paramédicaux,Réduction
LF2021,212001317,douanes,Réduction,Réduction des droits de douane dus à l'importation des produits divers,2017,1.926,True,Réduction des droits de douane dus à l'importation des produits divers,Réduction
LF2021,212001317,douanes,Réduction,Réduction des droits de douane dus à l'importation des produits divers,2018,1.008,True,Réduction des droits de douane dus à l'importation des produits divers,Réduction
LF2021,212001317,douanes,Réduction,Réduction des droits de douane dus à l'importation des produits divers,2019,1.698,True,Réduction des droits de douane dus à l'importation des produits divers,Réduction
LF2021,212001335,douanes,Suspension,Réduction des droits de douane dus à l'importation des produits par les associations d'aide aux enfants atteints de xérodermie pigmentosum,2017,0.0,True,Réduction des droits de douane dus à l'importation des produits par les associations d'aide aux enfants atteints de xérodermie pigmentosum,Suspension
LF2021,212001335,douanes,Suspension,Réduction des droits de douane dus à l'importation des produits par les associations d'aide aux enfants atteints de xérodermie pigmentosum,2018,0.0,True,Réduction des droits de douane dus à l'importation des produits par les associations d'aide aux enfants atteints de xérodermie pigmentosum,Suspension
LF2021,212001335,douanes,Suspension,Réduction des droits de douane dus à l'importation des produits par les associations d'aide aux enfants atteints de xérodermie pigmentosum,2019,0.0,True,Réduction des droits de douane dus à l'importation des produits par les associations d'aide aux enfants atteints de xérodermie pigmentosum,Suspension
LF2021,212001337,douanes,Suspension,Réduction des droits de douane dus à l'importation des chaises roulantes spécialement aménagées à l’usage des handicapés physiques (87.03),2017,0.007,True,Réduction des droits de douane dus à l'importation des chaises roulantes spécialement aménagées à l’usage des handicapés physiques (87.03),Suspension
LF2021,212001337,douanes,Suspension,Réduction des droits de douane dus à l'importation des chaises roulantes spécialement aménagées à l’usage des handicapés physiques (87.03),2018,0.0,True,Réduction des droits de douane dus à l'importation des chaises roulantes spécialement aménagées à l’usage des handicapés physiques (87.03),Suspension
LF2021,212001337,douanes,Suspension,Réduction des droits de douane dus à l'importation des chaises roulantes spécialement aménagées à l’usage des handicapés physiques (87.03),2019,0.0,True,Réduction des droits de douane dus à l'importation des chaises roulantes spécialement aménagées à l’usage des handicapés physiques (87.03),Suspension
LF2021,212001339,douanes,Réduction,Réduction des droits de douane dus à l'importation des poussettes destinées au transport des enfants qui souffrent d’une insuffisance motrice d’origine cérébrale,2017,0.0,True,Réduction des droits de douane dus à l'importation des poussettes destinées au transport des enfants qui souffrent d’une insuffisance motrice d’origine cérébrale,Réduction
LF2021,212001339,douanes,Réduction,Réduction des droits de douane dus à l'importation des poussettes destinées au transport des enfants qui souffrent d’une insuffisance motrice d’origine cérébrale,2018,0.0,True,Réduction des droits de douane dus à l'importation des poussettes destinées au transport des enfants qui souffrent d’une insuffisance motrice d’origine cérébrale,Réduction
LF2021,212001339,douanes,Réduction,Réduction des droits de douane dus à l'importation des poussettes destinées au transport des enfants qui souffrent d’une insuffisance motrice d’origine cérébrale,2019,0.0,True,Réduction des droits de douane dus à l'importation des poussettes destinées au transport des enfants qui souffrent d’une insuffisance motrice d’origine cérébrale,Réduction
LF2021,212001341,douanes,Suspension,Réduction des droits de douane dus à l'importation des minibus destinés au transport des patients souffrant d'une insuffisance rénale (87.02),2017,0.0,True,Réduction des droits de douane dus à l'importation des minibus destinés au transport des patients souffrant d'une insuffisance rénale (87.02),Suspension
LF2021,212001341,douanes,Suspension,Réduction des droits de douane dus à l'importation des minibus destinés au transport des patients souffrant d'une insuffisance rénale (87.02),2018,0.0,True,Réduction des droits de douane dus à l'importation des minibus destinés au transport des patients souffrant d'une insuffisance rénale (87.02),Suspension
LF2021,212001341,douanes,Suspension,Réduction des droits de douane dus à l'importation des minibus destinés au transport des patients souffrant d'une insuffisance rénale (87.02),2019,0.0,True,Réduction des droits de douane dus à l'importation des minibus destinés au transport des patients souffrant d'une insuffisance rénale (87.02),Suspension
LF2021,212470201,douanes,Réduction,"Réduction du taux des droits de douane à 10% dus à l'importation des matières premières, produits semi-finis et autres articles destinés à l'encouragement de l'industrie",2017,6.167,True,"Réduction du taux des droits de douane à 10% dus à l'importation des matières premières, produits semi-finis et autres articles destinés à l'encouragement de l'industrie",Réduction
LF2021,212470201,douanes,Réduction,"Réduction du taux des droits de douane à 10% dus à l'importation des matières premières, produits semi-finis et autres articles destinés à l'encouragement de l'industrie",2018,39.586,True,"Réduction du taux des droits de douane à 10% dus à l'importation des matières premières, produits semi-finis et autres articles destinés à l'encouragement de l'industrie",Réduction
LF2021,212470201,douanes,Réduction,"Réduction du taux des droits de douane à 10% dus à l'importation des matières premières, produits semi-finis et autres articles destinés à l'encouragement de l'industrie",2019,14.089,True,"Réduction du taux des droits de douane à 10% dus à l'importation des matières premières, produits semi-finis et autres articles destinés à l'encouragement de l'industrie",Réduction
LF2021,212470302,douanes,Suspension,"Suspension des droits de douanes dus à l'importation des équipements, n’ayant pas de similaires fabriqués localement, nécessaires aux investissements dans le secteur de l’artisanat",2017,0.001,True,"Suspension des droits de douanes dus à l'importation des équipements, n’ayant pas de similaires fabriqués localement, nécessaires aux investissements dans le secteur de l’artisanat",Suspension
LF2021,212470302,douanes,Suspension,"Suspension des droits de douanes dus à l'importation des équipements, n’ayant pas de similaires fabriqués localement, nécessaires aux investissements dans le secteur de l’artisanat",2018,0.0,True,"Suspension des droits de douanes dus à l'importation des équipements, n’ayant pas de similaires fabriqués localement, nécessaires aux investissements dans le secteur de l’artisanat",Suspension
LF2021,212470302,douanes,Suspension,"Suspension des droits de douanes dus à l'importation des équipements, n’ayant pas de similaires fabriqués localement, nécessaires aux investissements dans le secteur de l’artisanat",2019,0.0,True,"Suspension des droits de douanes dus à l'importation des équipements, n’ayant pas de similaires fabriqués localement, nécessaires aux investissements dans le secteur de l’artisanat",Suspension
LF2021,212470401,douanes,Réduction,"Réduction des droits de douanes dus à l'importation des équipements, matériels, produits et articles servant",2017,0.0,True,"Réduction des droits de douanes dus à l'importation des équipements, matériels, produits et articles servant",Réduction
LF2021,212470401,douanes,Réduction,"Réduction des droits de douanes dus à l'importation des équipements, matériels, produits et articles servant",2018,0.064,True,"Réduction des droits de douanes dus à l'importation des équipements, matériels, produits et articles servant",Réduction
LF2021,212470401,douanes,Réduction,"Réduction des droits de douanes dus à l'importation des équipements, matériels, produits et articles servant",2019,0.146,True,"Réduction des droits de douanes dus à l'importation des équipements, matériels, produits et articles servant",Réduction
LF2021,212470701,douanes,Réduction,"Réduction des droits de douane dus à l'importation des Articles destinés à l’impression des livres, journaux, périodiques, dépliants et brochures touristiques",2017,0.0,True,"Réduction des droits de douane dus à l'importation des Articles destinés à l’impression des livres, journaux, périodiques, dépliants et brochures touristiques",Réduction
LF2021,212470701,douanes,Réduction,"Réduction des droits de douane dus à l'importation des Articles destinés à l’impression des livres, journaux, périodiques, dépliants et brochures touristiques",2018,0.021,True,"Réduction des droits de douane dus à l'importation des Articles destinés à l’impression des livres, journaux, périodiques, dépliants et brochures touristiques",Réduction
LF2021,212470701,douanes,Réduction,"Réduction des droits de douane dus à l'importation des Articles destinés à l’impression des livres, journaux, périodiques, dépliants et brochures touristiques",2019,0.027,True,"Réduction des droits de douane dus à l'importation des Articles destinés à l’impression des livres, journaux, périodiques, dépliants et brochures touristiques",Réduction
LF2021,212470901,douanes,Suspension,"Suspension des droits de douane dus à l'importation des appareils de dialyse, leurs accessoires ainsi que leurs parties et pièces détachées",2017,0.0,True,"Suspension des droits de douane dus à l'importation des appareils de dialyse, leurs accessoires ainsi que leurs parties et pièces détachées",Suspension
LF2021,212470901,douanes,Suspension,"Suspension des droits de douane dus à l'importation des appareils de dialyse, leurs accessoires ainsi que leurs parties et pièces détachées",2018,0.0,True,"Suspension des droits de douane dus à l'importation des appareils de dialyse, leurs accessoires ainsi que leurs parties et pièces détachées",Suspension
LF2021,212470901,douanes,Suspension,"Suspension des droits de douane dus à l'importation des appareils de dialyse, leurs accessoires ainsi que leurs parties et pièces détachées",2019,0.0,True,"Suspension des droits de douane dus à l'importation des appareils de dialyse, leurs accessoires ainsi que leurs parties et pièces détachées",Suspension
LF2021,212471001,douanes,Suspension,Suspension des droits de douane dus à l'importation des matériels informatique ainsi que les programmations,2017,0.0,True,Suspension des droits de douane dus à l'importation des matériels informatique ainsi que les programmations,Suspension
LF2021,212471001,douanes,Suspension,Suspension des droits de douane dus à l'importation des matériels informatique ainsi que les programmations,2018,0.0,True,Suspension des droits de douane dus à l'importation des matériels informatique ainsi que les programmations,Suspension
LF2021,212471001,douanes,Suspension,Suspension des droits de douane dus à l'importation des matériels informatique ainsi que les programmations,2019,0.0,True,Suspension des droits de douane dus à l'importation des matériels informatique ainsi que les programmations,Suspension
LF2021,213471101,douanes,Exonération,"Exonération des droits de douane dus à l'importation des avions destinés au transport aérien, les équipements, parties, pièces détachées et accessoires destinés à être incorporés dans ces avions ainsi que les équipements et matériels destinés à la navigation aérienne",2017,2.017,True,"Exonération des droits de douane dus à l'importation des avions destinés au transport aérien, les équipements, parties, pièces détachées et accessoires destinés à être incorporés dans ces avions ainsi que les équipements et matériels destinés à la navigation aérienne",Exonération
LF2021,213471101,douanes,Exonération,"Exonération des droits de douane dus à l'importation des avions destinés au transport aérien, les équipements, parties, pièces détachées et accessoires destinés à être incorporés dans ces avions ainsi que les équipements et matériels destinés à la navigation aérienne",2018,3.224,True,"Exonération des droits de douane dus à l'importation des avions destinés au transport aérien, les équipements, parties, pièces détachées et accessoires destinés à être incorporés dans ces avions ainsi que les équipements et matériels destinés à la navigation aérienne",Exonération
LF2021,213471101,douanes,Exonération,"Exonération des droits de douane dus à l'importation des avions destinés au transport aérien, les équipements, parties, pièces détachées et accessoires destinés à être incorporés dans ces avions ainsi que les équipements et matériels destinés à la navigation aérienne",2019,5.287,True,"Exonération des droits de douane dus à l'importation des avions destinés au transport aérien, les équipements, parties, pièces détachées et accessoires destinés à être incorporés dans ces avions ainsi que les équipements et matériels destinés à la navigation aérienne",Exonération
LF2021,212471201,douanes,Suspension,Suspension des droits de douane dus à l'importation des matériels destinées à être utilisées exclusivement en aérologie et en météorologie,2017,0.0,True,Suspension des droits de douane dus à l'importation des matériels destinées à être utilisées exclusivement en aérologie et en météorologie,Suspension
LF2021,212471201,douanes,Suspension,Suspension des droits de douane dus à l'importation des matériels destinées à être utilisées exclusivement en aérologie et en météorologie,2018,0.0,True,Suspension des droits de douane dus à l'importation des matériels destinées à être utilisées exclusivement en aérologie et en météorologie,Suspension
LF2021,212471201,douanes,Suspension,Suspension des droits de douane dus à l'importation des matériels destinées à être utilisées exclusivement en aérologie et en météorologie,2019,0.0,True,Suspension des droits de douane dus à l'importation des matériels destinées à être utilisées exclusivement en aérologie et en météorologie,Suspension
LF2021,212471301,douanes,Suspension,"Suspension des droits de douane dus à l'importation des insecticides, fongicides, herbicides, anti rongeurs, inhibiteurs de germination et régulateurs de croissance pour plantes, désinfectants et produits similaires repris à la position 38-08 du tarif des droits de douane à l'importation ainsi que leurs intrants y compris les emballages destinés à leur fabrication et utilisés exclusivement dans l'agriculture.",2017,14.207,True,"Suspension des droits de douane dus à l'importation des insecticides, fongicides, herbicides, anti rongeurs, inhibiteurs de germination et régulateurs de croissance pour plantes, désinfectants et produits similaires repris à la position 38-08 du tarif des droits de douane à l'importation ainsi que leurs intrants y compris les emballages destinés à leur fabrication et utilisés exclusivement dans l'agriculture.",Suspension
LF2021,212471301,douanes,Suspension,"Suspension des droits de douane dus à l'importation des insecticides, fongicides, herbicides, anti rongeurs, inhibiteurs de germination et régulateurs de croissance pour plantes, désinfectants et produits similaires repris à la position 38-08 du tarif des droits de douane à l'importation ainsi que leurs intrants y compris les emballages destinés à leur fabrication et utilisés exclusivement dans l'agriculture.",2018,33.774,True,"Suspension des droits de douane dus à l'importation des insecticides, fongicides, herbicides, anti rongeurs, inhibiteurs de germination et régulateurs de croissance pour plantes, désinfectants et produits similaires repris à la position 38-08 du tarif des droits de douane à l'importation ainsi que leurs intrants y compris les emballages destinés à leur fabrication et utilisés exclusivement dans l'agriculture.",Suspension
LF2021,212471301,douanes,Suspension,"Suspension des droits de douane dus à l'importation des insecticides, fongicides, herbicides, anti rongeurs, inhibiteurs de germination et régulateurs de croissance pour plantes, désinfectants et produits similaires repris à la position 38-08 du tarif des droits de douane à l'importation ainsi que leurs intrants y compris les emballages destinés à leur fabrication et utilisés exclusivement dans l'agriculture.",2019,38.725,True,"Suspension des droits de douane dus à l'importation des insecticides, fongicides, herbicides, anti rongeurs, inhibiteurs de germination et régulateurs de croissance pour plantes, désinfectants et produits similaires repris à la position 38-08 du tarif des droits de douane à l'importation ainsi que leurs intrants y compris les emballages destinés à leur fabrication et utilisés exclusivement dans l'agriculture.",Suspension
LF2021,212471401,douanes,Suspension,"Suspension et Exonération des droits & de douane dus à l'importation des Exonération matières premières, intrants, des matériels et des équipements destinés exclusivement au secteur de l’artisanat",2017,0.219,True,"Suspension et Exonération des droits & de douane dus à l'importation des Exonération matières premières, intrants, des matériels et des équipements destinés exclusivement au secteur de l’artisanat",Suspension
LF2021,212471401,douanes,Suspension,"Suspension et Exonération des droits & de douane dus à l'importation des Exonération matières premières, intrants, des matériels et des équipements destinés exclusivement au secteur de l’artisanat",2018,1.184,True,"Suspension et Exonération des droits & de douane dus à l'importation des Exonération matières premières, intrants, des matériels et des équipements destinés exclusivement au secteur de l’artisanat",Suspension
LF2021,212471401,douanes,Suspension,"Suspension et Exonération des droits & de douane dus à l'importation des Exonération matières premières, intrants, des matériels et des équipements destinés exclusivement au secteur de l’artisanat",2019,1.415,True,"Suspension et Exonération des droits & de douane dus à l'importation des Exonération matières premières, intrants, des matériels et des équipements destinés exclusivement au secteur de l’artisanat",Suspension
LF2021,213471501,douanes,Exonération,"Exonération des droits de douane dus à l'importation des équipements et matériels n’ayant pas de similaires fabriqués localement destinés au nettoiement des villes, au ramassage et traitement des ordures, aux travaux de voirie et à la protection de l’environnement, importés par les collectivités locales ou les établissements publics municipaux",2017,0.03,True,"Exonération des droits de douane dus à l'importation des équipements et matériels n’ayant pas de similaires fabriqués localement destinés au nettoiement des villes, au ramassage et traitement des ordures, aux travaux de voirie et à la protection de l’environnement, importés par les collectivités locales ou les établissements publics municipaux",Exonération
LF2021,213471501,douanes,Exonération,"Exonération des droits de douane dus à l'importation des équipements et matériels n’ayant pas de similaires fabriqués localement destinés au nettoiement des villes, au ramassage et traitement des ordures, aux travaux de voirie et à la protection de l’environnement, importés par les collectivités locales ou les établissements publics municipaux",2018,0.631,True,"Exonération des droits de douane dus à l'importation des équipements et matériels n’ayant pas de similaires fabriqués localement destinés au nettoiement des villes, au ramassage et traitement des ordures, aux travaux de voirie et à la protection de l’environnement, importés par les collectivités locales ou les établissements publics municipaux",Exonération
LF2021,213471501,douanes,Exonération,"Exonération des droits de douane dus à l'importation des équipements et matériels n’ayant pas de similaires fabriqués localement destinés au nettoiement des villes, au ramassage et traitement des ordures, aux travaux de voirie et à la protection de l’environnement, importés par les collectivités locales ou les établissements publics municipaux",2019,6.101,True,"Exonération des droits de douane dus à l'importation des équipements et matériels n’ayant pas de similaires fabriqués localement destinés au nettoiement des villes, au ramassage et traitement des ordures, aux travaux de voirie et à la protection de l’environnement, importés par les collectivités locales ou les établissements publics municipaux",Exonération
LF2021,212471601,douanes,Suspension,Suspension des droits de douane dus à l'importation des bus destinés au transport des handicapés,2017,0.039,True,Suspension des droits de douane dus à l'importation des bus destinés au transport des handicapés,Suspension
LF2021,212471601,douanes,Suspension,Suspension des droits de douane dus à l'importation des bus destinés au transport des handicapés,2018,0.067,True,Suspension des droits de douane dus à l'importation des bus destinés au transport des handicapés,Suspension
LF2021,212471601,douanes,Suspension,Suspension des droits de douane dus à l'importation des bus destinés au transport des handicapés,2019,0.0,True,Suspension des droits de douane dus à l'importation des bus destinés au transport des handicapés,Suspension
LF2021,212472801,douanes,Réduction,Réduction du taux des droits de douane à 15% dus à l'importation des pneumatiques neufs en caoutchouc,2017,0.0,True,Réduction du taux des droits de douane à 15% dus à l'importation des pneumatiques neufs en caoutchouc,Réduction
LF2021,212472801,douanes,Réduction,Réduction du taux des droits de douane à 15% dus à l'importation des pneumatiques neufs en caoutchouc,2018,0.0,True,Réduction du taux des droits de douane à 15% dus à l'importation des pneumatiques neufs en caoutchouc,Réduction
LF2021,212472801,douanes,Réduction,Réduction du taux des droits de douane à 15% dus à l'importation des pneumatiques neufs en caoutchouc,2019,0.0,True,Réduction du taux des droits de douane à 15% dus à l'importation des pneumatiques neufs en caoutchouc,Réduction
LF2021,213000101,douanes,Exonération,Exonération des droits de douane dus à l'importation des équipements et matériels par des Tunisiens résidents à l'étranger dans le cadre de réalisation de projets ou de participation à des projets,2017,1.776,True,Exonération des droits de douane dus à l'importation des équipements et matériels par des Tunisiens résidents à l'étranger dans le cadre de réalisation de projets ou de participation à des projets,Exonération
LF2021,213000101,douanes,Exonération,Exonération des droits de douane dus à l'importation des équipements et matériels par des Tunisiens résidents à l'étranger dans le cadre de réalisation de projets ou de participation à des projets,2018,1.727,True,Exonération des droits de douane dus à l'importation des équipements et matériels par des Tunisiens résidents à l'étranger dans le cadre de réalisation de projets ou de participation à des projets,Exonération
LF2021,213000101,douanes,Exonération,Exonération des droits de douane dus à l'importation des équipements et matériels par des Tunisiens résidents à l'étranger dans le cadre de réalisation de projets ou de participation à des projets,2019,1.506,True,Exonération des droits de douane dus à l'importation des équipements et matériels par des Tunisiens résidents à l'étranger dans le cadre de réalisation de projets ou de participation à des projets,Exonération
LF2021,213000103,douanes,Exonération,Exonération des droits de douane dus à l'importation d’un camion par des Tunisiens résidents à l'étranger dans le cadre de réalisation de projets ou de participation à des projets,2017,18.114,True,Exonération des droits de douane dus à l'importation d’un camion par des Tunisiens résidents à l'étranger dans le cadre de réalisation de projets ou de participation à des projets,Exonération
LF2021,213000103,douanes,Exonération,Exonération des droits de douane dus à l'importation d’un camion par des Tunisiens résidents à l'étranger dans le cadre de réalisation de projets ou de participation à des projets,2018,34.466,True,Exonération des droits de douane dus à l'importation d’un camion par des Tunisiens résidents à l'étranger dans le cadre de réalisation de projets ou de participation à des projets,Exonération
LF2021,213000103,douanes,Exonération,Exonération des droits de douane dus à l'importation d’un camion par des Tunisiens résidents à l'étranger dans le cadre de réalisation de projets ou de participation à des projets,2019,38.722,True,Exonération des droits de douane dus à l'importation d’un camion par des Tunisiens résidents à l'étranger dans le cadre de réalisation de projets ou de participation à des projets,Exonération
LF2021,213000405,douanes,Exonération,Exonération des droits de douane dus à l'importation des effets personnels par le personnel étranger recruté ou les investisseurs étrangers chargés de la gérance d'une entreprise implantée dans les parcs d'activités économiques,2017,0.982,True,Exonération des droits de douane dus à l'importation des effets personnels par le personnel étranger recruté ou les investisseurs étrangers chargés de la gérance d'une entreprise implantée dans les parcs d'activités économiques,Exonération
LF2021,213000405,douanes,Exonération,Exonération des droits de douane dus à l'importation des effets personnels par le personnel étranger recruté ou les investisseurs étrangers chargés de la gérance d'une entreprise implantée dans les parcs d'activités économiques,2018,2.441,True,Exonération des droits de douane dus à l'importation des effets personnels par le personnel étranger recruté ou les investisseurs étrangers chargés de la gérance d'une entreprise implantée dans les parcs d'activités économiques,Exonération
LF2021,213000405,douanes,Exonération,Exonération des droits de douane dus à l'importation des effets personnels par le personnel étranger recruté ou les investisseurs étrangers chargés de la gérance d'une entreprise implantée dans les parcs d'activités économiques,2019,2.792,True,Exonération des droits de douane dus à l'importation des effets personnels par le personnel étranger recruté ou les investisseurs étrangers chargés de la gérance d'une entreprise implantée dans les parcs d'activités économiques,Exonération
LF2021,213000605,douanes,Exonération,Exonération des droits de douane dus à l'importation des effets personnels par le personnel étranger recruté ou les investisseurs étrangers chargés des établissements de santé prêtant la totalité de leurs services au profit des non résidents,2017,0.0,True,Exonération des droits de douane dus à l'importation des effets personnels par le personnel étranger recruté ou les investisseurs étrangers chargés des établissements de santé prêtant la totalité de leurs services au profit des non résidents,Exonération
LF2021,213000605,douanes,Exonération,Exonération des droits de douane dus à l'importation des effets personnels par le personnel étranger recruté ou les investisseurs étrangers chargés des établissements de santé prêtant la totalité de leurs services au profit des non résidents,2018,0.0,True,Exonération des droits de douane dus à l'importation des effets personnels par le personnel étranger recruté ou les investisseurs étrangers chargés des établissements de santé prêtant la totalité de leurs services au profit des non résidents,Exonération
LF2021,213000605,douanes,Exonération,Exonération des droits de douane dus à l'importation des effets personnels par le personnel étranger recruté ou les investisseurs étrangers chargés des établissements de santé prêtant la totalité de leurs services au profit des non résidents,2019,0.0,True,Exonération des droits de douane dus à l'importation des effets personnels par le personnel étranger recruté ou les investisseurs étrangers chargés des établissements de santé prêtant la totalité de leurs services au profit des non résidents,Exonération
LF2021,213001002,douanes,Exonération,Exonération des droits de douane dus à l'importation des matériels et équipement nécessaires à l'activité des prestataires des services financiers aux non résidents,2017,0.0,True,Exonération des droits de douane dus à l'importation des matériels et équipement nécessaires à l'activité des prestataires des services financiers aux non résidents,Exonération
LF2021,213001002,douanes,Exonération,Exonération des droits de douane dus à l'importation des matériels et équipement nécessaires à l'activité des prestataires des services financiers aux non résidents,2018,0.002,True,Exonération des droits de douane dus à l'importation des matériels et équipement nécessaires à l'activité des prestataires des services financiers aux non résidents,Exonération
LF2021,213001002,douanes,Exonération,Exonération des droits de douane dus à l'importation des matériels et équipement nécessaires à l'activité des prestataires des services financiers aux non résidents,2019,0.0,True,Exonération des droits de douane dus à l'importation des matériels et équipement nécessaires à l'activité des prestataires des services financiers aux non résidents,Exonération
LF2021,213001004,douanes,Exonération,Exonération des droits de douane dus à l'importation des effets personnels par le personnel étranger recruté ou les investisseurs étrangers travaillant dans des institutions de prestataires des services financiers aux non- résidents,2017,0.0,True,Exonération des droits de douane dus à l'importation des effets personnels par le personnel étranger recruté ou les investisseurs étrangers travaillant dans des institutions de prestataires des services financiers aux non- résidents,Exonération
LF2021,213001004,douanes,Exonération,Exonération des droits de douane dus à l'importation des effets personnels par le personnel étranger recruté ou les investisseurs étrangers travaillant dans des institutions de prestataires des services financiers aux non- résidents,2018,0.0,True,Exonération des droits de douane dus à l'importation des effets personnels par le personnel étranger recruté ou les investisseurs étrangers travaillant dans des institutions de prestataires des services financiers aux non- résidents,Exonération
LF2021,213001004,douanes,Exonération,Exonération des droits de douane dus à l'importation des effets personnels par le personnel étranger recruté ou les investisseurs étrangers travaillant dans des institutions de prestataires des services financiers aux non- résidents,2019,0.0,True,Exonération des droits de douane dus à l'importation des effets personnels par le personnel étranger recruté ou les investisseurs étrangers travaillant dans des institutions de prestataires des services financiers aux non- résidents,Exonération
LF2021,213227201,douanes,Exonération,Exonération des droits de douane dus sur les dons offerts au Président de la République et sur les objets importés par les chefs d'Etat séjournant en Tunisie ainsi que les chefs de missions diplomatiques étrangers en Tunisie,2017,0.0,True,Exonération des droits de douane dus sur les dons offerts au Président de la République et sur les objets importés par les chefs d'Etat séjournant en Tunisie ainsi que les chefs de missions diplomatiques étrangers en Tunisie,Exonération
LF2021,213227201,douanes,Exonération,Exonération des droits de douane dus sur les dons offerts au Président de la République et sur les objets importés par les chefs d'Etat séjournant en Tunisie ainsi que les chefs de missions diplomatiques étrangers en Tunisie,2018,0.0,True,Exonération des droits de douane dus sur les dons offerts au Président de la République et sur les objets importés par les chefs d'Etat séjournant en Tunisie ainsi que les chefs de missions diplomatiques étrangers en Tunisie,Exonération
LF2021,213227201,douanes,Exonération,Exonération des droits de douane dus sur les dons offerts au Président de la République et sur les objets importés par les chefs d'Etat séjournant en Tunisie ainsi que les chefs de missions diplomatiques étrangers en Tunisie,2019,0.0,True,Exonération des droits de douane dus sur les dons offerts au Président de la République et sur les objets importés par les chefs d'Etat séjournant en Tunisie ainsi que les chefs de missions diplomatiques étrangers en Tunisie,Exonération
LF2021,213227203,douanes,Exonération,"Exonération des droits de douane dus à l'importation des outils, instruments, matériels agricoles, industriels ou commerciaux dans le cadre du transfert des sociétés en Tunisie",2017,0.0,True,"Exonération des droits de douane dus à l'importation des outils, instruments, matériels agricoles, industriels ou commerciaux dans le cadre du transfert des sociétés en Tunisie",Exonération
LF2021,213227203,douanes,Exonération,"Exonération des droits de douane dus à l'importation des outils, instruments, matériels agricoles, industriels ou commerciaux dans le cadre du transfert des sociétés en Tunisie",2018,0.0,True,"Exonération des droits de douane dus à l'importation des outils, instruments, matériels agricoles, industriels ou commerciaux dans le cadre du transfert des sociétés en Tunisie",Exonération
LF2021,213227203,douanes,Exonération,"Exonération des droits de douane dus à l'importation des outils, instruments, matériels agricoles, industriels ou commerciaux dans le cadre du transfert des sociétés en Tunisie",2019,0.0,True,"Exonération des droits de douane dus à l'importation des outils, instruments, matériels agricoles, industriels ou commerciaux dans le cadre du transfert des sociétés en Tunisie",Exonération
LF2021,213227206,douanes,Exonération,Exonération des droits de douane dus à l'importation des effets et objets provenant d'héritage,2017,0.005,True,Exonération des droits de douane dus à l'importation des effets et objets provenant d'héritage,Exonération
LF2021,213227206,douanes,Exonération,Exonération des droits de douane dus à l'importation des effets et objets provenant d'héritage,2018,0.001,True,Exonération des droits de douane dus à l'importation des effets et objets provenant d'héritage,Exonération
LF2021,213227206,douanes,Exonération,Exonération des droits de douane dus à l'importation des effets et objets provenant d'héritage,2019,0.0,True,Exonération des droits de douane dus à l'importation des effets et objets provenant d'héritage,Exonération
LF2021,213227209,douanes,Exonération,Exonération des droits de douane dus à l'importation des trousseaux d'élèves et de mariage,2017,0.0,True,Exonération des droits de douane dus à l'importation des trousseaux d'élèves et de mariage,Exonération
LF2021,213227209,douanes,Exonération,Exonération des droits de douane dus à l'importation des trousseaux d'élèves et de mariage,2018,0.0,True,Exonération des droits de douane dus à l'importation des trousseaux d'élèves et de mariage,Exonération
LF2021,213227209,douanes,Exonération,Exonération des droits de douane dus à l'importation des trousseaux d'élèves et de mariage,2019,0.0,True,Exonération des droits de douane dus à l'importation des trousseaux d'élèves et de mariage,Exonération
LF2021,213227211,douanes,Exonération,Exonération des droits de douane dus à l'importation des marchandises destinées aux organismes de solidarité,2017,0.0,True,Exonération des droits de douane dus à l'importation des marchandises destinées aux organismes de solidarité,Exonération
LF2021,213227211,douanes,Exonération,Exonération des droits de douane dus à l'importation des marchandises destinées aux organismes de solidarité,2018,0.0,True,Exonération des droits de douane dus à l'importation des marchandises destinées aux organismes de solidarité,Exonération
LF2021,213227211,douanes,Exonération,Exonération des droits de douane dus à l'importation des marchandises destinées aux organismes de solidarité,2019,0.105,True,Exonération des droits de douane dus à l'importation des marchandises destinées aux organismes de solidarité,Exonération
LF2021,213227213,douanes,Exonération,Exonération des droits de douane dus à l'importation des envois à titre de dons,2017,10.333,True,Exonération des droits de douane dus à l'importation des envois à titre de dons,Exonération
LF2021,213227213,douanes,Exonération,Exonération des droits de douane dus à l'importation des envois à titre de dons,2018,17.509,True,Exonération des droits de douane dus à l'importation des envois à titre de dons,Exonération
LF2021,213227213,douanes,Exonération,Exonération des droits de douane dus à l'importation des envois à titre de dons,2019,15.694,True,Exonération des droits de douane dus à l'importation des envois à titre de dons,Exonération
LF2021,213227216,douanes,Exonération,Exonération des droits de douane dus à l'importation des échantillons sans valeur marchande,2017,0.001,True,Exonération des droits de douane dus à l'importation des échantillons sans valeur marchande,Exonération
LF2021,213227216,douanes,Exonération,Exonération des droits de douane dus à l'importation des échantillons sans valeur marchande,2018,0.008,True,Exonération des droits de douane dus à l'importation des échantillons sans valeur marchande,Exonération
LF2021,213227216,douanes,Exonération,Exonération des droits de douane dus à l'importation des échantillons sans valeur marchande,2019,0.066,True,Exonération des droits de douane dus à l'importation des échantillons sans valeur marchande,Exonération
LF2021,213227218,douanes,Exonération,Exonération des droits de douane dus à l'importation des effets personnels par les Tunisiens résidant à l'étranger dans le cadre de leur rentrée définitive (Conjoint et étrangers inclus),2017,0.025,True,Exonération des droits de douane dus à l'importation des effets personnels par les Tunisiens résidant à l'étranger dans le cadre de leur rentrée définitive (Conjoint et étrangers inclus),Exonération
LF2021,213227218,douanes,Exonération,Exonération des droits de douane dus à l'importation des effets personnels par les Tunisiens résidant à l'étranger dans le cadre de leur rentrée définitive (Conjoint et étrangers inclus),2018,0.216,True,Exonération des droits de douane dus à l'importation des effets personnels par les Tunisiens résidant à l'étranger dans le cadre de leur rentrée définitive (Conjoint et étrangers inclus),Exonération
LF2021,213227218,douanes,Exonération,Exonération des droits de douane dus à l'importation des effets personnels par les Tunisiens résidant à l'étranger dans le cadre de leur rentrée définitive (Conjoint et étrangers inclus),2019,0.002,True,Exonération des droits de douane dus à l'importation des effets personnels par les Tunisiens résidant à l'étranger dans le cadre de leur rentrée définitive (Conjoint et étrangers inclus),Exonération
LF2021,213227220,douanes,Exonération,"Exonération des droits de douane dus à l'importation d'une voiture de tourisme, une voiture utilitaire et d'un motocycle par les Tunisiens résidant à l'étranger dans le cadre de leur rentrée définitive (Conjoint et",2017,26.958,True,"Exonération des droits de douane dus à l'importation d'une voiture de tourisme, une voiture utilitaire et d'un motocycle par les Tunisiens résidant à l'étranger dans le cadre de leur rentrée définitive (Conjoint et",Exonération
LF2021,213227220,douanes,Exonération,"Exonération des droits de douane dus à l'importation d'une voiture de tourisme, une voiture utilitaire et d'un motocycle par les Tunisiens résidant à l'étranger dans le cadre de leur rentrée définitive (Conjoint et",2018,22.149,True,"Exonération des droits de douane dus à l'importation d'une voiture de tourisme, une voiture utilitaire et d'un motocycle par les Tunisiens résidant à l'étranger dans le cadre de leur rentrée définitive (Conjoint et",Exonération
LF2021,213227220,douanes,Exonération,"Exonération des droits de douane dus à l'importation d'une voiture de tourisme, une voiture utilitaire et d'un motocycle par les Tunisiens résidant à l'étranger dans le cadre de leur rentrée définitive (Conjoint et",2019,21.713,True,"Exonération des droits de douane dus à l'importation d'une voiture de tourisme, une voiture utilitaire et d'un motocycle par les Tunisiens résidant à l'étranger dans le cadre de leur rentrée définitive (Conjoint et",Exonération
LF2021,213471701,douanes,Exonération,Exonération des droits de douane dus à l'importation des Engrais et vernis servant au traitement des agrumes et des fruits,2017,1.689,True,Exonération des droits de douane dus à l'importation des Engrais et vernis servant au traitement des agrumes et des fruits,Exonération
LF2021,213471701,douanes,Exonération,Exonération des droits de douane dus à l'importation des Engrais et vernis servant au traitement des agrumes et des fruits,2018,1.993,True,Exonération des droits de douane dus à l'importation des Engrais et vernis servant au traitement des agrumes et des fruits,Exonération
LF2021,213471701,douanes,Exonération,Exonération des droits de douane dus à l'importation des Engrais et vernis servant au traitement des agrumes et des fruits,2019,2.606,True,Exonération des droits de douane dus à l'importation des Engrais et vernis servant au traitement des agrumes et des fruits,Exonération
LF2021,213471801,douanes,Exonération,Exonération des droits de douane dus à l'importation des médicaments n’ayant pas de similaires fabriqués localement,2017,0.014,True,Exonération des droits de douane dus à l'importation des médicaments n’ayant pas de similaires fabriqués localement,Exonération
LF2021,213471801,douanes,Exonération,Exonération des droits de douane dus à l'importation des médicaments n’ayant pas de similaires fabriqués localement,2018,0.032,True,Exonération des droits de douane dus à l'importation des médicaments n’ayant pas de similaires fabriqués localement,Exonération
LF2021,213471801,douanes,Exonération,Exonération des droits de douane dus à l'importation des médicaments n’ayant pas de similaires fabriqués localement,2019,0.035,True,Exonération des droits de douane dus à l'importation des médicaments n’ayant pas de similaires fabriqués localement,Exonération
LF2021,213471901,douanes,Exonération,Exonération des droits de douane dus à l'importation des matières premières et articles n’ayant pas de similaires fabriqués localement destinés à l’industrie pharmaceutique,2017,14.836,True,Exonération des droits de douane dus à l'importation des matières premières et articles n’ayant pas de similaires fabriqués localement destinés à l’industrie pharmaceutique,Exonération
LF2021,213471901,douanes,Exonération,Exonération des droits de douane dus à l'importation des matières premières et articles n’ayant pas de similaires fabriqués localement destinés à l’industrie pharmaceutique,2018,30.164,True,Exonération des droits de douane dus à l'importation des matières premières et articles n’ayant pas de similaires fabriqués localement destinés à l’industrie pharmaceutique,Exonération
LF2021,213471901,douanes,Exonération,Exonération des droits de douane dus à l'importation des matières premières et articles n’ayant pas de similaires fabriqués localement destinés à l’industrie pharmaceutique,2019,32.023,True,Exonération des droits de douane dus à l'importation des matières premières et articles n’ayant pas de similaires fabriqués localement destinés à l’industrie pharmaceutique,Exonération
LF2021,213470301,douanes,Exonération,Exonération des droits de douanes dus à l'importation des équipements nécessaires aux investissements dans le secteur agricole et de la pêche (n’ayant pas de similaires fabriqués localement),2017,11.778,True,Exonération des droits de douanes dus à l'importation des équipements nécessaires aux investissements dans le secteur agricole et de la pêche (n’ayant pas de similaires fabriqués localement),Exonération
LF2021,213470301,douanes,Exonération,Exonération des droits de douanes dus à l'importation des équipements nécessaires aux investissements dans le secteur agricole et de la pêche (n’ayant pas de similaires fabriqués localement),2018,20.104,True,Exonération des droits de douanes dus à l'importation des équipements nécessaires aux investissements dans le secteur agricole et de la pêche (n’ayant pas de similaires fabriqués localement),Exonération
LF2021,213470301,douanes,Exonération,Exonération des droits de douanes dus à l'importation des équipements nécessaires aux investissements dans le secteur agricole et de la pêche (n’ayant pas de similaires fabriqués localement),2019,20.739,True,Exonération des droits de douanes dus à l'importation des équipements nécessaires aux investissements dans le secteur agricole et de la pêche (n’ayant pas de similaires fabriqués localement),Exonération
LF2021,213470303,douanes,Exonération,"Exonération des droits de douanes dus à l'importation des équipement nécessaires aux investissements dans le secteur du transport aérien, du transport maritime et du transport international routier des marchandises et dans le secteur du transport terrestre de personnes",2017,4.158,True,"Exonération des droits de douanes dus à l'importation des équipement nécessaires aux investissements dans le secteur du transport aérien, du transport maritime et du transport international routier des marchandises et dans le secteur du transport terrestre de personnes",Exonération
LF2021,213470303,douanes,Exonération,"Exonération des droits de douanes dus à l'importation des équipement nécessaires aux investissements dans le secteur du transport aérien, du transport maritime et du transport international routier des marchandises et dans le secteur du transport terrestre de personnes",2018,4.92,True,"Exonération des droits de douanes dus à l'importation des équipement nécessaires aux investissements dans le secteur du transport aérien, du transport maritime et du transport international routier des marchandises et dans le secteur du transport terrestre de personnes",Exonération
LF2021,213470303,douanes,Exonération,"Exonération des droits de douanes dus à l'importation des équipement nécessaires aux investissements dans le secteur du transport aérien, du transport maritime et du transport international routier des marchandises et dans le secteur du transport terrestre de personnes",2019,1.637,True,"Exonération des droits de douanes dus à l'importation des équipement nécessaires aux investissements dans le secteur du transport aérien, du transport maritime et du transport international routier des marchandises et dans le secteur du transport terrestre de personnes",Exonération
LF2021,213470304,douanes,Exonération,"Exonération des droits de douanes dus à l'importation des équipements nécessaires aux investissements dans le secteur de l’éducation, de l’enseignement et de la recherche scientifique (n’ayant pas de similaires fabriqués localement)",2017,0.015,True,"Exonération des droits de douanes dus à l'importation des équipements nécessaires aux investissements dans le secteur de l’éducation, de l’enseignement et de la recherche scientifique (n’ayant pas de similaires fabriqués localement)",Exonération
LF2021,213470304,douanes,Exonération,"Exonération des droits de douanes dus à l'importation des équipements nécessaires aux investissements dans le secteur de l’éducation, de l’enseignement et de la recherche scientifique (n’ayant pas de similaires fabriqués localement)",2018,0.016,True,"Exonération des droits de douanes dus à l'importation des équipements nécessaires aux investissements dans le secteur de l’éducation, de l’enseignement et de la recherche scientifique (n’ayant pas de similaires fabriqués localement)",Exonération
LF2021,213470304,douanes,Exonération,"Exonération des droits de douanes dus à l'importation des équipements nécessaires aux investissements dans le secteur de l’éducation, de l’enseignement et de la recherche scientifique (n’ayant pas de similaires fabriqués localement)",2019,0.0,True,"Exonération des droits de douanes dus à l'importation des équipements nécessaires aux investissements dans le secteur de l’éducation, de l’enseignement et de la recherche scientifique (n’ayant pas de similaires fabriqués localement)",Exonération
LF2021,213470305,douanes,Exonération,Exonération des droits de douanes dus à l'importation des équipements nécessaires aux investissements dans le secteur de production et des industries culturelles (n’ayant pas de similaires fabriqués localement),2017,0.657,True,Exonération des droits de douanes dus à l'importation des équipements nécessaires aux investissements dans le secteur de production et des industries culturelles (n’ayant pas de similaires fabriqués localement),Exonération
LF2021,213470305,douanes,Exonération,Exonération des droits de douanes dus à l'importation des équipements nécessaires aux investissements dans le secteur de production et des industries culturelles (n’ayant pas de similaires fabriqués localement),2018,0.284,True,Exonération des droits de douanes dus à l'importation des équipements nécessaires aux investissements dans le secteur de production et des industries culturelles (n’ayant pas de similaires fabriqués localement),Exonération
LF2021,213470305,douanes,Exonération,Exonération des droits de douanes dus à l'importation des équipements nécessaires aux investissements dans le secteur de production et des industries culturelles (n’ayant pas de similaires fabriqués localement),2019,0.26,True,Exonération des droits de douanes dus à l'importation des équipements nécessaires aux investissements dans le secteur de production et des industries culturelles (n’ayant pas de similaires fabriqués localement),Exonération
LF2021,213470306,douanes,Exonération,Exonération des droits de douanes dus à l'importation des équipements nécessaires aux investissements dans le secteur de l’encadrement de,2017,1.202,True,Exonération des droits de douanes dus à l'importation des équipements nécessaires aux investissements dans le secteur de l’encadrement de,Exonération
LF2021,213470306,douanes,Exonération,Exonération des droits de douanes dus à l'importation des équipements nécessaires aux investissements dans le secteur de l’encadrement de,2018,2.367,True,Exonération des droits de douanes dus à l'importation des équipements nécessaires aux investissements dans le secteur de l’encadrement de,Exonération
LF2021,213470306,douanes,Exonération,Exonération des droits de douanes dus à l'importation des équipements nécessaires aux investissements dans le secteur de l’encadrement de,2019,2.355,True,Exonération des droits de douanes dus à l'importation des équipements nécessaires aux investissements dans le secteur de l’encadrement de,Exonération
LF2021,213470307,douanes,Exonération,Exonération des droits de douanes dus à l'importation des équipements nécessaires aux investissements réalisés par les établissements hospitaliers et sanitaires(n’ayant pas de similaires fabriqués localement),2017,0.47,True,Exonération des droits de douanes dus à l'importation des équipements nécessaires aux investissements réalisés par les établissements hospitaliers et sanitaires(n’ayant pas de similaires fabriqués localement),Exonération
LF2021,213470307,douanes,Exonération,Exonération des droits de douanes dus à l'importation des équipements nécessaires aux investissements réalisés par les établissements hospitaliers et sanitaires(n’ayant pas de similaires fabriqués localement),2018,2.487,True,Exonération des droits de douanes dus à l'importation des équipements nécessaires aux investissements réalisés par les établissements hospitaliers et sanitaires(n’ayant pas de similaires fabriqués localement),Exonération
LF2021,213470307,douanes,Exonération,Exonération des droits de douanes dus à l'importation des équipements nécessaires aux investissements réalisés par les établissements hospitaliers et sanitaires(n’ayant pas de similaires fabriqués localement),2019,1.648,True,Exonération des droits de douanes dus à l'importation des équipements nécessaires aux investissements réalisés par les établissements hospitaliers et sanitaires(n’ayant pas de similaires fabriqués localement),Exonération
LF2021,213470308,douanes,Exonération,Exonération des droits de douanes dus à l'importation des équipements nécessaires aux investissements dans le secteur du tourisme(n’ayant pas de similaires fabriqués localement),2017,2.003,True,Exonération des droits de douanes dus à l'importation des équipements nécessaires aux investissements dans le secteur du tourisme(n’ayant pas de similaires fabriqués localement),Exonération
LF2021,213470308,douanes,Exonération,Exonération des droits de douanes dus à l'importation des équipements nécessaires aux investissements dans le secteur du tourisme(n’ayant pas de similaires fabriqués localement),2018,0.068,True,Exonération des droits de douanes dus à l'importation des équipements nécessaires aux investissements dans le secteur du tourisme(n’ayant pas de similaires fabriqués localement),Exonération
LF2021,213470308,douanes,Exonération,Exonération des droits de douanes dus à l'importation des équipements nécessaires aux investissements dans le secteur du tourisme(n’ayant pas de similaires fabriqués localement),2019,0.0,True,Exonération des droits de douanes dus à l'importation des équipements nécessaires aux investissements dans le secteur du tourisme(n’ayant pas de similaires fabriqués localement),Exonération
LF2021,213470309,douanes,Exonération,Exonération des droits de douanes dus à l'importation des équipements nécessaires aux investissements dans la lutte contre la pollution et la protection de l'environnement (n’ayant pas de similaires fabriqués localement),2017,0.071,True,Exonération des droits de douanes dus à l'importation des équipements nécessaires aux investissements dans la lutte contre la pollution et la protection de l'environnement (n’ayant pas de similaires fabriqués localement),Exonération
LF2021,213470309,douanes,Exonération,Exonération des droits de douanes dus à l'importation des équipements nécessaires aux investissements dans la lutte contre la pollution et la protection de l'environnement (n’ayant pas de similaires fabriqués localement),2018,0.099,True,Exonération des droits de douanes dus à l'importation des équipements nécessaires aux investissements dans la lutte contre la pollution et la protection de l'environnement (n’ayant pas de similaires fabriqués localement),Exonération
LF2021,213470309,douanes,Exonération,Exonération des droits de douanes dus à l'importation des équipements nécessaires aux investissements dans la lutte contre la pollution et la protection de l'environnement (n’ayant pas de similaires fabriqués localement),2019,0.301,True,Exonération des droits de douanes dus à l'importation des équipements nécessaires aux investissements dans la lutte contre la pollution et la protection de l'environnement (n’ayant pas de similaires fabriqués localement),Exonération
LF2021,213470310,douanes,Exonération,Exonération des droits de douanes dus à l'importation des équipements nécessaires aux investissements dans la formation professionnelle (n’ayant pas de similaires fabriqués localement),2017,0.0,True,Exonération des droits de douanes dus à l'importation des équipements nécessaires aux investissements dans la formation professionnelle (n’ayant pas de similaires fabriqués localement),Exonération
LF2021,213470310,douanes,Exonération,Exonération des droits de douanes dus à l'importation des équipements nécessaires aux investissements dans la formation professionnelle (n’ayant pas de similaires fabriqués localement),2018,0.0,True,Exonération des droits de douanes dus à l'importation des équipements nécessaires aux investissements dans la formation professionnelle (n’ayant pas de similaires fabriqués localement),Exonération
LF2021,213470310,douanes,Exonération,Exonération des droits de douanes dus à l'importation des équipements nécessaires aux investissements dans la formation professionnelle (n’ayant pas de similaires fabriqués localement),2019,0.0,True,Exonération des droits de douanes dus à l'importation des équipements nécessaires aux investissements dans la formation professionnelle (n’ayant pas de similaires fabriqués localement),Exonération
LF2021,213470501,douanes,Exonération,"Exonération des droits de douane dus à l'importation des matériels, articles et équipement destinés à l’agriculture, à la pêche ou à la navigation maritime",2017,1.495,True,"Exonération des droits de douane dus à l'importation des matériels, articles et équipement destinés à l’agriculture, à la pêche ou à la navigation maritime",Exonération
LF2021,213470501,douanes,Exonération,"Exonération des droits de douane dus à l'importation des matériels, articles et équipement destinés à l’agriculture, à la pêche ou à la navigation maritime",2018,5.308,True,"Exonération des droits de douane dus à l'importation des matériels, articles et équipement destinés à l’agriculture, à la pêche ou à la navigation maritime",Exonération
LF2021,213470501,douanes,Exonération,"Exonération des droits de douane dus à l'importation des matériels, articles et équipement destinés à l’agriculture, à la pêche ou à la navigation maritime",2019,5.317,True,"Exonération des droits de douane dus à l'importation des matériels, articles et équipement destinés à l’agriculture, à la pêche ou à la navigation maritime",Exonération
LF2021,213470601,douanes,Exonération,Exonération des droits de douane dus à l'importation des plants et semences,2017,6.465,True,Exonération des droits de douane dus à l'importation des plants et semences,Exonération
LF2021,213470601,douanes,Exonération,Exonération des droits de douane dus à l'importation des plants et semences,2018,8.86,True,Exonération des droits de douane dus à l'importation des plants et semences,Exonération
LF2021,213470601,douanes,Exonération,Exonération des droits de douane dus à l'importation des plants et semences,2019,7.998,True,Exonération des droits de douane dus à l'importation des plants et semences,Exonération
LF2021,213470801,douanes,Exonération,"Exonération des droits de douane dus à l'importation des équipements, matériels et produits nécessaires pour la culture, le sport et l’animation socio-éducative",2017,0.143,True,"Exonération des droits de douane dus à l'importation des équipements, matériels et produits nécessaires pour la culture, le sport et l’animation socio-éducative",Exonération
LF2021,213470801,douanes,Exonération,"Exonération des droits de douane dus à l'importation des équipements, matériels et produits nécessaires pour la culture, le sport et l’animation socio-éducative",2018,0.172,True,"Exonération des droits de douane dus à l'importation des équipements, matériels et produits nécessaires pour la culture, le sport et l’animation socio-éducative",Exonération
LF2021,213470801,douanes,Exonération,"Exonération des droits de douane dus à l'importation des équipements, matériels et produits nécessaires pour la culture, le sport et l’animation socio-éducative",2019,0.064,True,"Exonération des droits de douane dus à l'importation des équipements, matériels et produits nécessaires pour la culture, le sport et l’animation socio-éducative",Exonération
LF2021,213472001,douanes,Exonération,"Exonération des droits de douane dus à l'importation des poches stériles pour la conservation du sang, des dérivés sanguins et de la moelle osseuse",2017,0.0,True,"Exonération des droits de douane dus à l'importation des poches stériles pour la conservation du sang, des dérivés sanguins et de la moelle osseuse",Exonération
LF2021,213472001,douanes,Exonération,"Exonération des droits de douane dus à l'importation des poches stériles pour la conservation du sang, des dérivés sanguins et de la moelle osseuse",2018,0.0,True,"Exonération des droits de douane dus à l'importation des poches stériles pour la conservation du sang, des dérivés sanguins et de la moelle osseuse",Exonération
LF2021,213472001,douanes,Exonération,"Exonération des droits de douane dus à l'importation des poches stériles pour la conservation du sang, des dérivés sanguins et de la moelle osseuse",2019,0.0,True,"Exonération des droits de douane dus à l'importation des poches stériles pour la conservation du sang, des dérivés sanguins et de la moelle osseuse",Exonération
LF2021,213472101,douanes,Exonération,Exonération des droits de douane dus à l'importation des équipements et des matières premières et des produits semi-finis nécessaires à la fabrication des équipements utilisés dans la maîtrise de l’énergie et dans le domaine des énergies renouvelables,2017,6.792,True,Exonération des droits de douane dus à l'importation des équipements et des matières premières et des produits semi-finis nécessaires à la fabrication des équipements utilisés dans la maîtrise de l’énergie et dans le domaine des énergies renouvelables,Exonération
LF2021,213472101,douanes,Exonération,Exonération des droits de douane dus à l'importation des équipements et des matières premières et des produits semi-finis nécessaires à la fabrication des équipements utilisés dans la maîtrise de l’énergie et dans le domaine des énergies renouvelables,2018,14.156,True,Exonération des droits de douane dus à l'importation des équipements et des matières premières et des produits semi-finis nécessaires à la fabrication des équipements utilisés dans la maîtrise de l’énergie et dans le domaine des énergies renouvelables,Exonération
LF2021,213472101,douanes,Exonération,Exonération des droits de douane dus à l'importation des équipements et des matières premières et des produits semi-finis nécessaires à la fabrication des équipements utilisés dans la maîtrise de l’énergie et dans le domaine des énergies renouvelables,2019,16.336,True,Exonération des droits de douane dus à l'importation des équipements et des matières premières et des produits semi-finis nécessaires à la fabrication des équipements utilisés dans la maîtrise de l’énergie et dans le domaine des énergies renouvelables,Exonération
LF2021,213472201,douanes,Exonération,Exonération des droits de douane dus à l'importation des matières premières et articles n’ayant pas de similaires fabriqués localement nécessaires à la fabrication des produits pharmaceutiques et des réactifs,2017,0.016,True,Exonération des droits de douane dus à l'importation des matières premières et articles n’ayant pas de similaires fabriqués localement nécessaires à la fabrication des produits pharmaceutiques et des réactifs,Exonération
LF2021,213472201,douanes,Exonération,Exonération des droits de douane dus à l'importation des matières premières et articles n’ayant pas de similaires fabriqués localement nécessaires à la fabrication des produits pharmaceutiques et des réactifs,2018,0.004,True,Exonération des droits de douane dus à l'importation des matières premières et articles n’ayant pas de similaires fabriqués localement nécessaires à la fabrication des produits pharmaceutiques et des réactifs,Exonération
LF2021,213472201,douanes,Exonération,Exonération des droits de douane dus à l'importation des matières premières et articles n’ayant pas de similaires fabriqués localement nécessaires à la fabrication des produits pharmaceutiques et des réactifs,2019,0.0,True,Exonération des droits de douane dus à l'importation des matières premières et articles n’ayant pas de similaires fabriqués localement nécessaires à la fabrication des produits pharmaceutiques et des réactifs,Exonération
LF2021,213472301,douanes,Exonération,Exonération des droits de douane dus à l'importation des équipements et pièces de rechange nécessaire à l’activité ferroviaire,2017,5.128,True,Exonération des droits de douane dus à l'importation des équipements et pièces de rechange nécessaire à l’activité ferroviaire,Exonération
LF2021,213472301,douanes,Exonération,Exonération des droits de douane dus à l'importation des équipements et pièces de rechange nécessaire à l’activité ferroviaire,2018,13.459,True,Exonération des droits de douane dus à l'importation des équipements et pièces de rechange nécessaire à l’activité ferroviaire,Exonération
LF2021,213472301,douanes,Exonération,Exonération des droits de douane dus à l'importation des équipements et pièces de rechange nécessaire à l’activité ferroviaire,2019,9.766,True,Exonération des droits de douane dus à l'importation des équipements et pièces de rechange nécessaire à l’activité ferroviaire,Exonération
LF2021,213472401,douanes,Exonération,Exonération des droits de douane dus à l'importation des supports magnétiques destinés à être utilisés exclusivement pour le traitement automatique de l'information et les disques laser,2017,0.0,True,Exonération des droits de douane dus à l'importation des supports magnétiques destinés à être utilisés exclusivement pour le traitement automatique de l'information et les disques laser,Exonération
LF2021,213472401,douanes,Exonération,Exonération des droits de douane dus à l'importation des supports magnétiques destinés à être utilisés exclusivement pour le traitement automatique de l'information et les disques laser,2018,0.0,True,Exonération des droits de douane dus à l'importation des supports magnétiques destinés à être utilisés exclusivement pour le traitement automatique de l'information et les disques laser,Exonération
LF2021,213472401,douanes,Exonération,Exonération des droits de douane dus à l'importation des supports magnétiques destinés à être utilisés exclusivement pour le traitement automatique de l'information et les disques laser,2019,0.0,True,Exonération des droits de douane dus à l'importation des supports magnétiques destinés à être utilisés exclusivement pour le traitement automatique de l'information et les disques laser,Exonération
LF2021,213472501,douanes,Exonération,Exonération des droits de douane dus à l'importation des matières premières et les articles n’ayant pas de similaires fabriqués localement et nécessaires à la fabrication ou le montage des matériels et équipements informatiques,2017,0.0,True,Exonération des droits de douane dus à l'importation des matières premières et les articles n’ayant pas de similaires fabriqués localement et nécessaires à la fabrication ou le montage des matériels et équipements informatiques,Exonération
LF2021,213472501,douanes,Exonération,Exonération des droits de douane dus à l'importation des matières premières et les articles n’ayant pas de similaires fabriqués localement et nécessaires à la fabrication ou le montage des matériels et équipements informatiques,2018,0.0,True,Exonération des droits de douane dus à l'importation des matières premières et les articles n’ayant pas de similaires fabriqués localement et nécessaires à la fabrication ou le montage des matériels et équipements informatiques,Exonération
LF2021,213472501,douanes,Exonération,Exonération des droits de douane dus à l'importation des matières premières et les articles n’ayant pas de similaires fabriqués localement et nécessaires à la fabrication ou le montage des matériels et équipements informatiques,2019,0.0,True,Exonération des droits de douane dus à l'importation des matières premières et les articles n’ayant pas de similaires fabriqués localement et nécessaires à la fabrication ou le montage des matériels et équipements informatiques,Exonération
LF2021,213472601,douanes,Exonération,"Exonération des droits de douane dus à l'importation des matières premières, produits semi-finis ainsi que les autres articles n’ayant pas de similaires fabriqués localement destinés à l'industrie locale",2017,99.911,True,"Exonération des droits de douane dus à l'importation des matières premières, produits semi-finis ainsi que les autres articles n’ayant pas de similaires fabriqués localement destinés à l'industrie locale",Exonération
LF2021,213472601,douanes,Exonération,"Exonération des droits de douane dus à l'importation des matières premières, produits semi-finis ainsi que les autres articles n’ayant pas de similaires fabriqués localement destinés à l'industrie locale",2018,453.834,True,"Exonération des droits de douane dus à l'importation des matières premières, produits semi-finis ainsi que les autres articles n’ayant pas de similaires fabriqués localement destinés à l'industrie locale",Exonération
LF2021,213472601,douanes,Exonération,"Exonération des droits de douane dus à l'importation des matières premières, produits semi-finis ainsi que les autres articles n’ayant pas de similaires fabriqués localement destinés à l'industrie locale",2019,449.904,True,"Exonération des droits de douane dus à l'importation des matières premières, produits semi-finis ainsi que les autres articles n’ayant pas de similaires fabriqués localement destinés à l'industrie locale",Exonération
LF2021,213472701,douanes,Exonération,Suspension des droits de douane dus à l'importation des matières et produits nécessaire à l'industrie locale,2017,0.058,True,Suspension des droits de douane dus à l'importation des matières et produits nécessaire à l'industrie locale,Exonération
LF2021,213472701,douanes,Exonération,Suspension des droits de douane dus à l'importation des matières et produits nécessaire à l'industrie locale,2018,0.108,True,Suspension des droits de douane dus à l'importation des matières et produits nécessaire à l'industrie locale,Exonération
LF2021,213472701,douanes,Exonération,Suspension des droits de douane dus à l'importation des matières et produits nécessaire à l'industrie locale,2019,0.002,True,Suspension des droits de douane dus à l'importation des matières et produits nécessaire à l'industrie locale,Exonération
LF2021,222000902,tva,Réduction,Réduction du taux de la taxe sur la valeur ajoutée due à l'importation des véhicules de tourisme 4 chevaux et populaire par les concessionnaires automobiles,2017,2.477,True,Réduction du taux de la taxe sur la valeur ajoutée due à l'importation des véhicules de tourisme 4 chevaux et populaire par les concessionnaires automobiles,Réduction
LF2021,222000902,tva,Réduction,Réduction du taux de la taxe sur la valeur ajoutée due à l'importation des véhicules de tourisme 4 chevaux et populaire par les concessionnaires automobiles,2018,6.181,True,Réduction du taux de la taxe sur la valeur ajoutée due à l'importation des véhicules de tourisme 4 chevaux et populaire par les concessionnaires automobiles,Réduction
LF2021,222000902,tva,Réduction,Réduction du taux de la taxe sur la valeur ajoutée due à l'importation des véhicules de tourisme 4 chevaux et populaire par les concessionnaires automobiles,2019,22.566,True,Réduction du taux de la taxe sur la valeur ajoutée due à l'importation des véhicules de tourisme 4 chevaux et populaire par les concessionnaires automobiles,Réduction
LF2021,222001201,tva,Réduction,Réduction du taux de la taxe sur la valeur ajoutée à l'importation ou l'acquisition des voitures destinées au transport rural ou utilisées comme « taxi » ou « louage» (87.03),2017,13.765,True,Réduction du taux de la taxe sur la valeur ajoutée à l'importation ou l'acquisition des voitures destinées au transport rural ou utilisées comme « taxi » ou « louage» (87.03),Réduction
LF2021,222001201,tva,Réduction,Réduction du taux de la taxe sur la valeur ajoutée à l'importation ou l'acquisition des voitures destinées au transport rural ou utilisées comme « taxi » ou « louage» (87.03),2018,17.824,True,Réduction du taux de la taxe sur la valeur ajoutée à l'importation ou l'acquisition des voitures destinées au transport rural ou utilisées comme « taxi » ou « louage» (87.03),Réduction
LF2021,222001201,tva,Réduction,Réduction du taux de la taxe sur la valeur ajoutée à l'importation ou l'acquisition des voitures destinées au transport rural ou utilisées comme « taxi » ou « louage» (87.03),2019,19.659,True,Réduction du taux de la taxe sur la valeur ajoutée à l'importation ou l'acquisition des voitures destinées au transport rural ou utilisées comme « taxi » ou « louage» (87.03),Réduction
LF2021,222001318,tva,Suspension,Suspension de la taxe sur la valeur ajoutée due à l'importation ou l'acquisition sur le marché local des Poussins des Oiseaux (n’excédant pas 185 g) et Œufs fertilisés destinés à l’incubation,2017,4.117,True,Suspension de la taxe sur la valeur ajoutée due à l'importation ou l'acquisition sur le marché local des Poussins des Oiseaux (n’excédant pas 185 g) et Œufs fertilisés destinés à l’incubation,Suspension
LF2021,222001318,tva,Suspension,Suspension de la taxe sur la valeur ajoutée due à l'importation ou l'acquisition sur le marché local des Poussins des Oiseaux (n’excédant pas 185 g) et Œufs fertilisés destinés à l’incubation,2018,5.849,True,Suspension de la taxe sur la valeur ajoutée due à l'importation ou l'acquisition sur le marché local des Poussins des Oiseaux (n’excédant pas 185 g) et Œufs fertilisés destinés à l’incubation,Suspension
LF2021,222001318,tva,Suspension,Suspension de la taxe sur la valeur ajoutée due à l'importation ou l'acquisition sur le marché local des Poussins des Oiseaux (n’excédant pas 185 g) et Œufs fertilisés destinés à l’incubation,2019,5.607,True,Suspension de la taxe sur la valeur ajoutée due à l'importation ou l'acquisition sur le marché local des Poussins des Oiseaux (n’excédant pas 185 g) et Œufs fertilisés destinés à l’incubation,Suspension
LF2021,222001319,tva,Suspension,Suspension de la taxe sur la valeur ajoutée due à l'importation ou l'acquisition sur le marché local des viandes rouges destinés à la consommation,2017,1.196,True,Suspension de la taxe sur la valeur ajoutée due à l'importation ou l'acquisition sur le marché local des viandes rouges destinés à la consommation,Suspension
LF2021,222001319,tva,Suspension,Suspension de la taxe sur la valeur ajoutée due à l'importation ou l'acquisition sur le marché local des viandes rouges destinés à la consommation,2018,8.031,True,Suspension de la taxe sur la valeur ajoutée due à l'importation ou l'acquisition sur le marché local des viandes rouges destinés à la consommation,Suspension
LF2021,222001319,tva,Suspension,Suspension de la taxe sur la valeur ajoutée due à l'importation ou l'acquisition sur le marché local des viandes rouges destinés à la consommation,2019,8.937,True,Suspension de la taxe sur la valeur ajoutée due à l'importation ou l'acquisition sur le marché local des viandes rouges destinés à la consommation,Suspension
LF2021,222001320,tva,Suspension,Suspension de la taxe sur la valeur ajoutée due à l'importation ou l'acquisition sur le marché local des Aliments destinés aux aquacultures,2017,20.756,True,Suspension de la taxe sur la valeur ajoutée due à l'importation ou l'acquisition sur le marché local des Aliments destinés aux aquacultures,Suspension
LF2021,222001320,tva,Suspension,Suspension de la taxe sur la valeur ajoutée due à l'importation ou l'acquisition sur le marché local des Aliments destinés aux aquacultures,2018,21.088,True,Suspension de la taxe sur la valeur ajoutée due à l'importation ou l'acquisition sur le marché local des Aliments destinés aux aquacultures,Suspension
LF2021,222001320,tva,Suspension,Suspension de la taxe sur la valeur ajoutée due à l'importation ou l'acquisition sur le marché local des Aliments destinés aux aquacultures,2019,15.532,True,Suspension de la taxe sur la valeur ajoutée due à l'importation ou l'acquisition sur le marché local des Aliments destinés aux aquacultures,Suspension
LF2021,222001321,tva,Suspension,"Suspension de la taxe sur la valeur ajoutée due à l'importation ou l'acquisition sur le marché local des plants, plantes, boutures, racines et greffons des types destinés à la plantation dans",2017,1.653,True,"Suspension de la taxe sur la valeur ajoutée due à l'importation ou l'acquisition sur le marché local des plants, plantes, boutures, racines et greffons des types destinés à la plantation dans",Suspension
LF2021,222001321,tva,Suspension,"Suspension de la taxe sur la valeur ajoutée due à l'importation ou l'acquisition sur le marché local des plants, plantes, boutures, racines et greffons des types destinés à la plantation dans",2018,1.448,True,"Suspension de la taxe sur la valeur ajoutée due à l'importation ou l'acquisition sur le marché local des plants, plantes, boutures, racines et greffons des types destinés à la plantation dans",Suspension
LF2021,222001321,tva,Suspension,"Suspension de la taxe sur la valeur ajoutée due à l'importation ou l'acquisition sur le marché local des plants, plantes, boutures, racines et greffons des types destinés à la plantation dans",2019,0.772,True,"Suspension de la taxe sur la valeur ajoutée due à l'importation ou l'acquisition sur le marché local des plants, plantes, boutures, racines et greffons des types destinés à la plantation dans",Suspension
LF2021,222001322,tva,Suspension,Suspension de la taxe sur la valeur ajoutée due à l'importation ou l'acquisition sur le marché local des légumes destinés à la consommation,2017,1.372,True,Suspension de la taxe sur la valeur ajoutée due à l'importation ou l'acquisition sur le marché local des légumes destinés à la consommation,Suspension
LF2021,222001322,tva,Suspension,Suspension de la taxe sur la valeur ajoutée due à l'importation ou l'acquisition sur le marché local des légumes destinés à la consommation,2018,0.258,True,Suspension de la taxe sur la valeur ajoutée due à l'importation ou l'acquisition sur le marché local des légumes destinés à la consommation,Suspension
LF2021,222001322,tva,Suspension,Suspension de la taxe sur la valeur ajoutée due à l'importation ou l'acquisition sur le marché local des légumes destinés à la consommation,2019,7.823,True,Suspension de la taxe sur la valeur ajoutée due à l'importation ou l'acquisition sur le marché local des légumes destinés à la consommation,Suspension
LF2021,222001323,tva,Suspension,Suspension de la taxe sur la valeur ajoutée due à l'importation ou l'acquisition sur le marché local des racines et des Semences,2017,12.528,True,Suspension de la taxe sur la valeur ajoutée due à l'importation ou l'acquisition sur le marché local des racines et des Semences,Suspension
LF2021,222001323,tva,Suspension,Suspension de la taxe sur la valeur ajoutée due à l'importation ou l'acquisition sur le marché local des racines et des Semences,2018,12.616,True,Suspension de la taxe sur la valeur ajoutée due à l'importation ou l'acquisition sur le marché local des racines et des Semences,Suspension
LF2021,222001323,tva,Suspension,Suspension de la taxe sur la valeur ajoutée due à l'importation ou l'acquisition sur le marché local des racines et des Semences,2019,12.077,True,Suspension de la taxe sur la valeur ajoutée due à l'importation ou l'acquisition sur le marché local des racines et des Semences,Suspension
LF2021,222001324,tva,Suspension,Suspension de la taxe sur la valeur ajoutée due à l'importation ou l'acquisition sur le marché local des aliments fourragers,2017,0.155,True,Suspension de la taxe sur la valeur ajoutée due à l'importation ou l'acquisition sur le marché local des aliments fourragers,Suspension
LF2021,222001324,tva,Suspension,Suspension de la taxe sur la valeur ajoutée due à l'importation ou l'acquisition sur le marché local des aliments fourragers,2018,0.001,True,Suspension de la taxe sur la valeur ajoutée due à l'importation ou l'acquisition sur le marché local des aliments fourragers,Suspension
LF2021,222001324,tva,Suspension,Suspension de la taxe sur la valeur ajoutée due à l'importation ou l'acquisition sur le marché local des aliments fourragers,2019,0.204,True,Suspension de la taxe sur la valeur ajoutée due à l'importation ou l'acquisition sur le marché local des aliments fourragers,Suspension
LF2021,222001325,tva,Suspension,Suspension de la taxe sur la valeur ajoutée due à l'importation ou l'acquisition sur le marché local des Engrais,2017,10.313,True,Suspension de la taxe sur la valeur ajoutée due à l'importation ou l'acquisition sur le marché local des Engrais,Suspension
LF2021,222001325,tva,Suspension,Suspension de la taxe sur la valeur ajoutée due à l'importation ou l'acquisition sur le marché local des Engrais,2018,11.882,True,Suspension de la taxe sur la valeur ajoutée due à l'importation ou l'acquisition sur le marché local des Engrais,Suspension
LF2021,222001325,tva,Suspension,Suspension de la taxe sur la valeur ajoutée due à l'importation ou l'acquisition sur le marché local des Engrais,2019,12.708,True,Suspension de la taxe sur la valeur ajoutée due à l'importation ou l'acquisition sur le marché local des Engrais,Suspension
LF2021,222001326,tva,Suspension,Suspension de la taxe sur la valeur ajoutée due à l'importation ou l'acquisition sur le marché local des Huiles végétales brutes,2017,40.393,True,Suspension de la taxe sur la valeur ajoutée due à l'importation ou l'acquisition sur le marché local des Huiles végétales brutes,Suspension
LF2021,222001326,tva,Suspension,Suspension de la taxe sur la valeur ajoutée due à l'importation ou l'acquisition sur le marché local des Huiles végétales brutes,2018,20.097,True,Suspension de la taxe sur la valeur ajoutée due à l'importation ou l'acquisition sur le marché local des Huiles végétales brutes,Suspension
LF2021,222001326,tva,Suspension,Suspension de la taxe sur la valeur ajoutée due à l'importation ou l'acquisition sur le marché local des Huiles végétales brutes,2019,18.29,True,Suspension de la taxe sur la valeur ajoutée due à l'importation ou l'acquisition sur le marché local des Huiles végétales brutes,Suspension
LF2021,222001327,tva,Suspension,Suspension de la taxe sur la valeur ajoutée due à l'importation ou l'acquisition sur le marché local des Huiles végétales raffinées,2017,1.318,True,Suspension de la taxe sur la valeur ajoutée due à l'importation ou l'acquisition sur le marché local des Huiles végétales raffinées,Suspension
LF2021,222001327,tva,Suspension,Suspension de la taxe sur la valeur ajoutée due à l'importation ou l'acquisition sur le marché local des Huiles végétales raffinées,2018,0.258,True,Suspension de la taxe sur la valeur ajoutée due à l'importation ou l'acquisition sur le marché local des Huiles végétales raffinées,Suspension
LF2021,222001327,tva,Suspension,Suspension de la taxe sur la valeur ajoutée due à l'importation ou l'acquisition sur le marché local des Huiles végétales raffinées,2019,1.076,True,Suspension de la taxe sur la valeur ajoutée due à l'importation ou l'acquisition sur le marché local des Huiles végétales raffinées,Suspension
LF2021,222001328,tva,Suspension,Suspension de la taxe sur la valeur ajoutée due à l'importation ou l'acquisition sur le marché local des Produits et préparations alimentaires destinés à l'utilisation dans le domaine médicale,2017,0.0,True,Suspension de la taxe sur la valeur ajoutée due à l'importation ou l'acquisition sur le marché local des Produits et préparations alimentaires destinés à l'utilisation dans le domaine médicale,Suspension
LF2021,222001328,tva,Suspension,Suspension de la taxe sur la valeur ajoutée due à l'importation ou l'acquisition sur le marché local des Produits et préparations alimentaires destinés à l'utilisation dans le domaine médicale,2018,0.0,True,Suspension de la taxe sur la valeur ajoutée due à l'importation ou l'acquisition sur le marché local des Produits et préparations alimentaires destinés à l'utilisation dans le domaine médicale,Suspension
LF2021,222001328,tva,Suspension,Suspension de la taxe sur la valeur ajoutée due à l'importation ou l'acquisition sur le marché local des Produits et préparations alimentaires destinés à l'utilisation dans le domaine médicale,2019,0.0,True,Suspension de la taxe sur la valeur ajoutée due à l'importation ou l'acquisition sur le marché local des Produits et préparations alimentaires destinés à l'utilisation dans le domaine médicale,Suspension
LF2021,222001329,tva,Suspension,"Suspension de la taxe sur la valeur ajoutée due à l'importation ou l'acquisition sur le marché local des matériels, équipements et",2017,6.732,True,"Suspension de la taxe sur la valeur ajoutée due à l'importation ou l'acquisition sur le marché local des matériels, équipements et",Suspension
LF2021,222001329,tva,Suspension,"Suspension de la taxe sur la valeur ajoutée due à l'importation ou l'acquisition sur le marché local des matériels, équipements et",2018,9.257,True,"Suspension de la taxe sur la valeur ajoutée due à l'importation ou l'acquisition sur le marché local des matériels, équipements et",Suspension
LF2021,222001329,tva,Suspension,"Suspension de la taxe sur la valeur ajoutée due à l'importation ou l'acquisition sur le marché local des matériels, équipements et",2019,10.216,True,"Suspension de la taxe sur la valeur ajoutée due à l'importation ou l'acquisition sur le marché local des matériels, équipements et",Suspension
LF2021,222001330,tva,Exonération,Suspension de la taxe sur la valeur ajoutée due à l'importation ou l'acquisition sur le marché local des produits et matériels utilisés l'agriculture et la pêche,2017,0.289,True,Suspension de la taxe sur la valeur ajoutée due à l'importation ou l'acquisition sur le marché local des produits et matériels utilisés l'agriculture et la pêche,Exonération
LF2021,222001330,tva,Exonération,Suspension de la taxe sur la valeur ajoutée due à l'importation ou l'acquisition sur le marché local des produits et matériels utilisés l'agriculture et la pêche,2018,0.253,True,Suspension de la taxe sur la valeur ajoutée due à l'importation ou l'acquisition sur le marché local des produits et matériels utilisés l'agriculture et la pêche,Exonération
LF2021,222001330,tva,Exonération,Suspension de la taxe sur la valeur ajoutée due à l'importation ou l'acquisition sur le marché local des produits et matériels utilisés l'agriculture et la pêche,2019,0.375,True,Suspension de la taxe sur la valeur ajoutée due à l'importation ou l'acquisition sur le marché local des produits et matériels utilisés l'agriculture et la pêche,Exonération
LF2021,222001331,tva,Suspension,Suspension de la taxe sur la valeur ajoutée due à l'importation ou l'acquisition sur le marché local des produits alimentaires de consommation,2017,161.67,True,Suspension de la taxe sur la valeur ajoutée due à l'importation ou l'acquisition sur le marché local des produits alimentaires de consommation,Suspension
LF2021,222001331,tva,Suspension,Suspension de la taxe sur la valeur ajoutée due à l'importation ou l'acquisition sur le marché local des produits alimentaires de consommation,2018,254.437,True,Suspension de la taxe sur la valeur ajoutée due à l'importation ou l'acquisition sur le marché local des produits alimentaires de consommation,Suspension
LF2021,222001331,tva,Suspension,Suspension de la taxe sur la valeur ajoutée due à l'importation ou l'acquisition sur le marché local des produits alimentaires de consommation,2019,173.949,True,Suspension de la taxe sur la valeur ajoutée due à l'importation ou l'acquisition sur le marché local des produits alimentaires de consommation,Suspension
LF2021,222001332,tva,Suspension,"Suspension de la taxe sur la valeur ajoutée due à l'importation ou l'acquisition sur le marché local des équipements, outils destinés à être utilisés dans le domaine médical",2017,0.288,True,"Suspension de la taxe sur la valeur ajoutée due à l'importation ou l'acquisition sur le marché local des équipements, outils destinés à être utilisés dans le domaine médical",Suspension
LF2021,222001332,tva,Suspension,"Suspension de la taxe sur la valeur ajoutée due à l'importation ou l'acquisition sur le marché local des équipements, outils destinés à être utilisés dans le domaine médical",2018,0.191,True,"Suspension de la taxe sur la valeur ajoutée due à l'importation ou l'acquisition sur le marché local des équipements, outils destinés à être utilisés dans le domaine médical",Suspension
LF2021,222001332,tva,Suspension,"Suspension de la taxe sur la valeur ajoutée due à l'importation ou l'acquisition sur le marché local des équipements, outils destinés à être utilisés dans le domaine médical",2019,0.277,True,"Suspension de la taxe sur la valeur ajoutée due à l'importation ou l'acquisition sur le marché local des équipements, outils destinés à être utilisés dans le domaine médical",Suspension
LF2021,222001333,tva,Suspension,Suspension de la taxe sur la valeur ajoutée due à l'importation ou l'acquisition sur le marché local des médicaments et des produits paramédicaux,2017,200.338,True,Suspension de la taxe sur la valeur ajoutée due à l'importation ou l'acquisition sur le marché local des médicaments et des produits paramédicaux,Suspension
LF2021,222001333,tva,Suspension,Suspension de la taxe sur la valeur ajoutée due à l'importation ou l'acquisition sur le marché local des médicaments et des produits paramédicaux,2018,247.719,True,Suspension de la taxe sur la valeur ajoutée due à l'importation ou l'acquisition sur le marché local des médicaments et des produits paramédicaux,Suspension
LF2021,222001333,tva,Suspension,Suspension de la taxe sur la valeur ajoutée due à l'importation ou l'acquisition sur le marché local des médicaments et des produits paramédicaux,2019,274.453,True,Suspension de la taxe sur la valeur ajoutée due à l'importation ou l'acquisition sur le marché local des médicaments et des produits paramédicaux,Suspension
LF2021,222001334,tva,Suspension,Suspension de la taxe sur la valeur ajoutée due à l'importation ou l'acquisition sur le marché local des produits divers,2017,0.347,True,Suspension de la taxe sur la valeur ajoutée due à l'importation ou l'acquisition sur le marché local des produits divers,Suspension
LF2021,222001334,tva,Suspension,Suspension de la taxe sur la valeur ajoutée due à l'importation ou l'acquisition sur le marché local des produits divers,2018,0.383,True,Suspension de la taxe sur la valeur ajoutée due à l'importation ou l'acquisition sur le marché local des produits divers,Suspension
LF2021,222001334,tva,Suspension,Suspension de la taxe sur la valeur ajoutée due à l'importation ou l'acquisition sur le marché local des produits divers,2019,0.323,True,Suspension de la taxe sur la valeur ajoutée due à l'importation ou l'acquisition sur le marché local des produits divers,Suspension
LF2021,222001336,tva,Suspension,Suspension de la taxe sur la valeur ajoutée due à l'importation des produits par les associations d'aide aux enfants atteints de xérodermie pigmentosum,2017,0.0,True,Suspension de la taxe sur la valeur ajoutée due à l'importation des produits par les associations d'aide aux enfants atteints de xérodermie pigmentosum,Suspension
LF2021,222001336,tva,Suspension,Suspension de la taxe sur la valeur ajoutée due à l'importation des produits par les associations d'aide aux enfants atteints de xérodermie pigmentosum,2018,0.0,True,Suspension de la taxe sur la valeur ajoutée due à l'importation des produits par les associations d'aide aux enfants atteints de xérodermie pigmentosum,Suspension
LF2021,222001336,tva,Suspension,Suspension de la taxe sur la valeur ajoutée due à l'importation des produits par les associations d'aide aux enfants atteints de xérodermie pigmentosum,2019,0.0,True,Suspension de la taxe sur la valeur ajoutée due à l'importation des produits par les associations d'aide aux enfants atteints de xérodermie pigmentosum,Suspension
LF2021,222001338,tva,Suspension,Suspension de la taxe sur la valeur ajoutée due à l'importation des chaises roulantes spécialement aménagées à l’usage des handicapés physiques,2017,0.009,True,Suspension de la taxe sur la valeur ajoutée due à l'importation des chaises roulantes spécialement aménagées à l’usage des handicapés physiques,Suspension
LF2021,222001338,tva,Suspension,Suspension de la taxe sur la valeur ajoutée due à l'importation des chaises roulantes spécialement aménagées à l’usage des handicapés physiques,2018,0.0,True,Suspension de la taxe sur la valeur ajoutée due à l'importation des chaises roulantes spécialement aménagées à l’usage des handicapés physiques,Suspension
LF2021,222001338,tva,Suspension,Suspension de la taxe sur la valeur ajoutée due à l'importation des chaises roulantes spécialement aménagées à l’usage des handicapés physiques,2019,0.0,True,Suspension de la taxe sur la valeur ajoutée due à l'importation des chaises roulantes spécialement aménagées à l’usage des handicapés physiques,Suspension
LF2021,222001340,tva,Suspension,Suspension de la taxe sur la valeur ajoutée due à l'importation des poussettes destinées au transport des enfants qui souffrent d’une insuffisance motrice d’origine cérébrale,2017,0.0,True,Suspension de la taxe sur la valeur ajoutée due à l'importation des poussettes destinées au transport des enfants qui souffrent d’une insuffisance motrice d’origine cérébrale,Suspension
LF2021,222001340,tva,Suspension,Suspension de la taxe sur la valeur ajoutée due à l'importation des poussettes destinées au transport des enfants qui souffrent d’une insuffisance motrice d’origine cérébrale,2018,0.0,True,Suspension de la taxe sur la valeur ajoutée due à l'importation des poussettes destinées au transport des enfants qui souffrent d’une insuffisance motrice d’origine cérébrale,Suspension
LF2021,222001340,tva,Suspension,Suspension de la taxe sur la valeur ajoutée due à l'importation des poussettes destinées au transport des enfants qui souffrent d’une insuffisance motrice d’origine cérébrale,2019,0.0,True,Suspension de la taxe sur la valeur ajoutée due à l'importation des poussettes destinées au transport des enfants qui souffrent d’une insuffisance motrice d’origine cérébrale,Suspension
LF2021,222300701,tva,Réduction,Réduction du taux de la taxe sur la valeur ajoutée à 7% due à l'importation et à la vente des produits suivants à l’agriculture et à la pêche,2017,0.924,True,Réduction du taux de la taxe sur la valeur ajoutée à 7% due à l'importation et à la vente des produits suivants à l’agriculture et à la pêche,Réduction
LF2021,222300701,tva,Réduction,Réduction du taux de la taxe sur la valeur ajoutée à 7% due à l'importation et à la vente des produits suivants à l’agriculture et à la pêche,2018,1.684,True,Réduction du taux de la taxe sur la valeur ajoutée à 7% due à l'importation et à la vente des produits suivants à l’agriculture et à la pêche,Réduction
LF2021,222300701,tva,Réduction,Réduction du taux de la taxe sur la valeur ajoutée à 7% due à l'importation et à la vente des produits suivants à l’agriculture et à la pêche,2019,0.183,True,Réduction du taux de la taxe sur la valeur ajoutée à 7% due à l'importation et à la vente des produits suivants à l’agriculture et à la pêche,Réduction
LF2021,222300702,tva,Réduction,Réduction du taux de la taxe sur la valeur ajoutée à 7% due à l'importation des supports magnétiques destinés à être utilisés exclusivement pour le traitement automatique de l'information et les disques laser,2017,0.054,True,Réduction du taux de la taxe sur la valeur ajoutée à 7% due à l'importation des supports magnétiques destinés à être utilisés exclusivement pour le traitement automatique de l'information et les disques laser,Réduction
LF2021,222300702,tva,Réduction,Réduction du taux de la taxe sur la valeur ajoutée à 7% due à l'importation des supports magnétiques destinés à être utilisés exclusivement pour le traitement automatique de l'information et les disques laser,2018,0.051,True,Réduction du taux de la taxe sur la valeur ajoutée à 7% due à l'importation des supports magnétiques destinés à être utilisés exclusivement pour le traitement automatique de l'information et les disques laser,Réduction
LF2021,222300702,tva,Réduction,Réduction du taux de la taxe sur la valeur ajoutée à 7% due à l'importation des supports magnétiques destinés à être utilisés exclusivement pour le traitement automatique de l'information et les disques laser,2019,0.048,True,Réduction du taux de la taxe sur la valeur ajoutée à 7% due à l'importation des supports magnétiques destinés à être utilisés exclusivement pour le traitement automatique de l'information et les disques laser,Réduction
LF2021,222300703,tva,Réduction,Réduction du taux de la taxe sur la valeur ajoutée à 7% due à l'importation et à la vente sur le marché local des machines pour le traitement de l’information leurs pièces et parties et les cartes électroniques destinées à l’extension de la capacité de mémoire des machines pour le traitement de l’information,2017,0.477,True,Réduction du taux de la taxe sur la valeur ajoutée à 7% due à l'importation et à la vente sur le marché local des machines pour le traitement de l’information leurs pièces et parties et les cartes électroniques destinées à l’extension de la capacité de mémoire des machines pour le traitement de l’information,Réduction
LF2021,222300703,tva,Réduction,Réduction du taux de la taxe sur la valeur ajoutée à 7% due à l'importation et à la vente sur le marché local des machines pour le traitement de l’information leurs pièces et parties et les cartes électroniques destinées à l’extension de la capacité de mémoire des machines pour le traitement de l’information,2018,0.469,True,Réduction du taux de la taxe sur la valeur ajoutée à 7% due à l'importation et à la vente sur le marché local des machines pour le traitement de l’information leurs pièces et parties et les cartes électroniques destinées à l’extension de la capacité de mémoire des machines pour le traitement de l’information,Réduction
LF2021,222300703,tva,Réduction,Réduction du taux de la taxe sur la valeur ajoutée à 7% due à l'importation et à la vente sur le marché local des machines pour le traitement de l’information leurs pièces et parties et les cartes électroniques destinées à l’extension de la capacité de mémoire des machines pour le traitement de l’information,2019,0.565,True,Réduction du taux de la taxe sur la valeur ajoutée à 7% due à l'importation et à la vente sur le marché local des machines pour le traitement de l’information leurs pièces et parties et les cartes électroniques destinées à l’extension de la capacité de mémoire des machines pour le traitement de l’information,Réduction
LF2021,222300704,tva,Réduction,"Réduction du taux de la taxe sur la valeur ajoutée à 7% due à l'importation et à la vente sur le marché local des aliments composés pour bétail, des tourteaux de soja et des farines de poissons",2017,0.0,True,"Réduction du taux de la taxe sur la valeur ajoutée à 7% due à l'importation et à la vente sur le marché local des aliments composés pour bétail, des tourteaux de soja et des farines de poissons",Réduction
LF2021,222300704,tva,Réduction,"Réduction du taux de la taxe sur la valeur ajoutée à 7% due à l'importation et à la vente sur le marché local des aliments composés pour bétail, des tourteaux de soja et des farines de poissons",2018,0.0,True,"Réduction du taux de la taxe sur la valeur ajoutée à 7% due à l'importation et à la vente sur le marché local des aliments composés pour bétail, des tourteaux de soja et des farines de poissons",Réduction
LF2021,222300704,tva,Réduction,"Réduction du taux de la taxe sur la valeur ajoutée à 7% due à l'importation et à la vente sur le marché local des aliments composés pour bétail, des tourteaux de soja et des farines de poissons",2019,0.0,True,"Réduction du taux de la taxe sur la valeur ajoutée à 7% due à l'importation et à la vente sur le marché local des aliments composés pour bétail, des tourteaux de soja et des farines de poissons",Réduction
LF2021,222300705,tva,Réduction,Réduction du taux de la taxe sur la valeur ajoutée à 7% due à l'importation et à la vente sur le marché local des matières premières et articles n’ayant pas de similaires fabriqués,2017,0.0,True,Réduction du taux de la taxe sur la valeur ajoutée à 7% due à l'importation et à la vente sur le marché local des matières premières et articles n’ayant pas de similaires fabriqués,Réduction
LF2021,222300705,tva,Réduction,Réduction du taux de la taxe sur la valeur ajoutée à 7% due à l'importation et à la vente sur le marché local des matières premières et articles n’ayant pas de similaires fabriqués,2018,0.0,True,Réduction du taux de la taxe sur la valeur ajoutée à 7% due à l'importation et à la vente sur le marché local des matières premières et articles n’ayant pas de similaires fabriqués,Réduction
LF2021,222300705,tva,Réduction,Réduction du taux de la taxe sur la valeur ajoutée à 7% due à l'importation et à la vente sur le marché local des matières premières et articles n’ayant pas de similaires fabriqués,2019,0.0,True,Réduction du taux de la taxe sur la valeur ajoutée à 7% due à l'importation et à la vente sur le marché local des matières premières et articles n’ayant pas de similaires fabriqués,Réduction
LF2021,222300706,tva,Réduction,Réduction du taux de la taxe sur la valeur ajoutée à 7% due à l'importation et à la vente sur le marché local des Enroulés métalliques et couvercles destinés à la fabrication des boites d’emballage de la sardine,2017,0.0,True,Réduction du taux de la taxe sur la valeur ajoutée à 7% due à l'importation et à la vente sur le marché local des Enroulés métalliques et couvercles destinés à la fabrication des boites d’emballage de la sardine,Réduction
LF2021,222300706,tva,Réduction,Réduction du taux de la taxe sur la valeur ajoutée à 7% due à l'importation et à la vente sur le marché local des Enroulés métalliques et couvercles destinés à la fabrication des boites d’emballage de la sardine,2018,0.0,True,Réduction du taux de la taxe sur la valeur ajoutée à 7% due à l'importation et à la vente sur le marché local des Enroulés métalliques et couvercles destinés à la fabrication des boites d’emballage de la sardine,Réduction
LF2021,222300706,tva,Réduction,Réduction du taux de la taxe sur la valeur ajoutée à 7% due à l'importation et à la vente sur le marché local des Enroulés métalliques et couvercles destinés à la fabrication des boites d’emballage de la sardine,2019,0.0,True,Réduction du taux de la taxe sur la valeur ajoutée à 7% due à l'importation et à la vente sur le marché local des Enroulés métalliques et couvercles destinés à la fabrication des boites d’emballage de la sardine,Réduction
LF2021,222300707,tva,Réduction,Réduction du taux de la taxe sur la valeur ajoutée à 7% due à l'importation et à la vente sur le marché local des huiles acides utilisées dans la fabrication du savon ordinaire,2017,0.0,True,Réduction du taux de la taxe sur la valeur ajoutée à 7% due à l'importation et à la vente sur le marché local des huiles acides utilisées dans la fabrication du savon ordinaire,Réduction
LF2021,222300707,tva,Réduction,Réduction du taux de la taxe sur la valeur ajoutée à 7% due à l'importation et à la vente sur le marché local des huiles acides utilisées dans la fabrication du savon ordinaire,2018,0.0,True,Réduction du taux de la taxe sur la valeur ajoutée à 7% due à l'importation et à la vente sur le marché local des huiles acides utilisées dans la fabrication du savon ordinaire,Réduction
LF2021,222300707,tva,Réduction,Réduction du taux de la taxe sur la valeur ajoutée à 7% due à l'importation et à la vente sur le marché local des huiles acides utilisées dans la fabrication du savon ordinaire,2019,0.0,True,Réduction du taux de la taxe sur la valeur ajoutée à 7% due à l'importation et à la vente sur le marché local des huiles acides utilisées dans la fabrication du savon ordinaire,Réduction
LF2021,222300708,tva,Réduction,Réduction du taux de la taxe sur la valeur ajoutée à 7% due à l'importation et à la vente sur le marché local des matières premières et intrants destinés au secteur de l’artisanat destinés au secteur de l’artisanat,2017,1.044,True,Réduction du taux de la taxe sur la valeur ajoutée à 7% due à l'importation et à la vente sur le marché local des matières premières et intrants destinés au secteur de l’artisanat destinés au secteur de l’artisanat,Réduction
LF2021,222300708,tva,Réduction,Réduction du taux de la taxe sur la valeur ajoutée à 7% due à l'importation et à la vente sur le marché local des matières premières et intrants destinés au secteur de l’artisanat destinés au secteur de l’artisanat,2018,1.352,True,Réduction du taux de la taxe sur la valeur ajoutée à 7% due à l'importation et à la vente sur le marché local des matières premières et intrants destinés au secteur de l’artisanat destinés au secteur de l’artisanat,Réduction
LF2021,222300708,tva,Réduction,Réduction du taux de la taxe sur la valeur ajoutée à 7% due à l'importation et à la vente sur le marché local des matières premières et intrants destinés au secteur de l’artisanat destinés au secteur de l’artisanat,2019,1.67,True,Réduction du taux de la taxe sur la valeur ajoutée à 7% due à l'importation et à la vente sur le marché local des matières premières et intrants destinés au secteur de l’artisanat destinés au secteur de l’artisanat,Réduction
LF2021,222300710,tva,Réduction,"Réduction du taux de la taxe sur la valeur ajoutée à 7% due à l'importation et à la vente sur le marché local des publications et dépliants touristiques, destinés à l'hôtellerie ainsi que des affiches publicitaires gratuites, des formulaires d'importation temporaire ou de circulation internationale",2017,0.0,True,"Réduction du taux de la taxe sur la valeur ajoutée à 7% due à l'importation et à la vente sur le marché local des publications et dépliants touristiques, destinés à l'hôtellerie ainsi que des affiches publicitaires gratuites, des formulaires d'importation temporaire ou de circulation internationale",Réduction
LF2021,222300710,tva,Réduction,"Réduction du taux de la taxe sur la valeur ajoutée à 7% due à l'importation et à la vente sur le marché local des publications et dépliants touristiques, destinés à l'hôtellerie ainsi que des affiches publicitaires gratuites, des formulaires d'importation temporaire ou de circulation internationale",2018,0.0,True,"Réduction du taux de la taxe sur la valeur ajoutée à 7% due à l'importation et à la vente sur le marché local des publications et dépliants touristiques, destinés à l'hôtellerie ainsi que des affiches publicitaires gratuites, des formulaires d'importation temporaire ou de circulation internationale",Réduction
LF2021,222300710,tva,Réduction,"Réduction du taux de la taxe sur la valeur ajoutée à 7% due à l'importation et à la vente sur le marché local des publications et dépliants touristiques, destinés à l'hôtellerie ainsi que des affiches publicitaires gratuites, des formulaires d'importation temporaire ou de circulation internationale",2019,0.0,True,"Réduction du taux de la taxe sur la valeur ajoutée à 7% due à l'importation et à la vente sur le marché local des publications et dépliants touristiques, destinés à l'hôtellerie ainsi que des affiches publicitaires gratuites, des formulaires d'importation temporaire ou de circulation internationale",Réduction
LF2021,222300711,tva,Réduction,Réduction du taux de la taxe sur la valeur ajoutée à 7% due à l'importation et à la vente sur le marché local des cahiers scolaire,2017,0.0,True,Réduction du taux de la taxe sur la valeur ajoutée à 7% due à l'importation et à la vente sur le marché local des cahiers scolaire,Réduction
LF2021,222300711,tva,Réduction,Réduction du taux de la taxe sur la valeur ajoutée à 7% due à l'importation et à la vente sur le marché local des cahiers scolaire,2018,0.0,True,Réduction du taux de la taxe sur la valeur ajoutée à 7% due à l'importation et à la vente sur le marché local des cahiers scolaire,Réduction
LF2021,222300711,tva,Réduction,Réduction du taux de la taxe sur la valeur ajoutée à 7% due à l'importation et à la vente sur le marché local des cahiers scolaire,2019,0.0,True,Réduction du taux de la taxe sur la valeur ajoutée à 7% due à l'importation et à la vente sur le marché local des cahiers scolaire,Réduction
LF2021,222300712,tva,Réduction,"Réduction du taux de la taxe sur la valeur ajoutée à 7% due à l'importation et à la vente sur le marché local des bateaux destinés à la navigation maritime autres que ceux de plaisance ou de sport, ainsi que tous matériels destinés à être incorporés à ces bateaux",2017,0.0,True,"Réduction du taux de la taxe sur la valeur ajoutée à 7% due à l'importation et à la vente sur le marché local des bateaux destinés à la navigation maritime autres que ceux de plaisance ou de sport, ainsi que tous matériels destinés à être incorporés à ces bateaux",Réduction
LF2021,222300712,tva,Réduction,"Réduction du taux de la taxe sur la valeur ajoutée à 7% due à l'importation et à la vente sur le marché local des bateaux destinés à la navigation maritime autres que ceux de plaisance ou de sport, ainsi que tous matériels destinés à être incorporés à ces bateaux",2018,0.0,True,"Réduction du taux de la taxe sur la valeur ajoutée à 7% due à l'importation et à la vente sur le marché local des bateaux destinés à la navigation maritime autres que ceux de plaisance ou de sport, ainsi que tous matériels destinés à être incorporés à ces bateaux",Réduction
LF2021,222300712,tva,Réduction,"Réduction du taux de la taxe sur la valeur ajoutée à 7% due à l'importation et à la vente sur le marché local des bateaux destinés à la navigation maritime autres que ceux de plaisance ou de sport, ainsi que tous matériels destinés à être incorporés à ces bateaux",2019,0.0,True,"Réduction du taux de la taxe sur la valeur ajoutée à 7% due à l'importation et à la vente sur le marché local des bateaux destinés à la navigation maritime autres que ceux de plaisance ou de sport, ainsi que tous matériels destinés à être incorporés à ces bateaux",Réduction
LF2021,222300713,tva,Réduction,Réduction du taux de la taxe sur la valeur ajoutée à 7% due à l'importation et à la vente sur le marché local des équipements et pièces de rechange nécessaires à l'activité du transport ferroviaire,2017,0.0,True,Réduction du taux de la taxe sur la valeur ajoutée à 7% due à l'importation et à la vente sur le marché local des équipements et pièces de rechange nécessaires à l'activité du transport ferroviaire,Réduction
LF2021,222300713,tva,Réduction,Réduction du taux de la taxe sur la valeur ajoutée à 7% due à l'importation et à la vente sur le marché local des équipements et pièces de rechange nécessaires à l'activité du transport ferroviaire,2018,0.0,True,Réduction du taux de la taxe sur la valeur ajoutée à 7% due à l'importation et à la vente sur le marché local des équipements et pièces de rechange nécessaires à l'activité du transport ferroviaire,Réduction
LF2021,222300713,tva,Réduction,Réduction du taux de la taxe sur la valeur ajoutée à 7% due à l'importation et à la vente sur le marché local des équipements et pièces de rechange nécessaires à l'activité du transport ferroviaire,2019,0.0,True,Réduction du taux de la taxe sur la valeur ajoutée à 7% due à l'importation et à la vente sur le marché local des équipements et pièces de rechange nécessaires à l'activité du transport ferroviaire,Réduction
LF2021,222300714,tva,Réduction,Réduction du taux de la taxe sur la valeur ajoutée à 7% due à l'importation et à la vente sur le marché local des additifs alimentaires destinés à la fabrication des aliments,2017,0.0,True,Réduction du taux de la taxe sur la valeur ajoutée à 7% due à l'importation et à la vente sur le marché local des additifs alimentaires destinés à la fabrication des aliments,Réduction
LF2021,222300714,tva,Réduction,Réduction du taux de la taxe sur la valeur ajoutée à 7% due à l'importation et à la vente sur le marché local des additifs alimentaires destinés à la fabrication des aliments,2018,0.0,True,Réduction du taux de la taxe sur la valeur ajoutée à 7% due à l'importation et à la vente sur le marché local des additifs alimentaires destinés à la fabrication des aliments,Réduction
LF2021,222300714,tva,Réduction,Réduction du taux de la taxe sur la valeur ajoutée à 7% due à l'importation et à la vente sur le marché local des additifs alimentaires destinés à la fabrication des aliments,2019,0.0,True,Réduction du taux de la taxe sur la valeur ajoutée à 7% due à l'importation et à la vente sur le marché local des additifs alimentaires destinés à la fabrication des aliments,Réduction
LF2021,222300715,tva,Réduction,Réduction du taux de la taxe sur la valeur ajoutée à 7% due à l'importation et à la vente sur le marché local des shampooings à usage médical et les dentifrices à usage médical,2017,0.0,True,Réduction du taux de la taxe sur la valeur ajoutée à 7% due à l'importation et à la vente sur le marché local des shampooings à usage médical et les dentifrices à usage médical,Réduction
LF2021,222300715,tva,Réduction,Réduction du taux de la taxe sur la valeur ajoutée à 7% due à l'importation et à la vente sur le marché local des shampooings à usage médical et les dentifrices à usage médical,2018,0.0,True,Réduction du taux de la taxe sur la valeur ajoutée à 7% due à l'importation et à la vente sur le marché local des shampooings à usage médical et les dentifrices à usage médical,Réduction
LF2021,222300715,tva,Réduction,Réduction du taux de la taxe sur la valeur ajoutée à 7% due à l'importation et à la vente sur le marché local des shampooings à usage médical et les dentifrices à usage médical,2019,0.0,True,Réduction du taux de la taxe sur la valeur ajoutée à 7% due à l'importation et à la vente sur le marché local des shampooings à usage médical et les dentifrices à usage médical,Réduction
LF2021,222300716,tva,Réduction,Réduction du taux de la taxe sur la valeur ajoutée à 7% due à l'importation et à la vente sur le marché local des seringues destinées au conditionnement médicaments,2017,0.0,True,Réduction du taux de la taxe sur la valeur ajoutée à 7% due à l'importation et à la vente sur le marché local des seringues destinées au conditionnement médicaments,Réduction
LF2021,222300716,tva,Réduction,Réduction du taux de la taxe sur la valeur ajoutée à 7% due à l'importation et à la vente sur le marché local des seringues destinées au conditionnement médicaments,2018,0.0,True,Réduction du taux de la taxe sur la valeur ajoutée à 7% due à l'importation et à la vente sur le marché local des seringues destinées au conditionnement médicaments,Réduction
LF2021,222300716,tva,Réduction,Réduction du taux de la taxe sur la valeur ajoutée à 7% due à l'importation et à la vente sur le marché local des seringues destinées au conditionnement médicaments,2019,0.0,True,Réduction du taux de la taxe sur la valeur ajoutée à 7% due à l'importation et à la vente sur le marché local des seringues destinées au conditionnement médicaments,Réduction
LF2021,222300717,tva,Réduction,Réduction du taux de la taxe sur la valeur ajoutée à 7% due à l'importation et à la,2017,0.0,True,Réduction du taux de la taxe sur la valeur ajoutée à 7% due à l'importation et à la,Réduction
LF2021,222300717,tva,Réduction,Réduction du taux de la taxe sur la valeur ajoutée à 7% due à l'importation et à la,2018,0.0,True,Réduction du taux de la taxe sur la valeur ajoutée à 7% due à l'importation et à la,Réduction
LF2021,222300717,tva,Réduction,Réduction du taux de la taxe sur la valeur ajoutée à 7% due à l'importation et à la,2019,0.0,True,Réduction du taux de la taxe sur la valeur ajoutée à 7% due à l'importation et à la,Réduction
LF2021,222300718,tva,Réduction,Réduction du taux de la taxe sur la valeur ajoutée à 7% due à l'importation des équipements nécessaires aux investissements dans le secteur du transport terrestre de personnes,2017,0.0,True,Réduction du taux de la taxe sur la valeur ajoutée à 7% due à l'importation des équipements nécessaires aux investissements dans le secteur du transport terrestre de personnes,Réduction
LF2021,222300718,tva,Réduction,Réduction du taux de la taxe sur la valeur ajoutée à 7% due à l'importation des équipements nécessaires aux investissements dans le secteur du transport terrestre de personnes,2018,0.0,True,Réduction du taux de la taxe sur la valeur ajoutée à 7% due à l'importation des équipements nécessaires aux investissements dans le secteur du transport terrestre de personnes,Réduction
LF2021,222300718,tva,Réduction,Réduction du taux de la taxe sur la valeur ajoutée à 7% due à l'importation des équipements nécessaires aux investissements dans le secteur du transport terrestre de personnes,2019,0.0,True,Réduction du taux de la taxe sur la valeur ajoutée à 7% due à l'importation des équipements nécessaires aux investissements dans le secteur du transport terrestre de personnes,Réduction
LF2021,222300719,tva,Réduction,Réduction du taux de la taxe sur la valeur ajoutée à 7% due à l'importation des équipement nécessaires aux investissements dans le secteur du tourisme,2017,0.0,True,Réduction du taux de la taxe sur la valeur ajoutée à 7% due à l'importation des équipement nécessaires aux investissements dans le secteur du tourisme,Réduction
LF2021,222300719,tva,Réduction,Réduction du taux de la taxe sur la valeur ajoutée à 7% due à l'importation des équipement nécessaires aux investissements dans le secteur du tourisme,2018,0.0,True,Réduction du taux de la taxe sur la valeur ajoutée à 7% due à l'importation des équipement nécessaires aux investissements dans le secteur du tourisme,Réduction
LF2021,222300719,tva,Réduction,Réduction du taux de la taxe sur la valeur ajoutée à 7% due à l'importation des équipement nécessaires aux investissements dans le secteur du tourisme,2019,0.0,True,Réduction du taux de la taxe sur la valeur ajoutée à 7% due à l'importation des équipement nécessaires aux investissements dans le secteur du tourisme,Réduction
LF2021,222300720,tva,Réduction,Réduction du taux de la taxe sur la valeur ajoutée à 7% due à l'importation des absorbeurs pour capteurs solaires à usage domestique,2017,0.0,True,Réduction du taux de la taxe sur la valeur ajoutée à 7% due à l'importation des absorbeurs pour capteurs solaires à usage domestique,Réduction
LF2021,222300720,tva,Réduction,Réduction du taux de la taxe sur la valeur ajoutée à 7% due à l'importation des absorbeurs pour capteurs solaires à usage domestique,2018,0.0,True,Réduction du taux de la taxe sur la valeur ajoutée à 7% due à l'importation des absorbeurs pour capteurs solaires à usage domestique,Réduction
LF2021,222300720,tva,Réduction,Réduction du taux de la taxe sur la valeur ajoutée à 7% due à l'importation des absorbeurs pour capteurs solaires à usage domestique,2019,0.0,True,Réduction du taux de la taxe sur la valeur ajoutée à 7% due à l'importation des absorbeurs pour capteurs solaires à usage domestique,Réduction
LF2021,222300721,tva,Réduction,"Réduction du taux de la taxe sur la valeur ajoutée à 7% due à l'importation des équipements et matériels n’ayant pas de similaires fabriqués localement destinés au nettoiement des villes, au ramassage et traitement des ordures, aux travaux de voirie et à la protection de l’environnement, importés par les collectivités locales ou les établissements publics municipaux",2017,0.0,True,"Réduction du taux de la taxe sur la valeur ajoutée à 7% due à l'importation des équipements et matériels n’ayant pas de similaires fabriqués localement destinés au nettoiement des villes, au ramassage et traitement des ordures, aux travaux de voirie et à la protection de l’environnement, importés par les collectivités locales ou les établissements publics municipaux",Réduction
LF2021,222300721,tva,Réduction,"Réduction du taux de la taxe sur la valeur ajoutée à 7% due à l'importation des équipements et matériels n’ayant pas de similaires fabriqués localement destinés au nettoiement des villes, au ramassage et traitement des ordures, aux travaux de voirie et à la protection de l’environnement, importés par les collectivités locales ou les établissements publics municipaux",2018,0.0,True,"Réduction du taux de la taxe sur la valeur ajoutée à 7% due à l'importation des équipements et matériels n’ayant pas de similaires fabriqués localement destinés au nettoiement des villes, au ramassage et traitement des ordures, aux travaux de voirie et à la protection de l’environnement, importés par les collectivités locales ou les établissements publics municipaux",Réduction
LF2021,222300721,tva,Réduction,"Réduction du taux de la taxe sur la valeur ajoutée à 7% due à l'importation des équipements et matériels n’ayant pas de similaires fabriqués localement destinés au nettoiement des villes, au ramassage et traitement des ordures, aux travaux de voirie et à la protection de l’environnement, importés par les collectivités locales ou les établissements publics municipaux",2019,0.0,True,"Réduction du taux de la taxe sur la valeur ajoutée à 7% due à l'importation des équipements et matériels n’ayant pas de similaires fabriqués localement destinés au nettoiement des villes, au ramassage et traitement des ordures, aux travaux de voirie et à la protection de l’environnement, importés par les collectivités locales ou les établissements publics municipaux",Réduction
LF2021,222300722,tva,Réduction,Réduction du taux de la taxe sur la valeur ajoutée à 7% due à l'importation du papier destiné à l’impression de revues par,2017,1.642,True,Réduction du taux de la taxe sur la valeur ajoutée à 7% due à l'importation du papier destiné à l’impression de revues par,Réduction
LF2021,222300722,tva,Réduction,Réduction du taux de la taxe sur la valeur ajoutée à 7% due à l'importation du papier destiné à l’impression de revues par,2018,0.573,True,Réduction du taux de la taxe sur la valeur ajoutée à 7% due à l'importation du papier destiné à l’impression de revues par,Réduction
LF2021,222300722,tva,Réduction,Réduction du taux de la taxe sur la valeur ajoutée à 7% due à l'importation du papier destiné à l’impression de revues par,2019,6.125,True,Réduction du taux de la taxe sur la valeur ajoutée à 7% due à l'importation du papier destiné à l’impression de revues par,Réduction
LF2021,222300723,tva,Réduction,Réduction du taux de la taxe sur la valeur ajoutée à 7% due à la vente sur le marché local du papier destiné à l’impression de revue au profit des entreprises d’impression de revues,2017,,False,Réduction du taux de la taxe sur la valeur ajoutée à 7% due à la vente sur le marché local du papier destiné à l’impression de revue au profit des entreprises d’impression de revues,Réduction
LF2021,222300723,tva,Réduction,Réduction du taux de la taxe sur la valeur ajoutée à 7% due à la vente sur le marché local du papier destiné à l’impression de revue au profit des entreprises d’impression de revues,2018,,False,Réduction du taux de la taxe sur la valeur ajoutée à 7% due à la vente sur le marché local du papier destiné à l’impression de revue au profit des entreprises d’impression de revues,Réduction
LF2021,222300723,tva,Réduction,Réduction du taux de la taxe sur la valeur ajoutée à 7% due à la vente sur le marché local du papier destiné à l’impression de revue au profit des entreprises d’impression de revues,2019,,False,Réduction du taux de la taxe sur la valeur ajoutée à 7% due à la vente sur le marché local du papier destiné à l’impression de revue au profit des entreprises d’impression de revues,Réduction
LF2021,222300724,tva,Réduction,"Réduction du taux de la taxe sur la valeur ajoutée à 7% due à la vente sur le marché local des matériels et équipements fabriqués localement destinés au nettoiement des villes, au ramassage et traitement des ordures, aux travaux de voirie et à la protection de l'environnement au profit des collectivités locales ou les établissements publics municipaux",2017,,False,"Réduction du taux de la taxe sur la valeur ajoutée à 7% due à la vente sur le marché local des matériels et équipements fabriqués localement destinés au nettoiement des villes, au ramassage et traitement des ordures, aux travaux de voirie et à la protection de l'environnement au profit des collectivités locales ou les établissements publics municipaux",Réduction
LF2021,222300724,tva,Réduction,"Réduction du taux de la taxe sur la valeur ajoutée à 7% due à la vente sur le marché local des matériels et équipements fabriqués localement destinés au nettoiement des villes, au ramassage et traitement des ordures, aux travaux de voirie et à la protection de l'environnement au profit des collectivités locales ou les établissements publics municipaux",2018,,False,"Réduction du taux de la taxe sur la valeur ajoutée à 7% due à la vente sur le marché local des matériels et équipements fabriqués localement destinés au nettoiement des villes, au ramassage et traitement des ordures, aux travaux de voirie et à la protection de l'environnement au profit des collectivités locales ou les établissements publics municipaux",Réduction
LF2021,222300724,tva,Réduction,"Réduction du taux de la taxe sur la valeur ajoutée à 7% due à la vente sur le marché local des matériels et équipements fabriqués localement destinés au nettoiement des villes, au ramassage et traitement des ordures, aux travaux de voirie et à la protection de l'environnement au profit des collectivités locales ou les établissements publics municipaux",2019,,False,"Réduction du taux de la taxe sur la valeur ajoutée à 7% due à la vente sur le marché local des matériels et équipements fabriqués localement destinés au nettoiement des villes, au ramassage et traitement des ordures, aux travaux de voirie et à la protection de l'environnement au profit des collectivités locales ou les établissements publics municipaux",Réduction
LF2021,222300725,tva,Réduction,Réduction du taux de la taxe sur la valeur ajoutée à 7% due à la vente sur le marché local des équipements utilisés dans la maîtrise de l’énergie et dans le domaine des énergies renouvelables,2017,,False,Réduction du taux de la taxe sur la valeur ajoutée à 7% due à la vente sur le marché local des équipements utilisés dans la maîtrise de l’énergie et dans le domaine des énergies renouvelables,Réduction
LF2021,222300725,tva,Réduction,Réduction du taux de la taxe sur la valeur ajoutée à 7% due à la vente sur le marché local des équipements utilisés dans la maîtrise de l’énergie et dans le domaine des énergies renouvelables,2018,,False,Réduction du taux de la taxe sur la valeur ajoutée à 7% due à la vente sur le marché local des équipements utilisés dans la maîtrise de l’énergie et dans le domaine des énergies renouvelables,Réduction
LF2021,222300725,tva,Réduction,Réduction du taux de la taxe sur la valeur ajoutée à 7% due à la vente sur le marché local des équipements utilisés dans la maîtrise de l’énergie et dans le domaine des énergies renouvelables,2019,,False,Réduction du taux de la taxe sur la valeur ajoutée à 7% due à la vente sur le marché local des équipements utilisés dans la maîtrise de l’énergie et dans le domaine des énergies renouvelables,Réduction
LF2021,222300726,tva,Réduction,Réduction du taux de la taxe sur la valeur ajoutée à 7% due à la vente de l’électricité moyenne et basse tension utilisée pour le fonctionnement des équipements de pompage de l’eau destinée à l’irrigation agricole,2017,,False,Réduction du taux de la taxe sur la valeur ajoutée à 7% due à la vente de l’électricité moyenne et basse tension utilisée pour le fonctionnement des équipements de pompage de l’eau destinée à l’irrigation agricole,Réduction
LF2021,222300726,tva,Réduction,Réduction du taux de la taxe sur la valeur ajoutée à 7% due à la vente de l’électricité moyenne et basse tension utilisée pour le fonctionnement des équipements de pompage de l’eau destinée à l’irrigation agricole,2018,,False,Réduction du taux de la taxe sur la valeur ajoutée à 7% due à la vente de l’électricité moyenne et basse tension utilisée pour le fonctionnement des équipements de pompage de l’eau destinée à l’irrigation agricole,Réduction
LF2021,222300726,tva,Réduction,Réduction du taux de la taxe sur la valeur ajoutée à 7% due à la vente de l’électricité moyenne et basse tension utilisée pour le fonctionnement des équipements de pompage de l’eau destinée à l’irrigation agricole,2019,,False,Réduction du taux de la taxe sur la valeur ajoutée à 7% due à la vente de l’électricité moyenne et basse tension utilisée pour le fonctionnement des équipements de pompage de l’eau destinée à l’irrigation agricole,Réduction
LF2021,222300727,tva,Réduction,Réduction du taux de la taxe sur la valeur ajoutée à 7% due au titre des affaires effectuées par les agences de voyages avec les hôteliers et relatives aux séjours en Tunisie de non- résidents,2017,,False,Réduction du taux de la taxe sur la valeur ajoutée à 7% due au titre des affaires effectuées par les agences de voyages avec les hôteliers et relatives aux séjours en Tunisie de non- résidents,Réduction
LF2021,222300727,tva,Réduction,Réduction du taux de la taxe sur la valeur ajoutée à 7% due au titre des affaires effectuées par les agences de voyages avec les hôteliers et relatives aux séjours en Tunisie de non- résidents,2018,,False,Réduction du taux de la taxe sur la valeur ajoutée à 7% due au titre des affaires effectuées par les agences de voyages avec les hôteliers et relatives aux séjours en Tunisie de non- résidents,Réduction
LF2021,222300727,tva,Réduction,Réduction du taux de la taxe sur la valeur ajoutée à 7% due au titre des affaires effectuées par les agences de voyages avec les hôteliers et relatives aux séjours en Tunisie de non- résidents,2019,,False,Réduction du taux de la taxe sur la valeur ajoutée à 7% due au titre des affaires effectuées par les agences de voyages avec les hôteliers et relatives aux séjours en Tunisie de non- résidents,Réduction
LF2021,222300728,tva,Réduction,"Réduction du taux de la taxe sur la valeur ajoutée à 7% due aux prestations de services relatifs à l'immatriculation foncière des terres agricoles rendus par les dessinateurs, les géomètres et les topographes",2017,,False,"Réduction du taux de la taxe sur la valeur ajoutée à 7% due aux prestations de services relatifs à l'immatriculation foncière des terres agricoles rendus par les dessinateurs, les géomètres et les topographes",Réduction
LF2021,222300728,tva,Réduction,"Réduction du taux de la taxe sur la valeur ajoutée à 7% due aux prestations de services relatifs à l'immatriculation foncière des terres agricoles rendus par les dessinateurs, les géomètres et les topographes",2018,,False,"Réduction du taux de la taxe sur la valeur ajoutée à 7% due aux prestations de services relatifs à l'immatriculation foncière des terres agricoles rendus par les dessinateurs, les géomètres et les topographes",Réduction
LF2021,222300728,tva,Réduction,"Réduction du taux de la taxe sur la valeur ajoutée à 7% due aux prestations de services relatifs à l'immatriculation foncière des terres agricoles rendus par les dessinateurs, les géomètres et les topographes",2019,,False,"Réduction du taux de la taxe sur la valeur ajoutée à 7% due aux prestations de services relatifs à l'immatriculation foncière des terres agricoles rendus par les dessinateurs, les géomètres et les topographes",Réduction
LF2021,222300729,tva,Réduction,Réduction du taux de la taxe sur la valeur ajoutée à 7% due aux prestations de services de radio- télédiffusion rendus par les réseaux publics,2017,,False,Réduction du taux de la taxe sur la valeur ajoutée à 7% due aux prestations de services de radio- télédiffusion rendus par les réseaux publics,Réduction
LF2021,222300729,tva,Réduction,Réduction du taux de la taxe sur la valeur ajoutée à 7% due aux prestations de services de radio- télédiffusion rendus par les réseaux publics,2018,,False,Réduction du taux de la taxe sur la valeur ajoutée à 7% due aux prestations de services de radio- télédiffusion rendus par les réseaux publics,Réduction
LF2021,222300729,tva,Réduction,Réduction du taux de la taxe sur la valeur ajoutée à 7% due aux prestations de services de radio- télédiffusion rendus par les réseaux publics,2019,,False,Réduction du taux de la taxe sur la valeur ajoutée à 7% due aux prestations de services de radio- télédiffusion rendus par les réseaux publics,Réduction
LF2021,222300730,tva,Réduction,"Réduction du taux de la taxe sur la valeur ajoutée à 7% due au titre des opérations de la transmission par les agences de presse, de messages de presse aux entreprises de journaux",2017,,False,"Réduction du taux de la taxe sur la valeur ajoutée à 7% due au titre des opérations de la transmission par les agences de presse, de messages de presse aux entreprises de journaux",Réduction
LF2021,222300730,tva,Réduction,"Réduction du taux de la taxe sur la valeur ajoutée à 7% due au titre des opérations de la transmission par les agences de presse, de messages de presse aux entreprises de journaux",2018,,False,"Réduction du taux de la taxe sur la valeur ajoutée à 7% due au titre des opérations de la transmission par les agences de presse, de messages de presse aux entreprises de journaux",Réduction
LF2021,222300730,tva,Réduction,"Réduction du taux de la taxe sur la valeur ajoutée à 7% due au titre des opérations de la transmission par les agences de presse, de messages de presse aux entreprises de journaux",2019,,False,"Réduction du taux de la taxe sur la valeur ajoutée à 7% due au titre des opérations de la transmission par les agences de presse, de messages de presse aux entreprises de journaux",Réduction
LF2021,222300731,tva,Réduction,Réduction du taux de la taxe sur la valeur ajoutée à 7% due aux prestations du services de la transformation des fruits et légumes,2017,,False,Réduction du taux de la taxe sur la valeur ajoutée à 7% due aux prestations du services de la transformation des fruits et légumes,Réduction
LF2021,222300731,tva,Réduction,Réduction du taux de la taxe sur la valeur ajoutée à 7% due aux prestations du services de la transformation des fruits et légumes,2018,,False,Réduction du taux de la taxe sur la valeur ajoutée à 7% due aux prestations du services de la transformation des fruits et légumes,Réduction
LF2021,222300731,tva,Réduction,Réduction du taux de la taxe sur la valeur ajoutée à 7% due aux prestations du services de la transformation des fruits et légumes,2019,,False,Réduction du taux de la taxe sur la valeur ajoutée à 7% due aux prestations du services de la transformation des fruits et légumes,Réduction
LF2021,222300732,tva,Réduction,Réduction du taux de la taxe sur la valeur ajoutée à 7% due au titre des opérations de collecte des déchets en plastique au profit des entreprises de recyclage conformément à un cahier de charges approuvé par arrêté du ministre chargé de l’Environnement,2017,,False,Réduction du taux de la taxe sur la valeur ajoutée à 7% due au titre des opérations de collecte des déchets en plastique au profit des entreprises de recyclage conformément à un cahier de charges approuvé par arrêté du ministre chargé de l’Environnement,Réduction
LF2021,222300732,tva,Réduction,Réduction du taux de la taxe sur la valeur ajoutée à 7% due au titre des opérations de collecte des déchets en plastique au profit des entreprises de recyclage conformément à un cahier de charges approuvé par arrêté du ministre chargé de l’Environnement,2018,,False,Réduction du taux de la taxe sur la valeur ajoutée à 7% due au titre des opérations de collecte des déchets en plastique au profit des entreprises de recyclage conformément à un cahier de charges approuvé par arrêté du ministre chargé de l’Environnement,Réduction
LF2021,222300732,tva,Réduction,Réduction du taux de la taxe sur la valeur ajoutée à 7% due au titre des opérations de collecte des déchets en plastique au profit des entreprises de recyclage conformément à un cahier de charges approuvé par arrêté du ministre chargé de l’Environnement,2019,,False,Réduction du taux de la taxe sur la valeur ajoutée à 7% due au titre des opérations de collecte des déchets en plastique au profit des entreprises de recyclage conformément à un cahier de charges approuvé par arrêté du ministre chargé de l’Environnement,Réduction
LF2021,222300733,tva,Réduction,Réduction du taux de la taxe sur la valeur ajoutée à 7% due aux prestations des services de la téléphonie fixe et d’internet fixe via les lignes « ADSL » et les périphériques rendus au profit des personnes,2017,,False,Réduction du taux de la taxe sur la valeur ajoutée à 7% due aux prestations des services de la téléphonie fixe et d’internet fixe via les lignes « ADSL » et les périphériques rendus au profit des personnes,Réduction
LF2021,222300733,tva,Réduction,Réduction du taux de la taxe sur la valeur ajoutée à 7% due aux prestations des services de la téléphonie fixe et d’internet fixe via les lignes « ADSL » et les périphériques rendus au profit des personnes,2018,,False,Réduction du taux de la taxe sur la valeur ajoutée à 7% due aux prestations des services de la téléphonie fixe et d’internet fixe via les lignes « ADSL » et les périphériques rendus au profit des personnes,Réduction
LF2021,222300733,tva,Réduction,Réduction du taux de la taxe sur la valeur ajoutée à 7% due aux prestations des services de la téléphonie fixe et d’internet fixe via les lignes « ADSL » et les périphériques rendus au profit des personnes,2019,,False,Réduction du taux de la taxe sur la valeur ajoutée à 7% due aux prestations des services de la téléphonie fixe et d’internet fixe via les lignes « ADSL » et les périphériques rendus au profit des personnes,Réduction
LF2021,222300734,tva,Reduction,De 19% à 7% du taux de la TVA due aux services du téléphone fixe et l’internet à travers l’ADSL fournis aux profit des personnes physiques et non destinés à l’utilisation professionnelle.,2017,,False,De 19% à 7% du taux de la TVA due aux services du téléphone fixe et l’internet à travers l’ADSL fournis aux profit des personnes physiques et non destinés à l’utilisation professionnelle.,Reduction
LF2021,222300734,tva,Reduction,De 19% à 7% du taux de la TVA due aux services du téléphone fixe et l’internet à travers l’ADSL fournis aux profit des personnes physiques et non destinés à l’utilisation professionnelle.,2018,,False,De 19% à 7% du taux de la TVA due aux services du téléphone fixe et l’internet à travers l’ADSL fournis aux profit des personnes physiques et non destinés à l’utilisation professionnelle.,Reduction
LF2021,222300734,tva,Reduction,De 19% à 7% du taux de la TVA due aux services du téléphone fixe et l’internet à travers l’ADSL fournis aux profit des personnes physiques et non destinés à l’utilisation professionnelle.,2019,,False,De 19% à 7% du taux de la TVA due aux services du téléphone fixe et l’internet à travers l’ADSL fournis aux profit des personnes physiques et non destinés à l’utilisation professionnelle.,Reduction
LF2021,222301301,tva,Réduction,Suspension de la taxe sur la valeur ajoutée due à la vente sur le marché local des équipements nécessaires aux investissements dans le secteur du transport terrestre de personnes,2017,,False,Suspension de la taxe sur la valeur ajoutée due à la vente sur le marché local des équipements nécessaires aux investissements dans le secteur du transport terrestre de personnes,Réduction
LF2021,222301301,tva,Réduction,Suspension de la taxe sur la valeur ajoutée due à la vente sur le marché local des équipements nécessaires aux investissements dans le secteur du transport terrestre de personnes,2018,,False,Suspension de la taxe sur la valeur ajoutée due à la vente sur le marché local des équipements nécessaires aux investissements dans le secteur du transport terrestre de personnes,Réduction
LF2021,222301301,tva,Réduction,Suspension de la taxe sur la valeur ajoutée due à la vente sur le marché local des équipements nécessaires aux investissements dans le secteur du transport terrestre de personnes,2019,,False,Suspension de la taxe sur la valeur ajoutée due à la vente sur le marché local des équipements nécessaires aux investissements dans le secteur du transport terrestre de personnes,Réduction
LF2021,222301302,tva,Suspension,Suspension de la taxe sur la valeur ajoutée due à la vente sur le marché local des équipement nécessaires aux investissements dans le secteur du tourisme,2017,,False,Suspension de la taxe sur la valeur ajoutée due à la vente sur le marché local des équipement nécessaires aux investissements dans le secteur du tourisme,Suspension
LF2021,222301302,tva,Suspension,Suspension de la taxe sur la valeur ajoutée due à la vente sur le marché local des équipement nécessaires aux investissements dans le secteur du tourisme,2018,,False,Suspension de la taxe sur la valeur ajoutée due à la vente sur le marché local des équipement nécessaires aux investissements dans le secteur du tourisme,Suspension
LF2021,222301302,tva,Suspension,Suspension de la taxe sur la valeur ajoutée due à la vente sur le marché local des équipement nécessaires aux investissements dans le secteur du tourisme,2019,,False,Suspension de la taxe sur la valeur ajoutée due à la vente sur le marché local des équipement nécessaires aux investissements dans le secteur du tourisme,Suspension
LF2021,222301303,tva,Suspension,Suspension de la taxe sur la valeur ajoutée due à l'importation des équipements nécessaires aux investissements dans le secteur agricole et de la pêche (n’ayant pas de similaires fabriqués localement),2017,34.399,True,Suspension de la taxe sur la valeur ajoutée due à l'importation des équipements nécessaires aux investissements dans le secteur agricole et de la pêche (n’ayant pas de similaires fabriqués localement),Suspension
LF2021,222301303,tva,Suspension,Suspension de la taxe sur la valeur ajoutée due à l'importation des équipements nécessaires aux investissements dans le secteur agricole et de la pêche (n’ayant pas de similaires fabriqués localement),2018,48.141,True,Suspension de la taxe sur la valeur ajoutée due à l'importation des équipements nécessaires aux investissements dans le secteur agricole et de la pêche (n’ayant pas de similaires fabriqués localement),Suspension
LF2021,222301303,tva,Suspension,Suspension de la taxe sur la valeur ajoutée due à l'importation des équipements nécessaires aux investissements dans le secteur agricole et de la pêche (n’ayant pas de similaires fabriqués localement),2019,39.531,True,Suspension de la taxe sur la valeur ajoutée due à l'importation des équipements nécessaires aux investissements dans le secteur agricole et de la pêche (n’ayant pas de similaires fabriqués localement),Suspension
LF2021,222301304,tva,Suspension,Suspension de la taxe sur la valeur ajoutée due à la vente des équipements fabriqués localement et nécessaires aux investissements dans le secteur agricole et de la pêche,2017,,False,Suspension de la taxe sur la valeur ajoutée due à la vente des équipements fabriqués localement et nécessaires aux investissements dans le secteur agricole et de la pêche,Suspension
LF2021,222301304,tva,Suspension,Suspension de la taxe sur la valeur ajoutée due à la vente des équipements fabriqués localement et nécessaires aux investissements dans le secteur agricole et de la pêche,2018,,False,Suspension de la taxe sur la valeur ajoutée due à la vente des équipements fabriqués localement et nécessaires aux investissements dans le secteur agricole et de la pêche,Suspension
LF2021,222301304,tva,Suspension,Suspension de la taxe sur la valeur ajoutée due à la vente des équipements fabriqués localement et nécessaires aux investissements dans le secteur agricole et de la pêche,2019,,False,Suspension de la taxe sur la valeur ajoutée due à la vente des équipements fabriqués localement et nécessaires aux investissements dans le secteur agricole et de la pêche,Suspension
LF2021,222301305,tva,Suspension,Suspension de la taxe sur la valeur ajoutée due à l'importation des équipements nécessaires aux investissements dans le,2017,0.04,True,Suspension de la taxe sur la valeur ajoutée due à l'importation des équipements nécessaires aux investissements dans le,Suspension
LF2021,222301305,tva,Suspension,Suspension de la taxe sur la valeur ajoutée due à l'importation des équipements nécessaires aux investissements dans le,2018,0.015,True,Suspension de la taxe sur la valeur ajoutée due à l'importation des équipements nécessaires aux investissements dans le,Suspension
LF2021,222301305,tva,Suspension,Suspension de la taxe sur la valeur ajoutée due à l'importation des équipements nécessaires aux investissements dans le,2019,0.025,True,Suspension de la taxe sur la valeur ajoutée due à l'importation des équipements nécessaires aux investissements dans le,Suspension
LF2021,222301306,tva,Suspension,Suspension de la taxe sur la valeur ajoutée due à la vente des équipements fabriqués localement et nécessaires aux investissements dans le secteur de l’artisanat,2017,,False,Suspension de la taxe sur la valeur ajoutée due à la vente des équipements fabriqués localement et nécessaires aux investissements dans le secteur de l’artisanat,Suspension
LF2021,222301306,tva,Suspension,Suspension de la taxe sur la valeur ajoutée due à la vente des équipements fabriqués localement et nécessaires aux investissements dans le secteur de l’artisanat,2018,,False,Suspension de la taxe sur la valeur ajoutée due à la vente des équipements fabriqués localement et nécessaires aux investissements dans le secteur de l’artisanat,Suspension
LF2021,222301306,tva,Suspension,Suspension de la taxe sur la valeur ajoutée due à la vente des équipements fabriqués localement et nécessaires aux investissements dans le secteur de l’artisanat,2019,,False,Suspension de la taxe sur la valeur ajoutée due à la vente des équipements fabriqués localement et nécessaires aux investissements dans le secteur de l’artisanat,Suspension
LF2021,222301307,tva,Suspension,"Suspension de la taxe sur la valeur ajoutée due à l'importation des équipements nécessaires aux investissements dans le secteur du transport aérien, du transport maritime et du transport international routier des marchandises (n’ayant pas de similaires fabriqués localement)",2017,0.437,True,"Suspension de la taxe sur la valeur ajoutée due à l'importation des équipements nécessaires aux investissements dans le secteur du transport aérien, du transport maritime et du transport international routier des marchandises (n’ayant pas de similaires fabriqués localement)",Suspension
LF2021,222301307,tva,Suspension,"Suspension de la taxe sur la valeur ajoutée due à l'importation des équipements nécessaires aux investissements dans le secteur du transport aérien, du transport maritime et du transport international routier des marchandises (n’ayant pas de similaires fabriqués localement)",2018,0.0,True,"Suspension de la taxe sur la valeur ajoutée due à l'importation des équipements nécessaires aux investissements dans le secteur du transport aérien, du transport maritime et du transport international routier des marchandises (n’ayant pas de similaires fabriqués localement)",Suspension
LF2021,222301307,tva,Suspension,"Suspension de la taxe sur la valeur ajoutée due à l'importation des équipements nécessaires aux investissements dans le secteur du transport aérien, du transport maritime et du transport international routier des marchandises (n’ayant pas de similaires fabriqués localement)",2019,0.0,True,"Suspension de la taxe sur la valeur ajoutée due à l'importation des équipements nécessaires aux investissements dans le secteur du transport aérien, du transport maritime et du transport international routier des marchandises (n’ayant pas de similaires fabriqués localement)",Suspension
LF2021,222301308,tva,Suspension,"Suspension de la taxe sur la valeur ajoutée due à la vente des équipements fabriqués localement et nécessaires aux investissements dans le secteur du transport aérien, du transport maritime et du transport international routier des marchandises et dans le secteur du transport terrestre de personnes (les investissements de création)",2017,,False,"Suspension de la taxe sur la valeur ajoutée due à la vente des équipements fabriqués localement et nécessaires aux investissements dans le secteur du transport aérien, du transport maritime et du transport international routier des marchandises et dans le secteur du transport terrestre de personnes (les investissements de création)",Suspension
LF2021,222301308,tva,Suspension,"Suspension de la taxe sur la valeur ajoutée due à la vente des équipements fabriqués localement et nécessaires aux investissements dans le secteur du transport aérien, du transport maritime et du transport international routier des marchandises et dans le secteur du transport terrestre de personnes (les investissements de création)",2018,,False,"Suspension de la taxe sur la valeur ajoutée due à la vente des équipements fabriqués localement et nécessaires aux investissements dans le secteur du transport aérien, du transport maritime et du transport international routier des marchandises et dans le secteur du transport terrestre de personnes (les investissements de création)",Suspension
LF2021,222301308,tva,Suspension,"Suspension de la taxe sur la valeur ajoutée due à la vente des équipements fabriqués localement et nécessaires aux investissements dans le secteur du transport aérien, du transport maritime et du transport international routier des marchandises et dans le secteur du transport terrestre de personnes (les investissements de création)",2019,,False,"Suspension de la taxe sur la valeur ajoutée due à la vente des équipements fabriqués localement et nécessaires aux investissements dans le secteur du transport aérien, du transport maritime et du transport international routier des marchandises et dans le secteur du transport terrestre de personnes (les investissements de création)",Suspension
LF2021,222301309,tva,Suspension,"Suspension de la taxe sur la valeur ajoutée due à l'importation des équipements nécessaires aux investissements dans le secteur de l’éducation, de l’enseignement et de la recherche scientifique (n’ayant pas de similaires fabriqués localement)",2017,0.061,True,"Suspension de la taxe sur la valeur ajoutée due à l'importation des équipements nécessaires aux investissements dans le secteur de l’éducation, de l’enseignement et de la recherche scientifique (n’ayant pas de similaires fabriqués localement)",Suspension
LF2021,222301309,tva,Suspension,"Suspension de la taxe sur la valeur ajoutée due à l'importation des équipements nécessaires aux investissements dans le secteur de l’éducation, de l’enseignement et de la recherche scientifique (n’ayant pas de similaires fabriqués localement)",2018,0.08,True,"Suspension de la taxe sur la valeur ajoutée due à l'importation des équipements nécessaires aux investissements dans le secteur de l’éducation, de l’enseignement et de la recherche scientifique (n’ayant pas de similaires fabriqués localement)",Suspension
LF2021,222301309,tva,Suspension,"Suspension de la taxe sur la valeur ajoutée due à l'importation des équipements nécessaires aux investissements dans le secteur de l’éducation, de l’enseignement et de la recherche scientifique (n’ayant pas de similaires fabriqués localement)",2019,0.028,True,"Suspension de la taxe sur la valeur ajoutée due à l'importation des équipements nécessaires aux investissements dans le secteur de l’éducation, de l’enseignement et de la recherche scientifique (n’ayant pas de similaires fabriqués localement)",Suspension
LF2021,222301310,tva,Suspension,Suspension de la taxe sur la valeur ajoutée due à la vente des équipements,2017,,False,Suspension de la taxe sur la valeur ajoutée due à la vente des équipements,Suspension
LF2021,222301310,tva,Suspension,Suspension de la taxe sur la valeur ajoutée due à la vente des équipements,2018,,False,Suspension de la taxe sur la valeur ajoutée due à la vente des équipements,Suspension
LF2021,222301310,tva,Suspension,Suspension de la taxe sur la valeur ajoutée due à la vente des équipements,2019,,False,Suspension de la taxe sur la valeur ajoutée due à la vente des équipements,Suspension
LF2021,222301311,tva,Suspension,Suspension de la taxe sur la valeur ajoutée due à l'importation des équipement nécessaires aux investissements dans le secteur de production et des industries culturelles (n’ayant pas de similaires fabriqués localement),2017,0.944,True,Suspension de la taxe sur la valeur ajoutée due à l'importation des équipement nécessaires aux investissements dans le secteur de production et des industries culturelles (n’ayant pas de similaires fabriqués localement),Suspension
LF2021,222301311,tva,Suspension,Suspension de la taxe sur la valeur ajoutée due à l'importation des équipement nécessaires aux investissements dans le secteur de production et des industries culturelles (n’ayant pas de similaires fabriqués localement),2018,0.291,True,Suspension de la taxe sur la valeur ajoutée due à l'importation des équipement nécessaires aux investissements dans le secteur de production et des industries culturelles (n’ayant pas de similaires fabriqués localement),Suspension
LF2021,222301311,tva,Suspension,Suspension de la taxe sur la valeur ajoutée due à l'importation des équipement nécessaires aux investissements dans le secteur de production et des industries culturelles (n’ayant pas de similaires fabriqués localement),2019,0.233,True,Suspension de la taxe sur la valeur ajoutée due à l'importation des équipement nécessaires aux investissements dans le secteur de production et des industries culturelles (n’ayant pas de similaires fabriqués localement),Suspension
LF2021,222301312,tva,Suspension,Suspension de la taxe sur la valeur ajoutée due à la vente des équipements fabriqués localement et nécessaires aux investissements dans le secteur de production et des industries culturelles,2017,,False,Suspension de la taxe sur la valeur ajoutée due à la vente des équipements fabriqués localement et nécessaires aux investissements dans le secteur de production et des industries culturelles,Suspension
LF2021,222301312,tva,Suspension,Suspension de la taxe sur la valeur ajoutée due à la vente des équipements fabriqués localement et nécessaires aux investissements dans le secteur de production et des industries culturelles,2018,,False,Suspension de la taxe sur la valeur ajoutée due à la vente des équipements fabriqués localement et nécessaires aux investissements dans le secteur de production et des industries culturelles,Suspension
LF2021,222301312,tva,Suspension,Suspension de la taxe sur la valeur ajoutée due à la vente des équipements fabriqués localement et nécessaires aux investissements dans le secteur de production et des industries culturelles,2019,,False,Suspension de la taxe sur la valeur ajoutée due à la vente des équipements fabriqués localement et nécessaires aux investissements dans le secteur de production et des industries culturelles,Suspension
LF2021,222301313,tva,Suspension,"Suspension de la taxe sur la valeur ajoutée due à l'importation des équipements nécessaires aux investissements dans le secteur de l’encadrement de l’enfance, d'aide aux personnes âgées, d’animation des jeunes et du loisir (n’ayant pas de similaires fabriqués localement)",2017,3.146,True,"Suspension de la taxe sur la valeur ajoutée due à l'importation des équipements nécessaires aux investissements dans le secteur de l’encadrement de l’enfance, d'aide aux personnes âgées, d’animation des jeunes et du loisir (n’ayant pas de similaires fabriqués localement)",Suspension
LF2021,222301313,tva,Suspension,"Suspension de la taxe sur la valeur ajoutée due à l'importation des équipements nécessaires aux investissements dans le secteur de l’encadrement de l’enfance, d'aide aux personnes âgées, d’animation des jeunes et du loisir (n’ayant pas de similaires fabriqués localement)",2018,3.407,True,"Suspension de la taxe sur la valeur ajoutée due à l'importation des équipements nécessaires aux investissements dans le secteur de l’encadrement de l’enfance, d'aide aux personnes âgées, d’animation des jeunes et du loisir (n’ayant pas de similaires fabriqués localement)",Suspension
LF2021,222301313,tva,Suspension,"Suspension de la taxe sur la valeur ajoutée due à l'importation des équipements nécessaires aux investissements dans le secteur de l’encadrement de l’enfance, d'aide aux personnes âgées, d’animation des jeunes et du loisir (n’ayant pas de similaires fabriqués localement)",2019,3.387,True,"Suspension de la taxe sur la valeur ajoutée due à l'importation des équipements nécessaires aux investissements dans le secteur de l’encadrement de l’enfance, d'aide aux personnes âgées, d’animation des jeunes et du loisir (n’ayant pas de similaires fabriqués localement)",Suspension
LF2021,222301314,tva,Suspension,"Suspension de la taxe sur la valeur ajoutée due à la vente des équipements fabriqués localement et nécessaires aux investissements dans le secteur de l’encadrement de l’enfance, d'aide aux personnes âgées, d’animation des jeunes et du loisir",2017,,False,"Suspension de la taxe sur la valeur ajoutée due à la vente des équipements fabriqués localement et nécessaires aux investissements dans le secteur de l’encadrement de l’enfance, d'aide aux personnes âgées, d’animation des jeunes et du loisir",Suspension
LF2021,222301314,tva,Suspension,"Suspension de la taxe sur la valeur ajoutée due à la vente des équipements fabriqués localement et nécessaires aux investissements dans le secteur de l’encadrement de l’enfance, d'aide aux personnes âgées, d’animation des jeunes et du loisir",2018,,False,"Suspension de la taxe sur la valeur ajoutée due à la vente des équipements fabriqués localement et nécessaires aux investissements dans le secteur de l’encadrement de l’enfance, d'aide aux personnes âgées, d’animation des jeunes et du loisir",Suspension
LF2021,222301314,tva,Suspension,"Suspension de la taxe sur la valeur ajoutée due à la vente des équipements fabriqués localement et nécessaires aux investissements dans le secteur de l’encadrement de l’enfance, d'aide aux personnes âgées, d’animation des jeunes et du loisir",2019,,False,"Suspension de la taxe sur la valeur ajoutée due à la vente des équipements fabriqués localement et nécessaires aux investissements dans le secteur de l’encadrement de l’enfance, d'aide aux personnes âgées, d’animation des jeunes et du loisir",Suspension
LF2021,222301315,tva,Suspension,Suspension de la taxe sur la valeur ajoutée due à l'importation des équipements nécessaires aux investissements réalisés par les établissements hospitaliers et sanitaires (n’ayant pas de similaires fabriqués localement),2017,3.107,True,Suspension de la taxe sur la valeur ajoutée due à l'importation des équipements nécessaires aux investissements réalisés par les établissements hospitaliers et sanitaires (n’ayant pas de similaires fabriqués localement),Suspension
LF2021,222301315,tva,Suspension,Suspension de la taxe sur la valeur ajoutée due à l'importation des équipements nécessaires aux investissements réalisés par les établissements hospitaliers et sanitaires (n’ayant pas de similaires fabriqués localement),2018,5.574,True,Suspension de la taxe sur la valeur ajoutée due à l'importation des équipements nécessaires aux investissements réalisés par les établissements hospitaliers et sanitaires (n’ayant pas de similaires fabriqués localement),Suspension
LF2021,222301315,tva,Suspension,Suspension de la taxe sur la valeur ajoutée due à l'importation des équipements nécessaires aux investissements réalisés par les établissements hospitaliers et sanitaires (n’ayant pas de similaires fabriqués localement),2019,7.597,True,Suspension de la taxe sur la valeur ajoutée due à l'importation des équipements nécessaires aux investissements réalisés par les établissements hospitaliers et sanitaires (n’ayant pas de similaires fabriqués localement),Suspension
LF2021,222301316,tva,Suspension,Suspension de la taxe sur la valeur ajoutée due à la vente des équipements fabriqués localement et nécessaires aux investissements réalisés par les établissements hospitaliers et sanitaires,2017,,False,Suspension de la taxe sur la valeur ajoutée due à la vente des équipements fabriqués localement et nécessaires aux investissements réalisés par les établissements hospitaliers et sanitaires,Suspension
LF2021,222301316,tva,Suspension,Suspension de la taxe sur la valeur ajoutée due à la vente des équipements fabriqués localement et nécessaires aux investissements réalisés par les établissements hospitaliers et sanitaires,2018,,False,Suspension de la taxe sur la valeur ajoutée due à la vente des équipements fabriqués localement et nécessaires aux investissements réalisés par les établissements hospitaliers et sanitaires,Suspension
LF2021,222301316,tva,Suspension,Suspension de la taxe sur la valeur ajoutée due à la vente des équipements fabriqués localement et nécessaires aux investissements réalisés par les établissements hospitaliers et sanitaires,2019,,False,Suspension de la taxe sur la valeur ajoutée due à la vente des équipements fabriqués localement et nécessaires aux investissements réalisés par les établissements hospitaliers et sanitaires,Suspension
LF2021,222301317,tva,Suspension,Suspension de la taxe sur la valeur ajoutée due à la vente des équipements fabriqués localement et nécessaires aux investissements dans le secteur du tourisme (Les investissements de création),2017,,False,Suspension de la taxe sur la valeur ajoutée due à la vente des équipements fabriqués localement et nécessaires aux investissements dans le secteur du tourisme (Les investissements de création),Suspension
LF2021,222301317,tva,Suspension,Suspension de la taxe sur la valeur ajoutée due à la vente des équipements fabriqués localement et nécessaires aux investissements dans le secteur du tourisme (Les investissements de création),2018,,False,Suspension de la taxe sur la valeur ajoutée due à la vente des équipements fabriqués localement et nécessaires aux investissements dans le secteur du tourisme (Les investissements de création),Suspension
LF2021,222301317,tva,Suspension,Suspension de la taxe sur la valeur ajoutée due à la vente des équipements fabriqués localement et nécessaires aux investissements dans le secteur du tourisme (Les investissements de création),2019,,False,Suspension de la taxe sur la valeur ajoutée due à la vente des équipements fabriqués localement et nécessaires aux investissements dans le secteur du tourisme (Les investissements de création),Suspension
LF2021,222301318,tva,Suspension,Suspension de la taxe sur la valeur ajoutée due à l'importation des équipements nécessaires aux investissements dans la lutte contre la pollution et la protection de l’environnement (n’ayant pas de similaires fabriqués localement),2017,0.396,True,Suspension de la taxe sur la valeur ajoutée due à l'importation des équipements nécessaires aux investissements dans la lutte contre la pollution et la protection de l’environnement (n’ayant pas de similaires fabriqués localement),Suspension
LF2021,222301318,tva,Suspension,Suspension de la taxe sur la valeur ajoutée due à l'importation des équipements nécessaires aux investissements dans la lutte contre la pollution et la protection de l’environnement (n’ayant pas de similaires fabriqués localement),2018,0.136,True,Suspension de la taxe sur la valeur ajoutée due à l'importation des équipements nécessaires aux investissements dans la lutte contre la pollution et la protection de l’environnement (n’ayant pas de similaires fabriqués localement),Suspension
LF2021,222301318,tva,Suspension,Suspension de la taxe sur la valeur ajoutée due à l'importation des équipements nécessaires aux investissements dans la lutte contre la pollution et la protection de l’environnement (n’ayant pas de similaires fabriqués localement),2019,0.297,True,Suspension de la taxe sur la valeur ajoutée due à l'importation des équipements nécessaires aux investissements dans la lutte contre la pollution et la protection de l’environnement (n’ayant pas de similaires fabriqués localement),Suspension
LF2021,222301319,tva,Suspension,Suspension de la taxe sur la valeur ajoutée due à vente des équipements fabriqués localement et nécessaires aux investissements dans la lutte contre la pollution et la protection de l'environnement,2017,,False,Suspension de la taxe sur la valeur ajoutée due à vente des équipements fabriqués localement et nécessaires aux investissements dans la lutte contre la pollution et la protection de l'environnement,Suspension
LF2021,222301319,tva,Suspension,Suspension de la taxe sur la valeur ajoutée due à vente des équipements fabriqués localement et nécessaires aux investissements dans la lutte contre la pollution et la protection de l'environnement,2018,,False,Suspension de la taxe sur la valeur ajoutée due à vente des équipements fabriqués localement et nécessaires aux investissements dans la lutte contre la pollution et la protection de l'environnement,Suspension
LF2021,222301319,tva,Suspension,Suspension de la taxe sur la valeur ajoutée due à vente des équipements fabriqués localement et nécessaires aux investissements dans la lutte contre la pollution et la protection de l'environnement,2019,,False,Suspension de la taxe sur la valeur ajoutée due à vente des équipements fabriqués localement et nécessaires aux investissements dans la lutte contre la pollution et la protection de l'environnement,Suspension
LF2021,222301320,tva,Exonération,Suspension de la taxe sur la valeur ajoutée due à l'importation des équipements nécessaires,2017,0.0,True,Suspension de la taxe sur la valeur ajoutée due à l'importation des équipements nécessaires,Exonération
LF2021,222301320,tva,Exonération,Suspension de la taxe sur la valeur ajoutée due à l'importation des équipements nécessaires,2018,0.0,True,Suspension de la taxe sur la valeur ajoutée due à l'importation des équipements nécessaires,Exonération
LF2021,222301320,tva,Exonération,Suspension de la taxe sur la valeur ajoutée due à l'importation des équipements nécessaires,2019,0.0,True,Suspension de la taxe sur la valeur ajoutée due à l'importation des équipements nécessaires,Exonération
LF2021,222301321,tva,Suspension,Suspension de la taxe sur la valeur ajoutée due à la vente des équipements fabriqués localement et nécessaires aux investissements dans la formation professionnelle,2017,,False,Suspension de la taxe sur la valeur ajoutée due à la vente des équipements fabriqués localement et nécessaires aux investissements dans la formation professionnelle,Suspension
LF2021,222301321,tva,Suspension,Suspension de la taxe sur la valeur ajoutée due à la vente des équipements fabriqués localement et nécessaires aux investissements dans la formation professionnelle,2018,,False,Suspension de la taxe sur la valeur ajoutée due à la vente des équipements fabriqués localement et nécessaires aux investissements dans la formation professionnelle,Suspension
LF2021,222301321,tva,Suspension,Suspension de la taxe sur la valeur ajoutée due à la vente des équipements fabriqués localement et nécessaires aux investissements dans la formation professionnelle,2019,,False,Suspension de la taxe sur la valeur ajoutée due à la vente des équipements fabriqués localement et nécessaires aux investissements dans la formation professionnelle,Suspension
LF2021,223000102,tva,Exonération,Exonération de la taxe sur la valeur ajoutée due à l'importation ou l'acquisition sur le marché local des équipements et matériels par des Tunisiens résidents à l'étranger dans le cadre de réalisation de projets ou de participation à des projets,2017,3.382,True,Exonération de la taxe sur la valeur ajoutée due à l'importation ou l'acquisition sur le marché local des équipements et matériels par des Tunisiens résidents à l'étranger dans le cadre de réalisation de projets ou de participation à des projets,Exonération
LF2021,223000102,tva,Exonération,Exonération de la taxe sur la valeur ajoutée due à l'importation ou l'acquisition sur le marché local des équipements et matériels par des Tunisiens résidents à l'étranger dans le cadre de réalisation de projets ou de participation à des projets,2018,2.877,True,Exonération de la taxe sur la valeur ajoutée due à l'importation ou l'acquisition sur le marché local des équipements et matériels par des Tunisiens résidents à l'étranger dans le cadre de réalisation de projets ou de participation à des projets,Exonération
LF2021,223000102,tva,Exonération,Exonération de la taxe sur la valeur ajoutée due à l'importation ou l'acquisition sur le marché local des équipements et matériels par des Tunisiens résidents à l'étranger dans le cadre de réalisation de projets ou de participation à des projets,2019,4.07,True,Exonération de la taxe sur la valeur ajoutée due à l'importation ou l'acquisition sur le marché local des équipements et matériels par des Tunisiens résidents à l'étranger dans le cadre de réalisation de projets ou de participation à des projets,Exonération
LF2021,223000105,tva,Exonération,Exonération de la taxe sur la valeur ajoutée due à l'importation d'une camion par des Tunisiens résidents à l'étranger dans le cadre de réalisation de projets ou de participation à des projets,2017,28.49,True,Exonération de la taxe sur la valeur ajoutée due à l'importation d'une camion par des Tunisiens résidents à l'étranger dans le cadre de réalisation de projets ou de participation à des projets,Exonération
LF2021,223000105,tva,Exonération,Exonération de la taxe sur la valeur ajoutée due à l'importation d'une camion par des Tunisiens résidents à l'étranger dans le cadre de réalisation de projets ou de participation à des projets,2018,42.888,True,Exonération de la taxe sur la valeur ajoutée due à l'importation d'une camion par des Tunisiens résidents à l'étranger dans le cadre de réalisation de projets ou de participation à des projets,Exonération
LF2021,223000105,tva,Exonération,Exonération de la taxe sur la valeur ajoutée due à l'importation d'une camion par des Tunisiens résidents à l'étranger dans le cadre de réalisation de projets ou de participation à des projets,2019,50.199,True,Exonération de la taxe sur la valeur ajoutée due à l'importation d'une camion par des Tunisiens résidents à l'étranger dans le cadre de réalisation de projets ou de participation à des projets,Exonération
LF2021,223000106,tva,Exonération,Exonération de la taxe sur la valeur ajoutée à l'acquisition sur le marché local d'une camion par des Tunisiens résidents à l'étranger dans le cadre de réalisation de projets ou de participation à des projets,2017,,False,Exonération de la taxe sur la valeur ajoutée à l'acquisition sur le marché local d'une camion par des Tunisiens résidents à l'étranger dans le cadre de réalisation de projets ou de participation à des projets,Exonération
LF2021,223000106,tva,Exonération,Exonération de la taxe sur la valeur ajoutée à l'acquisition sur le marché local d'une camion par des Tunisiens résidents à l'étranger dans le cadre de réalisation de projets ou de participation à des projets,2018,,False,Exonération de la taxe sur la valeur ajoutée à l'acquisition sur le marché local d'une camion par des Tunisiens résidents à l'étranger dans le cadre de réalisation de projets ou de participation à des projets,Exonération
LF2021,223000106,tva,Exonération,Exonération de la taxe sur la valeur ajoutée à l'acquisition sur le marché local d'une camion par des Tunisiens résidents à l'étranger dans le cadre de réalisation de projets ou de participation à des projets,2019,,False,Exonération de la taxe sur la valeur ajoutée à l'acquisition sur le marché local d'une camion par des Tunisiens résidents à l'étranger dans le cadre de réalisation de projets ou de participation à des projets,Exonération
LF2021,223000406,tva,Exonération,Exonération de la taxe sur la valeur ajoutée due à l'importation des effets personnels par le personnel étranger recruté ou les investisseurs étrangers chargés de la gérance d'une entreprise implantée dans les parcs d'activités économiques,2017,2.475,True,Exonération de la taxe sur la valeur ajoutée due à l'importation des effets personnels par le personnel étranger recruté ou les investisseurs étrangers chargés de la gérance d'une entreprise implantée dans les parcs d'activités économiques,Exonération
LF2021,223000406,tva,Exonération,Exonération de la taxe sur la valeur ajoutée due à l'importation des effets personnels par le personnel étranger recruté ou les investisseurs étrangers chargés de la gérance d'une entreprise implantée dans les parcs d'activités économiques,2018,3.727,True,Exonération de la taxe sur la valeur ajoutée due à l'importation des effets personnels par le personnel étranger recruté ou les investisseurs étrangers chargés de la gérance d'une entreprise implantée dans les parcs d'activités économiques,Exonération
LF2021,223000406,tva,Exonération,Exonération de la taxe sur la valeur ajoutée due à l'importation des effets personnels par le personnel étranger recruté ou les investisseurs étrangers chargés de la gérance d'une entreprise implantée dans les parcs d'activités économiques,2019,4.079,True,Exonération de la taxe sur la valeur ajoutée due à l'importation des effets personnels par le personnel étranger recruté ou les investisseurs étrangers chargés de la gérance d'une entreprise implantée dans les parcs d'activités économiques,Exonération
LF2021,223000408,tva,Exonération,Exonération de la taxe sur la valeur ajoutée due à l'importation d'une voiture de tourisme par le personnel étranger recruté ou les investisseurs étrangers chargés de la gérance d'une entreprise implantée dans les parcs d'activités économiques,2017,0.031,True,Exonération de la taxe sur la valeur ajoutée due à l'importation d'une voiture de tourisme par le personnel étranger recruté ou les investisseurs étrangers chargés de la gérance d'une entreprise implantée dans les parcs d'activités économiques,Exonération
LF2021,223000408,tva,Exonération,Exonération de la taxe sur la valeur ajoutée due à l'importation d'une voiture de tourisme par le personnel étranger recruté ou les investisseurs étrangers chargés de la gérance d'une entreprise implantée dans les parcs d'activités économiques,2018,0.079,True,Exonération de la taxe sur la valeur ajoutée due à l'importation d'une voiture de tourisme par le personnel étranger recruté ou les investisseurs étrangers chargés de la gérance d'une entreprise implantée dans les parcs d'activités économiques,Exonération
LF2021,223000408,tva,Exonération,Exonération de la taxe sur la valeur ajoutée due à l'importation d'une voiture de tourisme par le personnel étranger recruté ou les investisseurs étrangers chargés de la gérance d'une entreprise implantée dans les parcs d'activités économiques,2019,0.142,True,Exonération de la taxe sur la valeur ajoutée due à l'importation d'une voiture de tourisme par le personnel étranger recruté ou les investisseurs étrangers chargés de la gérance d'une entreprise implantée dans les parcs d'activités économiques,Exonération
LF2021,223000409,tva,Exonération,Exonération de la taxe sur la valeur ajoutée due à la vente de déchets pour recyclages par les entreprises implantées dans les parcs d'activités économiques,2017,0.184,True,Exonération de la taxe sur la valeur ajoutée due à la vente de déchets pour recyclages par les entreprises implantées dans les parcs d'activités économiques,Exonération
LF2021,223000409,tva,Exonération,Exonération de la taxe sur la valeur ajoutée due à la vente de déchets pour recyclages par les entreprises implantées dans les parcs d'activités économiques,2018,0.563,True,Exonération de la taxe sur la valeur ajoutée due à la vente de déchets pour recyclages par les entreprises implantées dans les parcs d'activités économiques,Exonération
LF2021,223000409,tva,Exonération,Exonération de la taxe sur la valeur ajoutée due à la vente de déchets pour recyclages par les entreprises implantées dans les parcs d'activités économiques,2019,0.369,True,Exonération de la taxe sur la valeur ajoutée due à la vente de déchets pour recyclages par les entreprises implantées dans les parcs d'activités économiques,Exonération
LF2021,223000606,tva,Exonération,Exonération de la taxe sur la valeur ajoutée due à l'importation des effets personnels par le personnel étranger recruté ou les investisseurs étrangers chargés des établissements de santé prêtant la totalité de leurs services au profit des non résidents,2017,,False,Exonération de la taxe sur la valeur ajoutée due à l'importation des effets personnels par le personnel étranger recruté ou les investisseurs étrangers chargés des établissements de santé prêtant la totalité de leurs services au profit des non résidents,Exonération
LF2021,223000606,tva,Exonération,Exonération de la taxe sur la valeur ajoutée due à l'importation des effets personnels par le personnel étranger recruté ou les investisseurs étrangers chargés des établissements de santé prêtant la totalité de leurs services au profit des non résidents,2018,,False,Exonération de la taxe sur la valeur ajoutée due à l'importation des effets personnels par le personnel étranger recruté ou les investisseurs étrangers chargés des établissements de santé prêtant la totalité de leurs services au profit des non résidents,Exonération
LF2021,223000606,tva,Exonération,Exonération de la taxe sur la valeur ajoutée due à l'importation des effets personnels par le personnel étranger recruté ou les investisseurs étrangers chargés des établissements de santé prêtant la totalité de leurs services au profit des non résidents,2019,,False,Exonération de la taxe sur la valeur ajoutée due à l'importation des effets personnels par le personnel étranger recruté ou les investisseurs étrangers chargés des établissements de santé prêtant la totalité de leurs services au profit des non résidents,Exonération
LF2021,223001003,tva,Exonération,Exonération de la taxe sur la valeur ajoutée due à l'importation des matériels et équipement nécessaires à l'activité des prestataires des services financiers aux non résidents,2017,0.004,True,Exonération de la taxe sur la valeur ajoutée due à l'importation des matériels et équipement nécessaires à l'activité des prestataires des services financiers aux non résidents,Exonération
LF2021,223001003,tva,Exonération,Exonération de la taxe sur la valeur ajoutée due à l'importation des matériels et équipement nécessaires à l'activité des prestataires des services financiers aux non résidents,2018,0.013,True,Exonération de la taxe sur la valeur ajoutée due à l'importation des matériels et équipement nécessaires à l'activité des prestataires des services financiers aux non résidents,Exonération
LF2021,223001003,tva,Exonération,Exonération de la taxe sur la valeur ajoutée due à l'importation des matériels et équipement nécessaires à l'activité des prestataires des services financiers aux non résidents,2019,0.0,True,Exonération de la taxe sur la valeur ajoutée due à l'importation des matériels et équipement nécessaires à l'activité des prestataires des services financiers aux non résidents,Exonération
LF2021,223001005,tva,Exonération,Exonération de la taxe sur la valeur ajoutée due à l'importation des effets personnels par le personnel étranger recruté ou les investisseurs étrangers travaillant dans des institutions de prestataires des services financiers aux non résidents,2017,0.0,True,Exonération de la taxe sur la valeur ajoutée due à l'importation des effets personnels par le personnel étranger recruté ou les investisseurs étrangers travaillant dans des institutions de prestataires des services financiers aux non résidents,Exonération
LF2021,223001005,tva,Exonération,Exonération de la taxe sur la valeur ajoutée due à l'importation des effets personnels par le personnel étranger recruté ou les investisseurs étrangers travaillant dans des institutions de prestataires des services financiers aux non résidents,2018,0.0,True,Exonération de la taxe sur la valeur ajoutée due à l'importation des effets personnels par le personnel étranger recruté ou les investisseurs étrangers travaillant dans des institutions de prestataires des services financiers aux non résidents,Exonération
LF2021,223001005,tva,Exonération,Exonération de la taxe sur la valeur ajoutée due à l'importation des effets personnels par le personnel étranger recruté ou les investisseurs étrangers travaillant dans des institutions de prestataires des services financiers aux non résidents,2019,0.0,True,Exonération de la taxe sur la valeur ajoutée due à l'importation des effets personnels par le personnel étranger recruté ou les investisseurs étrangers travaillant dans des institutions de prestataires des services financiers aux non résidents,Exonération
LF2021,223001007,tva,Exonération,Exonération de la taxe sur la valeur ajoutée due à l'importation d'une voiture,2017,0.099,True,Exonération de la taxe sur la valeur ajoutée due à l'importation d'une voiture,Exonération
LF2021,223001007,tva,Exonération,Exonération de la taxe sur la valeur ajoutée due à l'importation d'une voiture,2018,0.325,True,Exonération de la taxe sur la valeur ajoutée due à l'importation d'une voiture,Exonération
LF2021,223001007,tva,Exonération,Exonération de la taxe sur la valeur ajoutée due à l'importation d'une voiture,2019,0.042,True,Exonération de la taxe sur la valeur ajoutée due à l'importation d'une voiture,Exonération
LF2021,223227202,tva,Exonération,Exonération de la taxe sur la valeur ajoutée due sur les dons offerts au Président de la République et sur les objets importés par les chefs d'Etat séjournant en Tunisie ainsi que les chefs de missions diplomatiques étrangers en Tunisie,2017,0.0,True,Exonération de la taxe sur la valeur ajoutée due sur les dons offerts au Président de la République et sur les objets importés par les chefs d'Etat séjournant en Tunisie ainsi que les chefs de missions diplomatiques étrangers en Tunisie,Exonération
LF2021,223227202,tva,Exonération,Exonération de la taxe sur la valeur ajoutée due sur les dons offerts au Président de la République et sur les objets importés par les chefs d'Etat séjournant en Tunisie ainsi que les chefs de missions diplomatiques étrangers en Tunisie,2018,0.0,True,Exonération de la taxe sur la valeur ajoutée due sur les dons offerts au Président de la République et sur les objets importés par les chefs d'Etat séjournant en Tunisie ainsi que les chefs de missions diplomatiques étrangers en Tunisie,Exonération
LF2021,223227202,tva,Exonération,Exonération de la taxe sur la valeur ajoutée due sur les dons offerts au Président de la République et sur les objets importés par les chefs d'Etat séjournant en Tunisie ainsi que les chefs de missions diplomatiques étrangers en Tunisie,2019,0.0,True,Exonération de la taxe sur la valeur ajoutée due sur les dons offerts au Président de la République et sur les objets importés par les chefs d'Etat séjournant en Tunisie ainsi que les chefs de missions diplomatiques étrangers en Tunisie,Exonération
LF2021,223227205,tva,Exonération,"Exonération de la taxe sur la valeur ajoutée à l'importation des outils, instruments, matériels agricoles, industriels ou commerciaux dans le cadre du transfert des sociétés en Tunisie",2017,0.0,True,"Exonération de la taxe sur la valeur ajoutée à l'importation des outils, instruments, matériels agricoles, industriels ou commerciaux dans le cadre du transfert des sociétés en Tunisie",Exonération
LF2021,223227205,tva,Exonération,"Exonération de la taxe sur la valeur ajoutée à l'importation des outils, instruments, matériels agricoles, industriels ou commerciaux dans le cadre du transfert des sociétés en Tunisie",2018,0.0,True,"Exonération de la taxe sur la valeur ajoutée à l'importation des outils, instruments, matériels agricoles, industriels ou commerciaux dans le cadre du transfert des sociétés en Tunisie",Exonération
LF2021,223227205,tva,Exonération,"Exonération de la taxe sur la valeur ajoutée à l'importation des outils, instruments, matériels agricoles, industriels ou commerciaux dans le cadre du transfert des sociétés en Tunisie",2019,0.0,True,"Exonération de la taxe sur la valeur ajoutée à l'importation des outils, instruments, matériels agricoles, industriels ou commerciaux dans le cadre du transfert des sociétés en Tunisie",Exonération
LF2021,223227208,tva,Exonération,Exonération de la taxe sur la valeur ajoutée à l'importation des effets et objets provenant d'héritage :TVA,2017,0.073,True,Exonération de la taxe sur la valeur ajoutée à l'importation des effets et objets provenant d'héritage :TVA,Exonération
LF2021,223227208,tva,Exonération,Exonération de la taxe sur la valeur ajoutée à l'importation des effets et objets provenant d'héritage :TVA,2018,0.066,True,Exonération de la taxe sur la valeur ajoutée à l'importation des effets et objets provenant d'héritage :TVA,Exonération
LF2021,223227208,tva,Exonération,Exonération de la taxe sur la valeur ajoutée à l'importation des effets et objets provenant d'héritage :TVA,2019,0.0,True,Exonération de la taxe sur la valeur ajoutée à l'importation des effets et objets provenant d'héritage :TVA,Exonération
LF2021,223227210,tva,Exonération,Exonération de la taxe sur la valeur ajoutée à l'importation des trousseaux d'élèves et de mariage,2017,0.0,True,Exonération de la taxe sur la valeur ajoutée à l'importation des trousseaux d'élèves et de mariage,Exonération
LF2021,223227210,tva,Exonération,Exonération de la taxe sur la valeur ajoutée à l'importation des trousseaux d'élèves et de mariage,2018,0.0,True,Exonération de la taxe sur la valeur ajoutée à l'importation des trousseaux d'élèves et de mariage,Exonération
LF2021,223227210,tva,Exonération,Exonération de la taxe sur la valeur ajoutée à l'importation des trousseaux d'élèves et de mariage,2019,0.0,True,Exonération de la taxe sur la valeur ajoutée à l'importation des trousseaux d'élèves et de mariage,Exonération
LF2021,223227212,tva,Exonération,Exonération de la taxe sur la valeur ajoutée à l'importation des marchandises destinées aux organismes de solidarité,2017,0.0,True,Exonération de la taxe sur la valeur ajoutée à l'importation des marchandises destinées aux organismes de solidarité,Exonération
LF2021,223227212,tva,Exonération,Exonération de la taxe sur la valeur ajoutée à l'importation des marchandises destinées aux organismes de solidarité,2018,0.0,True,Exonération de la taxe sur la valeur ajoutée à l'importation des marchandises destinées aux organismes de solidarité,Exonération
LF2021,223227212,tva,Exonération,Exonération de la taxe sur la valeur ajoutée à l'importation des marchandises destinées aux organismes de solidarité,2019,0.191,True,Exonération de la taxe sur la valeur ajoutée à l'importation des marchandises destinées aux organismes de solidarité,Exonération
LF2021,223227215,tva,Exonération,Exonération de la taxe sur la valeur ajoutée à l'importation des envois à titre de dons,2017,31.849,True,Exonération de la taxe sur la valeur ajoutée à l'importation des envois à titre de dons,Exonération
LF2021,223227215,tva,Exonération,Exonération de la taxe sur la valeur ajoutée à l'importation des envois à titre de dons,2018,46.934,True,Exonération de la taxe sur la valeur ajoutée à l'importation des envois à titre de dons,Exonération
LF2021,223227215,tva,Exonération,Exonération de la taxe sur la valeur ajoutée à l'importation des envois à titre de dons,2019,39.482,True,Exonération de la taxe sur la valeur ajoutée à l'importation des envois à titre de dons,Exonération
LF2021,223227217,tva,Exonération,Exonération de la taxe sur la valeur ajoutée à l'importation des échantillons sans valeur marchande,2017,0.002,True,Exonération de la taxe sur la valeur ajoutée à l'importation des échantillons sans valeur marchande,Exonération
LF2021,223227217,tva,Exonération,Exonération de la taxe sur la valeur ajoutée à l'importation des échantillons sans valeur marchande,2018,0.013,True,Exonération de la taxe sur la valeur ajoutée à l'importation des échantillons sans valeur marchande,Exonération
LF2021,223227217,tva,Exonération,Exonération de la taxe sur la valeur ajoutée à l'importation des échantillons sans valeur marchande,2019,0.092,True,Exonération de la taxe sur la valeur ajoutée à l'importation des échantillons sans valeur marchande,Exonération
LF2021,223227219,tva,Exonération,Exonération de la taxe sur la valeur ajoutée à l'importation des effets personnels par les Tunisiens résidant à l'étranger dans le cadre de leur rentrée définitive,2017,0.043,True,Exonération de la taxe sur la valeur ajoutée à l'importation des effets personnels par les Tunisiens résidant à l'étranger dans le cadre de leur rentrée définitive,Exonération
LF2021,223227219,tva,Exonération,Exonération de la taxe sur la valeur ajoutée à l'importation des effets personnels par les Tunisiens résidant à l'étranger dans le cadre de leur rentrée définitive,2018,0.251,True,Exonération de la taxe sur la valeur ajoutée à l'importation des effets personnels par les Tunisiens résidant à l'étranger dans le cadre de leur rentrée définitive,Exonération
LF2021,223227219,tva,Exonération,Exonération de la taxe sur la valeur ajoutée à l'importation des effets personnels par les Tunisiens résidant à l'étranger dans le cadre de leur rentrée définitive,2019,0.041,True,Exonération de la taxe sur la valeur ajoutée à l'importation des effets personnels par les Tunisiens résidant à l'étranger dans le cadre de leur rentrée définitive,Exonération
LF2021,223227222,tva,Exonération,"Exonération de la taxe sur la valeur ajoutée à l'importation d'une voiture de tourisme, une voiture utilitaire et d'un motocycle par les Tunisiens résidant à l'étranger dans le cadre de leur rentrée définitive (Conjoint et étrangers inclus)",2017,315.407,True,"Exonération de la taxe sur la valeur ajoutée à l'importation d'une voiture de tourisme, une voiture utilitaire et d'un motocycle par les Tunisiens résidant à l'étranger dans le cadre de leur rentrée définitive (Conjoint et étrangers inclus)",Exonération
LF2021,223227222,tva,Exonération,"Exonération de la taxe sur la valeur ajoutée à l'importation d'une voiture de tourisme, une voiture utilitaire et d'un motocycle par les Tunisiens résidant à l'étranger dans le cadre de leur rentrée définitive (Conjoint et étrangers inclus)",2018,331.506,True,"Exonération de la taxe sur la valeur ajoutée à l'importation d'une voiture de tourisme, une voiture utilitaire et d'un motocycle par les Tunisiens résidant à l'étranger dans le cadre de leur rentrée définitive (Conjoint et étrangers inclus)",Exonération
LF2021,223227222,tva,Exonération,"Exonération de la taxe sur la valeur ajoutée à l'importation d'une voiture de tourisme, une voiture utilitaire et d'un motocycle par les Tunisiens résidant à l'étranger dans le cadre de leur rentrée définitive (Conjoint et étrangers inclus)",2019,391.836,True,"Exonération de la taxe sur la valeur ajoutée à l'importation d'une voiture de tourisme, une voiture utilitaire et d'un motocycle par les Tunisiens résidant à l'étranger dans le cadre de leur rentrée définitive (Conjoint et étrangers inclus)",Exonération
LF2021,223300401,tva,Exonération,Exonération de la taxe sur la valeur ajoutée à l'importation et à la vente sur le marché local du Lait frais,2017,0.0,True,Exonération de la taxe sur la valeur ajoutée à l'importation et à la vente sur le marché local du Lait frais,Exonération
LF2021,223300401,tva,Exonération,Exonération de la taxe sur la valeur ajoutée à l'importation et à la vente sur le marché local du Lait frais,2018,0.003,True,Exonération de la taxe sur la valeur ajoutée à l'importation et à la vente sur le marché local du Lait frais,Exonération
LF2021,223300401,tva,Exonération,Exonération de la taxe sur la valeur ajoutée à l'importation et à la vente sur le marché local du Lait frais,2019,0.007,True,Exonération de la taxe sur la valeur ajoutée à l'importation et à la vente sur le marché local du Lait frais,Exonération
LF2021,223300402,tva,Exonération,Exonération de la taxe sur la valeur ajoutée à l'importation et à la vente sur le marché local des préparations alimentaires et médicales,2017,3.47,True,Exonération de la taxe sur la valeur ajoutée à l'importation et à la vente sur le marché local des préparations alimentaires et médicales,Exonération
LF2021,223300402,tva,Exonération,Exonération de la taxe sur la valeur ajoutée à l'importation et à la vente sur le marché local des préparations alimentaires et médicales,2018,4.983,True,Exonération de la taxe sur la valeur ajoutée à l'importation et à la vente sur le marché local des préparations alimentaires et médicales,Exonération
LF2021,223300402,tva,Exonération,Exonération de la taxe sur la valeur ajoutée à l'importation et à la vente sur le marché local des préparations alimentaires et médicales,2019,3.839,True,Exonération de la taxe sur la valeur ajoutée à l'importation et à la vente sur le marché local des préparations alimentaires et médicales,Exonération
LF2021,223300403,tva,Exonération,Exonération de la taxe sur la valeur ajoutée à l'importation et à la vente sur le marché local des Huiles végétales non raffinées,2017,138.124,True,Exonération de la taxe sur la valeur ajoutée à l'importation et à la vente sur le marché local des Huiles végétales non raffinées,Exonération
LF2021,223300403,tva,Exonération,Exonération de la taxe sur la valeur ajoutée à l'importation et à la vente sur le marché local des Huiles végétales non raffinées,2018,188.827,True,Exonération de la taxe sur la valeur ajoutée à l'importation et à la vente sur le marché local des Huiles végétales non raffinées,Exonération
LF2021,223300403,tva,Exonération,Exonération de la taxe sur la valeur ajoutée à l'importation et à la vente sur le marché local des Huiles végétales non raffinées,2019,200.585,True,Exonération de la taxe sur la valeur ajoutée à l'importation et à la vente sur le marché local des Huiles végétales non raffinées,Exonération
LF2021,223300404,tva,Exonération,Exonération de la taxe sur la valeur ajoutée à l'importation et à la vente sur le marché local des appareils destinés à l'usage des handicapés physiques,2017,24.3,True,Exonération de la taxe sur la valeur ajoutée à l'importation et à la vente sur le marché local des appareils destinés à l'usage des handicapés physiques,Exonération
LF2021,223300404,tva,Exonération,Exonération de la taxe sur la valeur ajoutée à l'importation et à la vente sur le marché local des appareils destinés à l'usage des handicapés physiques,2018,25.533,True,Exonération de la taxe sur la valeur ajoutée à l'importation et à la vente sur le marché local des appareils destinés à l'usage des handicapés physiques,Exonération
LF2021,223300404,tva,Exonération,Exonération de la taxe sur la valeur ajoutée à l'importation et à la vente sur le marché local des appareils destinés à l'usage des handicapés physiques,2019,31.682,True,Exonération de la taxe sur la valeur ajoutée à l'importation et à la vente sur le marché local des appareils destinés à l'usage des handicapés physiques,Exonération
LF2021,223300405,tva,Exonération,Exonération de la taxe sur la valeur ajoutée à l'importation et à la vente sur le marché local des appareils et filtres d'hémodialyse,2017,2.626,True,Exonération de la taxe sur la valeur ajoutée à l'importation et à la vente sur le marché local des appareils et filtres d'hémodialyse,Exonération
LF2021,223300405,tva,Exonération,Exonération de la taxe sur la valeur ajoutée à l'importation et à la vente sur le marché local des appareils et filtres d'hémodialyse,2018,5.221,True,Exonération de la taxe sur la valeur ajoutée à l'importation et à la vente sur le marché local des appareils et filtres d'hémodialyse,Exonération
LF2021,223300405,tva,Exonération,Exonération de la taxe sur la valeur ajoutée à l'importation et à la vente sur le marché local des appareils et filtres d'hémodialyse,2019,5.347,True,Exonération de la taxe sur la valeur ajoutée à l'importation et à la vente sur le marché local des appareils et filtres d'hémodialyse,Exonération
LF2021,223300406,tva,Exonération,Exonération de la taxe sur la valeur ajoutée à l'importation et à la vente sur le marché local au titre de certains articles nécessaires pour les malades du cancer du sein,2017,,False,Exonération de la taxe sur la valeur ajoutée à l'importation et à la vente sur le marché local au titre de certains articles nécessaires pour les malades du cancer du sein,Exonération
LF2021,223300406,tva,Exonération,Exonération de la taxe sur la valeur ajoutée à l'importation et à la vente sur le marché local au titre de certains articles nécessaires pour les malades du cancer du sein,2018,,False,Exonération de la taxe sur la valeur ajoutée à l'importation et à la vente sur le marché local au titre de certains articles nécessaires pour les malades du cancer du sein,Exonération
LF2021,223300406,tva,Exonération,Exonération de la taxe sur la valeur ajoutée à l'importation et à la vente sur le marché local au titre de certains articles nécessaires pour les malades du cancer du sein,2019,0.021,True,Exonération de la taxe sur la valeur ajoutée à l'importation et à la vente sur le marché local au titre de certains articles nécessaires pour les malades du cancer du sein,Exonération
LF2021,223300407,tva,Exonération,Exonération de la taxe sur la valeur ajoutée à l'importation et à la vente sur le marché local des articles utilisés dans le secteur agricole,2017,0.158,True,Exonération de la taxe sur la valeur ajoutée à l'importation et à la vente sur le marché local des articles utilisés dans le secteur agricole,Exonération
LF2021,223300407,tva,Exonération,Exonération de la taxe sur la valeur ajoutée à l'importation et à la vente sur le marché local des articles utilisés dans le secteur agricole,2018,1.064,True,Exonération de la taxe sur la valeur ajoutée à l'importation et à la vente sur le marché local des articles utilisés dans le secteur agricole,Exonération
LF2021,223300407,tva,Exonération,Exonération de la taxe sur la valeur ajoutée à l'importation et à la vente sur le marché local des articles utilisés dans le secteur agricole,2019,0.311,True,Exonération de la taxe sur la valeur ajoutée à l'importation et à la vente sur le marché local des articles utilisés dans le secteur agricole,Exonération
LF2021,223300408,tva,Exonération,Exonération de la taxe sur la valeur ajoutée à l'importation et à la vente sur le marché local des matériels et équipements destinés à l'agriculture et la pêche,2017,18.167,True,Exonération de la taxe sur la valeur ajoutée à l'importation et à la vente sur le marché local des matériels et équipements destinés à l'agriculture et la pêche,Exonération
LF2021,223300408,tva,Exonération,Exonération de la taxe sur la valeur ajoutée à l'importation et à la vente sur le marché local des matériels et équipements destinés à l'agriculture et la pêche,2018,23.491,True,Exonération de la taxe sur la valeur ajoutée à l'importation et à la vente sur le marché local des matériels et équipements destinés à l'agriculture et la pêche,Exonération
LF2021,223300408,tva,Exonération,Exonération de la taxe sur la valeur ajoutée à l'importation et à la vente sur le marché local des matériels et équipements destinés à l'agriculture et la pêche,2019,21.103,True,Exonération de la taxe sur la valeur ajoutée à l'importation et à la vente sur le marché local des matériels et équipements destinés à l'agriculture et la pêche,Exonération
LF2021,223300409,tva,Exonération,"Exonération de la taxe sur la valeur ajoutée à l'importation et à la vente sur le marché local des insecticides, anti-rongeurs, fongicides, herbicides, inhibiteurs de germination et régulateurs de croissance pour plantes, désinfectants et produits similaires ainsi que leurs intrants y compris les emballages destinés à leurs fabrication et à être utilisés principalement dans l’agriculture",2017,21.229,True,"Exonération de la taxe sur la valeur ajoutée à l'importation et à la vente sur le marché local des insecticides, anti-rongeurs, fongicides, herbicides, inhibiteurs de germination et régulateurs de croissance pour plantes, désinfectants et produits similaires ainsi que leurs intrants y compris les emballages destinés à leurs fabrication et à être utilisés principalement dans l’agriculture",Exonération
LF2021,223300409,tva,Exonération,"Exonération de la taxe sur la valeur ajoutée à l'importation et à la vente sur le marché local des insecticides, anti-rongeurs, fongicides, herbicides, inhibiteurs de germination et régulateurs de croissance pour plantes, désinfectants et produits similaires ainsi que leurs intrants y compris les emballages destinés à leurs fabrication et à être utilisés principalement dans l’agriculture",2018,33.916,True,"Exonération de la taxe sur la valeur ajoutée à l'importation et à la vente sur le marché local des insecticides, anti-rongeurs, fongicides, herbicides, inhibiteurs de germination et régulateurs de croissance pour plantes, désinfectants et produits similaires ainsi que leurs intrants y compris les emballages destinés à leurs fabrication et à être utilisés principalement dans l’agriculture",Exonération
LF2021,223300409,tva,Exonération,"Exonération de la taxe sur la valeur ajoutée à l'importation et à la vente sur le marché local des insecticides, anti-rongeurs, fongicides, herbicides, inhibiteurs de germination et régulateurs de croissance pour plantes, désinfectants et produits similaires ainsi que leurs intrants y compris les emballages destinés à leurs fabrication et à être utilisés principalement dans l’agriculture",2019,38.747,True,"Exonération de la taxe sur la valeur ajoutée à l'importation et à la vente sur le marché local des insecticides, anti-rongeurs, fongicides, herbicides, inhibiteurs de germination et régulateurs de croissance pour plantes, désinfectants et produits similaires ainsi que leurs intrants y compris les emballages destinés à leurs fabrication et à être utilisés principalement dans l’agriculture",Exonération
LF2021,223300410,tva,Exonération,Exonération de la taxe sur la valeur ajoutée à l'importation et à la vente sur le marché local des plants et semences,2017,8.374,True,Exonération de la taxe sur la valeur ajoutée à l'importation et à la vente sur le marché local des plants et semences,Exonération
LF2021,223300410,tva,Exonération,Exonération de la taxe sur la valeur ajoutée à l'importation et à la vente sur le marché local des plants et semences,2018,11.715,True,Exonération de la taxe sur la valeur ajoutée à l'importation et à la vente sur le marché local des plants et semences,Exonération
LF2021,223300410,tva,Exonération,Exonération de la taxe sur la valeur ajoutée à l'importation et à la vente sur le marché local des plants et semences,2019,11.054,True,Exonération de la taxe sur la valeur ajoutée à l'importation et à la vente sur le marché local des plants et semences,Exonération
LF2021,223300411,tva,Exonération,Exonération de la taxe sur la valeur ajoutée à l'importation et à la vente sur le marché local des monnaies et des timbres postaux et des timbres fiscaux,2017,0.0,True,Exonération de la taxe sur la valeur ajoutée à l'importation et à la vente sur le marché local des monnaies et des timbres postaux et des timbres fiscaux,Exonération
LF2021,223300411,tva,Exonération,Exonération de la taxe sur la valeur ajoutée à l'importation et à la vente sur le marché local des monnaies et des timbres postaux et des timbres fiscaux,2018,0.0,True,Exonération de la taxe sur la valeur ajoutée à l'importation et à la vente sur le marché local des monnaies et des timbres postaux et des timbres fiscaux,Exonération
LF2021,223300411,tva,Exonération,Exonération de la taxe sur la valeur ajoutée à l'importation et à la vente sur le marché local des monnaies et des timbres postaux et des timbres fiscaux,2019,0.0,True,Exonération de la taxe sur la valeur ajoutée à l'importation et à la vente sur le marché local des monnaies et des timbres postaux et des timbres fiscaux,Exonération
LF2021,223300412,tva,Exonération,"Exonération de la taxe sur la valeur ajoutée à l'importation et à la vente sur le marché local des livres, brochures et imprimés similaires, des journaux et publications périodiques",2017,6.157,True,"Exonération de la taxe sur la valeur ajoutée à l'importation et à la vente sur le marché local des livres, brochures et imprimés similaires, des journaux et publications périodiques",Exonération
LF2021,223300412,tva,Exonération,"Exonération de la taxe sur la valeur ajoutée à l'importation et à la vente sur le marché local des livres, brochures et imprimés similaires, des journaux et publications périodiques",2018,6.062,True,"Exonération de la taxe sur la valeur ajoutée à l'importation et à la vente sur le marché local des livres, brochures et imprimés similaires, des journaux et publications périodiques",Exonération
LF2021,223300412,tva,Exonération,"Exonération de la taxe sur la valeur ajoutée à l'importation et à la vente sur le marché local des livres, brochures et imprimés similaires, des journaux et publications périodiques",2019,6.723,True,"Exonération de la taxe sur la valeur ajoutée à l'importation et à la vente sur le marché local des livres, brochures et imprimés similaires, des journaux et publications périodiques",Exonération
LF2021,223300413,tva,Exonération,"Exonération de la taxe sur la valeur ajoutée à l'importation et à la vente sur le marché local des Articles destinés à l’impression des livres, journaux, périodiques, dépliants et brochures touristiques",2017,0.064,True,"Exonération de la taxe sur la valeur ajoutée à l'importation et à la vente sur le marché local des Articles destinés à l’impression des livres, journaux, périodiques, dépliants et brochures touristiques",Exonération
LF2021,223300413,tva,Exonération,"Exonération de la taxe sur la valeur ajoutée à l'importation et à la vente sur le marché local des Articles destinés à l’impression des livres, journaux, périodiques, dépliants et brochures touristiques",2018,0.078,True,"Exonération de la taxe sur la valeur ajoutée à l'importation et à la vente sur le marché local des Articles destinés à l’impression des livres, journaux, périodiques, dépliants et brochures touristiques",Exonération
LF2021,223300413,tva,Exonération,"Exonération de la taxe sur la valeur ajoutée à l'importation et à la vente sur le marché local des Articles destinés à l’impression des livres, journaux, périodiques, dépliants et brochures touristiques",2019,0.084,True,"Exonération de la taxe sur la valeur ajoutée à l'importation et à la vente sur le marché local des Articles destinés à l’impression des livres, journaux, périodiques, dépliants et brochures touristiques",Exonération
LF2021,223300414,tva,Exonération,Exonération de la taxe sur la valeur ajoutée à l'importation et à la vente sur le marché local du papier destiné à l’impression des journaux,2017,1.57,True,Exonération de la taxe sur la valeur ajoutée à l'importation et à la vente sur le marché local du papier destiné à l’impression des journaux,Exonération
LF2021,223300414,tva,Exonération,Exonération de la taxe sur la valeur ajoutée à l'importation et à la vente sur le marché local du papier destiné à l’impression des journaux,2018,1.796,True,Exonération de la taxe sur la valeur ajoutée à l'importation et à la vente sur le marché local du papier destiné à l’impression des journaux,Exonération
LF2021,223300414,tva,Exonération,Exonération de la taxe sur la valeur ajoutée à l'importation et à la vente sur le marché local du papier destiné à l’impression des journaux,2019,1.445,True,Exonération de la taxe sur la valeur ajoutée à l'importation et à la vente sur le marché local du papier destiné à l’impression des journaux,Exonération
LF2021,223300415,tva,Exonération,"Exonération de la taxe sur la valeur ajoutée à l'importation et à la vente sur le marché local des équipements, matériels et produits nécessaires pour la culture, le sport et l’animation socio-éducative",2017,2.211,True,"Exonération de la taxe sur la valeur ajoutée à l'importation et à la vente sur le marché local des équipements, matériels et produits nécessaires pour la culture, le sport et l’animation socio-éducative",Exonération
LF2021,223300415,tva,Exonération,"Exonération de la taxe sur la valeur ajoutée à l'importation et à la vente sur le marché local des équipements, matériels et produits nécessaires pour la culture, le sport et l’animation socio-éducative",2018,3.845,True,"Exonération de la taxe sur la valeur ajoutée à l'importation et à la vente sur le marché local des équipements, matériels et produits nécessaires pour la culture, le sport et l’animation socio-éducative",Exonération
LF2021,223300415,tva,Exonération,"Exonération de la taxe sur la valeur ajoutée à l'importation et à la vente sur le marché local des équipements, matériels et produits nécessaires pour la culture, le sport et l’animation socio-éducative",2019,1.855,True,"Exonération de la taxe sur la valeur ajoutée à l'importation et à la vente sur le marché local des équipements, matériels et produits nécessaires pour la culture, le sport et l’animation socio-éducative",Exonération
LF2021,223300416,tva,Exonération,"Exonération de la taxe sur la valeur ajoutée à l'importation et à la vente sur le marché local des équipements, matériels, produits et articles servant à la réalisation des forages et des sondages ainsi que leurs parties et pièces détachées",2017,1.682,True,"Exonération de la taxe sur la valeur ajoutée à l'importation et à la vente sur le marché local des équipements, matériels, produits et articles servant à la réalisation des forages et des sondages ainsi que leurs parties et pièces détachées",Exonération
LF2021,223300416,tva,Exonération,"Exonération de la taxe sur la valeur ajoutée à l'importation et à la vente sur le marché local des équipements, matériels, produits et articles servant à la réalisation des forages et des sondages ainsi que leurs parties et pièces détachées",2018,0.725,True,"Exonération de la taxe sur la valeur ajoutée à l'importation et à la vente sur le marché local des équipements, matériels, produits et articles servant à la réalisation des forages et des sondages ainsi que leurs parties et pièces détachées",Exonération
LF2021,223300416,tva,Exonération,"Exonération de la taxe sur la valeur ajoutée à l'importation et à la vente sur le marché local des équipements, matériels, produits et articles servant à la réalisation des forages et des sondages ainsi que leurs parties et pièces détachées",2019,1.444,True,"Exonération de la taxe sur la valeur ajoutée à l'importation et à la vente sur le marché local des équipements, matériels, produits et articles servant à la réalisation des forages et des sondages ainsi que leurs parties et pièces détachées",Exonération
LF2021,223300417,tva,Exonération,Exonération de la taxe sur la valeur ajoutée à l'importation et à la vente sur le marché local des matériels et équipements destinés à la recherche,2017,,False,Exonération de la taxe sur la valeur ajoutée à l'importation et à la vente sur le marché local des matériels et équipements destinés à la recherche,Exonération
LF2021,223300417,tva,Exonération,Exonération de la taxe sur la valeur ajoutée à l'importation et à la vente sur le marché local des matériels et équipements destinés à la recherche,2018,,False,Exonération de la taxe sur la valeur ajoutée à l'importation et à la vente sur le marché local des matériels et équipements destinés à la recherche,Exonération
LF2021,223300417,tva,Exonération,Exonération de la taxe sur la valeur ajoutée à l'importation et à la vente sur le marché local des matériels et équipements destinés à la recherche,2019,,False,Exonération de la taxe sur la valeur ajoutée à l'importation et à la vente sur le marché local des matériels et équipements destinés à la recherche,Exonération
LF2021,223300418,tva,Exonération,Exonération de la taxe sur la valeur ajoutée à l'importation et à la vente sur le marché local des plates formes de forage ou d'exploitations flottantes ou submersibles,2017,0.0,True,Exonération de la taxe sur la valeur ajoutée à l'importation et à la vente sur le marché local des plates formes de forage ou d'exploitations flottantes ou submersibles,Exonération
LF2021,223300418,tva,Exonération,Exonération de la taxe sur la valeur ajoutée à l'importation et à la vente sur le marché local des plates formes de forage ou d'exploitations flottantes ou submersibles,2018,0.0,True,Exonération de la taxe sur la valeur ajoutée à l'importation et à la vente sur le marché local des plates formes de forage ou d'exploitations flottantes ou submersibles,Exonération
LF2021,223300418,tva,Exonération,Exonération de la taxe sur la valeur ajoutée à l'importation et à la vente sur le marché local des plates formes de forage ou d'exploitations flottantes ou submersibles,2019,0.0,True,Exonération de la taxe sur la valeur ajoutée à l'importation et à la vente sur le marché local des plates formes de forage ou d'exploitations flottantes ou submersibles,Exonération
LF2021,223300419,tva,Exonération,Exonération de la taxe sur la valeur ajoutée à l'importation et à la vente sur le marché local des aérodynes destinés aux avions à usage multiple,2017,4.015,True,Exonération de la taxe sur la valeur ajoutée à l'importation et à la vente sur le marché local des aérodynes destinés aux avions à usage multiple,Exonération
LF2021,223300419,tva,Exonération,Exonération de la taxe sur la valeur ajoutée à l'importation et à la vente sur le marché local des aérodynes destinés aux avions à usage multiple,2018,0.0,True,Exonération de la taxe sur la valeur ajoutée à l'importation et à la vente sur le marché local des aérodynes destinés aux avions à usage multiple,Exonération
LF2021,223300419,tva,Exonération,Exonération de la taxe sur la valeur ajoutée à l'importation et à la vente sur le marché local des aérodynes destinés aux avions à usage multiple,2019,0.0,True,Exonération de la taxe sur la valeur ajoutée à l'importation et à la vente sur le marché local des aérodynes destinés aux avions à usage multiple,Exonération
LF2021,223300420,tva,Exonération,"Exonération de la taxe sur la valeur ajoutée à l'importation et à la vente sur le marché local des matériels, des équipements et des véhicules équipés spécialement dans le cadre des services de la sûreté et de la défense",2017,95.214,True,"Exonération de la taxe sur la valeur ajoutée à l'importation et à la vente sur le marché local des matériels, des équipements et des véhicules équipés spécialement dans le cadre des services de la sûreté et de la défense",Exonération
LF2021,223300420,tva,Exonération,"Exonération de la taxe sur la valeur ajoutée à l'importation et à la vente sur le marché local des matériels, des équipements et des véhicules équipés spécialement dans le cadre des services de la sûreté et de la défense",2018,155.224,True,"Exonération de la taxe sur la valeur ajoutée à l'importation et à la vente sur le marché local des matériels, des équipements et des véhicules équipés spécialement dans le cadre des services de la sûreté et de la défense",Exonération
LF2021,223300420,tva,Exonération,"Exonération de la taxe sur la valeur ajoutée à l'importation et à la vente sur le marché local des matériels, des équipements et des véhicules équipés spécialement dans le cadre des services de la sûreté et de la défense",2019,59.256,True,"Exonération de la taxe sur la valeur ajoutée à l'importation et à la vente sur le marché local des matériels, des équipements et des véhicules équipés spécialement dans le cadre des services de la sûreté et de la défense",Exonération
LF2021,223300421,tva,Exonération,Exonération de la taxe sur la valeur ajoutée à l'importation et à la vente sur le marché local des bus destinés au transport des handicapés,2017,0.048,True,Exonération de la taxe sur la valeur ajoutée à l'importation et à la vente sur le marché local des bus destinés au transport des handicapés,Exonération
LF2021,223300421,tva,Exonération,Exonération de la taxe sur la valeur ajoutée à l'importation et à la vente sur le marché local des bus destinés au transport des handicapés,2018,0.0,True,Exonération de la taxe sur la valeur ajoutée à l'importation et à la vente sur le marché local des bus destinés au transport des handicapés,Exonération
LF2021,223300421,tva,Exonération,Exonération de la taxe sur la valeur ajoutée à l'importation et à la vente sur le marché local des bus destinés au transport des handicapés,2019,0.0,True,Exonération de la taxe sur la valeur ajoutée à l'importation et à la vente sur le marché local des bus destinés au transport des handicapés,Exonération
LF2021,223300422,tva,Exonération,Exonération de la taxe sur la valeur ajoutée due à l'importation et la vente sur le marché local des véhicules automobiles aménagés spécialement à l'usage des handicapés physiques,2017,0.0,True,Exonération de la taxe sur la valeur ajoutée due à l'importation et la vente sur le marché local des véhicules automobiles aménagés spécialement à l'usage des handicapés physiques,Exonération
LF2021,223300422,tva,Exonération,Exonération de la taxe sur la valeur ajoutée due à l'importation et la vente sur le marché local des véhicules automobiles aménagés spécialement à l'usage des handicapés physiques,2018,0.0,True,Exonération de la taxe sur la valeur ajoutée due à l'importation et la vente sur le marché local des véhicules automobiles aménagés spécialement à l'usage des handicapés physiques,Exonération
LF2021,223300422,tva,Exonération,Exonération de la taxe sur la valeur ajoutée due à l'importation et la vente sur le marché local des véhicules automobiles aménagés spécialement à l'usage des handicapés physiques,2019,0.0,True,Exonération de la taxe sur la valeur ajoutée due à l'importation et la vente sur le marché local des véhicules automobiles aménagés spécialement à l'usage des handicapés physiques,Exonération
LF2021,223300423,tva,Exonération,Exonération de la taxe sur la valeur ajoutée à l'importation des animaux reproducteurs de race pure,2017,0.407,True,Exonération de la taxe sur la valeur ajoutée à l'importation des animaux reproducteurs de race pure,Exonération
LF2021,223300423,tva,Exonération,Exonération de la taxe sur la valeur ajoutée à l'importation des animaux reproducteurs de race pure,2018,1.099,True,Exonération de la taxe sur la valeur ajoutée à l'importation des animaux reproducteurs de race pure,Exonération
LF2021,223300423,tva,Exonération,Exonération de la taxe sur la valeur ajoutée à l'importation des animaux reproducteurs de race pure,2019,1.614,True,Exonération de la taxe sur la valeur ajoutée à l'importation des animaux reproducteurs de race pure,Exonération
LF2021,223300424,tva,Exonération,"Exonération de la taxe sur la valeur ajoutée due à l'importation et la vente sur le marché local des monnaies, produits de",2017,90.145,True,"Exonération de la taxe sur la valeur ajoutée due à l'importation et la vente sur le marché local des monnaies, produits de",Exonération
LF2021,223300424,tva,Exonération,"Exonération de la taxe sur la valeur ajoutée due à l'importation et la vente sur le marché local des monnaies, produits de",2018,44.45,True,"Exonération de la taxe sur la valeur ajoutée due à l'importation et la vente sur le marché local des monnaies, produits de",Exonération
LF2021,223300424,tva,Exonération,"Exonération de la taxe sur la valeur ajoutée due à l'importation et la vente sur le marché local des monnaies, produits de",2019,12.543,True,"Exonération de la taxe sur la valeur ajoutée due à l'importation et la vente sur le marché local des monnaies, produits de",Exonération
LF2021,223300425,tva,Exonération,Exonération de la taxe sur la valeur ajoutée due à la vente sur le marché local des pâtes alimentaires,2017,,False,Exonération de la taxe sur la valeur ajoutée due à la vente sur le marché local des pâtes alimentaires,Exonération
LF2021,223300425,tva,Exonération,Exonération de la taxe sur la valeur ajoutée due à la vente sur le marché local des pâtes alimentaires,2018,,False,Exonération de la taxe sur la valeur ajoutée due à la vente sur le marché local des pâtes alimentaires,Exonération
LF2021,223300425,tva,Exonération,Exonération de la taxe sur la valeur ajoutée due à la vente sur le marché local des pâtes alimentaires,2019,,False,Exonération de la taxe sur la valeur ajoutée due à la vente sur le marché local des pâtes alimentaires,Exonération
LF2021,223300426,tva,Exonération,Exonération de la taxe sur la valeur ajoutée due à la vente des aliments fourragers,2017,,False,Exonération de la taxe sur la valeur ajoutée due à la vente des aliments fourragers,Exonération
LF2021,223300426,tva,Exonération,Exonération de la taxe sur la valeur ajoutée due à la vente des aliments fourragers,2018,,False,Exonération de la taxe sur la valeur ajoutée due à la vente des aliments fourragers,Exonération
LF2021,223300426,tva,Exonération,Exonération de la taxe sur la valeur ajoutée due à la vente des aliments fourragers,2019,,False,Exonération de la taxe sur la valeur ajoutée due à la vente des aliments fourragers,Exonération
LF2021,223300427,tva,Exonération,Exonération de la taxe sur la valeur ajoutée due à la vente du huile d'olive,2017,,False,Exonération de la taxe sur la valeur ajoutée due à la vente du huile d'olive,Exonération
LF2021,223300427,tva,Exonération,Exonération de la taxe sur la valeur ajoutée due à la vente du huile d'olive,2018,,False,Exonération de la taxe sur la valeur ajoutée due à la vente du huile d'olive,Exonération
LF2021,223300427,tva,Exonération,Exonération de la taxe sur la valeur ajoutée due à la vente du huile d'olive,2019,,False,Exonération de la taxe sur la valeur ajoutée due à la vente du huile d'olive,Exonération
LF2021,223300428,tva,Exonération,Exonération de la taxe sur la valeur ajoutée due à la vente des Huiles végétales raffinées,2017,,False,Exonération de la taxe sur la valeur ajoutée due à la vente des Huiles végétales raffinées,Exonération
LF2021,223300428,tva,Exonération,Exonération de la taxe sur la valeur ajoutée due à la vente des Huiles végétales raffinées,2018,,False,Exonération de la taxe sur la valeur ajoutée due à la vente des Huiles végétales raffinées,Exonération
LF2021,223300428,tva,Exonération,Exonération de la taxe sur la valeur ajoutée due à la vente des Huiles végétales raffinées,2019,,False,Exonération de la taxe sur la valeur ajoutée due à la vente des Huiles végétales raffinées,Exonération
LF2021,223300429,tva,Exonération,Exonération de la taxe sur la valeur ajoutée due à la vente des hydrocarbures liquides et gazeux,2017,,False,Exonération de la taxe sur la valeur ajoutée due à la vente des hydrocarbures liquides et gazeux,Exonération
LF2021,223300429,tva,Exonération,Exonération de la taxe sur la valeur ajoutée due à la vente des hydrocarbures liquides et gazeux,2018,,False,Exonération de la taxe sur la valeur ajoutée due à la vente des hydrocarbures liquides et gazeux,Exonération
LF2021,223300429,tva,Exonération,Exonération de la taxe sur la valeur ajoutée due à la vente des hydrocarbures liquides et gazeux,2019,,False,Exonération de la taxe sur la valeur ajoutée due à la vente des hydrocarbures liquides et gazeux,Exonération
LF2021,223300430,tva,Exonération,Exonération de la taxe sur la valeur ajoutée due à la vente des produits destinés aux entreprises pétrolières,2017,,False,Exonération de la taxe sur la valeur ajoutée due à la vente des produits destinés aux entreprises pétrolières,Exonération
LF2021,223300430,tva,Exonération,Exonération de la taxe sur la valeur ajoutée due à la vente des produits destinés aux entreprises pétrolières,2018,,False,Exonération de la taxe sur la valeur ajoutée due à la vente des produits destinés aux entreprises pétrolières,Exonération
LF2021,223300430,tva,Exonération,Exonération de la taxe sur la valeur ajoutée due à la vente des produits destinés aux entreprises pétrolières,2019,,False,Exonération de la taxe sur la valeur ajoutée due à la vente des produits destinés aux entreprises pétrolières,Exonération
LF2021,223300431,tva,Exonération,"Exonération de la taxe sur la valeur ajoutée due à la vente des logements sociaux ainsi que leurs dépendances y compris les parkings collectifs attenant à ces immeubles, financés dans le cadre des interventions du fonds de promotion du logement pour les salariés et acquis auprès des promoteurs immobiliers",2017,,False,"Exonération de la taxe sur la valeur ajoutée due à la vente des logements sociaux ainsi que leurs dépendances y compris les parkings collectifs attenant à ces immeubles, financés dans le cadre des interventions du fonds de promotion du logement pour les salariés et acquis auprès des promoteurs immobiliers",Exonération
LF2021,223300431,tva,Exonération,"Exonération de la taxe sur la valeur ajoutée due à la vente des logements sociaux ainsi que leurs dépendances y compris les parkings collectifs attenant à ces immeubles, financés dans le cadre des interventions du fonds de promotion du logement pour les salariés et acquis auprès des promoteurs immobiliers",2018,,False,"Exonération de la taxe sur la valeur ajoutée due à la vente des logements sociaux ainsi que leurs dépendances y compris les parkings collectifs attenant à ces immeubles, financés dans le cadre des interventions du fonds de promotion du logement pour les salariés et acquis auprès des promoteurs immobiliers",Exonération
LF2021,223300431,tva,Exonération,"Exonération de la taxe sur la valeur ajoutée due à la vente des logements sociaux ainsi que leurs dépendances y compris les parkings collectifs attenant à ces immeubles, financés dans le cadre des interventions du fonds de promotion du logement pour les salariés et acquis auprès des promoteurs immobiliers",2019,,False,"Exonération de la taxe sur la valeur ajoutée due à la vente des logements sociaux ainsi que leurs dépendances y compris les parkings collectifs attenant à ces immeubles, financés dans le cadre des interventions du fonds de promotion du logement pour les salariés et acquis auprès des promoteurs immobiliers",Exonération
LF2021,223300432,tva,Exonération,Exonération de la taxe sur la valeur ajoutée due aux prestations de services d’hébergement et de la prise en charge des personnes handicapées,2017,,False,Exonération de la taxe sur la valeur ajoutée due aux prestations de services d’hébergement et de la prise en charge des personnes handicapées,Exonération
LF2021,223300432,tva,Exonération,Exonération de la taxe sur la valeur ajoutée due aux prestations de services d’hébergement et de la prise en charge des personnes handicapées,2018,,False,Exonération de la taxe sur la valeur ajoutée due aux prestations de services d’hébergement et de la prise en charge des personnes handicapées,Exonération
LF2021,223300432,tva,Exonération,Exonération de la taxe sur la valeur ajoutée due aux prestations de services d’hébergement et de la prise en charge des personnes handicapées,2019,,False,Exonération de la taxe sur la valeur ajoutée due aux prestations de services d’hébergement et de la prise en charge des personnes handicapées,Exonération
LF2021,223300433,tva,Exonération,Exonération de la taxe sur la valeur ajoutée due aux prestations de services destinés au secteur agricole,2017,,False,Exonération de la taxe sur la valeur ajoutée due aux prestations de services destinés au secteur agricole,Exonération
LF2021,223300433,tva,Exonération,Exonération de la taxe sur la valeur ajoutée due aux prestations de services destinés au secteur agricole,2018,,False,Exonération de la taxe sur la valeur ajoutée due aux prestations de services destinés au secteur agricole,Exonération
LF2021,223300433,tva,Exonération,Exonération de la taxe sur la valeur ajoutée due aux prestations de services destinés au secteur agricole,2019,,False,Exonération de la taxe sur la valeur ajoutée due aux prestations de services destinés au secteur agricole,Exonération
LF2021,223300434,tva,Exonération,Exonération de la taxe sur la valeur ajoutée due aux prestations de services destinés au secteur de la pêche,2017,,False,Exonération de la taxe sur la valeur ajoutée due aux prestations de services destinés au secteur de la pêche,Exonération
LF2021,223300434,tva,Exonération,Exonération de la taxe sur la valeur ajoutée due aux prestations de services destinés au secteur de la pêche,2018,,False,Exonération de la taxe sur la valeur ajoutée due aux prestations de services destinés au secteur de la pêche,Exonération
LF2021,223300434,tva,Exonération,Exonération de la taxe sur la valeur ajoutée due aux prestations de services destinés au secteur de la pêche,2019,,False,Exonération de la taxe sur la valeur ajoutée due aux prestations de services destinés au secteur de la pêche,Exonération
LF2021,223300435,tva,Exonération,Exonération de la taxe sur la valeur ajoutée due aux prestations de services destinés au secteur Culturel,2017,,False,Exonération de la taxe sur la valeur ajoutée due aux prestations de services destinés au secteur Culturel,Exonération
LF2021,223300435,tva,Exonération,Exonération de la taxe sur la valeur ajoutée due aux prestations de services destinés au secteur Culturel,2018,,False,Exonération de la taxe sur la valeur ajoutée due aux prestations de services destinés au secteur Culturel,Exonération
LF2021,223300435,tva,Exonération,Exonération de la taxe sur la valeur ajoutée due aux prestations de services destinés au secteur Culturel,2019,,False,Exonération de la taxe sur la valeur ajoutée due aux prestations de services destinés au secteur Culturel,Exonération
LF2021,223300436,tva,Exonération,"Exonération de la taxe sur la valeur ajoutée due aux prestations de services de transport aérien, maritime et routier",2017,,False,"Exonération de la taxe sur la valeur ajoutée due aux prestations de services de transport aérien, maritime et routier",Exonération
LF2021,223300436,tva,Exonération,"Exonération de la taxe sur la valeur ajoutée due aux prestations de services de transport aérien, maritime et routier",2018,,False,"Exonération de la taxe sur la valeur ajoutée due aux prestations de services de transport aérien, maritime et routier",Exonération
LF2021,223300436,tva,Exonération,"Exonération de la taxe sur la valeur ajoutée due aux prestations de services de transport aérien, maritime et routier",2019,,False,"Exonération de la taxe sur la valeur ajoutée due aux prestations de services de transport aérien, maritime et routier",Exonération
LF2021,223300437,tva,Exonération,Exonération de la taxe sur la valeur ajoutée due aux prestations de services de la location de locaux d'habitation non meublés ainsi que la location d'autres immeubles effectuée par les collectivités locales et les personnes physiques non soumises à la taxe sur la valeur ajoutée selon le régime réel au titre d'une autre activité et la location des locaux meublés destinés à l'hébergement des étudiants,2017,,False,Exonération de la taxe sur la valeur ajoutée due aux prestations de services de la location de locaux d'habitation non meublés ainsi que la location d'autres immeubles effectuée par les collectivités locales et les personnes physiques non soumises à la taxe sur la valeur ajoutée selon le régime réel au titre d'une autre activité et la location des locaux meublés destinés à l'hébergement des étudiants,Exonération
LF2021,223300437,tva,Exonération,Exonération de la taxe sur la valeur ajoutée due aux prestations de services de la location de locaux d'habitation non meublés ainsi que la location d'autres immeubles effectuée par les collectivités locales et les personnes physiques non soumises à la taxe sur la valeur ajoutée selon le régime réel au titre d'une autre activité et la location des locaux meublés destinés à l'hébergement des étudiants,2018,,False,Exonération de la taxe sur la valeur ajoutée due aux prestations de services de la location de locaux d'habitation non meublés ainsi que la location d'autres immeubles effectuée par les collectivités locales et les personnes physiques non soumises à la taxe sur la valeur ajoutée selon le régime réel au titre d'une autre activité et la location des locaux meublés destinés à l'hébergement des étudiants,Exonération
LF2021,223300437,tva,Exonération,Exonération de la taxe sur la valeur ajoutée due aux prestations de services de la location de locaux d'habitation non meublés ainsi que la location d'autres immeubles effectuée par les collectivités locales et les personnes physiques non soumises à la taxe sur la valeur ajoutée selon le régime réel au titre d'une autre activité et la location des locaux meublés destinés à l'hébergement des étudiants,2019,,False,Exonération de la taxe sur la valeur ajoutée due aux prestations de services de la location de locaux d'habitation non meublés ainsi que la location d'autres immeubles effectuée par les collectivités locales et les personnes physiques non soumises à la taxe sur la valeur ajoutée selon le régime réel au titre d'une autre activité et la location des locaux meublés destinés à l'hébergement des étudiants,Exonération
LF2021,223300438,tva,Exonération,Exonération de la taxe sur la valeur ajoutée due sur les commissions et les intérêts bancaire,2017,,False,Exonération de la taxe sur la valeur ajoutée due sur les commissions et les intérêts bancaire,Exonération
LF2021,223300438,tva,Exonération,Exonération de la taxe sur la valeur ajoutée due sur les commissions et les intérêts bancaire,2018,,False,Exonération de la taxe sur la valeur ajoutée due sur les commissions et les intérêts bancaire,Exonération
LF2021,223300438,tva,Exonération,Exonération de la taxe sur la valeur ajoutée due sur les commissions et les intérêts bancaire,2019,,False,Exonération de la taxe sur la valeur ajoutée due sur les commissions et les intérêts bancaire,Exonération
LF2021,223300439,tva,Exonération,"Exonération de la taxe sur la valeur ajoutée due au titre de la plus value au titre des opérations réalisées par les établissements de crédit dans le cadre des contrats de vente murabaha, de vente salam et d'istisna",2017,,False,"Exonération de la taxe sur la valeur ajoutée due au titre de la plus value au titre des opérations réalisées par les établissements de crédit dans le cadre des contrats de vente murabaha, de vente salam et d'istisna",Exonération
LF2021,223300439,tva,Exonération,"Exonération de la taxe sur la valeur ajoutée due au titre de la plus value au titre des opérations réalisées par les établissements de crédit dans le cadre des contrats de vente murabaha, de vente salam et d'istisna",2018,,False,"Exonération de la taxe sur la valeur ajoutée due au titre de la plus value au titre des opérations réalisées par les établissements de crédit dans le cadre des contrats de vente murabaha, de vente salam et d'istisna",Exonération
LF2021,223300439,tva,Exonération,"Exonération de la taxe sur la valeur ajoutée due au titre de la plus value au titre des opérations réalisées par les établissements de crédit dans le cadre des contrats de vente murabaha, de vente salam et d'istisna",2019,,False,"Exonération de la taxe sur la valeur ajoutée due au titre de la plus value au titre des opérations réalisées par les établissements de crédit dans le cadre des contrats de vente murabaha, de vente salam et d'istisna",Exonération
LF2021,223300440,tva,Exonération,Exonération de la taxe sur la valeur ajoutée due aux prestations de services postaux,2017,,False,Exonération de la taxe sur la valeur ajoutée due aux prestations de services postaux,Exonération
LF2021,223300440,tva,Exonération,Exonération de la taxe sur la valeur ajoutée due aux prestations de services postaux,2018,,False,Exonération de la taxe sur la valeur ajoutée due aux prestations de services postaux,Exonération
LF2021,223300440,tva,Exonération,Exonération de la taxe sur la valeur ajoutée due aux prestations de services postaux,2019,,False,Exonération de la taxe sur la valeur ajoutée due aux prestations de services postaux,Exonération
LF2021,223300441,tva,Exonération,Exonération de la taxe sur la valeur ajoutée due aux prestations de services de la protection de l'environnement,2017,,False,Exonération de la taxe sur la valeur ajoutée due aux prestations de services de la protection de l'environnement,Exonération
LF2021,223300441,tva,Exonération,Exonération de la taxe sur la valeur ajoutée due aux prestations de services de la protection de l'environnement,2018,,False,Exonération de la taxe sur la valeur ajoutée due aux prestations de services de la protection de l'environnement,Exonération
LF2021,223300441,tva,Exonération,Exonération de la taxe sur la valeur ajoutée due aux prestations de services de la protection de l'environnement,2019,,False,Exonération de la taxe sur la valeur ajoutée due aux prestations de services de la protection de l'environnement,Exonération
LF2021,224300901,tva,Déduction,"Déduction des montants relatifs aux opérations d’inscription et de réinscription aux écoles primaires, collèges et établissements secondaires par les opérateurs des réseaux de télécommunication",2017,,False,"Déduction des montants relatifs aux opérations d’inscription et de réinscription aux écoles primaires, collèges et établissements secondaires par les opérateurs des réseaux de télécommunication",Déduction
LF2021,224300901,tva,Déduction,"Déduction des montants relatifs aux opérations d’inscription et de réinscription aux écoles primaires, collèges et établissements secondaires par les opérateurs des réseaux de télécommunication",2018,,False,"Déduction des montants relatifs aux opérations d’inscription et de réinscription aux écoles primaires, collèges et établissements secondaires par les opérateurs des réseaux de télécommunication",Déduction
LF2021,224300901,tva,Déduction,"Déduction des montants relatifs aux opérations d’inscription et de réinscription aux écoles primaires, collèges et établissements secondaires par les opérateurs des réseaux de télécommunication",2019,,False,"Déduction des montants relatifs aux opérations d’inscription et de réinscription aux écoles primaires, collèges et établissements secondaires par les opérateurs des réseaux de télécommunication",Déduction
LF2021,233000104,consommation,Réduction,Exonération du droit de consommation dus à l'importation d’un camion par des Tunisiens résidents à l'étranger dans le cadre de réalisation de projets ou de participation à des projets,2017,15.953,True,Exonération du droit de consommation dus à l'importation d’un camion par des Tunisiens résidents à l'étranger dans le cadre de réalisation de projets ou de participation à des projets,Réduction
LF2021,233000104,consommation,Réduction,Exonération du droit de consommation dus à l'importation d’un camion par des Tunisiens résidents à l'étranger dans le cadre de réalisation de projets ou de participation à des projets,2018,28.604,True,Exonération du droit de consommation dus à l'importation d’un camion par des Tunisiens résidents à l'étranger dans le cadre de réalisation de projets ou de participation à des projets,Réduction
LF2021,233000104,consommation,Réduction,Exonération du droit de consommation dus à l'importation d’un camion par des Tunisiens résidents à l'étranger dans le cadre de réalisation de projets ou de participation à des projets,2019,41.669,True,Exonération du droit de consommation dus à l'importation d’un camion par des Tunisiens résidents à l'étranger dans le cadre de réalisation de projets ou de participation à des projets,Réduction
LF2021,233000407,consommation,Réduction,Exonération du droit ou de consommation dû Exonération à l'importation d'une voiture de tourisme par le personnel étranger recruté ou les investisseurs étrangers chargés de la gérance d'une entreprise implantée dans les parcs d'activités économiques,2017,0.037,True,Exonération du droit ou de consommation dû Exonération à l'importation d'une voiture de tourisme par le personnel étranger recruté ou les investisseurs étrangers chargés de la gérance d'une entreprise implantée dans les parcs d'activités économiques,Réduction
LF2021,233000407,consommation,Réduction,Exonération du droit ou de consommation dû Exonération à l'importation d'une voiture de tourisme par le personnel étranger recruté ou les investisseurs étrangers chargés de la gérance d'une entreprise implantée dans les parcs d'activités économiques,2018,0.231,True,Exonération du droit ou de consommation dû Exonération à l'importation d'une voiture de tourisme par le personnel étranger recruté ou les investisseurs étrangers chargés de la gérance d'une entreprise implantée dans les parcs d'activités économiques,Réduction
LF2021,233000407,consommation,Réduction,Exonération du droit ou de consommation dû Exonération à l'importation d'une voiture de tourisme par le personnel étranger recruté ou les investisseurs étrangers chargés de la gérance d'une entreprise implantée dans les parcs d'activités économiques,2019,0.527,True,Exonération du droit ou de consommation dû Exonération à l'importation d'une voiture de tourisme par le personnel étranger recruté ou les investisseurs étrangers chargés de la gérance d'une entreprise implantée dans les parcs d'activités économiques,Réduction
LF2021,232000701,consommation,Exonération,Réduction du taux du droit de consommation dû sur les véhicules,2017,4.201,True,Réduction du taux du droit de consommation dû sur les véhicules,Exonération
LF2021,232000701,consommation,Exonération,Réduction du taux du droit de consommation dû sur les véhicules,2018,4.214,True,Réduction du taux du droit de consommation dû sur les véhicules,Exonération
LF2021,232000701,consommation,Exonération,Réduction du taux du droit de consommation dû sur les véhicules,2019,5.345,True,Réduction du taux du droit de consommation dû sur les véhicules,Exonération
LF2021,232000801,consommation,Exonération,Réduction du taux du droit de consommation dû à l'importation des véhicules de tourisme par les concessionnaires automobiles et aux véhicules multi usages qui peuvent être utilisés pour le transport de personnes et de marchandises,2017,593.433,True,Réduction du taux du droit de consommation dû à l'importation des véhicules de tourisme par les concessionnaires automobiles et aux véhicules multi usages qui peuvent être utilisés pour le transport de personnes et de marchandises,Exonération
LF2021,232000801,consommation,Exonération,Réduction du taux du droit de consommation dû à l'importation des véhicules de tourisme par les concessionnaires automobiles et aux véhicules multi usages qui peuvent être utilisés pour le transport de personnes et de marchandises,2018,692.238,True,Réduction du taux du droit de consommation dû à l'importation des véhicules de tourisme par les concessionnaires automobiles et aux véhicules multi usages qui peuvent être utilisés pour le transport de personnes et de marchandises,Exonération
LF2021,232000801,consommation,Exonération,Réduction du taux du droit de consommation dû à l'importation des véhicules de tourisme par les concessionnaires automobiles et aux véhicules multi usages qui peuvent être utilisés pour le transport de personnes et de marchandises,2019,643.521,True,Réduction du taux du droit de consommation dû à l'importation des véhicules de tourisme par les concessionnaires automobiles et aux véhicules multi usages qui peuvent être utilisés pour le transport de personnes et de marchandises,Exonération
LF2021,232000901,consommation,Réduction,Réduction du taux du ou droit de Exonération consommation dû à l'importation des véhicules de tourisme 4 chevaux et populaire par les concessionnaires automobiles,2017,10.914,True,Réduction du taux du ou droit de Exonération consommation dû à l'importation des véhicules de tourisme 4 chevaux et populaire par les concessionnaires automobiles,Réduction
LF2021,232000901,consommation,Réduction,Réduction du taux du ou droit de Exonération consommation dû à l'importation des véhicules de tourisme 4 chevaux et populaire par les concessionnaires automobiles,2018,31.771,True,Réduction du taux du ou droit de Exonération consommation dû à l'importation des véhicules de tourisme 4 chevaux et populaire par les concessionnaires automobiles,Réduction
LF2021,232000901,consommation,Réduction,Réduction du taux du ou droit de Exonération consommation dû à l'importation des véhicules de tourisme 4 chevaux et populaire par les concessionnaires automobiles,2019,98.714,True,Réduction du taux du ou droit de Exonération consommation dû à l'importation des véhicules de tourisme 4 chevaux et populaire par les concessionnaires automobiles,Réduction
LF2021,232001342,consommation,Suspension,Du droit de consommation dû à l'importation des véhicules destinés au transport des malades de l’insuffisance rénale,2017,1.758,True,Du droit de consommation dû à l'importation des véhicules destinés au transport des malades de l’insuffisance rénale,Suspension
LF2021,232001342,consommation,Suspension,Du droit de consommation dû à l'importation des véhicules destinés au transport des malades de l’insuffisance rénale,2018,0.388,True,Du droit de consommation dû à l'importation des véhicules destinés au transport des malades de l’insuffisance rénale,Suspension
LF2021,232001342,consommation,Suspension,Du droit de consommation dû à l'importation des véhicules destinés au transport des malades de l’insuffisance rénale,2019,0.456,True,Du droit de consommation dû à l'importation des véhicules destinés au transport des malades de l’insuffisance rénale,Suspension
LF2021,232500601,consommation,Suspension,"Du droit de consommation dû à l'importation des équipements nécessaires pour les investissements dans le secteur du transport aérien, maritime, et terrestre international des marchandises (liste 7)",2017,0.599,True,"Du droit de consommation dû à l'importation des équipements nécessaires pour les investissements dans le secteur du transport aérien, maritime, et terrestre international des marchandises (liste 7)",Suspension
LF2021,232500601,consommation,Suspension,"Du droit de consommation dû à l'importation des équipements nécessaires pour les investissements dans le secteur du transport aérien, maritime, et terrestre international des marchandises (liste 7)",2018,0.847,True,"Du droit de consommation dû à l'importation des équipements nécessaires pour les investissements dans le secteur du transport aérien, maritime, et terrestre international des marchandises (liste 7)",Suspension
LF2021,232500601,consommation,Suspension,"Du droit de consommation dû à l'importation des équipements nécessaires pour les investissements dans le secteur du transport aérien, maritime, et terrestre international des marchandises (liste 7)",2019,0.0,True,"Du droit de consommation dû à l'importation des équipements nécessaires pour les investissements dans le secteur du transport aérien, maritime, et terrestre international des marchandises (liste 7)",Suspension
LF2021,233001006,consommation,Suspension,Du droit de consommation dû à l'importation des véhicules de tourisme par le personnel ou investisseurs étangers dans les établissements financiers prêtant totalement leurs services au profit des non résidents.,2017,0.22,True,Du droit de consommation dû à l'importation des véhicules de tourisme par le personnel ou investisseurs étangers dans les établissements financiers prêtant totalement leurs services au profit des non résidents.,Suspension
LF2021,233001006,consommation,Suspension,Du droit de consommation dû à l'importation des véhicules de tourisme par le personnel ou investisseurs étangers dans les établissements financiers prêtant totalement leurs services au profit des non résidents.,2018,0.481,True,Du droit de consommation dû à l'importation des véhicules de tourisme par le personnel ou investisseurs étangers dans les établissements financiers prêtant totalement leurs services au profit des non résidents.,Suspension
LF2021,233001006,consommation,Suspension,Du droit de consommation dû à l'importation des véhicules de tourisme par le personnel ou investisseurs étangers dans les établissements financiers prêtant totalement leurs services au profit des non résidents.,2019,0.107,True,Du droit de consommation dû à l'importation des véhicules de tourisme par le personnel ou investisseurs étangers dans les établissements financiers prêtant totalement leurs services au profit des non résidents.,Suspension
LF2021,233001202,consommation,Exonération,Exonération du droit de consommation dû à l'importation ou l'acquisition des voitures destinées au transport rural ou utilisées comme « taxi » ou « louage»,2017,120.922,True,Exonération du droit de consommation dû à l'importation ou l'acquisition des voitures destinées au transport rural ou utilisées comme « taxi » ou « louage»,Exonération
LF2021,233001202,consommation,Exonération,Exonération du droit de consommation dû à l'importation ou l'acquisition des voitures destinées au transport rural ou utilisées comme « taxi » ou « louage»,2018,153.832,True,Exonération du droit de consommation dû à l'importation ou l'acquisition des voitures destinées au transport rural ou utilisées comme « taxi » ou « louage»,Exonération
LF2021,233001202,consommation,Exonération,Exonération du droit de consommation dû à l'importation ou l'acquisition des voitures destinées au transport rural ou utilisées comme « taxi » ou « louage»,2019,154.025,True,Exonération du droit de consommation dû à l'importation ou l'acquisition des voitures destinées au transport rural ou utilisées comme « taxi » ou « louage»,Exonération
LF2021,233227204,consommation,Exonération,"Les outils, instruments, matériels agricoles, industriels ou commerciaux dans le cadre du transfert des sociétés en Tunisie",2017,,False,"Les outils, instruments, matériels agricoles, industriels ou commerciaux dans le cadre du transfert des sociétés en Tunisie",Exonération
LF2021,233227204,consommation,Exonération,"Les outils, instruments, matériels agricoles, industriels ou commerciaux dans le cadre du transfert des sociétés en Tunisie",2018,,False,"Les outils, instruments, matériels agricoles, industriels ou commerciaux dans le cadre du transfert des sociétés en Tunisie",Exonération
LF2021,233227204,consommation,Exonération,"Les outils, instruments, matériels agricoles, industriels ou commerciaux dans le cadre du transfert des sociétés en Tunisie",2019,,False,"Les outils, instruments, matériels agricoles, industriels ou commerciaux dans le cadre du transfert des sociétés en Tunisie",Exonération
LF2021,233227207,consommation,Exonération,Exonération du droit de consommation dû à l'importation des effets et objets,2017,0.215,True,Exonération du droit de consommation dû à l'importation des effets et objets,Exonération
LF2021,233227207,consommation,Exonération,Exonération du droit de consommation dû à l'importation des effets et objets,2018,0.18,True,Exonération du droit de consommation dû à l'importation des effets et objets,Exonération
LF2021,233227207,consommation,Exonération,Exonération du droit de consommation dû à l'importation des effets et objets,2019,0.0,True,Exonération du droit de consommation dû à l'importation des effets et objets,Exonération
LF2021,233227214,consommation,Exonération,Exonération du droit de consommation dû à l'importation des envois à titre de dons,2017,19.738,True,Exonération du droit de consommation dû à l'importation des envois à titre de dons,Exonération
LF2021,233227214,consommation,Exonération,Exonération du droit de consommation dû à l'importation des envois à titre de dons,2018,63.916,True,Exonération du droit de consommation dû à l'importation des envois à titre de dons,Exonération
LF2021,233227214,consommation,Exonération,Exonération du droit de consommation dû à l'importation des envois à titre de dons,2019,56.106,True,Exonération du droit de consommation dû à l'importation des envois à titre de dons,Exonération
LF2021,233227221,consommation,Exonération,"Exonération du droit de consommation dû à l'importation d'une voiture de tourisme , une voiture utilitaire et d'un motocycle par les Tunisiens résidant à l'étranger dans le cadre de leur rentrée définitive",2017,686.09,True,"Exonération du droit de consommation dû à l'importation d'une voiture de tourisme , une voiture utilitaire et d'un motocycle par les Tunisiens résidant à l'étranger dans le cadre de leur rentrée définitive",Exonération
LF2021,233227221,consommation,Exonération,"Exonération du droit de consommation dû à l'importation d'une voiture de tourisme , une voiture utilitaire et d'un motocycle par les Tunisiens résidant à l'étranger dans le cadre de leur rentrée définitive",2018,829.675,True,"Exonération du droit de consommation dû à l'importation d'une voiture de tourisme , une voiture utilitaire et d'un motocycle par les Tunisiens résidant à l'étranger dans le cadre de leur rentrée définitive",Exonération
LF2021,233227221,consommation,Exonération,"Exonération du droit de consommation dû à l'importation d'une voiture de tourisme , une voiture utilitaire et d'un motocycle par les Tunisiens résidant à l'étranger dans le cadre de leur rentrée définitive",2019,1006.899,True,"Exonération du droit de consommation dû à l'importation d'une voiture de tourisme , une voiture utilitaire et d'un motocycle par les Tunisiens résidant à l'étranger dans le cadre de leur rentrée définitive",Exonération
LF2024,123009201,is,,من الرضيبة عىل الرشاكت بعنوان األرباح املتأتية من النشاط ملدة 10سنوات؛ اإلعفاء,2022,,False,,
LF2024,123009201,is,,من الرضيبة عىل الرشاكت بعنوان األرباح املتأتية من النشاط ملدة 10سنوات؛ اإلعفاء,2021,,False,,
LF2024,123009201,is,,من الرضيبة عىل الرشاكت بعنوان األرباح املتأتية من النشاط ملدة 10سنوات؛ اإلعفاء,2020,,False,,
LF2024,113009201,irpp,,غري ّ الفواضل الناجتة عن نشاط الرشاكت األهلية عىل اإلعفاء,2022,,False,,
LF2024,113009201,irpp,,غري ّ الفواضل الناجتة عن نشاط الرشاكت األهلية عىل اإلعفاء,2021,,False,,
LF2024,113009201,irpp,,غري ّ الفواضل الناجتة عن نشاط الرشاكت األهلية عىل اإلعفاء,2020,,False,,
LF2024,213009201,douanes,,الرشاكت األهلية من املعالمي الديوانية املستوجبة بعنوان لك وارداهتا الالزمة لنشاطها اعفاء,2022,,False,,
LF2024,213009201,douanes,,الرشاكت األهلية من املعالمي الديوانية املستوجبة بعنوان لك وارداهتا الالزمة لنشاطها اعفاء,2021,,False,,
LF2024,213009201,douanes,,الرشاكت األهلية من املعالمي الديوانية املستوجبة بعنوان لك وارداهتا الالزمة لنشاطها اعفاء,2020,,False,,
LF2024,223009201,tva,,غري ّ بعنوان لك وارداهتا ومقتنياهتا واخلدمات املسداة لفائدهتا إعفاء,2022,,False,,
LF2024,223009201,tva,,غري ّ بعنوان لك وارداهتا ومقتنياهتا واخلدمات املسداة لفائدهتا إعفاء,2021,,False,,
LF2024,223009201,tva,,غري ّ بعنوان لك وارداهتا ومقتنياهتا واخلدمات املسداة لفائدهتا إعفاء,2020,,False,,
LF2024,233009201,consommation,,غري ّ إعفاء,2022,,False,,
LF2024,233009201,consommation,,غري ّ إعفاء,2021,,False,,
LF2024,233009201,consommation,,غري ّ إعفاء,2020,,False,,
LF2024,223001301,tva,,الستعامهلا من طرف مصاب االعتداء اإلرهايب من العسكريني وأعوان قوات األمن اإلعفاء,2022,,False,,
LF2024,223001301,tva,,الستعامهلا من طرف مصاب االعتداء اإلرهايب من العسكريني وأعوان قوات األمن اإلعفاء,2021,,False,,
LF2024,223001301,tva,,الستعامهلا من طرف مصاب االعتداء اإلرهايب من العسكريني وأعوان قوات األمن اإلعفاء,2020,,False,,
LF2024,233001301,consommation,,الستعامهلا من طرف مصاب االعتداء اإلرهايب من العسكريني وأعوان قوات األمن اإلعفاء,2022,,False,,
LF2024,233001301,consommation,,الستعامهلا من طرف مصاب االعتداء اإلرهايب من العسكريني وأعوان قوات األمن اإلعفاء,2021,,False,,
LF2024,233001301,consommation,,الستعامهلا من طرف مصاب االعتداء اإلرهايب من العسكريني وأعوان قوات األمن اإلعفاء,2020,,False,,
LF2024,223002701,tva,,غري ّ سيارة جمهزة خصيصا الستعامهلا من طرف جرىح الثورة اإلعفاء,2022,,False,,
LF2024,223002701,tva,,غري ّ سيارة جمهزة خصيصا الستعامهلا من طرف جرىح الثورة اإلعفاء,2021,,False,,
LF2024,223002701,tva,,غري ّ سيارة جمهزة خصيصا الستعامهلا من طرف جرىح الثورة اإلعفاء,2020,,False,,
LF2024,233002701,consommation,,غري ّ جمهزة خصيصا الستعامهلا من طرف جرىح الثورة وأويل اإلعفاء,2022,,False,,
LF2024,233002701,consommation,,غري ّ جمهزة خصيصا الستعامهلا من طرف جرىح الثورة وأويل اإلعفاء,2021,,False,,
LF2024,233002701,consommation,,غري ّ جمهزة خصيصا الستعامهلا من طرف جرىح الثورة وأويل اإلعفاء,2020,,False,,
LF2024,111103909,irpp,,طرح,2022,13.71,True,"Déduction des sommes déposées dans "" Comptes Epargnes en Actions"" de l'assiette soumises à l'impôt sur le revenu des personnes physiques",Déduction
LF2024,111103909,irpp,,طرح,2021,33.335,True,"Déduction des sommes déposées dans "" Comptes Epargnes en Actions"" de l'assiette soumises à l'impôt sur le revenu des personnes physiques",Déduction
LF2024,111103909,irpp,,طرح,2020,27.989,True,"Déduction des sommes déposées dans "" Comptes Epargnes en Actions"" de l'assiette soumises à l'impôt sur le revenu des personnes physiques",Déduction
LF2024,111103901,irpp,,تكويــن األمــوال مــن أســاس الرضيبــة عــى دخــل األخشــاص طرح,2022,15.961,True,Déduction des primes afférentes aux contrats d'assurance vie individuels ou collectifs et des contrats de capitalisation de l'assiette soumises à l'impôt sur le revenu des personnes physiques,Déduction
LF2024,111103901,irpp,,تكويــن األمــوال مــن أســاس الرضيبــة عــى دخــل األخشــاص طرح,2021,29.453,True,Déduction des primes afférentes aux contrats d'assurance vie individuels ou collectifs et des contrats de capitalisation de l'assiette soumises à l'impôt sur le revenu des personnes physiques,Déduction
LF2024,111103901,irpp,,تكويــن األمــوال مــن أســاس الرضيبــة عــى دخــل األخشــاص طرح,2020,12.101,True,Déduction des primes afférentes aux contrats d'assurance vie individuels ou collectifs et des contrats de capitalisation de l'assiette soumises à l'impôt sur le revenu des personnes physiques,Déduction
LF2024,232300101,consommation,,علــــى العربات مـــن نــــوع «كــــــواد» املقتناة من قبل املؤسسات,2022,,False,,
LF2024,232300101,consommation,,علــــى العربات مـــن نــــوع «كــــــواد» املقتناة من قبل املؤسسات,2021,,False,,
LF2024,232300101,consommation,,علــــى العربات مـــن نــــوع «كــــــواد» املقتناة من قبل املؤسسات,2020,,False,,
LF2024,223200101,tva,,اإلعفاء,2022,,False,,
LF2024,223200101,tva,,اإلعفاء,2021,,False,,
LF2024,223200101,tva,,اإلعفاء,2020,,False,,
LF2024,222200734,tva,,غري ّ التخفيض,2022,,False,,
LF2024,222200734,tva,,غري ّ التخفيض,2021,,False,,
LF2024,222200734,tva,,غري ّ التخفيض,2020,,False,,
LF2024,225200901,tva,,التخيل عن واملؤسســات واملنشــآت العموميــة وامجلعيــات العاملــة يف جمــال الهنــوض باألخشــاص,2022,,False,,
LF2024,225200901,tva,,التخيل عن واملؤسســات واملنشــآت العموميــة وامجلعيــات العاملــة يف جمــال الهنــوض باألخشــاص,2021,,False,,
LF2024,225200901,tva,,التخيل عن واملؤسســات واملنشــآت العموميــة وامجلعيــات العاملــة يف جمــال الهنــوض باألخشــاص,2020,,False,,
LF2024,222201331,tva,,املســمة أو املنجــزة أو املســداة حســب احلالــة واملمولــة بواســطة هبــة لفائــدة الدولــة توقيف,2022,,False,,
LF2024,222201331,tva,,املســمة أو املنجــزة أو املســداة حســب احلالــة واملمولــة بواســطة هبــة لفائــدة الدولــة توقيف,2021,,False,,
LF2024,222201331,tva,,املســمة أو املنجــزة أو املســداة حســب احلالــة واملمولــة بواســطة هبــة لفائــدة الدولــة توقيف,2020,,False,,
LF2024,222201332,tva,,ـي للتجهــزات مبــا يف بــاألداء عــى القميــة املضافــة املســتوجب عنــد ال ّتوريــد واالقتنــاء احملـ ّ,2022,,False,,
LF2024,222201332,tva,,ـي للتجهــزات مبــا يف بــاألداء عــى القميــة املضافــة املســتوجب عنــد ال ّتوريــد واالقتنــاء احملـ ّ,2021,,False,,
LF2024,222201332,tva,,ـي للتجهــزات مبــا يف بــاألداء عــى القميــة املضافــة املســتوجب عنــد ال ّتوريــد واالقتنــاء احملـ ّ,2020,,False,,
LF2024,111103916,irpp,,الرقاعيــة املســؤولة اجمتاعيــا والقــروض الرقاعيــة املســتدامة مــن أســاس,2022,,False,,
LF2024,111103916,irpp,,الرقاعيــة املســؤولة اجمتاعيــا والقــروض الرقاعيــة املســتدامة مــن أســاس,2021,,False,,
LF2024,111103916,irpp,,الرقاعيــة املســؤولة اجمتاعيــا والقــروض الرقاعيــة املســتدامة مــن أســاس,2020,,False,,
LF2024,223200452,tva,,غري مقمي غري مقمي غري مقمي بالدفع األلكرتوين بواسطة املطارف واألنترينيت واهلاتف اإلعفاء,2022,,False,,
LF2024,223200452,tva,,غري مقمي غري مقمي غري مقمي بالدفع األلكرتوين بواسطة املطارف واألنترينيت واهلاتف اإلعفاء,2021,,False,,
LF2024,223200452,tva,,غري مقمي غري مقمي غري مقمي بالدفع األلكرتوين بواسطة املطارف واألنترينيت واهلاتف اإلعفاء,2020,,False,,
LF2024,212001308,douanes,,إىل % 0يف نسب املعالمي الديوانية املستوجبة عند توريد املواد واحملرضات العلفية. التخفيض,2022,10.34,True,Réduction des droits de douane dus à l'importation des aliments fourragers,Réduction
LF2024,212001308,douanes,,إىل % 0يف نسب املعالمي الديوانية املستوجبة عند توريد املواد واحملرضات العلفية. التخفيض,2021,26.68,True,Réduction des droits de douane dus à l'importation des aliments fourragers,Réduction
LF2024,212001308,douanes,,إىل % 0يف نسب املعالمي الديوانية املستوجبة عند توريد املواد واحملرضات العلفية. التخفيض,2020,30.719,True,Réduction des droits de douane dus à l'importation des aliments fourragers,Réduction
LF2024,222201333,tva,,بــاألداء عــى القميــة املضافــة املوظــف عــى األمــاك والبضائــع واألشــغال واخلدمــات توقيف العمل,2022,,False,,
LF2024,222201333,tva,,بــاألداء عــى القميــة املضافــة املوظــف عــى األمــاك والبضائــع واألشــغال واخلدمــات توقيف العمل,2021,,False,,
LF2024,222201333,tva,,بــاألداء عــى القميــة املضافــة املوظــف عــى األمــاك والبضائــع واألشــغال واخلدمــات توقيف العمل,2020,,False,,
LF2024,222201334,tva,,العمل,2022,,False,,
LF2024,222201334,tva,,العمل,2021,,False,,
LF2024,222201334,tva,,العمل,2020,,False,,
LF2024,223200408,tva,,املعدات و التجهزيات االزمة للفالحة و الصيد البحري مبا فهيا اإلعفاء,2022,8.948,True,,
LF2024,223200408,tva,,املعدات و التجهزيات االزمة للفالحة و الصيد البحري مبا فهيا اإلعفاء,2021,3.414,True,,
LF2024,223200408,tva,,املعدات و التجهزيات االزمة للفالحة و الصيد البحري مبا فهيا اإلعفاء,2020,22.525,True,,
LF2024,223200416,tva,,مــن األداء عــى القميــة املضافــة املوظــف عــى معــدات احلفــر والتنقيــب وأجزاهئــا وقطعهــا اإلعفاء,2022,0.0,True,,
LF2024,223200416,tva,,مــن األداء عــى القميــة املضافــة املوظــف عــى معــدات احلفــر والتنقيــب وأجزاهئــا وقطعهــا اإلعفاء,2021,0.363,True,,
LF2024,223200416,tva,,مــن األداء عــى القميــة املضافــة املوظــف عــى معــدات احلفــر والتنقيــب وأجزاهئــا وقطعهــا اإلعفاء,2020,0.385,True,,
LF2024,111101101,irpp,,املنــح املســندة مــن قبــل الدولــة لفائــدة ريــاض األطفــال املنخرطــة يف برنــاجم الهنــوض طرح,2022,,False,,
LF2024,111101101,irpp,,املنــح املســندة مــن قبــل الدولــة لفائــدة ريــاض األطفــال املنخرطــة يف برنــاجم الهنــوض طرح,2021,,False,,
LF2024,111101101,irpp,,املنــح املســندة مــن قبــل الدولــة لفائــدة ريــاض األطفــال املنخرطــة يف برنــاجم الهنــوض طرح,2020,,False,,
LF2024,121101101,is,,املنــح املســندة مــن قبــل الدولــة لفائــدة ريــاض األطفــال املنخرطــة يف برنــاجم الهنــوض طرح,2022,,False,,
LF2024,121101101,is,,املنــح املســندة مــن قبــل الدولــة لفائــدة ريــاض األطفــال املنخرطــة يف برنــاجم الهنــوض طرح,2021,,False,,
LF2024,121101101,is,,املنــح املســندة مــن قبــل الدولــة لفائــدة ريــاض األطفــال املنخرطــة يف برنــاجم الهنــوض طرح,2020,,False,,
LF2024,111101206,irpp,,مصاريف التجديد من أساس الرضيبة عىل دخل األخشاص الطبيعيني طرح,2022,,False,,
LF2024,111101206,irpp,,مصاريف التجديد من أساس الرضيبة عىل دخل األخشاص الطبيعيني طرح,2021,,False,,
LF2024,111101206,irpp,,مصاريف التجديد من أساس الرضيبة عىل دخل األخشاص الطبيعيني طرح,2020,,False,,
LF2024,111101207,irpp,,مصاريــف البحــث والتطويــر املبذولــة يف جمــال االقتصــاد األخــر واألزرق والدائــري والتمنيــة طرح,2022,,False,,
LF2024,111101207,irpp,,مصاريــف البحــث والتطويــر املبذولــة يف جمــال االقتصــاد األخــر واألزرق والدائــري والتمنيــة طرح,2021,,False,,
LF2024,111101207,irpp,,مصاريــف البحــث والتطويــر املبذولــة يف جمــال االقتصــاد األخــر واألزرق والدائــري والتمنيــة طرح,2020,,False,,
LF2024,121101207,is,,غري ّ مصاريف التجديد من أساس الرضيبة عىل الرشاكت طرح,2022,,False,,
LF2024,121101207,is,,غري ّ مصاريف التجديد من أساس الرضيبة عىل الرشاكت طرح,2021,,False,,
LF2024,121101207,is,,غري ّ مصاريف التجديد من أساس الرضيبة عىل الرشاكت طرح,2020,,False,,
LF2024,121101208,is,,مصاريــف البحــث والتطويــر املبذولــة يف جمــال االقتصــاد األخــر واألزرق والدائــري والتمنيــة طرح,2022,,False,,
LF2024,121101208,is,,مصاريــف البحــث والتطويــر املبذولــة يف جمــال االقتصــاد األخــر واألزرق والدائــري والتمنيــة طرح,2021,,False,,
LF2024,121101208,is,,مصاريــف البحــث والتطويــر املبذولــة يف جمــال االقتصــاد األخــر واألزرق والدائــري والتمنيــة طرح,2020,,False,,
LF2024,111000601,irpp,,تسدي اكمل خدماهتا لفائدة غري املقميني من أساس الرضيبة عىل دخل,2022,,False,Déduction de 50% des revenus provenant de l'activité des établissements de santé prêtant la totalité de leurs services au profit des non-résidents de l'assiette soumises à l'impôt sur le revenu des personnes physiques,Déduction
LF2024,111000601,irpp,,تسدي اكمل خدماهتا لفائدة غري املقميني من أساس الرضيبة عىل دخل,2021,,False,Déduction de 50% des revenus provenant de l'activité des établissements de santé prêtant la totalité de leurs services au profit des non-résidents de l'assiette soumises à l'impôt sur le revenu des personnes physiques,Déduction
LF2024,111000601,irpp,,تسدي اكمل خدماهتا لفائدة غري املقميني من أساس الرضيبة عىل دخل,2020,,False,Déduction de 50% des revenus provenant de l'activité des établissements de santé prêtant la totalité de leurs services au profit des non-résidents de l'assiette soumises à l'impôt sur le revenu des personnes physiques,Déduction
LF2024,121000602,is,,لغري املقميني التخفيض,2022,,False,Déduction de 50% des bénéfices provenant de l'activité des établissements de santé prêtant la totalité de leurs services au profit des non-résidents de l'assiette soumises à l'impôt sur les sociétés,Déduction
LF2024,121000602,is,,لغري املقميني التخفيض,2021,,False,Déduction de 50% des bénéfices provenant de l'activité des établissements de santé prêtant la totalité de leurs services au profit des non-résidents de l'assiette soumises à l'impôt sur les sociétés,Déduction
LF2024,121000602,is,,لغري املقميني التخفيض,2020,,False,Déduction de 50% des bénéfices provenant de l'activité des établissements de santé prêtant la totalité de leurs services au profit des non-résidents de l'assiette soumises à l'impôt sur les sociétés,Déduction
LF2024,111103809,irpp,,االجمتاعية أو إعادة إحالهتا من أساس الرضيبة عىل دخل األخشاص,2022,0.184,True,Déduction de la plus-value sur cession des actions et des parts sociales de l'assiette soumises à l'impôt sur le revenu des personnes physiques,Déduction
LF2024,111103809,irpp,,االجمتاعية أو إعادة إحالهتا من أساس الرضيبة عىل دخل األخشاص,2021,0.148,True,Déduction de la plus-value sur cession des actions et des parts sociales de l'assiette soumises à l'impôt sur le revenu des personnes physiques,Déduction
LF2024,111103809,irpp,,االجمتاعية أو إعادة إحالهتا من أساس الرضيبة عىل دخل األخشاص,2020,0.048,True,Déduction de la plus-value sur cession des actions et des parts sociales de l'assiette soumises à l'impôt sur le revenu des personnes physiques,Déduction
LF2024,223200422,tva,,اإلعفاء,2022,0.0,True,,
LF2024,223200422,tva,,اإلعفاء,2021,0.0,True,,
LF2024,223200422,tva,,اإلعفاء,2020,0.0,True,,
LF2024,232200701,consommation,,التخفيض,2022,8.646,True,,
LF2024,232200701,consommation,,التخفيض,2021,7.275,True,,
LF2024,232200701,consommation,,التخفيض,2020,4.619,True,,
LF2024,212000103,douanes,,التخفيض,2022,,False,,
LF2024,212000103,douanes,,التخفيض,2021,,False,,
LF2024,212000103,douanes,,التخفيض,2020,,False,,
LF2024,222000105,tva,,التخفيض,2022,,False,,
LF2024,222000105,tva,,التخفيض,2021,,False,,
LF2024,222000105,tva,,التخفيض,2020,,False,,
LF2024,232000104,consommation,,التخفيض,2022,,False,,
LF2024,232000104,consommation,,التخفيض,2021,,False,,
LF2024,232000104,consommation,,التخفيض,2020,,False,,
LF2024,122001001,is,,التخفيض,2022,,False,Réduction du taux de l'impôt sur les Sociétés au taux de 10% pour les prestataires des services financiers aux non-résidents,Réduction
LF2024,122001001,is,,التخفيض,2021,,False,Réduction du taux de l'impôt sur les Sociétés au taux de 10% pour les prestataires des services financiers aux non-résidents,Réduction
LF2024,122001001,is,,التخفيض,2020,,False,Réduction du taux de l'impôt sur les Sociétés au taux de 10% pour les prestataires des services financiers aux non-résidents,Réduction
LF2024,213427203,douanes,,املعــدات بعنــوان نقــل املؤسســات الصناعيــة او الفالحيــة او التجاريــة مــن,2022,,False,,
LF2024,213427203,douanes,,املعــدات بعنــوان نقــل املؤسســات الصناعيــة او الفالحيــة او التجاريــة مــن,2021,,False,,
LF2024,213427203,douanes,,املعــدات بعنــوان نقــل املؤسســات الصناعيــة او الفالحيــة او التجاريــة مــن,2020,,False,,
LF2024,223200443,tva,,التجهــزات و املعــدات بعنــوان نقــل املؤسســات الصناعيــة أو الفالحيــة او,2022,,False,,
LF2024,223200443,tva,,التجهــزات و املعــدات بعنــوان نقــل املؤسســات الصناعيــة أو الفالحيــة او,2021,,False,,
LF2024,223200443,tva,,التجهــزات و املعــدات بعنــوان نقــل املؤسســات الصناعيــة أو الفالحيــة او,2020,,False,,
LF2024,233227204,consommation,,و املعــدات بعنــوان نقــل املؤسســات الصناعيــة او الفالحيــة او التجاريــة مــن,2022,,False,"Les outils, instruments, matériels agricoles, industriels ou commerciaux dans le cadre du transfert des sociétés en Tunisie",Exonération
LF2024,233227204,consommation,,و املعــدات بعنــوان نقــل املؤسســات الصناعيــة او الفالحيــة او التجاريــة مــن,2021,,False,"Les outils, instruments, matériels agricoles, industriels ou commerciaux dans le cadre du transfert des sociétés en Tunisie",Exonération
LF2024,233227204,consommation,,و املعــدات بعنــوان نقــل املؤسســات الصناعيــة او الفالحيــة او التجاريــة مــن,2020,,False,"Les outils, instruments, matériels agricoles, industriels ou commerciaux dans le cadre du transfert des sociétés en Tunisie",Exonération
LF2024,233001703,consommation,,اإلعفاء,2022,,False,,
LF2024,233001703,consommation,,اإلعفاء,2021,,False,,
LF2024,233001703,consommation,,اإلعفاء,2020,,False,,
LF2024,213572501,douanes,,اليت ليس هلا مثيل مصنوع حمليا و الالزمة لصناعة التجهزيات و املعدات,2022,,False,,
LF2024,213572501,douanes,,اليت ليس هلا مثيل مصنوع حمليا و الالزمة لصناعة التجهزيات و املعدات,2021,,False,,
LF2024,213572501,douanes,,اليت ليس هلا مثيل مصنوع حمليا و الالزمة لصناعة التجهزيات و املعدات,2020,,False,,
LF2024,222200703,tva,,اآلالت ملعاجلة املعلومات و قطعها و أجزاهئا و اللوحات اإللكرتونية املعدة لتوسيع جمال التخفيض,2022,,False,,
LF2024,222200703,tva,,اآلالت ملعاجلة املعلومات و قطعها و أجزاهئا و اللوحات اإللكرتونية املعدة لتوسيع جمال التخفيض,2021,,False,,
LF2024,222200703,tva,,اآلالت ملعاجلة املعلومات و قطعها و أجزاهئا و اللوحات اإللكرتونية املعدة لتوسيع جمال التخفيض,2020,,False,,
LF2024,223200407,tva,,223200408اإلعفاء للفالحة و الصيد البحري مبا توريد أو اقتناء مستلزمات اإلعفاء,2022,,False,,
LF2024,223200407,tva,,223200408اإلعفاء للفالحة و الصيد البحري مبا توريد أو اقتناء مستلزمات اإلعفاء,2021,,False,,
LF2024,223200407,tva,,223200408اإلعفاء للفالحة و الصيد البحري مبا توريد أو اقتناء مستلزمات اإلعفاء,2020,,False,,
LF2024,111107101,irpp,,قبل املؤسسات جديدة اإلحداث طرح ترصحي باالستمثار خالل اإلعفاء,2022,2.436,True,Déduction d'une quote-part des revenus provenant des investissements réalisés par les entreprises nouvellement crées de,Déduction
LF2024,111107101,irpp,,قبل املؤسسات جديدة اإلحداث طرح ترصحي باالستمثار خالل اإلعفاء,2021,4.745,True,Déduction d'une quote-part des revenus provenant des investissements réalisés par les entreprises nouvellement crées de,Déduction
LF2024,111107101,irpp,,قبل املؤسسات جديدة اإلحداث طرح ترصحي باالستمثار خالل اإلعفاء,2020,3.245,True,Déduction d'une quote-part des revenus provenant des investissements réalisés par les entreprises nouvellement crées de,Déduction
LF2024,121107102,is,,طرح باالستمثار خالل سنيت اإلعفاء,2022,19.929,True,Déduction d'une quote-part des bénéfices provenant des investissements réalisés par les entreprises nouvellement crées de l'assiette soumises à l'impôt sur les sociétés,Déduction
LF2024,121107102,is,,طرح باالستمثار خالل سنيت اإلعفاء,2021,15.777,True,Déduction d'une quote-part des bénéfices provenant des investissements réalisés par les entreprises nouvellement crées de l'assiette soumises à l'impôt sur les sociétés,Déduction
LF2024,121107102,is,,طرح باالستمثار خالل سنيت اإلعفاء,2020,19.954,True,Déduction d'une quote-part des bénéfices provenant des investissements réalisés par les entreprises nouvellement crées de l'assiette soumises à l'impôt sur les sociétés,Déduction
LF2024,233006501,consommation,,مجلعيــات مســاعدة األطفــال املصابــن مبــرض كــزرودرم بقمنتــوزم (أطفــال,2022,,False,,
LF2024,233006501,consommation,,مجلعيــات مســاعدة األطفــال املصابــن مبــرض كــزرودرم بقمنتــوزم (أطفــال,2021,,False,,
LF2024,233006501,consommation,,مجلعيــات مســاعدة األطفــال املصابــن مبــرض كــزرودرم بقمنتــوزم (أطفــال,2020,,False,,
LF2024,113001501,irpp,,و املتحصلة عىل هشادة ترصحي باالستمثار خالل سنيت 2018و 2019و,2022,,False,"Exonération de l'impôt sur le revenu les entreprises crées et ayant une attestation de dépôt de déclaration d’investissement au cours des années 2018, 2019 et 2020 (4 ans)",Exonération
LF2024,113001501,irpp,,و املتحصلة عىل هشادة ترصحي باالستمثار خالل سنيت 2018و 2019و,2021,,False,"Exonération de l'impôt sur le revenu les entreprises crées et ayant une attestation de dépôt de déclaration d’investissement au cours des années 2018, 2019 et 2020 (4 ans)",Exonération
LF2024,113001501,irpp,,و املتحصلة عىل هشادة ترصحي باالستمثار خالل سنيت 2018و 2019و,2020,,False,"Exonération de l'impôt sur le revenu les entreprises crées et ayant une attestation de dépôt de déclaration d’investissement au cours des années 2018, 2019 et 2020 (4 ans)",Exonération
LF2024,123001502,is,,هشادة ترصحي باالستمثار خالل سنيت 2018و 2019و 2020ملدة,2022,,False,"Exonération de l'impôt sur les Sociétés pour les entreprises crées et ayant une attestation de dépôt de déclaration d’investissement au cours des années 2018, 2019 et 2020 (4",Exonération
LF2024,123001502,is,,هشادة ترصحي باالستمثار خالل سنيت 2018و 2019و 2020ملدة,2021,,False,"Exonération de l'impôt sur les Sociétés pour les entreprises crées et ayant une attestation de dépôt de déclaration d’investissement au cours des années 2018, 2019 et 2020 (4",Exonération
LF2024,123001502,is,,هشادة ترصحي باالستمثار خالل سنيت 2018و 2019و 2020ملدة,2020,,False,"Exonération de l'impôt sur les Sociétés pour les entreprises crées et ayant une attestation de dépôt de déclaration d’investissement au cours des années 2018, 2019 et 2020 (4",Exonération
LF2024,111000301,irpp,,طرح,2022,0.017,True,Réduction d'impôt au titre des revenus réinvestis dans la souscription au capital initial ou à son augmentation des Etablissements Publics,Réduction
LF2024,111000301,irpp,,طرح,2021,0.017,True,Réduction d'impôt au titre des revenus réinvestis dans la souscription au capital initial ou à son augmentation des Etablissements Publics,Réduction
LF2024,111000301,irpp,,طرح,2020,0.04,True,Réduction d'impôt au titre des revenus réinvestis dans la souscription au capital initial ou à son augmentation des Etablissements Publics,Réduction
LF2024,111000401,irpp,,األنشطة االقتصادية من أساس الرضيبة عىل دخل االخشاص طرح,2022,0.009,True,Déduction des revenus provenant de l'activité des entreprises implantées dans les Parcs d'Activité Economiques de l'assiette soumises à l'impôt sur le revenu des personnes physiques,Déduction
LF2024,111000401,irpp,,األنشطة االقتصادية من أساس الرضيبة عىل دخل االخشاص طرح,2021,0.009,True,Déduction des revenus provenant de l'activité des entreprises implantées dans les Parcs d'Activité Economiques de l'assiette soumises à l'impôt sur le revenu des personnes physiques,Déduction
LF2024,111000401,irpp,,األنشطة االقتصادية من أساس الرضيبة عىل دخل االخشاص طرح,2020,0.006,True,Déduction des revenus provenant de l'activité des entreprises implantées dans les Parcs d'Activité Economiques de l'assiette soumises à l'impôt sur le revenu des personnes physiques,Déduction
LF2024,111000403,irpp,,املؤسسات املنتصبة داخل فضاءات األنشطة االقتصادية من طرح,2022,0.014,True,Déduction des revenus réinvestis dans la souscription au capital initial ou à son augmentation des entreprises implantées dans les Parcs d'Activité Economiques de l'assiette soumises à l'impôt sur le revenu des personnes physiques,Déduction
LF2024,111000403,irpp,,املؤسسات املنتصبة داخل فضاءات األنشطة االقتصادية من طرح,2021,0.014,True,Déduction des revenus réinvestis dans la souscription au capital initial ou à son augmentation des entreprises implantées dans les Parcs d'Activité Economiques de l'assiette soumises à l'impôt sur le revenu des personnes physiques,Déduction
LF2024,111000403,irpp,,املؤسسات املنتصبة داخل فضاءات األنشطة االقتصادية من طرح,2020,0.035,True,Déduction des revenus réinvestis dans la souscription au capital initial ou à son augmentation des entreprises implantées dans les Parcs d'Activité Economiques de l'assiette soumises à l'impôt sur le revenu des personnes physiques,Déduction
LF2024,111000501,irpp,,غري ّ طرح,2022,,False,Déduction de 50% des dépenses de travaux d'amélioration effectués par les propriétaires portant sur des monuments historiques de l'assiette soumises à l'impôt sur le revenu des personnes physiques,Déduction
LF2024,111000501,irpp,,غري ّ طرح,2021,,False,Déduction de 50% des dépenses de travaux d'amélioration effectués par les propriétaires portant sur des monuments historiques de l'assiette soumises à l'impôt sur le revenu des personnes physiques,Déduction
LF2024,111000501,irpp,,غري ّ طرح,2020,,False,Déduction de 50% des dépenses de travaux d'amélioration effectués par les propriétaires portant sur des monuments historiques de l'assiette soumises à l'impôt sur le revenu des personnes physiques,Déduction
LF2024,111000603,irpp,,غري ّ الصحية اخلاصة اليت تسدي اكمل خدماهتا لفائدة غري املقميني طرح,2022,,False,Déduction des revenus réinvestis dans la souscription au capital initial des établissements de santé prêtant la totalité de leurs services au profit des non- résidents de l'assiette soumises à l'impôt sur le revenu des personnes physiques,Déduction
LF2024,111000603,irpp,,غري ّ الصحية اخلاصة اليت تسدي اكمل خدماهتا لفائدة غري املقميني طرح,2021,,False,Déduction des revenus réinvestis dans la souscription au capital initial des établissements de santé prêtant la totalité de leurs services au profit des non- résidents de l'assiette soumises à l'impôt sur le revenu des personnes physiques,Déduction
LF2024,111000603,irpp,,غري ّ الصحية اخلاصة اليت تسدي اكمل خدماهتا لفائدة غري املقميني طرح,2020,,False,Déduction des revenus réinvestis dans la souscription au capital initial des établissements de santé prêtant la totalité de leurs services au profit des non- résidents de l'assiette soumises à l'impôt sur le revenu des personnes physiques,Déduction
LF2024,111001601,irpp,,طرح,2022,0.803,True,Déduction des revenus réinvestis dans la souscription au capital initial des Entreprises Innovantes (Startups) de l'assiette soumises à l'impôt sur le revenu des personnes physiques,Déduction
LF2024,111001601,irpp,,طرح,2021,0.693,True,Déduction des revenus réinvestis dans la souscription au capital initial des Entreprises Innovantes (Startups) de l'assiette soumises à l'impôt sur le revenu des personnes physiques,Déduction
LF2024,111001601,irpp,,طرح,2020,0.494,True,Déduction des revenus réinvestis dans la souscription au capital initial des Entreprises Innovantes (Startups) de l'assiette soumises à l'impôt sur le revenu des personnes physiques,Déduction
LF2024,111001603,irpp,,طرح,2022,0.144,True,"Déduction des revenus réinvestis dans la souscription au capital des sociétés d’investissement à capital risque, ou placés auprès d'elles sous forme de fonds à capital risque, de fonds collectifs de placement à risque, de fonds d’amorçage ou de tout autre organisme d’investissement , qui s’engagent à employer 65% au moins du capital libéré ou de tout montant mis à leur disposition ou des parts libérées, dans la participation au capital des Startups de l'assiette soumises à l'impôt sur le revenu des personnes physiques",Déduction
LF2024,111001603,irpp,,طرح,2021,0.048,True,"Déduction des revenus réinvestis dans la souscription au capital des sociétés d’investissement à capital risque, ou placés auprès d'elles sous forme de fonds à capital risque, de fonds collectifs de placement à risque, de fonds d’amorçage ou de tout autre organisme d’investissement , qui s’engagent à employer 65% au moins du capital libéré ou de tout montant mis à leur disposition ou des parts libérées, dans la participation au capital des Startups de l'assiette soumises à l'impôt sur le revenu des personnes physiques",Déduction
LF2024,111001603,irpp,,طرح,2020,0.05,True,"Déduction des revenus réinvestis dans la souscription au capital des sociétés d’investissement à capital risque, ou placés auprès d'elles sous forme de fonds à capital risque, de fonds collectifs de placement à risque, de fonds d’amorçage ou de tout autre organisme d’investissement , qui s’engagent à employer 65% au moins du capital libéré ou de tout montant mis à leur disposition ou des parts libérées, dans la participation au capital des Startups de l'assiette soumises à l'impôt sur le revenu des personnes physiques",Déduction
LF2024,111001701,irpp,,طرح,2022,0.0,True,"Déductibles dans la limite de 25% du revenu imposable, les revenus réinvestis dans la souscription, dans le cadre d'une restructuration financière, au capital des hôtels touristiques",Déduction
LF2024,111001701,irpp,,طرح,2021,0.0,True,"Déductibles dans la limite de 25% du revenu imposable, les revenus réinvestis dans la souscription, dans le cadre d'une restructuration financière, au capital des hôtels touristiques",Déduction
LF2024,111001701,irpp,,طرح,2020,0.033,True,"Déductibles dans la limite de 25% du revenu imposable, les revenus réinvestis dans la souscription, dans le cadre d'une restructuration financière, au capital des hôtels touristiques",Déduction
LF2024,111101201,irpp,,غري ّ طرح,2022,,False,"Déduction des mécénats accordés aux affaires, organisations à but générale, ou à but lucratifs de l'assiette soumises à l'impôt sur le revenu des personnes physiques",Déduction
LF2024,111101201,irpp,,غري ّ طرح,2021,,False,"Déduction des mécénats accordés aux affaires, organisations à but générale, ou à but lucratifs de l'assiette soumises à l'impôt sur le revenu des personnes physiques",Déduction
LF2024,111101201,irpp,,غري ّ طرح,2020,,False,"Déduction des mécénats accordés aux affaires, organisations à but générale, ou à but lucratifs de l'assiette soumises à l'impôt sur le revenu des personnes physiques",Déduction
LF2024,111101203,irpp,,غري ّ املنزتهات العائلية و احلرضية من أساس الرضيبة عىل دخل طرح,2022,,False,"Déduction des mécénats accordés aux entreprises, projets et œuvres à caractère culturel et à la création et à l’entretien des espaces verts et des parcs familiaux et ruraux de l'assiette soumises à l'impôt sur le revenu des personnes physiques",Déduction
LF2024,111101203,irpp,,غري ّ املنزتهات العائلية و احلرضية من أساس الرضيبة عىل دخل طرح,2021,,False,"Déduction des mécénats accordés aux entreprises, projets et œuvres à caractère culturel et à la création et à l’entretien des espaces verts et des parcs familiaux et ruraux de l'assiette soumises à l'impôt sur le revenu des personnes physiques",Déduction
LF2024,111101203,irpp,,غري ّ املنزتهات العائلية و احلرضية من أساس الرضيبة عىل دخل طرح,2020,,False,"Déduction des mécénats accordés aux entreprises, projets et œuvres à caractère culturel et à la création et à l’entretien des espaces verts et des parcs familiaux et ruraux de l'assiette soumises à l'impôt sur le revenu des personnes physiques",Déduction
LF2024,111101205,irpp,,األخشاص الطبيعيني من قبل املؤسسات من غري تلك الناشطة طرح,2022,0.0,True,"Déduction suppléméntaire de 30% au titre des amortissements des machines, du matériel et des équipements destinés à l'exploitation, acquis ou fabriqués dans le cadre d'opérations d'extension de l'assiette soumises à l'impôt sur le revenu des personnes physiques, par les",Déduction
LF2024,111101205,irpp,,األخشاص الطبيعيني من قبل املؤسسات من غري تلك الناشطة طرح,2021,0.0,True,"Déduction suppléméntaire de 30% au titre des amortissements des machines, du matériel et des équipements destinés à l'exploitation, acquis ou fabriqués dans le cadre d'opérations d'extension de l'assiette soumises à l'impôt sur le revenu des personnes physiques, par les",Déduction
LF2024,111101205,irpp,,األخشاص الطبيعيني من قبل املؤسسات من غري تلك الناشطة طرح,2020,0.0,True,"Déduction suppléméntaire de 30% au titre des amortissements des machines, du matériel et des équipements destinés à l'exploitation, acquis ou fabriqués dans le cadre d'opérations d'extension de l'assiette soumises à l'impôt sur le revenu des personnes physiques, par les",Déduction
LF2024,111103701,irpp,,غري ّ األجنيب بالنسبة لملتقاعدين باخلارج و اليت مت حتويلها إىل طرح,2022,,False,Déduction de 80% des pensions et rentes viagères en cas de les transférer en compte bancaire ou postal en Tunisie de l'assiette soumises à l'impôt sur le revenu des personnes physiques,Déduction
LF2024,111103701,irpp,,غري ّ األجنيب بالنسبة لملتقاعدين باخلارج و اليت مت حتويلها إىل طرح,2021,,False,Déduction de 80% des pensions et rentes viagères en cas de les transférer en compte bancaire ou postal en Tunisie de l'assiette soumises à l'impôt sur le revenu des personnes physiques,Déduction
LF2024,111103701,irpp,,غري ّ األجنيب بالنسبة لملتقاعدين باخلارج و اليت مت حتويلها إىل طرح,2020,,False,Déduction de 80% des pensions et rentes viagères en cas de les transférer en compte bancaire ou postal en Tunisie de l'assiette soumises à l'impôt sur le revenu des personnes physiques,Déduction
LF2024,111103801,irpp,,غري ّ طرح,2022,,False,Déduction des intérêts de l'épargne logement servis aux titulaires de contrats d'épargne logement de l'assiette soumises à l'impôt sur le revenu des personnes physiques,Déduction
LF2024,111103801,irpp,,غري ّ طرح,2021,,False,Déduction des intérêts de l'épargne logement servis aux titulaires de contrats d'épargne logement de l'assiette soumises à l'impôt sur le revenu des personnes physiques,Déduction
LF2024,111103801,irpp,,غري ّ طرح,2020,,False,Déduction des intérêts de l'épargne logement servis aux titulaires de contrats d'épargne logement de l'assiette soumises à l'impôt sur le revenu des personnes physiques,Déduction
LF2024,111103802,irpp,,غري ّ طرح,2022,,False,Déduction des intérêts des dépôts et de titres en devises ou en dinars convertibles de l'assiette soumises à l'impôt sur le revenu des personnes physiques,Déduction
LF2024,111103802,irpp,,غري ّ طرح,2021,,False,Déduction des intérêts des dépôts et de titres en devises ou en dinars convertibles de l'assiette soumises à l'impôt sur le revenu des personnes physiques,Déduction
LF2024,111103802,irpp,,غري ّ طرح,2020,,False,Déduction des intérêts des dépôts et de titres en devises ou en dinars convertibles de l'assiette soumises à l'impôt sur le revenu des personnes physiques,Déduction
LF2024,111103803,irpp,,غري ّ مستغلني فالحيني من أساس الرضيبة عىل دخل األخشاص طرح,2022,,False,"Déduction des intérêts des comptes courants ouverts entre industriels, commerçants ou exploitants agricoles de l'assiette soumises à l'impôt sur le revenu des personnes physiques",Déduction
LF2024,111103803,irpp,,غري ّ مستغلني فالحيني من أساس الرضيبة عىل دخل األخشاص طرح,2021,,False,"Déduction des intérêts des comptes courants ouverts entre industriels, commerçants ou exploitants agricoles de l'assiette soumises à l'impôt sur le revenu des personnes physiques",Déduction
LF2024,111103803,irpp,,غري ّ مستغلني فالحيني من أساس الرضيبة عىل دخل األخشاص طرح,2020,,False,"Déduction des intérêts des comptes courants ouverts entre industriels, commerçants ou exploitants agricoles de l'assiette soumises à l'impôt sur le revenu des personnes physiques",Déduction
LF2024,111103804,irpp,,غري ّ يتقاضاها أجراء املشغلني احملليني بعنوان نشاطهم باخلارج من طرح,2022,,False,"Déduction de l'indemnité d'expatriation, émoluments, indemnités et autres avantages reçus par les salariés au titre de leur activité à l'étranger de l'assiette soumises à l'impôt sur le revenu des personnes physiques",Déduction
LF2024,111103804,irpp,,غري ّ يتقاضاها أجراء املشغلني احملليني بعنوان نشاطهم باخلارج من طرح,2021,,False,"Déduction de l'indemnité d'expatriation, émoluments, indemnités et autres avantages reçus par les salariés au titre de leur activité à l'étranger de l'assiette soumises à l'impôt sur le revenu des personnes physiques",Déduction
LF2024,111103804,irpp,,غري ّ يتقاضاها أجراء املشغلني احملليني بعنوان نشاطهم باخلارج من طرح,2020,,False,"Déduction de l'indemnité d'expatriation, émoluments, indemnités et autres avantages reçus par les salariés au titre de leur activité à l'étranger de l'assiette soumises à l'impôt sur le revenu des personnes physiques",Déduction
LF2024,111103805,irpp,,غري ّ طرح,2022,,False,Déduction des intérêts des comptes d'épargne pour les études ouverts auprès des banques par les parents au profit de leurs enfants de l'assiette soumises à l'impôt sur le revenu des personnes physiques,Déduction
LF2024,111103805,irpp,,غري ّ طرح,2021,,False,Déduction des intérêts des comptes d'épargne pour les études ouverts auprès des banques par les parents au profit de leurs enfants de l'assiette soumises à l'impôt sur le revenu des personnes physiques,Déduction
LF2024,111103805,irpp,,غري ّ طرح,2020,,False,Déduction des intérêts des comptes d'épargne pour les études ouverts auprès des banques par les parents au profit de leurs enfants de l'assiette soumises à l'impôt sur le revenu des personnes physiques,Déduction
LF2024,111103806,irpp,,غري ّ عىل احلياة و عقود تكوين األموال من أساس الرضيبة عىل دخل طرح,2022,,False,Déduction des cotisations payées par les employeurs dans le cadre des contrats collectifs assurance- vie et des contrats de capitalisation de l'assiette,Déduction
LF2024,111103806,irpp,,غري ّ عىل احلياة و عقود تكوين األموال من أساس الرضيبة عىل دخل طرح,2021,,False,Déduction des cotisations payées par les employeurs dans le cadre des contrats collectifs assurance- vie et des contrats de capitalisation de l'assiette,Déduction
LF2024,111103806,irpp,,غري ّ عىل احلياة و عقود تكوين األموال من أساس الرضيبة عىل دخل طرح,2020,,False,Déduction des cotisations payées par les employeurs dans le cadre des contrats collectifs assurance- vie et des contrats de capitalisation de l'assiette,Déduction
LF2024,111103807,irpp,,غري ّ طرح,2022,,False,"Déduction des intérêts des ""comptes épargne pour l’investissement"" de l'assiette soumises à l'impôt sur le revenu des personnes physiques",Déduction
LF2024,111103807,irpp,,غري ّ طرح,2021,,False,"Déduction des intérêts des ""comptes épargne pour l’investissement"" de l'assiette soumises à l'impôt sur le revenu des personnes physiques",Déduction
LF2024,111103807,irpp,,غري ّ طرح,2020,,False,"Déduction des intérêts des ""comptes épargne pour l’investissement"" de l'assiette soumises à l'impôt sur le revenu des personnes physiques",Déduction
LF2024,111103808,irpp,,غري ّ طرح,2022,,False,Déduction des sommes payées dans le cadre de l’exécution des contrats d’assurance de l'assiette soumises à l'impôt sur le revenu des personnes physiques,Déduction
LF2024,111103808,irpp,,غري ّ طرح,2021,,False,Déduction des sommes payées dans le cadre de l’exécution des contrats d’assurance de l'assiette soumises à l'impôt sur le revenu des personnes physiques,Déduction
LF2024,111103808,irpp,,غري ّ طرح,2020,,False,Déduction des sommes payées dans le cadre de l’exécution des contrats d’assurance de l'assiette soumises à l'impôt sur le revenu des personnes physiques,Déduction
LF2024,111103810,irpp,,طرح,2022,0.0,True,Déduction des revenus provenant de la location des terres agricoles réservées aux grandes cultures de l'assiette soumises à l'impôt sur le revenu des personnes physiques,Déduction
LF2024,111103810,irpp,,طرح,2021,0.0,True,Déduction des revenus provenant de la location des terres agricoles réservées aux grandes cultures de l'assiette soumises à l'impôt sur le revenu des personnes physiques,Déduction
LF2024,111103810,irpp,,طرح,2020,0.0,True,Déduction des revenus provenant de la location des terres agricoles réservées aux grandes cultures de l'assiette soumises à l'impôt sur le revenu des personnes physiques,Déduction
LF2024,111103812,irpp,,غري ّ اإلعفاء,2022,,False,,
LF2024,111103812,irpp,,غري ّ اإلعفاء,2021,,False,,
LF2024,111103812,irpp,,غري ّ اإلعفاء,2020,,False,,
LF2024,111103902,irpp,,غري ّ طرح,2022,,False,Déduction des sommes payées au titre du remboursement des prêts universitaires en principal et en intérêts de l'assiette soumises à l'impôt sur le revenu des personnes physiques,Déduction
LF2024,111103902,irpp,,غري ّ طرح,2021,,False,Déduction des sommes payées au titre du remboursement des prêts universitaires en principal et en intérêts de l'assiette soumises à l'impôt sur le revenu des personnes physiques,Déduction
LF2024,111103902,irpp,,غري ّ طرح,2020,,False,Déduction des sommes payées au titre du remboursement des prêts universitaires en principal et en intérêts de l'assiette soumises à l'impôt sur le revenu des personnes physiques,Déduction
LF2024,111103903,irpp,,غري ّ ببناء املسكن الواحد من أساس الرضيبة عىل دخل األخشاص طرح,2022,,False,Déduction des intérêts payés au titre des prêts relatifs à l’acquisition ou à la construction d’un logement social de l'assiette soumises à l'impôt sur le revenu des personnes physiques,Déduction
LF2024,111103903,irpp,,غري ّ ببناء املسكن الواحد من أساس الرضيبة عىل دخل األخشاص طرح,2021,,False,Déduction des intérêts payés au titre des prêts relatifs à l’acquisition ou à la construction d’un logement social de l'assiette soumises à l'impôt sur le revenu des personnes physiques,Déduction
LF2024,111103903,irpp,,غري ّ ببناء املسكن الواحد من أساس الرضيبة عىل دخل األخشاص طرح,2020,,False,Déduction des intérêts payés au titre des prêts relatifs à l’acquisition ou à la construction d’un logement social de l'assiette soumises à l'impôt sur le revenu des personnes physiques,Déduction
LF2024,111103904,irpp,,غري ّ طرح,2022,,False,Déduction des intérêts perçus par le contribuable au cours de l'année au titre des comptes spéciaux d'épargne de l'assiette,Déduction
LF2024,111103904,irpp,,غري ّ طرح,2021,,False,Déduction des intérêts perçus par le contribuable au cours de l'année au titre des comptes spéciaux d'épargne de l'assiette,Déduction
LF2024,111103904,irpp,,غري ّ طرح,2020,,False,Déduction des intérêts perçus par le contribuable au cours de l'année au titre des comptes spéciaux d'épargne de l'assiette,Déduction
LF2024,111103905,irpp,,طرح,2022,0.103,True,Déduction des revenus réalisés par les contribuables au titre de la location d'immeubles au profit des étudiants de l'assiette soumises à l'impôt sur le revenu des personnes physiques (10 ans),Déduction
LF2024,111103905,irpp,,طرح,2021,0.103,True,Déduction des revenus réalisés par les contribuables au titre de la location d'immeubles au profit des étudiants de l'assiette soumises à l'impôt sur le revenu des personnes physiques (10 ans),Déduction
LF2024,111103905,irpp,,طرح,2020,0.114,True,Déduction des revenus réalisés par les contribuables au titre de la location d'immeubles au profit des étudiants de l'assiette soumises à l'impôt sur le revenu des personnes physiques (10 ans),Déduction
LF2024,111103906,irpp,,املتكونني مبراكز التكوين املهين من أساس الرضيبة عىل دخل طرح,2022,0.0,True,Déduction des revenus réalisés par les contribuables au titre de la restauration au profit des étudiants de l'assiette soumises à l'impôt sur le revenu des personnes physiques (10 ans),Déduction
LF2024,111103906,irpp,,املتكونني مبراكز التكوين املهين من أساس الرضيبة عىل دخل طرح,2021,0.0,True,Déduction des revenus réalisés par les contribuables au titre de la restauration au profit des étudiants de l'assiette soumises à l'impôt sur le revenu des personnes physiques (10 ans),Déduction
LF2024,111103906,irpp,,املتكونني مبراكز التكوين املهين من أساس الرضيبة عىل دخل طرح,2020,0.0,True,Déduction des revenus réalisés par les contribuables au titre de la restauration au profit des étudiants de l'assiette soumises à l'impôt sur le revenu des personnes physiques (10 ans),Déduction
LF2024,111103907,irpp,,طرح,2022,0.005,True,Déduction partielle des revenus provenant des opérations de courtage international de l'assiette soumises à l'impôt sur le revenu des personnes physiques (10 ans),Déduction
LF2024,111103907,irpp,,طرح,2021,0.005,True,Déduction partielle des revenus provenant des opérations de courtage international de l'assiette soumises à l'impôt sur le revenu des personnes physiques (10 ans),Déduction
LF2024,111103907,irpp,,طرح,2020,0.005,True,Déduction partielle des revenus provenant des opérations de courtage international de l'assiette soumises à l'impôt sur le revenu des personnes physiques (10 ans),Déduction
LF2024,111103908,irpp,,امجلايع االجمتايع أو االقتصادي من أساس الرضيبة عىل طرح,2022,0.001,True,"Déduction des revenus provenant de la location des constructions verticales destinées à l'habitat collectif, social ou économique de l'assiette soumises à l'impôt sur le revenu des personnes physiques (10 ans)",Déduction
LF2024,111103908,irpp,,امجلايع االجمتايع أو االقتصادي من أساس الرضيبة عىل طرح,2021,0.0,True,"Déduction des revenus provenant de la location des constructions verticales destinées à l'habitat collectif, social ou économique de l'assiette soumises à l'impôt sur le revenu des personnes physiques (10 ans)",Déduction
LF2024,111103908,irpp,,امجلايع االجمتايع أو االقتصادي من أساس الرضيبة عىل طرح,2020,0.105,True,"Déduction des revenus provenant de la location des constructions verticales destinées à l'habitat collectif, social ou économique de l'assiette soumises à l'impôt sur le revenu des personnes physiques (10 ans)",Déduction
LF2024,111103910,irpp,,غري ّ طرح,2022,,False,Les dons et subventions accordées au profit du Fonds National de l'Emploi de l'assiette soumises à l'impôt sur le revenu des personnes physiques,Déduction
LF2024,111103910,irpp,,غري ّ طرح,2021,,False,Les dons et subventions accordées au profit du Fonds National de l'Emploi de l'assiette soumises à l'impôt sur le revenu des personnes physiques,Déduction
LF2024,111103910,irpp,,غري ّ طرح,2020,,False,Les dons et subventions accordées au profit du Fonds National de l'Emploi de l'assiette soumises à l'impôt sur le revenu des personnes physiques,Déduction
LF2024,111103911,irpp,,اجلبايئ من أساس الرضيبة عىل دخل األخشاص الطبيعيني ( طرح,2022,0.092,True,Déduction partielle des revenus provenant de l'exploitation des bureaux d'encadrement et d'assistance fiscales de l'assiette soumises à l'impôt sur le revenu des personnes physiques(3 ans),Déduction
LF2024,111103911,irpp,,اجلبايئ من أساس الرضيبة عىل دخل األخشاص الطبيعيني ( طرح,2021,0.874,True,Déduction partielle des revenus provenant de l'exploitation des bureaux d'encadrement et d'assistance fiscales de l'assiette soumises à l'impôt sur le revenu des personnes physiques(3 ans),Déduction
LF2024,111103911,irpp,,اجلبايئ من أساس الرضيبة عىل دخل األخشاص الطبيعيني ( طرح,2020,0.755,True,Déduction partielle des revenus provenant de l'exploitation des bureaux d'encadrement et d'assistance fiscales de l'assiette soumises à l'impôt sur le revenu des personnes physiques(3 ans),Déduction
LF2024,111103912,irpp,,طرح,2022,0.583,True,"Déduction des sommes déposées dans des comptes intitulés "" comptes épargne pour l'investissement "" de l'assiette soumises à l'impôt sur le revenu des personnes physiques",Déduction
LF2024,111103912,irpp,,طرح,2021,1.899,True,"Déduction des sommes déposées dans des comptes intitulés "" comptes épargne pour l'investissement "" de l'assiette soumises à l'impôt sur le revenu des personnes physiques",Déduction
LF2024,111103912,irpp,,طرح,2020,2.373,True,"Déduction des sommes déposées dans des comptes intitulés "" comptes épargne pour l'investissement "" de l'assiette soumises à l'impôt sur le revenu des personnes physiques",Déduction
LF2024,111103913,irpp,,امجلايع اليت تستعمل موجوداهتا يف اإلكتتاب يف حصص طرح,2022,0.049,True,Déduction des revenus réinvestis dans l'acquisition des parts de fonds d'amorçage et des parts des fonds communs de placement collectifs de l'assiette soumises à l'impôt sur le revenu des personnes physiques,Déduction
LF2024,111103913,irpp,,امجلايع اليت تستعمل موجوداهتا يف اإلكتتاب يف حصص طرح,2021,0.085,True,Déduction des revenus réinvestis dans l'acquisition des parts de fonds d'amorçage et des parts des fonds communs de placement collectifs de l'assiette soumises à l'impôt sur le revenu des personnes physiques,Déduction
LF2024,111103913,irpp,,امجلايع اليت تستعمل موجوداهتا يف اإلكتتاب يف حصص طرح,2020,0.644,True,Déduction des revenus réinvestis dans l'acquisition des parts de fonds d'amorçage et des parts des fonds communs de placement collectifs de l'assiette soumises à l'impôt sur le revenu des personnes physiques,Déduction
LF2024,111103914,irpp,,بصعوبات إقتصادية (اليت بلغ صاحهبا سن التقاعد أو اليت جعز طرح,2022,0.647,True,Déduction des revenus réinvestis dans l'acquisition des entreprises en difficultés économiques dans le cadre du règlement judiciaire de l'assiette soumises à l'impôt sur le revenu des personnes physiques,Déduction
LF2024,111103914,irpp,,بصعوبات إقتصادية (اليت بلغ صاحهبا سن التقاعد أو اليت جعز طرح,2021,0.742,True,Déduction des revenus réinvestis dans l'acquisition des entreprises en difficultés économiques dans le cadre du règlement judiciaire de l'assiette soumises à l'impôt sur le revenu des personnes physiques,Déduction
LF2024,111103914,irpp,,بصعوبات إقتصادية (اليت بلغ صاحهبا سن التقاعد أو اليت جعز طرح,2020,0.505,True,Déduction des revenus réinvestis dans l'acquisition des entreprises en difficultés économiques dans le cadre du règlement judiciaire de l'assiette soumises à l'impôt sur le revenu des personnes physiques,Déduction
LF2024,111103915,irpp,,املتوسطة من أساس الرضيبة عىل دخل األخشاص الطبيعيني ( طرح,2022,0.096,True,Déduction des revenus provenant de l'exploitation des activités des petits et moyens entreprises de l'assiette soumises à l'impôt sur le revenu des personnes physiques (3 ans),Déduction
LF2024,111103915,irpp,,املتوسطة من أساس الرضيبة عىل دخل األخشاص الطبيعيني ( طرح,2021,0.096,True,Déduction des revenus provenant de l'exploitation des activités des petits et moyens entreprises de l'assiette soumises à l'impôt sur le revenu des personnes physiques (3 ans),Déduction
LF2024,111103915,irpp,,املتوسطة من أساس الرضيبة عىل دخل األخشاص الطبيعيني ( طرح,2020,0.151,True,Déduction des revenus provenant de l'exploitation des activités des petits et moyens entreprises de l'assiette soumises à l'impôt sur le revenu des personnes physiques (3 ans),Déduction
LF2024,111104001,irpp,,غري ّ دون اإلنتفاع مبنحة من أساس الرضيبة عىل دخل األخشاص طرح,2022,,False,Déduction par enfant poursuivant des études supérieures sans bénéfice de bourse de l'assiette soumises à l'impôt sur le revenu des personnes physiques,Déduction
LF2024,111104001,irpp,,غري ّ دون اإلنتفاع مبنحة من أساس الرضيبة عىل دخل األخشاص طرح,2021,,False,Déduction par enfant poursuivant des études supérieures sans bénéfice de bourse de l'assiette soumises à l'impôt sur le revenu des personnes physiques,Déduction
LF2024,111104001,irpp,,غري ّ دون اإلنتفاع مبنحة من أساس الرضيبة عىل دخل األخشاص طرح,2020,,False,Déduction par enfant poursuivant des études supérieures sans bénéfice de bourse de l'assiette soumises à l'impôt sur le revenu des personnes physiques,Déduction
LF2024,111104002,irpp,,غري ّ,2022,,False,,
LF2024,111104002,irpp,,غري ّ,2021,,False,,
LF2024,111104002,irpp,,غري ّ,2020,,False,,
LF2024,111106301,irpp,,اجلهوية من أساس الرضيبة عىل دخل األخشاص الطبيعيني طرح,2022,0.002,True,Déduction des revenus provenant des investissements directs réalisés dans les zones de développement régional de l'assiette soumises à l'impôt sur le revenu des personnes physiques (régime de 5 ans),Déduction
LF2024,111106301,irpp,,اجلهوية من أساس الرضيبة عىل دخل األخشاص الطبيعيني طرح,2021,0.468,True,Déduction des revenus provenant des investissements directs réalisés dans les zones de développement régional de l'assiette soumises à l'impôt sur le revenu des personnes physiques (régime de 5 ans),Déduction
LF2024,111106301,irpp,,اجلهوية من أساس الرضيبة عىل دخل األخشاص الطبيعيني طرح,2020,0.563,True,Déduction des revenus provenant des investissements directs réalisés dans les zones de développement régional de l'assiette soumises à l'impôt sur le revenu des personnes physiques (régime de 5 ans),Déduction
LF2024,111106303,irpp,,اجلهوية من أساس الرضيبة عىل دخل األخشاص الطبيعيني طرح,2022,0.993,True,Déduction des revenus provenant des investissements directs réalisés dans les zones de développement régional de l'assiette soumises à l'impôt sur le revenu des personnes physiques (régime de 10 ans),Déduction
LF2024,111106303,irpp,,اجلهوية من أساس الرضيبة عىل دخل األخشاص الطبيعيني طرح,2021,5.775,True,Déduction des revenus provenant des investissements directs réalisés dans les zones de développement régional de l'assiette soumises à l'impôt sur le revenu des personnes physiques (régime de 10 ans),Déduction
LF2024,111106303,irpp,,اجلهوية من أساس الرضيبة عىل دخل األخشاص الطبيعيني طرح,2020,4.149,True,Déduction des revenus provenant des investissements directs réalisés dans les zones de développement régional de l'assiette soumises à l'impôt sur le revenu des personnes physiques (régime de 10 ans),Déduction
LF2024,111106501,irpp,,الفالحة و الصيد البحري من أساس الرضيبة عىل دخل طرح,2022,15.342,True,Déduction des revenus provenant des investissements directs dans le secteur de l’agriculture et de la pêche de l'assiette soumises à l'impôt sur le revenu des personnes physiques,Déduction
LF2024,111106501,irpp,,الفالحة و الصيد البحري من أساس الرضيبة عىل دخل طرح,2021,22.649,True,Déduction des revenus provenant des investissements directs dans le secteur de l’agriculture et de la pêche de l'assiette soumises à l'impôt sur le revenu des personnes physiques,Déduction
LF2024,111106501,irpp,,الفالحة و الصيد البحري من أساس الرضيبة عىل دخل طرح,2020,17.687,True,Déduction des revenus provenant des investissements directs dans le secteur de l’agriculture et de la pêche de l'assiette soumises à l'impôt sur le revenu des personnes physiques,Déduction
LF2024,111107301,irpp,,أو الرتفيع فيه لملؤسسات املنتصبة مبناطق التمنية اجلهوية من طرح,2022,7.373,True,Déduction des revenus réinvestis dans la souscription au capital initial des entreprises implantées dans les zones de développement régional de l'assiette soumises à l'impôt sur le revenu des personnes physiques,Déduction
LF2024,111107301,irpp,,أو الرتفيع فيه لملؤسسات املنتصبة مبناطق التمنية اجلهوية من طرح,2021,6.699,True,Déduction des revenus réinvestis dans la souscription au capital initial des entreprises implantées dans les zones de développement régional de l'assiette soumises à l'impôt sur le revenu des personnes physiques,Déduction
LF2024,111107301,irpp,,أو الرتفيع فيه لملؤسسات املنتصبة مبناطق التمنية اجلهوية من طرح,2020,4.383,True,Déduction des revenus réinvestis dans la souscription au capital initial des entreprises implantées dans les zones de développement régional de l'assiette soumises à l'impôt sur le revenu des personnes physiques,Déduction
LF2024,111107303,irpp,,أو الرتفيع فيه لملؤسسات الناشطة يف قطاع الفالحة و الصيد طرح,2022,0.56,True,Déduction des revenus réinvestis dans la souscription au capital initial des entreprises réalisant des investissements dans le secteur de l’agriculture et de la pêche de l'assiette soumises à l'impôt sur le revenu des personnes physiques,Déduction
LF2024,111107303,irpp,,أو الرتفيع فيه لملؤسسات الناشطة يف قطاع الفالحة و الصيد طرح,2021,3.771,True,Déduction des revenus réinvestis dans la souscription au capital initial des entreprises réalisant des investissements dans le secteur de l’agriculture et de la pêche de l'assiette soumises à l'impôt sur le revenu des personnes physiques,Déduction
LF2024,111107303,irpp,,أو الرتفيع فيه لملؤسسات الناشطة يف قطاع الفالحة و الصيد طرح,2020,2.109,True,Déduction des revenus réinvestis dans la souscription au capital initial des entreprises réalisant des investissements dans le secteur de l’agriculture et de la pêche de l'assiette soumises à l'impôt sur le revenu des personnes physiques,Déduction
LF2024,111107401,irpp,,أو الرتفيع فيه لملؤسسات املصدرة لكيا من أساس الرضيبة طرح,2022,0.004,True,Déduction des revenus réinvestis dans la souscription au capital initial des entreprises totalement exportatrices de l'assiette soumises à l'impôt sur le revenu des personnes physiques,Déduction
LF2024,111107401,irpp,,أو الرتفيع فيه لملؤسسات املصدرة لكيا من أساس الرضيبة طرح,2021,0.052,True,Déduction des revenus réinvestis dans la souscription au capital initial des entreprises totalement exportatrices de l'assiette soumises à l'impôt sur le revenu des personnes physiques,Déduction
LF2024,111107401,irpp,,أو الرتفيع فيه لملؤسسات املصدرة لكيا من أساس الرضيبة طرح,2020,0.016,True,Déduction des revenus réinvestis dans la souscription au capital initial des entreprises totalement exportatrices de l'assiette soumises à l'impôt sur le revenu des personnes physiques,Déduction
LF2024,111107403,irpp,,أو الرتفيع فيه لملؤسسات الناشطة يف جمال التكنولوجيا أو طرح,2022,0.0,True,Déduction des revenus réinvestis dans la souscription au capital initial des entreprises réalisant des investissements dans le domaine de la technologie ou sa maîtrise et des investissement d’innovation dans tous les secteurs économiques de l'assiette soumises à l'impôt sur le revenu des personnes physiques,Déduction
LF2024,111107403,irpp,,أو الرتفيع فيه لملؤسسات الناشطة يف جمال التكنولوجيا أو طرح,2021,0.0,True,Déduction des revenus réinvestis dans la souscription au capital initial des entreprises réalisant des investissements dans le domaine de la technologie ou sa maîtrise et des investissement d’innovation dans tous les secteurs économiques de l'assiette soumises à l'impôt sur le revenu des personnes physiques,Déduction
LF2024,111107403,irpp,,أو الرتفيع فيه لملؤسسات الناشطة يف جمال التكنولوجيا أو طرح,2020,0.0,True,Déduction des revenus réinvestis dans la souscription au capital initial des entreprises réalisant des investissements dans le domaine de la technologie ou sa maîtrise et des investissement d’innovation dans tous les secteurs économiques de l'assiette soumises à l'impôt sur le revenu des personnes physiques,Déduction
LF2024,111107601,irpp,,املؤسسات احملدثة من قبل الباعثني الشبان من أساس الرضيبة طرح,2022,0.077,True,Déduction des revenus réinvestis dans la souscription au capital initial des entreprises créées par les jeunes diplômés de l'enseignement supérieur de l'assiette soumises à l'impôt sur le revenu des personnes physiques,Déduction
LF2024,111107601,irpp,,املؤسسات احملدثة من قبل الباعثني الشبان من أساس الرضيبة طرح,2021,0.077,True,Déduction des revenus réinvestis dans la souscription au capital initial des entreprises créées par les jeunes diplômés de l'enseignement supérieur de l'assiette soumises à l'impôt sur le revenu des personnes physiques,Déduction
LF2024,111107601,irpp,,املؤسسات احملدثة من قبل الباعثني الشبان من أساس الرضيبة طرح,2020,0.462,True,Déduction des revenus réinvestis dans la souscription au capital initial des entreprises créées par les jeunes diplômés de l'enseignement supérieur de l'assiette soumises à l'impôt sur le revenu des personnes physiques,Déduction
LF2024,111107701,irpp,,طرح,2022,0.176,True,Déduction des revenus souscrits au capital des sociétés d'investissement à capital risque ou placés auprès d'elles sous forme de fonds à capital risque ou aux parts des fonds communs de placement à risque qui emploient le capital souscrit et libéré ou les montants déposés sous forme de fonds à capital risque dans la souscription aux actions ou aux parts sociales ou aux obligations,Déduction
LF2024,111107701,irpp,,طرح,2021,0.249,True,Déduction des revenus souscrits au capital des sociétés d'investissement à capital risque ou placés auprès d'elles sous forme de fonds à capital risque ou aux parts des fonds communs de placement à risque qui emploient le capital souscrit et libéré ou les montants déposés sous forme de fonds à capital risque dans la souscription aux actions ou aux parts sociales ou aux obligations,Déduction
LF2024,111107701,irpp,,طرح,2020,0.175,True,Déduction des revenus souscrits au capital des sociétés d'investissement à capital risque ou placés auprès d'elles sous forme de fonds à capital risque ou aux parts des fonds communs de placement à risque qui emploient le capital souscrit et libéré ou les montants déposés sous forme de fonds à capital risque dans la souscription aux actions ou aux parts sociales ou aux obligations,Déduction
LF2024,111107703,irpp,,طرح,2022,0.016,True,Déduction des revenus souscrits au capital des sociétés d'investissement à capital risque ou placés auprès d'elles sous forme de fonds à capital risque ou aux parts des fonds communs de placement à risque qui emploient le capital souscrit et libéré ou les montants déposés sous forme de fonds à capital risque dans la souscription aux actions ou aux parts sociales ou aux obligations convertibles en actions émises par les entreprises réalisant des investissements dans le secteur de l’agriculture et de la pêche et les entreprises implantées dans les zones de développement régional de l'assiette soumises à l'impôt sur le revenu des personnes physiques,Déduction
LF2024,111107703,irpp,,طرح,2021,0.36,True,Déduction des revenus souscrits au capital des sociétés d'investissement à capital risque ou placés auprès d'elles sous forme de fonds à capital risque ou aux parts des fonds communs de placement à risque qui emploient le capital souscrit et libéré ou les montants déposés sous forme de fonds à capital risque dans la souscription aux actions ou aux parts sociales ou aux obligations convertibles en actions émises par les entreprises réalisant des investissements dans le secteur de l’agriculture et de la pêche et les entreprises implantées dans les zones de développement régional de l'assiette soumises à l'impôt sur le revenu des personnes physiques,Déduction
LF2024,111107703,irpp,,طرح,2020,0.194,True,Déduction des revenus souscrits au capital des sociétés d'investissement à capital risque ou placés auprès d'elles sous forme de fonds à capital risque ou aux parts des fonds communs de placement à risque qui emploient le capital souscrit et libéré ou les montants déposés sous forme de fonds à capital risque dans la souscription aux actions ou aux parts sociales ou aux obligations convertibles en actions émises par les entreprises réalisant des investissements dans le secteur de l’agriculture et de la pêche et les entreprises implantées dans les zones de développement régional de l'assiette soumises à l'impôt sur le revenu des personnes physiques,Déduction
LF2024,111601201,irpp,,طرح,2022,0.289,True,Déduction des revenus provenant de l'activité des entreprises totalement exportatrices de l'assiette soumises à l'impôt sur le revenu des personnes physiques (100% & 50%),Déduction
LF2024,111601201,irpp,,طرح,2021,1.952,True,Déduction des revenus provenant de l'activité des entreprises totalement exportatrices de l'assiette soumises à l'impôt sur le revenu des personnes physiques (100% & 50%),Déduction
LF2024,111601201,irpp,,طرح,2020,9.787,True,Déduction des revenus provenant de l'activité des entreprises totalement exportatrices de l'assiette soumises à l'impôt sur le revenu des personnes physiques (100% & 50%),Déduction
LF2024,111602203,irpp,,طرح,2022,0.081,True,Déduction des revenus provenant de l'activité des entreprises partiellement exportatrices de l'assiette soumises à l'impôt sur le revenu des personnes physiques,Déduction
LF2024,111602203,irpp,,طرح,2021,0.909,True,Déduction des revenus provenant de l'activité des entreprises partiellement exportatrices de l'assiette soumises à l'impôt sur le revenu des personnes physiques,Déduction
LF2024,111602203,irpp,,طرح,2020,3.857,True,Déduction des revenus provenant de l'activité des entreprises partiellement exportatrices de l'assiette soumises à l'impôt sur le revenu des personnes physiques,Déduction
LF2024,111604701,irpp,,غري ّ طرح,2022,,False,Déduction de 20% des revenus provenant de l'activité des Petits & Moyens Entreprises de l'assiette soumises à l'impôt sur le revenu des personnes physiques (5 ans),Déduction
LF2024,111604701,irpp,,غري ّ طرح,2021,,False,Déduction de 20% des revenus provenant de l'activité des Petits & Moyens Entreprises de l'assiette soumises à l'impôt sur le revenu des personnes physiques (5 ans),Déduction
LF2024,111604701,irpp,,غري ّ طرح,2020,,False,Déduction de 20% des revenus provenant de l'activité des Petits & Moyens Entreprises de l'assiette soumises à l'impôt sur le revenu des personnes physiques (5 ans),Déduction
LF2024,111605601,irpp,,منطقة مينائية خمصصة لسياحة العبور من أساس الرضيبة عىل طرح,2022,0.016,True,Déduction des revenus provenant des investissements réalisés par les entreprises qui gèrent une zone portuaire réservée au tourisme de croisière de l'assiette soumises à l'impôt sur le revenu des personnes physiques (20 ans),Déduction
LF2024,111605601,irpp,,منطقة مينائية خمصصة لسياحة العبور من أساس الرضيبة عىل طرح,2021,0.016,True,Déduction des revenus provenant des investissements réalisés par les entreprises qui gèrent une zone portuaire réservée au tourisme de croisière de l'assiette soumises à l'impôt sur le revenu des personnes physiques (20 ans),Déduction
LF2024,111605601,irpp,,منطقة مينائية خمصصة لسياحة العبور من أساس الرضيبة عىل طرح,2020,0.0,True,Déduction des revenus provenant des investissements réalisés par les entreprises qui gèrent une zone portuaire réservée au tourisme de croisière de l'assiette soumises à l'impôt sur le revenu des personnes physiques (20 ans),Déduction
LF2024,113000410,irpp,,غري ّ اإلعفاء,2022,,False,Exonération des revenus provenant des ventes de déchets pour recyclage,Exonération
LF2024,113000410,irpp,,غري ّ اإلعفاء,2021,,False,Exonération des revenus provenant des ventes de déchets pour recyclage,Exonération
LF2024,113000410,irpp,,غري ّ اإلعفاء,2020,,False,Exonération des revenus provenant des ventes de déchets pour recyclage,Exonération
LF2024,113605101,irpp,,اإلعفاء,2022,0.001,True,Exonération de l’impôt sur le revenu des personnes physiques au titre des revenus provenant de la réalisation de zones industrielles (5 ans),Exonération
LF2024,113605101,irpp,,اإلعفاء,2021,0.001,True,Exonération de l’impôt sur le revenu des personnes physiques au titre des revenus provenant de la réalisation de zones industrielles (5 ans),Exonération
LF2024,113605101,irpp,,اإلعفاء,2020,0.0,True,Exonération de l’impôt sur le revenu des personnes physiques au titre des revenus provenant de la réalisation de zones industrielles (5 ans),Exonération
LF2024,113605201,irpp,,لالستمثارات اليت تكتيس أمهية خاصة لالقتصاد الوطين أو اإلعفاء,2022,0.0,True,Exonération des revenus au titre des investissements réalisés dans les activités prometteuses et ayant un taux d'intégration élevé (5 ans),Exonération
LF2024,113605201,irpp,,لالستمثارات اليت تكتيس أمهية خاصة لالقتصاد الوطين أو اإلعفاء,2021,0.0,True,Exonération des revenus au titre des investissements réalisés dans les activités prometteuses et ayant un taux d'intégration élevé (5 ans),Exonération
LF2024,113605201,irpp,,لالستمثارات اليت تكتيس أمهية خاصة لالقتصاد الوطين أو اإلعفاء,2020,0.0,True,Exonération des revenus au titre des investissements réalisés dans les activités prometteuses et ayant un taux d'intégration élevé (5 ans),Exonération
LF2024,111101202,irpp,,غري ّ واألزرق والدائري والتمنية املستدامة من أساس الرضيبة عىل طرح,2022,,False,,
LF2024,111101202,irpp,,غري ّ واألزرق والدائري والتمنية املستدامة من أساس الرضيبة عىل طرح,2021,,False,,
LF2024,111101202,irpp,,غري ّ واألزرق والدائري والتمنية املستدامة من أساس الرضيبة عىل طرح,2020,,False,,
LF2024,121000302,is,,طرح,2022,0.0,True,Réduction d'impôt au titre des bénéfices réinvestis dans la souscription au capital initial ou à son augmentation des Etablissements Publics,Réduction
LF2024,121000302,is,,طرح,2021,0.0,True,Réduction d'impôt au titre des bénéfices réinvestis dans la souscription au capital initial ou à son augmentation des Etablissements Publics,Réduction
LF2024,121000302,is,,طرح,2020,0.0,True,Réduction d'impôt au titre des bénéfices réinvestis dans la souscription au capital initial ou à son augmentation des Etablissements Publics,Réduction
LF2024,121000303,is,,طرح,2022,0.0,True,Exonération des bénéfices réalisés par les Etablissements Publics de l'impôt sur les sociétés,Exonération
LF2024,121000303,is,,طرح,2021,0.0,True,Exonération des bénéfices réalisés par les Etablissements Publics de l'impôt sur les sociétés,Exonération
LF2024,121000303,is,,طرح,2020,0.0,True,Exonération des bénéfices réalisés par les Etablissements Publics de l'impôt sur les sociétés,Exonération
LF2024,121000402,is,,األنشطة االقتصادية من أساس الرضيبة عىل الرشاكت (طرح طرح,2022,0.0,True,Déduction des bénéfices provenant de l'activité des entreprises implantées dans les Parcs d'Activité Economiques de l'assiette soumises à l'impôt sur les sociétés,Déduction
LF2024,121000402,is,,األنشطة االقتصادية من أساس الرضيبة عىل الرشاكت (طرح طرح,2021,0.0,True,Déduction des bénéfices provenant de l'activité des entreprises implantées dans les Parcs d'Activité Economiques de l'assiette soumises à l'impôt sur les sociétés,Déduction
LF2024,121000402,is,,األنشطة االقتصادية من أساس الرضيبة عىل الرشاكت (طرح طرح,2020,1.721,True,Déduction des bénéfices provenant de l'activité des entreprises implantées dans les Parcs d'Activité Economiques de l'assiette soumises à l'impôt sur les sociétés,Déduction
LF2024,121000404,is,,املنتصبة بفضاءات األنشطة االقتصادية من أساس الرضيبة عىل طرح,2022,0.0,True,Déduction des bénéfices réinvestis dans la souscription au capital initial ou à son augmentation des entreprises implantées dans les Parcs d'Activité Economiques de l'assiette soumises à l'impôt sur les sociétés,Déduction
LF2024,121000404,is,,املنتصبة بفضاءات األنشطة االقتصادية من أساس الرضيبة عىل طرح,2021,0.0,True,Déduction des bénéfices réinvestis dans la souscription au capital initial ou à son augmentation des entreprises implantées dans les Parcs d'Activité Economiques de l'assiette soumises à l'impôt sur les sociétés,Déduction
LF2024,121000404,is,,املنتصبة بفضاءات األنشطة االقتصادية من أساس الرضيبة عىل طرح,2020,0.0,True,Déduction des bénéfices réinvestis dans la souscription au capital initial ou à son augmentation des entreprises implantées dans les Parcs d'Activité Economiques de l'assiette soumises à l'impôt sur les sociétés,Déduction
LF2024,121000502,is,,غري ّ طرح,2022,,False,Déduction de 50% des dépenses de travaux d'amélioration effectués par les propriétaires portant sur des monuments historiques de l'assiette soumises à l'impôt sur les sociétés,Déduction
LF2024,121000502,is,,غري ّ طرح,2021,,False,Déduction de 50% des dépenses de travaux d'amélioration effectués par les propriétaires portant sur des monuments historiques de l'assiette soumises à l'impôt sur les sociétés,Déduction
LF2024,121000502,is,,غري ّ طرح,2020,,False,Déduction de 50% des dépenses de travaux d'amélioration effectués par les propriétaires portant sur des monuments historiques de l'assiette soumises à l'impôt sur les sociétés,Déduction
LF2024,121000604,is,,غري ّ الصحية اخلاصة اليت تسدي اكمل خدماهتا لفائدة غري املقميني طرح,2022,,False,Déduction des bénéfices réinvestis dans la souscription au capital initial ou à son augmentation des établissements de santé prêtant la totalité de leurs services au profit des non-résidents de l'assiette soumises à l'impôt sur les sociétés,Déduction
LF2024,121000604,is,,غري ّ الصحية اخلاصة اليت تسدي اكمل خدماهتا لفائدة غري املقميني طرح,2021,,False,Déduction des bénéfices réinvestis dans la souscription au capital initial ou à son augmentation des établissements de santé prêtant la totalité de leurs services au profit des non-résidents de l'assiette soumises à l'impôt sur les sociétés,Déduction
LF2024,121000604,is,,غري ّ الصحية اخلاصة اليت تسدي اكمل خدماهتا لفائدة غري املقميني طرح,2020,,False,Déduction des bénéfices réinvestis dans la souscription au capital initial ou à son augmentation des établissements de santé prêtant la totalité de leurs services au profit des non-résidents de l'assiette soumises à l'impôt sur les sociétés,Déduction
LF2024,121001401,is,,طرح,2022,0.0,True,Déduction des bénéfices provenant des projets d'intérêt national (10 ans) de la base de l'impôt sur les sociétés,Déduction
LF2024,121001401,is,,طرح,2021,0.0,True,Déduction des bénéfices provenant des projets d'intérêt national (10 ans) de la base de l'impôt sur les sociétés,Déduction
LF2024,121001401,is,,طرح,2020,0.166,True,Déduction des bénéfices provenant des projets d'intérêt national (10 ans) de la base de l'impôt sur les sociétés,Déduction
LF2024,121001602,is,,طرح,2022,0.074,True,Déduction des bénéfices réinvestis dans la souscription au capital initial ou à son augmentation des Entreprises Innovantes (Startups) de la base de l'impôt sur les sociétés,Déduction
LF2024,121001602,is,,طرح,2021,0.132,True,Déduction des bénéfices réinvestis dans la souscription au capital initial ou à son augmentation des Entreprises Innovantes (Startups) de la base de l'impôt sur les sociétés,Déduction
LF2024,121001602,is,,طرح,2020,0.196,True,Déduction des bénéfices réinvestis dans la souscription au capital initial ou à son augmentation des Entreprises Innovantes (Startups) de la base de l'impôt sur les sociétés,Déduction
LF2024,121001604,is,,أو يف صناديق مساعدة عىل االنطالق أو يف غريها من مؤسسات طرح,2022,5.067,True,"Déduction des bénéfices réinvestis dans la souscription au capital des sociétés d’investissement à capital risque, ou placés auprès d'elles sous forme de fonds à capital risque, de fonds collectifs de placement à risque, de fonds d’amorçage ou de tout autre organisme d’investissement , qui s’engagent à employer 65% au moins du capital libéré ou de tout montant mis à leur disposition ou des parts libérées, dans la participation au capital des Startups de la base de l'impôt sur les sociétés",Déduction
LF2024,121001604,is,,أو يف صناديق مساعدة عىل االنطالق أو يف غريها من مؤسسات طرح,2021,0.405,True,"Déduction des bénéfices réinvestis dans la souscription au capital des sociétés d’investissement à capital risque, ou placés auprès d'elles sous forme de fonds à capital risque, de fonds collectifs de placement à risque, de fonds d’amorçage ou de tout autre organisme d’investissement , qui s’engagent à employer 65% au moins du capital libéré ou de tout montant mis à leur disposition ou des parts libérées, dans la participation au capital des Startups de la base de l'impôt sur les sociétés",Déduction
LF2024,121001604,is,,أو يف صناديق مساعدة عىل االنطالق أو يف غريها من مؤسسات طرح,2020,0.0,True,"Déduction des bénéfices réinvestis dans la souscription au capital des sociétés d’investissement à capital risque, ou placés auprès d'elles sous forme de fonds à capital risque, de fonds collectifs de placement à risque, de fonds d’amorçage ou de tout autre organisme d’investissement , qui s’engagent à employer 65% au moins du capital libéré ou de tout montant mis à leur disposition ou des parts libérées, dans la participation au capital des Startups de la base de l'impôt sur les sociétés",Déduction
LF2024,121001702,is,,طرح,2022,0.0,True,"Déductibles, dans la limite de 25% du bénéfice imposable, les bénéfices réinvestis dans la souscription, dans le cadre d'une restructuration financière, au capital des hôtels touristiques de la base de l'impôt sur les sociétés",Déduction
LF2024,121001702,is,,طرح,2021,0.0,True,"Déductibles, dans la limite de 25% du bénéfice imposable, les bénéfices réinvestis dans la souscription, dans le cadre d'une restructuration financière, au capital des hôtels touristiques de la base de l'impôt sur les sociétés",Déduction
LF2024,121001702,is,,طرح,2020,0.0,True,"Déductibles, dans la limite de 25% du bénéfice imposable, les bénéfices réinvestis dans la souscription, dans le cadre d'une restructuration financière, au capital des hôtels touristiques de la base de l'impôt sur les sociétés",Déduction
LF2024,121001801,is,,مقي طرح,2022,,False,,
LF2024,121001801,is,,مقي طرح,2021,,False,,
LF2024,121001801,is,,مقي طرح,2020,,False,,
LF2024,121101202,is,,مقي طرح,2022,,False,"Déduction des mécénats accordés aux affaires, organisations à but générale, ou à but lucratifs de l'assiette soumises à l'impôt sur les sociétés",Déduction
LF2024,121101202,is,,مقي طرح,2021,,False,"Déduction des mécénats accordés aux affaires, organisations à but générale, ou à but lucratifs de l'assiette soumises à l'impôt sur les sociétés",Déduction
LF2024,121101202,is,,مقي طرح,2020,,False,"Déduction des mécénats accordés aux affaires, organisations à but générale, ou à but lucratifs de l'assiette soumises à l'impôt sur les sociétés",Déduction
LF2024,121101204,is,,غري ّ طرح,2022,,False,"Déduction des mécénats accordés aux entreprises, projets et œuvres à caractère culturel et à la création et à l’entretien des espaces verts et des parcs familiaux et ruraux de la base de l'impôt sur les sociétés",Déduction
LF2024,121101204,is,,غري ّ طرح,2021,,False,"Déduction des mécénats accordés aux entreprises, projets et œuvres à caractère culturel et à la création et à l’entretien des espaces verts et des parcs familiaux et ruraux de la base de l'impôt sur les sociétés",Déduction
LF2024,121101204,is,,غري ّ طرح,2020,,False,"Déduction des mécénats accordés aux entreprises, projets et œuvres à caractère culturel et à la création et à l’entretien des espaces verts et des parcs familiaux et ruraux de la base de l'impôt sur les sociétés",Déduction
LF2024,121101206,is,,الرشاكت من قبل املؤسسات من غري تلك الناشطة يف القطاع طرح,2022,2.609,True,"Déduction supplémentaire de 30% au titre des amortissements des machines, du matériel et des équipements destinés à l'exploitation, acquis ou fabriqués dans le cadre d'opérations d'extension de la base de l'impôt sur les sociétés, par les entreprises nouvellement crées autre que celles",Déduction
LF2024,121101206,is,,الرشاكت من قبل املؤسسات من غري تلك الناشطة يف القطاع طرح,2021,3.252,True,"Déduction supplémentaire de 30% au titre des amortissements des machines, du matériel et des équipements destinés à l'exploitation, acquis ou fabriqués dans le cadre d'opérations d'extension de la base de l'impôt sur les sociétés, par les entreprises nouvellement crées autre que celles",Déduction
LF2024,121101206,is,,الرشاكت من قبل املؤسسات من غري تلك الناشطة يف القطاع طرح,2020,1.951,True,"Déduction supplémentaire de 30% au titre des amortissements des machines, du matériel et des équipements destinés à l'exploitation, acquis ou fabriqués dans le cadre d'opérations d'extension de la base de l'impôt sur les sociétés, par les entreprises nouvellement crées autre que celles",Déduction
LF2024,121104801,is,,طرح,2022,0.041,True,Déduction des bénéfices réalisés par les contribuables au titre de la location d’immeubles au profit des étudiants de l'assiette soumises à l’impôt sur les sociétés (10 ans),Déduction
LF2024,121104801,is,,طرح,2021,0.062,True,Déduction des bénéfices réalisés par les contribuables au titre de la location d’immeubles au profit des étudiants de l'assiette soumises à l’impôt sur les sociétés (10 ans),Déduction
LF2024,121104801,is,,طرح,2020,0.033,True,Déduction des bénéfices réalisés par les contribuables au titre de la location d’immeubles au profit des étudiants de l'assiette soumises à l’impôt sur les sociétés (10 ans),Déduction
LF2024,121104802,is,,املتكونني مبراكز التكوين املهين من أساس الرضيبة عىل طرح,2022,0.0,True,Déduction des bénéfices réalisés par les contribuables au titre de la restauration au profit des étudiants de l'assiette soumises à l'impôt sur les sociétés (10 ans),Déduction
LF2024,121104802,is,,املتكونني مبراكز التكوين املهين من أساس الرضيبة عىل طرح,2021,0.0,True,Déduction des bénéfices réalisés par les contribuables au titre de la restauration au profit des étudiants de l'assiette soumises à l'impôt sur les sociétés (10 ans),Déduction
LF2024,121104802,is,,املتكونني مبراكز التكوين املهين من أساس الرضيبة عىل طرح,2020,0.0,True,Déduction des bénéfices réalisés par les contribuables au titre de la restauration au profit des étudiants de l'assiette soumises à l'impôt sur les sociétés (10 ans),Déduction
LF2024,121104803,is,,قبل رشاكت االستمثار ذات رأس مال تمنية من أساس الرضيبة طرح,2022,0.0,True,Déduction totale ou partielle (50%) de la plus-value provenant des opérations de cession ou de rétrocession des titres et des droits réalisés par les sociétés d'investissement à capital risque de l'assiette soumises à l'impôt sur les sociétés,Déduction
LF2024,121104803,is,,قبل رشاكت االستمثار ذات رأس مال تمنية من أساس الرضيبة طرح,2021,0.0,True,Déduction totale ou partielle (50%) de la plus-value provenant des opérations de cession ou de rétrocession des titres et des droits réalisés par les sociétés d'investissement à capital risque de l'assiette soumises à l'impôt sur les sociétés,Déduction
LF2024,121104803,is,,قبل رشاكت االستمثار ذات رأس مال تمنية من أساس الرضيبة طرح,2020,1.733,True,Déduction totale ou partielle (50%) de la plus-value provenant des opérations de cession ou de rétrocession des titres et des droits réalisés par les sociétés d'investissement à capital risque de l'assiette soumises à l'impôt sur les sociétés,Déduction
LF2024,121104804,is,,طرح,2022,0.04,True,Déduction de la plus-value de cession des actions réalisée par les établissements de crédit ayant la qualité de banque de l'assiette soumises à l'impôt sur les sociétés,Déduction
LF2024,121104804,is,,طرح,2021,0.04,True,Déduction de la plus-value de cession des actions réalisée par les établissements de crédit ayant la qualité de banque de l'assiette soumises à l'impôt sur les sociétés,Déduction
LF2024,121104804,is,,طرح,2020,0.002,True,Déduction de la plus-value de cession des actions réalisée par les établissements de crédit ayant la qualité de banque de l'assiette soumises à l'impôt sur les sociétés,Déduction
LF2024,121104805,is,,غري ّ طرح,2022,,False,Déduction des intérêts des dépôts et de titres en devises ou en dinars convertibles de l'assiette soumises à l’impôt sur les sociétés,Déduction
LF2024,121104805,is,,غري ّ طرح,2021,,False,Déduction des intérêts des dépôts et de titres en devises ou en dinars convertibles de l'assiette soumises à l’impôt sur les sociétés,Déduction
LF2024,121104805,is,,غري ّ طرح,2020,,False,Déduction des intérêts des dépôts et de titres en devises ou en dinars convertibles de l'assiette soumises à l’impôt sur les sociétés,Déduction
LF2024,121104806,is,,طرح,2022,0.0,True,Déduction de 50% des bénéfices provenant des opérations de courtage international de l'assiette soumises à l'impôt sur les sociétés (10 ans),Déduction
LF2024,121104806,is,,طرح,2021,0.0,True,Déduction de 50% des bénéfices provenant des opérations de courtage international de l'assiette soumises à l'impôt sur les sociétés (10 ans),Déduction
LF2024,121104806,is,,طرح,2020,0.061,True,Déduction de 50% des bénéfices provenant des opérations de courtage international de l'assiette soumises à l'impôt sur les sociétés (10 ans),Déduction
LF2024,121104807,is,,امجلايع االجمتايع أو االقتصادي من أساس الرضيبة عىل طرح,2022,3.466,True,"Déduction des bénéfices provenant de la location des constructions verticales destinées à l'habitat collectif, social ou économique de l'assiette soumises à l'impôt sur les sociétés (10 ans)",Déduction
LF2024,121104807,is,,امجلايع االجمتايع أو االقتصادي من أساس الرضيبة عىل طرح,2021,3.043,True,"Déduction des bénéfices provenant de la location des constructions verticales destinées à l'habitat collectif, social ou économique de l'assiette soumises à l'impôt sur les sociétés (10 ans)",Déduction
LF2024,121104807,is,,امجلايع االجمتايع أو االقتصادي من أساس الرضيبة عىل طرح,2020,0.0,True,"Déduction des bénéfices provenant de la location des constructions verticales destinées à l'habitat collectif, social ou économique de l'assiette soumises à l'impôt sur les sociétés (10 ans)",Déduction
LF2024,121104808,is,,غري ّ طرح,2022,,False,Déduction des dons et subventions accordées au profit du Fonds National,Déduction
LF2024,121104808,is,,غري ّ طرح,2021,,False,Déduction des dons et subventions accordées au profit du Fonds National,Déduction
LF2024,121104808,is,,غري ّ طرح,2020,,False,Déduction des dons et subventions accordées au profit du Fonds National,Déduction
LF2024,121104809,is,,طرح,2022,0.451,True,Partielle des bénéfices provenant de l’exploitation des bureaux d’accompagnement et du conseil fiscal de la base imposable (3 années),Déduction
LF2024,121104809,is,,طرح,2021,1.312,True,Partielle des bénéfices provenant de l’exploitation des bureaux d’accompagnement et du conseil fiscal de la base imposable (3 années),Déduction
LF2024,121104809,is,,طرح,2020,0.96,True,Partielle des bénéfices provenant de l’exploitation des bureaux d’accompagnement et du conseil fiscal de la base imposable (3 années),Déduction
LF2024,121104810,is,,طرح,2022,1.058,True,Déduction des bénéfices réinvestis dans l'acquisition des parts de fonds d'amorçage et des parts des fonds communs de placement collectifs de l'assiette soumises à l'impôt sur les sociétés,Déduction
LF2024,121104810,is,,طرح,2021,0.15,True,Déduction des bénéfices réinvestis dans l'acquisition des parts de fonds d'amorçage et des parts des fonds communs de placement collectifs de l'assiette soumises à l'impôt sur les sociétés,Déduction
LF2024,121104810,is,,طرح,2020,0.245,True,Déduction des bénéfices réinvestis dans l'acquisition des parts de fonds d'amorçage et des parts des fonds communs de placement collectifs de l'assiette soumises à l'impôt sur les sociétés,Déduction
LF2024,121104811,is,,غري ّ طرح,2022,,False,Déduction des dépenses engagées pour la réalisation de l’opération d’essaimage de l'assiette soumises à l'impôt sur les sociétés,Déduction
LF2024,121104811,is,,غري ّ طرح,2021,,False,Déduction des dépenses engagées pour la réalisation de l’opération d’essaimage de l'assiette soumises à l'impôt sur les sociétés,Déduction
LF2024,121104811,is,,غري ّ طرح,2020,,False,Déduction des dépenses engagées pour la réalisation de l’opération d’essaimage de l'assiette soumises à l'impôt sur les sociétés,Déduction
LF2024,121104812,is,,غري ّ بصعوبات اقتصادية يف إطار التسوية القضائية من أساس طرح,2022,,False,Déduction des bénéfices réinvestis dans l'acquisition des entreprises en difficultés économiques dans le cadre du règlement judiciaire de l'assiette soumises à l'impôt sur les sociétés,Déduction
LF2024,121104812,is,,غري ّ بصعوبات اقتصادية يف إطار التسوية القضائية من أساس طرح,2021,,False,Déduction des bénéfices réinvestis dans l'acquisition des entreprises en difficultés économiques dans le cadre du règlement judiciaire de l'assiette soumises à l'impôt sur les sociétés,Déduction
LF2024,121104812,is,,غري ّ بصعوبات اقتصادية يف إطار التسوية القضائية من أساس طرح,2020,,False,Déduction des bénéfices réinvestis dans l'acquisition des entreprises en difficultés économiques dans le cadre du règlement judiciaire de l'assiette soumises à l'impôt sur les sociétés,Déduction
LF2024,121104813,is,,طرح,2022,0.004,True,Déduction des bénéfices provenant de la location des terres agricoles réservées aux grandes cultures de l'assiette soumises à l'impôt sur les sociétés,Déduction
LF2024,121104813,is,,طرح,2021,0.026,True,Déduction des bénéfices provenant de la location des terres agricoles réservées aux grandes cultures de l'assiette soumises à l'impôt sur les sociétés,Déduction
LF2024,121104813,is,,طرح,2020,0.048,True,Déduction des bénéfices provenant de la location des terres agricoles réservées aux grandes cultures de l'assiette soumises à l'impôt sur les sociétés,Déduction
LF2024,121104814,is,,طرح,2022,0.001,True,Déduction des bénéfices provenant de l'exploitation des activités des petits et moyens entreprises de l'assiette soumises à l’impôt sur les sociétés (3 ans),Déduction
LF2024,121104814,is,,طرح,2021,0.0,True,Déduction des bénéfices provenant de l'exploitation des activités des petits et moyens entreprises de l'assiette soumises à l’impôt sur les sociétés (3 ans),Déduction
LF2024,121104814,is,,طرح,2020,0.025,True,Déduction des bénéfices provenant de l'exploitation des activités des petits et moyens entreprises de l'assiette soumises à l’impôt sur les sociétés (3 ans),Déduction
LF2024,121106302,is,,طرح,2022,11.875,True,Déduction des bénéfices provenant des investissements directs réalisés dans les zones de développement régional de l'assiette soumises à l'impôt sur les sociétés (régime de 5 ans),Déduction
LF2024,121106302,is,,طرح,2021,12.57,True,Déduction des bénéfices provenant des investissements directs réalisés dans les zones de développement régional de l'assiette soumises à l'impôt sur les sociétés (régime de 5 ans),Déduction
LF2024,121106302,is,,طرح,2020,16.298,True,Déduction des bénéfices provenant des investissements directs réalisés dans les zones de développement régional de l'assiette soumises à l'impôt sur les sociétés (régime de 5 ans),Déduction
LF2024,121106304,is,,طرح,2022,34.518,True,Déduction des bénéfices provenant des investissements directs réalisés dans les zones de développement régional de l'assiette soumises à l'impôt sur les sociétés (régime de 10 ans),Déduction
LF2024,121106304,is,,طرح,2021,30.896,True,Déduction des bénéfices provenant des investissements directs réalisés dans les zones de développement régional de l'assiette soumises à l'impôt sur les sociétés (régime de 10 ans),Déduction
LF2024,121106304,is,,طرح,2020,55.054,True,Déduction des bénéfices provenant des investissements directs réalisés dans les zones de développement régional de l'assiette soumises à l'impôt sur les sociétés (régime de 10 ans),Déduction
LF2024,121106502,is,,طرح,2022,22.173,True,Déduction des bénéfices provenant des investissements directs dans le secteur de l’agriculture et de la pêche de l'assiette soumises à l'impôt sur,Déduction
LF2024,121106502,is,,طرح,2021,21.346,True,Déduction des bénéfices provenant des investissements directs dans le secteur de l’agriculture et de la pêche de l'assiette soumises à l'impôt sur,Déduction
LF2024,121106502,is,,طرح,2020,30.605,True,Déduction des bénéfices provenant des investissements directs dans le secteur de l’agriculture et de la pêche de l'assiette soumises à l'impôt sur,Déduction
LF2024,121107302,is,,أو الرتفيع فيه لملؤسسات املنتصبة مبناطق التمنية اجلهوية من طرح,2022,11.018,True,Déduction des bénéfices réinvestis dans la souscription au capital initial ou à son augmentation des entreprises implantées dans les zones de développement régional de l'assiette soumises à l'impôt sur les sociétés,Déduction
LF2024,121107302,is,,أو الرتفيع فيه لملؤسسات املنتصبة مبناطق التمنية اجلهوية من طرح,2021,14.907,True,Déduction des bénéfices réinvestis dans la souscription au capital initial ou à son augmentation des entreprises implantées dans les zones de développement régional de l'assiette soumises à l'impôt sur les sociétés,Déduction
LF2024,121107302,is,,أو الرتفيع فيه لملؤسسات املنتصبة مبناطق التمنية اجلهوية من طرح,2020,39.895,True,Déduction des bénéfices réinvestis dans la souscription au capital initial ou à son augmentation des entreprises implantées dans les zones de développement régional de l'assiette soumises à l'impôt sur les sociétés,Déduction
LF2024,121107304,is,,لملؤسسات الناشطة يف القطاع الفاليح و الصيد البحري من طرح,2022,3.495,True,Déduction des bénéfices réinvestis dans la souscription au capital initial ou à son augmentation des entreprises réalisant des investissements dans le secteur de l’agriculture et de la pêche de l'assiette soumises à l'impôt sur les sociétés,Déduction
LF2024,121107304,is,,لملؤسسات الناشطة يف القطاع الفاليح و الصيد البحري من طرح,2021,3.352,True,Déduction des bénéfices réinvestis dans la souscription au capital initial ou à son augmentation des entreprises réalisant des investissements dans le secteur de l’agriculture et de la pêche de l'assiette soumises à l'impôt sur les sociétés,Déduction
LF2024,121107304,is,,لملؤسسات الناشطة يف القطاع الفاليح و الصيد البحري من طرح,2020,10.912,True,Déduction des bénéfices réinvestis dans la souscription au capital initial ou à son augmentation des entreprises réalisant des investissements dans le secteur de l’agriculture et de la pêche de l'assiette soumises à l'impôt sur les sociétés,Déduction
LF2024,121107402,is,,طرح,2022,0.0,True,Déduction des bénéfices réinvestis dans la souscription au capital initial ou à son augmentation des entreprises totalement exportatrices de l'assiette soumises à l'impôt sur les sociétés,Déduction
LF2024,121107402,is,,طرح,2021,0.0,True,Déduction des bénéfices réinvestis dans la souscription au capital initial ou à son augmentation des entreprises totalement exportatrices de l'assiette soumises à l'impôt sur les sociétés,Déduction
LF2024,121107402,is,,طرح,2020,0.524,True,Déduction des bénéfices réinvestis dans la souscription au capital initial ou à son augmentation des entreprises totalement exportatrices de l'assiette soumises à l'impôt sur les sociétés,Déduction
LF2024,121107404,is,,طرح,2022,0.0,True,Déduction des bénéfices réinvestis dans la souscription au capital initial ou à son augmentation des entreprises réalisant des investissements dans le domaine de la technologie et des investissements d’innovation dans tous les secteurs économiques de l'assiette soumises à l'impôt sur les sociétés,Déduction
LF2024,121107404,is,,طرح,2021,0.0,True,Déduction des bénéfices réinvestis dans la souscription au capital initial ou à son augmentation des entreprises réalisant des investissements dans le domaine de la technologie et des investissements d’innovation dans tous les secteurs économiques de l'assiette soumises à l'impôt sur les sociétés,Déduction
LF2024,121107404,is,,طرح,2020,0.0,True,Déduction des bénéfices réinvestis dans la souscription au capital initial ou à son augmentation des entreprises réalisant des investissements dans le domaine de la technologie et des investissements d’innovation dans tous les secteurs économiques de l'assiette soumises à l'impôt sur les sociétés,Déduction
LF2024,121107602,is,,طرح,2022,0.0,True,Déduction des bénéfices réinvestis dans la souscription au capital initial ou à son augmentation des entreprises créées par les jeunes diplômés de l'enseignement supérieur de l'assiette soumises à l'impôt sur les sociétés,Déduction
LF2024,121107602,is,,طرح,2021,0.0,True,Déduction des bénéfices réinvestis dans la souscription au capital initial ou à son augmentation des entreprises créées par les jeunes diplômés de l'enseignement supérieur de l'assiette soumises à l'impôt sur les sociétés,Déduction
LF2024,121107602,is,,طرح,2020,0.0,True,Déduction des bénéfices réinvestis dans la souscription au capital initial ou à son augmentation des entreprises créées par les jeunes diplômés de l'enseignement supérieur de l'assiette soumises à l'impôt sur les sociétés,Déduction
LF2024,121107702,is,,طرح,2022,198.436,True,Déduction des bénéfices souscrits au capital des sociétés d'investissement à capital risque ou placés auprès d'elles sous forme de fonds à capital risque ou aux parts des fonds communs de placement à risque qui emploient le capital souscrit et libéré ou les montants déposés sous forme de fonds à capital risque dans la souscription aux actions ou aux parts sociales ou aux obligations convertibles en actions émises par les entreprises qui ouvrent droit aux avantages fiscaux de l'assiette soumises à l'impôt sur les sociétés,Déduction
LF2024,121107702,is,,طرح,2021,156.788,True,Déduction des bénéfices souscrits au capital des sociétés d'investissement à capital risque ou placés auprès d'elles sous forme de fonds à capital risque ou aux parts des fonds communs de placement à risque qui emploient le capital souscrit et libéré ou les montants déposés sous forme de fonds à capital risque dans la souscription aux actions ou aux parts sociales ou aux obligations convertibles en actions émises par les entreprises qui ouvrent droit aux avantages fiscaux de l'assiette soumises à l'impôt sur les sociétés,Déduction
LF2024,121107702,is,,طرح,2020,117.888,True,Déduction des bénéfices souscrits au capital des sociétés d'investissement à capital risque ou placés auprès d'elles sous forme de fonds à capital risque ou aux parts des fonds communs de placement à risque qui emploient le capital souscrit et libéré ou les montants déposés sous forme de fonds à capital risque dans la souscription aux actions ou aux parts sociales ou aux obligations convertibles en actions émises par les entreprises qui ouvrent droit aux avantages fiscaux de l'assiette soumises à l'impôt sur les sociétés,Déduction
LF2024,121107704,is,,طرح,2022,53.233,True,Déduction des bénéfices souscrits au capital des sociétés d'investissement à capital risque ou placés auprès d'elles sous forme de fonds à capital risque ou aux parts des fonds communs de placement à risque qui emploient le capital souscrit et libéré ou les montants déposés sous forme de fonds à capital risque dans la souscription aux actions ou aux parts sociales ou aux obligations convertibles en actions émises par les entreprises réalisant des investissements dans le secteur de l’agriculture et de la pêche et les entreprises implantées dans les zones de développement régional de l'assiette soumises à l'impôt sur les sociétés,Déduction
LF2024,121107704,is,,طرح,2021,61.265,True,Déduction des bénéfices souscrits au capital des sociétés d'investissement à capital risque ou placés auprès d'elles sous forme de fonds à capital risque ou aux parts des fonds communs de placement à risque qui emploient le capital souscrit et libéré ou les montants déposés sous forme de fonds à capital risque dans la souscription aux actions ou aux parts sociales ou aux obligations convertibles en actions émises par les entreprises réalisant des investissements dans le secteur de l’agriculture et de la pêche et les entreprises implantées dans les zones de développement régional de l'assiette soumises à l'impôt sur les sociétés,Déduction
LF2024,121107704,is,,طرح,2020,50.799,True,Déduction des bénéfices souscrits au capital des sociétés d'investissement à capital risque ou placés auprès d'elles sous forme de fonds à capital risque ou aux parts des fonds communs de placement à risque qui emploient le capital souscrit et libéré ou les montants déposés sous forme de fonds à capital risque dans la souscription aux actions ou aux parts sociales ou aux obligations convertibles en actions émises par les entreprises réalisant des investissements dans le secteur de l’agriculture et de la pêche et les entreprises implantées dans les zones de développement régional de l'assiette soumises à l'impôt sur les sociétés,Déduction
LF2024,121601202,is,,طرح,2022,0.086,True,Déduction des bénéfices provenant de l'activité des entreprises totalement exportatrices de l'assiette soumises à l'impôt sur les sociétés (100% & 50%),Déduction
LF2024,121601202,is,,طرح,2021,0.086,True,Déduction des bénéfices provenant de l'activité des entreprises totalement exportatrices de l'assiette soumises à l'impôt sur les sociétés (100% & 50%),Déduction
LF2024,121601202,is,,طرح,2020,94.474,True,Déduction des bénéfices provenant de l'activité des entreprises totalement exportatrices de l'assiette soumises à l'impôt sur les sociétés (100% & 50%),Déduction
LF2024,121602204,is,,طرح,2022,0.0,True,Déduction des bénéfices provenant de l'activité des entreprises partiellement exportatrices de l'assiette soumises à l'impôt sur les sociétés,Déduction
LF2024,121602204,is,,طرح,2021,0.0,True,Déduction des bénéfices provenant de l'activité des entreprises partiellement exportatrices de l'assiette soumises à l'impôt sur les sociétés,Déduction
LF2024,121602204,is,,طرح,2020,1.559,True,Déduction des bénéfices provenant de l'activité des entreprises partiellement exportatrices de l'assiette soumises à l'impôt sur les sociétés,Déduction
LF2024,121604702,is,,غري ّ لملؤسسات الصغرى و املتوسطة من أساس الرضيبة عىل طرح,2022,,False,Déduction de 20% des bénéfices provenant de l'activité des Petits & Moyens Entreprises de l'assiette soumises à l'impôt sur les sociétés (5 ans),Déduction
LF2024,121604702,is,,غري ّ لملؤسسات الصغرى و املتوسطة من أساس الرضيبة عىل طرح,2021,,False,Déduction de 20% des bénéfices provenant de l'activité des Petits & Moyens Entreprises de l'assiette soumises à l'impôt sur les sociétés (5 ans),Déduction
LF2024,121604702,is,,غري ّ لملؤسسات الصغرى و املتوسطة من أساس الرضيبة عىل طرح,2020,,False,Déduction de 20% des bénéfices provenant de l'activité des Petits & Moyens Entreprises de l'assiette soumises à l'impôt sur les sociétés (5 ans),Déduction
LF2024,121605602,is,,منطقة مينائية خمصصة لسياحة العبور من أساس الرضيبة عىل طرح,2022,0.184,True,Déduction des bénéfices provenant des investissements réalisés par les entreprises qui gèrent une zone portuaire réservée au tourisme de croisière de l'assiette soumises à l'impôt sur les sociétés (20 ans),Déduction
LF2024,121605602,is,,منطقة مينائية خمصصة لسياحة العبور من أساس الرضيبة عىل طرح,2021,0.403,True,Déduction des bénéfices provenant des investissements réalisés par les entreprises qui gèrent une zone portuaire réservée au tourisme de croisière de l'assiette soumises à l'impôt sur les sociétés (20 ans),Déduction
LF2024,121605602,is,,منطقة مينائية خمصصة لسياحة العبور من أساس الرضيبة عىل طرح,2020,0.276,True,Déduction des bénéfices provenant des investissements réalisés par les entreprises qui gèrent une zone portuaire réservée au tourisme de croisière de l'assiette soumises à l'impôt sur les sociétés (20 ans),Déduction
LF2024,123000201,is,,غري ّ بنوك االستمثار من الرضيبة عىل الرشاكت إعفاء,2022,,False,Exonération des banques d'investissement de l'impôt sur les sociétés,Exonération
LF2024,123000201,is,,غري ّ بنوك االستمثار من الرضيبة عىل الرشاكت إعفاء,2021,,False,Exonération des banques d'investissement de l'impôt sur les sociétés,Exonération
LF2024,123000201,is,,غري ّ بنوك االستمثار من الرضيبة عىل الرشاكت إعفاء,2020,,False,Exonération des banques d'investissement de l'impôt sur les sociétés,Exonération
LF2024,123000411,is,,غري ّ اإلعفاء,2022,,False,Exonération des bénéfices provenant des ventes de déchets pour recyclage,Exonération
LF2024,123000411,is,,غري ّ اإلعفاء,2021,,False,Exonération des bénéfices provenant des ventes de déchets pour recyclage,Exonération
LF2024,123000411,is,,غري ّ اإلعفاء,2020,,False,Exonération des bénéfices provenant des ventes de déchets pour recyclage,Exonération
LF2024,123001605,is,,اإلعفاء,2022,0.0,True,,
LF2024,123001605,is,,اإلعفاء,2021,0.0,True,,
LF2024,123001605,is,,اإلعفاء,2020,0.002,True,,
LF2024,123001606,is,,غري ّ املؤسسات الناشئة من الرضيبة عىل الرشاكت اإلعفاء,2022,,False,,
LF2024,123001606,is,,غري ّ املؤسسات الناشئة من الرضيبة عىل الرشاكت اإلعفاء,2021,,False,,
LF2024,123001606,is,,غري ّ املؤسسات الناشئة من الرضيبة عىل الرشاكت اإلعفاء,2020,,False,,
LF2024,123104601,is,,غري ّ احملاصيل الفالحية و الصيد البحري يف نطاق أسواق امجللة من اإلعفاء,2022,,False,Exonération des coopératives de services dont l'activité concourt à la commercialisation des produits agricoles ou de pêche et opérant dans l'enceinte des marchés de gros de l'impôt sur les sociétés,Exonération
LF2024,123104601,is,,غري ّ احملاصيل الفالحية و الصيد البحري يف نطاق أسواق امجللة من اإلعفاء,2021,,False,Exonération des coopératives de services dont l'activité concourt à la commercialisation des produits agricoles ou de pêche et opérant dans l'enceinte des marchés de gros de l'impôt sur les sociétés,Exonération
LF2024,123104601,is,,غري ّ احملاصيل الفالحية و الصيد البحري يف نطاق أسواق امجللة من اإلعفاء,2020,,False,Exonération des coopératives de services dont l'activité concourt à la commercialisation des produits agricoles ou de pêche et opérant dans l'enceinte des marchés de gros de l'impôt sur les sociétés,Exonération
LF2024,123104602,is,,غري ّ الرشاكت التعاونية للخدمات الفالحية من الرضيبة عىل الرشاكت اإلعفاء,2022,,False,Exonération des sociétés mutuelles de services agricoles de l'impôt sur les sociétés,Exonération
LF2024,123104602,is,,غري ّ الرشاكت التعاونية للخدمات الفالحية من الرضيبة عىل الرشاكت اإلعفاء,2021,,False,Exonération des sociétés mutuelles de services agricoles de l'impôt sur les sociétés,Exonération
LF2024,123104602,is,,غري ّ الرشاكت التعاونية للخدمات الفالحية من الرضيبة عىل الرشاكت اإلعفاء,2020,,False,Exonération des sociétés mutuelles de services agricoles de l'impôt sur les sociétés,Exonération
LF2024,123104603,is,,غري ّ التعاضديات العاملية لإلنتاج من الرضيبة عىل الرشاكت اإلعفاء,2022,,False,Exonération des coopératives ouvrières de production de l'impôt sur les sociétés,Exonération
LF2024,123104603,is,,غري ّ التعاضديات العاملية لإلنتاج من الرضيبة عىل الرشاكت اإلعفاء,2021,,False,Exonération des coopératives ouvrières de production de l'impôt sur les sociétés,Exonération
LF2024,123104603,is,,غري ّ التعاضديات العاملية لإلنتاج من الرضيبة عىل الرشاكت اإلعفاء,2020,,False,Exonération des coopératives ouvrières de production de l'impôt sur les sociétés,Exonération
LF2024,123104604,is,,غري ّ اإلعفاء,2022,,False,Exonération des sociétés d'investissement à capital variable de l'impôt sur les sociétés,Exonération
LF2024,123104604,is,,غري ّ اإلعفاء,2021,,False,Exonération des sociétés d'investissement à capital variable de l'impôt sur les sociétés,Exonération
LF2024,123104604,is,,غري ّ اإلعفاء,2020,,False,Exonération des sociétés d'investissement à capital variable de l'impôt sur les sociétés,Exonération
LF2024,123605102,is,,غري ّ اإلعفاء,2022,,False,Exonération de l’impôt sur les sociétés au titre des bénéfices provenant de la réalisation de zones industrielles (5 ans),Exonération
LF2024,123605102,is,,غري ّ اإلعفاء,2021,,False,Exonération de l’impôt sur les sociétés au titre des bénéfices provenant de la réalisation de zones industrielles (5 ans),Exonération
LF2024,123605102,is,,غري ّ اإلعفاء,2020,,False,Exonération de l’impôt sur les sociétés au titre des bénéfices provenant de la réalisation de zones industrielles (5 ans),Exonération
LF2024,123605202,is,,أمهية خاصة لإلقتصاد الوطين أو لملناطق احلدودية املنجزة ( اإلعفاء,2022,0.0,True,Exonération des bénéfices au titre des investissements réalisés dans les activités prometteuses et ayant un taux d'intégration élevé (5 ans),Exonération
LF2024,123605202,is,,أمهية خاصة لإلقتصاد الوطين أو لملناطق احلدودية املنجزة ( اإلعفاء,2021,0.0,True,Exonération des bénéfices au titre des investissements réalisés dans les activités prometteuses et ayant un taux d'intégration élevé (5 ans),Exonération
LF2024,123605202,is,,أمهية خاصة لإلقتصاد الوطين أو لملناطق احلدودية املنجزة ( اإلعفاء,2020,0.0,True,Exonération des bénéfices au titre des investissements réalisés dans les activités prometteuses et ayant un taux d'intégration élevé (5 ans),Exonération
LF2024,212001301,douanes,,التخفيض,2022,2.231,True,Réduction des droits de douane dus à l'importation des animaux reproducteurs de race pure,Réduction
LF2024,212001301,douanes,,التخفيض,2021,1.212,True,Réduction des droits de douane dus à l'importation des animaux reproducteurs de race pure,Réduction
LF2024,212001301,douanes,,التخفيض,2020,2.155,True,Réduction des droits de douane dus à l'importation des animaux reproducteurs de race pure,Réduction
LF2024,212001302,douanes,,التخفيض,2022,4.894,True,Réduction des droits de douane dus à l'importation des Poussins des Oiseaux (n’excédant pas 185 g) et Œufs fertilisés destinés à l’incubation,Réduction
LF2024,212001302,douanes,,التخفيض,2021,4.7,True,Réduction des droits de douane dus à l'importation des Poussins des Oiseaux (n’excédant pas 185 g) et Œufs fertilisés destinés à l’incubation,Réduction
LF2024,212001302,douanes,,التخفيض,2020,4.313,True,Réduction des droits de douane dus à l'importation des Poussins des Oiseaux (n’excédant pas 185 g) et Œufs fertilisés destinés à l’incubation,Réduction
LF2024,212001303,douanes,,التخفيض,2022,6.469,True,Réduction des droits de douane dus à l'importation des viandes rouges destinés à la consommation,Réduction
LF2024,212001303,douanes,,التخفيض,2021,0.474,True,Réduction des droits de douane dus à l'importation des viandes rouges destinés à la consommation,Réduction
LF2024,212001303,douanes,,التخفيض,2020,4.839,True,Réduction des droits de douane dus à l'importation des viandes rouges destinés à la consommation,Réduction
LF2024,212001304,douanes,,التخفيض,2022,17.068,True,Réduction des droits de douane dus à l'importation des Aliments destinés aux aquacultures,Réduction
LF2024,212001304,douanes,,التخفيض,2021,14.549,True,Réduction des droits de douane dus à l'importation des Aliments destinés aux aquacultures,Réduction
LF2024,212001304,douanes,,التخفيض,2020,12.143,True,Réduction des droits de douane dus à l'importation des Aliments destinés aux aquacultures,Réduction
LF2024,212001305,douanes,,النباتات و األصول و اجلذور و الطعوم من األنواع املستعملة التخفيض,2022,1.829,True,"Réduction des droits de douane dus à l'importation des plants, plantes, boutures, racines et greffons des types destinés à la plantation dans les exploitations agricoles",Réduction
LF2024,212001305,douanes,,النباتات و األصول و اجلذور و الطعوم من األنواع املستعملة التخفيض,2021,2.159,True,"Réduction des droits de douane dus à l'importation des plants, plantes, boutures, racines et greffons des types destinés à la plantation dans les exploitations agricoles",Réduction
LF2024,212001305,douanes,,النباتات و األصول و اجلذور و الطعوم من األنواع املستعملة التخفيض,2020,2.391,True,"Réduction des droits de douane dus à l'importation des plants, plantes, boutures, racines et greffons des types destinés à la plantation dans les exploitations agricoles",Réduction
LF2024,212001306,douanes,,التخفيض,2022,0.0,True,Réduction des droits de douane dus à l'importation des légumes destinés à la consommation,Réduction
LF2024,212001306,douanes,,التخفيض,2021,0.0,True,Réduction des droits de douane dus à l'importation des légumes destinés à la consommation,Réduction
LF2024,212001306,douanes,,التخفيض,2020,0.0,True,Réduction des droits de douane dus à l'importation des légumes destinés à la consommation,Réduction
LF2024,212001307,douanes,,التخفيض,2022,25.12,True,Réduction des droits de douane dus à l'importation des racines et des Semences,Réduction
LF2024,212001307,douanes,,التخفيض,2021,12.138,True,Réduction des droits de douane dus à l'importation des racines et des Semences,Réduction
LF2024,212001307,douanes,,التخفيض,2020,17.981,True,Réduction des droits de douane dus à l'importation des racines et des Semences,Réduction
LF2024,212001309,douanes,,التخفيض,2022,86.477,True,Réduction des droits de douane dus à l'importation des Huiles végétales brutes,Réduction
LF2024,212001309,douanes,,التخفيض,2021,48.973,True,Réduction des droits de douane dus à l'importation des Huiles végétales brutes,Réduction
LF2024,212001309,douanes,,التخفيض,2020,26.642,True,Réduction des droits de douane dus à l'importation des Huiles végétales brutes,Réduction
LF2024,212001310,douanes,,التخفيض,2022,0.06,True,Réduction des droits de douane dus à l'importation des Huiles végétales raffinées,Réduction
LF2024,212001310,douanes,,التخفيض,2021,0.049,True,Réduction des droits de douane dus à l'importation des Huiles végétales raffinées,Réduction
LF2024,212001310,douanes,,التخفيض,2020,0.0,True,Réduction des droits de douane dus à l'importation des Huiles végétales raffinées,Réduction
LF2024,212001311,douanes,,واحملرضات الغذائية املوجهة لإلستعامالت الطبية التخفيض,2022,16.549,True,Réduction des droits de douane dus à l'importation des Produits et préparations alimentaires destinés à l'utilisation le domaine médicale,Réduction
LF2024,212001311,douanes,,واحملرضات الغذائية املوجهة لإلستعامالت الطبية التخفيض,2021,8.874,True,Réduction des droits de douane dus à l'importation des Produits et préparations alimentaires destinés à l'utilisation le domaine médicale,Réduction
LF2024,212001311,douanes,,واحملرضات الغذائية املوجهة لإلستعامالت الطبية التخفيض,2020,14.472,True,Réduction des droits de douane dus à l'importation des Produits et préparations alimentaires destinés à l'utilisation le domaine médicale,Réduction
LF2024,212001312,douanes,,و التجهزيات و املواد و احملرضات الغذائية املوجهة التخفيض,2022,0.0,True,"Réduction des droits de douane dus à l'importation des matériels, équipements et produits et préparations alimentaires destinés à l'utilisation dans le domaine de la recherche scientifique",Réduction
LF2024,212001312,douanes,,و التجهزيات و املواد و احملرضات الغذائية املوجهة التخفيض,2021,0.0,True,"Réduction des droits de douane dus à l'importation des matériels, équipements et produits et préparations alimentaires destinés à l'utilisation dans le domaine de la recherche scientifique",Réduction
LF2024,212001312,douanes,,و التجهزيات و املواد و احملرضات الغذائية املوجهة التخفيض,2020,0.0,True,"Réduction des droits de douane dus à l'importation des matériels, équipements et produits et préparations alimentaires destinés à l'utilisation dans le domaine de la recherche scientifique",Réduction
LF2024,212001313,douanes,,التخفيض,2022,2.173,True,Réduction des droits de douane dus à l'importation des produits et matériels destinés à l'utilisation dans l'agriculture et la pêche,Réduction
LF2024,212001313,douanes,,التخفيض,2021,1.736,True,Réduction des droits de douane dus à l'importation des produits et matériels destinés à l'utilisation dans l'agriculture et la pêche,Réduction
LF2024,212001313,douanes,,التخفيض,2020,0.0,True,Réduction des droits de douane dus à l'importation des produits et matériels destinés à l'utilisation dans l'agriculture et la pêche,Réduction
LF2024,212001314,douanes,,التخفيض,2022,1.901,True,Réduction des droits de douane dus à l'importation des produits alimentaires de consommation,Réduction
LF2024,212001314,douanes,,التخفيض,2021,0.719,True,Réduction des droits de douane dus à l'importation des produits alimentaires de consommation,Réduction
LF2024,212001314,douanes,,التخفيض,2020,1.811,True,Réduction des droits de douane dus à l'importation des produits alimentaires de consommation,Réduction
LF2024,212001315,douanes,,التخفيض,2022,4.17,True,"Réduction des droits de douane dus à l'importation des équipements, outils destinés à être utilisés dans le domaine médical",Réduction
LF2024,212001315,douanes,,التخفيض,2021,1.772,True,"Réduction des droits de douane dus à l'importation des équipements, outils destinés à être utilisés dans le domaine médical",Réduction
LF2024,212001315,douanes,,التخفيض,2020,0.471,True,"Réduction des droits de douane dus à l'importation des équipements, outils destinés à être utilisés dans le domaine médical",Réduction
LF2024,212001316,douanes,,التخفيض,2022,0.696,True,Réduction des droits de douane dus à l'importation des médicaments et des produits paramédicaux,Réduction
LF2024,212001316,douanes,,التخفيض,2021,0.537,True,Réduction des droits de douane dus à l'importation des médicaments et des produits paramédicaux,Réduction
LF2024,212001316,douanes,,التخفيض,2020,0.0,True,Réduction des droits de douane dus à l'importation des médicaments et des produits paramédicaux,Réduction
LF2024,212001317,douanes,,التخفيض,2022,0.0,True,Réduction des droits de douane dus à l'importation des produits divers,Réduction
LF2024,212001317,douanes,,التخفيض,2021,1.911,True,Réduction des droits de douane dus à l'importation des produits divers,Réduction
LF2024,212001317,douanes,,التخفيض,2020,1.781,True,Réduction des droits de douane dus à l'importation des produits divers,Réduction
LF2024,212001335,douanes,,توقيف العمل مجعيات مساعدة األطفال املصابني مبرض كزرودرم بقمنتوزم,2022,0.0,True,Réduction des droits de douane dus à l'importation des produits par les associations d'aide aux enfants atteints de xérodermie pigmentosum,Suspension
LF2024,212001335,douanes,,توقيف العمل مجعيات مساعدة األطفال املصابني مبرض كزرودرم بقمنتوزم,2021,0.0,True,Réduction des droits de douane dus à l'importation des produits par les associations d'aide aux enfants atteints de xérodermie pigmentosum,Suspension
LF2024,212001335,douanes,,توقيف العمل مجعيات مساعدة األطفال املصابني مبرض كزرودرم بقمنتوزم,2020,0.0,True,Réduction des droits de douane dus à l'importation des produits par les associations d'aide aux enfants atteints de xérodermie pigmentosum,Suspension
LF2024,212001337,douanes,,توقيف العمل,2022,0.0,True,Réduction des droits de douane dus à l'importation des chaises roulantes spécialement aménagées à l’usage des handicapés physiques (87.03),Suspension
LF2024,212001337,douanes,,توقيف العمل,2021,0.0,True,Réduction des droits de douane dus à l'importation des chaises roulantes spécialement aménagées à l’usage des handicapés physiques (87.03),Suspension
LF2024,212001337,douanes,,توقيف العمل,2020,0.0,True,Réduction des droits de douane dus à l'importation des chaises roulantes spécialement aménagées à l’usage des handicapés physiques (87.03),Suspension
LF2024,212001339,douanes,,التخفيض,2022,0.0,True,Réduction des droits de douane dus à l'importation des poussettes destinées au transport des enfants qui souffrent d’une insuffisance motrice d’origine cérébrale,Réduction
LF2024,212001339,douanes,,التخفيض,2021,0.0,True,Réduction des droits de douane dus à l'importation des poussettes destinées au transport des enfants qui souffrent d’une insuffisance motrice d’origine cérébrale,Réduction
LF2024,212001339,douanes,,التخفيض,2020,0.0,True,Réduction des droits de douane dus à l'importation des poussettes destinées au transport des enfants qui souffrent d’une insuffisance motrice d’origine cérébrale,Réduction
LF2024,212001341,douanes,,توقيف العمل,2022,0.0,True,Réduction des droits de douane dus à l'importation des minibus destinés au transport des patients souffrant d'une insuffisance rénale (87.02),Suspension
LF2024,212001341,douanes,,توقيف العمل,2021,0.0,True,Réduction des droits de douane dus à l'importation des minibus destinés au transport des patients souffrant d'une insuffisance rénale (87.02),Suspension
LF2024,212001341,douanes,,توقيف العمل,2020,0.0,True,Réduction des droits de douane dus à l'importation des minibus destinés au transport des patients souffrant d'une insuffisance rénale (87.02),Suspension
LF2024,212570201,douanes,,املواد األولية و املواد نصف املصنعة الالزمة لتجشيع الصناعة التخفيض,2022,17.625,True,,
LF2024,212570201,douanes,,املواد األولية و املواد نصف املصنعة الالزمة لتجشيع الصناعة التخفيض,2021,11.344,True,,
LF2024,212570201,douanes,,املواد األولية و املواد نصف املصنعة الالزمة لتجشيع الصناعة التخفيض,2020,13.666,True,,
LF2024,212570302,douanes,,توقيف العمل,2022,0.0,True,,
LF2024,212570302,douanes,,توقيف العمل,2021,0.0,True,,
LF2024,212570302,douanes,,توقيف العمل,2020,0.0,True,,
LF2024,212570401,douanes,,التخفيض,2022,0.0,True,,
LF2024,212570401,douanes,,التخفيض,2021,0.055,True,,
LF2024,212570401,douanes,,التخفيض,2020,0.034,True,,
LF2024,212570701,douanes,,التخفيض,2022,0.184,True,,
LF2024,212570701,douanes,,التخفيض,2021,0.137,True,,
LF2024,212570701,douanes,,التخفيض,2020,0.27,True,,
LF2024,212570901,douanes,,توقيف العمل,2022,0.0,True,,
LF2024,212570901,douanes,,توقيف العمل,2021,0.0,True,,
LF2024,212570901,douanes,,توقيف العمل,2020,0.0,True,,
LF2024,213571101,douanes,,للنقل العمويم اجلوي و كذلك مجيع األجهزة املعدة لإلدماج اإلعفاء,2022,2.987,True,,
LF2024,213571101,douanes,,للنقل العمويم اجلوي و كذلك مجيع األجهزة املعدة لإلدماج اإلعفاء,2021,2.047,True,,
LF2024,213571101,douanes,,للنقل العمويم اجلوي و كذلك مجيع األجهزة املعدة لإلدماج اإلعفاء,2020,2.536,True,,
LF2024,212571201,douanes,,توقيف العمل,2022,0.0,True,,
LF2024,212571201,douanes,,توقيف العمل,2021,0.0,True,,
LF2024,212571201,douanes,,توقيف العمل,2020,0.0,True,,
LF2024,212571301,douanes,,توقيف العمل األنبات ،ومنمظات منّو النباتات واملطهرات واملنتجات املامثلة,2022,46.106,True,,
LF2024,212571301,douanes,,توقيف العمل األنبات ،ومنمظات منّو النباتات واملطهرات واملنتجات املامثلة,2021,41.064,True,,
LF2024,212571301,douanes,,توقيف العمل األنبات ،ومنمظات منّو النباتات واملطهرات واملنتجات املامثلة,2020,38.115,True,,
LF2024,212571401,douanes,,توقيف العمل,2022,2.283,True,,
LF2024,212571401,douanes,,توقيف العمل,2021,1.331,True,,
LF2024,212571401,douanes,,توقيف العمل,2020,0.888,True,,
LF2024,213571501,douanes,,ومجع ومعاجلة الفضالت وتعبيد الطرقات واحملافظة عىل اإلعفاء,2022,0.579,True,,
LF2024,213571501,douanes,,ومجع ومعاجلة الفضالت وتعبيد الطرقات واحملافظة عىل اإلعفاء,2021,1.159,True,,
LF2024,213571501,douanes,,ومجع ومعاجلة الفضالت وتعبيد الطرقات واحملافظة عىل اإلعفاء,2020,0.228,True,,
LF2024,212571601,douanes,,توقيف العمل,2022,0.0,True,,
LF2024,212571601,douanes,,توقيف العمل,2021,0.0,True,,
LF2024,212571601,douanes,,توقيف العمل,2020,0.0,True,,
LF2024,212572801,douanes,,التخفيض,2022,0.0,True,,
LF2024,212572801,douanes,,التخفيض,2021,0.0,True,,
LF2024,212572801,douanes,,التخفيض,2020,0.0,True,,
LF2024,213000101,douanes,,املوردة إلجناز مشاريع أو املسامهة فهيا من قبل التونسيني اإلعفاء,2022,2.236,True,Exonération des droits de douane dus à l'importation des équipements et matériels par des Tunisiens résidents à l'étranger dans le cadre de réalisation de projets ou de participation à des projets,Exonération
LF2024,213000101,douanes,,املوردة إلجناز مشاريع أو املسامهة فهيا من قبل التونسيني اإلعفاء,2021,1.751,True,Exonération des droits de douane dus à l'importation des équipements et matériels par des Tunisiens résidents à l'étranger dans le cadre de réalisation de projets ou de participation à des projets,Exonération
LF2024,213000101,douanes,,املوردة إلجناز مشاريع أو املسامهة فهيا من قبل التونسيني اإلعفاء,2020,1.07,True,Exonération des droits de douane dus à l'importation des équipements et matériels par des Tunisiens résidents à l'étranger dans le cadre de réalisation de projets ou de participation à des projets,Exonération
LF2024,212000101,douanes,,إلجناز مشاريع او املسامهة فهيا من قبل التونسيني املقميني التخفيض,2022,42.207,True,,
LF2024,212000101,douanes,,إلجناز مشاريع او املسامهة فهيا من قبل التونسيني املقميني التخفيض,2021,60.745,True,,
LF2024,212000101,douanes,,إلجناز مشاريع او املسامهة فهيا من قبل التونسيني املقميني التخفيض,2020,34.487,True,,
LF2024,213000405,douanes,,الخشصية من قبل املنتدبني و املستمثرين األجانب املنتصبني اإلعفاء,2022,0.006,True,Exonération des droits de douane dus à l'importation des effets personnels par le personnel étranger recruté ou les investisseurs étrangers chargés de la gérance d'une entreprise implantée dans les parcs d'activités économiques,Exonération
LF2024,213000405,douanes,,الخشصية من قبل املنتدبني و املستمثرين األجانب املنتصبني اإلعفاء,2021,0.322,True,Exonération des droits de douane dus à l'importation des effets personnels par le personnel étranger recruté ou les investisseurs étrangers chargés de la gérance d'une entreprise implantée dans les parcs d'activités économiques,Exonération
LF2024,213000405,douanes,,الخشصية من قبل املنتدبني و املستمثرين األجانب املنتصبني اإلعفاء,2020,2.745,True,Exonération des droits de douane dus à l'importation des effets personnels par le personnel étranger recruté ou les investisseurs étrangers chargés de la gérance d'une entreprise implantée dans les parcs d'activités économiques,Exonération
LF2024,213000605,douanes,,اإلعفاء,2022,0.0,True,Exonération des droits de douane dus à l'importation des effets personnels par le personnel étranger recruté ou les investisseurs étrangers chargés des établissements de santé prêtant la totalité de leurs services au profit des non résidents,Exonération
LF2024,213000605,douanes,,اإلعفاء,2021,0.0,True,Exonération des droits de douane dus à l'importation des effets personnels par le personnel étranger recruté ou les investisseurs étrangers chargés des établissements de santé prêtant la totalité de leurs services au profit des non résidents,Exonération
LF2024,213000605,douanes,,اإلعفاء,2020,0.0,True,Exonération des droits de douane dus à l'importation des effets personnels par le personnel étranger recruté ou les investisseurs étrangers chargés des établissements de santé prêtant la totalité de leurs services au profit des non résidents,Exonération
LF2024,213001002,douanes,,الالزمة لنشاط املؤسسات املالية املسدية اكمل خدماهتا لفائدة اإلعفاء,2022,0.001,True,Exonération des droits de douane dus à l'importation des matériels et équipement nécessaires à l'activité des prestataires des services financiers aux non résidents,Exonération
LF2024,213001002,douanes,,الالزمة لنشاط املؤسسات املالية املسدية اكمل خدماهتا لفائدة اإلعفاء,2021,0.0,True,Exonération des droits de douane dus à l'importation des matériels et équipement nécessaires à l'activité des prestataires des services financiers aux non résidents,Exonération
LF2024,213001002,douanes,,الالزمة لنشاط املؤسسات املالية املسدية اكمل خدماهتا لفائدة اإلعفاء,2020,0.0,True,Exonération des droits de douane dus à l'importation des matériels et équipement nécessaires à l'activité des prestataires des services financiers aux non résidents,Exonération
LF2024,213001004,douanes,,الخشصية من قبل املنتدبني و املستمثرين األجانب يف اإلعفاء,2022,0.0,True,Exonération des droits de douane dus à l'importation des effets personnels par le personnel étranger recruté ou les investisseurs étrangers travaillant dans des institutions de prestataires des services financiers aux non- résidents,Exonération
LF2024,213001004,douanes,,الخشصية من قبل املنتدبني و املستمثرين األجانب يف اإلعفاء,2021,0.0,True,Exonération des droits de douane dus à l'importation des effets personnels par le personnel étranger recruté ou les investisseurs étrangers travaillant dans des institutions de prestataires des services financiers aux non- résidents,Exonération
LF2024,213001004,douanes,,الخشصية من قبل املنتدبني و املستمثرين األجانب يف اإلعفاء,2020,0.0,True,Exonération des droits de douane dus à l'importation des effets personnels par le personnel étranger recruté ou les investisseurs étrangers travaillant dans des institutions de prestataires des services financiers aux non- résidents,Exonération
LF2024,213427201,douanes,,اإلعفاء,2022,0.0,True,,
LF2024,213427201,douanes,,اإلعفاء,2021,0.0,True,,
LF2024,213427201,douanes,,اإلعفاء,2020,0.0,True,,
LF2024,213427206,douanes,,اإلعفاء,2022,0.0,True,,
LF2024,213427206,douanes,,اإلعفاء,2021,0.003,True,,
LF2024,213427206,douanes,,اإلعفاء,2020,0.003,True,,
LF2024,213427209,douanes,,اإلعفاء,2022,0.0,True,,
LF2024,213427209,douanes,,اإلعفاء,2021,0.0,True,,
LF2024,213427209,douanes,,اإلعفاء,2020,0.0,True,,
LF2024,213427211,douanes,,اإلعفاء,2022,0.733,True,,
LF2024,213427211,douanes,,اإلعفاء,2021,0.0,True,,
LF2024,213427211,douanes,,اإلعفاء,2020,0.0,True,,
LF2024,213427213,douanes,,اإلعفاء,2022,100.295,True,,
LF2024,213427213,douanes,,اإلعفاء,2021,32.24,True,,
LF2024,213427213,douanes,,اإلعفاء,2020,15.582,True,,
LF2024,213427216,douanes,,اإلعفاء,2022,0.0,True,,
LF2024,213427216,douanes,,اإلعفاء,2021,0.04,True,,
LF2024,213427216,douanes,,اإلعفاء,2020,0.007,True,,
LF2024,213427218,douanes,,اإلعفاء,2022,3.207,True,,
LF2024,213427218,douanes,,اإلعفاء,2021,1.827,True,,
LF2024,213427218,douanes,,اإلعفاء,2020,0.865,True,,
LF2024,213427220,douanes,,اإلعفاء,2022,26.144,True,,
LF2024,213427220,douanes,,اإلعفاء,2021,27.516,True,,
LF2024,213427220,douanes,,اإلعفاء,2020,16.493,True,,
LF2024,213571701,douanes,,اإلعفاء,2022,46.106,True,,
LF2024,213571701,douanes,,اإلعفاء,2021,41.064,True,,
LF2024,213571701,douanes,,اإلعفاء,2020,38.115,True,,
LF2024,213571801,douanes,,اإلعفاء,2022,0.0,True,,
LF2024,213571801,douanes,,اإلعفاء,2021,0.0,True,,
LF2024,213571801,douanes,,اإلعفاء,2020,0.216,True,,
LF2024,213570301,douanes,,اإلعفاء,2022,2.16,True,,
LF2024,213570301,douanes,,اإلعفاء,2021,2.675,True,,
LF2024,213570301,douanes,,اإلعفاء,2020,12.254,True,,
LF2024,213570303,douanes,,لقطاع النقل اجلوي و البحري و الدويل للبضائع عرب الطرقات اإلعفاء,2022,5.104,True,,
LF2024,213570303,douanes,,لقطاع النقل اجلوي و البحري و الدويل للبضائع عرب الطرقات اإلعفاء,2021,2.919,True,,
LF2024,213570303,douanes,,لقطاع النقل اجلوي و البحري و الدويل للبضائع عرب الطرقات اإلعفاء,2020,4.355,True,,
LF2024,213570304,douanes,,اإلعفاء,2022,0.008,True,,
LF2024,213570304,douanes,,اإلعفاء,2021,0.0,True,,
LF2024,213570304,douanes,,اإلعفاء,2020,0.0,True,,
LF2024,213570305,douanes,,اإلعفاء,2022,0.929,True,,
LF2024,213570305,douanes,,اإلعفاء,2021,0.816,True,,
LF2024,213570305,douanes,,اإلعفاء,2020,0.192,True,,
LF2024,213570306,douanes,,لقطاع العناية بالطفولة و رعاية املسنني و التنشيط الشبايب و اإلعفاء,2022,2.45,True,,
LF2024,213570306,douanes,,لقطاع العناية بالطفولة و رعاية املسنني و التنشيط الشبايب و اإلعفاء,2021,1.784,True,,
LF2024,213570306,douanes,,لقطاع العناية بالطفولة و رعاية املسنني و التنشيط الشبايب و اإلعفاء,2020,2.296,True,,
LF2024,213570307,douanes,,اإلعفاء,2022,5.372,True,,
LF2024,213570307,douanes,,اإلعفاء,2021,5.372,True,,
LF2024,213570307,douanes,,اإلعفاء,2020,2.056,True,,
LF2024,213570308,douanes,,اإلعفاء,2022,0.72,True,,
LF2024,213570308,douanes,,اإلعفاء,2021,0.673,True,,
LF2024,213570308,douanes,,اإلعفاء,2020,3.81,True,,
LF2024,213570309,douanes,,الالزمة لملؤسسات املختصة يف مقاومة التلوث واحملافظة اإلعفاء,2022,0.04,True,,
LF2024,213570309,douanes,,الالزمة لملؤسسات املختصة يف مقاومة التلوث واحملافظة اإلعفاء,2021,0.041,True,,
LF2024,213570309,douanes,,الالزمة لملؤسسات املختصة يف مقاومة التلوث واحملافظة اإلعفاء,2020,0.047,True,,
LF2024,213570501,douanes,,والتجهزيات املستعملة يف القطاع القاليح و الصيد البحري اإلعفاء,2022,5.618,True,,
LF2024,213570501,douanes,,والتجهزيات املستعملة يف القطاع القاليح و الصيد البحري اإلعفاء,2021,4.813,True,,
LF2024,213570501,douanes,,والتجهزيات املستعملة يف القطاع القاليح و الصيد البحري اإلعفاء,2020,4.981,True,,
LF2024,213570601,douanes,,اإلعفاء,2022,8.423,True,,
LF2024,213570601,douanes,,اإلعفاء,2021,6.67,True,,
LF2024,213570601,douanes,,اإلعفاء,2020,8.204,True,,
LF2024,213570801,douanes,,واملعدات و املنتجات الالزمة للثقافة و الرياضة و التنشيط اإلعفاء,2022,4.551,True,,
LF2024,213570801,douanes,,واملعدات و املنتجات الالزمة للثقافة و الرياضة و التنشيط اإلعفاء,2021,2.862,True,,
LF2024,213570801,douanes,,واملعدات و املنتجات الالزمة للثقافة و الرياضة و التنشيط اإلعفاء,2020,2.613,True,,
LF2024,213472001,douanes,,اإلعفاء,2022,0.0,True,"Exonération des droits de douane dus à l'importation des poches stériles pour la conservation du sang, des dérivés sanguins et de la moelle osseuse",Exonération
LF2024,213472001,douanes,,اإلعفاء,2021,0.0,True,"Exonération des droits de douane dus à l'importation des poches stériles pour la conservation du sang, des dérivés sanguins et de la moelle osseuse",Exonération
LF2024,213472001,douanes,,اإلعفاء,2020,0.0,True,"Exonération des droits de douane dus à l'importation des poches stériles pour la conservation du sang, des dérivés sanguins et de la moelle osseuse",Exonération
LF2024,213472101,douanes,,نصف املصنعة الالزمة لصناعة التجهزيات املستعملة للتحمك اإلعفاء,2022,23.736,True,Exonération des droits de douane dus à l'importation des équipements et des matières premières et des produits semi-finis nécessaires à la fabrication des équipements utilisés dans la maîtrise de l’énergie et dans le domaine des énergies renouvelables,Exonération
LF2024,213472101,douanes,,نصف املصنعة الالزمة لصناعة التجهزيات املستعملة للتحمك اإلعفاء,2021,13.335,True,Exonération des droits de douane dus à l'importation des équipements et des matières premières et des produits semi-finis nécessaires à la fabrication des équipements utilisés dans la maîtrise de l’énergie et dans le domaine des énergies renouvelables,Exonération
LF2024,213472101,douanes,,نصف املصنعة الالزمة لصناعة التجهزيات املستعملة للتحمك اإلعفاء,2020,11.051,True,Exonération des droits de douane dus à l'importation des équipements et des matières premières et des produits semi-finis nécessaires à la fabrication des équipements utilisés dans la maîtrise de l’énergie et dans le domaine des énergies renouvelables,Exonération
LF2024,213472201,douanes,,لصناعة األدوية و املنتوجات الصيدلية التامة الصنع و مواد اإلعفاء,2022,49.575,True,Exonération des droits de douane dus à l'importation des matières premières et articles n’ayant pas de similaires fabriqués localement nécessaires à la fabrication des produits pharmaceutiques et des réactifs,Exonération
LF2024,213472201,douanes,,لصناعة األدوية و املنتوجات الصيدلية التامة الصنع و مواد اإلعفاء,2021,26.603,True,Exonération des droits de douane dus à l'importation des matières premières et articles n’ayant pas de similaires fabriqués localement nécessaires à la fabrication des produits pharmaceutiques et des réactifs,Exonération
LF2024,213472201,douanes,,لصناعة األدوية و املنتوجات الصيدلية التامة الصنع و مواد اإلعفاء,2020,32.087,True,Exonération des droits de douane dus à l'importation des matières premières et articles n’ayant pas de similaires fabriqués localement nécessaires à la fabrication des produits pharmaceutiques et des réactifs,Exonération
LF2024,213572301,douanes,,اإلعفاء,2022,4.326,True,,
LF2024,213572301,douanes,,اإلعفاء,2021,20.053,True,,
LF2024,213572301,douanes,,اإلعفاء,2020,5.135,True,,
LF2024,213572601,douanes,,اإلعفاء,2022,828.043,True,,
LF2024,213572601,douanes,,اإلعفاء,2021,499.261,True,,
LF2024,213572601,douanes,,اإلعفاء,2020,416.063,True,,
LF2024,213572701,douanes,,اإلعفاء,2022,0.135,True,,
LF2024,213572701,douanes,,اإلعفاء,2021,0.119,True,,
LF2024,213572701,douanes,,اإلعفاء,2020,0.034,True,,
LF2024,213572901,douanes,,اإلعفاء,2022,0.055,True,,
LF2024,213572901,douanes,,اإلعفاء,2021,0.019,True,,
LF2024,213572901,douanes,,اإلعفاء,2020,0.023,True,,
LF2024,222000902,tva,,السيارات السياحية ذات أربع خيول و الشعبية من قبل وكالء التخفيض,2022,20.278,True,Réduction du taux de la taxe sur la valeur ajoutée due à l'importation des véhicules de tourisme 4 chevaux et populaire par les concessionnaires automobiles,Réduction
LF2024,222000902,tva,,السيارات السياحية ذات أربع خيول و الشعبية من قبل وكالء التخفيض,2021,27.147,True,Réduction du taux de la taxe sur la valeur ajoutée due à l'importation des véhicules de tourisme 4 chevaux et populaire par les concessionnaires automobiles,Réduction
LF2024,222000902,tva,,السيارات السياحية ذات أربع خيول و الشعبية من قبل وكالء التخفيض,2020,17.171,True,Réduction du taux de la taxe sur la valeur ajoutée due à l'importation des véhicules de tourisme 4 chevaux et populaire par les concessionnaires automobiles,Réduction
LF2024,222001201,tva,,التخفيض,2022,46.825,True,Réduction du taux de la taxe sur la valeur ajoutée à l'importation ou l'acquisition des voitures destinées au transport rural ou utilisées comme « taxi » ou « louage» (87.03),Réduction
LF2024,222001201,tva,,التخفيض,2021,64.91,True,Réduction du taux de la taxe sur la valeur ajoutée à l'importation ou l'acquisition des voitures destinées au transport rural ou utilisées comme « taxi » ou « louage» (87.03),Réduction
LF2024,222001201,tva,,التخفيض,2020,39.526,True,Réduction du taux de la taxe sur la valeur ajoutée à l'importation ou l'acquisition des voitures destinées au transport rural ou utilisées comme « taxi » ou « louage» (87.03),Réduction
LF2024,222001318,tva,,توقيف العمل,2022,4.25,True,Suspension de la taxe sur la valeur ajoutée due à l'importation ou l'acquisition sur le marché local des Poussins des Oiseaux (n’excédant pas 185 g) et Œufs fertilisés destinés à l’incubation,Suspension
LF2024,222001318,tva,,توقيف العمل,2021,5.699,True,Suspension de la taxe sur la valeur ajoutée due à l'importation ou l'acquisition sur le marché local des Poussins des Oiseaux (n’excédant pas 185 g) et Œufs fertilisés destinés à l’incubation,Suspension
LF2024,222001318,tva,,توقيف العمل,2020,6.081,True,Suspension de la taxe sur la valeur ajoutée due à l'importation ou l'acquisition sur le marché local des Poussins des Oiseaux (n’excédant pas 185 g) et Œufs fertilisés destinés à l’incubation,Suspension
LF2024,222001319,tva,,توقيف العمل,2022,0.0,True,Suspension de la taxe sur la valeur ajoutée due à l'importation ou l'acquisition sur le marché local des viandes rouges destinés à la consommation,Suspension
LF2024,222001319,tva,,توقيف العمل,2021,0.0,True,Suspension de la taxe sur la valeur ajoutée due à l'importation ou l'acquisition sur le marché local des viandes rouges destinés à la consommation,Suspension
LF2024,222001319,tva,,توقيف العمل,2020,2.589,True,Suspension de la taxe sur la valeur ajoutée due à l'importation ou l'acquisition sur le marché local des viandes rouges destinés à la consommation,Suspension
LF2024,222001320,tva,,توقيف العمل,2022,50.119,True,Suspension de la taxe sur la valeur ajoutée due à l'importation ou l'acquisition sur le marché local des Aliments destinés aux aquacultures,Suspension
LF2024,222001320,tva,,توقيف العمل,2021,27.46,True,Suspension de la taxe sur la valeur ajoutée due à l'importation ou l'acquisition sur le marché local des Aliments destinés aux aquacultures,Suspension
LF2024,222001320,tva,,توقيف العمل,2020,20.751,True,Suspension de la taxe sur la valeur ajoutée due à l'importation ou l'acquisition sur le marché local des Aliments destinés aux aquacultures,Suspension
LF2024,222001321,tva,,توقيف العمل و النباتات و األصول و اجلذور و الطعوم من االنواع املستعملة,2022,0.144,True,"Suspension de la taxe sur la valeur ajoutée due à l'importation ou l'acquisition sur le marché local des plants, plantes, boutures, racines et greffons des types destinés à la plantation dans",Suspension
LF2024,222001321,tva,,توقيف العمل و النباتات و األصول و اجلذور و الطعوم من االنواع املستعملة,2021,0.159,True,"Suspension de la taxe sur la valeur ajoutée due à l'importation ou l'acquisition sur le marché local des plants, plantes, boutures, racines et greffons des types destinés à la plantation dans",Suspension
LF2024,222001321,tva,,توقيف العمل و النباتات و األصول و اجلذور و الطعوم من االنواع املستعملة,2020,1.813,True,"Suspension de la taxe sur la valeur ajoutée due à l'importation ou l'acquisition sur le marché local des plants, plantes, boutures, racines et greffons des types destinés à la plantation dans",Suspension
LF2024,222001322,tva,,توقيف العمل,2022,0.0,True,Suspension de la taxe sur la valeur ajoutée due à l'importation ou l'acquisition sur le marché local des légumes destinés à la consommation,Suspension
LF2024,222001322,tva,,توقيف العمل,2021,0.903,True,Suspension de la taxe sur la valeur ajoutée due à l'importation ou l'acquisition sur le marché local des légumes destinés à la consommation,Suspension
LF2024,222001322,tva,,توقيف العمل,2020,0.0,True,Suspension de la taxe sur la valeur ajoutée due à l'importation ou l'acquisition sur le marché local des légumes destinés à la consommation,Suspension
LF2024,222001323,tva,,توقيف العمل,2022,0.972,True,Suspension de la taxe sur la valeur ajoutée due à l'importation ou l'acquisition sur le marché local des racines et des Semences,Suspension
LF2024,222001323,tva,,توقيف العمل,2021,1.404,True,Suspension de la taxe sur la valeur ajoutée due à l'importation ou l'acquisition sur le marché local des racines et des Semences,Suspension
LF2024,222001323,tva,,توقيف العمل,2020,14.331,True,Suspension de la taxe sur la valeur ajoutée due à l'importation ou l'acquisition sur le marché local des racines et des Semences,Suspension
LF2024,222001324,tva,,توقيف العمل,2022,0.0,True,Suspension de la taxe sur la valeur ajoutée due à l'importation ou l'acquisition sur le marché local des aliments fourragers,Suspension
LF2024,222001324,tva,,توقيف العمل,2021,0.0,True,Suspension de la taxe sur la valeur ajoutée due à l'importation ou l'acquisition sur le marché local des aliments fourragers,Suspension
LF2024,222001324,tva,,توقيف العمل,2020,0.002,True,Suspension de la taxe sur la valeur ajoutée due à l'importation ou l'acquisition sur le marché local des aliments fourragers,Suspension
LF2024,222001325,tva,,غري ّ توقيف العمل,2022,,False,Suspension de la taxe sur la valeur ajoutée due à l'importation ou l'acquisition sur le marché local des Engrais,Suspension
LF2024,222001325,tva,,غري ّ توقيف العمل,2021,,False,Suspension de la taxe sur la valeur ajoutée due à l'importation ou l'acquisition sur le marché local des Engrais,Suspension
LF2024,222001325,tva,,غري ّ توقيف العمل,2020,,False,Suspension de la taxe sur la valeur ajoutée due à l'importation ou l'acquisition sur le marché local des Engrais,Suspension
LF2024,222001326,tva,,توقيف العمل,2022,70.042,True,Suspension de la taxe sur la valeur ajoutée due à l'importation ou l'acquisition sur le marché local des Huiles végétales brutes,Suspension
LF2024,222001326,tva,,توقيف العمل,2021,36.832,True,Suspension de la taxe sur la valeur ajoutée due à l'importation ou l'acquisition sur le marché local des Huiles végétales brutes,Suspension
LF2024,222001326,tva,,توقيف العمل,2020,21.35,True,Suspension de la taxe sur la valeur ajoutée due à l'importation ou l'acquisition sur le marché local des Huiles végétales brutes,Suspension
LF2024,222001327,tva,,توقيف العمل,2022,0.0,True,Suspension de la taxe sur la valeur ajoutée due à l'importation ou l'acquisition sur le marché local des Huiles végétales raffinées,Suspension
LF2024,222001327,tva,,توقيف العمل,2021,0.0,True,Suspension de la taxe sur la valeur ajoutée due à l'importation ou l'acquisition sur le marché local des Huiles végétales raffinées,Suspension
LF2024,222001327,tva,,توقيف العمل,2020,0.0,True,Suspension de la taxe sur la valeur ajoutée due à l'importation ou l'acquisition sur le marché local des Huiles végétales raffinées,Suspension
LF2024,222001328,tva,,توقيف العمل,2022,0.0,True,Suspension de la taxe sur la valeur ajoutée due à l'importation ou l'acquisition sur le marché local des Produits et préparations alimentaires destinés à l'utilisation dans le domaine médicale,Suspension
LF2024,222001328,tva,,توقيف العمل,2021,0.0,True,Suspension de la taxe sur la valeur ajoutée due à l'importation ou l'acquisition sur le marché local des Produits et préparations alimentaires destinés à l'utilisation dans le domaine médicale,Suspension
LF2024,222001328,tva,,توقيف العمل,2020,0.0,True,Suspension de la taxe sur la valeur ajoutée due à l'importation ou l'acquisition sur le marché local des Produits et préparations alimentaires destinés à l'utilisation dans le domaine médicale,Suspension
LF2024,222001329,tva,,توقيف العمل املعدات و التجهزيات و املواد و احملرضات الغذائية املوجهة,2022,0.0,True,"Suspension de la taxe sur la valeur ajoutée due à l'importation ou l'acquisition sur le marché local des matériels, équipements et",Suspension
LF2024,222001329,tva,,توقيف العمل املعدات و التجهزيات و املواد و احملرضات الغذائية املوجهة,2021,0.0,True,"Suspension de la taxe sur la valeur ajoutée due à l'importation ou l'acquisition sur le marché local des matériels, équipements et",Suspension
LF2024,222001329,tva,,توقيف العمل املعدات و التجهزيات و املواد و احملرضات الغذائية املوجهة,2020,0.0,True,"Suspension de la taxe sur la valeur ajoutée due à l'importation ou l'acquisition sur le marché local des matériels, équipements et",Suspension
LF2024,222201330,tva,,توقيف العمل,2022,3.043,True,,
LF2024,222201330,tva,,توقيف العمل,2021,5.332,True,,
LF2024,222201330,tva,,توقيف العمل,2020,1.144,True,,
LF2024,222001331,tva,,توقيف العمل,2022,523.977,True,Suspension de la taxe sur la valeur ajoutée due à l'importation ou l'acquisition sur le marché local des produits alimentaires de consommation,Suspension
LF2024,222001331,tva,,توقيف العمل,2021,309.596,True,Suspension de la taxe sur la valeur ajoutée due à l'importation ou l'acquisition sur le marché local des produits alimentaires de consommation,Suspension
LF2024,222001331,tva,,توقيف العمل,2020,676.446,True,Suspension de la taxe sur la valeur ajoutée due à l'importation ou l'acquisition sur le marché local des produits alimentaires de consommation,Suspension
LF2024,222001332,tva,,توقيف العمل,2022,0.0,True,"Suspension de la taxe sur la valeur ajoutée due à l'importation ou l'acquisition sur le marché local des équipements, outils destinés à être utilisés dans le domaine médical",Suspension
LF2024,222001332,tva,,توقيف العمل,2021,0.0,True,"Suspension de la taxe sur la valeur ajoutée due à l'importation ou l'acquisition sur le marché local des équipements, outils destinés à être utilisés dans le domaine médical",Suspension
LF2024,222001332,tva,,توقيف العمل,2020,0.0,True,"Suspension de la taxe sur la valeur ajoutée due à l'importation ou l'acquisition sur le marché local des équipements, outils destinés à être utilisés dans le domaine médical",Suspension
LF2024,222001333,tva,,توقيف العمل,2022,0.0,True,Suspension de la taxe sur la valeur ajoutée due à l'importation ou l'acquisition sur le marché local des médicaments et des produits paramédicaux,Suspension
LF2024,222001333,tva,,توقيف العمل,2021,0.0,True,Suspension de la taxe sur la valeur ajoutée due à l'importation ou l'acquisition sur le marché local des médicaments et des produits paramédicaux,Suspension
LF2024,222001333,tva,,توقيف العمل,2020,0.0,True,Suspension de la taxe sur la valeur ajoutée due à l'importation ou l'acquisition sur le marché local des médicaments et des produits paramédicaux,Suspension
LF2024,222001334,tva,,توقيف العمل,2022,0.0,True,Suspension de la taxe sur la valeur ajoutée due à l'importation ou l'acquisition sur le marché local des produits divers,Suspension
LF2024,222001334,tva,,توقيف العمل,2021,0.0,True,Suspension de la taxe sur la valeur ajoutée due à l'importation ou l'acquisition sur le marché local des produits divers,Suspension
LF2024,222001334,tva,,توقيف العمل,2020,0.0,True,Suspension de la taxe sur la valeur ajoutée due à l'importation ou l'acquisition sur le marché local des produits divers,Suspension
LF2024,222001336,tva,,توقيف العمل املنتجات املوجهة مجلعيات مساعدة األطفال املصابني مبرض,2022,0.0,True,Suspension de la taxe sur la valeur ajoutée due à l'importation des produits par les associations d'aide aux enfants atteints de xérodermie pigmentosum,Suspension
LF2024,222001336,tva,,توقيف العمل املنتجات املوجهة مجلعيات مساعدة األطفال املصابني مبرض,2021,0.0,True,Suspension de la taxe sur la valeur ajoutée due à l'importation des produits par les associations d'aide aux enfants atteints de xérodermie pigmentosum,Suspension
LF2024,222001336,tva,,توقيف العمل املنتجات املوجهة مجلعيات مساعدة األطفال املصابني مبرض,2020,0.0,True,Suspension de la taxe sur la valeur ajoutée due à l'importation des produits par les associations d'aide aux enfants atteints de xérodermie pigmentosum,Suspension
LF2024,222001338,tva,,توقيف العمل الكرايس املتحركة املهيأة خصيصا لإلستعامل من قبل,2022,0.0,True,Suspension de la taxe sur la valeur ajoutée due à l'importation des chaises roulantes spécialement aménagées à l’usage des handicapés physiques,Suspension
LF2024,222001338,tva,,توقيف العمل الكرايس املتحركة املهيأة خصيصا لإلستعامل من قبل,2021,0.0,True,Suspension de la taxe sur la valeur ajoutée due à l'importation des chaises roulantes spécialement aménagées à l’usage des handicapés physiques,Suspension
LF2024,222001338,tva,,توقيف العمل الكرايس املتحركة املهيأة خصيصا لإلستعامل من قبل,2020,0.0,True,Suspension de la taxe sur la valeur ajoutée due à l'importation des chaises roulantes spécialement aménagées à l’usage des handicapés physiques,Suspension
LF2024,222001340,tva,,توقيف العمل املعدة لنقل األطفال الذين يشكون من قصور حريك دمايغ أو,2022,0.0,True,Suspension de la taxe sur la valeur ajoutée due à l'importation des poussettes destinées au transport des enfants qui souffrent d’une insuffisance motrice d’origine cérébrale,Suspension
LF2024,222001340,tva,,توقيف العمل املعدة لنقل األطفال الذين يشكون من قصور حريك دمايغ أو,2021,0.0,True,Suspension de la taxe sur la valeur ajoutée due à l'importation des poussettes destinées au transport des enfants qui souffrent d’une insuffisance motrice d’origine cérébrale,Suspension
LF2024,222001340,tva,,توقيف العمل املعدة لنقل األطفال الذين يشكون من قصور حريك دمايغ أو,2020,0.0,True,Suspension de la taxe sur la valeur ajoutée due à l'importation des poussettes destinées au transport des enfants qui souffrent d’une insuffisance motrice d’origine cérébrale,Suspension
LF2024,222001901,tva,,غري مقيّم توقيف العمل,2022,,False,,
LF2024,222001901,tva,,غري مقيّم توقيف العمل,2021,,False,,
LF2024,222001901,tva,,غري مقيّم توقيف العمل,2020,,False,,
LF2024,222200701,tva,,املستوجب عند توريد و بيع املنتجات الصاحلة للفالحة التخفيض,2022,0.063,True,,
LF2024,222200701,tva,,املستوجب عند توريد و بيع املنتجات الصاحلة للفالحة التخفيض,2021,0.294,True,,
LF2024,222200701,tva,,املستوجب عند توريد و بيع املنتجات الصاحلة للفالحة التخفيض,2020,0.84,True,,
LF2024,222200702,tva,,املستوجب عند توريد و بيع الدعامئ املغناطيسية املعدة قرصا التخفيض,2022,0.0,True,,
LF2024,222200702,tva,,املستوجب عند توريد و بيع الدعامئ املغناطيسية املعدة قرصا التخفيض,2021,0.0,True,,
LF2024,222200702,tva,,املستوجب عند توريد و بيع الدعامئ املغناطيسية املعدة قرصا التخفيض,2020,0.043,True,,
LF2024,222200704,tva,,توقيف العمل,2022,0.0,True,,
LF2024,222200704,tva,,توقيف العمل,2021,0.0,True,,
LF2024,222200704,tva,,توقيف العمل,2020,0.0,True,,
LF2024,222200705,tva,,املوظف عند توريد و بيع املنتوجات و املواد املعدة لصناعة التخفيض,2022,0.347,True,,
LF2024,222200705,tva,,املوظف عند توريد و بيع املنتوجات و املواد املعدة لصناعة التخفيض,2021,0.193,True,,
LF2024,222200705,tva,,املوظف عند توريد و بيع املنتوجات و املواد املعدة لصناعة التخفيض,2020,0.113,True,,
LF2024,222200706,tva,,املستوجب عند توريد و بيع اللفائف املعدنية وأغطية علب للف التخفيض,2022,0.0,True,,
LF2024,222200706,tva,,املستوجب عند توريد و بيع اللفائف املعدنية وأغطية علب للف التخفيض,2021,1.597,True,,
LF2024,222200706,tva,,املستوجب عند توريد و بيع اللفائف املعدنية وأغطية علب للف التخفيض,2020,1.309,True,,
LF2024,222200707,tva,,املستوجب عند توريد و بيع الزيوت امحلضية املستعملة يف التخفيض,2022,0.0,True,,
LF2024,222200707,tva,,املستوجب عند توريد و بيع الزيوت امحلضية املستعملة يف التخفيض,2021,0.0,True,,
LF2024,222200707,tva,,املستوجب عند توريد و بيع الزيوت امحلضية املستعملة يف التخفيض,2020,0.0,True,,
LF2024,222200708,tva,,املستوجب عند توريد و بيع املواد االولية املعدة لقطاع التخفيض,2022,0.37,True,,
LF2024,222200708,tva,,املستوجب عند توريد و بيع املواد االولية املعدة لقطاع التخفيض,2021,0.094,True,,
LF2024,222200708,tva,,املستوجب عند توريد و بيع املواد االولية املعدة لقطاع التخفيض,2020,1.055,True,,
LF2024,222200709,tva,,املستوجب عند توريد و بيع الاكغذ املعد آلالت املاكتب معدة التخفيض,2022,0.0,True,,
LF2024,222200709,tva,,املستوجب عند توريد و بيع الاكغذ املعد آلالت املاكتب معدة التخفيض,2021,0.0,True,,
LF2024,222200709,tva,,املستوجب عند توريد و بيع الاكغذ املعد آلالت املاكتب معدة التخفيض,2020,0.0,True,,
LF2024,222200710,tva,,التخفيض,2022,0.0,True,,
LF2024,222200710,tva,,التخفيض,2021,0.001,True,,
LF2024,222200710,tva,,التخفيض,2020,0.004,True,,
LF2024,222200711,tva,,التخفيض,2022,0.0,True,,
LF2024,222200711,tva,,التخفيض,2021,0.0,True,,
LF2024,222200711,tva,,التخفيض,2020,0.0,True,,
LF2024,222200712,tva,,التخفيض,2022,0.0,True,,
LF2024,222200712,tva,,التخفيض,2021,0.0,True,,
LF2024,222200712,tva,,التخفيض,2020,0.0,True,,
LF2024,222200713,tva,,املستوجب عند توريد و بيع معدات التجهزي و قطع الغيار التخفيض,2022,0.0,True,,
LF2024,222200713,tva,,املستوجب عند توريد و بيع معدات التجهزي و قطع الغيار التخفيض,2021,0.0,True,,
LF2024,222200713,tva,,املستوجب عند توريد و بيع معدات التجهزي و قطع الغيار التخفيض,2020,0.0,True,,
LF2024,222200714,tva,,املستوجب عند توريد و بيع امللحقات الغذائية املعدة لصناعة التخفيض,2022,0.0,True,,
LF2024,222200714,tva,,املستوجب عند توريد و بيع امللحقات الغذائية املعدة لصناعة التخفيض,2021,0.0,True,,
LF2024,222200714,tva,,املستوجب عند توريد و بيع امللحقات الغذائية املعدة لصناعة التخفيض,2020,0.0,True,,
LF2024,222200715,tva,,املستوجب عند توريد و بيع المشبوان ومعجون األسنان املوجه التخفيض,2022,0.274,True,,
LF2024,222200715,tva,,املستوجب عند توريد و بيع المشبوان ومعجون األسنان املوجه التخفيض,2021,0.321,True,,
LF2024,222200715,tva,,املستوجب عند توريد و بيع المشبوان ومعجون األسنان املوجه التخفيض,2020,0.192,True,,
LF2024,222200716,tva,,التخفيض,2022,0.0,True,,
LF2024,222200716,tva,,التخفيض,2021,0.0,True,,
LF2024,222200716,tva,,التخفيض,2020,0.0,True,,
LF2024,222200717,tva,,التخفيض,2022,0.0,True,,
LF2024,222200717,tva,,التخفيض,2021,0.0,True,,
LF2024,222200717,tva,,التخفيض,2020,0.0,True,,
LF2024,222200718,tva,,التخفيض,2022,0.0,True,,
LF2024,222200718,tva,,التخفيض,2021,0.0,True,,
LF2024,222200718,tva,,التخفيض,2020,0.0,True,,
LF2024,222200719,tva,,التخفيض,2022,0.0,True,,
LF2024,222200719,tva,,التخفيض,2021,0.0,True,,
LF2024,222200719,tva,,التخفيض,2020,0.0,True,,
LF2024,222200720,tva,,التخفيض,2022,0.0,True,,
LF2024,222200720,tva,,التخفيض,2021,0.0,True,,
LF2024,222200720,tva,,التخفيض,2020,0.0,True,,
LF2024,222200721,tva,,املستوجب عند توريد اآلالت إللتقاط الطاقة المشسية ذات التخفيض,2022,0.0,True,,
LF2024,222200721,tva,,املستوجب عند توريد اآلالت إللتقاط الطاقة المشسية ذات التخفيض,2021,0.0,True,,
LF2024,222200721,tva,,املستوجب عند توريد اآلالت إللتقاط الطاقة المشسية ذات التخفيض,2020,0.0,True,,
LF2024,222200722,tva,,مثيل مصنوع حمليا الصاحلة لتنظيف املدن ومجع ومعاجلة التخفيض,2022,0.388,True,,
LF2024,222200722,tva,,مثيل مصنوع حمليا الصاحلة لتنظيف املدن ومجع ومعاجلة التخفيض,2021,0.869,True,,
LF2024,222200722,tva,,مثيل مصنوع حمليا الصاحلة لتنظيف املدن ومجع ومعاجلة التخفيض,2020,0.161,True,,
LF2024,222200723,tva,,املوظف عند توريد الورق املعد لطباعة املجالت لفائدة التخفيض,2022,0.0,True,,
LF2024,222200723,tva,,املوظف عند توريد الورق املعد لطباعة املجالت لفائدة التخفيض,2021,0.0,True,,
LF2024,222200723,tva,,املوظف عند توريد الورق املعد لطباعة املجالت لفائدة التخفيض,2020,0.0,True,,
LF2024,222200725,tva,,غري ّ الصاحلة لتنظيف املـدن ومجع ومعاجلة الفضالت وتعبيد التخفيض,2022,,False,,
LF2024,222200725,tva,,غري ّ الصاحلة لتنظيف املـدن ومجع ومعاجلة الفضالت وتعبيد التخفيض,2021,,False,,
LF2024,222200725,tva,,غري ّ الصاحلة لتنظيف املـدن ومجع ومعاجلة الفضالت وتعبيد التخفيض,2020,,False,,
LF2024,222200726,tva,,غري ّ املوظف عند بيع التجهزيات اخلاصة بالبحث و إنتاج و التخفيض,2022,,False,,
LF2024,222200726,tva,,غري ّ املوظف عند بيع التجهزيات اخلاصة بالبحث و إنتاج و التخفيض,2021,,False,,
LF2024,222200726,tva,,غري ّ املوظف عند بيع التجهزيات اخلاصة بالبحث و إنتاج و التخفيض,2020,,False,,
LF2024,222300727,tva,,غري ّ املوظفة عىل الكهرباء ذات الضغط املتوسط و الضعيف التخفيض,2022,,False,Réduction du taux de la taxe sur la valeur ajoutée à 7% due au titre des affaires effectuées par les agences de voyages avec les hôteliers et relatives aux séjours en Tunisie de non- résidents,Réduction
LF2024,222300727,tva,,غري ّ املوظفة عىل الكهرباء ذات الضغط املتوسط و الضعيف التخفيض,2021,,False,Réduction du taux de la taxe sur la valeur ajoutée à 7% due au titre des affaires effectuées par les agences de voyages avec les hôteliers et relatives aux séjours en Tunisie de non- résidents,Réduction
LF2024,222300727,tva,,غري ّ املوظفة عىل الكهرباء ذات الضغط املتوسط و الضعيف التخفيض,2020,,False,Réduction du taux de la taxe sur la valeur ajoutée à 7% due au titre des affaires effectuées par les agences de voyages avec les hôteliers et relatives aux séjours en Tunisie de non- résidents,Réduction
LF2024,222300728,tva,,غري ّ املوظف عىل اخلدمات املوجهة إلقامة غري املقميني بالبالد التخفيض,2022,,False,"Réduction du taux de la taxe sur la valeur ajoutée à 7% due aux prestations de services relatifs à l'immatriculation foncière des terres agricoles rendus par les dessinateurs, les géomètres et les topographes",Réduction
LF2024,222300728,tva,,غري ّ املوظف عىل اخلدمات املوجهة إلقامة غري املقميني بالبالد التخفيض,2021,,False,"Réduction du taux de la taxe sur la valeur ajoutée à 7% due aux prestations de services relatifs à l'immatriculation foncière des terres agricoles rendus par les dessinateurs, les géomètres et les topographes",Réduction
LF2024,222300728,tva,,غري ّ املوظف عىل اخلدمات املوجهة إلقامة غري املقميني بالبالد التخفيض,2020,,False,"Réduction du taux de la taxe sur la valeur ajoutée à 7% due aux prestations de services relatifs à l'immatriculation foncière des terres agricoles rendus par les dessinateurs, les géomètres et les topographes",Réduction
LF2024,222300729,tva,,غري ّ التخفيض,2022,,False,Réduction du taux de la taxe sur la valeur ajoutée à 7% due aux prestations de services de radio- télédiffusion rendus par les réseaux publics,Réduction
LF2024,222300729,tva,,غري ّ التخفيض,2021,,False,Réduction du taux de la taxe sur la valeur ajoutée à 7% due aux prestations de services de radio- télédiffusion rendus par les réseaux publics,Réduction
LF2024,222300729,tva,,غري ّ التخفيض,2020,,False,Réduction du taux de la taxe sur la valeur ajoutée à 7% due aux prestations de services de radio- télédiffusion rendus par les réseaux publics,Réduction
LF2024,222300730,tva,,غري ّ املوظف عىل خدمات االرسال االذايع والتلفزي املنجزة من التخفيض,2022,,False,"Réduction du taux de la taxe sur la valeur ajoutée à 7% due au titre des opérations de la transmission par les agences de presse, de messages de presse aux entreprises de journaux",Réduction
LF2024,222300730,tva,,غري ّ املوظف عىل خدمات االرسال االذايع والتلفزي املنجزة من التخفيض,2021,,False,"Réduction du taux de la taxe sur la valeur ajoutée à 7% due au titre des opérations de la transmission par les agences de presse, de messages de presse aux entreprises de journaux",Réduction
LF2024,222300730,tva,,غري ّ املوظف عىل خدمات االرسال االذايع والتلفزي املنجزة من التخفيض,2020,,False,"Réduction du taux de la taxe sur la valeur ajoutée à 7% due au titre des opérations de la transmission par les agences de presse, de messages de presse aux entreprises de journaux",Réduction
LF2024,222300731,tva,,غري ّ املوظف عىل خدمات بث األنباء الصحفية من طرف واكالت التخفيض,2022,,False,Réduction du taux de la taxe sur la valeur ajoutée à 7% due aux prestations du services de la transformation des fruits et légumes,Réduction
LF2024,222300731,tva,,غري ّ املوظف عىل خدمات بث األنباء الصحفية من طرف واكالت التخفيض,2021,,False,Réduction du taux de la taxe sur la valeur ajoutée à 7% due aux prestations du services de la transformation des fruits et légumes,Réduction
LF2024,222300731,tva,,غري ّ املوظف عىل خدمات بث األنباء الصحفية من طرف واكالت التخفيض,2020,,False,Réduction du taux de la taxe sur la valeur ajoutée à 7% due aux prestations du services de la transformation des fruits et légumes,Réduction
LF2024,222200732,tva,,غري ّ التخفيض,2022,,False,,
LF2024,222200732,tva,,غري ّ التخفيض,2021,,False,,
LF2024,222200732,tva,,غري ّ التخفيض,2020,,False,,
LF2024,222200733,tva,,غري ّ التخفيض,2022,,False,,
LF2024,222200733,tva,,غري ّ التخفيض,2021,,False,,
LF2024,222200733,tva,,غري ّ التخفيض,2020,,False,,
LF2024,222200735,tva,,غري ّ بيع التجهزيات املصنوعة حمليا و الالزمة لقطاع النقل عرب التخفيض,2022,,False,,
LF2024,222200735,tva,,غري ّ بيع التجهزيات املصنوعة حمليا و الالزمة لقطاع النقل عرب التخفيض,2021,,False,,
LF2024,222200735,tva,,غري ّ بيع التجهزيات املصنوعة حمليا و الالزمة لقطاع النقل عرب التخفيض,2020,,False,,
LF2024,222200736,tva,,غري ّ املوظف عىل التجهزيات اليت ليس هلا مثيل مصنوع حمليا التخفيض,2022,,False,,
LF2024,222200736,tva,,غري ّ املوظف عىل التجهزيات اليت ليس هلا مثيل مصنوع حمليا التخفيض,2021,,False,,
LF2024,222200736,tva,,غري ّ املوظف عىل التجهزيات اليت ليس هلا مثيل مصنوع حمليا التخفيض,2020,,False,,
LF2024,222301302,tva,,غري ّ توقيف العمل املصنوعة حمليا و الالزمة لالستمثار يف قطاع السياحة,2022,,False,Suspension de la taxe sur la valeur ajoutée due à la vente sur le marché local des équipement nécessaires aux investissements dans le secteur du tourisme,Suspension
LF2024,222301302,tva,,غري ّ توقيف العمل املصنوعة حمليا و الالزمة لالستمثار يف قطاع السياحة,2021,,False,Suspension de la taxe sur la valeur ajoutée due à la vente sur le marché local des équipement nécessaires aux investissements dans le secteur du tourisme,Suspension
LF2024,222301302,tva,,غري ّ توقيف العمل املصنوعة حمليا و الالزمة لالستمثار يف قطاع السياحة,2020,,False,Suspension de la taxe sur la valeur ajoutée due à la vente sur le marché local des équipement nécessaires aux investissements dans le secteur du tourisme,Suspension
LF2024,222301303,tva,,توقيف العمل,2022,2.662,True,Suspension de la taxe sur la valeur ajoutée due à l'importation des équipements nécessaires aux investissements dans le secteur agricole et de la pêche (n’ayant pas de similaires fabriqués localement),Suspension
LF2024,222301303,tva,,توقيف العمل,2021,2.761,True,Suspension de la taxe sur la valeur ajoutée due à l'importation des équipements nécessaires aux investissements dans le secteur agricole et de la pêche (n’ayant pas de similaires fabriqués localement),Suspension
LF2024,222301303,tva,,توقيف العمل,2020,21.12,True,Suspension de la taxe sur la valeur ajoutée due à l'importation des équipements nécessaires aux investissements dans le secteur agricole et de la pêche (n’ayant pas de similaires fabriqués localement),Suspension
LF2024,222301304,tva,,غري ّ توقيف العمل,2022,,False,Suspension de la taxe sur la valeur ajoutée due à la vente des équipements fabriqués localement et nécessaires aux investissements dans le secteur agricole et de la pêche,Suspension
LF2024,222301304,tva,,غري ّ توقيف العمل,2021,,False,Suspension de la taxe sur la valeur ajoutée due à la vente des équipements fabriqués localement et nécessaires aux investissements dans le secteur agricole et de la pêche,Suspension
LF2024,222301304,tva,,غري ّ توقيف العمل,2020,,False,Suspension de la taxe sur la valeur ajoutée due à la vente des équipements fabriqués localement et nécessaires aux investissements dans le secteur agricole et de la pêche,Suspension
LF2024,222301305,tva,,توقيف العمل,2022,0.0,True,Suspension de la taxe sur la valeur ajoutée due à l'importation des équipements nécessaires aux investissements dans le,Suspension
LF2024,222301305,tva,,توقيف العمل,2021,0.016,True,Suspension de la taxe sur la valeur ajoutée due à l'importation des équipements nécessaires aux investissements dans le,Suspension
LF2024,222301305,tva,,توقيف العمل,2020,0.012,True,Suspension de la taxe sur la valeur ajoutée due à l'importation des équipements nécessaires aux investissements dans le,Suspension
LF2024,222301306,tva,,غري ّ توقيف العمل,2022,,False,Suspension de la taxe sur la valeur ajoutée due à la vente des équipements fabriqués localement et nécessaires aux investissements dans le secteur de l’artisanat,Suspension
LF2024,222301306,tva,,غري ّ توقيف العمل,2021,,False,Suspension de la taxe sur la valeur ajoutée due à la vente des équipements fabriqués localement et nécessaires aux investissements dans le secteur de l’artisanat,Suspension
LF2024,222301306,tva,,غري ّ توقيف العمل,2020,,False,Suspension de la taxe sur la valeur ajoutée due à la vente des équipements fabriqués localement et nécessaires aux investissements dans le secteur de l’artisanat,Suspension
LF2024,222301307,tva,,توقيف العمل الالزمة لإلستمثارات يف قطاع النقل اجلوي و البحري و,2022,0.0,True,"Suspension de la taxe sur la valeur ajoutée due à l'importation des équipements nécessaires aux investissements dans le secteur du transport aérien, du transport maritime et du transport international routier des marchandises (n’ayant pas de similaires fabriqués localement)",Suspension
LF2024,222301307,tva,,توقيف العمل الالزمة لإلستمثارات يف قطاع النقل اجلوي و البحري و,2021,0.0,True,"Suspension de la taxe sur la valeur ajoutée due à l'importation des équipements nécessaires aux investissements dans le secteur du transport aérien, du transport maritime et du transport international routier des marchandises (n’ayant pas de similaires fabriqués localement)",Suspension
LF2024,222301307,tva,,توقيف العمل الالزمة لإلستمثارات يف قطاع النقل اجلوي و البحري و,2020,0.0,True,"Suspension de la taxe sur la valeur ajoutée due à l'importation des équipements nécessaires aux investissements dans le secteur du transport aérien, du transport maritime et du transport international routier des marchandises (n’ayant pas de similaires fabriqués localement)",Suspension
LF2024,222301308,tva,,غري ّ توقيف العمل,2022,,False,"Suspension de la taxe sur la valeur ajoutée due à la vente des équipements fabriqués localement et nécessaires aux investissements dans le secteur du transport aérien, du transport maritime et du transport international routier des marchandises et dans le secteur du transport terrestre de personnes (les investissements de création)",Suspension
LF2024,222301308,tva,,غري ّ توقيف العمل,2021,,False,"Suspension de la taxe sur la valeur ajoutée due à la vente des équipements fabriqués localement et nécessaires aux investissements dans le secteur du transport aérien, du transport maritime et du transport international routier des marchandises et dans le secteur du transport terrestre de personnes (les investissements de création)",Suspension
LF2024,222301308,tva,,غري ّ توقيف العمل,2020,,False,"Suspension de la taxe sur la valeur ajoutée due à la vente des équipements fabriqués localement et nécessaires aux investissements dans le secteur du transport aérien, du transport maritime et du transport international routier des marchandises et dans le secteur du transport terrestre de personnes (les investissements de création)",Suspension
LF2024,222301309,tva,,توقيف العمل اليت ليس هلا مثيل مصنوع حمليا و الالزمة لإلستمثارات يف,2022,0.022,True,"Suspension de la taxe sur la valeur ajoutée due à l'importation des équipements nécessaires aux investissements dans le secteur de l’éducation, de l’enseignement et de la recherche scientifique (n’ayant pas de similaires fabriqués localement)",Suspension
LF2024,222301309,tva,,توقيف العمل اليت ليس هلا مثيل مصنوع حمليا و الالزمة لإلستمثارات يف,2021,0.016,True,"Suspension de la taxe sur la valeur ajoutée due à l'importation des équipements nécessaires aux investissements dans le secteur de l’éducation, de l’enseignement et de la recherche scientifique (n’ayant pas de similaires fabriqués localement)",Suspension
LF2024,222301309,tva,,توقيف العمل اليت ليس هلا مثيل مصنوع حمليا و الالزمة لإلستمثارات يف,2020,0.067,True,"Suspension de la taxe sur la valeur ajoutée due à l'importation des équipements nécessaires aux investissements dans le secteur de l’éducation, de l’enseignement et de la recherche scientifique (n’ayant pas de similaires fabriqués localement)",Suspension
LF2024,222301310,tva,,غري ّ توقيف العمل املصنوعة حمليا و الالزمة لإلستمثارات يف قطاع الرتبية,2022,,False,Suspension de la taxe sur la valeur ajoutée due à la vente des équipements,Suspension
LF2024,222301310,tva,,غري ّ توقيف العمل املصنوعة حمليا و الالزمة لإلستمثارات يف قطاع الرتبية,2021,,False,Suspension de la taxe sur la valeur ajoutée due à la vente des équipements,Suspension
LF2024,222301310,tva,,غري ّ توقيف العمل املصنوعة حمليا و الالزمة لإلستمثارات يف قطاع الرتبية,2020,,False,Suspension de la taxe sur la valeur ajoutée due à la vente des équipements,Suspension
LF2024,222301311,tva,,توقيف العمل الالزمة لإلستمثارات يف قطاع اإلنتاج و الصناعة الثقافية,2022,0.066,True,Suspension de la taxe sur la valeur ajoutée due à l'importation des équipement nécessaires aux investissements dans le secteur de production et des industries culturelles (n’ayant pas de similaires fabriqués localement),Suspension
LF2024,222301311,tva,,توقيف العمل الالزمة لإلستمثارات يف قطاع اإلنتاج و الصناعة الثقافية,2021,0.576,True,Suspension de la taxe sur la valeur ajoutée due à l'importation des équipement nécessaires aux investissements dans le secteur de production et des industries culturelles (n’ayant pas de similaires fabriqués localement),Suspension
LF2024,222301311,tva,,توقيف العمل الالزمة لإلستمثارات يف قطاع اإلنتاج و الصناعة الثقافية,2020,0.004,True,Suspension de la taxe sur la valeur ajoutée due à l'importation des équipement nécessaires aux investissements dans le secteur de production et des industries culturelles (n’ayant pas de similaires fabriqués localement),Suspension
LF2024,222301312,tva,,غري ّ توقيف العمل املصنوعة حمليا و الالزمة لإلستمثارات يف قطاع اإلنتاج,2022,,False,Suspension de la taxe sur la valeur ajoutée due à la vente des équipements fabriqués localement et nécessaires aux investissements dans le secteur de production et des industries culturelles,Suspension
LF2024,222301312,tva,,غري ّ توقيف العمل املصنوعة حمليا و الالزمة لإلستمثارات يف قطاع اإلنتاج,2021,,False,Suspension de la taxe sur la valeur ajoutée due à la vente des équipements fabriqués localement et nécessaires aux investissements dans le secteur de production et des industries culturelles,Suspension
LF2024,222301312,tva,,غري ّ توقيف العمل املصنوعة حمليا و الالزمة لإلستمثارات يف قطاع اإلنتاج,2020,,False,Suspension de la taxe sur la valeur ajoutée due à la vente des équipements fabriqués localement et nécessaires aux investissements dans le secteur de production et des industries culturelles,Suspension
LF2024,222301313,tva,,توقيف العمل الالزمة لإلستمثارات يف قطاع العناية بالطفولة و رعاية,2022,0.015,True,"Suspension de la taxe sur la valeur ajoutée due à l'importation des équipements nécessaires aux investissements dans le secteur de l’encadrement de l’enfance, d'aide aux personnes âgées, d’animation des jeunes et du loisir (n’ayant pas de similaires fabriqués localement)",Suspension
LF2024,222301313,tva,,توقيف العمل الالزمة لإلستمثارات يف قطاع العناية بالطفولة و رعاية,2021,0.023,True,"Suspension de la taxe sur la valeur ajoutée due à l'importation des équipements nécessaires aux investissements dans le secteur de l’encadrement de l’enfance, d'aide aux personnes âgées, d’animation des jeunes et du loisir (n’ayant pas de similaires fabriqués localement)",Suspension
LF2024,222301313,tva,,توقيف العمل الالزمة لإلستمثارات يف قطاع العناية بالطفولة و رعاية,2020,3.22,True,"Suspension de la taxe sur la valeur ajoutée due à l'importation des équipements nécessaires aux investissements dans le secteur de l’encadrement de l’enfance, d'aide aux personnes âgées, d’animation des jeunes et du loisir (n’ayant pas de similaires fabriqués localement)",Suspension
LF2024,222301314,tva,,غري ّ توقيف العمل الالزمة لإلستمثارات يف قطاع العناية بالطفولة و رعاية,2022,,False,"Suspension de la taxe sur la valeur ajoutée due à la vente des équipements fabriqués localement et nécessaires aux investissements dans le secteur de l’encadrement de l’enfance, d'aide aux personnes âgées, d’animation des jeunes et du loisir",Suspension
LF2024,222301314,tva,,غري ّ توقيف العمل الالزمة لإلستمثارات يف قطاع العناية بالطفولة و رعاية,2021,,False,"Suspension de la taxe sur la valeur ajoutée due à la vente des équipements fabriqués localement et nécessaires aux investissements dans le secteur de l’encadrement de l’enfance, d'aide aux personnes âgées, d’animation des jeunes et du loisir",Suspension
LF2024,222301314,tva,,غري ّ توقيف العمل الالزمة لإلستمثارات يف قطاع العناية بالطفولة و رعاية,2020,,False,"Suspension de la taxe sur la valeur ajoutée due à la vente des équipements fabriqués localement et nécessaires aux investissements dans le secteur de l’encadrement de l’enfance, d'aide aux personnes âgées, d’animation des jeunes et du loisir",Suspension
LF2024,222301315,tva,,توقيف العمل الالزمة لإلستمثارات يف قطاع املؤسسات الصحية و,2022,11.484,True,Suspension de la taxe sur la valeur ajoutée due à l'importation des équipements nécessaires aux investissements réalisés par les établissements hospitaliers et sanitaires (n’ayant pas de similaires fabriqués localement),Suspension
LF2024,222301315,tva,,توقيف العمل الالزمة لإلستمثارات يف قطاع املؤسسات الصحية و,2021,11.484,True,Suspension de la taxe sur la valeur ajoutée due à l'importation des équipements nécessaires aux investissements réalisés par les établissements hospitaliers et sanitaires (n’ayant pas de similaires fabriqués localement),Suspension
LF2024,222301315,tva,,توقيف العمل الالزمة لإلستمثارات يف قطاع املؤسسات الصحية و,2020,5.529,True,Suspension de la taxe sur la valeur ajoutée due à l'importation des équipements nécessaires aux investissements réalisés par les établissements hospitaliers et sanitaires (n’ayant pas de similaires fabriqués localement),Suspension
LF2024,222301316,tva,,غري ّ توقيف العمل املصنوعة حمليا و الالزمة لإلستمثارات يف قطاع املؤسسات,2022,,False,Suspension de la taxe sur la valeur ajoutée due à la vente des équipements fabriqués localement et nécessaires aux investissements réalisés par les établissements hospitaliers et sanitaires,Suspension
LF2024,222301316,tva,,غري ّ توقيف العمل املصنوعة حمليا و الالزمة لإلستمثارات يف قطاع املؤسسات,2021,,False,Suspension de la taxe sur la valeur ajoutée due à la vente des équipements fabriqués localement et nécessaires aux investissements réalisés par les établissements hospitaliers et sanitaires,Suspension
LF2024,222301316,tva,,غري ّ توقيف العمل املصنوعة حمليا و الالزمة لإلستمثارات يف قطاع املؤسسات,2020,,False,Suspension de la taxe sur la valeur ajoutée due à la vente des équipements fabriqués localement et nécessaires aux investissements réalisés par les établissements hospitaliers et sanitaires,Suspension
LF2024,222301317,tva,,توقيف العمل,2022,0.0,True,Suspension de la taxe sur la valeur ajoutée due à la vente des équipements fabriqués localement et nécessaires aux investissements dans le secteur du tourisme (Les investissements de création),Suspension
LF2024,222301317,tva,,توقيف العمل,2021,0.0,True,Suspension de la taxe sur la valeur ajoutée due à la vente des équipements fabriqués localement et nécessaires aux investissements dans le secteur du tourisme (Les investissements de création),Suspension
LF2024,222301317,tva,,توقيف العمل,2020,0.0,True,Suspension de la taxe sur la valeur ajoutée due à la vente des équipements fabriqués localement et nécessaires aux investissements dans le secteur du tourisme (Les investissements de création),Suspension
LF2024,222301318,tva,,غري ّ توقيف العمل املصنوعة حمليا و الالزمة لإلستمثارات يف قطاع السياحة,2022,,False,Suspension de la taxe sur la valeur ajoutée due à l'importation des équipements nécessaires aux investissements dans la lutte contre la pollution et la protection de l’environnement (n’ayant pas de similaires fabriqués localement),Suspension
LF2024,222301318,tva,,غري ّ توقيف العمل املصنوعة حمليا و الالزمة لإلستمثارات يف قطاع السياحة,2021,,False,Suspension de la taxe sur la valeur ajoutée due à l'importation des équipements nécessaires aux investissements dans la lutte contre la pollution et la protection de l’environnement (n’ayant pas de similaires fabriqués localement),Suspension
LF2024,222301318,tva,,غري ّ توقيف العمل املصنوعة حمليا و الالزمة لإلستمثارات يف قطاع السياحة,2020,,False,Suspension de la taxe sur la valeur ajoutée due à l'importation des équipements nécessaires aux investissements dans la lutte contre la pollution et la protection de l’environnement (n’ayant pas de similaires fabriqués localement),Suspension
LF2024,222301319,tva,,توقيف العمل الالزمة لإلستمثارات ملقاومة التلوث و احملافظة عىل البيئة و,2022,0.0,True,Suspension de la taxe sur la valeur ajoutée due à vente des équipements fabriqués localement et nécessaires aux investissements dans la lutte contre la pollution et la protection de l'environnement,Suspension
LF2024,222301319,tva,,توقيف العمل الالزمة لإلستمثارات ملقاومة التلوث و احملافظة عىل البيئة و,2021,0.0,True,Suspension de la taxe sur la valeur ajoutée due à vente des équipements fabriqués localement et nécessaires aux investissements dans la lutte contre la pollution et la protection de l'environnement,Suspension
LF2024,222301319,tva,,توقيف العمل الالزمة لإلستمثارات ملقاومة التلوث و احملافظة عىل البيئة و,2020,0.0,True,Suspension de la taxe sur la valeur ajoutée due à vente des équipements fabriqués localement et nécessaires aux investissements dans la lutte contre la pollution et la protection de l'environnement,Suspension
LF2024,222301320,tva,,غري ّ توقيف العمل املصنوعة حمليا و الالزمة لإلستمثارات ملقاومة التلوث و,2022,,False,Suspension de la taxe sur la valeur ajoutée due à l'importation des équipements nécessaires,Exonération
LF2024,222301320,tva,,غري ّ توقيف العمل املصنوعة حمليا و الالزمة لإلستمثارات ملقاومة التلوث و,2021,,False,Suspension de la taxe sur la valeur ajoutée due à l'importation des équipements nécessaires,Exonération
LF2024,222301320,tva,,غري ّ توقيف العمل املصنوعة حمليا و الالزمة لإلستمثارات ملقاومة التلوث و,2020,,False,Suspension de la taxe sur la valeur ajoutée due à l'importation des équipements nécessaires,Exonération
LF2024,223000102,tva,,و املعدات املوردة او عند اإلقتناء حمليا إلجناز مشاريع او اإلعفاء,2022,3.405,True,Exonération de la taxe sur la valeur ajoutée due à l'importation ou l'acquisition sur le marché local des équipements et matériels par des Tunisiens résidents à l'étranger dans le cadre de réalisation de projets ou de participation à des projets,Exonération
LF2024,223000102,tva,,و املعدات املوردة او عند اإلقتناء حمليا إلجناز مشاريع او اإلعفاء,2021,2.86,True,Exonération de la taxe sur la valeur ajoutée due à l'importation ou l'acquisition sur le marché local des équipements et matériels par des Tunisiens résidents à l'étranger dans le cadre de réalisation de projets ou de participation à des projets,Exonération
LF2024,223000102,tva,,و املعدات املوردة او عند اإلقتناء حمليا إلجناز مشاريع او اإلعفاء,2020,1.997,True,Exonération de la taxe sur la valeur ajoutée due à l'importation ou l'acquisition sur le marché local des équipements et matériels par des Tunisiens résidents à l'étranger dans le cadre de réalisation de projets ou de participation à des projets,Exonération
LF2024,222000101,tva,,اإلقتناء حمليا للشاحنات قصد جناز مشاريع أو املسامهة فهيا التخفيض,2022,57.827,True,,
LF2024,222000101,tva,,اإلقتناء حمليا للشاحنات قصد جناز مشاريع أو املسامهة فهيا التخفيض,2021,81.635,True,,
LF2024,222000101,tva,,اإلقتناء حمليا للشاحنات قصد جناز مشاريع أو املسامهة فهيا التخفيض,2020,46.014,True,,
LF2024,223000406,tva,,الخشصية من قبل املنتدبني و املستمثرين األجانب املنتصبني اإلعفاء,2022,0.0,True,Exonération de la taxe sur la valeur ajoutée due à l'importation des effets personnels par le personnel étranger recruté ou les investisseurs étrangers chargés de la gérance d'une entreprise implantée dans les parcs d'activités économiques,Exonération
LF2024,223000406,tva,,الخشصية من قبل املنتدبني و املستمثرين األجانب املنتصبني اإلعفاء,2021,0.403,True,Exonération de la taxe sur la valeur ajoutée due à l'importation des effets personnels par le personnel étranger recruté ou les investisseurs étrangers chargés de la gérance d'une entreprise implantée dans les parcs d'activités économiques,Exonération
LF2024,223000406,tva,,الخشصية من قبل املنتدبني و املستمثرين األجانب املنتصبني اإلعفاء,2020,3.889,True,Exonération de la taxe sur la valeur ajoutée due à l'importation des effets personnels par le personnel étranger recruté ou les investisseurs étrangers chargés de la gérance d'une entreprise implantée dans les parcs d'activités économiques,Exonération
LF2024,223000408,tva,,السياحية من قبل املنتدبني و املستمثرين األجانب املنتصبني اإلعفاء,2022,0.0,True,Exonération de la taxe sur la valeur ajoutée due à l'importation d'une voiture de tourisme par le personnel étranger recruté ou les investisseurs étrangers chargés de la gérance d'une entreprise implantée dans les parcs d'activités économiques,Exonération
LF2024,223000408,tva,,السياحية من قبل املنتدبني و املستمثرين األجانب املنتصبني اإلعفاء,2021,0.168,True,Exonération de la taxe sur la valeur ajoutée due à l'importation d'une voiture de tourisme par le personnel étranger recruté ou les investisseurs étrangers chargés de la gérance d'une entreprise implantée dans les parcs d'activités économiques,Exonération
LF2024,223000408,tva,,السياحية من قبل املنتدبني و املستمثرين األجانب املنتصبني اإلعفاء,2020,0.087,True,Exonération de la taxe sur la valeur ajoutée due à l'importation d'une voiture de tourisme par le personnel étranger recruté ou les investisseurs étrangers chargés de la gérance d'une entreprise implantée dans les parcs d'activités économiques,Exonération
LF2024,223000409,tva,,اإلعفاء,2022,0.408,True,Exonération de la taxe sur la valeur ajoutée due à la vente de déchets pour recyclages par les entreprises implantées dans les parcs d'activités économiques,Exonération
LF2024,223000409,tva,,اإلعفاء,2021,0.521,True,Exonération de la taxe sur la valeur ajoutée due à la vente de déchets pour recyclages par les entreprises implantées dans les parcs d'activités économiques,Exonération
LF2024,223000409,tva,,اإلعفاء,2020,0.468,True,Exonération de la taxe sur la valeur ajoutée due à la vente de déchets pour recyclages par les entreprises implantées dans les parcs d'activités économiques,Exonération
LF2024,223000606,tva,,الخشصية من قبل املنتدبني و املستمثرين األجانب يف اإلعفاء,2022,0.0,True,Exonération de la taxe sur la valeur ajoutée due à l'importation des effets personnels par le personnel étranger recruté ou les investisseurs étrangers chargés des établissements de santé prêtant la totalité de leurs services au profit des non résidents,Exonération
LF2024,223000606,tva,,الخشصية من قبل املنتدبني و املستمثرين األجانب يف اإلعفاء,2021,1.993,True,Exonération de la taxe sur la valeur ajoutée due à l'importation des effets personnels par le personnel étranger recruté ou les investisseurs étrangers chargés des établissements de santé prêtant la totalité de leurs services au profit des non résidents,Exonération
LF2024,223000606,tva,,الخشصية من قبل املنتدبني و املستمثرين األجانب يف اإلعفاء,2020,1.781,True,Exonération de la taxe sur la valeur ajoutée due à l'importation des effets personnels par le personnel étranger recruté ou les investisseurs étrangers chargés des établissements de santé prêtant la totalité de leurs services au profit des non résidents,Exonération
LF2024,223001003,tva,,و التجهزيات الالزمة لنشاط املؤسسات املالية املسدية اكمل اإلعفاء,2022,0.0,True,Exonération de la taxe sur la valeur ajoutée due à l'importation des matériels et équipement nécessaires à l'activité des prestataires des services financiers aux non résidents,Exonération
LF2024,223001003,tva,,و التجهزيات الالزمة لنشاط املؤسسات املالية املسدية اكمل اإلعفاء,2021,0.0,True,Exonération de la taxe sur la valeur ajoutée due à l'importation des matériels et équipement nécessaires à l'activité des prestataires des services financiers aux non résidents,Exonération
LF2024,223001003,tva,,و التجهزيات الالزمة لنشاط املؤسسات املالية املسدية اكمل اإلعفاء,2020,0.001,True,Exonération de la taxe sur la valeur ajoutée due à l'importation des matériels et équipement nécessaires à l'activité des prestataires des services financiers aux non résidents,Exonération
LF2024,223001005,tva,,الخشصية من قبل املنتدبني و املستمثرين األجانب يف اإلعفاء,2022,0.0,True,Exonération de la taxe sur la valeur ajoutée due à l'importation des effets personnels par le personnel étranger recruté ou les investisseurs étrangers travaillant dans des institutions de prestataires des services financiers aux non résidents,Exonération
LF2024,223001005,tva,,الخشصية من قبل املنتدبني و املستمثرين األجانب يف اإلعفاء,2021,0.0,True,Exonération de la taxe sur la valeur ajoutée due à l'importation des effets personnels par le personnel étranger recruté ou les investisseurs étrangers travaillant dans des institutions de prestataires des services financiers aux non résidents,Exonération
LF2024,223001005,tva,,الخشصية من قبل املنتدبني و املستمثرين األجانب يف اإلعفاء,2020,0.001,True,Exonération de la taxe sur la valeur ajoutée due à l'importation des effets personnels par le personnel étranger recruté ou les investisseurs étrangers travaillant dans des institutions de prestataires des services financiers aux non résidents,Exonération
LF2024,223001007,tva,,اإلعفاء,2022,0.0,True,Exonération de la taxe sur la valeur ajoutée due à l'importation d'une voiture,Exonération
LF2024,223001007,tva,,اإلعفاء,2021,0.0,True,Exonération de la taxe sur la valeur ajoutée due à l'importation d'une voiture,Exonération
LF2024,223001007,tva,,اإلعفاء,2020,0.266,True,Exonération de la taxe sur la valeur ajoutée due à l'importation d'une voiture,Exonération
LF2024,223200442,tva,,اإلعفاء,2022,0.0,True,,
LF2024,223200442,tva,,اإلعفاء,2021,0.0,True,,
LF2024,223200442,tva,,اإلعفاء,2020,0.0,True,,
LF2024,223200444,tva,,اإلعفاء,2022,0.001,True,,
LF2024,223200444,tva,,اإلعفاء,2021,0.011,True,,
LF2024,223200444,tva,,اإلعفاء,2020,0.0,True,,
LF2024,223200445,tva,,اإلعفاء,2022,0.0,True,,
LF2024,223200445,tva,,اإلعفاء,2021,0.0,True,,
LF2024,223200445,tva,,اإلعفاء,2020,0.0,True,,
LF2024,223200446,tva,,اإلعفاء,2022,0.57,True,,
LF2024,223200446,tva,,اإلعفاء,2021,0.0,True,,
LF2024,223200446,tva,,اإلعفاء,2020,0.0,True,,
LF2024,223200447,tva,,اإلعفاء,2022,111.36,True,,
LF2024,223200447,tva,,اإلعفاء,2021,57.205,True,,
LF2024,223200447,tva,,اإلعفاء,2020,25.102,True,,
LF2024,223200448,tva,,اإلعفاء,2022,0.0,True,,
LF2024,223200448,tva,,اإلعفاء,2021,0.041,True,,
LF2024,223200448,tva,,اإلعفاء,2020,0.0,True,,
LF2024,223200449,tva,,اقتناء األمتعة الخشصية و األثاث يف إطار العودة الهنائية اإلعفاء,2022,0.0,True,,
LF2024,223200449,tva,,اقتناء األمتعة الخشصية و األثاث يف إطار العودة الهنائية اإلعفاء,2021,3.186,True,,
LF2024,223200449,tva,,اقتناء األمتعة الخشصية و األثاث يف إطار العودة الهنائية اإلعفاء,2020,1.496,True,,
LF2024,223200450,tva,,اإلعفاء,2022,456.009,True,,
LF2024,223200450,tva,,اإلعفاء,2021,517.637,True,,
LF2024,223200450,tva,,اإلعفاء,2020,299.403,True,,
LF2024,223200451,tva,,غري مقيّم البيوت املكيفة و حلفظ رطوبة األرض و ملعاجلة و خزن التنب ة اإلعفاء,2022,,False,,
LF2024,223200451,tva,,غري مقيّم البيوت املكيفة و حلفظ رطوبة األرض و ملعاجلة و خزن التنب ة اإلعفاء,2021,,False,,
LF2024,223200451,tva,,غري مقيّم البيوت املكيفة و حلفظ رطوبة األرض و ملعاجلة و خزن التنب ة اإلعفاء,2020,,False,,
LF2024,223200401,tva,,اإلعفاء,2022,0.0,True,,
LF2024,223200401,tva,,اإلعفاء,2021,0.0,True,,
LF2024,223200401,tva,,اإلعفاء,2020,0.017,True,,
LF2024,223200402,tva,,اإلعفاء,2022,0.001,True,,
LF2024,223200402,tva,,اإلعفاء,2021,3.514,True,,
LF2024,223200402,tva,,اإلعفاء,2020,4.796,True,,
LF2024,223200403,tva,,اإلعفاء,2022,286.146,True,,
LF2024,223200403,tva,,اإلعفاء,2021,212.46,True,,
LF2024,223200403,tva,,اإلعفاء,2020,172.705,True,,
LF2024,223200404,tva,,اإلعفاء,2022,24.433,True,,
LF2024,223200404,tva,,اإلعفاء,2021,18.366,True,,
LF2024,223200404,tva,,اإلعفاء,2020,25.445,True,,
LF2024,223200405,tva,,اإلعفاء,2022,19.209,True,,
LF2024,223200405,tva,,اإلعفاء,2021,17.067,True,,
LF2024,223200405,tva,,اإلعفاء,2020,6.966,True,,
LF2024,223200406,tva,,اإلعفاء,2022,0.0,True,,
LF2024,223200406,tva,,اإلعفاء,2021,0.015,True,,
LF2024,223200406,tva,,اإلعفاء,2020,0.021,True,,
LF2024,223200409,tva,,القوامض وموقفات األنبات ،ومنمظات منّو النباتات واملطهرات اإلعفاء,2022,45.612,True,,
LF2024,223200409,tva,,القوامض وموقفات األنبات ،ومنمظات منّو النباتات واملطهرات اإلعفاء,2021,39.584,True,,
LF2024,223200409,tva,,القوامض وموقفات األنبات ،ومنمظات منّو النباتات واملطهرات اإلعفاء,2020,35.532,True,,
LF2024,223200410,tva,,اإلعفاء,2022,13.746,True,,
LF2024,223200410,tva,,اإلعفاء,2021,10.716,True,,
LF2024,223200410,tva,,اإلعفاء,2020,12.381,True,,
LF2024,223200411,tva,,اإلعفاء,2022,0.0,True,,
LF2024,223200411,tva,,اإلعفاء,2021,0.0,True,,
LF2024,223200411,tva,,اإلعفاء,2020,0.0,True,,
LF2024,223200412,tva,,اإلعفاء,2022,1.207,True,,
LF2024,223200412,tva,,اإلعفاء,2021,5.312,True,,
LF2024,223200412,tva,,اإلعفاء,2020,4.802,True,,
LF2024,223200413,tva,,املنتوجات املعدة لطباعة الكتب و الصحف و املجالت و اإلعفاء,2022,0.0,True,,
LF2024,223200413,tva,,املنتوجات املعدة لطباعة الكتب و الصحف و املجالت و اإلعفاء,2021,0.215,True,,
LF2024,223200413,tva,,املنتوجات املعدة لطباعة الكتب و الصحف و املجالت و اإلعفاء,2020,0.061,True,,
LF2024,223200414,tva,,اإلعفاء,2022,0.0,True,,
LF2024,223200414,tva,,اإلعفاء,2021,0.621,True,,
LF2024,223200414,tva,,اإلعفاء,2020,0.861,True,,
LF2024,223200415,tva,,املعدات و التجهزيات واملنتجات الالزمة للثقافة و الرياضة و اإلعفاء,2022,4.707,True,,
LF2024,223200415,tva,,املعدات و التجهزيات واملنتجات الالزمة للثقافة و الرياضة و اإلعفاء,2021,4.521,True,,
LF2024,223200415,tva,,املعدات و التجهزيات واملنتجات الالزمة للثقافة و الرياضة و اإلعفاء,2020,3.976,True,,
LF2024,223200417,tva,,اإلعفاء,2022,0.0,True,,
LF2024,223200417,tva,,اإلعفاء,2021,0.0,True,,
LF2024,223200417,tva,,اإلعفاء,2020,0.0,True,,
LF2024,223200418,tva,,اإلعفاء,2022,0.0,True,,
LF2024,223200418,tva,,اإلعفاء,2021,0.0,True,,
LF2024,223200418,tva,,اإلعفاء,2020,0.0,True,,
LF2024,223200419,tva,,اإلعفاء,2022,0.0,True,,
LF2024,223200419,tva,,اإلعفاء,2021,0.0,True,,
LF2024,223200419,tva,,اإلعفاء,2020,0.0,True,,
LF2024,223200420,tva,,اإلعفاء,2022,138.557,True,,
LF2024,223200420,tva,,اإلعفاء,2021,122.529,True,,
LF2024,223200420,tva,,اإلعفاء,2020,42.336,True,,
LF2024,223200421,tva,,اإلعفاء,2022,0.0,True,,
LF2024,223200421,tva,,اإلعفاء,2021,0.0,True,,
LF2024,223200421,tva,,اإلعفاء,2020,0.0,True,,
LF2024,223200423,tva,,اإلعفاء,2022,1.23,True,,
LF2024,223200423,tva,,اإلعفاء,2021,0.08,True,,
LF2024,223200423,tva,,اإلعفاء,2020,1.512,True,,
LF2024,223200424,tva,,اإلعفاء,2022,24.771,True,,
LF2024,223200424,tva,,اإلعفاء,2021,22.179,True,,
LF2024,223200424,tva,,اإلعفاء,2020,24.635,True,,
LF2024,223300425,tva,,غري ّ اإلعفاء,2022,,False,Exonération de la taxe sur la valeur ajoutée due à la vente sur le marché local des pâtes alimentaires,Exonération
LF2024,223300425,tva,,غري ّ اإلعفاء,2021,,False,Exonération de la taxe sur la valeur ajoutée due à la vente sur le marché local des pâtes alimentaires,Exonération
LF2024,223300425,tva,,غري ّ اإلعفاء,2020,,False,Exonération de la taxe sur la valeur ajoutée due à la vente sur le marché local des pâtes alimentaires,Exonération
LF2024,223300426,tva,,غري ّ من األداء عىل القمية املضافة املوظف عند بيع املواد العلفية اإلعفاء,2022,,False,Exonération de la taxe sur la valeur ajoutée due à la vente des aliments fourragers,Exonération
LF2024,223300426,tva,,غري ّ من األداء عىل القمية املضافة املوظف عند بيع املواد العلفية اإلعفاء,2021,,False,Exonération de la taxe sur la valeur ajoutée due à la vente des aliments fourragers,Exonération
LF2024,223300426,tva,,غري ّ من األداء عىل القمية املضافة املوظف عند بيع املواد العلفية اإلعفاء,2020,,False,Exonération de la taxe sur la valeur ajoutée due à la vente des aliments fourragers,Exonération
LF2024,223300427,tva,,غري ّ من األداء عىل القمية املضافة املوظف عند بيع زيت الزيتون اإلعفاء,2022,,False,Exonération de la taxe sur la valeur ajoutée due à la vente du huile d'olive,Exonération
LF2024,223300427,tva,,غري ّ من األداء عىل القمية املضافة املوظف عند بيع زيت الزيتون اإلعفاء,2021,,False,Exonération de la taxe sur la valeur ajoutée due à la vente du huile d'olive,Exonération
LF2024,223300427,tva,,غري ّ من األداء عىل القمية املضافة املوظف عند بيع زيت الزيتون اإلعفاء,2020,,False,Exonération de la taxe sur la valeur ajoutée due à la vente du huile d'olive,Exonération
LF2024,223300428,tva,,غري ّ اإلعفاء,2022,,False,Exonération de la taxe sur la valeur ajoutée due à la vente des Huiles végétales raffinées,Exonération
LF2024,223300428,tva,,غري ّ اإلعفاء,2021,,False,Exonération de la taxe sur la valeur ajoutée due à la vente des Huiles végétales raffinées,Exonération
LF2024,223300428,tva,,غري ّ اإلعفاء,2020,,False,Exonération de la taxe sur la valeur ajoutée due à la vente des Huiles végétales raffinées,Exonération
LF2024,223300429,tva,,غري ّ من األداء عىل القمية املضافة املوظف عند بيع احملروقات اإلعفاء,2022,,False,Exonération de la taxe sur la valeur ajoutée due à la vente des hydrocarbures liquides et gazeux,Exonération
LF2024,223300429,tva,,غري ّ من األداء عىل القمية املضافة املوظف عند بيع احملروقات اإلعفاء,2021,,False,Exonération de la taxe sur la valeur ajoutée due à la vente des hydrocarbures liquides et gazeux,Exonération
LF2024,223300429,tva,,غري ّ من األداء عىل القمية املضافة املوظف عند بيع احملروقات اإلعفاء,2020,,False,Exonération de la taxe sur la valeur ajoutée due à la vente des hydrocarbures liquides et gazeux,Exonération
LF2024,223200430,tva,,غري ّ اإلعفاء,2022,,False,,
LF2024,223200430,tva,,غري ّ اإلعفاء,2021,,False,,
LF2024,223200430,tva,,غري ّ اإلعفاء,2020,,False,,
LF2024,223200431,tva,,غري ّ اإلعفاء,2022,,False,,
LF2024,223200431,tva,,غري ّ اإلعفاء,2021,,False,,
LF2024,223200431,tva,,غري ّ اإلعفاء,2020,,False,,
LF2024,223200432,tva,,غري ّ اإلعفاء,2022,,False,,
LF2024,223200432,tva,,غري ّ اإلعفاء,2021,,False,,
LF2024,223200432,tva,,غري ّ اإلعفاء,2020,,False,,
LF2024,223200433,tva,,غري ّ اإلعفاء,2022,,False,,
LF2024,223200433,tva,,غري ّ اإلعفاء,2021,,False,,
LF2024,223200433,tva,,غري ّ اإلعفاء,2020,,False,,
LF2024,223200434,tva,,غري ّ اإلعفاء,2022,,False,,
LF2024,223200434,tva,,غري ّ اإلعفاء,2021,,False,,
LF2024,223200434,tva,,غري ّ اإلعفاء,2020,,False,,
LF2024,223200435,tva,,غري ّ اإلعفاء,2022,,False,,
LF2024,223200435,tva,,غري ّ اإلعفاء,2021,,False,,
LF2024,223200435,tva,,غري ّ اإلعفاء,2020,,False,,
LF2024,223300436,tva,,غري ّ اإلعفاء,2022,,False,"Exonération de la taxe sur la valeur ajoutée due aux prestations de services de transport aérien, maritime et routier",Exonération
LF2024,223300436,tva,,غري ّ اإلعفاء,2021,,False,"Exonération de la taxe sur la valeur ajoutée due aux prestations de services de transport aérien, maritime et routier",Exonération
LF2024,223300436,tva,,غري ّ اإلعفاء,2020,,False,"Exonération de la taxe sur la valeur ajoutée due aux prestations de services de transport aérien, maritime et routier",Exonération
LF2024,223200437,tva,,غري ّ اإلعفاء,2022,,False,,
LF2024,223200437,tva,,غري ّ اإلعفاء,2021,,False,,
LF2024,223200437,tva,,غري ّ اإلعفاء,2020,,False,,
LF2024,223200438,tva,,غري ّ اإلعفاء,2022,,False,,
LF2024,223200438,tva,,غري ّ اإلعفاء,2021,,False,,
LF2024,223200438,tva,,غري ّ اإلعفاء,2020,,False,,
LF2024,223200439,tva,,غري ّ يف إطار عـقـود بيع مراحبة وبيع السمل واإلستصناع من قبل اإلعفاء,2022,,False,,
LF2024,223200439,tva,,غري ّ يف إطار عـقـود بيع مراحبة وبيع السمل واإلستصناع من قبل اإلعفاء,2021,,False,,
LF2024,223200439,tva,,غري ّ يف إطار عـقـود بيع مراحبة وبيع السمل واإلستصناع من قبل اإلعفاء,2020,,False,,
LF2024,223200440,tva,,غري ّ من األداء عىل القمية املضافة املوظف عىل اخلدمات الربيدية اإلعفاء,2022,,False,,
LF2024,223200440,tva,,غري ّ من األداء عىل القمية املضافة املوظف عىل اخلدمات الربيدية اإلعفاء,2021,,False,,
LF2024,223200440,tva,,غري ّ من األداء عىل القمية املضافة املوظف عىل اخلدمات الربيدية اإلعفاء,2020,,False,,
LF2024,223200441,tva,,غري ّ اإلعفاء,2022,,False,,
LF2024,223200441,tva,,غري ّ اإلعفاء,2021,,False,,
LF2024,223200441,tva,,غري ّ اإلعفاء,2020,,False,,
LF2024,224300901,tva,,غري ّ طرح,2022,,False,"Déduction des montants relatifs aux opérations d’inscription et de réinscription aux écoles primaires, collèges et établissements secondaires par les opérateurs des réseaux de télécommunication",Déduction
LF2024,224300901,tva,,غري ّ طرح,2021,,False,"Déduction des montants relatifs aux opérations d’inscription et de réinscription aux écoles primaires, collèges et établissements secondaires par les opérateurs des réseaux de télécommunication",Déduction
LF2024,224300901,tva,,غري ّ طرح,2020,,False,"Déduction des montants relatifs aux opérations d’inscription et de réinscription aux écoles primaires, collèges et établissements secondaires par les opérateurs des réseaux de télécommunication",Déduction
LF2024,232000101,consommation,,إلجناز مشاريع او املسامهة فهيا من قبل التونسيني املقميني التخفيض,2022,58.842,True,,
LF2024,232000101,consommation,,إلجناز مشاريع او املسامهة فهيا من قبل التونسيني املقميني التخفيض,2021,77.926,True,,
LF2024,232000101,consommation,,إلجناز مشاريع او املسامهة فهيا من قبل التونسيني املقميني التخفيض,2020,42.727,True,,
LF2024,233000407,consommation,,السياحية من قبل املنتدبني و املستمثرين األجانب املنتصبني اإلعفاء,2022,0.0,True,Exonération du droit ou de consommation dû Exonération à l'importation d'une voiture de tourisme par le personnel étranger recruté ou les investisseurs étrangers chargés de la gérance d'une entreprise implantée dans les parcs d'activités économiques,Réduction
LF2024,233000407,consommation,,السياحية من قبل املنتدبني و املستمثرين األجانب املنتصبني اإلعفاء,2021,0.413,True,Exonération du droit ou de consommation dû Exonération à l'importation d'une voiture de tourisme par le personnel étranger recruté ou les investisseurs étrangers chargés de la gérance d'une entreprise implantée dans les parcs d'activités économiques,Réduction
LF2024,233000407,consommation,,السياحية من قبل املنتدبني و املستمثرين األجانب املنتصبني اإلعفاء,2020,0.253,True,Exonération du droit ou de consommation dû Exonération à l'importation d'une voiture de tourisme par le personnel étranger recruté ou les investisseurs étrangers chargés de la gérance d'une entreprise implantée dans les parcs d'activités économiques,Réduction
LF2024,232000801,consommation,,السياحية من قبل وكالء بيع السيارات والعربات متع ّددة التخفيض,2022,1065.067,True,Réduction du taux du droit de consommation dû à l'importation des véhicules de tourisme par les concessionnaires automobiles et aux véhicules multi usages qui peuvent être utilisés pour le transport de personnes et de marchandises,Exonération
LF2024,232000801,consommation,,السياحية من قبل وكالء بيع السيارات والعربات متع ّددة التخفيض,2021,1096.191,True,Réduction du taux du droit de consommation dû à l'importation des véhicules de tourisme par les concessionnaires automobiles et aux véhicules multi usages qui peuvent être utilisés pour le transport de personnes et de marchandises,Exonération
LF2024,232000801,consommation,,السياحية من قبل وكالء بيع السيارات والعربات متع ّددة التخفيض,2020,806.501,True,Réduction du taux du droit de consommation dû à l'importation des véhicules de tourisme par les concessionnaires automobiles et aux véhicules multi usages qui peuvent être utilisés pour le transport de personnes et de marchandises,Exonération
LF2024,232000901,consommation,,توقيف العمل السياحية ذات أربع خيول و الشعبية من قبل وكالء بيع,2022,102.844,True,Réduction du taux du ou droit de Exonération consommation dû à l'importation des véhicules de tourisme 4 chevaux et populaire par les concessionnaires automobiles,Réduction
LF2024,232000901,consommation,,توقيف العمل السياحية ذات أربع خيول و الشعبية من قبل وكالء بيع,2021,139.793,True,Réduction du taux du ou droit de Exonération consommation dû à l'importation des véhicules de tourisme 4 chevaux et populaire par les concessionnaires automobiles,Réduction
LF2024,232000901,consommation,,توقيف العمل السياحية ذات أربع خيول و الشعبية من قبل وكالء بيع,2020,89.837,True,Réduction du taux du ou droit de Exonération consommation dû à l'importation des véhicules de tourisme 4 chevaux et populaire par les concessionnaires automobiles,Réduction
LF2024,232001342,consommation,,توقيف العمل,2022,1.168,True,Du droit de consommation dû à l'importation des véhicules destinés au transport des malades de l’insuffisance rénale,Suspension
LF2024,232001342,consommation,,توقيف العمل,2021,2.717,True,Du droit de consommation dû à l'importation des véhicules destinés au transport des malades de l’insuffisance rénale,Suspension
LF2024,232001342,consommation,,توقيف العمل,2020,0.634,True,Du droit de consommation dû à l'importation des véhicules destinés au transport des malades de l’insuffisance rénale,Suspension
LF2024,232300602,consommation,,توقيف العمل الصاحلة للك املسالك من قبل وكالء البيع لفائدة وكالت,2022,12.582,True,,
LF2024,232300602,consommation,,توقيف العمل الصاحلة للك املسالك من قبل وكالء البيع لفائدة وكالت,2021,14.444,True,,
LF2024,232300602,consommation,,توقيف العمل الصاحلة للك املسالك من قبل وكالء البيع لفائدة وكالت,2020,19.322,True,,
LF2024,233001006,consommation,,السياحية من قبل املنتدبني و املستمثرين األجانب يف اإلعفاء,2022,0.0,True,Du droit de consommation dû à l'importation des véhicules de tourisme par le personnel ou investisseurs étangers dans les établissements financiers prêtant totalement leurs services au profit des non résidents.,Suspension
LF2024,233001006,consommation,,السياحية من قبل املنتدبني و املستمثرين األجانب يف اإلعفاء,2021,0.192,True,Du droit de consommation dû à l'importation des véhicules de tourisme par le personnel ou investisseurs étangers dans les établissements financiers prêtant totalement leurs services au profit des non résidents.,Suspension
LF2024,233001006,consommation,,السياحية من قبل املنتدبني و املستمثرين األجانب يف اإلعفاء,2020,0.344,True,Du droit de consommation dû à l'importation des véhicules de tourisme par le personnel ou investisseurs étangers dans les établissements financiers prêtant totalement leurs services au profit des non résidents.,Suspension
LF2024,233001202,consommation,,اإلعفاء,2022,195.97,True,Exonération du droit de consommation dû à l'importation ou l'acquisition des voitures destinées au transport rural ou utilisées comme « taxi » ou « louage»,Exonération
LF2024,233001202,consommation,,اإلعفاء,2021,212.141,True,Exonération du droit de consommation dû à l'importation ou l'acquisition des voitures destinées au transport rural ou utilisées comme « taxi » ou « louage»,Exonération
LF2024,233001202,consommation,,اإلعفاء,2020,125.695,True,Exonération du droit de consommation dû à l'importation ou l'acquisition des voitures destinées au transport rural ou utilisées comme « taxi » ou « louage»,Exonération
LF2024,233227207,consommation,,اإلعفاء,2022,0.003,True,Exonération du droit de consommation dû à l'importation des effets et objets,Exonération
LF2024,233227207,consommation,,اإلعفاء,2021,0.03,True,Exonération du droit de consommation dû à l'importation des effets et objets,Exonération
LF2024,233227207,consommation,,اإلعفاء,2020,0.011,True,Exonération du droit de consommation dû à l'importation des effets et objets,Exonération
LF2024,233227214,consommation,,اإلعفاء,2022,22.129,True,Exonération du droit de consommation dû à l'importation des envois à titre de dons,Exonération
LF2024,233227214,consommation,,اإلعفاء,2021,4.28,True,Exonération du droit de consommation dû à l'importation des envois à titre de dons,Exonération
LF2024,233227214,consommation,,اإلعفاء,2020,9.096,True,Exonération du droit de consommation dû à l'importation des envois à titre de dons,Exonération
LF2024,233227221,consommation,,اإلعفاء,2022,1120.441,True,"Exonération du droit de consommation dû à l'importation d'une voiture de tourisme , une voiture utilitaire et d'un motocycle par les Tunisiens résidant à l'étranger dans le cadre de leur rentrée définitive",Exonération
LF2024,233227221,consommation,,اإلعفاء,2021,1313.594,True,"Exonération du droit de consommation dû à l'importation d'une voiture de tourisme , une voiture utilitaire et d'un motocycle par les Tunisiens résidant à l'étranger dans le cadre de leur rentrée définitive",Exonération
LF2024,233227221,consommation,,اإلعفاء,2020,794.44,True,"Exonération du droit de consommation dû à l'importation d'une voiture de tourisme , une voiture utilitaire et d'un motocycle par les Tunisiens résidant à l'étranger dans le cadre de leur rentrée définitive",Exonération
LF2025,111000301,irpp,,املؤسســات العموميــة مــن أســاس الرضيبــة عــى دخــل طرح,2023,0.0,True,Réduction d'impôt au titre des revenus réinvestis dans la souscription au capital initial ou à son augmentation des Etablissements Publics,Réduction
LF2025,111000301,irpp,,املؤسســات العموميــة مــن أســاس الرضيبــة عــى دخــل طرح,2022,0.0,True,Réduction d'impôt au titre des revenus réinvestis dans la souscription au capital initial ou à son augmentation des Etablissements Publics,Réduction
LF2025,111000301,irpp,,املؤسســات العموميــة مــن أســاس الرضيبــة عــى دخــل طرح,2021,0.017,True,Réduction d'impôt au titre des revenus réinvestis dans la souscription au capital initial ou à son augmentation des Etablissements Publics,Réduction
LF2025,111000401,irpp,,طرح,2023,0.007,True,Déduction des revenus provenant de l'activité des entreprises implantées dans les Parcs d'Activité Economiques de l'assiette soumises à l'impôt sur le revenu des personnes physiques,Déduction
LF2025,111000401,irpp,,طرح,2022,0.006,True,Déduction des revenus provenant de l'activité des entreprises implantées dans les Parcs d'Activité Economiques de l'assiette soumises à l'impôt sur le revenu des personnes physiques,Déduction
LF2025,111000401,irpp,,طرح,2021,0.009,True,Déduction des revenus provenant de l'activité des entreprises implantées dans les Parcs d'Activité Economiques de l'assiette soumises à l'impôt sur le revenu des personnes physiques,Déduction
LF2025,111000403,irpp,,طرح,2023,0.011,True,Déduction des revenus réinvestis dans la souscription au capital initial ou à son augmentation des entreprises implantées dans les Parcs d'Activité Economiques de l'assiette soumises à l'impôt sur le revenu des personnes physiques,Déduction
LF2025,111000403,irpp,,طرح,2022,0.019,True,Déduction des revenus réinvestis dans la souscription au capital initial ou à son augmentation des entreprises implantées dans les Parcs d'Activité Economiques de l'assiette soumises à l'impôt sur le revenu des personnes physiques,Déduction
LF2025,111000403,irpp,,طرح,2021,0.014,True,Déduction des revenus réinvestis dans la souscription au capital initial ou à son augmentation des entreprises implantées dans les Parcs d'Activité Economiques de l'assiette soumises à l'impôt sur le revenu des personnes physiques,Déduction
LF2025,111000501,irpp,,غير مقيّم غير مقيّم غير مقيّم طرح,2023,,False,Déduction de 50% des dépenses de travaux d'amélioration effectués par les propriétaires portant sur des monuments historiques de l'assiette soumises à l'impôt sur le revenu des personnes physiques,Déduction
LF2025,111000501,irpp,,غير مقيّم غير مقيّم غير مقيّم طرح,2022,,False,Déduction de 50% des dépenses de travaux d'amélioration effectués par les propriétaires portant sur des monuments historiques de l'assiette soumises à l'impôt sur le revenu des personnes physiques,Déduction
LF2025,111000501,irpp,,غير مقيّم غير مقيّم غير مقيّم طرح,2021,,False,Déduction de 50% des dépenses de travaux d'amélioration effectués par les propriétaires portant sur des monuments historiques de l'assiette soumises à l'impôt sur le revenu des personnes physiques,Déduction
LF2025,111000603,irpp,,غير مقيّم غير مقيّم غير مقيّم طرح,2023,,False,Déduction des revenus réinvestis dans la souscription au capital initial des établissements de santé prêtant la totalité de leurs services au profit des non- résidents de l'assiette soumises à l'impôt sur le revenu des personnes physiques,Déduction
LF2025,111000603,irpp,,غير مقيّم غير مقيّم غير مقيّم طرح,2022,,False,Déduction des revenus réinvestis dans la souscription au capital initial des établissements de santé prêtant la totalité de leurs services au profit des non- résidents de l'assiette soumises à l'impôt sur le revenu des personnes physiques,Déduction
LF2025,111000603,irpp,,غير مقيّم غير مقيّم غير مقيّم طرح,2021,,False,Déduction des revenus réinvestis dans la souscription au capital initial des établissements de santé prêtant la totalité de leurs services au profit des non- résidents de l'assiette soumises à l'impôt sur le revenu des personnes physiques,Déduction
LF2025,111001601,irpp,,املؤسســات الناشــئة مــن أســاس الرضيبــة عــى دخــل طرح,2023,0.401,True,Déduction des revenus réinvestis dans la souscription au capital initial des Entreprises Innovantes (Startups) de l'assiette soumises à l'impôt sur le revenu des personnes physiques,Déduction
LF2025,111001601,irpp,,املؤسســات الناشــئة مــن أســاس الرضيبــة عــى دخــل طرح,2022,0.456,True,Déduction des revenus réinvestis dans la souscription au capital initial des Entreprises Innovantes (Startups) de l'assiette soumises à l'impôt sur le revenu des personnes physiques,Déduction
LF2025,111001601,irpp,,املؤسســات الناشــئة مــن أســاس الرضيبــة عــى دخــل طرح,2021,0.693,True,Déduction des revenus réinvestis dans la souscription au capital initial des Entreprises Innovantes (Startups) de l'assiette soumises à l'impôt sur le revenu des personnes physiques,Déduction
LF2025,111001603,irpp,,االنطــاق أو يف غريهــا مــن مؤسســات االســتمثار والــي طرح,2023,0.132,True,"Déduction des revenus réinvestis dans la souscription au capital des sociétés d’investissement à capital risque, ou placés auprès d'elles sous forme de fonds à capital risque, de fonds collectifs de placement à risque, de fonds d’amorçage ou de tout autre organisme d’investissement , qui s’engagent à employer 65% au moins du capital libéré ou de tout montant mis à leur disposition ou des parts libérées, dans la participation au capital des Startups de l'assiette soumises à l'impôt sur le revenu des personnes physiques",Déduction
LF2025,111001603,irpp,,االنطــاق أو يف غريهــا مــن مؤسســات االســتمثار والــي طرح,2022,0.165,True,"Déduction des revenus réinvestis dans la souscription au capital des sociétés d’investissement à capital risque, ou placés auprès d'elles sous forme de fonds à capital risque, de fonds collectifs de placement à risque, de fonds d’amorçage ou de tout autre organisme d’investissement , qui s’engagent à employer 65% au moins du capital libéré ou de tout montant mis à leur disposition ou des parts libérées, dans la participation au capital des Startups de l'assiette soumises à l'impôt sur le revenu des personnes physiques",Déduction
LF2025,111001603,irpp,,االنطــاق أو يف غريهــا مــن مؤسســات االســتمثار والــي طرح,2021,0.048,True,"Déduction des revenus réinvestis dans la souscription au capital des sociétés d’investissement à capital risque, ou placés auprès d'elles sous forme de fonds à capital risque, de fonds collectifs de placement à risque, de fonds d’amorçage ou de tout autre organisme d’investissement , qui s’engagent à employer 65% au moins du capital libéré ou de tout montant mis à leur disposition ou des parts libérées, dans la participation au capital des Startups de l'assiette soumises à l'impôt sur le revenu des personnes physiques",Déduction
LF2025,111001701,irpp,,طرح,2023,0.0,True,"Déductibles dans la limite de 25% du revenu imposable, les revenus réinvestis dans la souscription, dans le cadre d'une restructuration financière, au capital des hôtels touristiques",Déduction
LF2025,111001701,irpp,,طرح,2022,0.0,True,"Déductibles dans la limite de 25% du revenu imposable, les revenus réinvestis dans la souscription, dans le cadre d'une restructuration financière, au capital des hôtels touristiques",Déduction
LF2025,111001701,irpp,,طرح,2021,0.0,True,"Déductibles dans la limite de 25% du revenu imposable, les revenus réinvestis dans la souscription, dans le cadre d'une restructuration financière, au capital des hôtels touristiques",Déduction
LF2025,111101201,irpp,,غير مقيّم غير مقيّم غير مقيّم طرح,2023,,False,"Déduction des mécénats accordés aux affaires, organisations à but générale, ou à but lucratifs de l'assiette soumises à l'impôt sur le revenu des personnes physiques",Déduction
LF2025,111101201,irpp,,غير مقيّم غير مقيّم غير مقيّم طرح,2022,,False,"Déduction des mécénats accordés aux affaires, organisations à but générale, ou à but lucratifs de l'assiette soumises à l'impôt sur le revenu des personnes physiques",Déduction
LF2025,111101201,irpp,,غير مقيّم غير مقيّم غير مقيّم طرح,2021,,False,"Déduction des mécénats accordés aux affaires, organisations à but générale, ou à but lucratifs de l'assiette soumises à l'impôt sur le revenu des personnes physiques",Déduction
LF2025,111101203,irpp,,املنزتهــات العائليــة و احلرضيــة مــن أســاس الرضيبــة عــى غير مقيّم غير مقيّم غير مقيّم طرح,2023,,False,"Déduction des mécénats accordés aux entreprises, projets et œuvres à caractère culturel et à la création et à l’entretien des espaces verts et des parcs familiaux et ruraux de l'assiette soumises à l'impôt sur le revenu des personnes physiques",Déduction
LF2025,111101203,irpp,,املنزتهــات العائليــة و احلرضيــة مــن أســاس الرضيبــة عــى غير مقيّم غير مقيّم غير مقيّم طرح,2022,,False,"Déduction des mécénats accordés aux entreprises, projets et œuvres à caractère culturel et à la création et à l’entretien des espaces verts et des parcs familiaux et ruraux de l'assiette soumises à l'impôt sur le revenu des personnes physiques",Déduction
LF2025,111101203,irpp,,املنزتهــات العائليــة و احلرضيــة مــن أســاس الرضيبــة عــى غير مقيّم غير مقيّم غير مقيّم طرح,2021,,False,"Déduction des mécénats accordés aux entreprises, projets et œuvres à caractère culturel et à la création et à l’entretien des espaces verts et des parcs familiaux et ruraux de l'assiette soumises à l'impôt sur le revenu des personnes physiques",Déduction
LF2025,111101205,irpp,,طرح,2023,0.011,True,"Déduction suppléméntaire de 30% au titre des amortissements des machines, du matériel et des équipements destinés à l'exploitation, acquis ou fabriqués dans le cadre d'opérations d'extension de l'assiette soumises à l'impôt sur le revenu des personnes physiques, par les",Déduction
LF2025,111101205,irpp,,طرح,2022,0.0,True,"Déduction suppléméntaire de 30% au titre des amortissements des machines, du matériel et des équipements destinés à l'exploitation, acquis ou fabriqués dans le cadre d'opérations d'extension de l'assiette soumises à l'impôt sur le revenu des personnes physiques, par les",Déduction
LF2025,111101205,irpp,,طرح,2021,0.0,True,"Déduction suppléméntaire de 30% au titre des amortissements des machines, du matériel et des équipements destinés à l'exploitation, acquis ou fabriqués dans le cadre d'opérations d'extension de l'assiette soumises à l'impôt sur le revenu des personnes physiques, par les",Déduction
LF2025,111103701,irpp,,املنشــا األجنــي بالنســبة لملتقاعديــن باخلــارج و الــي مت غير مقيّم غير مقيّم غير مقيّم طرح,2023,,False,Déduction de 80% des pensions et rentes viagères en cas de les transférer en compte bancaire ou postal en Tunisie de l'assiette soumises à l'impôt sur le revenu des personnes physiques,Déduction
LF2025,111103701,irpp,,املنشــا األجنــي بالنســبة لملتقاعديــن باخلــارج و الــي مت غير مقيّم غير مقيّم غير مقيّم طرح,2022,,False,Déduction de 80% des pensions et rentes viagères en cas de les transférer en compte bancaire ou postal en Tunisie de l'assiette soumises à l'impôt sur le revenu des personnes physiques,Déduction
LF2025,111103701,irpp,,املنشــا األجنــي بالنســبة لملتقاعديــن باخلــارج و الــي مت غير مقيّم غير مقيّم غير مقيّم طرح,2021,,False,Déduction de 80% des pensions et rentes viagères en cas de les transférer en compte bancaire ou postal en Tunisie de l'assiette soumises à l'impôt sur le revenu des personnes physiques,Déduction
LF2025,111103801,irpp,,الســكين مــن أســاس الرضيبــة عــى دخــل األخشــاص غير مقيّم غير مقيّم غير مقيّم طرح,2023,,False,Déduction des intérêts de l'épargne logement servis aux titulaires de contrats d'épargne logement de l'assiette soumises à l'impôt sur le revenu des personnes physiques,Déduction
LF2025,111103801,irpp,,الســكين مــن أســاس الرضيبــة عــى دخــل األخشــاص غير مقيّم غير مقيّم غير مقيّم طرح,2022,,False,Déduction des intérêts de l'épargne logement servis aux titulaires de contrats d'épargne logement de l'assiette soumises à l'impôt sur le revenu des personnes physiques,Déduction
LF2025,111103801,irpp,,الســكين مــن أســاس الرضيبــة عــى دخــل األخشــاص غير مقيّم غير مقيّم غير مقيّم طرح,2021,,False,Déduction des intérêts de l'épargne logement servis aux titulaires de contrats d'épargne logement de l'assiette soumises à l'impôt sur le revenu des personnes physiques,Déduction
LF2025,111103802,irpp,,القابــل للتحويــل مــن أســاس الرضيبــة عــى دخــل األخشــاص غير مقيّم غير مقيّم غير مقيّم طرح,2023,,False,Déduction des intérêts des dépôts et de titres en devises ou en dinars convertibles de l'assiette soumises à l'impôt sur le revenu des personnes physiques,Déduction
LF2025,111103802,irpp,,القابــل للتحويــل مــن أســاس الرضيبــة عــى دخــل األخشــاص غير مقيّم غير مقيّم غير مقيّم طرح,2022,,False,Déduction des intérêts des dépôts et de titres en devises ou en dinars convertibles de l'assiette soumises à l'impôt sur le revenu des personnes physiques,Déduction
LF2025,111103802,irpp,,القابــل للتحويــل مــن أســاس الرضيبــة عــى دخــل األخشــاص غير مقيّم غير مقيّم غير مقيّم طرح,2021,,False,Déduction des intérêts des dépôts et de titres en devises ou en dinars convertibles de l'assiette soumises à l'impôt sur le revenu des personnes physiques,Déduction
LF2025,111103803,irpp,,و مســتغلني فالحيــن مــن أســاس الرضيبــة عــى دخــل غير مقيّم غير مقيّم غير مقيّم طرح,2023,,False,"Déduction des intérêts des comptes courants ouverts entre industriels, commerçants ou exploitants agricoles de l'assiette soumises à l'impôt sur le revenu des personnes physiques",Déduction
LF2025,111103803,irpp,,و مســتغلني فالحيــن مــن أســاس الرضيبــة عــى دخــل غير مقيّم غير مقيّم غير مقيّم طرح,2022,,False,"Déduction des intérêts des comptes courants ouverts entre industriels, commerçants ou exploitants agricoles de l'assiette soumises à l'impôt sur le revenu des personnes physiques",Déduction
LF2025,111103803,irpp,,و مســتغلني فالحيــن مــن أســاس الرضيبــة عــى دخــل غير مقيّم غير مقيّم غير مقيّم طرح,2021,,False,"Déduction des intérêts des comptes courants ouverts entre industriels, commerçants ou exploitants agricoles de l'assiette soumises à l'impôt sur le revenu des personnes physiques",Déduction
LF2025,111103804,irpp,,غير مقيّم غير مقيّم غير مقيّم طرح,2023,,False,"Déduction de l'indemnité d'expatriation, émoluments, indemnités et autres avantages reçus par les salariés au titre de leur activité à l'étranger de l'assiette soumises à l'impôt sur le revenu des personnes physiques",Déduction
LF2025,111103804,irpp,,غير مقيّم غير مقيّم غير مقيّم طرح,2022,,False,"Déduction de l'indemnité d'expatriation, émoluments, indemnités et autres avantages reçus par les salariés au titre de leur activité à l'étranger de l'assiette soumises à l'impôt sur le revenu des personnes physiques",Déduction
LF2025,111103804,irpp,,غير مقيّم غير مقيّم غير مقيّم طرح,2021,,False,"Déduction de l'indemnité d'expatriation, émoluments, indemnités et autres avantages reçus par les salariés au titre de leur activité à l'étranger de l'assiette soumises à l'impôt sur le revenu des personnes physiques",Déduction
LF2025,111103805,irpp,,البنــوك لفائــدة األبنــاء مــن أســاس الرضيبــة عــى دخــل غير مقيّم غير مقيّم غير مقيّم طرح,2023,,False,Déduction des intérêts des comptes d'épargne pour les études ouverts auprès des banques par les parents au profit de leurs enfants de l'assiette soumises à l'impôt sur le revenu des personnes physiques,Déduction
LF2025,111103805,irpp,,البنــوك لفائــدة األبنــاء مــن أســاس الرضيبــة عــى دخــل غير مقيّم غير مقيّم غير مقيّم طرح,2022,,False,Déduction des intérêts des comptes d'épargne pour les études ouverts auprès des banques par les parents au profit de leurs enfants de l'assiette soumises à l'impôt sur le revenu des personnes physiques,Déduction
LF2025,111103805,irpp,,البنــوك لفائــدة األبنــاء مــن أســاس الرضيبــة عــى دخــل غير مقيّم غير مقيّم غير مقيّم طرح,2021,,False,Déduction des intérêts des comptes d'épargne pour les études ouverts auprès des banques par les parents au profit de leurs enfants de l'assiette soumises à l'impôt sur le revenu des personnes physiques,Déduction
LF2025,111103806,irpp,,امجلــايع عــى احليــاة و عقــود تكويــن األمــوال مــن أســاس غير مقيّم غير مقيّم غير مقيّم طرح,2023,,False,Déduction des cotisations payées par les employeurs dans le cadre des contrats collectifs assurance- vie et des contrats de capitalisation de l'assiette,Déduction
LF2025,111103806,irpp,,امجلــايع عــى احليــاة و عقــود تكويــن األمــوال مــن أســاس غير مقيّم غير مقيّم غير مقيّم طرح,2022,,False,Déduction des cotisations payées par les employeurs dans le cadre des contrats collectifs assurance- vie et des contrats de capitalisation de l'assiette,Déduction
LF2025,111103806,irpp,,امجلــايع عــى احليــاة و عقــود تكويــن األمــوال مــن أســاس غير مقيّم غير مقيّم غير مقيّم طرح,2021,,False,Déduction des cotisations payées par les employeurs dans le cadre des contrats collectifs assurance- vie et des contrats de capitalisation de l'assiette,Déduction
LF2025,111103807,irpp,,غير مقيّم غير مقيّم غير مقيّم طرح,2023,,False,"Déduction des intérêts des ""comptes épargne pour l’investissement"" de l'assiette soumises à l'impôt sur le revenu des personnes physiques",Déduction
LF2025,111103807,irpp,,غير مقيّم غير مقيّم غير مقيّم طرح,2022,,False,"Déduction des intérêts des ""comptes épargne pour l’investissement"" de l'assiette soumises à l'impôt sur le revenu des personnes physiques",Déduction
LF2025,111103807,irpp,,غير مقيّم غير مقيّم غير مقيّم طرح,2021,,False,"Déduction des intérêts des ""comptes épargne pour l’investissement"" de l'assiette soumises à l'impôt sur le revenu des personnes physiques",Déduction
LF2025,111103808,irpp,,غير مقيّم غير مقيّم غير مقيّم طرح,2023,,False,Déduction des sommes payées dans le cadre de l’exécution des contrats d’assurance de l'assiette soumises à l'impôt sur le revenu des personnes physiques,Déduction
LF2025,111103808,irpp,,غير مقيّم غير مقيّم غير مقيّم طرح,2022,,False,Déduction des sommes payées dans le cadre de l’exécution des contrats d’assurance de l'assiette soumises à l'impôt sur le revenu des personnes physiques,Déduction
LF2025,111103808,irpp,,غير مقيّم غير مقيّم غير مقيّم طرح,2021,,False,Déduction des sommes payées dans le cadre de l’exécution des contrats d’assurance de l'assiette soumises à l'impôt sur le revenu des personnes physiques,Déduction
LF2025,111103810,irpp,,للزراعــات الكــرى مــن أســاس الرضيبــة عىل دخــل األخشاص طرح,2023,0.0,True,Déduction des revenus provenant de la location des terres agricoles réservées aux grandes cultures de l'assiette soumises à l'impôt sur le revenu des personnes physiques,Déduction
LF2025,111103810,irpp,,للزراعــات الكــرى مــن أســاس الرضيبــة عىل دخــل األخشاص طرح,2022,0.0,True,Déduction des revenus provenant de la location des terres agricoles réservées aux grandes cultures de l'assiette soumises à l'impôt sur le revenu des personnes physiques,Déduction
LF2025,111103810,irpp,,للزراعــات الكــرى مــن أســاس الرضيبــة عىل دخــل األخشاص طرح,2021,0.0,True,Déduction des revenus provenant de la location des terres agricoles réservées aux grandes cultures de l'assiette soumises à l'impôt sur le revenu des personnes physiques,Déduction
LF2025,111103811,irpp,,غير مقيّم غير مقيّم غير مقيّم طرح,2023,,False,Déduction des sommes provenant des jeux de paris mutuels sur les courses de chevaux et des concours de pronostics sportifs de l'assiette soumises à l'impôt sur le revenu des personnes physiques,Déduction
LF2025,111103811,irpp,,غير مقيّم غير مقيّم غير مقيّم طرح,2022,,False,Déduction des sommes provenant des jeux de paris mutuels sur les courses de chevaux et des concours de pronostics sportifs de l'assiette soumises à l'impôt sur le revenu des personnes physiques,Déduction
LF2025,111103811,irpp,,غير مقيّم غير مقيّم غير مقيّم طرح,2021,,False,Déduction des sommes provenant des jeux de paris mutuels sur les courses de chevaux et des concours de pronostics sportifs de l'assiette soumises à l'impôt sur le revenu des personnes physiques,Déduction
LF2025,111103812,irpp,,غير مقيّم غير مقيّم غير مقيّم اإلعفاء,2023,,False,,
LF2025,111103812,irpp,,غير مقيّم غير مقيّم غير مقيّم اإلعفاء,2022,,False,,
LF2025,111103812,irpp,,غير مقيّم غير مقيّم غير مقيّم اإلعفاء,2021,,False,,
LF2025,111103901,irpp,,و عقــود تكويــن األمــوال مــن أســاس الرضيبــة عــى دخــل طرح,2023,43.771,True,Déduction des primes afférentes aux contrats d'assurance vie individuels ou collectifs et des contrats de capitalisation de l'assiette soumises à l'impôt sur le revenu des personnes physiques,Déduction
LF2025,111103901,irpp,,و عقــود تكويــن األمــوال مــن أســاس الرضيبــة عــى دخــل طرح,2022,44.304,True,Déduction des primes afférentes aux contrats d'assurance vie individuels ou collectifs et des contrats de capitalisation de l'assiette soumises à l'impôt sur le revenu des personnes physiques,Déduction
LF2025,111103901,irpp,,و عقــود تكويــن األمــوال مــن أســاس الرضيبــة عــى دخــل طرح,2021,29.453,True,Déduction des primes afférentes aux contrats d'assurance vie individuels ou collectifs et des contrats de capitalisation de l'assiette soumises à l'impôt sur le revenu des personnes physiques,Déduction
LF2025,111103902,irpp,,و فوائدهــا مــن أســاس الرضيبــة عــى دخــل األخشــاص غير مقيّم غير مقيّم غير مقيّم طرح,2023,,False,Déduction des sommes payées au titre du remboursement des prêts universitaires en principal et en intérêts de l'assiette soumises à l'impôt sur le revenu des personnes physiques,Déduction
LF2025,111103902,irpp,,و فوائدهــا مــن أســاس الرضيبــة عــى دخــل األخشــاص غير مقيّم غير مقيّم غير مقيّم طرح,2022,,False,Déduction des sommes payées au titre du remboursement des prêts universitaires en principal et en intérêts de l'assiette soumises à l'impôt sur le revenu des personnes physiques,Déduction
LF2025,111103902,irpp,,و فوائدهــا مــن أســاس الرضيبــة عــى دخــل األخشــاص غير مقيّم غير مقيّم غير مقيّم طرح,2021,,False,Déduction des sommes payées au titre du remboursement des prêts universitaires en principal et en intérêts de l'assiette soumises à l'impôt sur le revenu des personnes physiques,Déduction
LF2025,111103903,irpp,,باقتنــاء أو ببنــاء املســكن الواحــد مــن أســاس الرضيبــة عــى غير مقيّم غير مقيّم غير مقيّم طرح,2023,,False,Déduction des intérêts payés au titre des prêts relatifs à l’acquisition ou à la construction d’un logement social de l'assiette soumises à l'impôt sur le revenu des personnes physiques,Déduction
LF2025,111103903,irpp,,باقتنــاء أو ببنــاء املســكن الواحــد مــن أســاس الرضيبــة عــى غير مقيّم غير مقيّم غير مقيّم طرح,2022,,False,Déduction des intérêts payés au titre des prêts relatifs à l’acquisition ou à la construction d’un logement social de l'assiette soumises à l'impôt sur le revenu des personnes physiques,Déduction
LF2025,111103903,irpp,,باقتنــاء أو ببنــاء املســكن الواحــد مــن أســاس الرضيبــة عــى غير مقيّم غير مقيّم غير مقيّم طرح,2021,,False,Déduction des intérêts payés au titre des prêts relatifs à l’acquisition ou à la construction d’un logement social de l'assiette soumises à l'impôt sur le revenu des personnes physiques,Déduction
LF2025,111103904,irpp,,اخلاصــة لالدخــار مــن أســاس الرضيبــة عــى دخــل األخشاص غير مقيّم غير مقيّم غير مقيّم طرح,2023,,False,Déduction des intérêts perçus par le contribuable au cours de l'année au titre des comptes spéciaux d'épargne de l'assiette,Déduction
LF2025,111103904,irpp,,اخلاصــة لالدخــار مــن أســاس الرضيبــة عــى دخــل األخشاص غير مقيّم غير مقيّم غير مقيّم طرح,2022,,False,Déduction des intérêts perçus par le contribuable au cours de l'année au titre des comptes spéciaux d'épargne de l'assiette,Déduction
LF2025,111103904,irpp,,اخلاصــة لالدخــار مــن أســاس الرضيبــة عــى دخــل األخشاص غير مقيّم غير مقيّم غير مقيّم طرح,2021,,False,Déduction des intérêts perçus par le contribuable au cours de l'année au titre des comptes spéciaux d'épargne de l'assiette,Déduction
LF2025,111103905,irpp,,طرح,2023,0.102,True,Déduction des revenus réalisés par les contribuables au titre de la location d'immeubles au profit des étudiants de l'assiette soumises à l'impôt sur le revenu des personnes physiques (10 ans),Déduction
LF2025,111103905,irpp,,طرح,2022,0.126,True,Déduction des revenus réalisés par les contribuables au titre de la location d'immeubles au profit des étudiants de l'assiette soumises à l'impôt sur le revenu des personnes physiques (10 ans),Déduction
LF2025,111103905,irpp,,طرح,2021,0.103,True,Déduction des revenus réalisés par les contribuables au titre de la location d'immeubles au profit des étudiants de l'assiette soumises à l'impôt sur le revenu des personnes physiques (10 ans),Déduction
LF2025,111103906,irpp,,و املتكونــن مبراكــز التكويــن املهــي مــن أســاس الرضيبــة طرح,2023,0.0,True,Déduction des revenus réalisés par les contribuables au titre de la restauration au profit des étudiants de l'assiette soumises à l'impôt sur le revenu des personnes physiques (10 ans),Déduction
LF2025,111103906,irpp,,و املتكونــن مبراكــز التكويــن املهــي مــن أســاس الرضيبــة طرح,2022,0.0,True,Déduction des revenus réalisés par les contribuables au titre de la restauration au profit des étudiants de l'assiette soumises à l'impôt sur le revenu des personnes physiques (10 ans),Déduction
LF2025,111103906,irpp,,و املتكونــن مبراكــز التكويــن املهــي مــن أســاس الرضيبــة طرح,2021,0.0,True,Déduction des revenus réalisés par les contribuables au titre de la restauration au profit des étudiants de l'assiette soumises à l'impôt sur le revenu des personnes physiques (10 ans),Déduction
LF2025,111103907,irpp,,أســاس الرضيبــة عــى دخــل األخشــاص الطبيعيــن ( طرح,2023,0.0,True,Déduction partielle des revenus provenant des opérations de courtage international de l'assiette soumises à l'impôt sur le revenu des personnes physiques (10 ans),Déduction
LF2025,111103907,irpp,,أســاس الرضيبــة عــى دخــل األخشــاص الطبيعيــن ( طرح,2022,0.0,True,Déduction partielle des revenus provenant des opérations de courtage international de l'assiette soumises à l'impôt sur le revenu des personnes physiques (10 ans),Déduction
LF2025,111103907,irpp,,أســاس الرضيبــة عــى دخــل األخشــاص الطبيعيــن ( طرح,2021,0.005,True,Déduction partielle des revenus provenant des opérations de courtage international de l'assiette soumises à l'impôt sur le revenu des personnes physiques (10 ans),Déduction
LF2025,111103908,irpp,,امجلــايع االجمتــايع أو االقتصــادي مــن أســاس الرضيبــة طرح,2023,0.0,True,"Déduction des revenus provenant de la location des constructions verticales destinées à l'habitat collectif, social ou économique de l'assiette soumises à l'impôt sur le revenu des personnes physiques (10 ans)",Déduction
LF2025,111103908,irpp,,امجلــايع االجمتــايع أو االقتصــادي مــن أســاس الرضيبــة طرح,2022,0.002,True,"Déduction des revenus provenant de la location des constructions verticales destinées à l'habitat collectif, social ou économique de l'assiette soumises à l'impôt sur le revenu des personnes physiques (10 ans)",Déduction
LF2025,111103908,irpp,,امجلــايع االجمتــايع أو االقتصــادي مــن أســاس الرضيبــة طرح,2021,0.0,True,"Déduction des revenus provenant de la location des constructions verticales destinées à l'habitat collectif, social ou économique de l'assiette soumises à l'impôt sur le revenu des personnes physiques (10 ans)",Déduction
LF2025,111103909,irpp,,طرح,2023,28.184,True,"Déduction des sommes déposées dans "" Comptes Epargnes en Actions"" de l'assiette soumises à l'impôt sur le revenu des personnes physiques",Déduction
LF2025,111103909,irpp,,طرح,2022,36.432,True,"Déduction des sommes déposées dans "" Comptes Epargnes en Actions"" de l'assiette soumises à l'impôt sur le revenu des personnes physiques",Déduction
LF2025,111103909,irpp,,طرح,2021,33.335,True,"Déduction des sommes déposées dans "" Comptes Epargnes en Actions"" de l'assiette soumises à l'impôt sur le revenu des personnes physiques",Déduction
LF2025,111103910,irpp,,للتشــغيل مــن أســاس الرضيبــة عــى دخــل األخشــاص غير مقيّم غير مقيّم غير مقيّم طرح,2023,,False,Les dons et subventions accordées au profit du Fonds National de l'Emploi de l'assiette soumises à l'impôt sur le revenu des personnes physiques,Déduction
LF2025,111103910,irpp,,للتشــغيل مــن أســاس الرضيبــة عــى دخــل األخشــاص غير مقيّم غير مقيّم غير مقيّم طرح,2022,,False,Les dons et subventions accordées au profit du Fonds National de l'Emploi de l'assiette soumises à l'impôt sur le revenu des personnes physiques,Déduction
LF2025,111103910,irpp,,للتشــغيل مــن أســاس الرضيبــة عــى دخــل األخشــاص غير مقيّم غير مقيّم غير مقيّم طرح,2021,,False,Les dons et subventions accordées au profit du Fonds National de l'Emploi de l'assiette soumises à l'impôt sur le revenu des personnes physiques,Déduction
LF2025,111103911,irpp,,واإلرشــاد اجلبــايئ مــن أســاس الرضيبــة عــى دخــل طرح,2023,0.044,True,Déduction partielle des revenus provenant de l'exploitation des bureaux d'encadrement et d'assistance fiscales de l'assiette soumises à l'impôt sur le revenu des personnes physiques(3 ans),Déduction
LF2025,111103911,irpp,,واإلرشــاد اجلبــايئ مــن أســاس الرضيبــة عــى دخــل طرح,2022,0.396,True,Déduction partielle des revenus provenant de l'exploitation des bureaux d'encadrement et d'assistance fiscales de l'assiette soumises à l'impôt sur le revenu des personnes physiques(3 ans),Déduction
LF2025,111103911,irpp,,واإلرشــاد اجلبــايئ مــن أســاس الرضيبــة عــى دخــل طرح,2021,0.874,True,Déduction partielle des revenus provenant de l'exploitation des bureaux d'encadrement et d'assistance fiscales de l'assiette soumises à l'impôt sur le revenu des personnes physiques(3 ans),Déduction
LF2025,111103912,irpp,,طرح,2023,1.042,True,"Déduction des sommes déposées dans des comptes intitulés "" comptes épargne pour l'investissement "" de l'assiette soumises à l'impôt sur le revenu des personnes physiques",Déduction
LF2025,111103912,irpp,,طرح,2022,1.676,True,"Déduction des sommes déposées dans des comptes intitulés "" comptes épargne pour l'investissement "" de l'assiette soumises à l'impôt sur le revenu des personnes physiques",Déduction
LF2025,111103912,irpp,,طرح,2021,1.899,True,"Déduction des sommes déposées dans des comptes intitulés "" comptes épargne pour l'investissement "" de l'assiette soumises à l'impôt sur le revenu des personnes physiques",Déduction
LF2025,111103913,irpp,,للتوظيــف امجلــايع الــي تســتعمل موجوداهتــا يف االكتتــاب طرح,2023,0.098,True,Déduction des revenus réinvestis dans l'acquisition des parts de fonds d'amorçage et des parts des fonds communs de placement collectifs de l'assiette soumises à l'impôt sur le revenu des personnes physiques,Déduction
LF2025,111103913,irpp,,للتوظيــف امجلــايع الــي تســتعمل موجوداهتــا يف االكتتــاب طرح,2022,0.131,True,Déduction des revenus réinvestis dans l'acquisition des parts de fonds d'amorçage et des parts des fonds communs de placement collectifs de l'assiette soumises à l'impôt sur le revenu des personnes physiques,Déduction
LF2025,111103913,irpp,,للتوظيــف امجلــايع الــي تســتعمل موجوداهتــا يف االكتتــاب طرح,2021,0.085,True,Déduction des revenus réinvestis dans l'acquisition des parts de fonds d'amorçage et des parts des fonds communs de placement collectifs de l'assiette soumises à l'impôt sur le revenu des personnes physiques,Déduction
LF2025,111103914,irpp,,طرح,2023,0.471,True,Déduction des revenus réinvestis dans l'acquisition des entreprises en difficultés économiques dans le cadre du règlement judiciaire de l'assiette soumises à l'impôt sur le revenu des personnes physiques,Déduction
LF2025,111103914,irpp,,طرح,2022,0.679,True,Déduction des revenus réinvestis dans l'acquisition des entreprises en difficultés économiques dans le cadre du règlement judiciaire de l'assiette soumises à l'impôt sur le revenu des personnes physiques,Déduction
LF2025,111103914,irpp,,طرح,2021,0.742,True,Déduction des revenus réinvestis dans l'acquisition des entreprises en difficultés économiques dans le cadre du règlement judiciaire de l'assiette soumises à l'impôt sur le revenu des personnes physiques,Déduction
LF2025,111103915,irpp,,الصغــرى و املتوســطة مــن أســاس الرضيبــة عــى دخــل طرح,2023,0.007,True,Déduction des revenus provenant de l'exploitation des activités des petits et moyens entreprises de l'assiette soumises à l'impôt sur le revenu des personnes physiques (3 ans),Déduction
LF2025,111103915,irpp,,الصغــرى و املتوســطة مــن أســاس الرضيبــة عــى دخــل طرح,2022,0.069,True,Déduction des revenus provenant de l'exploitation des activités des petits et moyens entreprises de l'assiette soumises à l'impôt sur le revenu des personnes physiques (3 ans),Déduction
LF2025,111103915,irpp,,الصغــرى و املتوســطة مــن أســاس الرضيبــة عــى دخــل طرح,2021,0.096,True,Déduction des revenus provenant de l'exploitation des activités des petits et moyens entreprises de l'assiette soumises à l'impôt sur le revenu des personnes physiques (3 ans),Déduction
LF2025,111104001,irpp,,العــايل دون االنتفــاع مبنحــة مــن أســاس الرضيبــة عــى دخــل غير مقيّم غير مقيّم غير مقيّم طرح,2023,,False,Déduction par enfant poursuivant des études supérieures sans bénéfice de bourse de l'assiette soumises à l'impôt sur le revenu des personnes physiques,Déduction
LF2025,111104001,irpp,,العــايل دون االنتفــاع مبنحــة مــن أســاس الرضيبــة عــى دخــل غير مقيّم غير مقيّم غير مقيّم طرح,2022,,False,Déduction par enfant poursuivant des études supérieures sans bénéfice de bourse de l'assiette soumises à l'impôt sur le revenu des personnes physiques,Déduction
LF2025,111104001,irpp,,العــايل دون االنتفــاع مبنحــة مــن أســاس الرضيبــة عــى دخــل غير مقيّم غير مقيّم غير مقيّم طرح,2021,,False,Déduction par enfant poursuivant des études supérieures sans bénéfice de bourse de l'assiette soumises à l'impôt sur le revenu des personnes physiques,Déduction
LF2025,111104002,irpp,,غير مقيّم غير مقيّم غير مقيّم طرح,2023,,False,,
LF2025,111104002,irpp,,غير مقيّم غير مقيّم غير مقيّم طرح,2022,,False,,
LF2025,111104002,irpp,,غير مقيّم غير مقيّم غير مقيّم طرح,2021,,False,,
LF2025,111106301,irpp,,التمنيــة اجلهويــة مــن أســاس الرضيبــة عــى دخــل األخشــاص طرح,2023,1.034,True,Déduction des revenus provenant des investissements directs réalisés dans les zones de développement régional de l'assiette soumises à l'impôt sur le revenu des personnes physiques (régime de 5 ans),Déduction
LF2025,111106301,irpp,,التمنيــة اجلهويــة مــن أســاس الرضيبــة عــى دخــل األخشــاص طرح,2022,0.589,True,Déduction des revenus provenant des investissements directs réalisés dans les zones de développement régional de l'assiette soumises à l'impôt sur le revenu des personnes physiques (régime de 5 ans),Déduction
LF2025,111106301,irpp,,التمنيــة اجلهويــة مــن أســاس الرضيبــة عــى دخــل األخشــاص طرح,2021,0.468,True,Déduction des revenus provenant des investissements directs réalisés dans les zones de développement régional de l'assiette soumises à l'impôt sur le revenu des personnes physiques (régime de 5 ans),Déduction
LF2025,111106303,irpp,,التمنيــة اجلهويــة مــن أســاس الرضيبــة عــى دخــل األخشــاص طرح,2023,5.186,True,Déduction des revenus provenant des investissements directs réalisés dans les zones de développement régional de l'assiette soumises à l'impôt sur le revenu des personnes physiques (régime de 10 ans),Déduction
LF2025,111106303,irpp,,التمنيــة اجلهويــة مــن أســاس الرضيبــة عــى دخــل األخشــاص طرح,2022,6.353,True,Déduction des revenus provenant des investissements directs réalisés dans les zones de développement régional de l'assiette soumises à l'impôt sur le revenu des personnes physiques (régime de 10 ans),Déduction
LF2025,111106303,irpp,,التمنيــة اجلهويــة مــن أســاس الرضيبــة عــى دخــل األخشــاص طرح,2021,5.775,True,Déduction des revenus provenant des investissements directs réalisés dans les zones de développement régional de l'assiette soumises à l'impôt sur le revenu des personnes physiques (régime de 10 ans),Déduction
LF2025,111106501,irpp,,قطــاع الفالحــة و الصيــد البحــري مــن أســاس الرضيبــة عــى طرح,2023,14.044,True,Déduction des revenus provenant des investissements directs dans le secteur de l’agriculture et de la pêche de l'assiette soumises à l'impôt sur le revenu des personnes physiques,Déduction
LF2025,111106501,irpp,,قطــاع الفالحــة و الصيــد البحــري مــن أســاس الرضيبــة عــى طرح,2022,25.893,True,Déduction des revenus provenant des investissements directs dans le secteur de l’agriculture et de la pêche de l'assiette soumises à l'impôt sur le revenu des personnes physiques,Déduction
LF2025,111106501,irpp,,قطــاع الفالحــة و الصيــد البحــري مــن أســاس الرضيبــة عــى طرح,2021,22.649,True,Déduction des revenus provenant des investissements directs dans le secteur de l’agriculture et de la pêche de l'assiette soumises à l'impôt sur le revenu des personnes physiques,Déduction
LF2025,111107101,irpp,,مــن قبــل املؤسســات جديــد اإلحــداث مــن أســاس الرضيبــة طرح,2023,9.973,True,Déduction d'une quote-part des revenus provenant des investissements réalisés par les entreprises nouvellement crées de,Déduction
LF2025,111107101,irpp,,مــن قبــل املؤسســات جديــد اإلحــداث مــن أســاس الرضيبــة طرح,2022,8.743,True,Déduction d'une quote-part des revenus provenant des investissements réalisés par les entreprises nouvellement crées de,Déduction
LF2025,111107101,irpp,,مــن قبــل املؤسســات جديــد اإلحــداث مــن أســاس الرضيبــة طرح,2021,4.745,True,Déduction d'une quote-part des revenus provenant des investissements réalisés par les entreprises nouvellement crées de,Déduction
LF2025,111107301,irpp,,طرح,2023,4.547,True,Déduction des revenus réinvestis dans la souscription au capital initial des entreprises implantées dans les zones de développement régional de l'assiette soumises à l'impôt sur le revenu des personnes physiques,Déduction
LF2025,111107301,irpp,,طرح,2022,4.997,True,Déduction des revenus réinvestis dans la souscription au capital initial des entreprises implantées dans les zones de développement régional de l'assiette soumises à l'impôt sur le revenu des personnes physiques,Déduction
LF2025,111107301,irpp,,طرح,2021,6.699,True,Déduction des revenus réinvestis dans la souscription au capital initial des entreprises implantées dans les zones de développement régional de l'assiette soumises à l'impôt sur le revenu des personnes physiques,Déduction
LF2025,111107303,irpp,,طرح,2023,0.681,True,Déduction des revenus réinvestis dans la souscription au capital initial des entreprises réalisant des investissements dans le secteur de l’agriculture et de la pêche de l'assiette soumises à l'impôt sur le revenu des personnes physiques,Déduction
LF2025,111107303,irpp,,طرح,2022,1.031,True,Déduction des revenus réinvestis dans la souscription au capital initial des entreprises réalisant des investissements dans le secteur de l’agriculture et de la pêche de l'assiette soumises à l'impôt sur le revenu des personnes physiques,Déduction
LF2025,111107303,irpp,,طرح,2021,3.771,True,Déduction des revenus réinvestis dans la souscription au capital initial des entreprises réalisant des investissements dans le secteur de l’agriculture et de la pêche de l'assiette soumises à l'impôt sur le revenu des personnes physiques,Déduction
LF2025,111107401,irpp,,طرح,2023,0.016,True,Déduction des revenus réinvestis dans la souscription au capital initial des entreprises totalement exportatrices de l'assiette soumises à l'impôt sur le revenu des personnes physiques,Déduction
LF2025,111107401,irpp,,طرح,2022,0.024,True,Déduction des revenus réinvestis dans la souscription au capital initial des entreprises totalement exportatrices de l'assiette soumises à l'impôt sur le revenu des personnes physiques,Déduction
LF2025,111107401,irpp,,طرح,2021,0.052,True,Déduction des revenus réinvestis dans la souscription au capital initial des entreprises totalement exportatrices de l'assiette soumises à l'impôt sur le revenu des personnes physiques,Déduction
LF2025,111107403,irpp,,طرح,2023,0.039,True,Déduction des revenus réinvestis dans la souscription au capital initial des entreprises réalisant des investissements dans le domaine de la technologie ou sa maîtrise et des investissement d’innovation dans tous les secteurs économiques de l'assiette soumises à l'impôt sur le revenu des personnes physiques,Déduction
LF2025,111107403,irpp,,طرح,2022,0.0,True,Déduction des revenus réinvestis dans la souscription au capital initial des entreprises réalisant des investissements dans le domaine de la technologie ou sa maîtrise et des investissement d’innovation dans tous les secteurs économiques de l'assiette soumises à l'impôt sur le revenu des personnes physiques,Déduction
LF2025,111107403,irpp,,طرح,2021,0.0,True,Déduction des revenus réinvestis dans la souscription au capital initial des entreprises réalisant des investissements dans le domaine de la technologie ou sa maîtrise et des investissement d’innovation dans tous les secteurs économiques de l'assiette soumises à l'impôt sur le revenu des personnes physiques,Déduction
LF2025,111107601,irpp,,املؤسســات احملدثــة مــن قبــل الباعثــن الشــبان مــن أســاس طرح,2023,0.137,True,Déduction des revenus réinvestis dans la souscription au capital initial des entreprises créées par les jeunes diplômés de l'enseignement supérieur de l'assiette soumises à l'impôt sur le revenu des personnes physiques,Déduction
LF2025,111107601,irpp,,املؤسســات احملدثــة مــن قبــل الباعثــن الشــبان مــن أســاس طرح,2022,0.16,True,Déduction des revenus réinvestis dans la souscription au capital initial des entreprises créées par les jeunes diplômés de l'enseignement supérieur de l'assiette soumises à l'impôt sur le revenu des personnes physiques,Déduction
LF2025,111107601,irpp,,املؤسســات احملدثــة مــن قبــل الباعثــن الشــبان مــن أســاس طرح,2021,0.077,True,Déduction des revenus réinvestis dans la souscription au capital initial des entreprises créées par les jeunes diplômés de l'enseignement supérieur de l'assiette soumises à l'impôt sur le revenu des personnes physiques,Déduction
LF2025,111107701,irpp,,طرح,2023,0.139,True,Déduction des revenus souscrits au capital des sociétés d'investissement à capital risque ou placés auprès d'elles sous forme de fonds à capital risque ou aux parts des fonds communs de placement à risque qui emploient le capital souscrit et libéré ou les montants déposés sous forme de fonds à capital risque dans la souscription aux actions ou aux parts sociales ou aux obligations,Déduction
LF2025,111107701,irpp,,طرح,2022,0.307,True,Déduction des revenus souscrits au capital des sociétés d'investissement à capital risque ou placés auprès d'elles sous forme de fonds à capital risque ou aux parts des fonds communs de placement à risque qui emploient le capital souscrit et libéré ou les montants déposés sous forme de fonds à capital risque dans la souscription aux actions ou aux parts sociales ou aux obligations,Déduction
LF2025,111107701,irpp,,طرح,2021,0.249,True,Déduction des revenus souscrits au capital des sociétés d'investissement à capital risque ou placés auprès d'elles sous forme de fonds à capital risque ou aux parts des fonds communs de placement à risque qui emploient le capital souscrit et libéré ou les montants déposés sous forme de fonds à capital risque dans la souscription aux actions ou aux parts sociales ou aux obligations,Déduction
LF2025,111107703,irpp,,املوظفــة لدهيــا يف شــل صناديــق ذات رأس مــال تمنيــة0. ، طرح,2023,,False,Déduction des revenus souscrits au capital des sociétés d'investissement à capital risque ou placés auprès d'elles sous forme de fonds à capital risque ou aux parts des fonds communs de placement à risque qui emploient le capital souscrit et libéré ou les montants déposés sous forme de fonds à capital risque dans la souscription aux actions ou aux parts sociales ou aux obligations convertibles en actions émises par les entreprises réalisant des investissements dans le secteur de l’agriculture et de la pêche et les entreprises implantées dans les zones de développement régional de l'assiette soumises à l'impôt sur le revenu des personnes physiques,Déduction
LF2025,111107703,irpp,,املوظفــة لدهيــا يف شــل صناديــق ذات رأس مــال تمنيــة0. ، طرح,2022,,False,Déduction des revenus souscrits au capital des sociétés d'investissement à capital risque ou placés auprès d'elles sous forme de fonds à capital risque ou aux parts des fonds communs de placement à risque qui emploient le capital souscrit et libéré ou les montants déposés sous forme de fonds à capital risque dans la souscription aux actions ou aux parts sociales ou aux obligations convertibles en actions émises par les entreprises réalisant des investissements dans le secteur de l’agriculture et de la pêche et les entreprises implantées dans les zones de développement régional de l'assiette soumises à l'impôt sur le revenu des personnes physiques,Déduction
LF2025,111107703,irpp,,املوظفــة لدهيــا يف شــل صناديــق ذات رأس مــال تمنيــة0. ، طرح,2021,,False,Déduction des revenus souscrits au capital des sociétés d'investissement à capital risque ou placés auprès d'elles sous forme de fonds à capital risque ou aux parts des fonds communs de placement à risque qui emploient le capital souscrit et libéré ou les montants déposés sous forme de fonds à capital risque dans la souscription aux actions ou aux parts sociales ou aux obligations convertibles en actions émises par les entreprises réalisant des investissements dans le secteur de l’agriculture et de la pêche et les entreprises implantées dans les zones de développement régional de l'assiette soumises à l'impôt sur le revenu des personnes physiques,Déduction
LF2025,111601201,irpp,,عــى دخــل األخشــاص الطبيعيــن (طــرح لكــي خــال طرح,2023,0.486,True,Déduction des revenus provenant de l'activité des entreprises totalement exportatrices de l'assiette soumises à l'impôt sur le revenu des personnes physiques (100% & 50%),Déduction
LF2025,111601201,irpp,,عــى دخــل األخشــاص الطبيعيــن (طــرح لكــي خــال طرح,2022,1.273,True,Déduction des revenus provenant de l'activité des entreprises totalement exportatrices de l'assiette soumises à l'impôt sur le revenu des personnes physiques (100% & 50%),Déduction
LF2025,111601201,irpp,,عــى دخــل األخشــاص الطبيعيــن (طــرح لكــي خــال طرح,2021,1.952,True,Déduction des revenus provenant de l'activité des entreprises totalement exportatrices de l'assiette soumises à l'impôt sur le revenu des personnes physiques (100% & 50%),Déduction
LF2025,111602203,irpp,,طرح,2023,0.25,True,Déduction des revenus provenant de l'activité des entreprises partiellement exportatrices de l'assiette soumises à l'impôt sur le revenu des personnes physiques,Déduction
LF2025,111602203,irpp,,طرح,2022,0.531,True,Déduction des revenus provenant de l'activité des entreprises partiellement exportatrices de l'assiette soumises à l'impôt sur le revenu des personnes physiques,Déduction
LF2025,111602203,irpp,,طرح,2021,0.909,True,Déduction des revenus provenant de l'activité des entreprises partiellement exportatrices de l'assiette soumises à l'impôt sur le revenu des personnes physiques,Déduction
LF2025,111604701,irpp,,الطبيعيــن بالنســبة لملؤسســات الصغــرى و املتوســطة ( 5غير مقيّم غير مقيّم غير مقيّم طرح,2023,,False,Déduction de 20% des revenus provenant de l'activité des Petits & Moyens Entreprises de l'assiette soumises à l'impôt sur le revenu des personnes physiques (5 ans),Déduction
LF2025,111604701,irpp,,الطبيعيــن بالنســبة لملؤسســات الصغــرى و املتوســطة ( 5غير مقيّم غير مقيّم غير مقيّم طرح,2022,,False,Déduction de 20% des revenus provenant de l'activité des Petits & Moyens Entreprises de l'assiette soumises à l'impôt sur le revenu des personnes physiques (5 ans),Déduction
LF2025,111604701,irpp,,الطبيعيــن بالنســبة لملؤسســات الصغــرى و املتوســطة ( 5غير مقيّم غير مقيّم غير مقيّم طرح,2021,,False,Déduction de 20% des revenus provenant de l'activité des Petits & Moyens Entreprises de l'assiette soumises à l'impôt sur le revenu des personnes physiques (5 ans),Déduction
LF2025,111605601,irpp,,يف منطقــة مينائيــة خمصصــة لســياحة العبــور مــن أســاس طرح,2023,0.005,True,Déduction des revenus provenant des investissements réalisés par les entreprises qui gèrent une zone portuaire réservée au tourisme de croisière de l'assiette soumises à l'impôt sur le revenu des personnes physiques (20 ans),Déduction
LF2025,111605601,irpp,,يف منطقــة مينائيــة خمصصــة لســياحة العبــور مــن أســاس طرح,2022,0.004,True,Déduction des revenus provenant des investissements réalisés par les entreprises qui gèrent une zone portuaire réservée au tourisme de croisière de l'assiette soumises à l'impôt sur le revenu des personnes physiques (20 ans),Déduction
LF2025,111605601,irpp,,يف منطقــة مينائيــة خمصصــة لســياحة العبــور مــن أســاس طرح,2021,0.016,True,Déduction des revenus provenant des investissements réalisés par les entreprises qui gèrent une zone portuaire réservée au tourisme de croisière de l'assiette soumises à l'impôt sur le revenu des personnes physiques (20 ans),Déduction
LF2025,113000410,irpp,,غير مقيّم غير مقيّم اإلعفاء,2023,,False,Exonération des revenus provenant des ventes de déchets pour recyclage,Exonération
LF2025,113000410,irpp,,غير مقيّم غير مقيّم اإلعفاء,2022,,False,Exonération des revenus provenant des ventes de déchets pour recyclage,Exonération
LF2025,113000410,irpp,,غير مقيّم غير مقيّم اإلعفاء,2021,,False,Exonération des revenus provenant des ventes de déchets pour recyclage,Exonération
LF2025,113605101,irpp,,اإلعفاء مــن أســاس الرضيبــة عــى دخــل األخشــاص الطبيعيــن (,2023,0.0,True,Exonération de l’impôt sur le revenu des personnes physiques au titre des revenus provenant de la réalisation de zones industrielles (5 ans),Exonération
LF2025,113605101,irpp,,اإلعفاء مــن أســاس الرضيبــة عــى دخــل األخشــاص الطبيعيــن (,2022,0.002,True,Exonération de l’impôt sur le revenu des personnes physiques au titre des revenus provenant de la réalisation de zones industrielles (5 ans),Exonération
LF2025,113605101,irpp,,اإلعفاء مــن أســاس الرضيبــة عــى دخــل األخشــاص الطبيعيــن (,2021,0.001,True,Exonération de l’impôt sur le revenu des personnes physiques au titre des revenus provenant de la réalisation de zones industrielles (5 ans),Exonération
LF2025,113605201,irpp,,اإلعفاء لالســتمثارات الــي تكتــي أمهيــة خاصــة لالقتصــاد الوطــي,2023,0.0,True,Exonération des revenus au titre des investissements réalisés dans les activités prometteuses et ayant un taux d'intégration élevé (5 ans),Exonération
LF2025,113605201,irpp,,اإلعفاء لالســتمثارات الــي تكتــي أمهيــة خاصــة لالقتصــاد الوطــي,2022,0.0,True,Exonération des revenus au titre des investissements réalisés dans les activités prometteuses et ayant un taux d'intégration élevé (5 ans),Exonération
LF2025,113605201,irpp,,اإلعفاء لالســتمثارات الــي تكتــي أمهيــة خاصــة لالقتصــاد الوطــي,2021,0.0,True,Exonération des revenus au titre des investissements réalisés dans les activités prometteuses et ayant un taux d'intégration élevé (5 ans),Exonération
LF2025,111103916,irpp,,طرح الرقاعيــة املســؤولة اجمتاعيــا املســتدامة مــن أســاس الرضيبــة غير مقيّم غير مقيّم غير مقيّم,2023,,False,,
LF2025,111103916,irpp,,طرح الرقاعيــة املســؤولة اجمتاعيــا املســتدامة مــن أســاس الرضيبــة غير مقيّم غير مقيّم غير مقيّم,2022,,False,,
LF2025,111103916,irpp,,طرح الرقاعيــة املســؤولة اجمتاعيــا املســتدامة مــن أســاس الرضيبــة غير مقيّم غير مقيّم غير مقيّم,2021,,False,,
LF2025,111101101,irpp,,طرح املنخرطــة يف برنــاجم الهنــوض بالطفولــة املبكــرة مــن أســاس غير مقيّم غير مقيّم غير مقيّم,2023,,False,,
LF2025,111101101,irpp,,طرح املنخرطــة يف برنــاجم الهنــوض بالطفولــة املبكــرة مــن أســاس غير مقيّم غير مقيّم غير مقيّم,2022,,False,,
LF2025,111101101,irpp,,طرح املنخرطــة يف برنــاجم الهنــوض بالطفولــة املبكــرة مــن أســاس غير مقيّم غير مقيّم غير مقيّم,2021,,False,,
LF2025,111101206,irpp,,غير مقيّم غير مقيّم غير مقيّم طرح,2023,,False,,
LF2025,111101206,irpp,,غير مقيّم غير مقيّم غير مقيّم طرح,2022,,False,,
LF2025,111101206,irpp,,غير مقيّم غير مقيّم غير مقيّم طرح,2021,,False,,
LF2025,111101207,irpp,,طرح األخــر واألزرق والدائــري والتمنيــة املســتدامة مــن أســاس غير مقيّم غير مقيّم غير مقيّم,2023,,False,,
LF2025,111101207,irpp,,طرح األخــر واألزرق والدائــري والتمنيــة املســتدامة مــن أســاس غير مقيّم غير مقيّم غير مقيّم,2022,,False,,
LF2025,111101207,irpp,,طرح األخــر واألزرق والدائــري والتمنيــة املســتدامة مــن أســاس غير مقيّم غير مقيّم غير مقيّم,2021,,False,,
LF2025,113001901,irpp,,اإلعفاء الناجتــة عــن نشــاط الــراكت األهليــة عــى املشــاركني فهيــا غير مقيّم غير مقيّم غير مقيّم,2023,,False,,
LF2025,113001901,irpp,,اإلعفاء الناجتــة عــن نشــاط الــراكت األهليــة عــى املشــاركني فهيــا غير مقيّم غير مقيّم غير مقيّم,2022,,False,,
LF2025,113001901,irpp,,اإلعفاء الناجتــة عــن نشــاط الــراكت األهليــة عــى املشــاركني فهيــا غير مقيّم غير مقيّم غير مقيّم,2021,,False,,
LF2025,121000302,is,,طرح,2023,0.0,True,Réduction d'impôt au titre des bénéfices réinvestis dans la souscription au capital initial ou à son augmentation des Etablissements Publics,Réduction
LF2025,121000302,is,,طرح,2022,0.0,True,Réduction d'impôt au titre des bénéfices réinvestis dans la souscription au capital initial ou à son augmentation des Etablissements Publics,Réduction
LF2025,121000302,is,,طرح,2021,0.0,True,Réduction d'impôt au titre des bénéfices réinvestis dans la souscription au capital initial ou à son augmentation des Etablissements Publics,Réduction
LF2025,121000303,is,,طرح,2023,0.0,True,Exonération des bénéfices réalisés par les Etablissements Publics de l'impôt sur les sociétés,Exonération
LF2025,121000303,is,,طرح,2022,0.0,True,Exonération des bénéfices réalisés par les Etablissements Publics de l'impôt sur les sociétés,Exonération
LF2025,121000303,is,,طرح,2021,0.0,True,Exonération des bénéfices réalisés par les Etablissements Publics de l'impôt sur les sociétés,Exonération
LF2025,121000402,is,,فضــاءات األنشــطة االقتصاديــة مــن أســاس الرضيبــة عــى طرح,2023,0.0,True,Déduction des bénéfices provenant de l'activité des entreprises implantées dans les Parcs d'Activité Economiques de l'assiette soumises à l'impôt sur les sociétés,Déduction
LF2025,121000402,is,,فضــاءات األنشــطة االقتصاديــة مــن أســاس الرضيبــة عــى طرح,2022,0.0,True,Déduction des bénéfices provenant de l'activité des entreprises implantées dans les Parcs d'Activité Economiques de l'assiette soumises à l'impôt sur les sociétés,Déduction
LF2025,121000402,is,,فضــاءات األنشــطة االقتصاديــة مــن أســاس الرضيبــة عــى طرح,2021,0.0,True,Déduction des bénéfices provenant de l'activité des entreprises implantées dans les Parcs d'Activité Economiques de l'assiette soumises à l'impôt sur les sociétés,Déduction
LF2025,121000404,is,,املؤسســات املنتصبــة بفضــاءات األنشــطة االقتصاديــة مــن طرح,2023,0.0,True,Déduction des bénéfices réinvestis dans la souscription au capital initial ou à son augmentation des entreprises implantées dans les Parcs d'Activité Economiques de l'assiette soumises à l'impôt sur les sociétés,Déduction
LF2025,121000404,is,,املؤسســات املنتصبــة بفضــاءات األنشــطة االقتصاديــة مــن طرح,2022,0.0,True,Déduction des bénéfices réinvestis dans la souscription au capital initial ou à son augmentation des entreprises implantées dans les Parcs d'Activité Economiques de l'assiette soumises à l'impôt sur les sociétés,Déduction
LF2025,121000404,is,,املؤسســات املنتصبــة بفضــاءات األنشــطة االقتصاديــة مــن طرح,2021,0.0,True,Déduction des bénéfices réinvestis dans la souscription au capital initial ou à son augmentation des entreprises implantées dans les Parcs d'Activité Economiques de l'assiette soumises à l'impôt sur les sociétés,Déduction
LF2025,121000502,is,,غير مقيّم غير مقيّم غير مقيّم طرح,2023,,False,Déduction de 50% des dépenses de travaux d'amélioration effectués par les propriétaires portant sur des monuments historiques de l'assiette soumises à l'impôt sur les sociétés,Déduction
LF2025,121000502,is,,غير مقيّم غير مقيّم غير مقيّم طرح,2022,,False,Déduction de 50% des dépenses de travaux d'amélioration effectués par les propriétaires portant sur des monuments historiques de l'assiette soumises à l'impôt sur les sociétés,Déduction
LF2025,121000502,is,,غير مقيّم غير مقيّم غير مقيّم طرح,2021,,False,Déduction de 50% des dépenses de travaux d'amélioration effectués par les propriétaires portant sur des monuments historiques de l'assiette soumises à l'impôt sur les sociétés,Déduction
LF2025,121000604,is,,املؤسســات الصحيــة اخلاصــة الــي تســدي اكمــل خدماهتــا طرح,2023,0.0,True,Déduction des bénéfices réinvestis dans la souscription au capital initial ou à son augmentation des établissements de santé prêtant la totalité de leurs services au profit des non-résidents de l'assiette soumises à l'impôt sur les sociétés,Déduction
LF2025,121000604,is,,املؤسســات الصحيــة اخلاصــة الــي تســدي اكمــل خدماهتــا طرح,2022,0.0,True,Déduction des bénéfices réinvestis dans la souscription au capital initial ou à son augmentation des établissements de santé prêtant la totalité de leurs services au profit des non-résidents de l'assiette soumises à l'impôt sur les sociétés,Déduction
LF2025,121000604,is,,املؤسســات الصحيــة اخلاصــة الــي تســدي اكمــل خدماهتــا طرح,2021,0.0,True,Déduction des bénéfices réinvestis dans la souscription au capital initial ou à son augmentation des établissements de santé prêtant la totalité de leurs services au profit des non-résidents de l'assiette soumises à l'impôt sur les sociétés,Déduction
LF2025,121001401,is,,طرح,2023,0.0,True,Déduction des bénéfices provenant des projets d'intérêt national (10 ans) de la base de l'impôt sur les sociétés,Déduction
LF2025,121001401,is,,طرح,2022,0.0,True,Déduction des bénéfices provenant des projets d'intérêt national (10 ans) de la base de l'impôt sur les sociétés,Déduction
LF2025,121001401,is,,طرح,2021,0.0,True,Déduction des bénéfices provenant des projets d'intérêt national (10 ans) de la base de l'impôt sur les sociétés,Déduction
LF2025,121001602,is,,طرح,2023,0.867,True,Déduction des bénéfices réinvestis dans la souscription au capital initial ou à son augmentation des Entreprises Innovantes (Startups) de la base de l'impôt sur les sociétés,Déduction
LF2025,121001602,is,,طرح,2022,0.073,True,Déduction des bénéfices réinvestis dans la souscription au capital initial ou à son augmentation des Entreprises Innovantes (Startups) de la base de l'impôt sur les sociétés,Déduction
LF2025,121001602,is,,طرح,2021,0.132,True,Déduction des bénéfices réinvestis dans la souscription au capital initial ou à son augmentation des Entreprises Innovantes (Startups) de la base de l'impôt sur les sociétés,Déduction
LF2025,121001604,is,,االنطــاق أو يف غريهــا مــن مؤسســات االســتمثار والــي طرح,2023,2.545,True,"Déduction des bénéfices réinvestis dans la souscription au capital des sociétés d’investissement à capital risque, ou placés auprès d'elles sous forme de fonds à capital risque, de fonds collectifs de placement à risque, de fonds d’amorçage ou de tout autre organisme d’investissement , qui s’engagent à employer 65% au moins du capital libéré ou de tout montant mis à leur disposition ou des parts libérées, dans la participation au capital des Startups de la base de l'impôt sur les sociétés",Déduction
LF2025,121001604,is,,االنطــاق أو يف غريهــا مــن مؤسســات االســتمثار والــي طرح,2022,5.067,True,"Déduction des bénéfices réinvestis dans la souscription au capital des sociétés d’investissement à capital risque, ou placés auprès d'elles sous forme de fonds à capital risque, de fonds collectifs de placement à risque, de fonds d’amorçage ou de tout autre organisme d’investissement , qui s’engagent à employer 65% au moins du capital libéré ou de tout montant mis à leur disposition ou des parts libérées, dans la participation au capital des Startups de la base de l'impôt sur les sociétés",Déduction
LF2025,121001604,is,,االنطــاق أو يف غريهــا مــن مؤسســات االســتمثار والــي طرح,2021,0.405,True,"Déduction des bénéfices réinvestis dans la souscription au capital des sociétés d’investissement à capital risque, ou placés auprès d'elles sous forme de fonds à capital risque, de fonds collectifs de placement à risque, de fonds d’amorçage ou de tout autre organisme d’investissement , qui s’engagent à employer 65% au moins du capital libéré ou de tout montant mis à leur disposition ou des parts libérées, dans la participation au capital des Startups de la base de l'impôt sur les sociétés",Déduction
LF2025,121001702,is,,طرح,2023,0.0,True,"Déductibles, dans la limite de 25% du bénéfice imposable, les bénéfices réinvestis dans la souscription, dans le cadre d'une restructuration financière, au capital des hôtels touristiques de la base de l'impôt sur les sociétés",Déduction
LF2025,121001702,is,,طرح,2022,0.0,True,"Déductibles, dans la limite de 25% du bénéfice imposable, les bénéfices réinvestis dans la souscription, dans le cadre d'une restructuration financière, au capital des hôtels touristiques de la base de l'impôt sur les sociétés",Déduction
LF2025,121001702,is,,طرح,2021,0.0,True,"Déductibles, dans la limite de 25% du bénéfice imposable, les bénéfices réinvestis dans la souscription, dans le cadre d'une restructuration financière, au capital des hôtels touristiques de la base de l'impôt sur les sociétés",Déduction
LF2025,121001801,is,,بالســوق البديلــة ببورصــة األوراق املاليــة بتونــس خــال الفــرة غير مقيّم غير مقيّم غير مقيّم طرح,2023,,False,,
LF2025,121001801,is,,بالســوق البديلــة ببورصــة األوراق املاليــة بتونــس خــال الفــرة غير مقيّم غير مقيّم غير مقيّم طرح,2022,,False,,
LF2025,121001801,is,,بالســوق البديلــة ببورصــة األوراق املاليــة بتونــس خــال الفــرة غير مقيّم غير مقيّم غير مقيّم طرح,2021,,False,,
LF2025,121101202,is,,غير مقيّم غير مقيّم غير مقيّم طرح,2023,,False,"Déduction des mécénats accordés aux affaires, organisations à but générale, ou à but lucratifs de l'assiette soumises à l'impôt sur les sociétés",Déduction
LF2025,121101202,is,,غير مقيّم غير مقيّم غير مقيّم طرح,2022,,False,"Déduction des mécénats accordés aux affaires, organisations à but générale, ou à but lucratifs de l'assiette soumises à l'impôt sur les sociétés",Déduction
LF2025,121101202,is,,غير مقيّم غير مقيّم غير مقيّم طرح,2021,,False,"Déduction des mécénats accordés aux affaires, organisations à but générale, ou à but lucratifs de l'assiette soumises à l'impôt sur les sociétés",Déduction
LF2025,121101204,is,,واملنزتهــات العائليــة و احلرضيــة مــن أســاس الرضيبــة عــى غير مقيّم غير مقيّم غير مقيّم طرح,2023,,False,"Déduction des mécénats accordés aux entreprises, projets et œuvres à caractère culturel et à la création et à l’entretien des espaces verts et des parcs familiaux et ruraux de la base de l'impôt sur les sociétés",Déduction
LF2025,121101204,is,,واملنزتهــات العائليــة و احلرضيــة مــن أســاس الرضيبــة عــى غير مقيّم غير مقيّم غير مقيّم طرح,2022,,False,"Déduction des mécénats accordés aux entreprises, projets et œuvres à caractère culturel et à la création et à l’entretien des espaces verts et des parcs familiaux et ruraux de la base de l'impôt sur les sociétés",Déduction
LF2025,121101204,is,,واملنزتهــات العائليــة و احلرضيــة مــن أســاس الرضيبــة عــى غير مقيّم غير مقيّم غير مقيّم طرح,2021,,False,"Déduction des mécénats accordés aux entreprises, projets et œuvres à caractère culturel et à la création et à l’entretien des espaces verts et des parcs familiaux et ruraux de la base de l'impôt sur les sociétés",Déduction
LF2025,121101206,is,,طرح,2023,2.38,True,"Déduction supplémentaire de 30% au titre des amortissements des machines, du matériel et des équipements destinés à l'exploitation, acquis ou fabriqués dans le cadre d'opérations d'extension de la base de l'impôt sur les sociétés, par les entreprises nouvellement crées autre que celles",Déduction
LF2025,121101206,is,,طرح,2022,4.007,True,"Déduction supplémentaire de 30% au titre des amortissements des machines, du matériel et des équipements destinés à l'exploitation, acquis ou fabriqués dans le cadre d'opérations d'extension de la base de l'impôt sur les sociétés, par les entreprises nouvellement crées autre que celles",Déduction
LF2025,121101206,is,,طرح,2021,3.252,True,"Déduction supplémentaire de 30% au titre des amortissements des machines, du matériel et des équipements destinés à l'exploitation, acquis ou fabriqués dans le cadre d'opérations d'extension de la base de l'impôt sur les sociétés, par les entreprises nouvellement crées autre que celles",Déduction
LF2025,121104801,is,,طرح,2023,0.102,True,Déduction des bénéfices réalisés par les contribuables au titre de la location d’immeubles au profit des étudiants de l'assiette soumises à l’impôt sur les sociétés (10 ans),Déduction
LF2025,121104801,is,,طرح,2022,0.126,True,Déduction des bénéfices réalisés par les contribuables au titre de la location d’immeubles au profit des étudiants de l'assiette soumises à l’impôt sur les sociétés (10 ans),Déduction
LF2025,121104801,is,,طرح,2021,0.062,True,Déduction des bénéfices réalisés par les contribuables au titre de la location d’immeubles au profit des étudiants de l'assiette soumises à l’impôt sur les sociétés (10 ans),Déduction
LF2025,121104802,is,,و املتكونــن مبراكــز التكويــن املهــي مــن أســاس الرضيبــة طرح,2023,0.0,True,Déduction des bénéfices réalisés par les contribuables au titre de la restauration au profit des étudiants de l'assiette soumises à l'impôt sur les sociétés (10 ans),Déduction
LF2025,121104802,is,,و املتكونــن مبراكــز التكويــن املهــي مــن أســاس الرضيبــة طرح,2022,0.0,True,Déduction des bénéfices réalisés par les contribuables au titre de la restauration au profit des étudiants de l'assiette soumises à l'impôt sur les sociétés (10 ans),Déduction
LF2025,121104802,is,,و املتكونــن مبراكــز التكويــن املهــي مــن أســاس الرضيبــة طرح,2021,0.0,True,Déduction des bénéfices réalisés par les contribuables au titre de la restauration au profit des étudiants de l'assiette soumises à l'impôt sur les sociétés (10 ans),Déduction
LF2025,121104803,is,,طرح,2023,0.0,True,Déduction totale ou partielle (50%) de la plus-value provenant des opérations de cession ou de rétrocession des titres et des droits réalisés par les sociétés d'investissement à capital risque de l'assiette soumises à l'impôt sur les sociétés,Déduction
LF2025,121104803,is,,طرح,2022,0.0,True,Déduction totale ou partielle (50%) de la plus-value provenant des opérations de cession ou de rétrocession des titres et des droits réalisés par les sociétés d'investissement à capital risque de l'assiette soumises à l'impôt sur les sociétés,Déduction
LF2025,121104803,is,,طرح,2021,0.0,True,Déduction totale ou partielle (50%) de la plus-value provenant des opérations de cession ou de rétrocession des titres et des droits réalisés par les sociétés d'investissement à capital risque de l'assiette soumises à l'impôt sur les sociétés,Déduction
LF2025,121104804,is,,طرح,2023,0.0,True,Déduction de la plus-value de cession des actions réalisée par les établissements de crédit ayant la qualité de banque de l'assiette soumises à l'impôt sur les sociétés,Déduction
LF2025,121104804,is,,طرح,2022,0.0,True,Déduction de la plus-value de cession des actions réalisée par les établissements de crédit ayant la qualité de banque de l'assiette soumises à l'impôt sur les sociétés,Déduction
LF2025,121104804,is,,طرح,2021,0.04,True,Déduction de la plus-value de cession des actions réalisée par les établissements de crédit ayant la qualité de banque de l'assiette soumises à l'impôt sur les sociétés,Déduction
LF2025,121104805,is,,غير مقيّم غير مقيّم غير مقيّم طرح,2023,,False,Déduction des intérêts des dépôts et de titres en devises ou en dinars convertibles de l'assiette soumises à l’impôt sur les sociétés,Déduction
LF2025,121104805,is,,غير مقيّم غير مقيّم غير مقيّم طرح,2022,,False,Déduction des intérêts des dépôts et de titres en devises ou en dinars convertibles de l'assiette soumises à l’impôt sur les sociétés,Déduction
LF2025,121104805,is,,غير مقيّم غير مقيّم غير مقيّم طرح,2021,,False,Déduction des intérêts des dépôts et de titres en devises ou en dinars convertibles de l'assiette soumises à l’impôt sur les sociétés,Déduction
LF2025,121104806,is,,طرح,2023,0.0,True,Déduction de 50% des bénéfices provenant des opérations de courtage international de l'assiette soumises à l'impôt sur les sociétés (10 ans),Déduction
LF2025,121104806,is,,طرح,2022,0.0,True,Déduction de 50% des bénéfices provenant des opérations de courtage international de l'assiette soumises à l'impôt sur les sociétés (10 ans),Déduction
LF2025,121104806,is,,طرح,2021,0.0,True,Déduction de 50% des bénéfices provenant des opérations de courtage international de l'assiette soumises à l'impôt sur les sociétés (10 ans),Déduction
LF2025,121104807,is,,امجلــايع االجمتــايع أو االقتصــادي مــن أســاس الرضيبــة طرح,2023,0.281,True,"Déduction des bénéfices provenant de la location des constructions verticales destinées à l'habitat collectif, social ou économique de l'assiette soumises à l'impôt sur les sociétés (10 ans)",Déduction
LF2025,121104807,is,,امجلــايع االجمتــايع أو االقتصــادي مــن أســاس الرضيبــة طرح,2022,0.284,True,"Déduction des bénéfices provenant de la location des constructions verticales destinées à l'habitat collectif, social ou économique de l'assiette soumises à l'impôt sur les sociétés (10 ans)",Déduction
LF2025,121104807,is,,امجلــايع االجمتــايع أو االقتصــادي مــن أســاس الرضيبــة طرح,2021,3.043,True,"Déduction des bénéfices provenant de la location des constructions verticales destinées à l'habitat collectif, social ou économique de l'assiette soumises à l'impôt sur les sociétés (10 ans)",Déduction
LF2025,121104808,is,,غير مقيّم غير مقيّم غير مقيّم طرح,2023,,False,Déduction des dons et subventions accordées au profit du Fonds National,Déduction
LF2025,121104808,is,,غير مقيّم غير مقيّم غير مقيّم طرح,2022,,False,Déduction des dons et subventions accordées au profit du Fonds National,Déduction
LF2025,121104808,is,,غير مقيّم غير مقيّم غير مقيّم طرح,2021,,False,Déduction des dons et subventions accordées au profit du Fonds National,Déduction
LF2025,121104809,is,,واإلرشــاد اجلبــايئ مــن أســاس الرضيبــة عــى الــراكت طرح,2023,0.344,True,Partielle des bénéfices provenant de l’exploitation des bureaux d’accompagnement et du conseil fiscal de la base imposable (3 années),Déduction
LF2025,121104809,is,,واإلرشــاد اجلبــايئ مــن أســاس الرضيبــة عــى الــراكت طرح,2022,0.457,True,Partielle des bénéfices provenant de l’exploitation des bureaux d’accompagnement et du conseil fiscal de la base imposable (3 années),Déduction
LF2025,121104809,is,,واإلرشــاد اجلبــايئ مــن أســاس الرضيبــة عــى الــراكت طرح,2021,1.312,True,Partielle des bénéfices provenant de l’exploitation des bureaux d’accompagnement et du conseil fiscal de la base imposable (3 années),Déduction
LF2025,121104810,is,,للتوظيــف امجلــايع الــي تســتعمل موجوداهتــا يف االكتتــاب طرح,2023,4.755,True,Déduction des bénéfices réinvestis dans l'acquisition des parts de fonds d'amorçage et des parts des fonds communs de placement collectifs de l'assiette soumises à l'impôt sur les sociétés,Déduction
LF2025,121104810,is,,للتوظيــف امجلــايع الــي تســتعمل موجوداهتــا يف االكتتــاب طرح,2022,1.058,True,Déduction des bénéfices réinvestis dans l'acquisition des parts de fonds d'amorçage et des parts des fonds communs de placement collectifs de l'assiette soumises à l'impôt sur les sociétés,Déduction
LF2025,121104810,is,,للتوظيــف امجلــايع الــي تســتعمل موجوداهتــا يف االكتتــاب طرح,2021,0.15,True,Déduction des bénéfices réinvestis dans l'acquisition des parts de fonds d'amorçage et des parts des fonds communs de placement collectifs de l'assiette soumises à l'impôt sur les sociétés,Déduction
LF2025,121104811,is,,غير مقيّم غير مقيّم غير مقيّم طرح,2023,,False,Déduction des dépenses engagées pour la réalisation de l’opération d’essaimage de l'assiette soumises à l'impôt sur les sociétés,Déduction
LF2025,121104811,is,,غير مقيّم غير مقيّم غير مقيّم طرح,2022,,False,Déduction des dépenses engagées pour la réalisation de l’opération d’essaimage de l'assiette soumises à l'impôt sur les sociétés,Déduction
LF2025,121104811,is,,غير مقيّم غير مقيّم غير مقيّم طرح,2021,,False,Déduction des dépenses engagées pour la réalisation de l’opération d’essaimage de l'assiette soumises à l'impôt sur les sociétés,Déduction
LF2025,121104812,is,,متــر بصعوبــات اقتصاديــة يف إطــار التســوية القضائيــة مــن غير مقيّم غير مقيّم غير مقيّم طرح,2023,,False,Déduction des bénéfices réinvestis dans l'acquisition des entreprises en difficultés économiques dans le cadre du règlement judiciaire de l'assiette soumises à l'impôt sur les sociétés,Déduction
LF2025,121104812,is,,متــر بصعوبــات اقتصاديــة يف إطــار التســوية القضائيــة مــن غير مقيّم غير مقيّم غير مقيّم طرح,2022,,False,Déduction des bénéfices réinvestis dans l'acquisition des entreprises en difficultés économiques dans le cadre du règlement judiciaire de l'assiette soumises à l'impôt sur les sociétés,Déduction
LF2025,121104812,is,,متــر بصعوبــات اقتصاديــة يف إطــار التســوية القضائيــة مــن غير مقيّم غير مقيّم غير مقيّم طرح,2021,,False,Déduction des bénéfices réinvestis dans l'acquisition des entreprises en difficultés économiques dans le cadre du règlement judiciaire de l'assiette soumises à l'impôt sur les sociétés,Déduction
LF2025,121104813,is,,طرح,2023,0.017,True,Déduction des bénéfices provenant de la location des terres agricoles réservées aux grandes cultures de l'assiette soumises à l'impôt sur les sociétés,Déduction
LF2025,121104813,is,,طرح,2022,0.004,True,Déduction des bénéfices provenant de la location des terres agricoles réservées aux grandes cultures de l'assiette soumises à l'impôt sur les sociétés,Déduction
LF2025,121104813,is,,طرح,2021,0.026,True,Déduction des bénéfices provenant de la location des terres agricoles réservées aux grandes cultures de l'assiette soumises à l'impôt sur les sociétés,Déduction
LF2025,121104814,is,,الصغــرى و املتوســطة مــن أســاس الرضيبــة عــى الــراكت طرح,2023,0.0,True,Déduction des bénéfices provenant de l'exploitation des activités des petits et moyens entreprises de l'assiette soumises à l’impôt sur les sociétés (3 ans),Déduction
LF2025,121104814,is,,الصغــرى و املتوســطة مــن أســاس الرضيبــة عــى الــراكت طرح,2022,0.002,True,Déduction des bénéfices provenant de l'exploitation des activités des petits et moyens entreprises de l'assiette soumises à l’impôt sur les sociétés (3 ans),Déduction
LF2025,121104814,is,,الصغــرى و املتوســطة مــن أســاس الرضيبــة عــى الــراكت طرح,2021,0.0,True,Déduction des bénéfices provenant de l'exploitation des activités des petits et moyens entreprises de l'assiette soumises à l’impôt sur les sociétés (3 ans),Déduction
LF2025,121106302,is,,طرح,2023,14.861,True,Déduction des bénéfices provenant des investissements directs réalisés dans les zones de développement régional de l'assiette soumises à l'impôt sur les sociétés (régime de 5 ans),Déduction
LF2025,121106302,is,,طرح,2022,10.616,True,Déduction des bénéfices provenant des investissements directs réalisés dans les zones de développement régional de l'assiette soumises à l'impôt sur les sociétés (régime de 5 ans),Déduction
LF2025,121106302,is,,طرح,2021,12.57,True,Déduction des bénéfices provenant des investissements directs réalisés dans les zones de développement régional de l'assiette soumises à l'impôt sur les sociétés (régime de 5 ans),Déduction
LF2025,121106304,is,,طرح,2023,32.359,True,Déduction des bénéfices provenant des investissements directs réalisés dans les zones de développement régional de l'assiette soumises à l'impôt sur les sociétés (régime de 10 ans),Déduction
LF2025,121106304,is,,طرح,2022,36.648,True,Déduction des bénéfices provenant des investissements directs réalisés dans les zones de développement régional de l'assiette soumises à l'impôt sur les sociétés (régime de 10 ans),Déduction
LF2025,121106304,is,,طرح,2021,30.896,True,Déduction des bénéfices provenant des investissements directs réalisés dans les zones de développement régional de l'assiette soumises à l'impôt sur les sociétés (régime de 10 ans),Déduction
LF2025,121106502,is,,الفــايح و الصيــد البحــري مــن أســاس الرضيبــة عــى طرح,2023,18.499,True,Déduction des bénéfices provenant des investissements directs dans le secteur de l’agriculture et de la pêche de l'assiette soumises à l'impôt sur,Déduction
LF2025,121106502,is,,الفــايح و الصيــد البحــري مــن أســاس الرضيبــة عــى طرح,2022,21.506,True,Déduction des bénéfices provenant des investissements directs dans le secteur de l’agriculture et de la pêche de l'assiette soumises à l'impôt sur,Déduction
LF2025,121106502,is,,الفــايح و الصيــد البحــري مــن أســاس الرضيبــة عــى طرح,2021,21.346,True,Déduction des bénéfices provenant des investissements directs dans le secteur de l’agriculture et de la pêche de l'assiette soumises à l'impôt sur,Déduction
LF2025,121107102,is,,مــن قبــل املؤسســات جديــدة اإلحــداث مــن أســاس الرضيبــة طرح,2023,27.0,True,Déduction d'une quote-part des bénéfices provenant des investissements réalisés par les entreprises nouvellement crées de l'assiette soumises à l'impôt sur les sociétés,Déduction
LF2025,121107102,is,,مــن قبــل املؤسســات جديــدة اإلحــداث مــن أســاس الرضيبــة طرح,2022,21.227,True,Déduction d'une quote-part des bénéfices provenant des investissements réalisés par les entreprises nouvellement crées de l'assiette soumises à l'impôt sur les sociétés,Déduction
LF2025,121107102,is,,مــن قبــل املؤسســات جديــدة اإلحــداث مــن أســاس الرضيبــة طرح,2021,15.777,True,Déduction d'une quote-part des bénéfices provenant des investissements réalisés par les entreprises nouvellement crées de l'assiette soumises à l'impôt sur les sociétés,Déduction
LF2025,121107302,is,,األصــي أو الرتفيــع فيــه لملؤسســات املنتصبــة مبناطــق طرح,2023,8.25,True,Déduction des bénéfices réinvestis dans la souscription au capital initial ou à son augmentation des entreprises implantées dans les zones de développement régional de l'assiette soumises à l'impôt sur les sociétés,Déduction
LF2025,121107302,is,,األصــي أو الرتفيــع فيــه لملؤسســات املنتصبــة مبناطــق طرح,2022,10.794,True,Déduction des bénéfices réinvestis dans la souscription au capital initial ou à son augmentation des entreprises implantées dans les zones de développement régional de l'assiette soumises à l'impôt sur les sociétés,Déduction
LF2025,121107302,is,,األصــي أو الرتفيــع فيــه لملؤسســات املنتصبــة مبناطــق طرح,2021,14.907,True,Déduction des bénéfices réinvestis dans la souscription au capital initial ou à son augmentation des entreprises implantées dans les zones de développement régional de l'assiette soumises à l'impôt sur les sociétés,Déduction
LF2025,121107304,is,,فيــه لملؤسســات الناشــطة يف القطــاع الفــايح و الصيــد طرح,2023,3.787,True,Déduction des bénéfices réinvestis dans la souscription au capital initial ou à son augmentation des entreprises réalisant des investissements dans le secteur de l’agriculture et de la pêche de l'assiette soumises à l'impôt sur les sociétés,Déduction
LF2025,121107304,is,,فيــه لملؤسســات الناشــطة يف القطــاع الفــايح و الصيــد طرح,2022,1.732,True,Déduction des bénéfices réinvestis dans la souscription au capital initial ou à son augmentation des entreprises réalisant des investissements dans le secteur de l’agriculture et de la pêche de l'assiette soumises à l'impôt sur les sociétés,Déduction
LF2025,121107304,is,,فيــه لملؤسســات الناشــطة يف القطــاع الفــايح و الصيــد طرح,2021,3.352,True,Déduction des bénéfices réinvestis dans la souscription au capital initial ou à son augmentation des entreprises réalisant des investissements dans le secteur de l’agriculture et de la pêche de l'assiette soumises à l'impôt sur les sociétés,Déduction
LF2025,121107402,is,,املصــدرة لكيــا مــن أســاس الرضيبــة عــى الــراكت (إىل طرح,2023,0.0,True,Déduction des bénéfices réinvestis dans la souscription au capital initial ou à son augmentation des entreprises totalement exportatrices de l'assiette soumises à l'impôt sur les sociétés,Déduction
LF2025,121107402,is,,املصــدرة لكيــا مــن أســاس الرضيبــة عــى الــراكت (إىل طرح,2022,0.0,True,Déduction des bénéfices réinvestis dans la souscription au capital initial ou à son augmentation des entreprises totalement exportatrices de l'assiette soumises à l'impôt sur les sociétés,Déduction
LF2025,121107402,is,,املصــدرة لكيــا مــن أســاس الرضيبــة عــى الــراكت (إىل طرح,2021,0.0,True,Déduction des bénéfices réinvestis dans la souscription au capital initial ou à son augmentation des entreprises totalement exportatrices de l'assiette soumises à l'impôt sur les sociétés,Déduction
LF2025,121107404,is,,طرح,2023,0.138,True,Déduction des bénéfices réinvestis dans la souscription au capital initial ou à son augmentation des entreprises réalisant des investissements dans le domaine de la technologie et des investissements d’innovation dans tous les secteurs économiques de l'assiette soumises à l'impôt sur les sociétés,Déduction
LF2025,121107404,is,,طرح,2022,0.0,True,Déduction des bénéfices réinvestis dans la souscription au capital initial ou à son augmentation des entreprises réalisant des investissements dans le domaine de la technologie et des investissements d’innovation dans tous les secteurs économiques de l'assiette soumises à l'impôt sur les sociétés,Déduction
LF2025,121107404,is,,طرح,2021,0.0,True,Déduction des bénéfices réinvestis dans la souscription au capital initial ou à son augmentation des entreprises réalisant des investissements dans le domaine de la technologie et des investissements d’innovation dans tous les secteurs économiques de l'assiette soumises à l'impôt sur les sociétés,Déduction
LF2025,121107602,is,,احملدثــة مــن قبــل الباعثــن الشــبان مــن أســاس الرضيبــة طرح,2023,0.0,True,Déduction des bénéfices réinvestis dans la souscription au capital initial ou à son augmentation des entreprises créées par les jeunes diplômés de l'enseignement supérieur de l'assiette soumises à l'impôt sur les sociétés,Déduction
LF2025,121107602,is,,احملدثــة مــن قبــل الباعثــن الشــبان مــن أســاس الرضيبــة طرح,2022,0.0,True,Déduction des bénéfices réinvestis dans la souscription au capital initial ou à son augmentation des entreprises créées par les jeunes diplômés de l'enseignement supérieur de l'assiette soumises à l'impôt sur les sociétés,Déduction
LF2025,121107602,is,,احملدثــة مــن قبــل الباعثــن الشــبان مــن أســاس الرضيبــة طرح,2021,0.0,True,Déduction des bénéfices réinvestis dans la souscription au capital initial ou à son augmentation des entreprises créées par les jeunes diplômés de l'enseignement supérieur de l'assiette soumises à l'impôt sur les sociétés,Déduction
LF2025,121107702,is,,طرح,2023,141.424,True,Déduction des bénéfices souscrits au capital des sociétés d'investissement à capital risque ou placés auprès d'elles sous forme de fonds à capital risque ou aux parts des fonds communs de placement à risque qui emploient le capital souscrit et libéré ou les montants déposés sous forme de fonds à capital risque dans la souscription aux actions ou aux parts sociales ou aux obligations convertibles en actions émises par les entreprises qui ouvrent droit aux avantages fiscaux de l'assiette soumises à l'impôt sur les sociétés,Déduction
LF2025,121107702,is,,طرح,2022,196.118,True,Déduction des bénéfices souscrits au capital des sociétés d'investissement à capital risque ou placés auprès d'elles sous forme de fonds à capital risque ou aux parts des fonds communs de placement à risque qui emploient le capital souscrit et libéré ou les montants déposés sous forme de fonds à capital risque dans la souscription aux actions ou aux parts sociales ou aux obligations convertibles en actions émises par les entreprises qui ouvrent droit aux avantages fiscaux de l'assiette soumises à l'impôt sur les sociétés,Déduction
LF2025,121107702,is,,طرح,2021,156.788,True,Déduction des bénéfices souscrits au capital des sociétés d'investissement à capital risque ou placés auprès d'elles sous forme de fonds à capital risque ou aux parts des fonds communs de placement à risque qui emploient le capital souscrit et libéré ou les montants déposés sous forme de fonds à capital risque dans la souscription aux actions ou aux parts sociales ou aux obligations convertibles en actions émises par les entreprises qui ouvrent droit aux avantages fiscaux de l'assiette soumises à l'impôt sur les sociétés,Déduction
LF2025,121107704,is,,أو املبالــغ املوظفــة لدهيــا يف شــل صناديــق ذات رأس مــال طرح,2023,80.06,True,Déduction des bénéfices souscrits au capital des sociétés d'investissement à capital risque ou placés auprès d'elles sous forme de fonds à capital risque ou aux parts des fonds communs de placement à risque qui emploient le capital souscrit et libéré ou les montants déposés sous forme de fonds à capital risque dans la souscription aux actions ou aux parts sociales ou aux obligations convertibles en actions émises par les entreprises réalisant des investissements dans le secteur de l’agriculture et de la pêche et les entreprises implantées dans les zones de développement régional de l'assiette soumises à l'impôt sur les sociétés,Déduction
LF2025,121107704,is,,أو املبالــغ املوظفــة لدهيــا يف شــل صناديــق ذات رأس مــال طرح,2022,53.233,True,Déduction des bénéfices souscrits au capital des sociétés d'investissement à capital risque ou placés auprès d'elles sous forme de fonds à capital risque ou aux parts des fonds communs de placement à risque qui emploient le capital souscrit et libéré ou les montants déposés sous forme de fonds à capital risque dans la souscription aux actions ou aux parts sociales ou aux obligations convertibles en actions émises par les entreprises réalisant des investissements dans le secteur de l’agriculture et de la pêche et les entreprises implantées dans les zones de développement régional de l'assiette soumises à l'impôt sur les sociétés,Déduction
LF2025,121107704,is,,أو املبالــغ املوظفــة لدهيــا يف شــل صناديــق ذات رأس مــال طرح,2021,61.265,True,Déduction des bénéfices souscrits au capital des sociétés d'investissement à capital risque ou placés auprès d'elles sous forme de fonds à capital risque ou aux parts des fonds communs de placement à risque qui emploient le capital souscrit et libéré ou les montants déposés sous forme de fonds à capital risque dans la souscription aux actions ou aux parts sociales ou aux obligations convertibles en actions émises par les entreprises réalisant des investissements dans le secteur de l’agriculture et de la pêche et les entreprises implantées dans les zones de développement régional de l'assiette soumises à l'impôt sur les sociétés,Déduction
LF2025,121601202,is,,طرح,2023,0.0,True,Déduction des bénéfices provenant de l'activité des entreprises totalement exportatrices de l'assiette soumises à l'impôt sur les sociétés (100% & 50%),Déduction
LF2025,121601202,is,,طرح,2022,0.0,True,Déduction des bénéfices provenant de l'activité des entreprises totalement exportatrices de l'assiette soumises à l'impôt sur les sociétés (100% & 50%),Déduction
LF2025,121601202,is,,طرح,2021,0.086,True,Déduction des bénéfices provenant de l'activité des entreprises totalement exportatrices de l'assiette soumises à l'impôt sur les sociétés (100% & 50%),Déduction
LF2025,121602204,is,,طرح,2023,0.0,True,Déduction des bénéfices provenant de l'activité des entreprises partiellement exportatrices de l'assiette soumises à l'impôt sur les sociétés,Déduction
LF2025,121602204,is,,طرح,2022,0.0,True,Déduction des bénéfices provenant de l'activité des entreprises partiellement exportatrices de l'assiette soumises à l'impôt sur les sociétés,Déduction
LF2025,121602204,is,,طرح,2021,0.0,True,Déduction des bénéfices provenant de l'activité des entreprises partiellement exportatrices de l'assiette soumises à l'impôt sur les sociétés,Déduction
LF2025,121604702,is,,بالنســبة لملؤسســات الصغــرى و املتوســطة مــن أســاس غير مقيّم غير مقيّم غير مقيّم طرح,2023,,False,Déduction de 20% des bénéfices provenant de l'activité des Petits & Moyens Entreprises de l'assiette soumises à l'impôt sur les sociétés (5 ans),Déduction
LF2025,121604702,is,,بالنســبة لملؤسســات الصغــرى و املتوســطة مــن أســاس غير مقيّم غير مقيّم غير مقيّم طرح,2022,,False,Déduction de 20% des bénéfices provenant de l'activité des Petits & Moyens Entreprises de l'assiette soumises à l'impôt sur les sociétés (5 ans),Déduction
LF2025,121604702,is,,بالنســبة لملؤسســات الصغــرى و املتوســطة مــن أســاس غير مقيّم غير مقيّم غير مقيّم طرح,2021,,False,Déduction de 20% des bénéfices provenant de l'activité des Petits & Moyens Entreprises de l'assiette soumises à l'impôt sur les sociétés (5 ans),Déduction
LF2025,121605602,is,,يف منطقــة مينائيــة خمصصــة لســياحة العبــور مــن أســاس طرح,2023,0.04,True,Déduction des bénéfices provenant des investissements réalisés par les entreprises qui gèrent une zone portuaire réservée au tourisme de croisière de l'assiette soumises à l'impôt sur les sociétés (20 ans),Déduction
LF2025,121605602,is,,يف منطقــة مينائيــة خمصصــة لســياحة العبــور مــن أســاس طرح,2022,0.127,True,Déduction des bénéfices provenant des investissements réalisés par les entreprises qui gèrent une zone portuaire réservée au tourisme de croisière de l'assiette soumises à l'impôt sur les sociétés (20 ans),Déduction
LF2025,121605602,is,,يف منطقــة مينائيــة خمصصــة لســياحة العبــور مــن أســاس طرح,2021,0.403,True,Déduction des bénéfices provenant des investissements réalisés par les entreprises qui gèrent une zone portuaire réservée au tourisme de croisière de l'assiette soumises à l'impôt sur les sociétés (20 ans),Déduction
LF2025,123000201,is,,غير مقيّم غير مقيّم غير مقيّم بنوك اإلستمثار من الرضيبة عىل الرشاكت اعفاء,2023,,False,Exonération des banques d'investissement de l'impôt sur les sociétés,Exonération
LF2025,123000201,is,,غير مقيّم غير مقيّم غير مقيّم بنوك اإلستمثار من الرضيبة عىل الرشاكت اعفاء,2022,,False,Exonération des banques d'investissement de l'impôt sur les sociétés,Exonération
LF2025,123000201,is,,غير مقيّم غير مقيّم غير مقيّم بنوك اإلستمثار من الرضيبة عىل الرشاكت اعفاء,2021,,False,Exonération des banques d'investissement de l'impôt sur les sociétés,Exonération
LF2025,123000411,is,,غير مقيّم غير مقيّم غير مقيّم اعفاء,2023,,False,Exonération des bénéfices provenant des ventes de déchets pour recyclage,Exonération
LF2025,123000411,is,,غير مقيّم غير مقيّم غير مقيّم اعفاء,2022,,False,Exonération des bénéfices provenant des ventes de déchets pour recyclage,Exonération
LF2025,123000411,is,,غير مقيّم غير مقيّم غير مقيّم اعفاء,2021,,False,Exonération des bénéfices provenant des ventes de déchets pour recyclage,Exonération
LF2025,123001605,is,,اعفاء,2023,0.014,True,,
LF2025,123001605,is,,اعفاء,2022,0.013,True,,
LF2025,123001605,is,,اعفاء,2021,0.0,True,,
LF2025,123001606,is,,غير مقيّم غير مقيّم غير مقيّم املؤسسات الناشئة من الرضيبة عىل الرشاكت اعفاء,2023,,False,,
LF2025,123001606,is,,غير مقيّم غير مقيّم غير مقيّم املؤسسات الناشئة من الرضيبة عىل الرشاكت اعفاء,2022,,False,,
LF2025,123001606,is,,غير مقيّم غير مقيّم غير مقيّم املؤسسات الناشئة من الرضيبة عىل الرشاكت اعفاء,2021,,False,,
LF2025,123104601,is,,احملاصيــل الفالحيــة و الصيــد البحــري يف نطــاق أســواق غير مقيّم غير مقيّم غير مقيّم اعفاء,2023,,False,Exonération des coopératives de services dont l'activité concourt à la commercialisation des produits agricoles ou de pêche et opérant dans l'enceinte des marchés de gros de l'impôt sur les sociétés,Exonération
LF2025,123104601,is,,احملاصيــل الفالحيــة و الصيــد البحــري يف نطــاق أســواق غير مقيّم غير مقيّم غير مقيّم اعفاء,2022,,False,Exonération des coopératives de services dont l'activité concourt à la commercialisation des produits agricoles ou de pêche et opérant dans l'enceinte des marchés de gros de l'impôt sur les sociétés,Exonération
LF2025,123104601,is,,احملاصيــل الفالحيــة و الصيــد البحــري يف نطــاق أســواق غير مقيّم غير مقيّم غير مقيّم اعفاء,2021,,False,Exonération des coopératives de services dont l'activité concourt à la commercialisation des produits agricoles ou de pêche et opérant dans l'enceinte des marchés de gros de l'impôt sur les sociétés,Exonération
LF2025,123104602,is,,غير مقيّم غير مقيّم غير مقيّم اعفاء,2023,,False,Exonération des sociétés mutuelles de services agricoles de l'impôt sur les sociétés,Exonération
LF2025,123104602,is,,غير مقيّم غير مقيّم غير مقيّم اعفاء,2022,,False,Exonération des sociétés mutuelles de services agricoles de l'impôt sur les sociétés,Exonération
LF2025,123104602,is,,غير مقيّم غير مقيّم غير مقيّم اعفاء,2021,,False,Exonération des sociétés mutuelles de services agricoles de l'impôt sur les sociétés,Exonération
LF2025,123104603,is,,غير مقيّم غير مقيّم غير مقيّم التعاضديات العاملية لإلنتاج من الرضيبة عىل الرشاكت اعفاء,2023,,False,Exonération des coopératives ouvrières de production de l'impôt sur les sociétés,Exonération
LF2025,123104603,is,,غير مقيّم غير مقيّم غير مقيّم التعاضديات العاملية لإلنتاج من الرضيبة عىل الرشاكت اعفاء,2022,,False,Exonération des coopératives ouvrières de production de l'impôt sur les sociétés,Exonération
LF2025,123104603,is,,غير مقيّم غير مقيّم غير مقيّم التعاضديات العاملية لإلنتاج من الرضيبة عىل الرشاكت اعفاء,2021,,False,Exonération des coopératives ouvrières de production de l'impôt sur les sociétés,Exonération
LF2025,123104604,is,,غير مقيّم غير مقيّم غير مقيّم اعفاء,2023,,False,Exonération des sociétés d'investissement à capital variable de l'impôt sur les sociétés,Exonération
LF2025,123104604,is,,غير مقيّم غير مقيّم غير مقيّم اعفاء,2022,,False,Exonération des sociétés d'investissement à capital variable de l'impôt sur les sociétés,Exonération
LF2025,123104604,is,,غير مقيّم غير مقيّم غير مقيّم اعفاء,2021,,False,Exonération des sociétés d'investissement à capital variable de l'impôt sur les sociétés,Exonération
LF2025,123605102,is,,اعفاء,2023,0.0,True,Exonération de l’impôt sur les sociétés au titre des bénéfices provenant de la réalisation de zones industrielles (5 ans),Exonération
LF2025,123605102,is,,اعفاء,2022,0.0,True,Exonération de l’impôt sur les sociétés au titre des bénéfices provenant de la réalisation de zones industrielles (5 ans),Exonération
LF2025,123605102,is,,اعفاء,2021,0.0,True,Exonération de l’impôt sur les sociétés au titre des bénéfices provenant de la réalisation de zones industrielles (5 ans),Exonération
LF2025,123605202,is,,تكتــي أمهيــة خاصــة لالقتصــاد الوطــي أو لملناطــق اعفاء,2023,0.0,True,Exonération des bénéfices au titre des investissements réalisés dans les activités prometteuses et ayant un taux d'intégration élevé (5 ans),Exonération
LF2025,123605202,is,,تكتــي أمهيــة خاصــة لالقتصــاد الوطــي أو لملناطــق اعفاء,2022,0.0,True,Exonération des bénéfices au titre des investissements réalisés dans les activités prometteuses et ayant un taux d'intégration élevé (5 ans),Exonération
LF2025,123605202,is,,تكتــي أمهيــة خاصــة لالقتصــاد الوطــي أو لملناطــق اعفاء,2021,0.0,True,Exonération des bénéfices au titre des investissements réalisés dans les activités prometteuses et ayant un taux d'intégration élevé (5 ans),Exonération
LF2025,121101101,is,,املنخرطــة يف برنــاجم الهنــوض بالطفولــة املبكــرة مــن أســاس غير مقيّم غير مقيّم غير مقيّم طرح,2023,,False,,
LF2025,121101101,is,,املنخرطــة يف برنــاجم الهنــوض بالطفولــة املبكــرة مــن أســاس غير مقيّم غير مقيّم غير مقيّم طرح,2022,,False,,
LF2025,121101101,is,,املنخرطــة يف برنــاجم الهنــوض بالطفولــة املبكــرة مــن أســاس غير مقيّم غير مقيّم غير مقيّم طرح,2021,,False,,
LF2025,121101207,is,,غير مقيّم غير مقيّم غير مقيّم مصاريف التجديد من أساس الرضيبة عىل الرشاكت طرح,2023,,False,,
LF2025,121101207,is,,غير مقيّم غير مقيّم غير مقيّم مصاريف التجديد من أساس الرضيبة عىل الرشاكت طرح,2022,,False,,
LF2025,121101207,is,,غير مقيّم غير مقيّم غير مقيّم مصاريف التجديد من أساس الرضيبة عىل الرشاكت طرح,2021,,False,,
LF2025,121101208,is,,األخــر واألزرق والدائــري والتمنيــة املســتدامة مــن أســاس غير مقيّم غير مقيّم غير مقيّم طرح,2023,,False,,
LF2025,121101208,is,,األخــر واألزرق والدائــري والتمنيــة املســتدامة مــن أســاس غير مقيّم غير مقيّم غير مقيّم طرح,2022,,False,,
LF2025,121101208,is,,األخــر واألزرق والدائــري والتمنيــة املســتدامة مــن أســاس غير مقيّم غير مقيّم غير مقيّم طرح,2021,,False,,
LF2025,123001901,is,,غير مقيّم غير مقيّم غير مقيّم اإلعفاء,2023,,False,,
LF2025,123001901,is,,غير مقيّم غير مقيّم غير مقيّم اإلعفاء,2022,,False,,
LF2025,123001901,is,,غير مقيّم غير مقيّم غير مقيّم اإلعفاء,2021,,False,,
LF2025,212001301,douanes,,التخفيض,2023,0.905,True,Réduction des droits de douane dus à l'importation des animaux reproducteurs de race pure,Réduction
LF2025,212001301,douanes,,التخفيض,2022,2.231,True,Réduction des droits de douane dus à l'importation des animaux reproducteurs de race pure,Réduction
LF2025,212001301,douanes,,التخفيض,2021,1.212,True,Réduction des droits de douane dus à l'importation des animaux reproducteurs de race pure,Réduction
LF2025,212001302,douanes,,التخفيض,2023,5.938,True,Réduction des droits de douane dus à l'importation des Poussins des Oiseaux (n’excédant pas 185 g) et Œufs fertilisés destinés à l’incubation,Réduction
LF2025,212001302,douanes,,التخفيض,2022,4.894,True,Réduction des droits de douane dus à l'importation des Poussins des Oiseaux (n’excédant pas 185 g) et Œufs fertilisés destinés à l’incubation,Réduction
LF2025,212001302,douanes,,التخفيض,2021,4.7,True,Réduction des droits de douane dus à l'importation des Poussins des Oiseaux (n’excédant pas 185 g) et Œufs fertilisés destinés à l’incubation,Réduction
LF2025,212001303,douanes,,التخفيض,2023,20.957,True,Réduction des droits de douane dus à l'importation des viandes rouges destinés à la consommation,Réduction
LF2025,212001303,douanes,,التخفيض,2022,19.675,True,Réduction des droits de douane dus à l'importation des viandes rouges destinés à la consommation,Réduction
LF2025,212001303,douanes,,التخفيض,2021,0.474,True,Réduction des droits de douane dus à l'importation des viandes rouges destinés à la consommation,Réduction
LF2025,212001304,douanes,,التخفيض,2023,21.751,True,Réduction des droits de douane dus à l'importation des Aliments destinés aux aquacultures,Réduction
LF2025,212001304,douanes,,التخفيض,2022,20.897,True,Réduction des droits de douane dus à l'importation des Aliments destinés aux aquacultures,Réduction
LF2025,212001304,douanes,,التخفيض,2021,14.549,True,Réduction des droits de douane dus à l'importation des Aliments destinés aux aquacultures,Réduction
LF2025,212001305,douanes,,التخفيض,2023,2.129,True,"Réduction des droits de douane dus à l'importation des plants, plantes, boutures, racines et greffons des types destinés à la plantation dans les exploitations agricoles",Réduction
LF2025,212001305,douanes,,التخفيض,2022,1.829,True,"Réduction des droits de douane dus à l'importation des plants, plantes, boutures, racines et greffons des types destinés à la plantation dans les exploitations agricoles",Réduction
LF2025,212001305,douanes,,التخفيض,2021,2.159,True,"Réduction des droits de douane dus à l'importation des plants, plantes, boutures, racines et greffons des types destinés à la plantation dans les exploitations agricoles",Réduction
LF2025,212001306,douanes,,التخفيض,2023,1.912,True,Réduction des droits de douane dus à l'importation des légumes destinés à la consommation,Réduction
LF2025,212001306,douanes,,التخفيض,2022,0.588,True,Réduction des droits de douane dus à l'importation des légumes destinés à la consommation,Réduction
LF2025,212001306,douanes,,التخفيض,2021,0.0,True,Réduction des droits de douane dus à l'importation des légumes destinés à la consommation,Réduction
LF2025,212001307,douanes,,التخفيض,2023,26.752,True,Réduction des droits de douane dus à l'importation des racines et des Semences,Réduction
LF2025,212001307,douanes,,التخفيض,2022,25.12,True,Réduction des droits de douane dus à l'importation des racines et des Semences,Réduction
LF2025,212001307,douanes,,التخفيض,2021,12.138,True,Réduction des droits de douane dus à l'importation des racines et des Semences,Réduction
LF2025,212001308,douanes,,التخفيض,2023,297.815,True,Réduction des droits de douane dus à l'importation des aliments fourragers,Réduction
LF2025,212001308,douanes,,التخفيض,2022,30.243,True,Réduction des droits de douane dus à l'importation des aliments fourragers,Réduction
LF2025,212001308,douanes,,التخفيض,2021,26.68,True,Réduction des droits de douane dus à l'importation des aliments fourragers,Réduction
LF2025,212001309,douanes,,التخفيض,2023,106.481,True,Réduction des droits de douane dus à l'importation des Huiles végétales brutes,Réduction
LF2025,212001309,douanes,,التخفيض,2022,86.477,True,Réduction des droits de douane dus à l'importation des Huiles végétales brutes,Réduction
LF2025,212001309,douanes,,التخفيض,2021,48.973,True,Réduction des droits de douane dus à l'importation des Huiles végétales brutes,Réduction
LF2025,212001310,douanes,,التخفيض,2023,0.0,True,Réduction des droits de douane dus à l'importation des Huiles végétales raffinées,Réduction
LF2025,212001310,douanes,,التخفيض,2022,0.06,True,Réduction des droits de douane dus à l'importation des Huiles végétales raffinées,Réduction
LF2025,212001310,douanes,,التخفيض,2021,0.049,True,Réduction des droits de douane dus à l'importation des Huiles végétales raffinées,Réduction
LF2025,212001311,douanes,,التخفيض,2023,17.595,True,Réduction des droits de douane dus à l'importation des Produits et préparations alimentaires destinés à l'utilisation le domaine médicale,Réduction
LF2025,212001311,douanes,,التخفيض,2022,16.549,True,Réduction des droits de douane dus à l'importation des Produits et préparations alimentaires destinés à l'utilisation le domaine médicale,Réduction
LF2025,212001311,douanes,,التخفيض,2021,8.874,True,Réduction des droits de douane dus à l'importation des Produits et préparations alimentaires destinés à l'utilisation le domaine médicale,Réduction
LF2025,212001312,douanes,,التخفيض,2023,0.0,True,"Réduction des droits de douane dus à l'importation des matériels, équipements et produits et préparations alimentaires destinés à l'utilisation dans le domaine de la recherche scientifique",Réduction
LF2025,212001312,douanes,,التخفيض,2022,0.0,True,"Réduction des droits de douane dus à l'importation des matériels, équipements et produits et préparations alimentaires destinés à l'utilisation dans le domaine de la recherche scientifique",Réduction
LF2025,212001312,douanes,,التخفيض,2021,0.0,True,"Réduction des droits de douane dus à l'importation des matériels, équipements et produits et préparations alimentaires destinés à l'utilisation dans le domaine de la recherche scientifique",Réduction
LF2025,212001313,douanes,,التخفيض,2023,4.195,True,Réduction des droits de douane dus à l'importation des produits et matériels destinés à l'utilisation dans l'agriculture et la pêche,Réduction
LF2025,212001313,douanes,,التخفيض,2022,4.92,True,Réduction des droits de douane dus à l'importation des produits et matériels destinés à l'utilisation dans l'agriculture et la pêche,Réduction
LF2025,212001313,douanes,,التخفيض,2021,1.736,True,Réduction des droits de douane dus à l'importation des produits et matériels destinés à l'utilisation dans l'agriculture et la pêche,Réduction
LF2025,212001314,douanes,,التخفيض,2023,0.032,True,Réduction des droits de douane dus à l'importation des produits alimentaires de consommation,Réduction
LF2025,212001314,douanes,,التخفيض,2022,0.0,True,Réduction des droits de douane dus à l'importation des produits alimentaires de consommation,Réduction
LF2025,212001314,douanes,,التخفيض,2021,0.719,True,Réduction des droits de douane dus à l'importation des produits alimentaires de consommation,Réduction
LF2025,212001315,douanes,,التخفيض,2023,3.624,True,"Réduction des droits de douane dus à l'importation des équipements, outils destinés à être utilisés dans le domaine médical",Réduction
LF2025,212001315,douanes,,التخفيض,2022,4.833,True,"Réduction des droits de douane dus à l'importation des équipements, outils destinés à être utilisés dans le domaine médical",Réduction
LF2025,212001315,douanes,,التخفيض,2021,1.772,True,"Réduction des droits de douane dus à l'importation des équipements, outils destinés à être utilisés dans le domaine médical",Réduction
LF2025,212001316,douanes,,التخفيض,2023,0.0,True,Réduction des droits de douane dus à l'importation des médicaments et des produits paramédicaux,Réduction
LF2025,212001316,douanes,,التخفيض,2022,0.696,True,Réduction des droits de douane dus à l'importation des médicaments et des produits paramédicaux,Réduction
LF2025,212001316,douanes,,التخفيض,2021,0.537,True,Réduction des droits de douane dus à l'importation des médicaments et des produits paramédicaux,Réduction
LF2025,212001317,douanes,,التخفيض,2023,1.954,True,Réduction des droits de douane dus à l'importation des produits divers,Réduction
LF2025,212001317,douanes,,التخفيض,2022,0.058,True,Réduction des droits de douane dus à l'importation des produits divers,Réduction
LF2025,212001317,douanes,,التخفيض,2021,1.911,True,Réduction des droits de douane dus à l'importation des produits divers,Réduction
LF2025,212001335,douanes,,قبــل مجعيــات مســاعدة األطفــال املصابــن مبرض كــزرودرم,2023,0.0,True,Réduction des droits de douane dus à l'importation des produits par les associations d'aide aux enfants atteints de xérodermie pigmentosum,Suspension
LF2025,212001335,douanes,,قبــل مجعيــات مســاعدة األطفــال املصابــن مبرض كــزرودرم,2022,0.0,True,Réduction des droits de douane dus à l'importation des produits par les associations d'aide aux enfants atteints de xérodermie pigmentosum,Suspension
LF2025,212001335,douanes,,قبــل مجعيــات مســاعدة األطفــال املصابــن مبرض كــزرودرم,2021,0.0,True,Réduction des droits de douane dus à l'importation des produits par les associations d'aide aux enfants atteints de xérodermie pigmentosum,Suspension
LF2025,212001337,douanes,,,2023,0.0,True,Réduction des droits de douane dus à l'importation des chaises roulantes spécialement aménagées à l’usage des handicapés physiques (87.03),Suspension
LF2025,212001337,douanes,,,2022,0.0,True,Réduction des droits de douane dus à l'importation des chaises roulantes spécialement aménagées à l’usage des handicapés physiques (87.03),Suspension
LF2025,212001337,douanes,,,2021,0.0,True,Réduction des droits de douane dus à l'importation des chaises roulantes spécialement aménagées à l’usage des handicapés physiques (87.03),Suspension
LF2025,212001339,douanes,,التخفيض,2023,,False,Réduction des droits de douane dus à l'importation des poussettes destinées au transport des enfants qui souffrent d’une insuffisance motrice d’origine cérébrale,Réduction
LF2025,212001339,douanes,,التخفيض,2022,,False,Réduction des droits de douane dus à l'importation des poussettes destinées au transport des enfants qui souffrent d’une insuffisance motrice d’origine cérébrale,Réduction
LF2025,212001339,douanes,,التخفيض,2021,,False,Réduction des droits de douane dus à l'importation des poussettes destinées au transport des enfants qui souffrent d’une insuffisance motrice d’origine cérébrale,Réduction
LF2025,212001341,douanes,,,2023,0.0,True,Réduction des droits de douane dus à l'importation des minibus destinés au transport des patients souffrant d'une insuffisance rénale (87.02),Suspension
LF2025,212001341,douanes,,,2022,0.0,True,Réduction des droits de douane dus à l'importation des minibus destinés au transport des patients souffrant d'une insuffisance rénale (87.02),Suspension
LF2025,212001341,douanes,,,2021,0.0,True,Réduction des droits de douane dus à l'importation des minibus destinés au transport des patients souffrant d'une insuffisance rénale (87.02),Suspension
LF2025,212570201,douanes,,توريــد املــواد األوليــة و املــواد نصــف املصنعــة الالزمــة التخفيض,2023,21.015,True,,
LF2025,212570201,douanes,,توريــد املــواد األوليــة و املــواد نصــف املصنعــة الالزمــة التخفيض,2022,17.625,True,,
LF2025,212570201,douanes,,توريــد املــواد األوليــة و املــواد نصــف املصنعــة الالزمــة التخفيض,2021,11.344,True,,
LF2025,212570302,douanes,,التجهــزات الالزمــة املســتعملة يف قطــاع الصناعــات,2023,0.0,True,,
LF2025,212570302,douanes,,التجهــزات الالزمــة املســتعملة يف قطــاع الصناعــات,2022,0.0,True,,
LF2025,212570302,douanes,,التجهــزات الالزمــة املســتعملة يف قطــاع الصناعــات,2021,0.0,True,,
LF2025,212570401,douanes,,توريــد معــدات احلفــر و التنقيــب و اجزاهئــا و قطعهــا التخفيض,2023,0.077,True,,
LF2025,212570401,douanes,,توريــد معــدات احلفــر و التنقيــب و اجزاهئــا و قطعهــا التخفيض,2022,0.0,True,,
LF2025,212570401,douanes,,توريــد معــدات احلفــر و التنقيــب و اجزاهئــا و قطعهــا التخفيض,2021,0.055,True,,
LF2025,212570701,douanes,,املعــدة لطباعــة الكتــب التخفيض,2023,0.077,True,,
LF2025,212570701,douanes,,املعــدة لطباعــة الكتــب التخفيض,2022,0.184,True,,
LF2025,212570701,douanes,,املعــدة لطباعــة الكتــب التخفيض,2021,0.137,True,,
LF2025,212570901,douanes,,,2023,0.0,True,,
LF2025,212570901,douanes,,,2022,0.0,True,,
LF2025,212570901,douanes,,,2021,0.0,True,,
LF2025,213571101,douanes,,املعــدة للنقــل العمــويم اجلــوي و كذلــك مجيــع األجهــزة اإلعفاء,2023,5.634,True,,
LF2025,213571101,douanes,,املعــدة للنقــل العمــويم اجلــوي و كذلــك مجيــع األجهــزة اإلعفاء,2022,4.386,True,,
LF2025,213571101,douanes,,املعــدة للنقــل العمــويم اجلــوي و كذلــك مجيــع األجهــزة اإلعفاء,2021,2.047,True,,
LF2025,212571201,douanes,,,2023,0.0,True,,
LF2025,212571201,douanes,,,2022,0.0,True,,
LF2025,212571201,douanes,,,2021,0.0,True,,
LF2025,212571301,douanes,,,2023,46.438,True,,
LF2025,212571301,douanes,,,2022,46.106,True,,
LF2025,212571301,douanes,,,2021,41.064,True,,
LF2025,212571401,douanes,,و املعــدات و التجهــزات املســتعملة يف قطــاع الصناعــات,2023,2.788,True,,
LF2025,212571401,douanes,,و املعــدات و التجهــزات املســتعملة يف قطــاع الصناعــات,2022,2.283,True,,
LF2025,212571401,douanes,,و املعــدات و التجهــزات املســتعملة يف قطــاع الصناعــات,2021,1.331,True,,
LF2025,213571501,douanes,,لتنظيــف املــدن ومجــع ومعاجلــة الفضــات وتعبيــد الطرقــات اإلعفاء,2023,0.245,True,,
LF2025,213571501,douanes,,لتنظيــف املــدن ومجــع ومعاجلــة الفضــات وتعبيــد الطرقــات اإلعفاء,2022,0.579,True,,
LF2025,213571501,douanes,,لتنظيــف املــدن ومجــع ومعاجلــة الفضــات وتعبيــد الطرقــات اإلعفاء,2021,1.159,True,,
LF2025,212571601,douanes,,,2023,0.0,True,,
LF2025,212571601,douanes,,,2022,0.0,True,,
LF2025,212571601,douanes,,,2021,0.0,True,,
LF2025,212572801,douanes,,التخفيض,2023,0.0,True,,
LF2025,212572801,douanes,,التخفيض,2022,0.0,True,,
LF2025,212572801,douanes,,التخفيض,2021,0.0,True,,
LF2025,213000101,douanes,,واملعــدات املــوردة إلجنــاز مشــاريع أو املســامهة فهيــا مــن اإلعفاء,2023,1.883,True,Exonération des droits de douane dus à l'importation des équipements et matériels par des Tunisiens résidents à l'étranger dans le cadre de réalisation de projets ou de participation à des projets,Exonération
LF2025,213000101,douanes,,واملعــدات املــوردة إلجنــاز مشــاريع أو املســامهة فهيــا مــن اإلعفاء,2022,2.236,True,Exonération des droits de douane dus à l'importation des équipements et matériels par des Tunisiens résidents à l'étranger dans le cadre de réalisation de projets ou de participation à des projets,Exonération
LF2025,213000101,douanes,,واملعــدات املــوردة إلجنــاز مشــاريع أو املســامهة فهيــا مــن اإلعفاء,2021,1.751,True,Exonération des droits de douane dus à l'importation des équipements et matériels par des Tunisiens résidents à l'étranger dans le cadre de réalisation de projets ou de participation à des projets,Exonération
LF2025,212000101,douanes,,التخفيض إلجنــاز مشــاريع أو املســامهة فهيــا مــن قبــل التونســيني,2023,21.273,True,,
LF2025,212000101,douanes,,التخفيض إلجنــاز مشــاريع أو املســامهة فهيــا مــن قبــل التونســيني,2022,42.207,True,,
LF2025,212000101,douanes,,التخفيض إلجنــاز مشــاريع أو املســامهة فهيــا مــن قبــل التونســيني,2021,60.745,True,,
LF2025,213000405,douanes,,اإلعفاء الخشصيــة مــن قبــل املنتدبــن و املســتمثرين األجانــب,2023,0.001,True,Exonération des droits de douane dus à l'importation des effets personnels par le personnel étranger recruté ou les investisseurs étrangers chargés de la gérance d'une entreprise implantée dans les parcs d'activités économiques,Exonération
LF2025,213000405,douanes,,اإلعفاء الخشصيــة مــن قبــل املنتدبــن و املســتمثرين األجانــب,2022,0.006,True,Exonération des droits de douane dus à l'importation des effets personnels par le personnel étranger recruté ou les investisseurs étrangers chargés de la gérance d'une entreprise implantée dans les parcs d'activités économiques,Exonération
LF2025,213000405,douanes,,اإلعفاء الخشصيــة مــن قبــل املنتدبــن و املســتمثرين األجانــب,2021,0.322,True,Exonération des droits de douane dus à l'importation des effets personnels par le personnel étranger recruté ou les investisseurs étrangers chargés de la gérance d'une entreprise implantée dans les parcs d'activités économiques,Exonération
LF2025,213000605,douanes,,اإلعفاء,2023,0.0,True,Exonération des droits de douane dus à l'importation des effets personnels par le personnel étranger recruté ou les investisseurs étrangers chargés des établissements de santé prêtant la totalité de leurs services au profit des non résidents,Exonération
LF2025,213000605,douanes,,اإلعفاء,2022,0.0,True,Exonération des droits de douane dus à l'importation des effets personnels par le personnel étranger recruté ou les investisseurs étrangers chargés des établissements de santé prêtant la totalité de leurs services au profit des non résidents,Exonération
LF2025,213000605,douanes,,اإلعفاء,2021,0.0,True,Exonération des droits de douane dus à l'importation des effets personnels par le personnel étranger recruté ou les investisseurs étrangers chargés des établissements de santé prêtant la totalité de leurs services au profit des non résidents,Exonération
LF2025,213001002,douanes,,اإلعفاء الالزمــة لنشــاط املؤسســات املاليــة املســدية اكمــل خدماهتــا,2023,0.0,True,Exonération des droits de douane dus à l'importation des matériels et équipement nécessaires à l'activité des prestataires des services financiers aux non résidents,Exonération
LF2025,213001002,douanes,,اإلعفاء الالزمــة لنشــاط املؤسســات املاليــة املســدية اكمــل خدماهتــا,2022,0.001,True,Exonération des droits de douane dus à l'importation des matériels et équipement nécessaires à l'activité des prestataires des services financiers aux non résidents,Exonération
LF2025,213001002,douanes,,اإلعفاء الالزمــة لنشــاط املؤسســات املاليــة املســدية اكمــل خدماهتــا,2021,0.0,True,Exonération des droits de douane dus à l'importation des matériels et équipement nécessaires à l'activité des prestataires des services financiers aux non résidents,Exonération
LF2025,213001004,douanes,,اإلعفاء,2023,0.0,True,Exonération des droits de douane dus à l'importation des effets personnels par le personnel étranger recruté ou les investisseurs étrangers travaillant dans des institutions de prestataires des services financiers aux non- résidents,Exonération
LF2025,213001004,douanes,,اإلعفاء,2022,0.0,True,Exonération des droits de douane dus à l'importation des effets personnels par le personnel étranger recruté ou les investisseurs étrangers travaillant dans des institutions de prestataires des services financiers aux non- résidents,Exonération
LF2025,213001004,douanes,,اإلعفاء,2021,0.0,True,Exonération des droits de douane dus à l'importation des effets personnels par le personnel étranger recruté ou les investisseurs étrangers travaillant dans des institutions de prestataires des services financiers aux non- résidents,Exonération
LF2025,213427201,douanes,,اإلعفاء,2023,0.0,True,,
LF2025,213427201,douanes,,اإلعفاء,2022,0.0,True,,
LF2025,213427201,douanes,,اإلعفاء,2021,0.0,True,,
LF2025,213427206,douanes,,اإلعفاء,2023,0.003,True,,
LF2025,213427206,douanes,,اإلعفاء,2022,0.0,True,,
LF2025,213427206,douanes,,اإلعفاء,2021,0.003,True,,
LF2025,213427209,douanes,,اإلعفاء,2023,0.0,True,,
LF2025,213427209,douanes,,اإلعفاء,2022,0.0,True,,
LF2025,213427209,douanes,,اإلعفاء,2021,0.0,True,,
LF2025,213427211,douanes,,اإلعفاء,2023,0.754,True,,
LF2025,213427211,douanes,,اإلعفاء,2022,0.733,True,,
LF2025,213427211,douanes,,اإلعفاء,2021,0.0,True,,
LF2025,213427213,douanes,,اإلعفاء,2023,36.392,True,,
LF2025,213427213,douanes,,اإلعفاء,2022,100.295,True,,
LF2025,213427213,douanes,,اإلعفاء,2021,32.24,True,,
LF2025,213427216,douanes,,اإلعفاء,2023,0.0,True,,
LF2025,213427216,douanes,,اإلعفاء,2022,0.0,True,,
LF2025,213427216,douanes,,اإلعفاء,2021,0.04,True,,
LF2025,213427218,douanes,,اإلعفاء الخشصيــة و األثــاث يف إطــار العــودة الهنائيــة (مبــا فهيــا,2023,0.086,True,,
LF2025,213427218,douanes,,اإلعفاء الخشصيــة و األثــاث يف إطــار العــودة الهنائيــة (مبــا فهيــا,2022,0.086,True,,
LF2025,213427218,douanes,,اإلعفاء الخشصيــة و األثــاث يف إطــار العــودة الهنائيــة (مبــا فهيــا,2021,1.827,True,,
LF2025,213427220,douanes,,اإلعفاء,2023,55.728,True,,
LF2025,213427220,douanes,,اإلعفاء,2022,29.407,True,,
LF2025,213427220,douanes,,اإلعفاء,2021,27.516,True,,
LF2025,213571701,douanes,,اإلعفاء,2023,46.438,True,,
LF2025,213571701,douanes,,اإلعفاء,2022,46.106,True,,
LF2025,213571701,douanes,,اإلعفاء,2021,41.064,True,,
LF2025,213571801,douanes,,اإلعفاء,2023,0.0,True,,
LF2025,213571801,douanes,,اإلعفاء,2022,0.0,True,,
LF2025,213571801,douanes,,اإلعفاء,2021,0.0,True,,
LF2025,213570301,douanes,,اإلعفاء,2023,1.798,True,,
LF2025,213570301,douanes,,اإلعفاء,2022,2.16,True,,
LF2025,213570301,douanes,,اإلعفاء,2021,2.675,True,,
LF2025,213570303,douanes,,اإلعفاء املعــدة لقطــاع النقــل اجلــوي و البحــري و الــدويل للبضائــع,2023,4.818,True,,
LF2025,213570303,douanes,,اإلعفاء املعــدة لقطــاع النقــل اجلــوي و البحــري و الــدويل للبضائــع,2022,5.104,True,,
LF2025,213570303,douanes,,اإلعفاء املعــدة لقطــاع النقــل اجلــوي و البحــري و الــدويل للبضائــع,2021,2.919,True,,
LF2025,213570304,douanes,,الالزمــة لقطــاع الرتبيــة اإلعفاء,2023,0.017,True,,
LF2025,213570304,douanes,,الالزمــة لقطــاع الرتبيــة اإلعفاء,2022,0.008,True,,
LF2025,213570304,douanes,,الالزمــة لقطــاع الرتبيــة اإلعفاء,2021,0.0,True,,
LF2025,213570305,douanes,,الالزمــة لقطــاع اإلنتــاج اإلعفاء,2023,1.015,True,,
LF2025,213570305,douanes,,الالزمــة لقطــاع اإلنتــاج اإلعفاء,2022,0.929,True,,
LF2025,213570305,douanes,,الالزمــة لقطــاع اإلنتــاج اإلعفاء,2021,0.816,True,,
LF2025,213570306,douanes,,الالزمــة لقطــاع العنايــة بالطفولة و رعاية املســنني والتنشــيط اإلعفاء,2023,1.918,True,,
LF2025,213570306,douanes,,الالزمــة لقطــاع العنايــة بالطفولة و رعاية املســنني والتنشــيط اإلعفاء,2022,2.45,True,,
LF2025,213570306,douanes,,الالزمــة لقطــاع العنايــة بالطفولة و رعاية املســنني والتنشــيط اإلعفاء,2021,1.784,True,,
LF2025,213570307,douanes,,اإلعفاء,2023,1.829,True,,
LF2025,213570307,douanes,,اإلعفاء,2022,5.372,True,,
LF2025,213570307,douanes,,اإلعفاء,2021,5.372,True,,
LF2025,213570308,douanes,,اإلعفاء,2023,0.665,True,,
LF2025,213570308,douanes,,اإلعفاء,2022,0.72,True,,
LF2025,213570308,douanes,,اإلعفاء,2021,0.673,True,,
LF2025,213570309,douanes,,الالزمــة لملؤسســات املختصــة يف مقاومــة التلــوث اإلعفاء,2023,0.043,True,,
LF2025,213570309,douanes,,الالزمــة لملؤسســات املختصــة يف مقاومــة التلــوث اإلعفاء,2022,0.04,True,,
LF2025,213570309,douanes,,الالزمــة لملؤسســات املختصــة يف مقاومــة التلــوث اإلعفاء,2021,0.041,True,,
LF2025,213570501,douanes,,و التجهــزات املســتعملة يف القطــاع الفــايح و الصيــد اإلعفاء,2023,5.437,True,,
LF2025,213570501,douanes,,و التجهــزات املســتعملة يف القطــاع الفــايح و الصيــد اإلعفاء,2022,5.618,True,,
LF2025,213570501,douanes,,و التجهــزات املســتعملة يف القطــاع الفــايح و الصيــد اإلعفاء,2021,4.813,True,,
LF2025,213570601,douanes,,اإلعفاء,2023,8.623,True,,
LF2025,213570601,douanes,,اإلعفاء,2022,8.423,True,,
LF2025,213570601,douanes,,اإلعفاء,2021,6.67,True,,
LF2025,213570801,douanes,,املعــدات و املنتجــات الالزمــة للثقافــة و الرياضــة و التنشــيط اإلعفاء,2023,4.271,True,,
LF2025,213570801,douanes,,املعــدات و املنتجــات الالزمــة للثقافــة و الرياضــة و التنشــيط اإلعفاء,2022,4.551,True,,
LF2025,213570801,douanes,,املعــدات و املنتجــات الالزمــة للثقافــة و الرياضــة و التنشــيط اإلعفاء,2021,2.862,True,,
LF2025,213472001,douanes,,اإلعفاء,2023,0.0,True,"Exonération des droits de douane dus à l'importation des poches stériles pour la conservation du sang, des dérivés sanguins et de la moelle osseuse",Exonération
LF2025,213472001,douanes,,اإلعفاء,2022,0.0,True,"Exonération des droits de douane dus à l'importation des poches stériles pour la conservation du sang, des dérivés sanguins et de la moelle osseuse",Exonération
LF2025,213472001,douanes,,اإلعفاء,2021,0.0,True,"Exonération des droits de douane dus à l'importation des poches stériles pour la conservation du sang, des dérivés sanguins et de la moelle osseuse",Exonération
LF2025,213572101,douanes,,اإلعفاء,2023,25.322,True,,
LF2025,213572101,douanes,,اإلعفاء,2022,23.736,True,,
LF2025,213572101,douanes,,اإلعفاء,2021,13.335,True,,
LF2025,213572201,douanes,,لصناعــة األدويــة واملنتوجــات الصيدليــة التامــة الصنــع اإلعفاء,2023,50.892,True,,
LF2025,213572201,douanes,,لصناعــة األدويــة واملنتوجــات الصيدليــة التامــة الصنــع اإلعفاء,2022,49.575,True,,
LF2025,213572201,douanes,,لصناعــة األدويــة واملنتوجــات الصيدليــة التامــة الصنــع اإلعفاء,2021,26.603,True,,
LF2025,213572301,douanes,,اإلعفاء,2023,0.962,True,,
LF2025,213572301,douanes,,اإلعفاء,2022,4.326,True,,
LF2025,213572301,douanes,,اإلعفاء,2021,20.053,True,,
LF2025,213572601,douanes,,اإلعفاء,2023,658.716,True,,
LF2025,213572601,douanes,,اإلعفاء,2022,828.043,True,,
LF2025,213572601,douanes,,اإلعفاء,2021,499.261,True,,
LF2025,213572701,douanes,,اإلعفاء,2023,0.149,True,,
LF2025,213572701,douanes,,اإلعفاء,2022,0.135,True,,
LF2025,213572701,douanes,,اإلعفاء,2021,0.119,True,,
LF2025,213572901,douanes,,اإلعفاء,2023,0.03,True,,
LF2025,213572901,douanes,,اإلعفاء,2022,0.055,True,,
LF2025,213572901,douanes,,اإلعفاء,2021,0.019,True,,
LF2025,213001901,douanes,,اإلعفاء,2023,,False,,
LF2025,213001901,douanes,,اإلعفاء,2022,,False,,
LF2025,213001901,douanes,,اإلعفاء,2021,,False,,
LF2025,222000902,tva,,التخفيض وبيــع الســيارات الســياحية ذات أربــع خيــول و الشــعبية مــن,2023,26.511,True,Réduction du taux de la taxe sur la valeur ajoutée due à l'importation des véhicules de tourisme 4 chevaux et populaire par les concessionnaires automobiles,Réduction
LF2025,222000902,tva,,التخفيض وبيــع الســيارات الســياحية ذات أربــع خيــول و الشــعبية مــن,2022,20.278,True,Réduction du taux de la taxe sur la valeur ajoutée due à l'importation des véhicules de tourisme 4 chevaux et populaire par les concessionnaires automobiles,Réduction
LF2025,222000902,tva,,التخفيض وبيــع الســيارات الســياحية ذات أربــع خيــول و الشــعبية مــن,2021,27.147,True,Réduction du taux de la taxe sur la valeur ajoutée due à l'importation des véhicules de tourisme 4 chevaux et populaire par les concessionnaires automobiles,Réduction
LF2025,222001201,tva,,التخفيض,2023,75.288,True,Réduction du taux de la taxe sur la valeur ajoutée à l'importation ou l'acquisition des voitures destinées au transport rural ou utilisées comme « taxi » ou « louage» (87.03),Réduction
LF2025,222001201,tva,,التخفيض,2022,63.846,True,Réduction du taux de la taxe sur la valeur ajoutée à l'importation ou l'acquisition des voitures destinées au transport rural ou utilisées comme « taxi » ou « louage» (87.03),Réduction
LF2025,222001201,tva,,التخفيض,2021,64.91,True,Réduction du taux de la taxe sur la valeur ajoutée à l'importation ou l'acquisition des voitures destinées au transport rural ou utilisées comme « taxi » ou « louage» (87.03),Réduction
LF2025,222001318,tva,,,2023,4.78,True,Suspension de la taxe sur la valeur ajoutée due à l'importation ou l'acquisition sur le marché local des Poussins des Oiseaux (n’excédant pas 185 g) et Œufs fertilisés destinés à l’incubation,Suspension
LF2025,222001318,tva,,,2022,4.25,True,Suspension de la taxe sur la valeur ajoutée due à l'importation ou l'acquisition sur le marché local des Poussins des Oiseaux (n’excédant pas 185 g) et Œufs fertilisés destinés à l’incubation,Suspension
LF2025,222001318,tva,,,2021,5.699,True,Suspension de la taxe sur la valeur ajoutée due à l'importation ou l'acquisition sur le marché local des Poussins des Oiseaux (n’excédant pas 185 g) et Œufs fertilisés destinés à l’incubation,Suspension
LF2025,222001319,tva,,,2023,3.619,True,Suspension de la taxe sur la valeur ajoutée due à l'importation ou l'acquisition sur le marché local des viandes rouges destinés à la consommation,Suspension
LF2025,222001319,tva,,,2022,0.0,True,Suspension de la taxe sur la valeur ajoutée due à l'importation ou l'acquisition sur le marché local des viandes rouges destinés à la consommation,Suspension
LF2025,222001319,tva,,,2021,0.0,True,Suspension de la taxe sur la valeur ajoutée due à l'importation ou l'acquisition sur le marché local des viandes rouges destinés à la consommation,Suspension
LF2025,222001320,tva,,,2023,20.063,True,Suspension de la taxe sur la valeur ajoutée due à l'importation ou l'acquisition sur le marché local des Aliments destinés aux aquacultures,Suspension
LF2025,222001320,tva,,,2022,50.119,True,Suspension de la taxe sur la valeur ajoutée due à l'importation ou l'acquisition sur le marché local des Aliments destinés aux aquacultures,Suspension
LF2025,222001320,tva,,,2021,27.46,True,Suspension de la taxe sur la valeur ajoutée due à l'importation ou l'acquisition sur le marché local des Aliments destinés aux aquacultures,Suspension
LF2025,222001321,tva,,املشــاتل و النباتــات و األصــول و اجلــذور و الطعــوم مــن,2023,1.558,True,"Suspension de la taxe sur la valeur ajoutée due à l'importation ou l'acquisition sur le marché local des plants, plantes, boutures, racines et greffons des types destinés à la plantation dans",Suspension
LF2025,222001321,tva,,املشــاتل و النباتــات و األصــول و اجلــذور و الطعــوم مــن,2022,0.144,True,"Suspension de la taxe sur la valeur ajoutée due à l'importation ou l'acquisition sur le marché local des plants, plantes, boutures, racines et greffons des types destinés à la plantation dans",Suspension
LF2025,222001321,tva,,املشــاتل و النباتــات و األصــول و اجلــذور و الطعــوم مــن,2021,0.159,True,"Suspension de la taxe sur la valeur ajoutée due à l'importation ou l'acquisition sur le marché local des plants, plantes, boutures, racines et greffons des types destinés à la plantation dans",Suspension
LF2025,222001322,tva,,,2023,0.436,True,Suspension de la taxe sur la valeur ajoutée due à l'importation ou l'acquisition sur le marché local des légumes destinés à la consommation,Suspension
LF2025,222001322,tva,,,2022,0.0,True,Suspension de la taxe sur la valeur ajoutée due à l'importation ou l'acquisition sur le marché local des légumes destinés à la consommation,Suspension
LF2025,222001322,tva,,,2021,0.903,True,Suspension de la taxe sur la valeur ajoutée due à l'importation ou l'acquisition sur le marché local des légumes destinés à la consommation,Suspension
LF2025,222001323,tva,,,2023,2.425,True,Suspension de la taxe sur la valeur ajoutée due à l'importation ou l'acquisition sur le marché local des racines et des Semences,Suspension
LF2025,222001323,tva,,,2022,0.972,True,Suspension de la taxe sur la valeur ajoutée due à l'importation ou l'acquisition sur le marché local des racines et des Semences,Suspension
LF2025,222001323,tva,,,2021,1.404,True,Suspension de la taxe sur la valeur ajoutée due à l'importation ou l'acquisition sur le marché local des racines et des Semences,Suspension
LF2025,222001324,tva,,,2023,23.116,True,Suspension de la taxe sur la valeur ajoutée due à l'importation ou l'acquisition sur le marché local des aliments fourragers,Suspension
LF2025,222001324,tva,,,2022,31.767,True,Suspension de la taxe sur la valeur ajoutée due à l'importation ou l'acquisition sur le marché local des aliments fourragers,Suspension
LF2025,222001324,tva,,,2021,0.0,True,Suspension de la taxe sur la valeur ajoutée due à l'importation ou l'acquisition sur le marché local des aliments fourragers,Suspension
LF2025,222001325,tva,,غير مقيّم غير مقيّم,2023,,False,Suspension de la taxe sur la valeur ajoutée due à l'importation ou l'acquisition sur le marché local des Engrais,Suspension
LF2025,222001325,tva,,غير مقيّم غير مقيّم,2022,,False,Suspension de la taxe sur la valeur ajoutée due à l'importation ou l'acquisition sur le marché local des Engrais,Suspension
LF2025,222001325,tva,,غير مقيّم غير مقيّم,2021,,False,Suspension de la taxe sur la valeur ajoutée due à l'importation ou l'acquisition sur le marché local des Engrais,Suspension
LF2025,222001326,tva,,,2023,61.103,True,Suspension de la taxe sur la valeur ajoutée due à l'importation ou l'acquisition sur le marché local des Huiles végétales brutes,Suspension
LF2025,222001326,tva,,,2022,70.042,True,Suspension de la taxe sur la valeur ajoutée due à l'importation ou l'acquisition sur le marché local des Huiles végétales brutes,Suspension
LF2025,222001326,tva,,,2021,36.832,True,Suspension de la taxe sur la valeur ajoutée due à l'importation ou l'acquisition sur le marché local des Huiles végétales brutes,Suspension
LF2025,222001327,tva,,,2023,0.0,True,Suspension de la taxe sur la valeur ajoutée due à l'importation ou l'acquisition sur le marché local des Huiles végétales raffinées,Suspension
LF2025,222001327,tva,,,2022,0.0,True,Suspension de la taxe sur la valeur ajoutée due à l'importation ou l'acquisition sur le marché local des Huiles végétales raffinées,Suspension
LF2025,222001327,tva,,,2021,0.0,True,Suspension de la taxe sur la valeur ajoutée due à l'importation ou l'acquisition sur le marché local des Huiles végétales raffinées,Suspension
LF2025,222001328,tva,,,2023,0.0,True,Suspension de la taxe sur la valeur ajoutée due à l'importation ou l'acquisition sur le marché local des Produits et préparations alimentaires destinés à l'utilisation dans le domaine médicale,Suspension
LF2025,222001328,tva,,,2022,0.0,True,Suspension de la taxe sur la valeur ajoutée due à l'importation ou l'acquisition sur le marché local des Produits et préparations alimentaires destinés à l'utilisation dans le domaine médicale,Suspension
LF2025,222001328,tva,,,2021,0.0,True,Suspension de la taxe sur la valeur ajoutée due à l'importation ou l'acquisition sur le marché local des Produits et préparations alimentaires destinés à l'utilisation dans le domaine médicale,Suspension
LF2025,222001329,tva,,املعــدات و التجهــزات و املــواد و احملــرات الغذائيــة,2023,0.0,True,"Suspension de la taxe sur la valeur ajoutée due à l'importation ou l'acquisition sur le marché local des matériels, équipements et",Suspension
LF2025,222001329,tva,,املعــدات و التجهــزات و املــواد و احملــرات الغذائيــة,2022,0.0,True,"Suspension de la taxe sur la valeur ajoutée due à l'importation ou l'acquisition sur le marché local des matériels, équipements et",Suspension
LF2025,222001329,tva,,املعــدات و التجهــزات و املــواد و احملــرات الغذائيــة,2021,0.0,True,"Suspension de la taxe sur la valeur ajoutée due à l'importation ou l'acquisition sur le marché local des matériels, équipements et",Suspension
LF2025,222001330,tva,,,2023,3.732,True,Suspension de la taxe sur la valeur ajoutée due à l'importation ou l'acquisition sur le marché local des produits et matériels utilisés l'agriculture et la pêche,Exonération
LF2025,222001330,tva,,,2022,3.043,True,Suspension de la taxe sur la valeur ajoutée due à l'importation ou l'acquisition sur le marché local des produits et matériels utilisés l'agriculture et la pêche,Exonération
LF2025,222001330,tva,,,2021,5.332,True,Suspension de la taxe sur la valeur ajoutée due à l'importation ou l'acquisition sur le marché local des produits et matériels utilisés l'agriculture et la pêche,Exonération
LF2025,222001331,tva,,,2023,514.197,True,Suspension de la taxe sur la valeur ajoutée due à l'importation ou l'acquisition sur le marché local des produits alimentaires de consommation,Suspension
LF2025,222001331,tva,,,2022,523.977,True,Suspension de la taxe sur la valeur ajoutée due à l'importation ou l'acquisition sur le marché local des produits alimentaires de consommation,Suspension
LF2025,222001331,tva,,,2021,309.596,True,Suspension de la taxe sur la valeur ajoutée due à l'importation ou l'acquisition sur le marché local des produits alimentaires de consommation,Suspension
LF2025,222001332,tva,,,2023,0.0,True,"Suspension de la taxe sur la valeur ajoutée due à l'importation ou l'acquisition sur le marché local des équipements, outils destinés à être utilisés dans le domaine médical",Suspension
LF2025,222001332,tva,,,2022,0.0,True,"Suspension de la taxe sur la valeur ajoutée due à l'importation ou l'acquisition sur le marché local des équipements, outils destinés à être utilisés dans le domaine médical",Suspension
LF2025,222001332,tva,,,2021,0.0,True,"Suspension de la taxe sur la valeur ajoutée due à l'importation ou l'acquisition sur le marché local des équipements, outils destinés à être utilisés dans le domaine médical",Suspension
LF2025,222001333,tva,,,2023,0.0,True,Suspension de la taxe sur la valeur ajoutée due à l'importation ou l'acquisition sur le marché local des médicaments et des produits paramédicaux,Suspension
LF2025,222001333,tva,,,2022,0.0,True,Suspension de la taxe sur la valeur ajoutée due à l'importation ou l'acquisition sur le marché local des médicaments et des produits paramédicaux,Suspension
LF2025,222001333,tva,,,2021,0.0,True,Suspension de la taxe sur la valeur ajoutée due à l'importation ou l'acquisition sur le marché local des médicaments et des produits paramédicaux,Suspension
LF2025,222001334,tva,,,2023,0.0,True,Suspension de la taxe sur la valeur ajoutée due à l'importation ou l'acquisition sur le marché local des produits divers,Suspension
LF2025,222001334,tva,,,2022,0.0,True,Suspension de la taxe sur la valeur ajoutée due à l'importation ou l'acquisition sur le marché local des produits divers,Suspension
LF2025,222001334,tva,,,2021,0.0,True,Suspension de la taxe sur la valeur ajoutée due à l'importation ou l'acquisition sur le marché local des produits divers,Suspension
LF2025,222001336,tva,,املنتجــات املوجهــة مجلعيــات مســاعدة األطفــال املصابــن,2023,0.0,True,Suspension de la taxe sur la valeur ajoutée due à l'importation des produits par les associations d'aide aux enfants atteints de xérodermie pigmentosum,Suspension
LF2025,222001336,tva,,املنتجــات املوجهــة مجلعيــات مســاعدة األطفــال املصابــن,2022,0.0,True,Suspension de la taxe sur la valeur ajoutée due à l'importation des produits par les associations d'aide aux enfants atteints de xérodermie pigmentosum,Suspension
LF2025,222001336,tva,,املنتجــات املوجهــة مجلعيــات مســاعدة األطفــال املصابــن,2021,0.0,True,Suspension de la taxe sur la valeur ajoutée due à l'importation des produits par les associations d'aide aux enfants atteints de xérodermie pigmentosum,Suspension
LF2025,222001338,tva,,الكــرايس املتحركــة املهيــأة خصيصــا لالســتعامل مــن قبــل,2023,0.0,True,Suspension de la taxe sur la valeur ajoutée due à l'importation des chaises roulantes spécialement aménagées à l’usage des handicapés physiques,Suspension
LF2025,222001338,tva,,الكــرايس املتحركــة املهيــأة خصيصــا لالســتعامل مــن قبــل,2022,0.0,True,Suspension de la taxe sur la valeur ajoutée due à l'importation des chaises roulantes spécialement aménagées à l’usage des handicapés physiques,Suspension
LF2025,222001338,tva,,الكــرايس املتحركــة املهيــأة خصيصــا لالســتعامل مــن قبــل,2021,0.0,True,Suspension de la taxe sur la valeur ajoutée due à l'importation des chaises roulantes spécialement aménagées à l’usage des handicapés physiques,Suspension
LF2025,222001340,tva,,العربــات املعــدة لنقــل األطفــال الذيــن يشــكون مــن قصــور,2023,0.0,True,Suspension de la taxe sur la valeur ajoutée due à l'importation des poussettes destinées au transport des enfants qui souffrent d’une insuffisance motrice d’origine cérébrale,Suspension
LF2025,222001340,tva,,العربــات املعــدة لنقــل األطفــال الذيــن يشــكون مــن قصــور,2022,0.0,True,Suspension de la taxe sur la valeur ajoutée due à l'importation des poussettes destinées au transport des enfants qui souffrent d’une insuffisance motrice d’origine cérébrale,Suspension
LF2025,222001340,tva,,العربــات املعــدة لنقــل األطفــال الذيــن يشــكون مــن قصــور,2021,0.0,True,Suspension de la taxe sur la valeur ajoutée due à l'importation des poussettes destinées au transport des enfants qui souffrent d’une insuffisance motrice d’origine cérébrale,Suspension
LF2025,222001901,tva,,,2023,0.0,True,,
LF2025,222001901,tva,,,2022,0.007,True,,
LF2025,222001901,tva,,,2021,0.765,True,,
LF2025,222200701,tva,,املســتوجب عنــد توريــد و بيــع املنتجــات الصاحلــة للفالحــة التخفيض,2023,0.023,True,,
LF2025,222200701,tva,,املســتوجب عنــد توريــد و بيــع املنتجــات الصاحلــة للفالحــة التخفيض,2022,0.063,True,,
LF2025,222200701,tva,,املســتوجب عنــد توريــد و بيــع املنتجــات الصاحلــة للفالحــة التخفيض,2021,0.294,True,,
LF2025,222200702,tva,,املســتوجب عنــد توريــد و بيــع الدعــامئ املغناطيســية املعــدة التخفيض,2023,0.0,True,,
LF2025,222200702,tva,,املســتوجب عنــد توريــد و بيــع الدعــامئ املغناطيســية املعــدة التخفيض,2022,0.0,True,,
LF2025,222200702,tva,,املســتوجب عنــد توريــد و بيــع الدعــامئ املغناطيســية املعــدة التخفيض,2021,0.0,True,,
LF2025,222200704,tva,,املســتوجب عنــد توريــد و بيــع فيتــورة الصوجــة وفارينــة التخفيض,2023,0.0,True,,
LF2025,222200704,tva,,املســتوجب عنــد توريــد و بيــع فيتــورة الصوجــة وفارينــة التخفيض,2022,0.0,True,,
LF2025,222200704,tva,,املســتوجب عنــد توريــد و بيــع فيتــورة الصوجــة وفارينــة التخفيض,2021,0.0,True,,
LF2025,222200705,tva,,التخفيض,2023,0.071,True,,
LF2025,222200705,tva,,التخفيض,2022,0.347,True,,
LF2025,222200705,tva,,التخفيض,2021,0.193,True,,
LF2025,222200706,tva,,املســتوجب عنــد توريــد و بيــع اللفائــف املعدنيــة وأغطيــة التخفيض,2023,0.0,True,,
LF2025,222200706,tva,,املســتوجب عنــد توريــد و بيــع اللفائــف املعدنيــة وأغطيــة التخفيض,2022,0.0,True,,
LF2025,222200706,tva,,املســتوجب عنــد توريــد و بيــع اللفائــف املعدنيــة وأغطيــة التخفيض,2021,1.597,True,,
LF2025,222200707,tva,,املســتوجب عنــد توريــد و بيــع الزيــوت امحلضيــة املســتعملة التخفيض,2023,0.0,True,,
LF2025,222200707,tva,,املســتوجب عنــد توريــد و بيــع الزيــوت امحلضيــة املســتعملة التخفيض,2022,0.0,True,,
LF2025,222200707,tva,,املســتوجب عنــد توريــد و بيــع الزيــوت امحلضيــة املســتعملة التخفيض,2021,0.0,True,,
LF2025,222200708,tva,,املســتوجب عنــد توريــد و بيــع املــواد االوليــة املعــدة لقطــاع التخفيض,2023,0.373,True,,
LF2025,222200708,tva,,املســتوجب عنــد توريــد و بيــع املــواد االوليــة املعــدة لقطــاع التخفيض,2022,0.37,True,,
LF2025,222200708,tva,,املســتوجب عنــد توريــد و بيــع املــواد االوليــة املعــدة لقطــاع التخفيض,2021,0.094,True,,
LF2025,222200709,tva,,املســتوجب عنــد توريــد و بيــع الاكغــذ املعــد آلالت املاكتــب التخفيض,2023,0.0,True,,
LF2025,222200709,tva,,املســتوجب عنــد توريــد و بيــع الاكغــذ املعــد آلالت املاكتــب التخفيض,2022,0.0,True,,
LF2025,222200709,tva,,املســتوجب عنــد توريــد و بيــع الاكغــذ املعــد آلالت املاكتــب التخفيض,2021,0.0,True,,
LF2025,222200710,tva,,التخفيض,2023,0.0,True,,
LF2025,222200710,tva,,التخفيض,2022,0.0,True,,
LF2025,222200710,tva,,التخفيض,2021,0.001,True,,
LF2025,222200711,tva,,التخفيض,2023,0.0,True,,
LF2025,222200711,tva,,التخفيض,2022,0.0,True,,
LF2025,222200711,tva,,التخفيض,2021,0.0,True,,
LF2025,222200712,tva,,التخفيض,2023,0.0,True,,
LF2025,222200712,tva,,التخفيض,2022,0.0,True,,
LF2025,222200712,tva,,التخفيض,2021,0.0,True,,
LF2025,222200713,tva,,املســتوجب عنــد توريــد و بيــع معــدات التجهــز وقطــع الغيار التخفيض,2023,0.0,True,,
LF2025,222200713,tva,,املســتوجب عنــد توريــد و بيــع معــدات التجهــز وقطــع الغيار التخفيض,2022,0.0,True,,
LF2025,222200713,tva,,املســتوجب عنــد توريــد و بيــع معــدات التجهــز وقطــع الغيار التخفيض,2021,0.0,True,,
LF2025,222200714,tva,,املســتوجب عنــد توريــد و بيــع امللحقــات الغذائيــة املعــدة التخفيض,2023,0.0,True,,
LF2025,222200714,tva,,املســتوجب عنــد توريــد و بيــع امللحقــات الغذائيــة املعــدة التخفيض,2022,0.0,True,,
LF2025,222200714,tva,,املســتوجب عنــد توريــد و بيــع امللحقــات الغذائيــة املعــدة التخفيض,2021,0.0,True,,
LF2025,222200715,tva,,املســتوجب عنــد توريــد و بيــع المشبــوان ومعجــون األســنان التخفيض,2023,0.0,True,,
LF2025,222200715,tva,,املســتوجب عنــد توريــد و بيــع المشبــوان ومعجــون األســنان التخفيض,2022,0.274,True,,
LF2025,222200715,tva,,املســتوجب عنــد توريــد و بيــع المشبــوان ومعجــون األســنان التخفيض,2021,0.321,True,,
LF2025,222200716,tva,,التخفيض,2023,0.0,True,,
LF2025,222200716,tva,,التخفيض,2022,0.0,True,,
LF2025,222200716,tva,,التخفيض,2021,0.0,True,,
LF2025,222200717,tva,,التخفيض,2023,0.0,True,,
LF2025,222200717,tva,,التخفيض,2022,0.0,True,,
LF2025,222200717,tva,,التخفيض,2021,0.0,True,,
LF2025,222200718,tva,,التخفيض,2023,0.0,True,,
LF2025,222200718,tva,,التخفيض,2022,0.0,True,,
LF2025,222200718,tva,,التخفيض,2021,0.0,True,,
LF2025,222200719,tva,,املســتوجب عنــد توريــد التجهــزات الالزمــة لقطــاع النقــل التخفيض,2023,0.0,True,,
LF2025,222200719,tva,,املســتوجب عنــد توريــد التجهــزات الالزمــة لقطــاع النقــل التخفيض,2022,0.0,True,,
LF2025,222200719,tva,,املســتوجب عنــد توريــد التجهــزات الالزمــة لقطــاع النقــل التخفيض,2021,0.0,True,,
LF2025,222200720,tva,,عنــد توريــد التجهــزات الالزمــة لالســتمثارات يف قطــاع التخفيض,2023,0.0,True,,
LF2025,222200720,tva,,عنــد توريــد التجهــزات الالزمــة لالســتمثارات يف قطــاع التخفيض,2022,0.0,True,,
LF2025,222200720,tva,,عنــد توريــد التجهــزات الالزمــة لالســتمثارات يف قطــاع التخفيض,2021,0.0,True,,
LF2025,222200721,tva,,املســتوجب عنــد توريــد اآلالت اللتقــاط الطاقــة المشســية التخفيض,2023,0.0,True,,
LF2025,222200721,tva,,املســتوجب عنــد توريــد اآلالت اللتقــاط الطاقــة المشســية التخفيض,2022,0.0,True,,
LF2025,222200721,tva,,املســتوجب عنــد توريــد اآلالت اللتقــاط الطاقــة المشســية التخفيض,2021,0.0,True,,
LF2025,222200722,tva,,التخفيض,2023,0.137,True,,
LF2025,222200722,tva,,التخفيض,2022,0.388,True,,
LF2025,222200722,tva,,التخفيض,2021,0.869,True,,
LF2025,222200723,tva,,املوظــف عنــد توريــد الــورق املعــد لطباعــة املجــات لفائــدة التخفيض,2023,0.0,True,,
LF2025,222200723,tva,,املوظــف عنــد توريــد الــورق املعــد لطباعــة املجــات لفائــدة التخفيض,2022,0.0,True,,
LF2025,222200723,tva,,املوظــف عنــد توريــد الــورق املعــد لطباعــة املجــات لفائــدة التخفيض,2021,0.0,True,,
LF2025,222200725,tva,,غير مقيّم غير مقيّم الصاحلــة لتنظيــف املـــدن ومجــع ومعاجلــة الفضــات وتعبيد غير مقيّم التخفيض,2023,,False,,
LF2025,222200725,tva,,غير مقيّم غير مقيّم الصاحلــة لتنظيــف املـــدن ومجــع ومعاجلــة الفضــات وتعبيد غير مقيّم التخفيض,2022,,False,,
LF2025,222200725,tva,,غير مقيّم غير مقيّم الصاحلــة لتنظيــف املـــدن ومجــع ومعاجلــة الفضــات وتعبيد غير مقيّم التخفيض,2021,,False,,
LF2025,222200726,tva,,غير مقيّم غير مقيّم املوظــف عنــد بيــع التجهــزات اخلاصــة بالبحــث و إنتــاج غير مقيّم التخفيض,2023,,False,,
LF2025,222200726,tva,,غير مقيّم غير مقيّم املوظــف عنــد بيــع التجهــزات اخلاصــة بالبحــث و إنتــاج غير مقيّم التخفيض,2022,,False,,
LF2025,222200726,tva,,غير مقيّم غير مقيّم املوظــف عنــد بيــع التجهــزات اخلاصــة بالبحــث و إنتــاج غير مقيّم التخفيض,2021,,False,,
LF2025,222200727,tva,,غير مقيّم غير مقيّم غير مقيّم التخفيض,2023,,False,,
LF2025,222200727,tva,,غير مقيّم غير مقيّم غير مقيّم التخفيض,2022,,False,,
LF2025,222200727,tva,,غير مقيّم غير مقيّم غير مقيّم التخفيض,2021,,False,,
LF2025,222200728,tva,,غير مقيّم غير مقيّم املوظــف عــى اخلدمــات املوجهــة إلقامــة غــر املقميــن غير مقيّم التخفيض,2023,,False,,
LF2025,222200728,tva,,غير مقيّم غير مقيّم املوظــف عــى اخلدمــات املوجهــة إلقامــة غــر املقميــن غير مقيّم التخفيض,2022,,False,,
LF2025,222200728,tva,,غير مقيّم غير مقيّم املوظــف عــى اخلدمــات املوجهــة إلقامــة غــر املقميــن غير مقيّم التخفيض,2021,,False,,
LF2025,222200729,tva,,غير مقيّم غير مقيّم غير مقيّم التخفيض,2023,,False,,
LF2025,222200729,tva,,غير مقيّم غير مقيّم غير مقيّم التخفيض,2022,,False,,
LF2025,222200729,tva,,غير مقيّم غير مقيّم غير مقيّم التخفيض,2021,,False,,
LF2025,222200730,tva,,غير مقيّم غير مقيّم املوظــف عــى خدمــات االرســال االذايع والتلفــزي املنجــزة غير مقيّم التخفيض,2023,,False,,
LF2025,222200730,tva,,غير مقيّم غير مقيّم املوظــف عــى خدمــات االرســال االذايع والتلفــزي املنجــزة غير مقيّم التخفيض,2022,,False,,
LF2025,222200730,tva,,غير مقيّم غير مقيّم املوظــف عــى خدمــات االرســال االذايع والتلفــزي املنجــزة غير مقيّم التخفيض,2021,,False,,
LF2025,222200731,tva,,غير مقيّم غير مقيّم املوظــف عــى خدمــات بــث األنبــاء الصحفيــة مــن طــرف غير مقيّم التخفيض,2023,,False,,
LF2025,222200731,tva,,غير مقيّم غير مقيّم املوظــف عــى خدمــات بــث األنبــاء الصحفيــة مــن طــرف غير مقيّم التخفيض,2022,,False,,
LF2025,222200731,tva,,غير مقيّم غير مقيّم املوظــف عــى خدمــات بــث األنبــاء الصحفيــة مــن طــرف غير مقيّم التخفيض,2021,,False,,
LF2025,222200732,tva,,غير مقيّم غير مقيّم غير مقيّم التخفيض,2023,,False,,
LF2025,222200732,tva,,غير مقيّم غير مقيّم غير مقيّم التخفيض,2022,,False,,
LF2025,222200732,tva,,غير مقيّم غير مقيّم غير مقيّم التخفيض,2021,,False,,
LF2025,222200733,tva,,غير مقيّم غير مقيّم غير مقيّم التخفيض,2023,,False,,
LF2025,222200733,tva,,غير مقيّم غير مقيّم غير مقيّم التخفيض,2022,,False,,
LF2025,222200733,tva,,غير مقيّم غير مقيّم غير مقيّم التخفيض,2021,,False,,
LF2025,222200734,tva,,غير مقيّم غير مقيّم غير مقيّم التخفيض,2023,,False,,
LF2025,222200734,tva,,غير مقيّم غير مقيّم غير مقيّم التخفيض,2022,,False,,
LF2025,222200734,tva,,غير مقيّم غير مقيّم غير مقيّم التخفيض,2021,,False,,
LF2025,222200735,tva,,غير مقيّم غير مقيّم غير مقيّم املســتوجب عنــد بيــع التجهــزات املصنوعــة حمليــا والالزمــة التخفيض,2023,,False,,
LF2025,222200735,tva,,غير مقيّم غير مقيّم غير مقيّم املســتوجب عنــد بيــع التجهــزات املصنوعــة حمليــا والالزمــة التخفيض,2022,,False,,
LF2025,222200735,tva,,غير مقيّم غير مقيّم غير مقيّم املســتوجب عنــد بيــع التجهــزات املصنوعــة حمليــا والالزمــة التخفيض,2021,,False,,
LF2025,222200736,tva,,املوظــف عــى التجهــزات الــي ليــس هلــا مثيــل مصنــوع التخفيض,2023,0.0,True,,
LF2025,222200736,tva,,املوظــف عــى التجهــزات الــي ليــس هلــا مثيــل مصنــوع التخفيض,2022,0.0,True,,
LF2025,222200736,tva,,املوظــف عــى التجهــزات الــي ليــس هلــا مثيــل مصنــوع التخفيض,2021,0.084,True,,
LF2025,222201302,tva,,املصنوعــة حمليــا والالزمــة لالســتمثار يف قطــاع الســياحة ( غير مقيّم غير مقيّم غير مقيّم,2023,,False,,
LF2025,222201302,tva,,املصنوعــة حمليــا والالزمــة لالســتمثار يف قطــاع الســياحة ( غير مقيّم غير مقيّم غير مقيّم,2022,,False,,
LF2025,222201302,tva,,املصنوعــة حمليــا والالزمــة لالســتمثار يف قطــاع الســياحة ( غير مقيّم غير مقيّم غير مقيّم,2021,,False,,
LF2025,222201303,tva,,التجهــزات الالزمــة لقطــــاع الفالحـــة والصيـــد البحــــري,2023,2.088,True,,
LF2025,222201303,tva,,التجهــزات الالزمــة لقطــــاع الفالحـــة والصيـــد البحــــري,2022,2.662,True,,
LF2025,222201303,tva,,التجهــزات الالزمــة لقطــــاع الفالحـــة والصيـــد البحــــري,2021,2.761,True,,
LF2025,222201304,tva,,املصنوعــة حمليــا االزمــة لقطــاع الفالحــة و الصيــد البحــري غير مقيّم غير مقيّم غير مقيّم,2023,,False,,
LF2025,222201304,tva,,املصنوعــة حمليــا االزمــة لقطــاع الفالحــة و الصيــد البحــري غير مقيّم غير مقيّم غير مقيّم,2022,,False,,
LF2025,222201304,tva,,املصنوعــة حمليــا االزمــة لقطــاع الفالحــة و الصيــد البحــري غير مقيّم غير مقيّم غير مقيّم,2021,,False,,
LF2025,222201305,tva,,التجهــزات املــوردة الالزمــة لقطــاع الصناعــات التقليديــة,2023,0.015,True,,
LF2025,222201305,tva,,التجهــزات املــوردة الالزمــة لقطــاع الصناعــات التقليديــة,2022,0.0,True,,
LF2025,222201305,tva,,التجهــزات املــوردة الالزمــة لقطــاع الصناعــات التقليديــة,2021,0.016,True,,
LF2025,222201306,tva,,املصنوعــة حمليــا الالزمــة لقطــاع الصناعــات التقليديــة ( غير مقيّم غير مقيّم غير مقيّم,2023,,False,,
LF2025,222201306,tva,,املصنوعــة حمليــا الالزمــة لقطــاع الصناعــات التقليديــة ( غير مقيّم غير مقيّم غير مقيّم,2022,,False,,
LF2025,222201306,tva,,املصنوعــة حمليــا الالزمــة لقطــاع الصناعــات التقليديــة ( غير مقيّم غير مقيّم غير مقيّم,2021,,False,,
LF2025,222201307,tva,,التجهــزات الالزمــة لالســتمثارات يف قطــاع النقــل اجلــوي,2023,0.0,True,,
LF2025,222201307,tva,,التجهــزات الالزمــة لالســتمثارات يف قطــاع النقــل اجلــوي,2022,0.0,True,,
LF2025,222201307,tva,,التجهــزات الالزمــة لالســتمثارات يف قطــاع النقــل اجلــوي,2021,0.0,True,,
LF2025,222201308,tva,,غير مقيّم غير مقيّم غير مقيّم,2023,,False,,
LF2025,222201308,tva,,غير مقيّم غير مقيّم غير مقيّم,2022,,False,,
LF2025,222201308,tva,,غير مقيّم غير مقيّم غير مقيّم,2021,,False,,
LF2025,222201309,tva,,,2023,0.024,True,,
LF2025,222201309,tva,,,2022,0.022,True,,
LF2025,222201309,tva,,,2021,0.016,True,,
LF2025,222201310,tva,,غير مقيّم غير مقيّم غير مقيّم,2023,,False,,
LF2025,222201310,tva,,غير مقيّم غير مقيّم غير مقيّم,2022,,False,,
LF2025,222201310,tva,,غير مقيّم غير مقيّم غير مقيّم,2021,,False,,
LF2025,222201311,tva,,التجهــزات الالزمــة لالســتمثارات يف قطــاع اإلنتــاج,2023,0.146,True,,
LF2025,222201311,tva,,التجهــزات الالزمــة لالســتمثارات يف قطــاع اإلنتــاج,2022,0.066,True,,
LF2025,222201311,tva,,التجهــزات الالزمــة لالســتمثارات يف قطــاع اإلنتــاج,2021,0.576,True,,
LF2025,222201312,tva,,املصنوعــة حمليــا والالزمــة لالســتمثارات يف قطــاع اإلنتــاج غير مقيّم غير مقيّم غير مقيّم,2023,,False,,
LF2025,222201312,tva,,املصنوعــة حمليــا والالزمــة لالســتمثارات يف قطــاع اإلنتــاج غير مقيّم غير مقيّم غير مقيّم,2022,,False,,
LF2025,222201312,tva,,املصنوعــة حمليــا والالزمــة لالســتمثارات يف قطــاع اإلنتــاج غير مقيّم غير مقيّم غير مقيّم,2021,,False,,
LF2025,222201313,tva,,,2023,0.074,True,,
LF2025,222201313,tva,,,2022,0.015,True,,
LF2025,222201313,tva,,,2021,0.023,True,,
LF2025,222201314,tva,,الالزمــة لالســتمثارات يف قطــاع العنايــة بالطفولــة و رعايــة غير مقيّم غير مقيّم غير مقيّم,2023,,False,,
LF2025,222201314,tva,,الالزمــة لالســتمثارات يف قطــاع العنايــة بالطفولــة و رعايــة غير مقيّم غير مقيّم غير مقيّم,2022,,False,,
LF2025,222201314,tva,,الالزمــة لالســتمثارات يف قطــاع العنايــة بالطفولــة و رعايــة غير مقيّم غير مقيّم غير مقيّم,2021,,False,,
LF2025,222201315,tva,,التجهــزات الالزمــة لالســتمثارات يف قطــاع املؤسســات,2023,5.096,True,,
LF2025,222201315,tva,,التجهــزات الالزمــة لالســتمثارات يف قطــاع املؤسســات,2022,11.484,True,,
LF2025,222201315,tva,,التجهــزات الالزمــة لالســتمثارات يف قطــاع املؤسســات,2021,11.484,True,,
LF2025,222201316,tva,,املصنوعــة حمليــا و الالزمــة لالســتمثارات يف قطــاع غير مقيّم غير مقيّم غير مقيّم,2023,,False,,
LF2025,222201316,tva,,املصنوعــة حمليــا و الالزمــة لالســتمثارات يف قطــاع غير مقيّم غير مقيّم غير مقيّم,2022,,False,,
LF2025,222201316,tva,,املصنوعــة حمليــا و الالزمــة لالســتمثارات يف قطــاع غير مقيّم غير مقيّم غير مقيّم,2021,,False,,
LF2025,222201317,tva,,التجهــزات الالزمــة لالســتمثارات يف قطــاع الســياحة,2023,0.0,True,,
LF2025,222201317,tva,,التجهــزات الالزمــة لالســتمثارات يف قطــاع الســياحة,2022,0.0,True,,
LF2025,222201317,tva,,التجهــزات الالزمــة لالســتمثارات يف قطــاع الســياحة,2021,0.0,True,,
LF2025,222201318,tva,,املصنوعــة حمليــا و الالزمــة لالســتمثارات يف قطــاع غير مقيّم غير مقيّم غير مقيّم,2023,,False,,
LF2025,222201318,tva,,املصنوعــة حمليــا و الالزمــة لالســتمثارات يف قطــاع غير مقيّم غير مقيّم غير مقيّم,2022,,False,,
LF2025,222201318,tva,,املصنوعــة حمليــا و الالزمــة لالســتمثارات يف قطــاع غير مقيّم غير مقيّم غير مقيّم,2021,,False,,
LF2025,222201319,tva,,التجهــزات الالزمــة لالســتمثارات ملقاومــة التلــوث و,2023,0.0,True,,
LF2025,222201319,tva,,التجهــزات الالزمــة لالســتمثارات ملقاومــة التلــوث و,2022,0.0,True,,
LF2025,222201319,tva,,التجهــزات الالزمــة لالســتمثارات ملقاومــة التلــوث و,2021,0.0,True,,
LF2025,222201320,tva,,غير مقيّم غير مقيّم غير مقيّم,2023,,False,,
LF2025,222201320,tva,,غير مقيّم غير مقيّم غير مقيّم,2022,,False,,
LF2025,222201320,tva,,غير مقيّم غير مقيّم غير مقيّم,2021,,False,,
LF2025,223000102,tva,,اإلعفاء و املعــدات املــوردة او عنــد االقتنــاء حمليــا إلجنــاز مشــاريع,2023,2.87,True,Exonération de la taxe sur la valeur ajoutée due à l'importation ou l'acquisition sur le marché local des équipements et matériels par des Tunisiens résidents à l'étranger dans le cadre de réalisation de projets ou de participation à des projets,Exonération
LF2025,223000102,tva,,اإلعفاء و املعــدات املــوردة او عنــد االقتنــاء حمليــا إلجنــاز مشــاريع,2022,3.405,True,Exonération de la taxe sur la valeur ajoutée due à l'importation ou l'acquisition sur le marché local des équipements et matériels par des Tunisiens résidents à l'étranger dans le cadre de réalisation de projets ou de participation à des projets,Exonération
LF2025,223000102,tva,,اإلعفاء و املعــدات املــوردة او عنــد االقتنــاء حمليــا إلجنــاز مشــاريع,2021,2.86,True,Exonération de la taxe sur la valeur ajoutée due à l'importation ou l'acquisition sur le marché local des équipements et matériels par des Tunisiens résidents à l'étranger dans le cadre de réalisation de projets ou de participation à des projets,Exonération
LF2025,222000101,tva,,التخفيض أو االقتنــاء حمليــا للشــاحنات قصــد اجنــاز مشــاريع أو,2023,28.02,True,,
LF2025,222000101,tva,,التخفيض أو االقتنــاء حمليــا للشــاحنات قصــد اجنــاز مشــاريع أو,2022,57.827,True,,
LF2025,222000101,tva,,التخفيض أو االقتنــاء حمليــا للشــاحنات قصــد اجنــاز مشــاريع أو,2021,81.635,True,,
LF2025,223000406,tva,,اإلعفاء األغــراض الخشصيــة مــن قبــل املنتدبــن و املســتمثرين,2023,0.0,True,Exonération de la taxe sur la valeur ajoutée due à l'importation des effets personnels par le personnel étranger recruté ou les investisseurs étrangers chargés de la gérance d'une entreprise implantée dans les parcs d'activités économiques,Exonération
LF2025,223000406,tva,,اإلعفاء األغــراض الخشصيــة مــن قبــل املنتدبــن و املســتمثرين,2022,0.0,True,Exonération de la taxe sur la valeur ajoutée due à l'importation des effets personnels par le personnel étranger recruté ou les investisseurs étrangers chargés de la gérance d'une entreprise implantée dans les parcs d'activités économiques,Exonération
LF2025,223000406,tva,,اإلعفاء األغــراض الخشصيــة مــن قبــل املنتدبــن و املســتمثرين,2021,0.403,True,Exonération de la taxe sur la valeur ajoutée due à l'importation des effets personnels par le personnel étranger recruté ou les investisseurs étrangers chargés de la gérance d'une entreprise implantée dans les parcs d'activités économiques,Exonération
LF2025,223000408,tva,,اإلعفاء الســيارات الســياحية مــن قبــل املنتدبــن و املســتمثرين,2023,0.0,True,Exonération de la taxe sur la valeur ajoutée due à l'importation d'une voiture de tourisme par le personnel étranger recruté ou les investisseurs étrangers chargés de la gérance d'une entreprise implantée dans les parcs d'activités économiques,Exonération
LF2025,223000408,tva,,اإلعفاء الســيارات الســياحية مــن قبــل املنتدبــن و املســتمثرين,2022,0.0,True,Exonération de la taxe sur la valeur ajoutée due à l'importation d'une voiture de tourisme par le personnel étranger recruté ou les investisseurs étrangers chargés de la gérance d'une entreprise implantée dans les parcs d'activités économiques,Exonération
LF2025,223000408,tva,,اإلعفاء الســيارات الســياحية مــن قبــل املنتدبــن و املســتمثرين,2021,0.168,True,Exonération de la taxe sur la valeur ajoutée due à l'importation d'une voiture de tourisme par le personnel étranger recruté ou les investisseurs étrangers chargés de la gérance d'une entreprise implantée dans les parcs d'activités économiques,Exonération
LF2025,223000409,tva,,اإلعفاء,2023,0.184,True,Exonération de la taxe sur la valeur ajoutée due à la vente de déchets pour recyclages par les entreprises implantées dans les parcs d'activités économiques,Exonération
LF2025,223000409,tva,,اإلعفاء,2022,0.17,True,Exonération de la taxe sur la valeur ajoutée due à la vente de déchets pour recyclages par les entreprises implantées dans les parcs d'activités économiques,Exonération
LF2025,223000409,tva,,اإلعفاء,2021,0.521,True,Exonération de la taxe sur la valeur ajoutée due à la vente de déchets pour recyclages par les entreprises implantées dans les parcs d'activités économiques,Exonération
LF2025,223000606,tva,,اإلعفاء,2023,0.0,True,Exonération de la taxe sur la valeur ajoutée due à l'importation des effets personnels par le personnel étranger recruté ou les investisseurs étrangers chargés des établissements de santé prêtant la totalité de leurs services au profit des non résidents,Exonération
LF2025,223000606,tva,,اإلعفاء,2022,0.0,True,Exonération de la taxe sur la valeur ajoutée due à l'importation des effets personnels par le personnel étranger recruté ou les investisseurs étrangers chargés des établissements de santé prêtant la totalité de leurs services au profit des non résidents,Exonération
LF2025,223000606,tva,,اإلعفاء,2021,1.993,True,Exonération de la taxe sur la valeur ajoutée due à l'importation des effets personnels par le personnel étranger recruté ou les investisseurs étrangers chargés des établissements de santé prêtant la totalité de leurs services au profit des non résidents,Exonération
LF2025,223001003,tva,,املعــدات و التجهــزات الالزمــة لنشــاط املؤسســات املاليــة اإلعفاء,2023,0.0,True,Exonération de la taxe sur la valeur ajoutée due à l'importation des matériels et équipement nécessaires à l'activité des prestataires des services financiers aux non résidents,Exonération
LF2025,223001003,tva,,املعــدات و التجهــزات الالزمــة لنشــاط املؤسســات املاليــة اإلعفاء,2022,0.0,True,Exonération de la taxe sur la valeur ajoutée due à l'importation des matériels et équipement nécessaires à l'activité des prestataires des services financiers aux non résidents,Exonération
LF2025,223001003,tva,,املعــدات و التجهــزات الالزمــة لنشــاط املؤسســات املاليــة اإلعفاء,2021,0.0,True,Exonération de la taxe sur la valeur ajoutée due à l'importation des matériels et équipement nécessaires à l'activité des prestataires des services financiers aux non résidents,Exonération
LF2025,223001005,tva,,اإلعفاء,2023,0.0,True,Exonération de la taxe sur la valeur ajoutée due à l'importation des effets personnels par le personnel étranger recruté ou les investisseurs étrangers travaillant dans des institutions de prestataires des services financiers aux non résidents,Exonération
LF2025,223001005,tva,,اإلعفاء,2022,0.0,True,Exonération de la taxe sur la valeur ajoutée due à l'importation des effets personnels par le personnel étranger recruté ou les investisseurs étrangers travaillant dans des institutions de prestataires des services financiers aux non résidents,Exonération
LF2025,223001005,tva,,اإلعفاء,2021,0.0,True,Exonération de la taxe sur la valeur ajoutée due à l'importation des effets personnels par le personnel étranger recruté ou les investisseurs étrangers travaillant dans des institutions de prestataires des services financiers aux non résidents,Exonération
LF2025,223001007,tva,,اإلعفاء,2023,0.077,True,Exonération de la taxe sur la valeur ajoutée due à l'importation d'une voiture,Exonération
LF2025,223001007,tva,,اإلعفاء,2022,0.0,True,Exonération de la taxe sur la valeur ajoutée due à l'importation d'une voiture,Exonération
LF2025,223001007,tva,,اإلعفاء,2021,0.0,True,Exonération de la taxe sur la valeur ajoutée due à l'importation d'une voiture,Exonération
LF2025,223200442,tva,,اإلعفاء,2023,0.0,True,,
LF2025,223200442,tva,,اإلعفاء,2022,0.0,True,,
LF2025,223200442,tva,,اإلعفاء,2021,0.0,True,,
LF2025,223200444,tva,,اإلعفاء,2023,0.02,True,,
LF2025,223200444,tva,,اإلعفاء,2022,0.001,True,,
LF2025,223200444,tva,,اإلعفاء,2021,0.011,True,,
LF2025,223200445,tva,,اإلعفاء,2023,0.0,True,,
LF2025,223200445,tva,,اإلعفاء,2022,0.0,True,,
LF2025,223200445,tva,,اإلعفاء,2021,0.0,True,,
LF2025,223200446,tva,,اإلعفاء,2023,0.001,True,,
LF2025,223200446,tva,,اإلعفاء,2022,0.57,True,,
LF2025,223200446,tva,,اإلعفاء,2021,0.0,True,,
LF2025,223200447,tva,,اإلعفاء,2023,27.3,True,,
LF2025,223200447,tva,,اإلعفاء,2022,111.36,True,,
LF2025,223200447,tva,,اإلعفاء,2021,57.205,True,,
LF2025,223200448,tva,,اإلعفاء,2023,0.0,True,,
LF2025,223200448,tva,,اإلعفاء,2022,0.0,True,,
LF2025,223200448,tva,,اإلعفاء,2021,0.041,True,,
LF2025,223200449,tva,,أو اقتنــاء األمتعــة الخشصيــة و األثــاث يف إطــار العــودة اإلعفاء,2023,0.154,True,,
LF2025,223200449,tva,,أو اقتنــاء األمتعــة الخشصيــة و األثــاث يف إطــار العــودة اإلعفاء,2022,0.0,True,,
LF2025,223200449,tva,,أو اقتنــاء األمتعــة الخشصيــة و األثــاث يف إطــار العــودة اإلعفاء,2021,3.186,True,,
LF2025,223200450,tva,,اإلعفاء,2023,548.828,True,,
LF2025,223200450,tva,,اإلعفاء,2022,456.009,True,,
LF2025,223200450,tva,,اإلعفاء,2021,517.637,True,,
LF2025,223200451,tva,,املكثفــة حتــت البيــوت املكيفــة و حلفــظ رطوبــة األرض اإلعفاء,2023,0.0,True,,
LF2025,223200451,tva,,املكثفــة حتــت البيــوت املكيفــة و حلفــظ رطوبــة األرض اإلعفاء,2022,0.351,True,,
LF2025,223200451,tva,,املكثفــة حتــت البيــوت املكيفــة و حلفــظ رطوبــة األرض اإلعفاء,2021,0.44,True,,
LF2025,223200401,tva,,اإلعفاء,2023,0.0,True,,
LF2025,223200401,tva,,اإلعفاء,2022,0.0,True,,
LF2025,223200401,tva,,اإلعفاء,2021,0.0,True,,
LF2025,223200402,tva,,اإلعفاء,2023,0.0,True,,
LF2025,223200402,tva,,اإلعفاء,2022,0.001,True,,
LF2025,223200402,tva,,اإلعفاء,2021,3.514,True,,
LF2025,223200403,tva,,اإلعفاء,2023,5.039,True,,
LF2025,223200403,tva,,اإلعفاء,2022,11.323,True,,
LF2025,223200403,tva,,اإلعفاء,2021,212.46,True,,
LF2025,223200404,tva,,اإلعفاء,2023,1.364,True,,
LF2025,223200404,tva,,اإلعفاء,2022,1.61,True,,
LF2025,223200404,tva,,اإلعفاء,2021,18.366,True,,
LF2025,223200405,tva,,اإلعفاء,2023,0.026,True,,
LF2025,223200405,tva,,اإلعفاء,2022,1.296,True,,
LF2025,223200405,tva,,اإلعفاء,2021,17.067,True,,
LF2025,223200406,tva,,اإلعفاء,2023,0.0,True,,
LF2025,223200406,tva,,اإلعفاء,2022,0.0,True,,
LF2025,223200406,tva,,اإلعفاء,2021,0.015,True,,
LF2025,223200408,tva,,املتعلقــة بالدفــع اإللكــروين بواســطة املطــارف واألنرتنــت غير مقيّم غير مقيّم غير مقيّم اإلعفاء,2023,11.46,True,,
LF2025,223200408,tva,,املتعلقــة بالدفــع اإللكــروين بواســطة املطــارف واألنرتنــت غير مقيّم غير مقيّم غير مقيّم اإلعفاء,2022,8.948,True,,
LF2025,223200408,tva,,املتعلقــة بالدفــع اإللكــروين بواســطة املطــارف واألنرتنــت غير مقيّم غير مقيّم غير مقيّم اإلعفاء,2021,3.414,True,,
LF2025,223200409,tva,,اإلعفاء,2023,0.003,True,,
LF2025,223200409,tva,,اإلعفاء,2022,0.033,True,,
LF2025,223200409,tva,,اإلعفاء,2021,39.584,True,,
LF2025,223200410,tva,,اإلعفاء,2023,1.105,True,,
LF2025,223200410,tva,,اإلعفاء,2022,1.441,True,,
LF2025,223200410,tva,,اإلعفاء,2021,10.716,True,,
LF2025,223200411,tva,,اإلعفاء,2023,0.0,True,,
LF2025,223200411,tva,,اإلعفاء,2022,0.0,True,,
LF2025,223200411,tva,,اإلعفاء,2021,0.0,True,,
LF2025,223200412,tva,,بيــع الكتــب واملؤلفــات واملطبوعــات والصحــف والنرشيــات اإلعفاء,2023,1.221,True,,
LF2025,223200412,tva,,بيــع الكتــب واملؤلفــات واملطبوعــات والصحــف والنرشيــات اإلعفاء,2022,1.207,True,,
LF2025,223200412,tva,,بيــع الكتــب واملؤلفــات واملطبوعــات والصحــف والنرشيــات اإلعفاء,2021,5.312,True,,
LF2025,223200413,tva,,بيــع املنتوجــات املعــدة لطباعــة الكتــب والصحــف واملجــات اإلعفاء,2023,0.002,True,,
LF2025,223200413,tva,,بيــع املنتوجــات املعــدة لطباعــة الكتــب والصحــف واملجــات اإلعفاء,2022,0.001,True,,
LF2025,223200413,tva,,بيــع املنتوجــات املعــدة لطباعــة الكتــب والصحــف واملجــات اإلعفاء,2021,0.215,True,,
LF2025,223200414,tva,,اإلعفاء,2023,0.0,True,,
LF2025,223200414,tva,,اإلعفاء,2022,0.0,True,,
LF2025,223200414,tva,,اإلعفاء,2021,0.621,True,,
LF2025,223200415,tva,,وبيــع املعــدات والتجهــزات واملنتجــات الالزمــة للثقافــة اإلعفاء,2023,0.948,True,,
LF2025,223200415,tva,,وبيــع املعــدات والتجهــزات واملنتجــات الالزمــة للثقافــة اإلعفاء,2022,0.153,True,,
LF2025,223200415,tva,,وبيــع املعــدات والتجهــزات واملنتجــات الالزمــة للثقافــة اإلعفاء,2021,4.521,True,,
LF2025,223200416,tva,,اإلعفاء,2023,0.122,True,,
LF2025,223200416,tva,,اإلعفاء,2022,0.0,True,,
LF2025,223200416,tva,,اإلعفاء,2021,0.363,True,,
LF2025,223200417,tva,,اإلعفاء,2023,0.0,True,,
LF2025,223200417,tva,,اإلعفاء,2022,0.0,True,,
LF2025,223200417,tva,,اإلعفاء,2021,0.0,True,,
LF2025,223200418,tva,,اإلعفاء,2023,0.0,True,,
LF2025,223200418,tva,,اإلعفاء,2022,0.0,True,,
LF2025,223200418,tva,,اإلعفاء,2021,0.0,True,,
LF2025,223200419,tva,,أو بيــع األنابيــب اهلوائيــة لتجهــز الطائــرات املتعــددة اإلعفاء,2023,0.0,True,,
LF2025,223200419,tva,,أو بيــع األنابيــب اهلوائيــة لتجهــز الطائــرات املتعــددة اإلعفاء,2022,0.0,True,,
LF2025,223200419,tva,,أو بيــع األنابيــب اهلوائيــة لتجهــز الطائــرات املتعــددة اإلعفاء,2021,0.0,True,,
LF2025,223200420,tva,,اإلعفاء,2023,154.257,True,,
LF2025,223200420,tva,,اإلعفاء,2022,138.557,True,,
LF2025,223200420,tva,,اإلعفاء,2021,122.529,True,,
LF2025,223200421,tva,,اإلعفاء,2023,0.0,True,,
LF2025,223200421,tva,,اإلعفاء,2022,0.0,True,,
LF2025,223200421,tva,,اإلعفاء,2021,0.0,True,,
LF2025,223200422,tva,,اإلعفاء,2023,0.0,True,,
LF2025,223200422,tva,,اإلعفاء,2022,0.0,True,,
LF2025,223200422,tva,,اإلعفاء,2021,0.0,True,,
LF2025,223200423,tva,,اإلعفاء,2023,0.343,True,,
LF2025,223200423,tva,,اإلعفاء,2022,1.23,True,,
LF2025,223200423,tva,,اإلعفاء,2021,0.08,True,,
LF2025,223200424,tva,,اإلعفاء,2023,37.659,True,,
LF2025,223200424,tva,,اإلعفاء,2022,24.771,True,,
LF2025,223200424,tva,,اإلعفاء,2021,22.179,True,,
LF2025,223300425,tva,,غير مقيّم غير مقيّم غير مقيّم اإلعفاء,2023,,False,Exonération de la taxe sur la valeur ajoutée due à la vente sur le marché local des pâtes alimentaires,Exonération
LF2025,223300425,tva,,غير مقيّم غير مقيّم غير مقيّم اإلعفاء,2022,,False,Exonération de la taxe sur la valeur ajoutée due à la vente sur le marché local des pâtes alimentaires,Exonération
LF2025,223300425,tva,,غير مقيّم غير مقيّم غير مقيّم اإلعفاء,2021,,False,Exonération de la taxe sur la valeur ajoutée due à la vente sur le marché local des pâtes alimentaires,Exonération
LF2025,223300426,tva,,غير مقيّم غير مقيّم غير مقيّم اإلعفاء,2023,,False,Exonération de la taxe sur la valeur ajoutée due à la vente des aliments fourragers,Exonération
LF2025,223300426,tva,,غير مقيّم غير مقيّم غير مقيّم اإلعفاء,2022,,False,Exonération de la taxe sur la valeur ajoutée due à la vente des aliments fourragers,Exonération
LF2025,223300426,tva,,غير مقيّم غير مقيّم غير مقيّم اإلعفاء,2021,,False,Exonération de la taxe sur la valeur ajoutée due à la vente des aliments fourragers,Exonération
LF2025,223300427,tva,,غير مقيّم غير مقيّم غير مقيّم اإلعفاء,2023,,False,Exonération de la taxe sur la valeur ajoutée due à la vente du huile d'olive,Exonération
LF2025,223300427,tva,,غير مقيّم غير مقيّم غير مقيّم اإلعفاء,2022,,False,Exonération de la taxe sur la valeur ajoutée due à la vente du huile d'olive,Exonération
LF2025,223300427,tva,,غير مقيّم غير مقيّم غير مقيّم اإلعفاء,2021,,False,Exonération de la taxe sur la valeur ajoutée due à la vente du huile d'olive,Exonération
LF2025,223300428,tva,,غير مقيّم غير مقيّم غير مقيّم اإلعفاء,2023,,False,Exonération de la taxe sur la valeur ajoutée due à la vente des Huiles végétales raffinées,Exonération
LF2025,223300428,tva,,غير مقيّم غير مقيّم غير مقيّم اإلعفاء,2022,,False,Exonération de la taxe sur la valeur ajoutée due à la vente des Huiles végétales raffinées,Exonération
LF2025,223300428,tva,,غير مقيّم غير مقيّم غير مقيّم اإلعفاء,2021,,False,Exonération de la taxe sur la valeur ajoutée due à la vente des Huiles végétales raffinées,Exonération
LF2025,223300429,tva,,غير مقيّم غير مقيّم غير مقيّم اإلعفاء,2023,,False,Exonération de la taxe sur la valeur ajoutée due à la vente des hydrocarbures liquides et gazeux,Exonération
LF2025,223300429,tva,,غير مقيّم غير مقيّم غير مقيّم اإلعفاء,2022,,False,Exonération de la taxe sur la valeur ajoutée due à la vente des hydrocarbures liquides et gazeux,Exonération
LF2025,223300429,tva,,غير مقيّم غير مقيّم غير مقيّم اإلعفاء,2021,,False,Exonération de la taxe sur la valeur ajoutée due à la vente des hydrocarbures liquides et gazeux,Exonération
LF2025,223200430,tva,,غير مقيّم غير مقيّم غير مقيّم اإلعفاء,2023,,False,,
LF2025,223200430,tva,,غير مقيّم غير مقيّم غير مقيّم اإلعفاء,2022,,False,,
LF2025,223200430,tva,,غير مقيّم غير مقيّم غير مقيّم اإلعفاء,2021,,False,,
LF2025,223200431,tva,,التابعــة هلــذه العقــارات املم ّولــة يف إطــار تدخــات صنــدوق غير مقيّم غير مقيّم غير مقيّم اإلعفاء,2023,,False,,
LF2025,223200431,tva,,التابعــة هلــذه العقــارات املم ّولــة يف إطــار تدخــات صنــدوق غير مقيّم غير مقيّم غير مقيّم اإلعفاء,2022,,False,,
LF2025,223200431,tva,,التابعــة هلــذه العقــارات املم ّولــة يف إطــار تدخــات صنــدوق غير مقيّم غير مقيّم غير مقيّم اإلعفاء,2021,,False,,
LF2025,223200432,tva,,غير مقيّم غير مقيّم غير مقيّم اإلعفاء,2023,,False,,
LF2025,223200432,tva,,غير مقيّم غير مقيّم غير مقيّم اإلعفاء,2022,,False,,
LF2025,223200432,tva,,غير مقيّم غير مقيّم غير مقيّم اإلعفاء,2021,,False,,
LF2025,223200433,tva,,غير مقيّم غير مقيّم غير مقيّم اإلعفاء,2023,,False,,
LF2025,223200433,tva,,غير مقيّم غير مقيّم غير مقيّم اإلعفاء,2022,,False,,
LF2025,223200433,tva,,غير مقيّم غير مقيّم غير مقيّم اإلعفاء,2021,,False,,
LF2025,223200434,tva,,غير مقيّم غير مقيّم غير مقيّم اإلعفاء,2023,,False,,
LF2025,223200434,tva,,غير مقيّم غير مقيّم غير مقيّم اإلعفاء,2022,,False,,
LF2025,223200434,tva,,غير مقيّم غير مقيّم غير مقيّم اإلعفاء,2021,,False,,
LF2025,223200435,tva,,غير مقيّم غير مقيّم غير مقيّم اإلعفاء,2023,,False,,
LF2025,223200435,tva,,غير مقيّم غير مقيّم غير مقيّم اإلعفاء,2022,,False,,
LF2025,223200435,tva,,غير مقيّم غير مقيّم غير مقيّم اإلعفاء,2021,,False,,
LF2025,223300436,tva,,غير مقيّم غير مقيّم غير مقيّم اإلعفاء,2023,,False,"Exonération de la taxe sur la valeur ajoutée due aux prestations de services de transport aérien, maritime et routier",Exonération
LF2025,223300436,tva,,غير مقيّم غير مقيّم غير مقيّم اإلعفاء,2022,,False,"Exonération de la taxe sur la valeur ajoutée due aux prestations de services de transport aérien, maritime et routier",Exonération
LF2025,223300436,tva,,غير مقيّم غير مقيّم غير مقيّم اإلعفاء,2021,,False,"Exonération de la taxe sur la valeur ajoutée due aux prestations de services de transport aérien, maritime et routier",Exonération
LF2025,223200437,tva,,الطبيعيــن غــر اخلاضعــن لــأداء عــى القميــة املضافــة يف غير مقيّم غير مقيّم غير مقيّم اإلعفاء,2023,,False,,
LF2025,223200437,tva,,الطبيعيــن غــر اخلاضعــن لــأداء عــى القميــة املضافــة يف غير مقيّم غير مقيّم غير مقيّم اإلعفاء,2022,,False,,
LF2025,223200437,tva,,الطبيعيــن غــر اخلاضعــن لــأداء عــى القميــة املضافــة يف غير مقيّم غير مقيّم غير مقيّم اإلعفاء,2021,,False,,
LF2025,223200438,tva,,غير مقيّم غير مقيّم غير مقيّم اإلعفاء,2023,,False,,
LF2025,223200438,tva,,غير مقيّم غير مقيّم غير مقيّم اإلعفاء,2022,,False,,
LF2025,223200438,tva,,غير مقيّم غير مقيّم غير مقيّم اإلعفاء,2021,,False,,
LF2025,223200439,tva,,غير مقيّم غير مقيّم غير مقيّم اإلعفاء,2023,,False,,
LF2025,223200439,tva,,غير مقيّم غير مقيّم غير مقيّم اإلعفاء,2022,,False,,
LF2025,223200439,tva,,غير مقيّم غير مقيّم غير مقيّم اإلعفاء,2021,,False,,
LF2025,223200440,tva,,غير مقيّم غير مقيّم غير مقيّم اإلعفاء,2023,,False,,
LF2025,223200440,tva,,غير مقيّم غير مقيّم غير مقيّم اإلعفاء,2022,,False,,
LF2025,223200440,tva,,غير مقيّم غير مقيّم غير مقيّم اإلعفاء,2021,,False,,
LF2025,223200441,tva,,غير مقيّم غير مقيّم غير مقيّم اإلعفاء,2023,,False,,
LF2025,223200441,tva,,غير مقيّم غير مقيّم غير مقيّم اإلعفاء,2022,,False,,
LF2025,223200441,tva,,غير مقيّم غير مقيّم غير مقيّم اإلعفاء,2021,,False,,
LF2025,224300901,tva,,الرتســم باملــدارس االبتدائيــة واملــدارس اإلعداديــة واملعاهد غير مقيّم غير مقيّم غير مقيّم طرح,2023,,False,"Déduction des montants relatifs aux opérations d’inscription et de réinscription aux écoles primaires, collèges et établissements secondaires par les opérateurs des réseaux de télécommunication",Déduction
LF2025,224300901,tva,,الرتســم باملــدارس االبتدائيــة واملــدارس اإلعداديــة واملعاهد غير مقيّم غير مقيّم غير مقيّم طرح,2022,,False,"Déduction des montants relatifs aux opérations d’inscription et de réinscription aux écoles primaires, collèges et établissements secondaires par les opérateurs des réseaux de télécommunication",Déduction
LF2025,224300901,tva,,الرتســم باملــدارس االبتدائيــة واملــدارس اإلعداديــة واملعاهد غير مقيّم غير مقيّم غير مقيّم طرح,2021,,False,"Déduction des montants relatifs aux opérations d’inscription et de réinscription aux écoles primaires, collèges et établissements secondaires par les opérateurs des réseaux de télécommunication",Déduction
LF2025,225200901,tva,,العموميــة وامجلعيــات العاملــة يف جمــال الهنــوض غير مقيّم غير مقيّم غير مقيّم التخيل,2023,,False,,
LF2025,225200901,tva,,العموميــة وامجلعيــات العاملــة يف جمــال الهنــوض غير مقيّم غير مقيّم غير مقيّم التخيل,2022,,False,,
LF2025,225200901,tva,,العموميــة وامجلعيــات العاملــة يف جمــال الهنــوض غير مقيّم غير مقيّم غير مقيّم التخيل,2021,,False,,
LF2025,222201331,tva,,غير مقيّم غير مقيّم غير مقيّم,2023,,False,,
LF2025,222201331,tva,,غير مقيّم غير مقيّم غير مقيّم,2022,,False,,
LF2025,222201331,tva,,غير مقيّم غير مقيّم غير مقيّم,2021,,False,,
LF2025,222201332,tva,,وحمراكهتــا ومجيــع األجهــزة املعــدة لإلدمــاج هبــا وكذلــك غير مقيّم غير مقيّم غير مقيّم,2023,,False,,
LF2025,222201332,tva,,وحمراكهتــا ومجيــع األجهــزة املعــدة لإلدمــاج هبــا وكذلــك غير مقيّم غير مقيّم غير مقيّم,2022,,False,,
LF2025,222201332,tva,,وحمراكهتــا ومجيــع األجهــزة املعــدة لإلدمــاج هبــا وكذلــك غير مقيّم غير مقيّم غير مقيّم,2021,,False,,
LF2025,223200452,tva,,الراجعــة لــوكالء أســواق امجللــة املتعلقــة باملنتجــات الفالحية غير مقيّم غير مقيّم غير مقيّم اإلعفاء,2023,,False,,
LF2025,223200452,tva,,الراجعــة لــوكالء أســواق امجللــة املتعلقــة باملنتجــات الفالحية غير مقيّم غير مقيّم غير مقيّم اإلعفاء,2022,,False,,
LF2025,223200452,tva,,الراجعــة لــوكالء أســواق امجللــة املتعلقــة باملنتجــات الفالحية غير مقيّم غير مقيّم غير مقيّم اإلعفاء,2021,,False,,
LF2025,222201333,tva,,أو املقتنــاة حمليــا واملمولــة بواســطة هبــة لفائــدة الدولــة غير مقيّم غير مقيّم غير مقيّم,2023,,False,,
LF2025,222201333,tva,,أو املقتنــاة حمليــا واملمولــة بواســطة هبــة لفائــدة الدولــة غير مقيّم غير مقيّم غير مقيّم,2022,,False,,
LF2025,222201333,tva,,أو املقتنــاة حمليــا واملمولــة بواســطة هبــة لفائــدة الدولــة غير مقيّم غير مقيّم غير مقيّم,2021,,False,,
LF2025,223001901,tva,,الــواردات واملقتنيــات واخلدمــات املســداة لفائــدة الــراكت غير مقيّم غير مقيّم غير مقيّم اإلعفاء,2023,,False,,
LF2025,223001901,tva,,الــواردات واملقتنيــات واخلدمــات املســداة لفائــدة الــراكت غير مقيّم غير مقيّم غير مقيّم اإلعفاء,2022,,False,,
LF2025,223001901,tva,,الــواردات واملقتنيــات واخلدمــات املســداة لفائــدة الــراكت غير مقيّم غير مقيّم غير مقيّم اإلعفاء,2021,,False,,
LF2025,223002001,tva,,غير مقيّم غير مقيّم غير مقيّم اإلعفاء,2023,,False,,
LF2025,223002001,tva,,غير مقيّم غير مقيّم غير مقيّم اإلعفاء,2022,,False,,
LF2025,223002001,tva,,غير مقيّم غير مقيّم غير مقيّم اإلعفاء,2021,,False,,
LF2025,223002002,tva,,عربــة ســيارة جمهــزة خصيصــا الســتعامهلا مــن طــرف غير مقيّم غير مقيّم غير مقيّم اإلعفاء,2023,,False,,
LF2025,223002002,tva,,عربــة ســيارة جمهــزة خصيصــا الســتعامهلا مــن طــرف غير مقيّم غير مقيّم غير مقيّم اإلعفاء,2022,,False,,
LF2025,223002002,tva,,عربــة ســيارة جمهــزة خصيصــا الســتعامهلا مــن طــرف غير مقيّم غير مقيّم غير مقيّم اإلعفاء,2021,,False,,
LF2025,232000101,consommation,,التخفيض املــوردة إلجنــاز مشــاريع او املســامهة فهيــا مــن قبــل,2023,25.624,True,,
LF2025,232000101,consommation,,التخفيض املــوردة إلجنــاز مشــاريع او املســامهة فهيــا مــن قبــل,2022,58.842,True,,
LF2025,232000101,consommation,,التخفيض املــوردة إلجنــاز مشــاريع او املســامهة فهيــا مــن قبــل,2021,77.926,True,,
LF2025,233000407,consommation,,الســيارات الســياحية مــن قبــل املنتدبــن و املســتمثرين اإلعفاء,2023,0.0,True,Exonération du droit ou de consommation dû Exonération à l'importation d'une voiture de tourisme par le personnel étranger recruté ou les investisseurs étrangers chargés de la gérance d'une entreprise implantée dans les parcs d'activités économiques,Réduction
LF2025,233000407,consommation,,الســيارات الســياحية مــن قبــل املنتدبــن و املســتمثرين اإلعفاء,2022,0.0,True,Exonération du droit ou de consommation dû Exonération à l'importation d'une voiture de tourisme par le personnel étranger recruté ou les investisseurs étrangers chargés de la gérance d'une entreprise implantée dans les parcs d'activités économiques,Réduction
LF2025,233000407,consommation,,الســيارات الســياحية مــن قبــل املنتدبــن و املســتمثرين اإلعفاء,2021,0.413,True,Exonération du droit ou de consommation dû Exonération à l'importation d'une voiture de tourisme par le personnel étranger recruté ou les investisseurs étrangers chargés de la gérance d'une entreprise implantée dans les parcs d'activités économiques,Réduction
LF2025,232000701,consommation,,التخفيض,2023,1.318,True,Réduction du taux du droit de consommation dû sur les véhicules,Exonération
LF2025,232000701,consommation,,التخفيض,2022,8.646,True,Réduction du taux du droit de consommation dû sur les véhicules,Exonération
LF2025,232000701,consommation,,التخفيض,2021,7.275,True,Réduction du taux du droit de consommation dû sur les véhicules,Exonération
LF2025,232000801,consommation,,التخفيض,2023,914.029,True,Réduction du taux du droit de consommation dû à l'importation des véhicules de tourisme par les concessionnaires automobiles et aux véhicules multi usages qui peuvent être utilisés pour le transport de personnes et de marchandises,Exonération
LF2025,232000801,consommation,,التخفيض,2022,1065.067,True,Réduction du taux du droit de consommation dû à l'importation des véhicules de tourisme par les concessionnaires automobiles et aux véhicules multi usages qui peuvent être utilisés pour le transport de personnes et de marchandises,Exonération
LF2025,232000801,consommation,,التخفيض,2021,1096.191,True,Réduction du taux du droit de consommation dû à l'importation des véhicules de tourisme par les concessionnaires automobiles et aux véhicules multi usages qui peuvent être utilisés pour le transport de personnes et de marchandises,Exonération
LF2025,232000901,consommation,,الســياحية ذات أربــع خيــول و الشــعبية مــن قبــل وكالء بيــع,2023,124.656,True,Réduction du taux du ou droit de Exonération consommation dû à l'importation des véhicules de tourisme 4 chevaux et populaire par les concessionnaires automobiles,Réduction
LF2025,232000901,consommation,,الســياحية ذات أربــع خيــول و الشــعبية مــن قبــل وكالء بيــع,2022,105.929,True,Réduction du taux du ou droit de Exonération consommation dû à l'importation des véhicules de tourisme 4 chevaux et populaire par les concessionnaires automobiles,Réduction
LF2025,232000901,consommation,,الســياحية ذات أربــع خيــول و الشــعبية مــن قبــل وكالء بيــع,2021,139.793,True,Réduction du taux du ou droit de Exonération consommation dû à l'importation des véhicules de tourisme 4 chevaux et populaire par les concessionnaires automobiles,Réduction
LF2025,232001342,consommation,,,2023,1.497,True,Du droit de consommation dû à l'importation des véhicules destinés au transport des malades de l’insuffisance rénale,Suspension
LF2025,232001342,consommation,,,2022,1.168,True,Du droit de consommation dû à l'importation des véhicules destinés au transport des malades de l’insuffisance rénale,Suspension
LF2025,232001342,consommation,,,2021,2.717,True,Du droit de consommation dû à l'importation des véhicules destinés au transport des malades de l’insuffisance rénale,Suspension
LF2025,232300602,consommation,,الصاحلــة لــل املســالك مــن قبــل وكالء البيــع لفائــدة وكالت,2023,35.487,True,,
LF2025,232300602,consommation,,الصاحلــة لــل املســالك مــن قبــل وكالء البيــع لفائــدة وكالت,2022,37.146,True,,
LF2025,232300602,consommation,,الصاحلــة لــل املســالك مــن قبــل وكالء البيــع لفائــدة وكالت,2021,14.444,True,,
LF2025,233001006,consommation,,اإلعفاء,2023,0.077,True,Du droit de consommation dû à l'importation des véhicules de tourisme par le personnel ou investisseurs étangers dans les établissements financiers prêtant totalement leurs services au profit des non résidents.,Suspension
LF2025,233001006,consommation,,اإلعفاء,2022,0.0,True,Du droit de consommation dû à l'importation des véhicules de tourisme par le personnel ou investisseurs étangers dans les établissements financiers prêtant totalement leurs services au profit des non résidents.,Suspension
LF2025,233001006,consommation,,اإلعفاء,2021,0.192,True,Du droit de consommation dû à l'importation des véhicules de tourisme par le personnel ou investisseurs étangers dans les établissements financiers prêtant totalement leurs services au profit des non résidents.,Suspension
LF2025,233001202,consommation,,اإلعفاء,2023,243.854,True,Exonération du droit de consommation dû à l'importation ou l'acquisition des voitures destinées au transport rural ou utilisées comme « taxi » ou « louage»,Exonération
LF2025,233001202,consommation,,اإلعفاء,2022,195.97,True,Exonération du droit de consommation dû à l'importation ou l'acquisition des voitures destinées au transport rural ou utilisées comme « taxi » ou « louage»,Exonération
LF2025,233001202,consommation,,اإلعفاء,2021,212.141,True,Exonération du droit de consommation dû à l'importation ou l'acquisition des voitures destinées au transport rural ou utilisées comme « taxi » ou « louage»,Exonération
LF2025,233427207,consommation,,اإلعفاء,2023,0.044,True,,
LF2025,233427207,consommation,,اإلعفاء,2022,0.003,True,,
LF2025,233427207,consommation,,اإلعفاء,2021,0.03,True,,
LF2025,233427214,consommation,,اإلعفاء,2023,41.207,True,,
LF2025,233427214,consommation,,اإلعفاء,2022,22.129,True,,
LF2025,233427214,consommation,,اإلعفاء,2021,4.28,True,,
LF2025,233427221,consommation,,اإلعفاء,2023,1245.012,True,,
LF2025,233427221,consommation,,اإلعفاء,2022,1120.441,True,,
LF2025,233427221,consommation,,اإلعفاء,2021,1313.594,True,,
LF2025,232300101,consommation,,غير مقيّم غير مقيّم غير مقيّم التخفيض,2023,,False,,
LF2025,232300101,consommation,,غير مقيّم غير مقيّم غير مقيّم التخفيض,2022,,False,,
LF2025,232300101,consommation,,غير مقيّم غير مقيّم غير مقيّم التخفيض,2021,,False,,
LF2025,233006501,consommation,,املوجهــة مجلعيــات مســاعدة األطفــال املصابــن مبــرض غير مقيّم غير مقيّم غير مقيّم اإلعفاء,2023,,False,,
LF2025,233006501,consommation,,املوجهــة مجلعيــات مســاعدة األطفــال املصابــن مبــرض غير مقيّم غير مقيّم غير مقيّم اإلعفاء,2022,,False,,
LF2025,233006501,consommation,,املوجهــة مجلعيــات مســاعدة األطفــال املصابــن مبــرض غير مقيّم غير مقيّم غير مقيّم اإلعفاء,2021,,False,,
LF2025,233001901,consommation,,غير مقيّم غير مقيّم غير مقيّم اإلعفاء,2023,,False,,
LF2025,233001901,consommation,,غير مقيّم غير مقيّم غير مقيّم اإلعفاء,2022,,False,,
LF2025,233001901,consommation,,غير مقيّم غير مقيّم غير مقيّم اإلعفاء,2021,,False,,
LF2025,233002001,consommation,,غير مقيّم غير مقيّم غير مقيّم اإلعفاء,2023,,False,,
LF2025,233002001,consommation,,غير مقيّم غير مقيّم غير مقيّم اإلعفاء,2022,,False,,
LF2025,233002001,consommation,,غير مقيّم غير مقيّم غير مقيّم اإلعفاء,2021,,False,,
LF2025,233002002,consommation,,ســيارة جمهــزة خصيصــا الســتعامهلا مــن طــرف جــرىح غير مقيّم غير مقيّم غير مقيّم اإلعفاء,2023,,False,,
LF2025,233002002,consommation,,ســيارة جمهــزة خصيصــا الســتعامهلا مــن طــرف جــرىح غير مقيّم غير مقيّم غير مقيّم اإلعفاء,2022,,False,,
LF2025,233002002,consommation,,ســيارة جمهــزة خصيصــا الســتعامهلا مــن طــرف جــرىح غير مقيّم غير مقيّم غير مقيّم اإلعفاء,2021,,False,,
