edition,base,cote,compte,poste,libelle,annee,valeur_md,statut,rang
2001-2005,1983,emplois,comptedecapital,acquisitionsnettesdeterrainsetactifsincorp,Acquisitions nettes de terrains et actifs incorp.,2001,0.0,definitif,0
2002-2006,1983,emplois,comptedecapital,acquisitionsnettesdeterrainsetactifsincorp,Acquisitions nettes de terrains et actifs incorp.,2002,0.0,definitif,0
2003-2007,1983,emplois,comptedecapital,acquisitionsnettesdeterrainsetactifsincorp, Acquisitions nettes de terrains et actifs incorp.,2003,0.0,definitif,0
2004-2008,1983,emplois,comptedecapital,acquisitionsnettesdeterrainsetactifsincorp,Acquisitions nettes de terrains et actifs incorp.,2004,0.0,definitif,0
2004-2008,1983,emplois,comptedecapital,acquisitionsnettesdeterrainsetactifsincorp,Acquisitions nettes de terrains et actifs incorp.,2005,0.0,definitif,0
2004-2008,1983,emplois,comptedecapital,acquisitionsnettesdeterrainsetactifsincorp,Acquisitions nettes de terrains et actifs incorp.,2006,0.0,definitif,0
2004-2008,1983,emplois,comptedecapital,acquisitionsnettesdeterrainsetactifsincorp,Acquisitions nettes de terrains et actifs incorp.,2007,0.0,semi_definitif,0
2004-2008,1983,emplois,comptedecapital,acquisitionsnettesdeterrainsetactifsincorp,Acquisitions nettes de terrains et actifs incorp.,2008,0.0,provisoire,0
2001-2005,1983,emplois,comptedecapital,capaciteoubesoindefinancement,Capacité (+) ou besoin (-) de financement,2001,19.6,definitif,0
2002-2006,1983,emplois,comptedecapital,capaciteoubesoindefinancement,Capacité (+) ou besoin (-) de financement,2002,0.6,definitif,0
2003-2007,1983,emplois,comptedecapital,capaciteoubesoindefinancement, Capacité  +  ou besoin  -  de financement,2003,23.6,definitif,0
2004-2008,1983,emplois,comptedecapital,capaciteoubesoindefinancement,Capacité (+) ou besoin (-) de financement,2004,11.4,definitif,0
2004-2008,1983,emplois,comptedecapital,capaciteoubesoindefinancement,Capacité (+) ou besoin (-) de financement,2005,26.7,definitif,0
2004-2008,1983,emplois,comptedecapital,capaciteoubesoindefinancement,Capacité (+) ou besoin (-) de financement,2006,38.8,definitif,0
2004-2008,1983,emplois,comptedecapital,capaciteoubesoindefinancement,Capacité (+) ou besoin (-) de financement,2007,55.4,semi_definitif,0
2004-2008,1983,emplois,comptedecapital,capaciteoubesoindefinancement,Capacité (+) ou besoin (-) de financement,2008,87.5,provisoire,0
2001-2005,1983,emplois,comptedecapital,formationbrutedecapitalfixe,Formation brute de capital fixe,2001,128.4,definitif,0
2002-2006,1983,emplois,comptedecapital,formationbrutedecapitalfixe,Formation brute de capital fixe,2002,123.1,definitif,0
2003-2007,1983,emplois,comptedecapital,formationbrutedecapitalfixe, Formation brute de capital fixe,2003,87.2,definitif,0
2004-2008,1983,emplois,comptedecapital,formationbrutedecapitalfixe,Formation brute de capital fixe,2004,124.0,definitif,0
2004-2008,1983,emplois,comptedecapital,formationbrutedecapitalfixe,Formation brute de capital fixe,2005,116.0,definitif,0
2004-2008,1983,emplois,comptedecapital,formationbrutedecapitalfixe,Formation brute de capital fixe,2006,107.8,definitif,0
2004-2008,1983,emplois,comptedecapital,formationbrutedecapitalfixe,Formation brute de capital fixe,2007,89.9,semi_definitif,0
2004-2008,1983,emplois,comptedecapital,formationbrutedecapitalfixe,Formation brute de capital fixe,2008,65.3,provisoire,0
2001-2005,1983,emplois,comptedecapital,subventionsdequipements,Subventions d’équipements,2001,58.9,definitif,0
2002-2006,1983,emplois,comptedecapital,subventionsdequipements,Subventions d’équipements,2002,61.4,definitif,0
2003-2007,1983,emplois,comptedecapital,subventionsdequipements, Subventions d'équipements,2003,58.4,definitif,0
2004-2008,1983,emplois,comptedecapital,subventionsdequipements,Subventions d’équipements,2004,56.3,definitif,0
2004-2008,1983,emplois,comptedecapital,subventionsdequipements,Subventions d’équipements,2005,52.8,definitif,0
2004-2008,1983,emplois,comptedecapital,subventionsdequipements,Subventions d’équipements,2006,51.6,definitif,0
2004-2008,1983,emplois,comptedecapital,subventionsdequipements,Subventions d’équipements,2007,53.9,semi_definitif,0
2004-2008,1983,emplois,comptedecapital,subventionsdequipements,Subventions d’équipements,2008,56.6,provisoire,0
2001-2005,1983,emplois,comptedecapital,total,Total,2001,206.9,definitif,0
2002-2006,1983,emplois,comptedecapital,total,Total,2002,185.1,definitif,0
2003-2007,1983,emplois,comptedecapital,total,Total,2003,169.2,definitif,0
2004-2008,1983,emplois,comptedecapital,total,Total,2004,191.7,definitif,0
2004-2008,1983,emplois,comptedecapital,total,Total,2005,195.5,definitif,0
2004-2008,1983,emplois,comptedecapital,total,Total,2006,198.2,definitif,0
2004-2008,1983,emplois,comptedecapital,total,Total,2007,199.2,semi_definitif,0
2004-2008,1983,emplois,comptedecapital,total,Total,2008,209.4,provisoire,0
2001-2005,1983,emplois,comptedeproduction,consommationintermediaire,Consommation Intermédiaire,2001,81.9,definitif,0
2002-2006,1983,emplois,comptedeproduction,consommationintermediaire,Consommation Intermédiaire,2002,84.3,definitif,0
2003-2007,1983,emplois,comptedeproduction,consommationintermediaire,Consommation Intermédiaire,2003,88.6,definitif,0
2004-2008,1983,emplois,comptedeproduction,consommationintermediaire,Consommation Intermédiaire,2004,98.2,definitif,0
2004-2008,1983,emplois,comptedeproduction,consommationintermediaire,Consommation Intermédiaire,2005,108.7,definitif,0
2004-2008,1983,emplois,comptedeproduction,consommationintermediaire,Consommation Intermédiaire,2006,117.9,definitif,0
2004-2008,1983,emplois,comptedeproduction,consommationintermediaire,Consommation Intermédiaire,2007,124.3,semi_definitif,0
2004-2008,1983,emplois,comptedeproduction,consommationintermediaire,Consommation Intermédiaire,2008,130.5,provisoire,0
2001-2005,1983,emplois,comptedeproduction,total,Total,2001,228.0,definitif,0
2002-2006,1983,emplois,comptedeproduction,total,Total,2002,236.6,definitif,0
2003-2007,1983,emplois,comptedeproduction,total,Total,2003,252.3,definitif,0
2004-2008,1983,emplois,comptedeproduction,total,Total,2004,270.6,definitif,0
2004-2008,1983,emplois,comptedeproduction,total,Total,2005,288.9,definitif,0
2004-2008,1983,emplois,comptedeproduction,total,Total,2006,311.6,definitif,0
2004-2008,1983,emplois,comptedeproduction,total,Total,2007,328.9,semi_definitif,0
2004-2008,1983,emplois,comptedeproduction,total,Total,2008,345.3,provisoire,0
2001-2005,1983,emplois,comptedeproduction,valeurajouteebrute,Valeur ajoutée brute,2001,146.1,definitif,0
2002-2006,1983,emplois,comptedeproduction,valeurajouteebrute,Valeur ajoutée brute,2002,152.3,definitif,0
2003-2007,1983,emplois,comptedeproduction,valeurajouteebrute, Valeur ajoutée brute,2003,163.7,definitif,0
2004-2008,1983,emplois,comptedeproduction,valeurajouteebrute,Valeur ajoutée brute,2004,172.4,definitif,0
2004-2008,1983,emplois,comptedeproduction,valeurajouteebrute,Valeur ajoutée brute,2005,180.2,definitif,0
2004-2008,1983,emplois,comptedeproduction,valeurajouteebrute,Valeur ajoutée brute,2006,193.7,definitif,0
2004-2008,1983,emplois,comptedeproduction,valeurajouteebrute,Valeur ajoutée brute,2007,204.6,semi_definitif,0
2004-2008,1983,emplois,comptedeproduction,valeurajouteebrute,Valeur ajoutée brute,2008,214.8,provisoire,0
2001-2005,1983,emplois,comptederevenu,autrestransfertscourants,Autres transferts courants,2001,66.1,definitif,0
2002-2006,1983,emplois,comptederevenu,autrestransfertscourants,Autres transferts courants,2002,20.7,definitif,0
2003-2007,1983,emplois,comptederevenu,autrestransfertscourants, Autres transferts courants,2003,20.6,definitif,0
2004-2008,1983,emplois,comptederevenu,autrestransfertscourants,Autres transferts courants,2004,20.5,definitif,0
2004-2008,1983,emplois,comptederevenu,autrestransfertscourants,Autres transferts courants,2005,21.1,definitif,0
2004-2008,1983,emplois,comptederevenu,autrestransfertscourants,Autres transferts courants,2006,21.8,definitif,0
2004-2008,1983,emplois,comptederevenu,autrestransfertscourants,Autres transferts courants,2007,22.6,semi_definitif,0
2004-2008,1983,emplois,comptederevenu,autrestransfertscourants,Autres transferts courants,2008,23.7,provisoire,0
2001-2005,1983,emplois,comptederevenu,impotsdirects,Impôts directs,2001,0.1,definitif,0
2002-2006,1983,emplois,comptederevenu,impotsdirects,Impôts directs,2002,0.0,definitif,0
2003-2007,1983,emplois,comptederevenu,impotsdirects,Impôts directs,2003,0.0,definitif,0
2004-2008,1983,emplois,comptederevenu,impotsdirects,Impôts directs,2004,0.0,definitif,0
2004-2008,1983,emplois,comptederevenu,impotsdirects,Impôts directs,2005,0.0,definitif,0
2004-2008,1983,emplois,comptederevenu,impotsdirects,Impôts directs,2006,0.0,definitif,0
2004-2008,1983,emplois,comptederevenu,impotsdirects,Impôts directs,2007,0.0,semi_definitif,0
2004-2008,1983,emplois,comptederevenu,impotsdirects,Impôts directs,2008,0.0,provisoire,0
2001-2005,1983,emplois,comptederevenu,interetsverses,Intérêts versés,2001,22.6,definitif,0
2002-2006,1983,emplois,comptederevenu,interetsverses,Intérêts versés,2002,23.8,definitif,0
2003-2007,1983,emplois,comptederevenu,interetsverses,Intérêts versés,2003,23.1,definitif,0
2004-2008,1983,emplois,comptederevenu,interetsverses,Intérêts versés,2004,23.4,definitif,0
2004-2008,1983,emplois,comptederevenu,interetsverses,Intérêts versés,2005,23.0,definitif,0
2004-2008,1983,emplois,comptederevenu,interetsverses,Intérêts versés,2006,26.7,definitif,0
2004-2008,1983,emplois,comptederevenu,interetsverses,Intérêts versés,2007,28.4,semi_definitif,0
2004-2008,1983,emplois,comptederevenu,interetsverses,Intérêts versés,2008,29.8,provisoire,0
2001-2005,1983,emplois,comptederevenu,prestationssociales,Prestations sociales,2001,4.2,definitif,0
2002-2006,1983,emplois,comptederevenu,prestationssociales,Prestations sociales,2002,4.3,definitif,0
2003-2007,1983,emplois,comptederevenu,prestationssociales, Prestations sociales,2003,4.7,definitif,0
2004-2008,1983,emplois,comptederevenu,prestationssociales,Prestations sociales,2004,4.9,definitif,0
2004-2008,1983,emplois,comptederevenu,prestationssociales,Prestations sociales,2005,5.1,definitif,0
2004-2008,1983,emplois,comptederevenu,prestationssociales,Prestations sociales,2006,5.5,definitif,0
2004-2008,1983,emplois,comptederevenu,prestationssociales,Prestations sociales,2007,5.8,semi_definitif,0
2004-2008,1983,emplois,comptederevenu,prestationssociales,Prestations sociales,2008,6.1,provisoire,0
2001-2005,1983,emplois,comptederevenu,primesnettesdassurancedommage,Primes nettes d’assurance dommage,2001,0.3,definitif,0
2002-2006,1983,emplois,comptederevenu,primesnettesdassurancedommage,Primes nettes d’assurance dommage,2002,0.0,definitif,0
2003-2007,1983,emplois,comptederevenu,primesnettesdassurancedommage, Primes nettes d'assurance dommage,2003,0.0,definitif,0
2004-2008,1983,emplois,comptederevenu,primesnettesdassurancedommage,Primes nettes d’assurance dommage,2004,0.0,definitif,0
2004-2008,1983,emplois,comptederevenu,primesnettesdassurancedommage,Primes nettes d’assurance dommage,2005,0.0,definitif,0
2004-2008,1983,emplois,comptederevenu,primesnettesdassurancedommage,Primes nettes d’assurance dommage,2006,0.0,definitif,0
2004-2008,1983,emplois,comptederevenu,primesnettesdassurancedommage,Primes nettes d’assurance dommage,2007,0.0,semi_definitif,0
2004-2008,1983,emplois,comptederevenu,primesnettesdassurancedommage,Primes nettes d’assurance dommage,2008,0.0,provisoire,0
2001-2005,1983,emplois,comptederevenu,revenudisponiblebrut,Revenu disponible brut,2001,277.3,definitif,0
2002-2006,1983,emplois,comptederevenu,revenudisponiblebrut,Revenu disponible brut,2002,275.3,definitif,0
2003-2007,1983,emplois,comptederevenu,revenudisponiblebrut, Revenu disponible brut,2003,299.3,definitif,0
2004-2008,1983,emplois,comptederevenu,revenudisponiblebrut,Revenu disponible brut,2004,318.5,definitif,0
2004-2008,1983,emplois,comptederevenu,revenudisponiblebrut,Revenu disponible brut,2005,339.3,definitif,0
2004-2008,1983,emplois,comptederevenu,revenudisponiblebrut,Revenu disponible brut,2006,374.7,definitif,0
2004-2008,1983,emplois,comptederevenu,revenudisponiblebrut,Revenu disponible brut,2007,393.3,semi_definitif,0
2004-2008,1983,emplois,comptederevenu,revenudisponiblebrut,Revenu disponible brut,2008,413.2,provisoire,0
2001-2005,1983,emplois,comptederevenu,subventiondexploitation,Subvention d’exploitation,2001,0.0,definitif,0
2002-2006,1983,emplois,comptederevenu,subventiondexploitation,Subvention d’exploitation,2002,0.0,definitif,0
2004-2008,1983,emplois,comptederevenu,subventiondexploitation,Subvention d’exploitation,2004,0.0,definitif,0
2004-2008,1983,emplois,comptederevenu,subventiondexploitation,Subvention d’exploitation,2005,0.0,definitif,0
2004-2008,1983,emplois,comptederevenu,subventiondexploitation,Subvention d’exploitation,2006,0.0,definitif,0
2004-2008,1983,emplois,comptederevenu,subventiondexploitation,Subvention d’exploitation,2007,0.0,semi_definitif,0
2004-2008,1983,emplois,comptederevenu,subventiondexploitation,Subvention d’exploitation,2008,0.0,provisoire,0
2001-2005,1983,emplois,comptederevenu,total,Total,2001,370.6,definitif,0
2002-2006,1983,emplois,comptederevenu,total,Total,2002,324.1,definitif,0
2003-2007,1983,emplois,comptederevenu,total,Total,2003,347.7,definitif,0
2004-2008,1983,emplois,comptederevenu,total,Total,2004,367.3,definitif,0
2004-2008,1983,emplois,comptederevenu,total,Total,2005,388.5,definitif,0
2004-2008,1983,emplois,comptederevenu,total,Total,2006,428.7,definitif,0
2004-2008,1983,emplois,comptederevenu,total,Total,2007,450.1,semi_definitif,0
2004-2008,1983,emplois,comptederevenu,total,Total,2008,472.9,provisoire,0
2001-2005,1983,emplois,comptedexploitation,chargessociales,Charges sociales,2001,17.0,definitif,0
2002-2006,1983,emplois,comptedexploitation,chargessociales,Charges sociales,2002,17.8,definitif,0
2003-2007,1983,emplois,comptedexploitation,chargessociales,   Charges sociales,2003,18.3,definitif,0
2004-2008,1983,emplois,comptedexploitation,chargessociales,Charges sociales,2004,20.2,definitif,0
2004-2008,1983,emplois,comptedexploitation,chargessociales,Charges sociales,2005,21.1,definitif,0
2004-2008,1983,emplois,comptedexploitation,chargessociales,Charges sociales,2006,22.7,definitif,0
2004-2008,1983,emplois,comptedexploitation,chargessociales,Charges sociales,2007,23.9,semi_definitif,0
2004-2008,1983,emplois,comptedexploitation,chargessociales,Charges sociales,2008,25.1,provisoire,0
2001-2005,1983,emplois,comptedexploitation,excedentbrutdexploitation,Excédent brut d’exploitation,2001,0.0,definitif,0
2002-2006,1983,emplois,comptedexploitation,excedentbrutdexploitation,Excédent brut d’exploitation,2002,0.0,definitif,0
2003-2007,1983,emplois,comptedexploitation,excedentbrutdexploitation, Excédent brut d'exploitation,2003,0.0,definitif,0
2004-2008,1983,emplois,comptedexploitation,excedentbrutdexploitation,Excédent brut d’exploitation,2004,0.0,definitif,0
2004-2008,1983,emplois,comptedexploitation,excedentbrutdexploitation,Excédent brut d’exploitation,2005,0.0,definitif,0
2004-2008,1983,emplois,comptedexploitation,excedentbrutdexploitation,Excédent brut d’exploitation,2006,0.0,definitif,0
2004-2008,1983,emplois,comptedexploitation,excedentbrutdexploitation,Excédent brut d’exploitation,2007,0.0,semi_definitif,0
2004-2008,1983,emplois,comptedexploitation,excedentbrutdexploitation,Excédent brut d’exploitation,2008,0.0,provisoire,0
2001-2005,1983,emplois,comptedexploitation,impotsindirectsliesalaproduction,Impôts indirects liés à la production,2001,0.5,definitif,0
2002-2006,1983,emplois,comptedexploitation,impotsindirectsliesalaproduction,Impôts indirects liés à la production,2002,0.0,definitif,0
2004-2008,1983,emplois,comptedexploitation,impotsindirectsliesalaproduction,Impôts indirects liés à la production,2004,0.0,definitif,0
2004-2008,1983,emplois,comptedexploitation,impotsindirectsliesalaproduction,Impôts indirects liés à la production,2005,0.0,definitif,0
2004-2008,1983,emplois,comptedexploitation,impotsindirectsliesalaproduction,Impôts indirects liés à la production,2006,0.0,definitif,0
2004-2008,1983,emplois,comptedexploitation,impotsindirectsliesalaproduction,Impôts indirects liés à la production,2007,0.0,semi_definitif,0
2004-2008,1983,emplois,comptedexploitation,impotsindirectsliesalaproduction,Impôts indirects liés à la production,2008,0.0,provisoire,0
2001-2005,1983,emplois,comptedexploitation,remunerationdessalaries,Rémunération des salariés,2001,145.6,definitif,0
2002-2006,1983,emplois,comptedexploitation,remunerationdessalaries,Rémunération des salariés,2002,152.3,definitif,0
2003-2007,1983,emplois,comptedexploitation,remunerationdessalaries,Rémunération des salariés,2003,163.7,definitif,0
2004-2008,1983,emplois,comptedexploitation,remunerationdessalaries,Rémunération des salariés,2004,172.4,definitif,0
2004-2008,1983,emplois,comptedexploitation,remunerationdessalaries,Rémunération des salariés,2005,180.2,definitif,0
2004-2008,1983,emplois,comptedexploitation,remunerationdessalaries,Rémunération des salariés,2006,193.7,definitif,0
2004-2008,1983,emplois,comptedexploitation,remunerationdessalaries,Rémunération des salariés,2007,204.6,semi_definitif,0
2004-2008,1983,emplois,comptedexploitation,remunerationdessalaries,Rémunération des salariés,2008,214.8,provisoire,0
2001-2005,1983,emplois,comptedexploitation,salairesettraitementsbruts,Salaires et traitements bruts,2001,128.6,definitif,0
2002-2006,1983,emplois,comptedexploitation,salairesettraitementsbruts,Salaires et traitements bruts,2002,134.5,definitif,0
2003-2007,1983,emplois,comptedexploitation,salairesettraitementsbruts,Salaires et traitements bruts,2003,145.4,definitif,0
2004-2008,1983,emplois,comptedexploitation,salairesettraitementsbruts,Salaires et traitements bruts,2004,152.2,definitif,0
2004-2008,1983,emplois,comptedexploitation,salairesettraitementsbruts,Salaires et traitements bruts,2005,159.1,definitif,0
2004-2008,1983,emplois,comptedexploitation,salairesettraitementsbruts,Salaires et traitements bruts,2006,171.0,definitif,0
2004-2008,1983,emplois,comptedexploitation,salairesettraitementsbruts,Salaires et traitements bruts,2007,180.7,semi_definitif,0
2004-2008,1983,emplois,comptedexploitation,salairesettraitementsbruts,Salaires et traitements bruts,2008,189.7,provisoire,0
2001-2005,1983,emplois,comptedexploitation,total,Total,2001,146.1,definitif,0
2002-2006,1983,emplois,comptedexploitation,total,Total,2002,152.3,definitif,0
2003-2007,1983,emplois,comptedexploitation,total,Total,2003,163.7,definitif,0
2004-2008,1983,emplois,comptedexploitation,total,Total,2004,172.4,definitif,0
2004-2008,1983,emplois,comptedexploitation,total,Total,2005,180.2,definitif,0
2004-2008,1983,emplois,comptedexploitation,total,Total,2006,193.7,definitif,0
2004-2008,1983,emplois,comptedexploitation,total,Total,2007,204.6,semi_definitif,0
2004-2008,1983,emplois,comptedexploitation,total,Total,2008,214.8,provisoire,0
2001-2005,1983,emplois,comptedutilisationderevenu,consommationfinale,Consommation finale,2001,209.6,definitif,0
2002-2006,1983,emplois,comptedutilisationderevenu,consommationfinale,Consommation finale,2002,217.2,definitif,0
2003-2007,1983,emplois,comptedutilisationderevenu,consommationfinale, Consommation finale,2003,232.6,definitif,0
2004-2008,1983,emplois,comptedutilisationderevenu,consommationfinale,Consommation finale,2004,249.4,definitif,0
2004-2008,1983,emplois,comptedutilisationderevenu,consommationfinale,Consommation finale,2005,266.2,definitif,0
2004-2008,1983,emplois,comptedutilisationderevenu,consommationfinale,Consommation finale,2006,288.9,definitif,0
2004-2008,1983,emplois,comptedutilisationderevenu,consommationfinale,Consommation finale,2007,303.2,semi_definitif,0
2004-2008,1983,emplois,comptedutilisationderevenu,consommationfinale,Consommation finale,2008,318.4,provisoire,0
2001-2005,1983,emplois,comptedutilisationderevenu,epargnebrute,Epargne brute,2001,67.7,definitif,0
2002-2006,1983,emplois,comptedutilisationderevenu,epargnebrute,Epargne brute,2002,58.1,definitif,0
2003-2007,1983,emplois,comptedutilisationderevenu,epargnebrute,Epargne brute,2003,66.7,definitif,0
2004-2008,1983,emplois,comptedutilisationderevenu,epargnebrute,Epargne brute,2004,69.1,definitif,0
2004-2008,1983,emplois,comptedutilisationderevenu,epargnebrute,Epargne brute,2005,73.1,definitif,0
2004-2008,1983,emplois,comptedutilisationderevenu,epargnebrute,Epargne brute,2006,85.8,definitif,0
2004-2008,1983,emplois,comptedutilisationderevenu,epargnebrute,Epargne brute,2007,90.1,semi_definitif,0
2004-2008,1983,emplois,comptedutilisationderevenu,epargnebrute,Epargne brute,2008,94.9,provisoire,0
2001-2005,1983,emplois,comptedutilisationderevenu,total,Total,2001,277.3,definitif,0
2002-2006,1983,emplois,comptedutilisationderevenu,total,Total,2002,275.3,definitif,0
2003-2007,1983,emplois,comptedutilisationderevenu,total,Total,2003,299.3,definitif,0
2004-2008,1983,emplois,comptedutilisationderevenu,total,Total,2004,318.5,definitif,0
2004-2008,1983,emplois,comptedutilisationderevenu,total,Total,2005,339.3,definitif,0
2004-2008,1983,emplois,comptedutilisationderevenu,total,Total,2006,374.7,definitif,0
2004-2008,1983,emplois,comptedutilisationderevenu,total,Total,2007,393.3,semi_definitif,0
2004-2008,1983,emplois,comptedutilisationderevenu,total,Total,2008,413.2,provisoire,0
2002-2006,1983,emplois,comptefinancier,actionsetautresparticipations,Actions et autres participations,2002,0.0,definitif,0
2004-2008,1983,emplois,comptefinancier,creditsamoyenetlongterme,Crédits à moyen et long terme,2004,0.0,definitif,0
2001-2005,1983,emplois,comptefinancier,creditscommerciauxetassimiles,Crédits commerciaux et assimilés,2001,1.0,definitif,0
2002-2006,1983,emplois,comptefinancier,creditscommerciauxetassimiles,Crédits commerciaux et assimilés,2002,1.0,definitif,0
2003-2007,1983,emplois,comptefinancier,creditscommerciauxetassimiles, Crédits commerciaux et assimilés,2003,0.5,definitif,0
2004-2008,1983,emplois,comptefinancier,creditscommerciauxetassimiles,Crédits commerciaux et assimilés,2004,0.5,definitif,0
2004-2008,1983,emplois,comptefinancier,creditscommerciauxetassimiles,Crédits commerciaux et assimilés,2005,0.5,definitif,0
2004-2008,1983,emplois,comptefinancier,creditscommerciauxetassimiles,Crédits commerciaux et assimilés,2006,2.0,definitif,0
2004-2008,1983,emplois,comptefinancier,creditscommerciauxetassimiles,Crédits commerciaux et assimilés,2007,0.6,semi_definitif,0
2004-2008,1983,emplois,comptefinancier,creditscommerciauxetassimiles,Crédits commerciaux et assimilés,2008,0.6,provisoire,0
2001-2005,1983,emplois,comptefinancier,depotsnonmonetaires,Dépôts non monétaires,2001,0.7,definitif,0
2002-2006,1983,emplois,comptefinancier,depotsnonmonetaires,Dépôts non monétaires,2002,0.8,definitif,0
2003-2007,1983,emplois,comptefinancier,depotsnonmonetaires,Dépôts non monétaires,2003,0.9,definitif,0
2004-2008,1983,emplois,comptefinancier,depotsnonmonetaires,Dépôts non monétaires,2004,0.9,definitif,0
2004-2008,1983,emplois,comptefinancier,depotsnonmonetaires,Dépôts non monétaires,2005,1.0,definitif,0
2004-2008,1983,emplois,comptefinancier,depotsnonmonetaires,Dépôts non monétaires,2006,1.1,definitif,0
2004-2008,1983,emplois,comptefinancier,depotsnonmonetaires,Dépôts non monétaires,2007,2.2,semi_definitif,0
2004-2008,1983,emplois,comptefinancier,depotsnonmonetaires,Dépôts non monétaires,2008,2.4,provisoire,0
2001-2005,1983,emplois,comptefinancier,reservesprimesetreservessinistres,Réserves primes et réserves sinistres,2001,0.4,definitif,0
2002-2006,1983,emplois,comptefinancier,reservesprimesetreservessinistres,Réserves primes et réserves sinistres,2002,0.5,definitif,0
2003-2007,1983,emplois,comptefinancier,reservesprimesetreservessinistres,Réserves primes et réserves sinistres,2003,0.7,definitif,0
2004-2008,1983,emplois,comptefinancier,reservesprimesetreservessinistres,Réserves primes et réserves sinistres,2004,-0.2,definitif,0
2004-2008,1983,emplois,comptefinancier,reservesprimesetreservessinistres,Réserves primes et réserves sinistres,2005,1.3,definitif,0
2004-2008,1983,emplois,comptefinancier,reservesprimesetreservessinistres,Réserves primes et réserves sinistres,2006,1.5,definitif,0
2004-2008,1983,emplois,comptefinancier,reservesprimesetreservessinistres,Réserves primes et réserves sinistres,2007,0.6,semi_definitif,0
2004-2008,1983,emplois,comptefinancier,reservesprimesetreservessinistres,Réserves primes et réserves sinistres,2008,0.5,provisoire,0
2001-2005,1983,emplois,comptefinancier,total,Total,2001,2.1,definitif,0
2002-2006,1983,emplois,comptefinancier,total,Total,2002,2.3,definitif,0
2003-2007,1983,emplois,comptefinancier,total,Total,2003,2.0,definitif,0
2004-2008,1983,emplois,comptefinancier,total,Total,2004,1.2,definitif,0
2004-2008,1983,emplois,comptefinancier,total,Total,2005,2.8,definitif,0
2004-2008,1983,emplois,comptefinancier,total,Total,2006,4.6,definitif,0
2004-2008,1983,emplois,comptefinancier,total,Total,2007,3.3,semi_definitif,0
2004-2008,1983,emplois,comptefinancier,total,Total,2008,3.5,provisoire,0
2001-2005,1983,ressources,comptedecapital,autrestransfertsencapital,Autres transferts en capital,2001,0.3,definitif,0
2002-2006,1983,ressources,comptedecapital,autrestransfertsencapital,Autres transferts en capital,2002,0.0,definitif,0
2004-2008,1983,ressources,comptedecapital,autrestransfertsencapital,Autres transferts en capital,2004,0.0,definitif,0
2004-2008,1983,ressources,comptedecapital,autrestransfertsencapital,Autres transferts en capital,2005,0.0,definitif,0
2004-2008,1983,ressources,comptedecapital,autrestransfertsencapital,Autres transferts en capital,2006,0.0,definitif,0
2004-2008,1983,ressources,comptedecapital,autrestransfertsencapital,Autres transferts en capital,2007,0.0,semi_definitif,0
2004-2008,1983,ressources,comptedecapital,autrestransfertsencapital,Autres transferts en capital,2008,0.0,provisoire,0
2001-2005,1983,ressources,comptedecapital,epargnebrute,Epargne brute,2001,67.7,definitif,0
2002-2006,1983,ressources,comptedecapital,epargnebrute,Epargne brute,2002,58.1,definitif,0
2003-2007,1983,ressources,comptedecapital,epargnebrute,Epargne brute,2003,66.7,definitif,0
2004-2008,1983,ressources,comptedecapital,epargnebrute,Epargne brute,2004,69.1,definitif,0
2004-2008,1983,ressources,comptedecapital,epargnebrute,Epargne brute,2005,73.1,definitif,0
2004-2008,1983,ressources,comptedecapital,epargnebrute,Epargne brute,2006,85.8,definitif,0
2004-2008,1983,ressources,comptedecapital,epargnebrute,Epargne brute,2007,90.1,semi_definitif,0
2004-2008,1983,ressources,comptedecapital,epargnebrute,Epargne brute,2008,94.9,provisoire,0
2001-2005,1983,ressources,comptedecapital,subventionsdequipementssapu,Subventions d’équipement S.S // APU,2001,138.9,definitif,0
2002-2006,1983,ressources,comptedecapital,subventionsdequipementssapu,Subventions d’équipement S.S // APU,2002,127.0,definitif,0
2003-2007,1983,ressources,comptedecapital,subventionsdequipementssapu,   Subventions d'équipement S.S // APU,2003,102.5,definitif,0
2004-2008,1983,ressources,comptedecapital,subventionsdequipementssapu,Subventions d’équipement S.S // APU,2004,122.6,definitif,0
2004-2008,1983,ressources,comptedecapital,subventionsdequipementssapu,Subventions d’équipement S.S // APU,2005,122.4,definitif,0
2004-2008,1983,ressources,comptedecapital,subventionsdequipementssapu,Subventions d’équipement S.S // APU,2006,112.4,definitif,0
2004-2008,1983,ressources,comptedecapital,subventionsdequipementssapu,Subventions d’équipement S.S // APU,2007,109.1,semi_definitif,0
2004-2008,1983,ressources,comptedecapital,subventionsdequipementssapu,Subventions d’équipement S.S // APU,2008,114.6,provisoire,0
2001-2005,1983,ressources,comptedecapital,total,Total,2001,206.9,definitif,0
2002-2006,1983,ressources,comptedecapital,total,Total,2002,185.1,definitif,0
2003-2007,1983,ressources,comptedecapital,total,Total,2003,169.2,definitif,0
2004-2008,1983,ressources,comptedecapital,total,Total,2004,191.7,definitif,0
2004-2008,1983,ressources,comptedecapital,total,Total,2005,195.5,definitif,0
2004-2008,1983,ressources,comptedecapital,total,Total,2006,198.2,definitif,0
2004-2008,1983,ressources,comptedecapital,total,Total,2007,199.2,semi_definitif,0
2004-2008,1983,ressources,comptedecapital,total,Total,2008,209.4,provisoire,0
2001-2005,1983,ressources,comptedecapital,transfertsencapital,Transferts en capital,2001,139.2,definitif,0
2002-2006,1983,ressources,comptedecapital,transfertsencapital,Transferts en capital,2002,127.0,definitif,0
2003-2007,1983,ressources,comptedecapital,transfertsencapital,Transferts en capital,2003,102.5,definitif,0
2004-2008,1983,ressources,comptedecapital,transfertsencapital,Transferts en capital,2004,122.6,definitif,0
2004-2008,1983,ressources,comptedecapital,transfertsencapital,Transferts en capital,2005,122.4,definitif,0
2004-2008,1983,ressources,comptedecapital,transfertsencapital,Transferts en capital,2006,112.4,definitif,0
2004-2008,1983,ressources,comptedecapital,transfertsencapital,Transferts en capital,2007,109.1,semi_definitif,0
2004-2008,1983,ressources,comptedecapital,transfertsencapital,Transferts en capital,2008,114.6,provisoire,0
2001-2005,1983,ressources,comptedeproduction,productionbiensetservicesmarchands,Production biens et services marchands,2001,15.6,definitif,0
2002-2006,1983,ressources,comptedeproduction,productionbiensetservicesmarchands,Production biens et services marchands,2002,16.6,definitif,0
2003-2007,1983,ressources,comptedeproduction,productionbiensetservicesmarchands,  Production biens et services marchands,2003,16.9,definitif,0
2004-2008,1983,ressources,comptedeproduction,productionbiensetservicesmarchands,Production biens et services marchands,2004,18.1,definitif,0
2004-2008,1983,ressources,comptedeproduction,productionbiensetservicesmarchands,Production biens et services marchands,2005,18.5,definitif,0
2004-2008,1983,ressources,comptedeproduction,productionbiensetservicesmarchands,Production biens et services marchands,2006,19.5,definitif,0
2004-2008,1983,ressources,comptedeproduction,productionbiensetservicesmarchands,Production biens et services marchands,2007,22.3,semi_definitif,0
2004-2008,1983,ressources,comptedeproduction,productionbiensetservicesmarchands,Production biens et services marchands,2008,23.4,provisoire,0
2001-2005,1983,ressources,comptedeproduction,productiondeservicesnonmarchands,Production de services non marchands,2001,212.4,definitif,0
2002-2006,1983,ressources,comptedeproduction,productiondeservicesnonmarchands,Production de services non marchands,2002,220.0,definitif,0
2003-2007,1983,ressources,comptedeproduction,productiondeservicesnonmarchands,  Production de services non marchands,2003,235.4,definitif,0
2004-2008,1983,ressources,comptedeproduction,productiondeservicesnonmarchands,Production de services non marchands,2004,252.5,definitif,0
2004-2008,1983,ressources,comptedeproduction,productiondeservicesnonmarchands,Production de services non marchands,2005,270.4,definitif,0
2004-2008,1983,ressources,comptedeproduction,productiondeservicesnonmarchands,Production de services non marchands,2006,292.1,definitif,0
2004-2008,1983,ressources,comptedeproduction,productiondeservicesnonmarchands,Production de services non marchands,2007,306.6,semi_definitif,0
2004-2008,1983,ressources,comptedeproduction,productiondeservicesnonmarchands,Production de services non marchands,2008,321.9,provisoire,0
2001-2005,1983,ressources,comptedeproduction,total,Total,2001,228.0,definitif,0
2002-2006,1983,ressources,comptedeproduction,total,Total,2002,236.6,definitif,0
2003-2007,1983,ressources,comptedeproduction,total,Total,2003,252.3,definitif,0
2004-2008,1983,ressources,comptedeproduction,total,Total,2004,270.6,definitif,0
2004-2008,1983,ressources,comptedeproduction,total,Total,2005,288.9,definitif,0
2004-2008,1983,ressources,comptedeproduction,total,Total,2006,311.6,definitif,0
2004-2008,1983,ressources,comptedeproduction,total,Total,2007,328.9,semi_definitif,0
2004-2008,1983,ressources,comptedeproduction,total,Total,2008,345.3,provisoire,0
2001-2005,1983,ressources,comptederevenu,autrestransfertscourants,Autres transferts courants,2001,182.7,definitif,0
2002-2006,1983,ressources,comptederevenu,autrestransfertscourants,Autres transferts courants,2002,137.1,definitif,0
2003-2007,1983,ressources,comptederevenu,autrestransfertscourants, Autres transferts courants,2003,155.9,definitif,0
2004-2008,1983,ressources,comptederevenu,autrestransfertscourants,Autres transferts courants,2004,149.8,definitif,0
2004-2008,1983,ressources,comptederevenu,autrestransfertscourants,Autres transferts courants,2005,153.3,definitif,0
2004-2008,1983,ressources,comptederevenu,autrestransfertscourants,Autres transferts courants,2006,161.0,definitif,0
2004-2008,1983,ressources,comptederevenu,autrestransfertscourants,Autres transferts courants,2007,178.2,semi_definitif,0
2004-2008,1983,ressources,comptederevenu,autrestransfertscourants,Autres transferts courants,2008,187.1,provisoire,0
2001-2005,1983,ressources,comptederevenu,cotisationssociales,Cotisations sociales,2001,4.2,definitif,0
2002-2006,1983,ressources,comptederevenu,cotisationssociales,Cotisations sociales,2002,4.3,definitif,0
2003-2007,1983,ressources,comptederevenu,cotisationssociales, Cotisations sociales,2003,4.7,definitif,0
2004-2008,1983,ressources,comptederevenu,cotisationssociales,Cotisations sociales,2004,4.9,definitif,0
2004-2008,1983,ressources,comptederevenu,cotisationssociales,Cotisations sociales,2005,5.1,definitif,0
2004-2008,1983,ressources,comptederevenu,cotisationssociales,Cotisations sociales,2006,5.5,definitif,0
2004-2008,1983,ressources,comptederevenu,cotisationssociales,Cotisations sociales,2007,5.8,semi_definitif,0
2004-2008,1983,ressources,comptederevenu,cotisationssociales,Cotisations sociales,2008,6.1,provisoire,0
2001-2005,1983,ressources,comptederevenu,dividendesetautresrevenusdistribues,Dividendes et autres revenus distribués,2001,53.8,definitif,0
2002-2006,1983,ressources,comptederevenu,dividendesetautresrevenusdistribues,Dividendes et autres revenus distribués,2002,55.3,definitif,0
2003-2007,1983,ressources,comptederevenu,dividendesetautresrevenusdistribues,Dividendes et autres revenus distribués,2003,58.4,definitif,0
2004-2008,1983,ressources,comptederevenu,dividendesetautresrevenusdistribues,Dividendes et autres revenus distribués,2004,62.7,definitif,0
2004-2008,1983,ressources,comptederevenu,dividendesetautresrevenusdistribues,Dividendes et autres revenus distribués,2005,65.8,definitif,0
2004-2008,1983,ressources,comptederevenu,dividendesetautresrevenusdistribues,Dividendes et autres revenus distribués,2006,70.7,definitif,0
2004-2008,1983,ressources,comptederevenu,dividendesetautresrevenusdistribues,Dividendes et autres revenus distribués,2007,76.7,semi_definitif,0
2004-2008,1983,ressources,comptederevenu,dividendesetautresrevenusdistribues,Dividendes et autres revenus distribués,2008,80.5,provisoire,0
2001-2005,1983,ressources,comptederevenu,excedentbrutdexploitation,Excédent brut d’exploitation,2001,0.0,definitif,0
2002-2006,1983,ressources,comptederevenu,excedentbrutdexploitation,Excédent brut d’exploitation,2002,0.0,definitif,0
2003-2007,1983,ressources,comptederevenu,excedentbrutdexploitation, Excédent brut d'exploitation,2003,0.0,definitif,0
2004-2008,1983,ressources,comptederevenu,excedentbrutdexploitation,Excédent brut d’exploitation,2004,0.0,definitif,0
2004-2008,1983,ressources,comptederevenu,excedentbrutdexploitation,Excédent brut d’exploitation,2005,0.0,definitif,0
2004-2008,1983,ressources,comptederevenu,excedentbrutdexploitation,Excédent brut d’exploitation,2006,0.0,definitif,0
2004-2008,1983,ressources,comptederevenu,excedentbrutdexploitation,Excédent brut d’exploitation,2007,0.0,semi_definitif,0
2004-2008,1983,ressources,comptederevenu,excedentbrutdexploitation,Excédent brut d’exploitation,2008,0.0,provisoire,0
2001-2005,1983,ressources,comptederevenu,idemnitesdassurancedommage,Idemnités d’assurance dommage,2001,0.2,definitif,0
2002-2006,1983,ressources,comptederevenu,idemnitesdassurancedommage,Idemnités d’assurance dommage,2002,0.0,definitif,0
2004-2008,1983,ressources,comptederevenu,idemnitesdassurancedommage,Idemnités d’assurance dommage,2004,0.0,definitif,0
2004-2008,1983,ressources,comptederevenu,idemnitesdassurancedommage,Idemnités d’assurance dommage,2005,0.0,definitif,0
2004-2008,1983,ressources,comptederevenu,idemnitesdassurancedommage,Idemnités d’assurance dommage,2006,0.0,definitif,0
2004-2008,1983,ressources,comptederevenu,idemnitesdassurancedommage,Idemnités d’assurance dommage,2007,0.0,semi_definitif,0
2004-2008,1983,ressources,comptederevenu,idemnitesdassurancedommage,Idemnités d’assurance dommage,2008,0.0,provisoire,0
2001-2005,1983,ressources,comptederevenu,impotsdirects,Impôts directs,2001,32.9,definitif,0
2002-2006,1983,ressources,comptederevenu,impotsdirects,Impôts directs,2002,32.3,definitif,0
2003-2007,1983,ressources,comptederevenu,impotsdirects, Impôts directs,2003,31.0,definitif,0
2004-2008,1983,ressources,comptederevenu,impotsdirects,Impôts directs,2004,40.7,definitif,0
2004-2008,1983,ressources,comptederevenu,impotsdirects,Impôts directs,2005,36.8,definitif,0
2004-2008,1983,ressources,comptederevenu,impotsdirects,Impôts directs,2006,67.0,definitif,0
2004-2008,1983,ressources,comptederevenu,impotsdirects,Impôts directs,2007,36.9,semi_definitif,0
2004-2008,1983,ressources,comptederevenu,impotsdirects,Impôts directs,2008,38.7,provisoire,0
2001-2005,1983,ressources,comptederevenu,impotsindirects,Impôts indirects,2001,96.8,definitif,0
2002-2006,1983,ressources,comptederevenu,impotsindirects,Impôts indirects,2002,95.1,definitif,0
2003-2007,1983,ressources,comptederevenu,impotsindirects, Impôts  indirects,2003,97.7,definitif,0
2004-2008,1983,ressources,comptederevenu,impotsindirects,Impôts indirects,2004,109.2,definitif,0
2004-2008,1983,ressources,comptederevenu,impotsindirects,Impôts indirects,2005,127.5,definitif,0
2004-2008,1983,ressources,comptederevenu,impotsindirects,Impôts indirects,2006,124.5,definitif,0
2004-2008,1983,ressources,comptederevenu,impotsindirects,Impôts indirects,2007,152.5,semi_definitif,0
2004-2008,1983,ressources,comptederevenu,impotsindirects,Impôts indirects,2008,160.4,provisoire,0
2001-2005,1983,ressources,comptederevenu,interets,Intérêts,2001,0.0,definitif,0
2002-2006,1983,ressources,comptederevenu,interets,Intérêts,2002,0.0,definitif,0
2004-2008,1983,ressources,comptederevenu,interets,Intérêts,2004,0.0,definitif,0
2004-2008,1983,ressources,comptederevenu,interets,Intérêts,2005,0.0,definitif,0
2004-2008,1983,ressources,comptederevenu,interets,Intérêts,2006,0.0,definitif,0
2004-2008,1983,ressources,comptederevenu,interets,Intérêts,2007,0.0,semi_definitif,0
2004-2008,1983,ressources,comptederevenu,interets,Intérêts,2008,0.0,provisoire,0
2001-2005,1983,ressources,comptederevenu,interetsdividendesetautresrevenusdistrib,Intérêts dividendes et autres revenus .distrib.,2001,53.8,definitif,0
2002-2006,1983,ressources,comptederevenu,interetsdividendesetautresrevenusdistrib,Intérêts dividendes et autres revenus .distrib.,2002,55.3,definitif,0
2003-2007,1983,ressources,comptederevenu,interetsdividendesetautresrevenusdistrib,Intérêts dividendes et autres revenus .distrib.,2003,58.4,definitif,0
2004-2008,1983,ressources,comptederevenu,interetsdividendesetautresrevenusdistrib,Intérêts dividendes et autres revenus .distrib.,2004,62.7,definitif,0
2004-2008,1983,ressources,comptederevenu,interetsdividendesetautresrevenusdistrib,Intérêts dividendes et autres revenus .distrib.,2005,65.8,definitif,0
2004-2008,1983,ressources,comptederevenu,interetsdividendesetautresrevenusdistrib,Intérêts dividendes et autres revenus .distrib.,2006,70.7,definitif,0
2004-2008,1983,ressources,comptederevenu,interetsdividendesetautresrevenusdistrib,Intérêts dividendes et autres revenus .distrib.,2007,76.7,semi_definitif,0
2004-2008,1983,ressources,comptederevenu,interetsdividendesetautresrevenusdistrib,Intérêts dividendes et autres revenus .distrib.,2008,80.5,provisoire,0
2001-2005,1983,ressources,comptederevenu,total,Total,2001,370.6,definitif,0
2002-2006,1983,ressources,comptederevenu,total,Total,2002,324.1,definitif,0
2003-2007,1983,ressources,comptederevenu,total,Total,2003,347.7,definitif,0
2004-2008,1983,ressources,comptederevenu,total,Total,2004,367.3,definitif,0
2004-2008,1983,ressources,comptederevenu,total,Total,2005,388.5,definitif,0
2004-2008,1983,ressources,comptederevenu,total,Total,2006,428.7,definitif,0
2004-2008,1983,ressources,comptederevenu,total,Total,2007,450.1,semi_definitif,0
2004-2008,1983,ressources,comptederevenu,total,Total,2008,472.9,provisoire,0
2001-2005,1983,ressources,comptedexploitation,total,Total,2001,146.1,definitif,0
2002-2006,1983,ressources,comptedexploitation,total,Total,2002,152.3,definitif,0
2003-2007,1983,ressources,comptedexploitation,total,Total,2003,163.7,definitif,0
2004-2008,1983,ressources,comptedexploitation,total,Total,2004,172.4,definitif,0
2004-2008,1983,ressources,comptedexploitation,total,Total,2005,180.2,definitif,0
2004-2008,1983,ressources,comptedexploitation,total,Total,2006,193.7,definitif,0
2004-2008,1983,ressources,comptedexploitation,total,Total,2007,204.6,semi_definitif,0
2004-2008,1983,ressources,comptedexploitation,total,Total,2008,214.8,provisoire,0
2001-2005,1983,ressources,comptedexploitation,valeurajouteebrute,Valeur ajoutée brute,2001,146.1,definitif,0
2002-2006,1983,ressources,comptedexploitation,valeurajouteebrute,Valeur ajoutée brute,2002,152.3,definitif,0
2003-2007,1983,ressources,comptedexploitation,valeurajouteebrute,Valeur ajoutée brute,2003,163.7,definitif,0
2004-2008,1983,ressources,comptedexploitation,valeurajouteebrute,Valeur ajoutée brute,2004,172.4,definitif,0
2004-2008,1983,ressources,comptedexploitation,valeurajouteebrute,Valeur ajoutée brute,2005,180.2,definitif,0
2004-2008,1983,ressources,comptedexploitation,valeurajouteebrute,Valeur ajoutée brute,2006,193.7,definitif,0
2004-2008,1983,ressources,comptedexploitation,valeurajouteebrute,Valeur ajoutée brute,2007,204.6,semi_definitif,0
2004-2008,1983,ressources,comptedexploitation,valeurajouteebrute,Valeur ajoutée brute,2008,214.8,provisoire,0
2001-2005,1983,ressources,comptedutilisationderevenu,revenudisponiblebrut,Revenu disponible brut,2001,277.3,definitif,0
2002-2006,1983,ressources,comptedutilisationderevenu,revenudisponiblebrut,Revenu disponible brut,2002,275.3,definitif,0
2003-2007,1983,ressources,comptedutilisationderevenu,revenudisponiblebrut,Revenu disponible brut,2003,299.3,definitif,0
2004-2008,1983,ressources,comptedutilisationderevenu,revenudisponiblebrut,Revenu disponible brut,2004,318.5,definitif,0
2004-2008,1983,ressources,comptedutilisationderevenu,revenudisponiblebrut,Revenu disponible brut,2005,339.3,definitif,0
2004-2008,1983,ressources,comptedutilisationderevenu,revenudisponiblebrut,Revenu disponible brut,2006,374.7,definitif,0
2004-2008,1983,ressources,comptedutilisationderevenu,revenudisponiblebrut,Revenu disponible brut,2007,393.3,semi_definitif,0
2004-2008,1983,ressources,comptedutilisationderevenu,revenudisponiblebrut,Revenu disponible brut,2008,413.2,provisoire,0
2001-2005,1983,ressources,comptedutilisationderevenu,total,Total,2001,277.3,definitif,0
2002-2006,1983,ressources,comptedutilisationderevenu,total,Total,2002,275.3,definitif,0
2003-2007,1983,ressources,comptedutilisationderevenu,total,Total,2003,299.3,definitif,0
2004-2008,1983,ressources,comptedutilisationderevenu,total,Total,2004,318.5,definitif,0
2004-2008,1983,ressources,comptedutilisationderevenu,total,Total,2005,339.3,definitif,0
2004-2008,1983,ressources,comptedutilisationderevenu,total,Total,2006,374.7,definitif,0
2004-2008,1983,ressources,comptedutilisationderevenu,total,Total,2007,393.3,semi_definitif,0
2004-2008,1983,ressources,comptedutilisationderevenu,total,Total,2008,413.2,provisoire,0
2001-2005,1983,ressources,comptefinancier,ajustementcbfinancementsoldecreancesetdettes,Ajustement: C.B.Financement - Solde créances et dettes,2001,-0.6,definitif,0
2002-2006,1983,ressources,comptefinancier,ajustementcbfinancementsoldecreancesetdettes,Ajustement: C.B.Financement - Solde créances et dettes,2002,-0.5,definitif,0
2004-2008,1983,ressources,comptefinancier,ajustementcbfinancementsoldecreancesetdettes,Ajustement: C.B.Financement - Solde créances et dettes,2004,0.5,definitif,0
2004-2008,1983,ressources,comptefinancier,ajustementcbfinancementsoldecreancesetdettes,Ajustement: C.B.Financement - Solde créances et dettes,2005,-1.3,definitif,0
2004-2008,1983,ressources,comptefinancier,ajustementcbfinancementsoldecreancesetdettes,Ajustement: C.B.Financement - Solde créances et dettes,2006,-1.5,definitif,0
2004-2008,1983,ressources,comptefinancier,ajustementcbfinancementsoldecreancesetdettes,Ajustement: C.B.Financement - Solde créances et dettes,2007,-0.6,semi_definitif,0
2004-2008,1983,ressources,comptefinancier,ajustementcbfinancementsoldecreancesetdettes,Ajustement: C.B.Financement - Solde créances et dettes,2008,-0.5,provisoire,0
2003-2007,1983,ressources,comptefinancier,cbfinancementsoldecreancesetdettes, C.B.Financement - Solde créances et dettes,2003,-19.2,definitif,0
2001-2005,1983,ressources,comptefinancier,creditsamoyenetlongterme,Crédits à moyen et long terme,2001,52.3,definitif,0
2002-2006,1983,ressources,comptefinancier,creditsamoyenetlongterme,Crédits à moyen et long terme,2002,17.0,definitif,0
2003-2007,1983,ressources,comptefinancier,creditsamoyenetlongterme,Crédits à moyen et long terme,2003,30.0,definitif,0
2004-2008,1983,ressources,comptefinancier,creditsamoyenetlongterme,Crédits à moyen et long terme,2004,14.7,definitif,0
2004-2008,1983,ressources,comptefinancier,creditsamoyenetlongterme,Crédits à moyen et long terme,2005,-4.9,definitif,0
2004-2008,1983,ressources,comptefinancier,creditsamoyenetlongterme,Crédits à moyen et long terme,2006,-10.9,definitif,0
2004-2008,1983,ressources,comptefinancier,creditsamoyenetlongterme,Crédits à moyen et long terme,2007,-2.5,semi_definitif,0
2004-2008,1983,ressources,comptefinancier,creditsamoyenetlongterme,Crédits à moyen et long terme,2008,-2.5,provisoire,0
2001-2005,1983,ressources,comptefinancier,creditscommerciauxetassimiles,Crédits commerciaux et assimilés,2001,-70.4,definitif,0
2002-2006,1983,ressources,comptefinancier,creditscommerciauxetassimiles,Crédits commerciaux et assimilés,2002,-15.8,definitif,0
2003-2007,1983,ressources,comptefinancier,creditscommerciauxetassimiles, Crédits commerciaux et assimilés,2003,-70.8,definitif,0
2004-2008,1983,ressources,comptefinancier,creditscommerciauxetassimiles,Crédits commerciaux et assimilés,2004,-24.4,definitif,0
2004-2008,1983,ressources,comptefinancier,creditscommerciauxetassimiles,Crédits commerciaux et assimilés,2005,-20.3,definitif,0
2004-2008,1983,ressources,comptefinancier,creditscommerciauxetassimiles,Crédits commerciaux et assimilés,2006,-24.8,definitif,0
2004-2008,1983,ressources,comptefinancier,creditscommerciauxetassimiles,Crédits commerciaux et assimilés,2007,-50.2,semi_definitif,0
2004-2008,1983,ressources,comptefinancier,creditscommerciauxetassimiles,Crédits commerciaux et assimilés,2008,-82.1,provisoire,0
2001-2005,1983,ressources,comptefinancier,soldedescreancesetdettes,Solde des créances et dettes,2001,20.2,definitif,0
2002-2006,1983,ressources,comptefinancier,soldedescreancesetdettes,Solde des créances et dettes,2002,1.1,definitif,0
2003-2007,1983,ressources,comptefinancier,soldedescreancesetdettes, Solde des créances et dettes,2003,42.9,definitif,0
2004-2008,1983,ressources,comptefinancier,soldedescreancesetdettes,Solde des créances et dettes,2004,10.9,definitif,0
2004-2008,1983,ressources,comptefinancier,soldedescreancesetdettes,Solde des créances et dettes,2005,28.0,definitif,0
2004-2008,1983,ressources,comptefinancier,soldedescreancesetdettes,Solde des créances et dettes,2006,40.3,definitif,0
2004-2008,1983,ressources,comptefinancier,soldedescreancesetdettes,Solde des créances et dettes,2007,56.0,semi_definitif,0
2004-2008,1983,ressources,comptefinancier,soldedescreancesetdettes,Solde des créances et dettes,2008,88.1,provisoire,0
2001-2005,1983,ressources,comptefinancier,total,Total,2001,2.1,definitif,0
2002-2006,1983,ressources,comptefinancier,total,Total,2002,2.3,definitif,0
2003-2007,1983,ressources,comptefinancier,total,Total,2003,2.0,definitif,0
2004-2008,1983,ressources,comptefinancier,total,Total,2004,1.2,definitif,0
2004-2008,1983,ressources,comptefinancier,total,Total,2005,2.8,definitif,0
2004-2008,1983,ressources,comptefinancier,total,Total,2006,4.6,definitif,0
2004-2008,1983,ressources,comptefinancier,total,Total,2007,3.3,semi_definitif,0
2004-2008,1983,ressources,comptefinancier,total,Total,2008,3.5,provisoire,0
2005-2009,1997,emplois,comptedaffectationdesrevenusprimaires,interets,Intérêts,2005,22.8,definitif,0
2006-2010,1997,emplois,comptedaffectationdesrevenusprimaires,interets,Intérêts,2006,26.4,definitif,0
2007-2011,1997,emplois,comptedaffectationdesrevenusprimaires,interets,Intérêts,2007,28.0,definitif,0
2008-2012,1997,emplois,comptedaffectationdesrevenusprimaires,interets,Intérêts,2008,26.7,definitif,0
2009-2013,1997,emplois,comptedaffectationdesrevenusprimaires,interets,Intérêts,2009,23.3,definitif,0
2010-2014,1997,emplois,comptedaffectationdesrevenusprimaires,interets,Intérêts,2010,26.1,definitif,0
2011-2015,1997,emplois,comptedaffectationdesrevenusprimaires,interets,Intérêts,2011,30.4,definitif,0
2012-2016,1997,emplois,comptedaffectationdesrevenusprimaires,interets,Intérêts,2012,29.5,definitif,0
2013-2017,1997,emplois,comptedaffectationdesrevenusprimaires,interets,Intérêts,2013,26.3,definitif,0
2013-2017,1997,emplois,comptedaffectationdesrevenusprimaires,interets,Intérêts,2014,26.7,definitif,0
2013-2017,1997,emplois,comptedaffectationdesrevenusprimaires,interets,Intérêts,2015,26.3,definitif,0
2013-2017,1997,emplois,comptedaffectationdesrevenusprimaires,interets,Intérêts,2016,27.4,semi_definitif,0
2013-2017,1997,emplois,comptedaffectationdesrevenusprimaires,interets,Intérêts,2017,26.3,provisoire,0
2005-2009,1997,emplois,comptedaffectationdesrevenusprimaires,revenusdelapropriete,Revenus de la propriété,2005,22.8,definitif,0
2006-2010,1997,emplois,comptedaffectationdesrevenusprimaires,revenusdelapropriete,Revenus de la propriété,2006,26.4,definitif,0
2007-2011,1997,emplois,comptedaffectationdesrevenusprimaires,revenusdelapropriete,Revenus de la propriété,2007,28.0,definitif,0
2008-2012,1997,emplois,comptedaffectationdesrevenusprimaires,revenusdelapropriete,Revenus de la propriété,2008,26.7,definitif,0
2009-2013,1997,emplois,comptedaffectationdesrevenusprimaires,revenusdelapropriete,Revenus de la propriété,2009,23.3,definitif,0
2010-2014,1997,emplois,comptedaffectationdesrevenusprimaires,revenusdelapropriete,Revenus de la propriété,2010,26.1,definitif,0
2011-2015,1997,emplois,comptedaffectationdesrevenusprimaires,revenusdelapropriete,Revenus de la propriété,2011,30.4,definitif,0
2012-2016,1997,emplois,comptedaffectationdesrevenusprimaires,revenusdelapropriete,Revenus de la propriété,2012,29.5,definitif,0
2013-2017,1997,emplois,comptedaffectationdesrevenusprimaires,revenusdelapropriete,Revenus de la propriété,2013,26.3,definitif,0
2013-2017,1997,emplois,comptedaffectationdesrevenusprimaires,revenusdelapropriete,Revenus de la propriété,2014,26.7,definitif,0
2013-2017,1997,emplois,comptedaffectationdesrevenusprimaires,revenusdelapropriete,Revenus de la propriété,2015,26.3,definitif,0
2013-2017,1997,emplois,comptedaffectationdesrevenusprimaires,revenusdelapropriete,Revenus de la propriété,2016,27.4,semi_definitif,0
2013-2017,1997,emplois,comptedaffectationdesrevenusprimaires,revenusdelapropriete,Revenus de la propriété,2017,26.3,provisoire,0
2005-2009,1997,emplois,comptedaffectationdesrevenusprimaires,soldedesrevenusprimairesrevenunational,Solde des revenus primaires / Revenu national,2005,285.7,definitif,0
2006-2010,1997,emplois,comptedaffectationdesrevenusprimaires,soldedesrevenusprimairesrevenunational,Solde des revenus primaires / Revenu national,2006,295.1,definitif,0
2007-2011,1997,emplois,comptedaffectationdesrevenusprimaires,soldedesrevenusprimairesrevenunational,Solde des revenus primaires / Revenu national,2007,338.8,definitif,0
2008-2012,1997,emplois,comptedaffectationdesrevenusprimaires,soldedesrevenusprimairesrevenunational,Solde des revenus primaires / Revenu national,2008,382.5,definitif,0
2009-2013,1997,emplois,comptedaffectationdesrevenusprimaires,soldedesrevenusprimairesrevenunational,Solde des revenus primaires / Revenu national,2009,406.0,definitif,0
2010-2014,1997,emplois,comptedaffectationdesrevenusprimaires,soldedesrevenusprimairesrevenunational,Solde des revenus primaires / Revenu national,2010,442.9,definitif,0
2011-2015,1997,emplois,comptedaffectationdesrevenusprimaires,soldedesrevenusprimairesrevenunational,Solde des revenus primaires / Revenu national,2011,365.6,definitif,0
2012-2016,1997,emplois,comptedaffectationdesrevenusprimaires,soldedesrevenusprimairesrevenunational,Solde des revenus primaires / Revenu national,2012,455.8,definitif,0
2013-2017,1997,emplois,comptedaffectationdesrevenusprimaires,soldedesrevenusprimairesrevenunational,Solde des revenus primaires / Revenu national,2013,522.8,definitif,0
2013-2017,1997,emplois,comptedaffectationdesrevenusprimaires,soldedesrevenusprimairesrevenunational,Solde des revenus primaires / Revenu national,2014,582.2,definitif,0
2013-2017,1997,emplois,comptedaffectationdesrevenusprimaires,soldedesrevenusprimairesrevenunational,Solde des revenus primaires / Revenu national,2015,648.0,definitif,0
2013-2017,1997,emplois,comptedaffectationdesrevenusprimaires,soldedesrevenusprimairesrevenunational,Solde des revenus primaires / Revenu national,2016,681.1,semi_definitif,0
2013-2017,1997,emplois,comptedaffectationdesrevenusprimaires,soldedesrevenusprimairesrevenunational,Solde des revenus primaires / Revenu national,2017,724.8,provisoire,0
2005-2009,1997,emplois,comptedecapital,autrestransfertsencapital,Autres transferts en capital,2005,52.8,definitif,0
2006-2010,1997,emplois,comptedecapital,autrestransfertsencapital,Autres transferts en capital,2006,51.6,definitif,0
2007-2011,1997,emplois,comptedecapital,autrestransfertsencapital,Autres transferts en capital,2007,53.9,definitif,0
2008-2012,1997,emplois,comptedecapital,autrestransfertsencapital,Autres transferts en capital,2008,55.4,definitif,0
2009-2013,1997,emplois,comptedecapital,autrestransfertsencapital,Autres transferts en capital,2009,36.0,definitif,0
2010-2014,1997,emplois,comptedecapital,autrestransfertsencapital,Autres transferts en capital,2010,21.8,definitif,0
2011-2015,1997,emplois,comptedecapital,autrestransfertsencapital,Autres transferts en capital,2011,34.8,definitif,0
2012-2016,1997,emplois,comptedecapital,autrestransfertsencapital,Autres transferts en capital,2012,29.3,definitif,0
2013-2017,1997,emplois,comptedecapital,autrestransfertsencapital,Autres transferts en capital,2013,47.7,definitif,0
2013-2017,1997,emplois,comptedecapital,autrestransfertsencapital,Autres transferts en capital,2014,41.0,definitif,0
2013-2017,1997,emplois,comptedecapital,autrestransfertsencapital,Autres transferts en capital,2015,18.0,definitif,0
2013-2017,1997,emplois,comptedecapital,autrestransfertsencapital,Autres transferts en capital,2016,34.5,semi_definitif,0
2013-2017,1997,emplois,comptedecapital,autrestransfertsencapital,Autres transferts en capital,2017,38.5,provisoire,0
2005-2009,1997,emplois,comptedecapital,capaciteoubesoindefinancement,Capacité ou besoin de financement,2005,9.3,definitif,0
2006-2010,1997,emplois,comptedecapital,capaciteoubesoindefinancement,Capacité ou besoin de financement,2006,14.6,definitif,0
2007-2011,1997,emplois,comptedecapital,capaciteoubesoindefinancement,Capacité ou besoin de financement,2007,55.0,definitif,0
2008-2012,1997,emplois,comptedecapital,capaciteoubesoindefinancement,Capacité ou besoin de financement,2008,138.6,definitif,0
2009-2013,1997,emplois,comptedecapital,capaciteoubesoindefinancement,Capacité ou besoin de financement,2009,9.2,definitif,0
2010-2014,1997,emplois,comptedecapital,capaciteoubesoindefinancement,Capacité ou besoin de financement,2010,46.2,definitif,0
2011-2015,1997,emplois,comptedecapital,capaciteoubesoindefinancement,Capacité ou besoin de financement,2011,191.0,definitif,0
2012-2016,1997,emplois,comptedecapital,capaciteoubesoindefinancement,Capacité ou besoin de financement,2012,309.6,definitif,0
2013-2017,1997,emplois,comptedecapital,capaciteoubesoindefinancement,Capacité ou besoin de financement,2013,260.6,definitif,0
2013-2017,1997,emplois,comptedecapital,capaciteoubesoindefinancement,Capacité ou besoin de financement,2014,-44.4,definitif,0
2013-2017,1997,emplois,comptedecapital,capaciteoubesoindefinancement,Capacité ou besoin de financement,2015,-7.5,definitif,0
2013-2017,1997,emplois,comptedecapital,capaciteoubesoindefinancement,Capacité ou besoin de financement,2016,59.5,semi_definitif,0
2013-2017,1997,emplois,comptedecapital,capaciteoubesoindefinancement,Capacité ou besoin de financement,2017,-36.7,provisoire,0
2007-2011,1997,emplois,comptedecapital,ecartstatistique,Ecart Statistique,2007,-0.4,definitif,0
2008-2012,1997,emplois,comptedecapital,ecartstatistique,Ecart Statistique,2008,-0.5,definitif,0
2009-2013,1997,emplois,comptedecapital,ecartstatistique,Ecart Statistique,2009,-0.7,definitif,0
2010-2014,1997,emplois,comptedecapital,ecartstatistique,Ecart Statistique,2010,0.5,definitif,0
2011-2015,1997,emplois,comptedecapital,ecartstatistique,Ecart Statistique,2011,0.4,definitif,0
2012-2016,1997,emplois,comptedecapital,ecartstatistique,Ecart Statistique,2012,0.7,definitif,0
2013-2017,1997,emplois,comptedecapital,ecartstatistique,Ecart Statistique,2013,0.2,definitif,0
2013-2017,1997,emplois,comptedecapital,ecartstatistique,Ecart Statistique,2014,0.6,definitif,0
2013-2017,1997,emplois,comptedecapital,ecartstatistique,Ecart Statistique,2015,0.4,definitif,0
2013-2017,1997,emplois,comptedecapital,ecartstatistique,Ecart Statistique,2016,0.3,semi_definitif,0
2013-2017,1997,emplois,comptedecapital,ecartstatistique,Ecart Statistique,2017,0.3,provisoire,0
2005-2009,1997,emplois,comptedecapital,formationbrutedecapitalefixe,Formation Brute de capitale Fixe,2005,116.0,definitif,0
2006-2010,1997,emplois,comptedecapital,formationbrutedecapitalefixe,Formation Brute de capitale Fixe,2006,107.8,definitif,0
2007-2011,1997,emplois,comptedecapital,formationbrutedecapitalefixe,Formation Brute de capitale Fixe,2007,89.9,definitif,0
2008-2012,1997,emplois,comptedecapital,formationbrutedecapitalefixe,Formation Brute de capitale Fixe,2008,65.3,definitif,0
2009-2013,1997,emplois,comptedecapital,formationbrutedecapitalefixe,Formation Brute de capitale Fixe,2009,164.3,definitif,0
2010-2014,1997,emplois,comptedecapital,formationbrutedecapitalefixe,Formation Brute de capitale Fixe,2010,180.1,definitif,0
2011-2015,1997,emplois,comptedecapital,formationbrutedecapitalefixe,Formation Brute de capitale Fixe,2011,213.4,definitif,0
2012-2016,1997,emplois,comptedecapital,formationbrutedecapitalefixe,Formation Brute de capitale Fixe,2012,218.0,definitif,0
2013-2017,1997,emplois,comptedecapital,formationbrutedecapitalefixe,Formation Brute de capitale Fixe,2013,276.8,definitif,0
2013-2017,1997,emplois,comptedecapital,formationbrutedecapitalefixe,Formation Brute de capitale Fixe,2014,433.7,definitif,0
2013-2017,1997,emplois,comptedecapital,formationbrutedecapitalefixe,Formation Brute de capitale Fixe,2015,443.4,definitif,0
2013-2017,1997,emplois,comptedecapital,formationbrutedecapitalefixe,Formation Brute de capitale Fixe,2016,482.3,semi_definitif,0
2013-2017,1997,emplois,comptedecapital,formationbrutedecapitalefixe,Formation Brute de capitale Fixe,2017,500.6,provisoire,0
2005-2009,1997,emplois,comptedecapital,subventionsdinvestissement,Subventions d'investissement,2005,0.0,definitif,0
2006-2010,1997,emplois,comptedecapital,subventionsdinvestissement,Subventions d'investissement,2006,0.0,definitif,0
2007-2011,1997,emplois,comptedecapital,subventionsdinvestissement,Subventions d'investissement,2007,0.0,definitif,0
2008-2012,1997,emplois,comptedecapital,subventionsdinvestissement,Subventions d'investissement,2008,0.0,definitif,0
2005-2009,1997,emplois,comptedecapital,transfertsencapital,Transferts en capital,2005,52.8,definitif,0
2006-2010,1997,emplois,comptedecapital,transfertsencapital,Transferts en capital,2006,51.6,definitif,0
2007-2011,1997,emplois,comptedecapital,transfertsencapital,Transferts en capital,2007,53.9,definitif,0
2008-2012,1997,emplois,comptedecapital,transfertsencapital,Transferts en capital,2008,55.4,definitif,0
2009-2013,1997,emplois,comptedecapital,transfertsencapital,Transferts en capital,2009,36.0,definitif,0
2010-2014,1997,emplois,comptedecapital,transfertsencapital,Transferts en capital,2010,21.8,definitif,0
2011-2015,1997,emplois,comptedecapital,transfertsencapital,Transferts en capital,2011,34.8,definitif,0
2012-2016,1997,emplois,comptedecapital,transfertsencapital,Transferts en capital,2012,29.3,definitif,0
2013-2017,1997,emplois,comptedecapital,transfertsencapital,Transferts en capital,2013,47.7,definitif,0
2013-2017,1997,emplois,comptedecapital,transfertsencapital,Transferts en capital,2014,41.0,definitif,0
2013-2017,1997,emplois,comptedecapital,transfertsencapital,Transferts en capital,2015,18.0,definitif,0
2013-2017,1997,emplois,comptedecapital,transfertsencapital,Transferts en capital,2016,34.5,semi_definitif,0
2013-2017,1997,emplois,comptedecapital,transfertsencapital,Transferts en capital,2017,38.5,provisoire,0
2005-2009,1997,emplois,comptededistributionsecondairedurevenu,autrestransfertscourants,Autres transferts courants,2005,69.4,definitif,0
2006-2010,1997,emplois,comptededistributionsecondairedurevenu,autrestransfertscourants,Autres transferts courants,2006,46.0,definitif,0
2007-2011,1997,emplois,comptededistributionsecondairedurevenu,autrestransfertscourants,Autres transferts courants,2007,32.6,definitif,0
2008-2012,1997,emplois,comptededistributionsecondairedurevenu,autrestransfertscourants,Autres transferts courants,2008,19.7,definitif,0
2009-2013,1997,emplois,comptededistributionsecondairedurevenu,autrestransfertscourants,Autres transferts courants,2009,25.2,definitif,0
2010-2014,1997,emplois,comptededistributionsecondairedurevenu,autrestransfertscourants,Autres transferts courants,2010,27.2,definitif,0
2011-2015,1997,emplois,comptededistributionsecondairedurevenu,autrestransfertscourants,Autres transferts courants,2011,32.4,definitif,0
2012-2016,1997,emplois,comptededistributionsecondairedurevenu,autrestransfertscourants,Autres transferts courants,2012,39.8,definitif,0
2013-2017,1997,emplois,comptededistributionsecondairedurevenu,autrestransfertscourants,Autres transferts courants,2013,26.6,definitif,0
2013-2017,1997,emplois,comptededistributionsecondairedurevenu,autrestransfertscourants,Autres transferts courants,2014,29.5,definitif,0
2013-2017,1997,emplois,comptededistributionsecondairedurevenu,autrestransfertscourants,Autres transferts courants,2015,34.9,definitif,0
2013-2017,1997,emplois,comptededistributionsecondairedurevenu,autrestransfertscourants,Autres transferts courants,2016,46.5,semi_definitif,0
2013-2017,1997,emplois,comptededistributionsecondairedurevenu,autrestransfertscourants,Autres transferts courants,2017,51.0,provisoire,0
2005-2009,1997,emplois,comptededistributionsecondairedurevenu,autrestransfertscourantsdivers,Autres transferts courants divers,2005,21.1,definitif,0
2006-2010,1997,emplois,comptededistributionsecondairedurevenu,autrestransfertscourantsdivers,Autres transferts courants divers,2006,46.0,definitif,0
2007-2011,1997,emplois,comptededistributionsecondairedurevenu,autrestransfertscourantsdivers,Autres transferts courants divers,2007,32.6,definitif,0
2008-2012,1997,emplois,comptededistributionsecondairedurevenu,autrestransfertscourantsdivers,Autres transferts courants divers,2008,19.7,definitif,0
2009-2013,1997,emplois,comptededistributionsecondairedurevenu,autrestransfertscourantsdivers,Autres transferts courants divers,2009,25.2,definitif,0
2010-2014,1997,emplois,comptededistributionsecondairedurevenu,autrestransfertscourantsdivers,Autres transferts courants divers,2010,27.2,definitif,0
2011-2015,1997,emplois,comptededistributionsecondairedurevenu,autrestransfertscourantsdivers,Autres transferts courants divers,2011,32.4,definitif,0
2012-2016,1997,emplois,comptededistributionsecondairedurevenu,autrestransfertscourantsdivers,Autres transferts courants divers,2012,39.8,definitif,0
2013-2017,1997,emplois,comptededistributionsecondairedurevenu,autrestransfertscourantsdivers,Autres transferts courants divers,2013,26.6,definitif,0
2013-2017,1997,emplois,comptededistributionsecondairedurevenu,autrestransfertscourantsdivers,Autres transferts courants divers,2014,29.5,definitif,0
2013-2017,1997,emplois,comptededistributionsecondairedurevenu,autrestransfertscourantsdivers,Autres transferts courants divers,2015,34.9,definitif,0
2013-2017,1997,emplois,comptededistributionsecondairedurevenu,autrestransfertscourantsdivers,Autres transferts courants divers,2016,46.5,semi_definitif,0
2013-2017,1997,emplois,comptededistributionsecondairedurevenu,autrestransfertscourantsdivers,Autres transferts courants divers,2017,51.0,provisoire,0
2006-2010,1997,emplois,comptededistributionsecondairedurevenu,impotscourantssurlesrevenusetlepatrimoine,Impôts courants sur les revenus et le patrimoine,2006,0.0,definitif,0
2007-2011,1997,emplois,comptededistributionsecondairedurevenu,impotscourantssurlesrevenusetlepatrimoine,Impôts courants sur les revenus et le patrimoine,2007,0.0,definitif,0
2005-2009,1997,emplois,comptededistributionsecondairedurevenu,prestationssocialesenespece,Prestations sociales en espece,2005,5.4,definitif,0
2006-2010,1997,emplois,comptededistributionsecondairedurevenu,prestationssocialesenespece,Prestations sociales en espece,2006,6.0,definitif,0
2007-2011,1997,emplois,comptededistributionsecondairedurevenu,prestationssocialesenespece,Prestations sociales en espece,2007,6.4,definitif,0
2008-2012,1997,emplois,comptededistributionsecondairedurevenu,prestationssocialesenespece,Prestations sociales en espece,2008,6.7,definitif,0
2009-2013,1997,emplois,comptededistributionsecondairedurevenu,prestationssocialesenespece,Prestations sociales en espece,2009,5.9,definitif,0
2010-2014,1997,emplois,comptededistributionsecondairedurevenu,prestationssocialesenespece,Prestations sociales en espece,2010,6.2,definitif,0
2011-2015,1997,emplois,comptededistributionsecondairedurevenu,prestationssocialesenespece,Prestations sociales en espece,2011,7.4,definitif,0
2012-2016,1997,emplois,comptededistributionsecondairedurevenu,prestationssocialesenespece,Prestations sociales en espece,2012,8.3,definitif,0
2013-2017,1997,emplois,comptededistributionsecondairedurevenu,prestationssocialesenespece,Prestations sociales en espece,2013,8.4,definitif,0
2013-2017,1997,emplois,comptededistributionsecondairedurevenu,prestationssocialesenespece,Prestations sociales en espece,2014,8.5,definitif,0
2013-2017,1997,emplois,comptededistributionsecondairedurevenu,prestationssocialesenespece,Prestations sociales en espece,2015,9.9,definitif,0
2013-2017,1997,emplois,comptededistributionsecondairedurevenu,prestationssocialesenespece,Prestations sociales en espece,2016,11.2,semi_definitif,0
2013-2017,1997,emplois,comptededistributionsecondairedurevenu,prestationssocialesenespece,Prestations sociales en espece,2017,11.8,provisoire,0
2006-2010,1997,emplois,comptededistributionsecondairedurevenu,primesnettesdassurancedommages,Primes nettes d'assurance-dommages,2006,0.0,definitif,0
2007-2011,1997,emplois,comptededistributionsecondairedurevenu,primesnettesdassurancedommages,Primes nettes d'assurance-dommages,2007,0.0,definitif,0
2005-2009,1997,emplois,comptededistributionsecondairedurevenu,revenudisponiblebrut,Revenu disponible brut,2005,436.2,definitif,0
2006-2010,1997,emplois,comptededistributionsecondairedurevenu,revenudisponiblebrut,Revenu disponible brut,2006,477.1,definitif,0
2007-2011,1997,emplois,comptededistributionsecondairedurevenu,revenudisponiblebrut,Revenu disponible brut,2007,530.9,definitif,0
2008-2012,1997,emplois,comptededistributionsecondairedurevenu,revenudisponiblebrut,Revenu disponible brut,2008,618.2,definitif,0
2009-2013,1997,emplois,comptededistributionsecondairedurevenu,revenudisponiblebrut,Revenu disponible brut,2009,586.3,definitif,0
2010-2014,1997,emplois,comptededistributionsecondairedurevenu,revenudisponiblebrut,Revenu disponible brut,2010,638.9,definitif,0
2011-2015,1997,emplois,comptededistributionsecondairedurevenu,revenudisponiblebrut,Revenu disponible brut,2011,712.8,definitif,0
2012-2016,1997,emplois,comptededistributionsecondairedurevenu,revenudisponiblebrut,Revenu disponible brut,2012,804.3,definitif,0
2013-2017,1997,emplois,comptededistributionsecondairedurevenu,revenudisponiblebrut,Revenu disponible brut,2013,889.3,definitif,0
2013-2017,1997,emplois,comptededistributionsecondairedurevenu,revenudisponiblebrut,Revenu disponible brut,2014,935.2,definitif,0
2013-2017,1997,emplois,comptededistributionsecondairedurevenu,revenudisponiblebrut,Revenu disponible brut,2015,1026.0,definitif,0
2013-2017,1997,emplois,comptededistributionsecondairedurevenu,revenudisponiblebrut,Revenu disponible brut,2016,1072.5,semi_definitif,0
2013-2017,1997,emplois,comptededistributionsecondairedurevenu,revenudisponiblebrut,Revenu disponible brut,2017,1128.1,provisoire,0
2005-2009,1997,emplois,comptededistributionsecondairedurevenu,transfertscourantsentreadminipubliques,Transferts courants entre admini. publiques,2005,48.3,definitif,0
2006-2010,1997,emplois,comptededistributionsecondairedurevenu,transfertscourantsentreadminipubliques,Transferts courants entre admini. publiques,2006,0.0,definitif,0
2007-2011,1997,emplois,comptededistributionsecondairedurevenu,transfertscourantsentreadminipubliques,Transferts courants entre admini. publiques,2007,0.0,definitif,0
2005-2009,1997,emplois,comptedeproduction,consommationintermediaire,Consommation intermédiaire,2005,108.9,definitif,0
2006-2010,1997,emplois,comptedeproduction,consommationintermediaire,Consommation intermédiaire,2006,118.2,definitif,0
2007-2011,1997,emplois,comptedeproduction,consommationintermediaire,Consommation intermédiaire,2007,124.7,definitif,0
2008-2012,1997,emplois,comptedeproduction,consommationintermediaire,Consommation intermédiaire,2008,146.2,definitif,0
2009-2013,1997,emplois,comptedeproduction,consommationintermediaire,Consommation intermédiaire,2009,153.3,definitif,0
2010-2014,1997,emplois,comptedeproduction,consommationintermediaire,Consommation intermédiaire,2010,162.4,definitif,0
2011-2015,1997,emplois,comptedeproduction,consommationintermediaire,Consommation intermédiaire,2011,151.5,definitif,0
2012-2016,1997,emplois,comptedeproduction,consommationintermediaire,Consommation intermédiaire,2012,164.5,definitif,0
2013-2017,1997,emplois,comptedeproduction,consommationintermediaire,Consommation intermédiaire,2013,183.8,definitif,0
2013-2017,1997,emplois,comptedeproduction,consommationintermediaire,Consommation intermédiaire,2014,196.2,definitif,0
2013-2017,1997,emplois,comptedeproduction,consommationintermediaire,Consommation intermédiaire,2015,217.8,definitif,0
2013-2017,1997,emplois,comptedeproduction,consommationintermediaire,Consommation intermédiaire,2016,233.4,semi_definitif,0
2013-2017,1997,emplois,comptedeproduction,consommationintermediaire,Consommation intermédiaire,2017,245.3,provisoire,0
2005-2009,1997,emplois,comptedeproduction,valeurajouteebrute,Valeur ajoutée brute,2005,295.4,definitif,0
2006-2010,1997,emplois,comptedeproduction,valeurajouteebrute,Valeur ajoutée brute,2006,320.0,definitif,0
2007-2011,1997,emplois,comptedeproduction,valeurajouteebrute,Valeur ajoutée brute,2007,342.2,definitif,0
2008-2012,1997,emplois,comptedeproduction,valeurajouteebrute,Valeur ajoutée brute,2008,364.8,definitif,0
2009-2013,1997,emplois,comptedeproduction,valeurajouteebrute,Valeur ajoutée brute,2009,396.5,definitif,0
2010-2014,1997,emplois,comptedeproduction,valeurajouteebrute,Valeur ajoutée brute,2010,422.6,definitif,0
2011-2015,1997,emplois,comptedeproduction,valeurajouteebrute,Valeur ajoutée brute,2011,483.3,definitif,0
2012-2016,1997,emplois,comptedeproduction,valeurajouteebrute,Valeur ajoutée brute,2012,539.0,definitif,0
2013-2017,1997,emplois,comptedeproduction,valeurajouteebrute,Valeur ajoutée brute,2013,560.5,definitif,0
2013-2017,1997,emplois,comptedeproduction,valeurajouteebrute,Valeur ajoutée brute,2014,576.2,definitif,0
2013-2017,1997,emplois,comptedeproduction,valeurajouteebrute,Valeur ajoutée brute,2015,643.1,definitif,0
2013-2017,1997,emplois,comptedeproduction,valeurajouteebrute,Valeur ajoutée brute,2016,701.8,semi_definitif,0
2013-2017,1997,emplois,comptedeproduction,valeurajouteebrute,Valeur ajoutée brute,2017,732.3,provisoire,0
2005-2009,1997,emplois,comptedexploitation,autresimpotssurlaproduction,Autres Impôts sur la production,2005,0.0,definitif,0
2006-2010,1997,emplois,comptedexploitation,autresimpotssurlaproduction,Autres Impôts sur la production,2006,0.0,definitif,0
2007-2011,1997,emplois,comptedexploitation,autresimpotssurlaproduction,Autres Impôts sur la production,2007,0.0,definitif,0
2008-2012,1997,emplois,comptedexploitation,autresimpotssurlaproduction,Autres Impôts sur la production,2008,0.0,definitif,0
2012-2016,1997,emplois,comptedexploitation,autresimpotssurlaproduction,Autres Impôts sur la production,2012,0.0,definitif,0
2005-2009,1997,emplois,comptedexploitation,cotissocialesalachargedesemployeurs,Cotis. sociales à la charge des employeurs,2005,26.7,definitif,0
2006-2010,1997,emplois,comptedexploitation,cotissocialesalachargedesemployeurs,Cotis. sociales à la charge des employeurs,2006,29.4,definitif,0
2007-2011,1997,emplois,comptedexploitation,cotissocialesalachargedesemployeurs,Cotis. sociales à la charge des employeurs,2007,32.5,definitif,0
2008-2012,1997,emplois,comptedexploitation,cotissocialesalachargedesemployeurs,Cotis. sociales à la charge des employeurs,2008,35.6,definitif,0
2009-2013,1997,emplois,comptedexploitation,cotissocialesalachargedesemployeurs,Cotis. sociales à la charge des employeurs,2009,40.8,definitif,0
2010-2014,1997,emplois,comptedexploitation,cotissocialesalachargedesemployeurs,Cotis. sociales à la charge des employeurs,2010,43.7,definitif,0
2011-2015,1997,emplois,comptedexploitation,cotissocialesalachargedesemployeurs,Cotis. sociales à la charge des employeurs,2011,53.1,definitif,0
2012-2016,1997,emplois,comptedexploitation,cotissocialesalachargedesemployeurs,Cotis. sociales à la charge des employeurs,2012,60.2,definitif,0
2013-2017,1997,emplois,comptedexploitation,cotissocialesalachargedesemployeurs,Cotis. sociales à la charge des employeurs,2013,60.9,definitif,0
2013-2017,1997,emplois,comptedexploitation,cotissocialesalachargedesemployeurs,Cotis. sociales à la charge des employeurs,2014,61.5,definitif,0
2013-2017,1997,emplois,comptedexploitation,cotissocialesalachargedesemployeurs,Cotis. sociales à la charge des employeurs,2015,71.2,definitif,0
2013-2017,1997,emplois,comptedexploitation,cotissocialesalachargedesemployeurs,Cotis. sociales à la charge des employeurs,2016,81.1,semi_definitif,0
2013-2017,1997,emplois,comptedexploitation,cotissocialesalachargedesemployeurs,Cotis. sociales à la charge des employeurs,2017,84.7,provisoire,0
2005-2009,1997,emplois,comptedexploitation,remunerationdessalaries,Rémunération des salariés,2005,180.2,definitif,0
2006-2010,1997,emplois,comptedexploitation,remunerationdessalaries,Rémunération des salariés,2006,193.7,definitif,0
2007-2011,1997,emplois,comptedexploitation,remunerationdessalaries,Rémunération des salariés,2007,204.6,definitif,0
2008-2012,1997,emplois,comptedexploitation,remunerationdessalaries,Rémunération des salariés,2008,215.9,definitif,0
2009-2013,1997,emplois,comptedexploitation,remunerationdessalaries,Rémunération des salariés,2009,236.8,definitif,0
2010-2014,1997,emplois,comptedexploitation,remunerationdessalaries,Rémunération des salariés,2010,249.3,definitif,0
2011-2015,1997,emplois,comptedexploitation,remunerationdessalaries,Rémunération des salariés,2011,294.4,definitif,0
2012-2016,1997,emplois,comptedexploitation,remunerationdessalaries,Rémunération des salariés,2012,333.8,definitif,0
2013-2017,1997,emplois,comptedexploitation,remunerationdessalaries,Rémunération des salariés,2013,337.7,definitif,0
2013-2017,1997,emplois,comptedexploitation,remunerationdessalaries,Rémunération des salariés,2014,341.3,definitif,0
2013-2017,1997,emplois,comptedexploitation,remunerationdessalaries,Rémunération des salariés,2015,394.9,definitif,0
2013-2017,1997,emplois,comptedexploitation,remunerationdessalaries,Rémunération des salariés,2016,449.6,semi_definitif,0
2013-2017,1997,emplois,comptedexploitation,remunerationdessalaries,Rémunération des salariés,2017,470.0,provisoire,0
2005-2009,1997,emplois,comptedexploitation,revenudexploitation,Revenu d'exploitation,2005,115.2,definitif,0
2006-2010,1997,emplois,comptedexploitation,revenudexploitation,Revenu d'exploitation,2006,126.3,definitif,0
2007-2011,1997,emplois,comptedexploitation,revenudexploitation,Revenu d'exploitation,2007,137.6,definitif,0
2008-2012,1997,emplois,comptedexploitation,revenudexploitation,Revenu d'exploitation,2008,148.9,definitif,0
2009-2013,1997,emplois,comptedexploitation,revenudexploitation,Revenu d'exploitation,2009,159.7,definitif,0
2010-2014,1997,emplois,comptedexploitation,revenudexploitation,Revenu d'exploitation,2010,173.3,definitif,0
2011-2015,1997,emplois,comptedexploitation,revenudexploitation,Revenu d'exploitation,2011,188.9,definitif,0
2012-2016,1997,emplois,comptedexploitation,revenudexploitation,Revenu d'exploitation,2012,205.2,definitif,0
2013-2017,1997,emplois,comptedexploitation,revenudexploitation,Revenu d'exploitation,2013,222.8,definitif,0
2013-2017,1997,emplois,comptedexploitation,revenudexploitation,Revenu d'exploitation,2014,234.9,definitif,0
2013-2017,1997,emplois,comptedexploitation,revenudexploitation,Revenu d'exploitation,2015,248.2,definitif,0
2013-2017,1997,emplois,comptedexploitation,revenudexploitation,Revenu d'exploitation,2016,252.2,semi_definitif,0
2013-2017,1997,emplois,comptedexploitation,revenudexploitation,Revenu d'exploitation,2017,262.3,provisoire,0
2005-2009,1997,emplois,comptedexploitation,salairesbruts,Salaires bruts,2005,153.5,definitif,0
2006-2010,1997,emplois,comptedexploitation,salairesbruts,Salaires bruts,2006,164.3,definitif,0
2007-2011,1997,emplois,comptedexploitation,salairesbruts,Salaires bruts,2007,172.1,definitif,0
2008-2012,1997,emplois,comptedexploitation,salairesbruts,Salaires bruts,2008,180.3,definitif,0
2009-2013,1997,emplois,comptedexploitation,salairesbruts,Salaires bruts,2009,196.0,definitif,0
2010-2014,1997,emplois,comptedexploitation,salairesbruts,Salaires bruts,2010,205.6,definitif,0
2011-2015,1997,emplois,comptedexploitation,salairesbruts,Salaires bruts,2011,241.3,definitif,0
2012-2016,1997,emplois,comptedexploitation,salairesbruts,Salaires bruts,2012,273.6,definitif,0
2013-2017,1997,emplois,comptedexploitation,salairesbruts,Salaires bruts,2013,276.8,definitif,0
2013-2017,1997,emplois,comptedexploitation,salairesbruts,Salaires bruts,2014,279.8,definitif,0
2013-2017,1997,emplois,comptedexploitation,salairesbruts,Salaires bruts,2015,323.7,definitif,0
2013-2017,1997,emplois,comptedexploitation,salairesbruts,Salaires bruts,2016,368.5,semi_definitif,0
2013-2017,1997,emplois,comptedexploitation,salairesbruts,Salaires bruts,2017,385.3,provisoire,0
2005-2009,1997,emplois,comptedutilisationdurevenudisponible,depensedeconsommationfinale,Dépense de consommation finale,2005,381.6,definitif,0
2006-2010,1997,emplois,comptedutilisationdurevenudisponible,depensedeconsommationfinale,Dépense de consommation finale,2006,415.5,definitif,0
2007-2011,1997,emplois,comptedutilisationdurevenudisponible,depensedeconsommationfinale,Dépense de consommation finale,2007,441.2,definitif,0
2008-2012,1997,emplois,comptedutilisationdurevenudisponible,depensedeconsommationfinale,Dépense de consommation finale,2008,485.6,definitif,0
2009-2013,1997,emplois,comptedutilisationdurevenudisponible,depensedeconsommationfinale,Dépense de consommation finale,2009,524.1,definitif,0
2010-2014,1997,emplois,comptedutilisationdurevenudisponible,depensedeconsommationfinale,Dépense de consommation finale,2010,553.5,definitif,0
2011-2015,1997,emplois,comptedutilisationdurevenudisponible,depensedeconsommationfinale,Dépense de consommation finale,2011,610.5,definitif,0
2012-2016,1997,emplois,comptedutilisationdurevenudisponible,depensedeconsommationfinale,Dépense de consommation finale,2012,678.3,definitif,0
2013-2017,1997,emplois,comptedutilisationdurevenudisponible,depensedeconsommationfinale,Dépense de consommation finale,2013,714.7,definitif,0
2013-2017,1997,emplois,comptedutilisationdurevenudisponible,depensedeconsommationfinale,Dépense de consommation finale,2014,739.9,definitif,0
2013-2017,1997,emplois,comptedutilisationdurevenudisponible,depensedeconsommationfinale,Dépense de consommation finale,2015,827.5,definitif,0
2013-2017,1997,emplois,comptedutilisationdurevenudisponible,depensedeconsommationfinale,Dépense de consommation finale,2016,899.9,semi_definitif,0
2013-2017,1997,emplois,comptedutilisationdurevenudisponible,depensedeconsommationfinale,Dépense de consommation finale,2017,933.2,provisoire,0
2005-2009,1997,emplois,comptedutilisationdurevenudisponible,epargnebrute,Epargne brute,2005,54.6,definitif,0
2006-2010,1997,emplois,comptedutilisationdurevenudisponible,epargnebrute,Epargne brute,2006,61.6,definitif,0
2007-2011,1997,emplois,comptedutilisationdurevenudisponible,epargnebrute,Epargne brute,2007,89.7,definitif,0
2008-2012,1997,emplois,comptedutilisationdurevenudisponible,epargnebrute,Epargne brute,2008,132.6,definitif,0
2009-2013,1997,emplois,comptedutilisationdurevenudisponible,epargnebrute,Epargne brute,2009,62.2,definitif,0
2010-2014,1997,emplois,comptedutilisationdurevenudisponible,epargnebrute,Epargne brute,2010,85.4,definitif,0
2011-2015,1997,emplois,comptedutilisationdurevenudisponible,epargnebrute,Epargne brute,2011,102.3,definitif,0
2012-2016,1997,emplois,comptedutilisationdurevenudisponible,epargnebrute,Epargne brute,2012,126.0,definitif,0
2013-2017,1997,emplois,comptedutilisationdurevenudisponible,epargnebrute,Epargne brute,2013,174.6,definitif,0
2013-2017,1997,emplois,comptedutilisationdurevenudisponible,epargnebrute,Epargne brute,2014,195.3,definitif,0
2013-2017,1997,emplois,comptedutilisationdurevenudisponible,epargnebrute,Epargne brute,2015,198.5,definitif,0
2013-2017,1997,emplois,comptedutilisationdurevenudisponible,epargnebrute,Epargne brute,2016,172.5,semi_definitif,0
2013-2017,1997,emplois,comptedutilisationdurevenudisponible,epargnebrute,Epargne brute,2017,194.9,provisoire,0
2005-2009,1997,emplois,comptefinancier,actionsetautresparticipations,Actions et autres participations,2005,0.0,definitif,0
2006-2010,1997,emplois,comptefinancier,actionsetautresparticipations,Actions et autres participations,2006,0.0,definitif,0
2007-2011,1997,emplois,comptefinancier,actionsetautresparticipations,Actions et autres participations,2007,0.0,definitif,0
2008-2012,1997,emplois,comptefinancier,actionsetautresparticipations,Actions et autres participations,2008,23.3,definitif,0
2009-2013,1997,emplois,comptefinancier,actionsetautresparticipations,Actions et autres participations,2009,28.4,definitif,0
2005-2009,1997,emplois,comptefinancier,autresinstrumentsfinanciers,Autres instruments financiers,2005,0.5,definitif,0
2006-2010,1997,emplois,comptefinancier,autresinstrumentsfinanciers,Autres instruments financiers,2006,0.5,definitif,0
2007-2011,1997,emplois,comptefinancier,autresinstrumentsfinanciers,Autres instruments financiers,2007,0.6,definitif,0
2008-2012,1997,emplois,comptefinancier,autresinstrumentsfinanciers,Autres instruments financiers,2008,0.6,definitif,0
2009-2013,1997,emplois,comptefinancier,autresinstrumentsfinanciers,Autres instruments financiers,2009,0.6,definitif,0
2010-2014,1997,emplois,comptefinancier,autresinstrumentsfinanciers,Autres instruments financiers,2010,0.6,definitif,0
2007-2011,1997,emplois,comptefinancier,credits,Crédits,2007,0.0,definitif,0
2008-2012,1997,emplois,comptefinancier,credits,Crédits,2008,44.6,definitif,0
2009-2013,1997,emplois,comptefinancier,credits,Crédits,2009,47.1,definitif,0
2005-2009,1997,emplois,comptefinancier,monnaieetdepots,Monnaie et dépôts,2005,0.7,definitif,0
2006-2010,1997,emplois,comptefinancier,monnaieetdepots,Monnaie et dépôts,2006,1.1,definitif,0
2007-2011,1997,emplois,comptefinancier,monnaieetdepots,Monnaie et dépôts,2007,2.2,definitif,0
2008-2012,1997,emplois,comptefinancier,monnaieetdepots,Monnaie et dépôts,2008,1.7,definitif,0
2009-2013,1997,emplois,comptefinancier,monnaieetdepots,Monnaie et dépôts,2009,1.9,definitif,0
2010-2014,1997,emplois,comptefinancier,monnaieetdepots,Monnaie et dépôts,2010,82.3,definitif,0
2011-2015,1997,emplois,comptefinancier,monnaieetdepots,Monnaie et dépôts,2011,213.0,definitif,0
2012-2016,1997,emplois,comptefinancier,monnaieetdepots,Monnaie et dépôts,2012,265.5,definitif,0
2013-2017,1997,emplois,comptefinancier,monnaieetdepots,Monnaie et dépôts,2013,230.1,definitif,0
2013-2017,1997,emplois,comptefinancier,monnaieetdepots,Monnaie et dépôts,2014,-47.5,definitif,0
2013-2017,1997,emplois,comptefinancier,monnaieetdepots,Monnaie et dépôts,2015,-19.7,definitif,0
2013-2017,1997,emplois,comptefinancier,monnaieetdepots,Monnaie et dépôts,2016,33.3,semi_definitif,0
2013-2017,1997,emplois,comptefinancier,monnaieetdepots,Monnaie et dépôts,2017,-59.3,provisoire,0
2005-2009,1997,emplois,comptefinancier,reservestechniquesdassurances,Réserves techniques d'assurances,2005,1.0,definitif,0
2006-2010,1997,emplois,comptefinancier,reservestechniquesdassurances,Réserves techniques d'assurances,2006,1.2,definitif,0
2007-2011,1997,emplois,comptefinancier,reservestechniquesdassurances,Réserves techniques d'assurances,2007,0.4,definitif,0
2008-2012,1997,emplois,comptefinancier,reservestechniquesdassurances,Réserves techniques d'assurances,2008,0.5,definitif,0
2009-2013,1997,emplois,comptefinancier,reservestechniquesdassurances,Réserves techniques d'assurances,2009,0.7,definitif,0
2010-2014,1997,emplois,comptefinancier,reservestechniquesdassurances,Réserves techniques d'assurances,2010,0.5,definitif,0
2011-2015,1997,emplois,comptefinancier,reservestechniquesdassurances,Réserves techniques d'assurances,2011,0.4,definitif,0
2012-2016,1997,emplois,comptefinancier,reservestechniquesdassurances,Réserves techniques d'assurances,2012,0.7,definitif,0
2013-2017,1997,emplois,comptefinancier,reservestechniquesdassurances,Réserves techniques d'assurances,2013,0.2,definitif,0
2013-2017,1997,emplois,comptefinancier,reservestechniquesdassurances,Réserves techniques d'assurances,2014,0.6,definitif,0
2013-2017,1997,emplois,comptefinancier,reservestechniquesdassurances,Réserves techniques d'assurances,2015,0.4,definitif,0
2013-2017,1997,emplois,comptefinancier,reservestechniquesdassurances,Réserves techniques d'assurances,2016,0.4,semi_definitif,0
2013-2017,1997,emplois,comptefinancier,reservestechniquesdassurances,Réserves techniques d'assurances,2017,0.3,provisoire,0
2005-2009,1997,ressources,comptedaffectationdesrevenusprimaires,autresimpotssurlaproduction,Autres Impôts sur la production,2005,67.4,definitif,0
2006-2010,1997,ressources,comptedaffectationdesrevenusprimaires,autresimpotssurlaproduction,Autres Impôts sur la production,2006,70.2,definitif,0
2007-2011,1997,ressources,comptedaffectationdesrevenusprimaires,autresimpotssurlaproduction,Autres Impôts sur la production,2007,88.4,definitif,0
2008-2012,1997,ressources,comptedaffectationdesrevenusprimaires,autresimpotssurlaproduction,Autres Impôts sur la production,2008,91.3,definitif,0
2009-2013,1997,ressources,comptedaffectationdesrevenusprimaires,autresimpotssurlaproduction,Autres Impôts sur la production,2009,96.4,definitif,0
2010-2014,1997,ressources,comptedaffectationdesrevenusprimaires,autresimpotssurlaproduction,Autres Impôts sur la production,2010,115.2,definitif,0
2011-2015,1997,ressources,comptedaffectationdesrevenusprimaires,autresimpotssurlaproduction,Autres Impôts sur la production,2011,95.8,definitif,0
2012-2016,1997,ressources,comptedaffectationdesrevenusprimaires,autresimpotssurlaproduction,Autres Impôts sur la production,2012,141.8,definitif,0
2013-2017,1997,ressources,comptedaffectationdesrevenusprimaires,autresimpotssurlaproduction,Autres Impôts sur la production,2013,158.6,definitif,0
2013-2017,1997,ressources,comptedaffectationdesrevenusprimaires,autresimpotssurlaproduction,Autres Impôts sur la production,2014,187.7,definitif,0
2013-2017,1997,ressources,comptedaffectationdesrevenusprimaires,autresimpotssurlaproduction,Autres Impôts sur la production,2015,229.8,definitif,0
2013-2017,1997,ressources,comptedaffectationdesrevenusprimaires,autresimpotssurlaproduction,Autres Impôts sur la production,2016,242.3,semi_definitif,0
2013-2017,1997,ressources,comptedaffectationdesrevenusprimaires,autresimpotssurlaproduction,Autres Impôts sur la production,2017,267.0,provisoire,0
2005-2009,1997,ressources,comptedaffectationdesrevenusprimaires,autresimpotssurlesproduits,Autres impôts sur les produits,2005,60.1,definitif,0
2006-2010,1997,ressources,comptedaffectationdesrevenusprimaires,autresimpotssurlesproduits,Autres impôts sur les produits,2006,54.3,definitif,0
2007-2011,1997,ressources,comptedaffectationdesrevenusprimaires,autresimpotssurlesproduits,Autres impôts sur les produits,2007,64.1,definitif,0
2008-2012,1997,ressources,comptedaffectationdesrevenusprimaires,autresimpotssurlesproduits,Autres impôts sur les produits,2008,88.0,definitif,0
2009-2013,1997,ressources,comptedaffectationdesrevenusprimaires,autresimpotssurlesproduits,Autres impôts sur les produits,2009,97.9,definitif,0
2010-2014,1997,ressources,comptedaffectationdesrevenusprimaires,autresimpotssurlesproduits,Autres impôts sur les produits,2010,102.4,definitif,0
2011-2015,1997,ressources,comptedaffectationdesrevenusprimaires,autresimpotssurlesproduits,Autres impôts sur les produits,2011,67.1,definitif,0
2012-2016,1997,ressources,comptedaffectationdesrevenusprimaires,autresimpotssurlesproduits,Autres impôts sur les produits,2012,83.8,definitif,0
2013-2017,1997,ressources,comptedaffectationdesrevenusprimaires,autresimpotssurlesproduits,Autres impôts sur les produits,2013,116.7,definitif,0
2013-2017,1997,ressources,comptedaffectationdesrevenusprimaires,autresimpotssurlesproduits,Autres impôts sur les produits,2014,118.8,definitif,0
2013-2017,1997,ressources,comptedaffectationdesrevenusprimaires,autresimpotssurlesproduits,Autres impôts sur les produits,2015,111.3,definitif,0
2013-2017,1997,ressources,comptedaffectationdesrevenusprimaires,autresimpotssurlesproduits,Autres impôts sur les produits,2016,129.7,semi_definitif,0
2013-2017,1997,ressources,comptedaffectationdesrevenusprimaires,autresimpotssurlesproduits,Autres impôts sur les produits,2017,129.2,provisoire,0
2005-2009,1997,ressources,comptedaffectationdesrevenusprimaires,impotssurlaproductionetlesimportations,Impôts sur la production et les importations,2005,127.5,definitif,0
2006-2010,1997,ressources,comptedaffectationdesrevenusprimaires,impotssurlaproductionetlesimportations,Impôts sur la production et les importations,2006,124.5,definitif,0
2007-2011,1997,ressources,comptedaffectationdesrevenusprimaires,impotssurlaproductionetlesimportations,Impôts sur la production et les importations,2007,152.5,definitif,0
2008-2012,1997,ressources,comptedaffectationdesrevenusprimaires,impotssurlaproductionetlesimportations,Impôts sur la production et les importations,2008,179.3,definitif,0
2009-2013,1997,ressources,comptedaffectationdesrevenusprimaires,impotssurlaproductionetlesimportations,Impôts sur la production et les importations,2009,194.3,definitif,0
2010-2014,1997,ressources,comptedaffectationdesrevenusprimaires,impotssurlaproductionetlesimportations,Impôts sur la production et les importations,2010,217.6,definitif,0
2011-2015,1997,ressources,comptedaffectationdesrevenusprimaires,impotssurlaproductionetlesimportations,Impôts sur la production et les importations,2011,162.9,definitif,0
2012-2016,1997,ressources,comptedaffectationdesrevenusprimaires,impotssurlaproductionetlesimportations,Impôts sur la production et les importations,2012,225.6,definitif,0
2013-2017,1997,ressources,comptedaffectationdesrevenusprimaires,impotssurlaproductionetlesimportations,Impôts sur la production et les importations,2013,275.3,definitif,0
2013-2017,1997,ressources,comptedaffectationdesrevenusprimaires,impotssurlaproductionetlesimportations,Impôts sur la production et les importations,2014,306.5,definitif,0
2013-2017,1997,ressources,comptedaffectationdesrevenusprimaires,impotssurlaproductionetlesimportations,Impôts sur la production et les importations,2015,341.1,definitif,0
2013-2017,1997,ressources,comptedaffectationdesrevenusprimaires,impotssurlaproductionetlesimportations,Impôts sur la production et les importations,2016,372.0,semi_definitif,0
2013-2017,1997,ressources,comptedaffectationdesrevenusprimaires,impotssurlaproductionetlesimportations,Impôts sur la production et les importations,2017,396.2,provisoire,0
2005-2009,1997,ressources,comptedaffectationdesrevenusprimaires,loyersnetsdesterresetredevances,Loyers nets des terres et redevances,2005,65.8,definitif,0
2006-2010,1997,ressources,comptedaffectationdesrevenusprimaires,loyersnetsdesterresetredevances,Loyers nets des terres et redevances,2006,70.7,definitif,0
2007-2011,1997,ressources,comptedaffectationdesrevenusprimaires,loyersnetsdesterresetredevances,Loyers nets des terres et redevances,2007,76.7,definitif,0
2008-2012,1997,ressources,comptedaffectationdesrevenusprimaires,loyersnetsdesterresetredevances,Loyers nets des terres et redevances,2008,81.0,definitif,0
2009-2013,1997,ressources,comptedaffectationdesrevenusprimaires,loyersnetsdesterresetredevances,Loyers nets des terres et redevances,2009,75.4,definitif,0
2010-2014,1997,ressources,comptedaffectationdesrevenusprimaires,loyersnetsdesterresetredevances,Loyers nets des terres et redevances,2010,78.2,definitif,0
2011-2015,1997,ressources,comptedaffectationdesrevenusprimaires,loyersnetsdesterresetredevances,Loyers nets des terres et redevances,2011,44.2,definitif,0
2012-2016,1997,ressources,comptedaffectationdesrevenusprimaires,loyersnetsdesterresetredevances,Loyers nets des terres et redevances,2012,54.5,definitif,0
2013-2017,1997,ressources,comptedaffectationdesrevenusprimaires,loyersnetsdesterresetredevances,Loyers nets des terres et redevances,2013,51.0,definitif,0
2013-2017,1997,ressources,comptedaffectationdesrevenusprimaires,loyersnetsdesterresetredevances,Loyers nets des terres et redevances,2014,67.5,definitif,0
2013-2017,1997,ressources,comptedaffectationdesrevenusprimaires,loyersnetsdesterresetredevances,Loyers nets des terres et redevances,2015,85.0,definitif,0
2013-2017,1997,ressources,comptedaffectationdesrevenusprimaires,loyersnetsdesterresetredevances,Loyers nets des terres et redevances,2016,84.3,semi_definitif,0
2013-2017,1997,ressources,comptedaffectationdesrevenusprimaires,loyersnetsdesterresetredevances,Loyers nets des terres et redevances,2017,92.6,provisoire,0
2005-2009,1997,ressources,comptedaffectationdesrevenusprimaires,revenudexploitation,Revenu d'exploitation,2005,115.2,definitif,0
2006-2010,1997,ressources,comptedaffectationdesrevenusprimaires,revenudexploitation,Revenu d'exploitation,2006,126.3,definitif,0
2007-2011,1997,ressources,comptedaffectationdesrevenusprimaires,revenudexploitation,Revenu d'exploitation,2007,137.6,definitif,0
2008-2012,1997,ressources,comptedaffectationdesrevenusprimaires,revenudexploitation,Revenu d'exploitation,2008,148.9,definitif,0
2009-2013,1997,ressources,comptedaffectationdesrevenusprimaires,revenudexploitation,Revenu d'exploitation,2009,159.7,definitif,0
2010-2014,1997,ressources,comptedaffectationdesrevenusprimaires,revenudexploitation,Revenu d'exploitation,2010,173.3,definitif,0
2011-2015,1997,ressources,comptedaffectationdesrevenusprimaires,revenudexploitation,Revenu d'exploitation,2011,188.9,definitif,0
2012-2016,1997,ressources,comptedaffectationdesrevenusprimaires,revenudexploitation,Revenu d'exploitation,2012,205.2,definitif,0
2013-2017,1997,ressources,comptedaffectationdesrevenusprimaires,revenudexploitation,Revenu d'exploitation,2013,222.8,definitif,0
2013-2017,1997,ressources,comptedaffectationdesrevenusprimaires,revenudexploitation,Revenu d'exploitation,2014,234.9,definitif,0
2013-2017,1997,ressources,comptedaffectationdesrevenusprimaires,revenudexploitation,Revenu d'exploitation,2015,248.2,definitif,0
2013-2017,1997,ressources,comptedaffectationdesrevenusprimaires,revenudexploitation,Revenu d'exploitation,2016,252.2,semi_definitif,0
2013-2017,1997,ressources,comptedaffectationdesrevenusprimaires,revenudexploitation,Revenu d'exploitation,2017,262.3,provisoire,0
2005-2009,1997,ressources,comptedaffectationdesrevenusprimaires,revenusdelapropriete,Revenus de la propriété,2005,65.8,definitif,0
2006-2010,1997,ressources,comptedaffectationdesrevenusprimaires,revenusdelapropriete,Revenus de la propriété,2006,70.7,definitif,0
2007-2011,1997,ressources,comptedaffectationdesrevenusprimaires,revenusdelapropriete,Revenus de la propriété,2007,76.7,definitif,0
2008-2012,1997,ressources,comptedaffectationdesrevenusprimaires,revenusdelapropriete,Revenus de la propriété,2008,81.0,definitif,0
2009-2013,1997,ressources,comptedaffectationdesrevenusprimaires,revenusdelapropriete,Revenus de la propriété,2009,75.4,definitif,0
2010-2014,1997,ressources,comptedaffectationdesrevenusprimaires,revenusdelapropriete,Revenus de la propriété,2010,78.2,definitif,0
2011-2015,1997,ressources,comptedaffectationdesrevenusprimaires,revenusdelapropriete,Revenus de la propriété,2011,44.2,definitif,0
2012-2016,1997,ressources,comptedaffectationdesrevenusprimaires,revenusdelapropriete,Revenus de la propriété,2012,54.5,definitif,0
2013-2017,1997,ressources,comptedaffectationdesrevenusprimaires,revenusdelapropriete,Revenus de la propriété,2013,51.0,definitif,0
2013-2017,1997,ressources,comptedaffectationdesrevenusprimaires,revenusdelapropriete,Revenus de la propriété,2014,67.5,definitif,0
2013-2017,1997,ressources,comptedaffectationdesrevenusprimaires,revenusdelapropriete,Revenus de la propriété,2015,85.0,definitif,0
2013-2017,1997,ressources,comptedaffectationdesrevenusprimaires,revenusdelapropriete,Revenus de la propriété,2016,84.3,semi_definitif,0
2013-2017,1997,ressources,comptedaffectationdesrevenusprimaires,revenusdelapropriete,Revenus de la propriété,2017,92.6,provisoire,0
2006-2010,1997,ressources,comptedaffectationdesrevenusprimaires,revenusdistribuesparlesentreprises,Revenus distribués par les entreprises,2006,0.0,definitif,0
2007-2011,1997,ressources,comptedaffectationdesrevenusprimaires,revenusdistribuesparlesentreprises,Revenus distribués par les entreprises,2007,0.0,definitif,0
2013-2017,1997,ressources,comptedaffectationdesrevenusprimaires,subventions,Subventions,2013,0.0,definitif,0
2013-2017,1997,ressources,comptedaffectationdesrevenusprimaires,subventions,Subventions,2014,0.0,definitif,0
2013-2017,1997,ressources,comptedaffectationdesrevenusprimaires,subventions,Subventions,2015,0.0,definitif,0
2013-2017,1997,ressources,comptedaffectationdesrevenusprimaires,subventions,Subventions,2016,0.0,semi_definitif,0
2013-2017,1997,ressources,comptedaffectationdesrevenusprimaires,subventions,Subventions,2017,0.0,provisoire,0
2005-2009,1997,ressources,comptedecapital,autrestransfertsencapital,Autres transferts en capital,2005,123.5,definitif,0
2006-2010,1997,ressources,comptedecapital,autrestransfertsencapital,Autres transferts en capital,2006,112.4,definitif,0
2007-2011,1997,ressources,comptedecapital,autrestransfertsencapital,Autres transferts en capital,2007,109.1,definitif,0
2008-2012,1997,ressources,comptedecapital,autrestransfertsencapital,Autres transferts en capital,2008,126.7,definitif,0
2009-2013,1997,ressources,comptedecapital,autrestransfertsencapital,Autres transferts en capital,2009,147.3,definitif,0
2010-2014,1997,ressources,comptedecapital,autrestransfertsencapital,Autres transferts en capital,2010,162.7,definitif,0
2011-2015,1997,ressources,comptedecapital,autrestransfertsencapital,Autres transferts en capital,2011,336.9,definitif,0
2012-2016,1997,ressources,comptedecapital,autrestransfertsencapital,Autres transferts en capital,2012,430.9,definitif,0
2013-2017,1997,ressources,comptedecapital,autrestransfertsencapital,Autres transferts en capital,2013,410.5,definitif,0
2013-2017,1997,ressources,comptedecapital,autrestransfertsencapital,Autres transferts en capital,2014,235.0,definitif,0
2013-2017,1997,ressources,comptedecapital,autrestransfertsencapital,Autres transferts en capital,2015,255.4,definitif,0
2013-2017,1997,ressources,comptedecapital,autrestransfertsencapital,Autres transferts en capital,2016,403.8,semi_definitif,0
2013-2017,1997,ressources,comptedecapital,autrestransfertsencapital,Autres transferts en capital,2017,307.5,provisoire,0
2005-2009,1997,ressources,comptedecapital,epargnebrute,Epargne brute,2005,54.6,definitif,0
2006-2010,1997,ressources,comptedecapital,epargnebrute,Epargne brute,2006,61.6,definitif,0
2007-2011,1997,ressources,comptedecapital,epargnebrute,Epargne brute,2007,89.7,definitif,0
2008-2012,1997,ressources,comptedecapital,epargnebrute,Epargne brute,2008,132.6,definitif,0
2009-2013,1997,ressources,comptedecapital,epargnebrute,Epargne brute,2009,62.2,definitif,0
2010-2014,1997,ressources,comptedecapital,epargnebrute,Epargne brute,2010,85.4,definitif,0
2011-2015,1997,ressources,comptedecapital,epargnebrute,Epargne brute,2011,102.3,definitif,0
2012-2016,1997,ressources,comptedecapital,epargnebrute,Epargne brute,2012,126.0,definitif,0
2013-2017,1997,ressources,comptedecapital,epargnebrute,Epargne brute,2013,174.6,definitif,0
2013-2017,1997,ressources,comptedecapital,epargnebrute,Epargne brute,2014,195.3,definitif,0
2013-2017,1997,ressources,comptedecapital,epargnebrute,Epargne brute,2015,198.5,definitif,0
2013-2017,1997,ressources,comptedecapital,epargnebrute,Epargne brute,2016,172.5,semi_definitif,0
2013-2017,1997,ressources,comptedecapital,epargnebrute,Epargne brute,2017,194.9,provisoire,0
2005-2009,1997,ressources,comptedecapital,subventionsdinvestissement,Subventions d'investissement,2005,0.0,definitif,0
2006-2010,1997,ressources,comptedecapital,subventionsdinvestissement,Subventions d'investissement,2006,0.0,definitif,0
2007-2011,1997,ressources,comptedecapital,subventionsdinvestissement,Subventions d'investissement,2007,0.0,definitif,0
2005-2009,1997,ressources,comptedecapital,transfertsencapital,Transferts en capital,2005,123.5,definitif,0
2006-2010,1997,ressources,comptedecapital,transfertsencapital,Transferts en capital,2006,112.4,definitif,0
2007-2011,1997,ressources,comptedecapital,transfertsencapital,Transferts en capital,2007,109.1,definitif,0
2008-2012,1997,ressources,comptedecapital,transfertsencapital,Transferts en capital,2008,126.7,definitif,0
2009-2013,1997,ressources,comptedecapital,transfertsencapital,Transferts en capital,2009,147.3,definitif,0
2010-2014,1997,ressources,comptedecapital,transfertsencapital,Transferts en capital,2010,162.7,definitif,0
2011-2015,1997,ressources,comptedecapital,transfertsencapital,Transferts en capital,2011,336.9,definitif,0
2012-2016,1997,ressources,comptedecapital,transfertsencapital,Transferts en capital,2012,430.9,definitif,0
2013-2017,1997,ressources,comptedecapital,transfertsencapital,Transferts en capital,2013,410.5,definitif,0
2013-2017,1997,ressources,comptedecapital,transfertsencapital,Transferts en capital,2014,235.0,definitif,0
2013-2017,1997,ressources,comptedecapital,transfertsencapital,Transferts en capital,2015,255.4,definitif,0
2013-2017,1997,ressources,comptedecapital,transfertsencapital,Transferts en capital,2016,403.8,semi_definitif,0
2013-2017,1997,ressources,comptedecapital,transfertsencapital,Transferts en capital,2017,307.5,provisoire,0
2005-2009,1997,ressources,comptededistributionsecondairedurevenu,autrestransfertscourants,Autres transferts courants,2005,183.1,definitif,0
2006-2010,1997,ressources,comptededistributionsecondairedurevenu,autrestransfertscourants,Autres transferts courants,2006,161.0,definitif,0
2007-2011,1997,ressources,comptededistributionsecondairedurevenu,autrestransfertscourants,Autres transferts courants,2007,187.8,definitif,0
2008-2012,1997,ressources,comptededistributionsecondairedurevenu,autrestransfertscourants,Autres transferts courants,2008,211.4,definitif,0
2009-2013,1997,ressources,comptededistributionsecondairedurevenu,autrestransfertscourants,Autres transferts courants,2009,157.4,definitif,0
2010-2014,1997,ressources,comptededistributionsecondairedurevenu,autrestransfertscourants,Autres transferts courants,2010,168.4,definitif,0
2011-2015,1997,ressources,comptededistributionsecondairedurevenu,autrestransfertscourants,Autres transferts courants,2011,347.7,definitif,0
2012-2016,1997,ressources,comptededistributionsecondairedurevenu,autrestransfertscourants,Autres transferts courants,2012,343.8,definitif,0
2013-2017,1997,ressources,comptededistributionsecondairedurevenu,autrestransfertscourants,Autres transferts courants,2013,344.3,definitif,0
2013-2017,1997,ressources,comptededistributionsecondairedurevenu,autrestransfertscourants,Autres transferts courants,2014,327.3,definitif,0
2013-2017,1997,ressources,comptededistributionsecondairedurevenu,autrestransfertscourants,Autres transferts courants,2015,350.7,definitif,0
2013-2017,1997,ressources,comptededistributionsecondairedurevenu,autrestransfertscourants,Autres transferts courants,2016,370.7,semi_definitif,0
2013-2017,1997,ressources,comptededistributionsecondairedurevenu,autrestransfertscourants,Autres transferts courants,2017,384.0,provisoire,0
2005-2009,1997,ressources,comptededistributionsecondairedurevenu,autrestransfertscourantsdivers,Autres transferts courants divers,2005,33.9,definitif,0
2006-2010,1997,ressources,comptededistributionsecondairedurevenu,autrestransfertscourantsdivers,Autres transferts courants divers,2006,16.9,definitif,0
2007-2011,1997,ressources,comptededistributionsecondairedurevenu,autrestransfertscourantsdivers,Autres transferts courants divers,2007,46.2,definitif,0
2008-2012,1997,ressources,comptededistributionsecondairedurevenu,autrestransfertscourantsdivers,Autres transferts courants divers,2008,58.8,definitif,0
2009-2013,1997,ressources,comptededistributionsecondairedurevenu,autrestransfertscourantsdivers,Autres transferts courants divers,2009,4.9,definitif,0
2010-2014,1997,ressources,comptededistributionsecondairedurevenu,autrestransfertscourantsdivers,Autres transferts courants divers,2010,0.2,definitif,0
2011-2015,1997,ressources,comptededistributionsecondairedurevenu,autrestransfertscourantsdivers,Autres transferts courants divers,2011,160.8,definitif,0
2012-2016,1997,ressources,comptededistributionsecondairedurevenu,autrestransfertscourantsdivers,Autres transferts courants divers,2012,11.8,definitif,0
2013-2017,1997,ressources,comptededistributionsecondairedurevenu,autrestransfertscourantsdivers,Autres transferts courants divers,2013,16.1,definitif,0
2013-2017,1997,ressources,comptededistributionsecondairedurevenu,autrestransfertscourantsdivers,Autres transferts courants divers,2014,28.7,definitif,0
2013-2017,1997,ressources,comptededistributionsecondairedurevenu,autrestransfertscourantsdivers,Autres transferts courants divers,2015,11.9,definitif,0
2013-2017,1997,ressources,comptededistributionsecondairedurevenu,autrestransfertscourantsdivers,Autres transferts courants divers,2016,18.3,semi_definitif,0
2013-2017,1997,ressources,comptededistributionsecondairedurevenu,autrestransfertscourantsdivers,Autres transferts courants divers,2017,22.1,provisoire,0
2005-2009,1997,ressources,comptededistributionsecondairedurevenu,cotisationssociales,Cotisations sociales,2005,5.4,definitif,0
2006-2010,1997,ressources,comptededistributionsecondairedurevenu,cotisationssociales,Cotisations sociales,2006,6.0,definitif,0
2007-2011,1997,ressources,comptededistributionsecondairedurevenu,cotisationssociales,Cotisations sociales,2007,6.4,definitif,0
2008-2012,1997,ressources,comptededistributionsecondairedurevenu,cotisationssociales,Cotisations sociales,2008,6.7,definitif,0
2009-2013,1997,ressources,comptededistributionsecondairedurevenu,cotisationssociales,Cotisations sociales,2009,5.9,definitif,0
2010-2014,1997,ressources,comptededistributionsecondairedurevenu,cotisationssociales,Cotisations sociales,2010,6.2,definitif,0
2011-2015,1997,ressources,comptededistributionsecondairedurevenu,cotisationssociales,Cotisations sociales,2011,7.4,definitif,0
2012-2016,1997,ressources,comptededistributionsecondairedurevenu,cotisationssociales,Cotisations sociales,2012,8.3,definitif,0
2013-2017,1997,ressources,comptededistributionsecondairedurevenu,cotisationssociales,Cotisations sociales,2013,8.4,definitif,0
2013-2017,1997,ressources,comptededistributionsecondairedurevenu,cotisationssociales,Cotisations sociales,2014,8.5,definitif,0
2013-2017,1997,ressources,comptededistributionsecondairedurevenu,cotisationssociales,Cotisations sociales,2015,9.9,definitif,0
2013-2017,1997,ressources,comptededistributionsecondairedurevenu,cotisationssociales,Cotisations sociales,2016,11.2,semi_definitif,0
2013-2017,1997,ressources,comptededistributionsecondairedurevenu,cotisationssociales,Cotisations sociales,2017,11.8,provisoire,0
2005-2009,1997,ressources,comptededistributionsecondairedurevenu,impotscourantssurlesrevenusetlepatrimoine,Impôts courants sur les revenus et le patrimoine,2005,36.8,definitif,0
2006-2010,1997,ressources,comptededistributionsecondairedurevenu,impotscourantssurlesrevenusetlepatrimoine,Impôts courants sur les revenus et le patrimoine,2006,67.0,definitif,0
2007-2011,1997,ressources,comptededistributionsecondairedurevenu,impotscourantssurlesrevenusetlepatrimoine,Impôts courants sur les revenus et le patrimoine,2007,36.9,definitif,0
2008-2012,1997,ressources,comptededistributionsecondairedurevenu,impotscourantssurlesrevenusetlepatrimoine,Impôts courants sur les revenus et le patrimoine,2008,44.0,definitif,0
2009-2013,1997,ressources,comptededistributionsecondairedurevenu,impotscourantssurlesrevenusetlepatrimoine,Impôts courants sur les revenus et le patrimoine,2009,48.1,definitif,0
2010-2014,1997,ressources,comptededistributionsecondairedurevenu,impotscourantssurlesrevenusetlepatrimoine,Impôts courants sur les revenus et le patrimoine,2010,54.8,definitif,0
2011-2015,1997,ressources,comptededistributionsecondairedurevenu,impotscourantssurlesrevenusetlepatrimoine,Impôts courants sur les revenus et le patrimoine,2011,31.9,definitif,0
2012-2016,1997,ressources,comptededistributionsecondairedurevenu,impotscourantssurlesrevenusetlepatrimoine,Impôts courants sur les revenus et le patrimoine,2012,44.5,definitif,0
2013-2017,1997,ressources,comptededistributionsecondairedurevenu,impotscourantssurlesrevenusetlepatrimoine,Impôts courants sur les revenus et le patrimoine,2013,48.8,definitif,0
2013-2017,1997,ressources,comptededistributionsecondairedurevenu,impotscourantssurlesrevenusetlepatrimoine,Impôts courants sur les revenus et le patrimoine,2014,55.3,definitif,0
2013-2017,1997,ressources,comptededistributionsecondairedurevenu,impotscourantssurlesrevenusetlepatrimoine,Impôts courants sur les revenus et le patrimoine,2015,62.2,definitif,0
2013-2017,1997,ressources,comptededistributionsecondairedurevenu,impotscourantssurlesrevenusetlepatrimoine,Impôts courants sur les revenus et le patrimoine,2016,67.2,semi_definitif,0
2013-2017,1997,ressources,comptededistributionsecondairedurevenu,impotscourantssurlesrevenusetlepatrimoine,Impôts courants sur les revenus et le patrimoine,2017,70.3,provisoire,0
2005-2009,1997,ressources,comptededistributionsecondairedurevenu,indemnitesdassurancedommages,Indemnités d'assurance-dommages,2005,0.0,definitif,0
2006-2010,1997,ressources,comptededistributionsecondairedurevenu,indemnitesdassurancedommages,Indemnités d'assurance-dommages,2006,0.0,definitif,0
2007-2011,1997,ressources,comptededistributionsecondairedurevenu,indemnitesdassurancedommages,Indemnités d'assurance-dommages,2007,0.0,definitif,0
2005-2009,1997,ressources,comptededistributionsecondairedurevenu,soldedesrevenusprimairesrevenunational,Solde des revenus primaires / Revenu national,2005,285.7,definitif,0
2006-2010,1997,ressources,comptededistributionsecondairedurevenu,soldedesrevenusprimairesrevenunational,Solde des revenus primaires / Revenu national,2006,295.1,definitif,0
2007-2011,1997,ressources,comptededistributionsecondairedurevenu,soldedesrevenusprimairesrevenunational,Solde des revenus primaires / Revenu national,2007,338.8,definitif,0
2008-2012,1997,ressources,comptededistributionsecondairedurevenu,soldedesrevenusprimairesrevenunational,Solde des revenus primaires / Revenu national,2008,382.5,definitif,0
2009-2013,1997,ressources,comptededistributionsecondairedurevenu,soldedesrevenusprimairesrevenunational,Solde des revenus primaires / Revenu national,2009,406.0,definitif,0
2010-2014,1997,ressources,comptededistributionsecondairedurevenu,soldedesrevenusprimairesrevenunational,Solde des revenus primaires / Revenu national,2010,442.9,definitif,0
2011-2015,1997,ressources,comptededistributionsecondairedurevenu,soldedesrevenusprimairesrevenunational,Solde des revenus primaires / Revenu national,2011,365.6,definitif,0
2012-2016,1997,ressources,comptededistributionsecondairedurevenu,soldedesrevenusprimairesrevenunational,Solde des revenus primaires / Revenu national,2012,455.8,definitif,0
2013-2017,1997,ressources,comptededistributionsecondairedurevenu,soldedesrevenusprimairesrevenunational,Solde des revenus primaires / Revenu national,2013,522.8,definitif,0
2013-2017,1997,ressources,comptededistributionsecondairedurevenu,soldedesrevenusprimairesrevenunational,Solde des revenus primaires / Revenu national,2014,582.2,definitif,0
2013-2017,1997,ressources,comptededistributionsecondairedurevenu,soldedesrevenusprimairesrevenunational,Solde des revenus primaires / Revenu national,2015,648.0,definitif,0
2013-2017,1997,ressources,comptededistributionsecondairedurevenu,soldedesrevenusprimairesrevenunational,Solde des revenus primaires / Revenu national,2016,681.1,semi_definitif,0
2013-2017,1997,ressources,comptededistributionsecondairedurevenu,soldedesrevenusprimairesrevenunational,Solde des revenus primaires / Revenu national,2017,724.8,provisoire,0
2005-2009,1997,ressources,comptededistributionsecondairedurevenu,transfertscourantsentreadminipubliques,Transferts courants entre admini. publiques,2005,149.2,definitif,0
2006-2010,1997,ressources,comptededistributionsecondairedurevenu,transfertscourantsentreadminipubliques,Transferts courants entre admini. publiques,2006,144.1,definitif,0
2007-2011,1997,ressources,comptededistributionsecondairedurevenu,transfertscourantsentreadminipubliques,Transferts courants entre admini. publiques,2007,141.6,definitif,0
2008-2012,1997,ressources,comptededistributionsecondairedurevenu,transfertscourantsentreadminipubliques,Transferts courants entre admini. publiques,2008,152.6,definitif,0
2009-2013,1997,ressources,comptededistributionsecondairedurevenu,transfertscourantsentreadminipubliques,Transferts courants entre admini. publiques,2009,152.5,definitif,0
2010-2014,1997,ressources,comptededistributionsecondairedurevenu,transfertscourantsentreadminipubliques,Transferts courants entre admini. publiques,2010,168.2,definitif,0
2011-2015,1997,ressources,comptededistributionsecondairedurevenu,transfertscourantsentreadminipubliques,Transferts courants entre admini. publiques,2011,186.9,definitif,0
2012-2016,1997,ressources,comptededistributionsecondairedurevenu,transfertscourantsentreadminipubliques,Transferts courants entre admini. publiques,2012,332.0,definitif,0
2013-2017,1997,ressources,comptededistributionsecondairedurevenu,transfertscourantsentreadminipubliques,Transferts courants entre admini. publiques,2013,328.2,definitif,0
2013-2017,1997,ressources,comptededistributionsecondairedurevenu,transfertscourantsentreadminipubliques,Transferts courants entre admini. publiques,2014,298.6,definitif,0
2013-2017,1997,ressources,comptededistributionsecondairedurevenu,transfertscourantsentreadminipubliques,Transferts courants entre admini. publiques,2015,338.8,definitif,0
2013-2017,1997,ressources,comptededistributionsecondairedurevenu,transfertscourantsentreadminipubliques,Transferts courants entre admini. publiques,2016,352.4,semi_definitif,0
2013-2017,1997,ressources,comptededistributionsecondairedurevenu,transfertscourantsentreadminipubliques,Transferts courants entre admini. publiques,2017,361.9,provisoire,0
2005-2009,1997,ressources,comptedeproduction,productiondesbiensetservices,Production des biens et services,2005,404.3,definitif,0
2006-2010,1997,ressources,comptedeproduction,productiondesbiensetservices,Production des biens et services,2006,438.2,definitif,0
2007-2011,1997,ressources,comptedeproduction,productiondesbiensetservices,Production des biens et services,2007,466.9,definitif,0
2008-2012,1997,ressources,comptedeproduction,productiondesbiensetservices,Production des biens et services,2008,511.0,definitif,0
2009-2013,1997,ressources,comptedeproduction,productiondesbiensetservices,Production des biens et services,2009,549.7,definitif,0
2010-2014,1997,ressources,comptedeproduction,productiondesbiensetservices,Production des biens et services,2010,584.9,definitif,0
2011-2015,1997,ressources,comptedeproduction,productiondesbiensetservices,Production des biens et services,2011,634.8,definitif,0
2012-2016,1997,ressources,comptedeproduction,productiondesbiensetservices,Production des biens et services,2012,703.5,definitif,0
2013-2017,1997,ressources,comptedeproduction,productiondesbiensetservices,Production des biens et services,2013,744.3,definitif,0
2013-2017,1997,ressources,comptedeproduction,productiondesbiensetservices,Production des biens et services,2014,772.4,definitif,0
2013-2017,1997,ressources,comptedeproduction,productiondesbiensetservices,Production des biens et services,2015,860.9,definitif,0
2013-2017,1997,ressources,comptedeproduction,productiondesbiensetservices,Production des biens et services,2016,935.1,semi_definitif,0
2013-2017,1997,ressources,comptedeproduction,productiondesbiensetservices,Production des biens et services,2017,977.6,provisoire,0
2005-2009,1997,ressources,comptedeproduction,productiondesbiensetservicesmarchands,Production des biens et services marchands,2005,19.5,definitif,0
2006-2010,1997,ressources,comptedeproduction,productiondesbiensetservicesmarchands,Production des biens et services marchands,2006,19.5,definitif,0
2007-2011,1997,ressources,comptedeproduction,productiondesbiensetservicesmarchands,Production des biens et services marchands,2007,22.3,definitif,0
2008-2012,1997,ressources,comptedeproduction,productiondesbiensetservicesmarchands,Production des biens et services marchands,2008,21.9,definitif,0
2009-2013,1997,ressources,comptedeproduction,productiondesbiensetservicesmarchands,Production des biens et services marchands,2009,22.0,definitif,0
2010-2014,1997,ressources,comptedeproduction,productiondesbiensetservicesmarchands,Production des biens et services marchands,2010,27.7,definitif,0
2011-2015,1997,ressources,comptedeproduction,productiondesbiensetservicesmarchands,Production des biens et services marchands,2011,20.6,definitif,0
2012-2016,1997,ressources,comptedeproduction,productiondesbiensetservicesmarchands,Production des biens et services marchands,2012,21.3,definitif,0
2013-2017,1997,ressources,comptedeproduction,productiondesbiensetservicesmarchands,Production des biens et services marchands,2013,25.5,definitif,0
2013-2017,1997,ressources,comptedeproduction,productiondesbiensetservicesmarchands,Production des biens et services marchands,2014,28.9,definitif,0
2013-2017,1997,ressources,comptedeproduction,productiondesbiensetservicesmarchands,Production des biens et services marchands,2015,30.8,definitif,0
2013-2017,1997,ressources,comptedeproduction,productiondesbiensetservicesmarchands,Production des biens et services marchands,2016,31.4,semi_definitif,0
2013-2017,1997,ressources,comptedeproduction,productiondesbiensetservicesmarchands,Production des biens et services marchands,2017,40.5,provisoire,0
2005-2009,1997,ressources,comptedeproduction,productiondesservicesnonmarchands,Production des services non marchands,2005,384.8,definitif,0
2006-2010,1997,ressources,comptedeproduction,productiondesservicesnonmarchands,Production des services non marchands,2006,418.7,definitif,0
2007-2011,1997,ressources,comptedeproduction,productiondesservicesnonmarchands,Production des services non marchands,2007,444.6,definitif,0
2008-2012,1997,ressources,comptedeproduction,productiondesservicesnonmarchands,Production des services non marchands,2008,489.1,definitif,0
2009-2013,1997,ressources,comptedeproduction,productiondesservicesnonmarchands,Production des services non marchands,2009,527.7,definitif,0
2010-2014,1997,ressources,comptedeproduction,productiondesservicesnonmarchands,Production des services non marchands,2010,557.2,definitif,0
2011-2015,1997,ressources,comptedeproduction,productiondesservicesnonmarchands,Production des services non marchands,2011,614.2,definitif,0
2012-2016,1997,ressources,comptedeproduction,productiondesservicesnonmarchands,Production des services non marchands,2012,682.2,definitif,0
2013-2017,1997,ressources,comptedeproduction,productiondesservicesnonmarchands,Production des services non marchands,2013,718.8,definitif,0
2013-2017,1997,ressources,comptedeproduction,productiondesservicesnonmarchands,Production des services non marchands,2014,743.5,definitif,0
2013-2017,1997,ressources,comptedeproduction,productiondesservicesnonmarchands,Production des services non marchands,2015,830.1,definitif,0
2013-2017,1997,ressources,comptedeproduction,productiondesservicesnonmarchands,Production des services non marchands,2016,903.7,semi_definitif,0
2013-2017,1997,ressources,comptedeproduction,productiondesservicesnonmarchands,Production des services non marchands,2017,937.1,provisoire,0
2005-2009,1997,ressources,comptedexploitation,valeurajouteebrute,Valeur ajoutée brute,2005,295.4,definitif,0
2006-2010,1997,ressources,comptedexploitation,valeurajouteebrute,Valeur ajoutée brute,2006,320.0,definitif,0
2007-2011,1997,ressources,comptedexploitation,valeurajouteebrute,Valeur ajoutée brute,2007,342.2,definitif,0
2008-2012,1997,ressources,comptedexploitation,valeurajouteebrute,Valeur ajoutée brute,2008,364.8,definitif,0
2009-2013,1997,ressources,comptedexploitation,valeurajouteebrute,Valeur ajoutée brute,2009,396.5,definitif,0
2010-2014,1997,ressources,comptedexploitation,valeurajouteebrute,Valeur ajoutée brute,2010,422.6,definitif,0
2011-2015,1997,ressources,comptedexploitation,valeurajouteebrute,Valeur ajoutée brute,2011,483.3,definitif,0
2012-2016,1997,ressources,comptedexploitation,valeurajouteebrute,Valeur ajoutée brute,2012,539.0,definitif,0
2013-2017,1997,ressources,comptedexploitation,valeurajouteebrute,Valeur ajoutée brute,2013,560.5,definitif,0
2013-2017,1997,ressources,comptedexploitation,valeurajouteebrute,Valeur ajoutée brute,2014,576.2,definitif,0
2013-2017,1997,ressources,comptedexploitation,valeurajouteebrute,Valeur ajoutée brute,2015,643.1,definitif,0
2013-2017,1997,ressources,comptedexploitation,valeurajouteebrute,Valeur ajoutée brute,2016,701.8,semi_definitif,0
2013-2017,1997,ressources,comptedexploitation,valeurajouteebrute,Valeur ajoutée brute,2017,732.3,provisoire,0
2005-2009,1997,ressources,comptedutilisationdurevenudisponible,revenudisponiblebrut,Revenu disponible brut,2005,436.2,definitif,0
2006-2010,1997,ressources,comptedutilisationdurevenudisponible,revenudisponiblebrut,Revenu disponible brut,2006,477.1,definitif,0
2007-2011,1997,ressources,comptedutilisationdurevenudisponible,revenudisponiblebrut,Revenu disponible brut,2007,530.9,definitif,0
2008-2012,1997,ressources,comptedutilisationdurevenudisponible,revenudisponiblebrut,Revenu disponible brut,2008,618.2,definitif,0
2009-2013,1997,ressources,comptedutilisationdurevenudisponible,revenudisponiblebrut,Revenu disponible brut,2009,586.3,definitif,0
2010-2014,1997,ressources,comptedutilisationdurevenudisponible,revenudisponiblebrut,Revenu disponible brut,2010,638.9,definitif,0
2011-2015,1997,ressources,comptedutilisationdurevenudisponible,revenudisponiblebrut,Revenu disponible brut,2011,712.8,definitif,0
2012-2016,1997,ressources,comptedutilisationdurevenudisponible,revenudisponiblebrut,Revenu disponible brut,2012,804.3,definitif,0
2013-2017,1997,ressources,comptedutilisationdurevenudisponible,revenudisponiblebrut,Revenu disponible brut,2013,889.3,definitif,0
2013-2017,1997,ressources,comptedutilisationdurevenudisponible,revenudisponiblebrut,Revenu disponible brut,2014,935.2,definitif,0
2013-2017,1997,ressources,comptedutilisationdurevenudisponible,revenudisponiblebrut,Revenu disponible brut,2015,1026.0,definitif,0
2013-2017,1997,ressources,comptedutilisationdurevenudisponible,revenudisponiblebrut,Revenu disponible brut,2016,1072.5,semi_definitif,0
2013-2017,1997,ressources,comptedutilisationdurevenudisponible,revenudisponiblebrut,Revenu disponible brut,2017,1128.1,provisoire,0
2005-2009,1997,ressources,comptefinancier,autresinstrumentsfinanciers,Autres instruments financiers,2005,-1.1,definitif,0
2006-2010,1997,ressources,comptefinancier,autresinstrumentsfinanciers,Autres instruments financiers,2006,-5.7,definitif,0
2007-2011,1997,ressources,comptefinancier,autresinstrumentsfinanciers,Autres instruments financiers,2007,-50.3,definitif,0
2008-2012,1997,ressources,comptefinancier,autresinstrumentsfinanciers,Autres instruments financiers,2008,-94.0,definitif,0
2009-2013,1997,ressources,comptefinancier,autresinstrumentsfinanciers,Autres instruments financiers,2009,18.4,definitif,0
2010-2014,1997,ressources,comptefinancier,autresinstrumentsfinanciers,Autres instruments financiers,2010,39.2,definitif,0
2011-2015,1997,ressources,comptefinancier,autresinstrumentsfinanciers,Autres instruments financiers,2011,0.8,definitif,0
2012-2016,1997,ressources,comptefinancier,autresinstrumentsfinanciers,Autres instruments financiers,2012,1.4,definitif,0
2013-2017,1997,ressources,comptefinancier,autresinstrumentsfinanciers,Autres instruments financiers,2013,0.4,definitif,0
2013-2017,1997,ressources,comptefinancier,autresinstrumentsfinanciers,Autres instruments financiers,2014,1.3,definitif,0
2013-2017,1997,ressources,comptefinancier,autresinstrumentsfinanciers,Autres instruments financiers,2015,0.8,definitif,0
2013-2017,1997,ressources,comptefinancier,autresinstrumentsfinanciers,Autres instruments financiers,2016,0.8,semi_definitif,0
2013-2017,1997,ressources,comptefinancier,autresinstrumentsfinanciers,Autres instruments financiers,2017,0.7,provisoire,0
2005-2009,1997,ressources,comptefinancier,credits,Crédits,2005,-4.9,definitif,0
2006-2010,1997,ressources,comptefinancier,credits,Crédits,2006,-4.9,definitif,0
2007-2011,1997,ressources,comptefinancier,credits,Crédits,2007,-1.1,definitif,0
2008-2012,1997,ressources,comptefinancier,credits,Crédits,2008,26.5,definitif,0
2009-2013,1997,ressources,comptefinancier,credits,Crédits,2009,51.8,definitif,0
2010-2014,1997,ressources,comptefinancier,credits,Crédits,2010,-1.6,definitif,0
2011-2015,1997,ressources,comptefinancier,credits,Crédits,2011,22.0,definitif,0
2012-2016,1997,ressources,comptefinancier,credits,Crédits,2012,-44.1,definitif,0
2013-2017,1997,ressources,comptefinancier,credits,Crédits,2013,-30.5,definitif,0
2013-2017,1997,ressources,comptefinancier,credits,Crédits,2014,-3.1,definitif,0
2013-2017,1997,ressources,comptefinancier,credits,Crédits,2015,-12.2,definitif,0
2013-2017,1997,ressources,comptefinancier,credits,Crédits,2016,-26.3,semi_definitif,0
2013-2017,1997,ressources,comptefinancier,credits,Crédits,2017,-22.6,provisoire,0
2005-2009,1997,ressources,comptefinancier,soldedescreancesetdettes,Solde des créances et dettes,2005,8.3,definitif,0
2006-2010,1997,ressources,comptefinancier,soldedescreancesetdettes,Solde des créances et dettes,2006,13.4,definitif,0
2007-2011,1997,ressources,comptefinancier,soldedescreancesetdettes,Solde des créances et dettes,2007,54.6,definitif,0
2008-2012,1997,ressources,comptefinancier,soldedescreancesetdettes,Solde des créances et dettes,2008,138.1,definitif,0
2009-2013,1997,ressources,comptefinancier,soldedescreancesetdettes,Solde des créances et dettes,2009,8.5,definitif,0
2010-2014,1997,ressources,comptefinancier,soldedescreancesetdettes,Solde des créances et dettes,2010,45.7,definitif,0
2011-2015,1997,ressources,comptefinancier,soldedescreancesetdettes,Solde des créances et dettes,2011,190.6,definitif,0
2012-2016,1997,ressources,comptefinancier,soldedescreancesetdettes,Solde des créances et dettes,2012,308.9,definitif,0
2013-2017,1997,ressources,comptefinancier,soldedescreancesetdettes,Solde des créances et dettes,2013,260.4,definitif,0
2013-2017,1997,ressources,comptefinancier,soldedescreancesetdettes,Solde des créances et dettes,2014,-45.0,definitif,0
2013-2017,1997,ressources,comptefinancier,soldedescreancesetdettes,Solde des créances et dettes,2015,-7.9,definitif,0
2013-2017,1997,ressources,comptefinancier,soldedescreancesetdettes,Solde des créances et dettes,2016,59.2,semi_definitif,0
2013-2017,1997,ressources,comptefinancier,soldedescreancesetdettes,Solde des créances et dettes,2017,-37.0,provisoire,0
2015-2020-base-2015,2015,emplois,comptedaffectationdesrevenusprimaires,correctionsifim,Correction SIFIM,2015,-0.4,definitif,0
2015-2020-base-2015,2015,emplois,comptedaffectationdesrevenusprimaires,correctionsifim,Correction SIFIM,2016,-0.3,definitif,0
2017-2021,2015,emplois,comptedaffectationdesrevenusprimaires,correctionsifim,Correction SIFIM,2017,-0.3,definitif,0
2018-2022,2015,emplois,comptedaffectationdesrevenusprimaires,correctionsifim,Correction SIFIM,2018,-0.3,definitif,0
2019-2023,2015,emplois,comptedaffectationdesrevenusprimaires,correctionsifim,Correction SIFIM,2019,-0.4,definitif,0
2020-2024,2015,emplois,comptedaffectationdesrevenusprimaires,correctionsifim,Correction SIFIM,2020,-0.5,definitif,0
2021-2025,2015,emplois,comptedaffectationdesrevenusprimaires,correctionsifim,Correction SIFIM,2021,-0.4,definitif,0
2021-2025,2015,emplois,comptedaffectationdesrevenusprimaires,correctionsifim,Correction SIFIM,2022,-0.4,definitif,0
2021-2025,2015,emplois,comptedaffectationdesrevenusprimaires,correctionsifim,Correction SIFIM,2023,-0.6,definitif,0
2021-2025,2015,emplois,comptedaffectationdesrevenusprimaires,correctionsifim,Correction SIFIM,2024,-0.5,semi_definitif,0
2021-2025,2015,emplois,comptedaffectationdesrevenusprimaires,correctionsifim,Correction SIFIM,2025,-0.5,provisoire,0
2015-2020-base-2015,2015,emplois,comptedaffectationdesrevenusprimaires,interets,Intérêts,2015,26.9,definitif,0
2015-2020-base-2015,2015,emplois,comptedaffectationdesrevenusprimaires,interets,Intérêts,2016,28.0,definitif,0
2017-2021,2015,emplois,comptedaffectationdesrevenusprimaires,interets,Intérêts,2017,27.1,definitif,0
2018-2022,2015,emplois,comptedaffectationdesrevenusprimaires,interets,Intérêts,2018,26.3,definitif,0
2019-2023,2015,emplois,comptedaffectationdesrevenusprimaires,interets,Intérêts,2019,27.5,definitif,0
2020-2024,2015,emplois,comptedaffectationdesrevenusprimaires,interets,Intérêts,2020,22.4,definitif,0
2021-2025,2015,emplois,comptedaffectationdesrevenusprimaires,interets,Intérêts,2021,29.7,definitif,0
2021-2025,2015,emplois,comptedaffectationdesrevenusprimaires,interets,Intérêts,2022,29.5,definitif,0
2021-2025,2015,emplois,comptedaffectationdesrevenusprimaires,interets,Intérêts,2023,30.8,definitif,0
2021-2025,2015,emplois,comptedaffectationdesrevenusprimaires,interets,Intérêts,2024,28.9,semi_definitif,0
2021-2025,2015,emplois,comptedaffectationdesrevenusprimaires,interets,Intérêts,2025,27.5,provisoire,0
2015-2020-base-2015,2015,emplois,comptedaffectationdesrevenusprimaires,revenusdelapropriete,Revenus de la propriété,2015,26.5,definitif,0
2015-2020-base-2015,2015,emplois,comptedaffectationdesrevenusprimaires,revenusdelapropriete,Revenus de la propriété,2016,27.7,definitif,0
2017-2021,2015,emplois,comptedaffectationdesrevenusprimaires,revenusdelapropriete,Revenus de la propriété,2017,26.8,definitif,0
2018-2022,2015,emplois,comptedaffectationdesrevenusprimaires,revenusdelapropriete,Revenus de la propriété,2018,26.0,definitif,0
2019-2023,2015,emplois,comptedaffectationdesrevenusprimaires,revenusdelapropriete,Revenus de la propriété,2019,27.1,definitif,0
2020-2024,2015,emplois,comptedaffectationdesrevenusprimaires,revenusdelapropriete,Revenus de la propriété,2020,21.9,definitif,0
2021-2025,2015,emplois,comptedaffectationdesrevenusprimaires,revenusdelapropriete,Revenus de la propriété,2021,29.3,definitif,0
2021-2025,2015,emplois,comptedaffectationdesrevenusprimaires,revenusdelapropriete,Revenus de la propriété,2022,29.1,definitif,0
2021-2025,2015,emplois,comptedaffectationdesrevenusprimaires,revenusdelapropriete,Revenus de la propriété,2023,30.2,definitif,0
2021-2025,2015,emplois,comptedaffectationdesrevenusprimaires,revenusdelapropriete,Revenus de la propriété,2024,28.4,semi_definitif,0
2021-2025,2015,emplois,comptedaffectationdesrevenusprimaires,revenusdelapropriete,Revenus de la propriété,2025,27.0,provisoire,0
2015-2020-base-2015,2015,emplois,comptedaffectationdesrevenusprimaires,soldedesrevenusprimairesrevenunational,Solde des revenus primaires / Revenu national,2015,808.4,definitif,0
2015-2020-base-2015,2015,emplois,comptedaffectationdesrevenusprimaires,soldedesrevenusprimairesrevenunational,Solde des revenus primaires / Revenu national,2016,680.8,definitif,0
2017-2021,2015,emplois,comptedaffectationdesrevenusprimaires,soldedesrevenusprimairesrevenunational,Solde des revenus primaires / Revenu national,2017,724.3,definitif,0
2018-2022,2015,emplois,comptedaffectationdesrevenusprimaires,soldedesrevenusprimairesrevenunational,Solde des revenus primaires / Revenu national,2018,803.1,definitif,0
2019-2023,2015,emplois,comptedaffectationdesrevenusprimaires,soldedesrevenusprimairesrevenunational,Solde des revenus primaires / Revenu national,2019,846.7,definitif,0
2020-2024,2015,emplois,comptedaffectationdesrevenusprimaires,soldedesrevenusprimairesrevenunational,Solde des revenus primaires / Revenu national,2020,794.8,definitif,0
2021-2025,2015,emplois,comptedaffectationdesrevenusprimaires,soldedesrevenusprimairesrevenunational,Solde des revenus primaires / Revenu national,2021,846.0,definitif,0
2021-2025,2015,emplois,comptedaffectationdesrevenusprimaires,soldedesrevenusprimairesrevenunational,Solde des revenus primaires / Revenu national,2022,910.1,definitif,0
2021-2025,2015,emplois,comptedaffectationdesrevenusprimaires,soldedesrevenusprimairesrevenunational,Solde des revenus primaires / Revenu national,2023,938.1,definitif,0
2021-2025,2015,emplois,comptedaffectationdesrevenusprimaires,soldedesrevenusprimairesrevenunational,Solde des revenus primaires / Revenu national,2024,1108.2,semi_definitif,0
2021-2025,2015,emplois,comptedaffectationdesrevenusprimaires,soldedesrevenusprimairesrevenunational,Solde des revenus primaires / Revenu national,2025,1232.8,provisoire,0
2015-2020-base-2015,2015,emplois,comptedecapital,autrestransfertsencapital,Autres transferts en capital,2015,18.0,definitif,0
2015-2020-base-2015,2015,emplois,comptedecapital,autrestransfertsencapital,Autres transferts en capital,2016,34.5,definitif,0
2017-2021,2015,emplois,comptedecapital,autrestransfertsencapital,Autres transferts en capital,2017,38.5,definitif,0
2018-2022,2015,emplois,comptedecapital,autrestransfertsencapital,Autres transferts en capital,2018,25.7,definitif,0
2019-2023,2015,emplois,comptedecapital,autrestransfertsencapital,Autres transferts en capital,2019,40.0,definitif,0
2020-2024,2015,emplois,comptedecapital,autrestransfertsencapital,Autres transferts en capital,2020,28.1,definitif,0
2021-2025,2015,emplois,comptedecapital,autrestransfertsencapital,Autres transferts en capital,2021,52.5,definitif,0
2021-2025,2015,emplois,comptedecapital,autrestransfertsencapital,Autres transferts en capital,2022,42.3,definitif,0
2021-2025,2015,emplois,comptedecapital,autrestransfertsencapital,Autres transferts en capital,2023,7.4,definitif,0
2021-2025,2015,emplois,comptedecapital,autrestransfertsencapital,Autres transferts en capital,2024,52.5,semi_definitif,0
2021-2025,2015,emplois,comptedecapital,autrestransfertsencapital,Autres transferts en capital,2025,21.9,provisoire,0
2015-2020-base-2015,2015,emplois,comptedecapital,capaciteoubesoindefinancement,Capacité ou besoin de financement,2015,153.1,definitif,0
2015-2020-base-2015,2015,emplois,comptedecapital,capaciteoubesoindefinancement,Capacité ou besoin de financement,2016,59.6,definitif,0
2017-2021,2015,emplois,comptedecapital,capaciteoubesoindefinancement,Capacité ou besoin de financement,2017,-36.7,definitif,0
2018-2022,2015,emplois,comptedecapital,capaciteoubesoindefinancement,Capacité ou besoin de financement,2018,103.9,definitif,0
2019-2023,2015,emplois,comptedecapital,capaciteoubesoindefinancement,Capacité ou besoin de financement,2019,224.8,definitif,0
2020-2024,2015,emplois,comptedecapital,capaciteoubesoindefinancement,Capacité ou besoin de financement,2020,184.1,definitif,0
2021-2025,2015,emplois,comptedecapital,capaciteoubesoindefinancement,Capacité ou besoin de financement,2021,306.4,definitif,0
2021-2025,2015,emplois,comptedecapital,capaciteoubesoindefinancement,Capacité ou besoin de financement,2022,214.1,definitif,0
2021-2025,2015,emplois,comptedecapital,capaciteoubesoindefinancement,Capacité ou besoin de financement,2023,302.5,definitif,0
2021-2025,2015,emplois,comptedecapital,capaciteoubesoindefinancement,Capacité ou besoin de financement,2024,459.3,semi_definitif,0
2021-2025,2015,emplois,comptedecapital,capaciteoubesoindefinancement,Capacité ou besoin de financement,2025,549.0,provisoire,0
2015-2020-base-2015,2015,emplois,comptedecapital,ecartstatistique,Ecart Statistique,2015,0.0,definitif,0
2015-2020-base-2015,2015,emplois,comptedecapital,ecartstatistique,Ecart Statistique,2016,0.0,definitif,0
2017-2021,2015,emplois,comptedecapital,ecartstatistique,Ecart Statistique,2017,0.0,definitif,0
2018-2022,2015,emplois,comptedecapital,ecartstatistique,Ecart Statistique,2018,0.0,definitif,0
2019-2023,2015,emplois,comptedecapital,ecartstatistique,Ecart Statistique,2019,0.0,definitif,0
2020-2024,2015,emplois,comptedecapital,ecartstatistique,Ecart Statistique,2020,0.0,definitif,0
2021-2025,2015,emplois,comptedecapital,ecartstatistique,Ecart Statistique,2021,0.0,definitif,0
2021-2025,2015,emplois,comptedecapital,ecartstatistique,Ecart Statistique,2022,0.0,definitif,0
2021-2025,2015,emplois,comptedecapital,ecartstatistique,Ecart Statistique,2023,0.0,definitif,0
2021-2025,2015,emplois,comptedecapital,ecartstatistique,Ecart Statistique,2024,0.0,semi_definitif,0
2021-2025,2015,emplois,comptedecapital,ecartstatistique,Ecart Statistique,2025,0.0,provisoire,0
2015-2020-base-2015,2015,emplois,comptedecapital,formationbrutedecapitalefixe,Formation Brute de capitale Fixe,2015,443.4,definitif,0
2015-2020-base-2015,2015,emplois,comptedecapital,formationbrutedecapitalefixe,Formation Brute de capitale Fixe,2016,482.3,definitif,0
2017-2021,2015,emplois,comptedecapital,formationbrutedecapitalefixe,Formation Brute de capitale Fixe,2017,500.6,definitif,0
2018-2022,2015,emplois,comptedecapital,formationbrutedecapitalefixe,Formation Brute de capitale Fixe,2018,515.3,definitif,0
2019-2023,2015,emplois,comptedecapital,formationbrutedecapitalefixe,Formation Brute de capitale Fixe,2019,463.3,definitif,0
2020-2024,2015,emplois,comptedecapital,formationbrutedecapitalefixe,Formation Brute de capitale Fixe,2020,386.3,definitif,0
2021-2025,2015,emplois,comptedecapital,formationbrutedecapitalefixe,Formation Brute de capitale Fixe,2021,425.7,definitif,0
2021-2025,2015,emplois,comptedecapital,formationbrutedecapitalefixe,Formation Brute de capitale Fixe,2022,480.2,definitif,0
2021-2025,2015,emplois,comptedecapital,formationbrutedecapitalefixe,Formation Brute de capitale Fixe,2023,436.0,definitif,0
2021-2025,2015,emplois,comptedecapital,formationbrutedecapitalefixe,Formation Brute de capitale Fixe,2024,464.2,semi_definitif,0
2021-2025,2015,emplois,comptedecapital,formationbrutedecapitalefixe,Formation Brute de capitale Fixe,2025,624.8,provisoire,0
2015-2020-base-2015,2015,emplois,comptedecapital,transfertsencapital,Transferts en capital,2015,18.0,definitif,0
2015-2020-base-2015,2015,emplois,comptedecapital,transfertsencapital,Transferts en capital,2016,34.5,definitif,0
2017-2021,2015,emplois,comptedecapital,transfertsencapital,Transferts en capital,2017,38.5,definitif,0
2018-2022,2015,emplois,comptedecapital,transfertsencapital,Transferts en capital,2018,25.7,definitif,0
2019-2023,2015,emplois,comptedecapital,transfertsencapital,Transferts en capital,2019,40.0,definitif,0
2020-2024,2015,emplois,comptedecapital,transfertsencapital,Transferts en capital,2020,28.1,definitif,0
2021-2025,2015,emplois,comptedecapital,transfertsencapital,Transferts en capital,2021,52.5,definitif,0
2021-2025,2015,emplois,comptedecapital,transfertsencapital,Transferts en capital,2022,42.3,definitif,0
2021-2025,2015,emplois,comptedecapital,transfertsencapital,Transferts en capital,2023,7.4,definitif,0
2021-2025,2015,emplois,comptedecapital,transfertsencapital,Transferts en capital,2024,52.5,semi_definitif,0
2021-2025,2015,emplois,comptedecapital,transfertsencapital,Transferts en capital,2025,21.9,provisoire,0
2015-2020-base-2015,2015,emplois,comptededistributionsecondairedurevenu,autrestransfertscourants,Autres transferts courants,2015,34.9,definitif,0
2015-2020-base-2015,2015,emplois,comptededistributionsecondairedurevenu,autrestransfertscourants,Autres transferts courants,2016,46.5,definitif,0
2017-2021,2015,emplois,comptededistributionsecondairedurevenu,autrestransfertscourants,Autres transferts courants,2017,51.0,definitif,0
2018-2022,2015,emplois,comptededistributionsecondairedurevenu,autrestransfertscourants,Autres transferts courants,2018,58.5,definitif,0
2019-2023,2015,emplois,comptededistributionsecondairedurevenu,autrestransfertscourants,Autres transferts courants,2019,82.2,definitif,0
2020-2024,2015,emplois,comptededistributionsecondairedurevenu,autrestransfertscourants,Autres transferts courants,2020,70.7,definitif,0
2021-2025,2015,emplois,comptededistributionsecondairedurevenu,autrestransfertscourants,Autres transferts courants,2021,97.6,definitif,0
2021-2025,2015,emplois,comptededistributionsecondairedurevenu,autrestransfertscourants,Autres transferts courants,2022,75.7,definitif,0
2021-2025,2015,emplois,comptededistributionsecondairedurevenu,autrestransfertscourants,Autres transferts courants,2023,80.4,definitif,0
2021-2025,2015,emplois,comptededistributionsecondairedurevenu,autrestransfertscourants,Autres transferts courants,2024,82.3,semi_definitif,0
2021-2025,2015,emplois,comptededistributionsecondairedurevenu,autrestransfertscourants,Autres transferts courants,2025,90.0,provisoire,0
2015-2020-base-2015,2015,emplois,comptededistributionsecondairedurevenu,autrestransfertscourantsdivers,Autres transferts courants divers,2015,34.9,definitif,0
2015-2020-base-2015,2015,emplois,comptededistributionsecondairedurevenu,autrestransfertscourantsdivers,Autres transferts courants divers,2016,46.5,definitif,0
2017-2021,2015,emplois,comptededistributionsecondairedurevenu,autrestransfertscourantsdivers,Autres transferts courants divers,2017,51.0,definitif,0
2018-2022,2015,emplois,comptededistributionsecondairedurevenu,autrestransfertscourantsdivers,Autres transferts courants divers,2018,58.5,definitif,0
2019-2023,2015,emplois,comptededistributionsecondairedurevenu,autrestransfertscourantsdivers,Autres transferts courants divers,2019,82.2,definitif,0
2020-2024,2015,emplois,comptededistributionsecondairedurevenu,autrestransfertscourantsdivers,Autres transferts courants divers,2020,70.7,definitif,0
2021-2025,2015,emplois,comptededistributionsecondairedurevenu,autrestransfertscourantsdivers,Autres transferts courants divers,2021,97.6,definitif,0
2021-2025,2015,emplois,comptededistributionsecondairedurevenu,autrestransfertscourantsdivers,Autres transferts courants divers,2022,75.7,definitif,0
2021-2025,2015,emplois,comptededistributionsecondairedurevenu,autrestransfertscourantsdivers,Autres transferts courants divers,2023,80.4,definitif,0
2021-2025,2015,emplois,comptededistributionsecondairedurevenu,autrestransfertscourantsdivers,Autres transferts courants divers,2024,82.3,semi_definitif,0
2021-2025,2015,emplois,comptededistributionsecondairedurevenu,autrestransfertscourantsdivers,Autres transferts courants divers,2025,90.0,provisoire,0
2015-2020-base-2015,2015,emplois,comptededistributionsecondairedurevenu,impotscourantssurlesrevenusetlepatrimoine,Impôts courants sur les revenus et le patrimoine,2015,0.0,definitif,0
2015-2020-base-2015,2015,emplois,comptededistributionsecondairedurevenu,impotscourantssurlesrevenusetlepatrimoine,Impôts courants sur les revenus et le patrimoine,2016,0.0,definitif,0
2017-2021,2015,emplois,comptededistributionsecondairedurevenu,impotscourantssurlesrevenusetlepatrimoine,Impôts courants sur les revenus et le patrimoine,2017,0.0,definitif,0
2018-2022,2015,emplois,comptededistributionsecondairedurevenu,impotscourantssurlesrevenusetlepatrimoine,Impôts courants sur les revenus et le patrimoine,2018,0.0,definitif,0
2019-2023,2015,emplois,comptededistributionsecondairedurevenu,impotscourantssurlesrevenusetlepatrimoine,Impôts courants sur les revenus et le patrimoine,2019,0.0,definitif,0
2020-2024,2015,emplois,comptededistributionsecondairedurevenu,impotscourantssurlesrevenusetlepatrimoine,Impôts courants sur les revenus et le patrimoine,2020,0.0,definitif,0
2015-2020-base-2015,2015,emplois,comptededistributionsecondairedurevenu,prestationssocialesenespece,Prestations sociales en espece,2015,9.9,definitif,0
2015-2020-base-2015,2015,emplois,comptededistributionsecondairedurevenu,prestationssocialesenespece,Prestations sociales en espece,2016,11.2,definitif,0
2017-2021,2015,emplois,comptededistributionsecondairedurevenu,prestationssocialesenespece,Prestations sociales en espece,2017,11.8,definitif,0
2018-2022,2015,emplois,comptededistributionsecondairedurevenu,prestationssocialesenespece,Prestations sociales en espece,2018,12.3,definitif,0
2019-2023,2015,emplois,comptededistributionsecondairedurevenu,prestationssocialesenespece,Prestations sociales en espece,2019,10.4,definitif,0
2020-2024,2015,emplois,comptededistributionsecondairedurevenu,prestationssocialesenespece,Prestations sociales en espece,2020,11.8,definitif,0
2021-2025,2015,emplois,comptededistributionsecondairedurevenu,prestationssocialesenespece,Prestations sociales en espece,2021,12.7,definitif,0
2021-2025,2015,emplois,comptededistributionsecondairedurevenu,prestationssocialesenespece,Prestations sociales en espece,2022,22.1,definitif,0
2021-2025,2015,emplois,comptededistributionsecondairedurevenu,prestationssocialesenespece,Prestations sociales en espece,2023,13.1,definitif,0
2021-2025,2015,emplois,comptededistributionsecondairedurevenu,prestationssocialesenespece,Prestations sociales en espece,2024,13.2,semi_definitif,0
2021-2025,2015,emplois,comptededistributionsecondairedurevenu,prestationssocialesenespece,Prestations sociales en espece,2025,13.4,provisoire,0
2015-2020-base-2015,2015,emplois,comptededistributionsecondairedurevenu,revenudisponiblebrut,Revenu disponible brut,2015,1186.4,definitif,0
2015-2020-base-2015,2015,emplois,comptededistributionsecondairedurevenu,revenudisponiblebrut,Revenu disponible brut,2016,1072.2,definitif,0
2017-2021,2015,emplois,comptededistributionsecondairedurevenu,revenudisponiblebrut,Revenu disponible brut,2017,1127.6,definitif,0
2018-2022,2015,emplois,comptededistributionsecondairedurevenu,revenudisponiblebrut,Revenu disponible brut,2018,1246.3,definitif,0
2019-2023,2015,emplois,comptededistributionsecondairedurevenu,revenudisponiblebrut,Revenu disponible brut,2019,1350.2,definitif,0
2020-2024,2015,emplois,comptededistributionsecondairedurevenu,revenudisponiblebrut,Revenu disponible brut,2020,1323.5,definitif,0
2021-2025,2015,emplois,comptededistributionsecondairedurevenu,revenudisponiblebrut,Revenu disponible brut,2021,1410.7,definitif,0
2021-2025,2015,emplois,comptededistributionsecondairedurevenu,revenudisponiblebrut,Revenu disponible brut,2022,1604.2,definitif,0
2021-2025,2015,emplois,comptededistributionsecondairedurevenu,revenudisponiblebrut,Revenu disponible brut,2023,1634.9,definitif,0
2021-2025,2015,emplois,comptededistributionsecondairedurevenu,revenudisponiblebrut,Revenu disponible brut,2024,1830.6,semi_definitif,0
2021-2025,2015,emplois,comptededistributionsecondairedurevenu,revenudisponiblebrut,Revenu disponible brut,2025,1962.9,provisoire,0
2015-2020-base-2015,2015,emplois,comptedeproduction,consommationintermediaire,Consommation intermédiaire,2015,217.6,definitif,0
2015-2020-base-2015,2015,emplois,comptedeproduction,consommationintermediaire,Consommation intermédiaire,2016,233.0,definitif,0
2017-2021,2015,emplois,comptedeproduction,consommationintermediaire,Consommation intermédiaire,2017,244.8,definitif,0
2018-2022,2015,emplois,comptedeproduction,consommationintermediaire,Consommation intermédiaire,2018,306.0,definitif,0
2019-2023,2015,emplois,comptedeproduction,consommationintermediaire,Consommation intermédiaire,2019,309.4,definitif,0
2020-2024,2015,emplois,comptedeproduction,consommationintermediaire,Consommation intermédiaire,2020,288.6,definitif,0
2021-2025,2015,emplois,comptedeproduction,consommationintermediaire,Consommation intermédiaire,2021,310.9,definitif,0
2021-2025,2015,emplois,comptedeproduction,consommationintermediaire,Consommation intermédiaire,2022,369.7,definitif,0
2021-2025,2015,emplois,comptedeproduction,consommationintermediaire,Consommation intermédiaire,2023,399.3,definitif,0
2021-2025,2015,emplois,comptedeproduction,consommationintermediaire,Consommation intermédiaire,2024,444.9,semi_definitif,0
2021-2025,2015,emplois,comptedeproduction,consommationintermediaire,Consommation intermédiaire,2025,466.6,provisoire,0
2015-2020-base-2015,2015,emplois,comptedeproduction,valeurajouteebrute,Valeur ajoutée brute,2015,643.1,definitif,0
2015-2020-base-2015,2015,emplois,comptedeproduction,valeurajouteebrute,Valeur ajoutée brute,2016,701.8,definitif,0
2017-2021,2015,emplois,comptedeproduction,valeurajouteebrute,Valeur ajoutée brute,2017,732.3,definitif,0
2018-2022,2015,emplois,comptedeproduction,valeurajouteebrute,Valeur ajoutée brute,2018,757.9,definitif,0
2019-2023,2015,emplois,comptedeproduction,valeurajouteebrute,Valeur ajoutée brute,2019,848.1,definitif,0
2020-2024,2015,emplois,comptedeproduction,valeurajouteebrute,Valeur ajoutée brute,2020,925.4,definitif,0
2021-2025,2015,emplois,comptedeproduction,valeurajouteebrute,Valeur ajoutée brute,2021,1000.0,definitif,0
2021-2025,2015,emplois,comptedeproduction,valeurajouteebrute,Valeur ajoutée brute,2022,1023.6,definitif,0
2021-2025,2015,emplois,comptedeproduction,valeurajouteebrute,Valeur ajoutée brute,2023,1013.8,definitif,0
2021-2025,2015,emplois,comptedeproduction,valeurajouteebrute,Valeur ajoutée brute,2024,1078.1,semi_definitif,0
2021-2025,2015,emplois,comptedeproduction,valeurajouteebrute,Valeur ajoutée brute,2025,1089.1,provisoire,0
2015-2020-base-2015,2015,emplois,comptedexploitation,autresimpotssurlaproduction,Autres Impôts sur la production,2015,0.0,definitif,0
2015-2020-base-2015,2015,emplois,comptedexploitation,autresimpotssurlaproduction,Autres Impôts sur la production,2016,0.0,definitif,0
2017-2021,2015,emplois,comptedexploitation,autresimpotssurlaproduction,Autres Impôts sur la production,2017,0.0,definitif,0
2018-2022,2015,emplois,comptedexploitation,autresimpotssurlaproduction,Autres Impôts sur la production,2018,0.0,definitif,0
2019-2023,2015,emplois,comptedexploitation,autresimpotssurlaproduction,Autres Impôts sur la production,2019,0.0,definitif,0
2020-2024,2015,emplois,comptedexploitation,autresimpotssurlaproduction,Autres Impôts sur la production,2020,0.0,definitif,0
2015-2020-base-2015,2015,emplois,comptedexploitation,cotissocialesalachargedesemployeurs,Cotis. sociales à la charge des employeurs,2015,71.2,definitif,0
2015-2020-base-2015,2015,emplois,comptedexploitation,cotissocialesalachargedesemployeurs,Cotis. sociales à la charge des employeurs,2016,81.1,definitif,0
2017-2021,2015,emplois,comptedexploitation,cotissocialesalachargedesemployeurs,Cotis. sociales à la charge des employeurs,2017,84.7,definitif,0
2018-2022,2015,emplois,comptedexploitation,cotissocialesalachargedesemployeurs,Cotis. sociales à la charge des employeurs,2018,88.6,definitif,0
2019-2023,2015,emplois,comptedexploitation,cotissocialesalachargedesemployeurs,Cotis. sociales à la charge des employeurs,2019,100.1,definitif,0
2020-2024,2015,emplois,comptedexploitation,cotissocialesalachargedesemployeurs,Cotis. sociales à la charge des employeurs,2020,117.7,definitif,0
2021-2025,2015,emplois,comptedexploitation,cotissocialesalachargedesemployeurs,Cotis. sociales à la charge des employeurs,2021,127.1,definitif,0
2021-2025,2015,emplois,comptedexploitation,cotissocialesalachargedesemployeurs,Cotis. sociales à la charge des employeurs,2022,159.0,definitif,0
2021-2025,2015,emplois,comptedexploitation,cotissocialesalachargedesemployeurs,Cotis. sociales à la charge des employeurs,2023,130.6,definitif,0
2021-2025,2015,emplois,comptedexploitation,cotissocialesalachargedesemployeurs,Cotis. sociales à la charge des employeurs,2024,131.9,semi_definitif,0
2021-2025,2015,emplois,comptedexploitation,cotissocialesalachargedesemployeurs,Cotis. sociales à la charge des employeurs,2025,133.8,provisoire,0
2015-2020-base-2015,2015,emplois,comptedexploitation,remunerationdessalaries,Rémunération des salariés,2015,394.9,definitif,0
2015-2020-base-2015,2015,emplois,comptedexploitation,remunerationdessalaries,Rémunération des salariés,2016,449.6,definitif,0
2017-2021,2015,emplois,comptedexploitation,remunerationdessalaries,Rémunération des salariés,2017,470.0,definitif,0
2018-2022,2015,emplois,comptedexploitation,remunerationdessalaries,Rémunération des salariés,2018,491.4,definitif,0
2019-2023,2015,emplois,comptedexploitation,remunerationdessalaries,Rémunération des salariés,2019,579.2,definitif,0
2020-2024,2015,emplois,comptedexploitation,remunerationdessalaries,Rémunération des salariés,2020,654.1,definitif,0
2021-2025,2015,emplois,comptedexploitation,remunerationdessalaries,Rémunération des salariés,2021,706.6,definitif,0
2021-2025,2015,emplois,comptedexploitation,remunerationdessalaries,Rémunération des salariés,2022,727.2,definitif,0
2021-2025,2015,emplois,comptedexploitation,remunerationdessalaries,Rémunération des salariés,2023,725.8,definitif,0
2021-2025,2015,emplois,comptedexploitation,remunerationdessalaries,Rémunération des salariés,2024,732.9,semi_definitif,0
2021-2025,2015,emplois,comptedexploitation,remunerationdessalaries,Rémunération des salariés,2025,743.4,provisoire,0
2015-2020-base-2015,2015,emplois,comptedexploitation,revenudexploitation,Revenu d'exploitation,2015,248.2,definitif,0
2015-2020-base-2015,2015,emplois,comptedexploitation,revenudexploitation,Revenu d'exploitation,2016,252.2,definitif,0
2017-2021,2015,emplois,comptedexploitation,revenudexploitation,Revenu d'exploitation,2017,262.3,definitif,0
2018-2022,2015,emplois,comptedexploitation,revenudexploitation,Revenu d'exploitation,2018,266.5,definitif,0
2019-2023,2015,emplois,comptedexploitation,revenudexploitation,Revenu d'exploitation,2019,268.9,definitif,0
2020-2024,2015,emplois,comptedexploitation,revenudexploitation,Revenu d'exploitation,2020,271.3,definitif,0
2021-2025,2015,emplois,comptedexploitation,revenudexploitation,Revenu d'exploitation,2021,293.4,definitif,0
2021-2025,2015,emplois,comptedexploitation,revenudexploitation,Revenu d'exploitation,2022,296.4,definitif,0
2021-2025,2015,emplois,comptedexploitation,revenudexploitation,Revenu d'exploitation,2023,288.0,definitif,0
2021-2025,2015,emplois,comptedexploitation,revenudexploitation,Revenu d'exploitation,2024,345.2,semi_definitif,0
2021-2025,2015,emplois,comptedexploitation,revenudexploitation,Revenu d'exploitation,2025,345.7,provisoire,0
2015-2020-base-2015,2015,emplois,comptedexploitation,salairesbruts,Salaires bruts,2015,323.7,definitif,0
2015-2020-base-2015,2015,emplois,comptedexploitation,salairesbruts,Salaires bruts,2016,368.5,definitif,0
2017-2021,2015,emplois,comptedexploitation,salairesbruts,Salaires bruts,2017,385.3,definitif,0
2018-2022,2015,emplois,comptedexploitation,salairesbruts,Salaires bruts,2018,402.8,definitif,0
2019-2023,2015,emplois,comptedexploitation,salairesbruts,Salaires bruts,2019,479.1,definitif,0
2020-2024,2015,emplois,comptedexploitation,salairesbruts,Salaires bruts,2020,536.4,definitif,0
2021-2025,2015,emplois,comptedexploitation,salairesbruts,Salaires bruts,2021,579.5,definitif,0
2021-2025,2015,emplois,comptedexploitation,salairesbruts,Salaires bruts,2022,568.2,definitif,0
2021-2025,2015,emplois,comptedexploitation,salairesbruts,Salaires bruts,2023,595.2,definitif,0
2021-2025,2015,emplois,comptedexploitation,salairesbruts,Salaires bruts,2024,601.0,semi_definitif,0
2021-2025,2015,emplois,comptedexploitation,salairesbruts,Salaires bruts,2025,609.6,provisoire,0
2015-2020-base-2015,2015,emplois,comptedutilisationdurevenudisponible,depensedeconsommationfinale,Dépense de consommation finale,2015,827.3,definitif,0
2015-2020-base-2015,2015,emplois,comptedutilisationdurevenudisponible,depensedeconsommationfinale,Dépense de consommation finale,2016,899.6,definitif,0
2017-2021,2015,emplois,comptedutilisationdurevenudisponible,depensedeconsommationfinale,Dépense de consommation finale,2017,932.7,definitif,0
2018-2022,2015,emplois,comptedutilisationdurevenudisponible,depensedeconsommationfinale,Dépense de consommation finale,2018,1027.8,definitif,0
2019-2023,2015,emplois,comptedutilisationdurevenudisponible,depensedeconsommationfinale,Dépense de consommation finale,2019,1113.8,definitif,0
2020-2024,2015,emplois,comptedutilisationdurevenudisponible,depensedeconsommationfinale,Dépense de consommation finale,2020,1170.4,definitif,0
2021-2025,2015,emplois,comptedutilisationdurevenudisponible,depensedeconsommationfinale,Dépense de consommation finale,2021,1268.7,definitif,0
2021-2025,2015,emplois,comptedutilisationdurevenudisponible,depensedeconsommationfinale,Dépense de consommation finale,2022,1349.9,definitif,0
2021-2025,2015,emplois,comptedutilisationdurevenudisponible,depensedeconsommationfinale,Dépense de consommation finale,2023,1366.2,definitif,0
2021-2025,2015,emplois,comptedutilisationdurevenudisponible,depensedeconsommationfinale,Dépense de consommation finale,2024,1473.7,semi_definitif,0
2021-2025,2015,emplois,comptedutilisationdurevenudisponible,depensedeconsommationfinale,Dépense de consommation finale,2025,1503.6,provisoire,0
2015-2020-base-2015,2015,emplois,comptedutilisationdurevenudisponible,epargnebrute,Epargne brute,2015,359.1,definitif,0
2015-2020-base-2015,2015,emplois,comptedutilisationdurevenudisponible,epargnebrute,Epargne brute,2016,172.6,definitif,0
2017-2021,2015,emplois,comptedutilisationdurevenudisponible,epargnebrute,Epargne brute,2017,194.9,definitif,0
2018-2022,2015,emplois,comptedutilisationdurevenudisponible,epargnebrute,Epargne brute,2018,218.5,definitif,0
2019-2023,2015,emplois,comptedutilisationdurevenudisponible,epargnebrute,Epargne brute,2019,236.4,definitif,0
2020-2024,2015,emplois,comptedutilisationdurevenudisponible,epargnebrute,Epargne brute,2020,153.1,definitif,0
2021-2025,2015,emplois,comptedutilisationdurevenudisponible,epargnebrute,Epargne brute,2021,142.0,definitif,0
2021-2025,2015,emplois,comptedutilisationdurevenudisponible,epargnebrute,Epargne brute,2022,254.3,definitif,0
2021-2025,2015,emplois,comptedutilisationdurevenudisponible,epargnebrute,Epargne brute,2023,268.7,definitif,0
2021-2025,2015,emplois,comptedutilisationdurevenudisponible,epargnebrute,Epargne brute,2024,356.9,semi_definitif,0
2021-2025,2015,emplois,comptedutilisationdurevenudisponible,epargnebrute,Epargne brute,2025,459.3,provisoire,0
2018-2022,2015,emplois,comptefinancier,autrescomptesarecevoirouapayer,Autres comptes à recevoir ou à payer,2018,3.9,definitif,0
2019-2023,2015,emplois,comptefinancier,autrescomptesarecevoirouapayer,Autres comptes à recevoir ou à payer,2019,54.0,definitif,0
2020-2024,2015,emplois,comptefinancier,autrescomptesarecevoirouapayer,Autres comptes à recevoir ou à payer,2020,-2.9,definitif,0
2021-2025,2015,emplois,comptefinancier,autrescomptesarecevoirouapayer,Autres comptes à recevoir ou à payer,2021,7.2,definitif,0
2021-2025,2015,emplois,comptefinancier,autrescomptesarecevoirouapayer,Autres comptes à recevoir ou à payer,2022,-4.7,definitif,0
2021-2025,2015,emplois,comptefinancier,autrescomptesarecevoirouapayer,Autres comptes à recevoir ou à payer,2023,-6.6,definitif,0
2021-2025,2015,emplois,comptefinancier,autrescomptesarecevoirouapayer,Autres comptes à recevoir ou à payer,2024,33.3,semi_definitif,0
2021-2025,2015,emplois,comptefinancier,autrescomptesarecevoirouapayer,Autres comptes à recevoir ou à payer,2025,-63.2,provisoire,0
2015-2020-base-2015,2015,emplois,comptefinancier,numeraireetdepots,Numéraire et dépôts,2015,-20.6,definitif,0
2015-2020-base-2015,2015,emplois,comptefinancier,numeraireetdepots,Numéraire et dépôts,2016,33.9,definitif,0
2017-2021,2015,emplois,comptefinancier,numeraireetdepots,Numéraire et dépôts,2017,-57.6,definitif,0
2018-2022,2015,emplois,comptefinancier,numeraireetdepots,Numéraire et dépôts,2018,93.2,definitif,0
2019-2023,2015,emplois,comptefinancier,numeraireetdepots,Numéraire et dépôts,2019,158.2,definitif,0
2020-2024,2015,emplois,comptefinancier,numeraireetdepots,Numéraire et dépôts,2020,175.1,definitif,0
2021-2025,2015,emplois,comptefinancier,numeraireetdepots,Numéraire et dépôts,2021,275.3,definitif,0
2021-2025,2015,emplois,comptefinancier,numeraireetdepots,Numéraire et dépôts,2022,205.1,definitif,0
2021-2025,2015,emplois,comptefinancier,numeraireetdepots,Numéraire et dépôts,2023,294.7,definitif,0
2021-2025,2015,emplois,comptefinancier,numeraireetdepots,Numéraire et dépôts,2024,402.0,semi_definitif,0
2021-2025,2015,emplois,comptefinancier,numeraireetdepots,Numéraire et dépôts,2025,594.2,provisoire,0
2015-2020-base-2015,2015,emplois,comptefinancier,produitsderives,Produits dérivés,2015,161.3,definitif,0
2015-2020-base-2015,2015,emplois,comptefinancier,produitsderives,Produits dérivés,2016,-1.0,definitif,0
2017-2021,2015,emplois,comptefinancier,produitsderives,Produits dérivés,2017,-2.5,definitif,0
2015-2020-base-2015,2015,emplois,comptefinancier,reservestechniquesdassurances,Réserves techniques d'assurances,2015,0.4,definitif,0
2015-2020-base-2015,2015,emplois,comptefinancier,reservestechniquesdassurances,Réserves techniques d'assurances,2016,0.6,definitif,0
2017-2021,2015,emplois,comptefinancier,reservestechniquesdassurances,Réserves techniques d'assurances,2017,0.8,definitif,0
2018-2022,2015,emplois,comptefinancier,reservestechniquesdassurances,Réserves techniques d'assurances,2018,1.3,definitif,0
2019-2023,2015,emplois,comptefinancier,reservestechniquesdassurances,Réserves techniques d'assurances,2019,0.4,definitif,0
2020-2024,2015,emplois,comptefinancier,reservestechniquesdassurances,Réserves techniques d'assurances,2020,0.7,definitif,0
2021-2025,2015,emplois,comptefinancier,reservestechniquesdassurances,Réserves techniques d'assurances,2021,0.9,definitif,0
2021-2025,2015,emplois,comptefinancier,reservestechniquesdassurances,Réserves techniques d'assurances,2022,0.4,definitif,0
2021-2025,2015,emplois,comptefinancier,reservestechniquesdassurances,Réserves techniques d'assurances,2023,0.8,definitif,0
2021-2025,2015,emplois,comptefinancier,reservestechniquesdassurances,Réserves techniques d'assurances,2024,0.7,semi_definitif,0
2021-2025,2015,emplois,comptefinancier,reservestechniquesdassurances,Réserves techniques d'assurances,2025,1.5,provisoire,0
2015-2020-base-2015,2015,ressources,comptedaffectationdesrevenusprimaires,autresimpotssurlaproduction,Autres Impôts sur la production,2015,229.8,definitif,0
2015-2020-base-2015,2015,ressources,comptedaffectationdesrevenusprimaires,autresimpotssurlaproduction,Autres Impôts sur la production,2016,242.3,definitif,0
2017-2021,2015,ressources,comptedaffectationdesrevenusprimaires,autresimpotssurlaproduction,Autres Impôts sur la production,2017,267.0,definitif,0
2018-2022,2015,ressources,comptedaffectationdesrevenusprimaires,autresimpotssurlaproduction,Autres Impôts sur la production,2018,296.5,definitif,0
2019-2023,2015,ressources,comptedaffectationdesrevenusprimaires,autresimpotssurlaproduction,Autres Impôts sur la production,2019,316.0,definitif,0
2020-2024,2015,ressources,comptedaffectationdesrevenusprimaires,autresimpotssurlaproduction,Autres Impôts sur la production,2020,311.1,definitif,0
2021-2025,2015,ressources,comptedaffectationdesrevenusprimaires,autresimpotssurlaproduction,Autres Impôts sur la production,2021,371.5,definitif,0
2021-2025,2015,ressources,comptedaffectationdesrevenusprimaires,autresimpotssurlaproduction,Autres Impôts sur la production,2022,361.0,definitif,0
2021-2025,2015,ressources,comptedaffectationdesrevenusprimaires,autresimpotssurlaproduction,Autres Impôts sur la production,2023,401.1,definitif,0
2021-2025,2015,ressources,comptedaffectationdesrevenusprimaires,autresimpotssurlaproduction,Autres Impôts sur la production,2024,427.2,semi_definitif,0
2021-2025,2015,ressources,comptedaffectationdesrevenusprimaires,autresimpotssurlaproduction,Autres Impôts sur la production,2025,463.8,provisoire,0
2015-2020-base-2015,2015,ressources,comptedaffectationdesrevenusprimaires,autresimpotssurlesproduits,Autres impôts sur les produits,2015,111.3,definitif,0
2015-2020-base-2015,2015,ressources,comptedaffectationdesrevenusprimaires,autresimpotssurlesproduits,Autres impôts sur les produits,2016,129.7,definitif,0
2017-2021,2015,ressources,comptedaffectationdesrevenusprimaires,autresimpotssurlesproduits,Autres impôts sur les produits,2017,129.2,definitif,0
2018-2022,2015,ressources,comptedaffectationdesrevenusprimaires,autresimpotssurlesproduits,Autres impôts sur les produits,2018,163.4,definitif,0
2019-2023,2015,ressources,comptedaffectationdesrevenusprimaires,autresimpotssurlesproduits,Autres impôts sur les produits,2019,174.6,definitif,0
2020-2024,2015,ressources,comptedaffectationdesrevenusprimaires,autresimpotssurlesproduits,Autres impôts sur les produits,2020,137.5,definitif,0
2021-2025,2015,ressources,comptedaffectationdesrevenusprimaires,autresimpotssurlesproduits,Autres impôts sur les produits,2021,100.6,definitif,0
2021-2025,2015,ressources,comptedaffectationdesrevenusprimaires,autresimpotssurlesproduits,Autres impôts sur les produits,2022,130.9,definitif,0
2021-2025,2015,ressources,comptedaffectationdesrevenusprimaires,autresimpotssurlesproduits,Autres impôts sur les produits,2023,115.9,definitif,0
2021-2025,2015,ressources,comptedaffectationdesrevenusprimaires,autresimpotssurlesproduits,Autres impôts sur les produits,2024,195.6,semi_definitif,0
2021-2025,2015,ressources,comptedaffectationdesrevenusprimaires,autresimpotssurlesproduits,Autres impôts sur les produits,2025,272.4,provisoire,0
2015-2020-base-2015,2015,ressources,comptedaffectationdesrevenusprimaires,impotssurlaproductionetlesimportations,Impôts sur la production et les importations,2015,341.1,definitif,0
2015-2020-base-2015,2015,ressources,comptedaffectationdesrevenusprimaires,impotssurlaproductionetlesimportations,Impôts sur la production et les importations,2016,372.0,definitif,0
2017-2021,2015,ressources,comptedaffectationdesrevenusprimaires,impotssurlaproductionetlesimportations,Impôts sur la production et les importations,2017,396.2,definitif,0
2018-2022,2015,ressources,comptedaffectationdesrevenusprimaires,impotssurlaproductionetlesimportations,Impôts sur la production et les importations,2018,459.9,definitif,0
2019-2023,2015,ressources,comptedaffectationdesrevenusprimaires,impotssurlaproductionetlesimportations,Impôts sur la production et les importations,2019,490.6,definitif,0
2020-2024,2015,ressources,comptedaffectationdesrevenusprimaires,impotssurlaproductionetlesimportations,Impôts sur la production et les importations,2020,448.6,definitif,0
2021-2025,2015,ressources,comptedaffectationdesrevenusprimaires,impotssurlaproductionetlesimportations,Impôts sur la production et les importations,2021,472.1,definitif,0
2021-2025,2015,ressources,comptedaffectationdesrevenusprimaires,impotssurlaproductionetlesimportations,Impôts sur la production et les importations,2022,491.9,definitif,0
2021-2025,2015,ressources,comptedaffectationdesrevenusprimaires,impotssurlaproductionetlesimportations,Impôts sur la production et les importations,2023,517.0,definitif,0
2021-2025,2015,ressources,comptedaffectationdesrevenusprimaires,impotssurlaproductionetlesimportations,Impôts sur la production et les importations,2024,622.8,semi_definitif,0
2021-2025,2015,ressources,comptedaffectationdesrevenusprimaires,impotssurlaproductionetlesimportations,Impôts sur la production et les importations,2025,736.2,provisoire,0
2015-2020-base-2015,2015,ressources,comptedaffectationdesrevenusprimaires,interets,Intérêts,2015,0.0,definitif,0
2015-2020-base-2015,2015,ressources,comptedaffectationdesrevenusprimaires,interets,Intérêts,2016,0.0,definitif,0
2017-2021,2015,ressources,comptedaffectationdesrevenusprimaires,interets,Intérêts,2017,0.0,definitif,0
2018-2022,2015,ressources,comptedaffectationdesrevenusprimaires,interets,Intérêts,2018,0.0,definitif,0
2015-2020-base-2015,2015,ressources,comptedaffectationdesrevenusprimaires,loyersnetsdesterresetredevances,Loyers nets des terres et redevances,2015,245.6,definitif,0
2015-2020-base-2015,2015,ressources,comptedaffectationdesrevenusprimaires,loyersnetsdesterresetredevances,Loyers nets des terres et redevances,2016,84.3,definitif,0
2017-2021,2015,ressources,comptedaffectationdesrevenusprimaires,loyersnetsdesterresetredevances,Loyers nets des terres et redevances,2017,92.6,definitif,0
2018-2022,2015,ressources,comptedaffectationdesrevenusprimaires,loyersnetsdesterresetredevances,Loyers nets des terres et redevances,2018,102.7,definitif,0
2019-2023,2015,ressources,comptedaffectationdesrevenusprimaires,loyersnetsdesterresetredevances,Loyers nets des terres et redevances,2019,114.4,definitif,0
2020-2024,2015,ressources,comptedaffectationdesrevenusprimaires,loyersnetsdesterresetredevances,Loyers nets des terres et redevances,2020,96.8,definitif,0
2021-2025,2015,ressources,comptedaffectationdesrevenusprimaires,loyersnetsdesterresetredevances,Loyers nets des terres et redevances,2021,109.8,definitif,0
2021-2025,2015,ressources,comptedaffectationdesrevenusprimaires,loyersnetsdesterresetredevances,Loyers nets des terres et redevances,2022,150.9,definitif,0
2021-2025,2015,ressources,comptedaffectationdesrevenusprimaires,loyersnetsdesterresetredevances,Loyers nets des terres et redevances,2023,163.4,definitif,0
2021-2025,2015,ressources,comptedaffectationdesrevenusprimaires,loyersnetsdesterresetredevances,Loyers nets des terres et redevances,2024,168.6,semi_definitif,0
2021-2025,2015,ressources,comptedaffectationdesrevenusprimaires,loyersnetsdesterresetredevances,Loyers nets des terres et redevances,2025,177.9,provisoire,0
2015-2020-base-2015,2015,ressources,comptedaffectationdesrevenusprimaires,revenudexploitation,Revenu d'exploitation,2015,248.2,definitif,0
2015-2020-base-2015,2015,ressources,comptedaffectationdesrevenusprimaires,revenudexploitation,Revenu d'exploitation,2016,252.2,definitif,0
2017-2021,2015,ressources,comptedaffectationdesrevenusprimaires,revenudexploitation,Revenu d'exploitation,2017,262.3,definitif,0
2018-2022,2015,ressources,comptedaffectationdesrevenusprimaires,revenudexploitation,Revenu d'exploitation,2018,266.5,definitif,0
2019-2023,2015,ressources,comptedaffectationdesrevenusprimaires,revenudexploitation,Revenu d'exploitation,2019,268.9,definitif,0
2020-2024,2015,ressources,comptedaffectationdesrevenusprimaires,revenudexploitation,Revenu d'exploitation,2020,271.3,definitif,0
2021-2025,2015,ressources,comptedaffectationdesrevenusprimaires,revenudexploitation,Revenu d'exploitation,2021,293.4,definitif,0
2021-2025,2015,ressources,comptedaffectationdesrevenusprimaires,revenudexploitation,Revenu d'exploitation,2022,296.4,definitif,0
2021-2025,2015,ressources,comptedaffectationdesrevenusprimaires,revenudexploitation,Revenu d'exploitation,2023,288.0,definitif,0
2021-2025,2015,ressources,comptedaffectationdesrevenusprimaires,revenudexploitation,Revenu d'exploitation,2024,345.2,semi_definitif,0
2021-2025,2015,ressources,comptedaffectationdesrevenusprimaires,revenudexploitation,Revenu d'exploitation,2025,345.7,provisoire,0
2015-2020-base-2015,2015,ressources,comptedaffectationdesrevenusprimaires,revenusdelapropriete,Revenus de la propriété,2015,245.6,definitif,0
2015-2020-base-2015,2015,ressources,comptedaffectationdesrevenusprimaires,revenusdelapropriete,Revenus de la propriété,2016,84.3,definitif,0
2017-2021,2015,ressources,comptedaffectationdesrevenusprimaires,revenusdelapropriete,Revenus de la propriété,2017,92.6,definitif,0
2018-2022,2015,ressources,comptedaffectationdesrevenusprimaires,revenusdelapropriete,Revenus de la propriété,2018,102.7,definitif,0
2019-2023,2015,ressources,comptedaffectationdesrevenusprimaires,revenusdelapropriete,Revenus de la propriété,2019,114.4,definitif,0
2020-2024,2015,ressources,comptedaffectationdesrevenusprimaires,revenusdelapropriete,Revenus de la propriété,2020,96.8,definitif,0
2021-2025,2015,ressources,comptedaffectationdesrevenusprimaires,revenusdelapropriete,Revenus de la propriété,2021,109.8,definitif,0
2021-2025,2015,ressources,comptedaffectationdesrevenusprimaires,revenusdelapropriete,Revenus de la propriété,2022,150.9,definitif,0
2021-2025,2015,ressources,comptedaffectationdesrevenusprimaires,revenusdelapropriete,Revenus de la propriété,2023,163.4,definitif,0
2021-2025,2015,ressources,comptedaffectationdesrevenusprimaires,revenusdelapropriete,Revenus de la propriété,2024,168.6,semi_definitif,0
2021-2025,2015,ressources,comptedaffectationdesrevenusprimaires,revenusdelapropriete,Revenus de la propriété,2025,177.9,provisoire,0
2015-2020-base-2015,2015,ressources,comptedaffectationdesrevenusprimaires,revenusdistribuesparlesentreprises,Revenus distribués par les entreprises,2015,0.0,definitif,0
2015-2020-base-2015,2015,ressources,comptedaffectationdesrevenusprimaires,revenusdistribuesparlesentreprises,Revenus distribués par les entreprises,2016,0.0,definitif,0
2017-2021,2015,ressources,comptedaffectationdesrevenusprimaires,revenusdistribuesparlesentreprises,Revenus distribués par les entreprises,2017,0.0,definitif,0
2018-2022,2015,ressources,comptedaffectationdesrevenusprimaires,revenusdistribuesparlesentreprises,Revenus distribués par les entreprises,2018,0.0,definitif,0
2015-2020-base-2015,2015,ressources,comptedaffectationdesrevenusprimaires,subventions,Subventions,2015,0.0,definitif,0
2015-2020-base-2015,2015,ressources,comptedaffectationdesrevenusprimaires,subventions,Subventions,2016,0.0,definitif,0
2017-2021,2015,ressources,comptedaffectationdesrevenusprimaires,subventions,Subventions,2017,0.0,definitif,0
2018-2022,2015,ressources,comptedaffectationdesrevenusprimaires,subventions,Subventions,2018,0.0,definitif,0
2015-2020-base-2015,2015,ressources,comptedaffectationdesrevenusprimaires,subventionssurlaproduction,Subventions sur la production,2015,0.0,definitif,0
2015-2020-base-2015,2015,ressources,comptedaffectationdesrevenusprimaires,subventionssurlaproduction,Subventions sur la production,2016,0.0,definitif,0
2017-2021,2015,ressources,comptedaffectationdesrevenusprimaires,subventionssurlaproduction,Subventions sur la production,2017,0.0,definitif,0
2018-2022,2015,ressources,comptedaffectationdesrevenusprimaires,subventionssurlaproduction,Subventions sur la production,2018,0.0,definitif,0
2015-2020-base-2015,2015,ressources,comptedecapital,autrestransfertsencapital,Autres transferts en capital,2015,255.4,definitif,0
2015-2020-base-2015,2015,ressources,comptedecapital,autrestransfertsencapital,Autres transferts en capital,2016,403.8,definitif,0
2017-2021,2015,ressources,comptedecapital,autrestransfertsencapital,Autres transferts en capital,2017,307.5,definitif,0
2018-2022,2015,ressources,comptedecapital,autrestransfertsencapital,Autres transferts en capital,2018,426.4,definitif,0
2019-2023,2015,ressources,comptedecapital,autrestransfertsencapital,Autres transferts en capital,2019,491.7,definitif,0
2020-2024,2015,ressources,comptedecapital,autrestransfertsencapital,Autres transferts en capital,2020,445.4,definitif,0
2021-2025,2015,ressources,comptedecapital,autrestransfertsencapital,Autres transferts en capital,2021,642.6,definitif,0
2021-2025,2015,ressources,comptedecapital,autrestransfertsencapital,Autres transferts en capital,2022,482.3,definitif,0
2021-2025,2015,ressources,comptedecapital,autrestransfertsencapital,Autres transferts en capital,2023,477.2,definitif,0
2021-2025,2015,ressources,comptedecapital,autrestransfertsencapital,Autres transferts en capital,2024,619.1,semi_definitif,0
2021-2025,2015,ressources,comptedecapital,autrestransfertsencapital,Autres transferts en capital,2025,736.4,provisoire,0
2015-2020-base-2015,2015,ressources,comptedecapital,epargnebrute,Epargne brute,2015,359.1,definitif,0
2015-2020-base-2015,2015,ressources,comptedecapital,epargnebrute,Epargne brute,2016,172.6,definitif,0
2017-2021,2015,ressources,comptedecapital,epargnebrute,Epargne brute,2017,194.9,definitif,0
2018-2022,2015,ressources,comptedecapital,epargnebrute,Epargne brute,2018,218.5,definitif,0
2019-2023,2015,ressources,comptedecapital,epargnebrute,Epargne brute,2019,236.4,definitif,0
2020-2024,2015,ressources,comptedecapital,epargnebrute,Epargne brute,2020,153.1,definitif,0
2021-2025,2015,ressources,comptedecapital,epargnebrute,Epargne brute,2021,142.0,definitif,0
2021-2025,2015,ressources,comptedecapital,epargnebrute,Epargne brute,2022,254.3,definitif,0
2021-2025,2015,ressources,comptedecapital,epargnebrute,Epargne brute,2023,268.7,definitif,0
2021-2025,2015,ressources,comptedecapital,epargnebrute,Epargne brute,2024,356.9,semi_definitif,0
2021-2025,2015,ressources,comptedecapital,epargnebrute,Epargne brute,2025,459.3,provisoire,0
2015-2020-base-2015,2015,ressources,comptedecapital,transfertsencapital,Transferts en capital,2015,255.4,definitif,0
2015-2020-base-2015,2015,ressources,comptedecapital,transfertsencapital,Transferts en capital,2016,403.8,definitif,0
2017-2021,2015,ressources,comptedecapital,transfertsencapital,Transferts en capital,2017,307.5,definitif,0
2018-2022,2015,ressources,comptedecapital,transfertsencapital,Transferts en capital,2018,426.4,definitif,0
2019-2023,2015,ressources,comptedecapital,transfertsencapital,Transferts en capital,2019,491.7,definitif,0
2020-2024,2015,ressources,comptedecapital,transfertsencapital,Transferts en capital,2020,445.4,definitif,0
2021-2025,2015,ressources,comptedecapital,transfertsencapital,Transferts en capital,2021,642.6,definitif,0
2021-2025,2015,ressources,comptedecapital,transfertsencapital,Transferts en capital,2022,482.3,definitif,0
2021-2025,2015,ressources,comptedecapital,transfertsencapital,Transferts en capital,2023,477.2,definitif,0
2021-2025,2015,ressources,comptedecapital,transfertsencapital,Transferts en capital,2024,619.1,semi_definitif,0
2021-2025,2015,ressources,comptedecapital,transfertsencapital,Transferts en capital,2025,736.4,provisoire,0
2015-2020-base-2015,2015,ressources,comptededistributionsecondairedurevenu,autrestransfertscourants,Autres transferts courants,2015,350.7,definitif,0
2015-2020-base-2015,2015,ressources,comptededistributionsecondairedurevenu,autrestransfertscourants,Autres transferts courants,2016,370.7,definitif,0
2017-2021,2015,ressources,comptededistributionsecondairedurevenu,autrestransfertscourants,Autres transferts courants,2017,384.0,definitif,0
2018-2022,2015,ressources,comptededistributionsecondairedurevenu,autrestransfertscourants,Autres transferts courants,2018,427.4,definitif,0
2019-2023,2015,ressources,comptededistributionsecondairedurevenu,autrestransfertscourants,Autres transferts courants,2019,475.6,definitif,0
2020-2024,2015,ressources,comptededistributionsecondairedurevenu,autrestransfertscourants,Autres transferts courants,2020,534.9,definitif,0
2021-2025,2015,ressources,comptededistributionsecondairedurevenu,autrestransfertscourants,Autres transferts courants,2021,588.4,definitif,0
2021-2025,2015,ressources,comptededistributionsecondairedurevenu,autrestransfertscourants,Autres transferts courants,2022,681.8,definitif,0
2021-2025,2015,ressources,comptededistributionsecondairedurevenu,autrestransfertscourants,Autres transferts courants,2023,697.5,definitif,0
2021-2025,2015,ressources,comptededistributionsecondairedurevenu,autrestransfertscourants,Autres transferts courants,2024,684.8,semi_definitif,0
2021-2025,2015,ressources,comptededistributionsecondairedurevenu,autrestransfertscourants,Autres transferts courants,2025,719.4,provisoire,0
2015-2020-base-2015,2015,ressources,comptededistributionsecondairedurevenu,autrestransfertscourantsdivers,Autres transferts courants divers,2015,11.9,definitif,0
2015-2020-base-2015,2015,ressources,comptededistributionsecondairedurevenu,autrestransfertscourantsdivers,Autres transferts courants divers,2016,18.3,definitif,0
2017-2021,2015,ressources,comptededistributionsecondairedurevenu,autrestransfertscourantsdivers,Autres transferts courants divers,2017,22.1,definitif,0
2018-2022,2015,ressources,comptededistributionsecondairedurevenu,autrestransfertscourantsdivers,Autres transferts courants divers,2018,31.3,definitif,0
2019-2023,2015,ressources,comptededistributionsecondairedurevenu,autrestransfertscourantsdivers,Autres transferts courants divers,2019,43.9,definitif,0
2020-2024,2015,ressources,comptededistributionsecondairedurevenu,autrestransfertscourantsdivers,Autres transferts courants divers,2020,50.8,definitif,0
2021-2025,2015,ressources,comptededistributionsecondairedurevenu,autrestransfertscourantsdivers,Autres transferts courants divers,2021,51.0,definitif,0
2021-2025,2015,ressources,comptededistributionsecondairedurevenu,autrestransfertscourantsdivers,Autres transferts courants divers,2022,100.6,definitif,0
2021-2025,2015,ressources,comptededistributionsecondairedurevenu,autrestransfertscourantsdivers,Autres transferts courants divers,2023,76.8,definitif,0
2021-2025,2015,ressources,comptededistributionsecondairedurevenu,autrestransfertscourantsdivers,Autres transferts courants divers,2024,25.8,semi_definitif,0
2021-2025,2015,ressources,comptededistributionsecondairedurevenu,autrestransfertscourantsdivers,Autres transferts courants divers,2025,55.3,provisoire,0
2015-2020-base-2015,2015,ressources,comptededistributionsecondairedurevenu,cotisationssociales,Cotisations sociales,2015,9.9,definitif,0
2015-2020-base-2015,2015,ressources,comptededistributionsecondairedurevenu,cotisationssociales,Cotisations sociales,2016,11.2,definitif,0
2017-2021,2015,ressources,comptededistributionsecondairedurevenu,cotisationssociales,Cotisations sociales,2017,11.8,definitif,0
2018-2022,2015,ressources,comptededistributionsecondairedurevenu,cotisationssociales,Cotisations sociales,2018,12.3,definitif,0
2019-2023,2015,ressources,comptededistributionsecondairedurevenu,cotisationssociales,Cotisations sociales,2019,10.4,definitif,0
2020-2024,2015,ressources,comptededistributionsecondairedurevenu,cotisationssociales,Cotisations sociales,2020,11.8,definitif,0
2021-2025,2015,ressources,comptededistributionsecondairedurevenu,cotisationssociales,Cotisations sociales,2021,12.7,definitif,0
2021-2025,2015,ressources,comptededistributionsecondairedurevenu,cotisationssociales,Cotisations sociales,2022,22.1,definitif,0
2021-2025,2015,ressources,comptededistributionsecondairedurevenu,cotisationssociales,Cotisations sociales,2023,13.1,definitif,0
2021-2025,2015,ressources,comptededistributionsecondairedurevenu,cotisationssociales,Cotisations sociales,2024,13.2,semi_definitif,0
2021-2025,2015,ressources,comptededistributionsecondairedurevenu,cotisationssociales,Cotisations sociales,2025,13.4,provisoire,0
2015-2020-base-2015,2015,ressources,comptededistributionsecondairedurevenu,impotscourantssurlesrevenusetlepatrimoine,Impôts courants sur les revenus et le patrimoine,2015,62.2,definitif,0
2015-2020-base-2015,2015,ressources,comptededistributionsecondairedurevenu,impotscourantssurlesrevenusetlepatrimoine,Impôts courants sur les revenus et le patrimoine,2016,67.2,definitif,0
2017-2021,2015,ressources,comptededistributionsecondairedurevenu,impotscourantssurlesrevenusetlepatrimoine,Impôts courants sur les revenus et le patrimoine,2017,70.3,definitif,0
2018-2022,2015,ressources,comptededistributionsecondairedurevenu,impotscourantssurlesrevenusetlepatrimoine,Impôts courants sur les revenus et le patrimoine,2018,74.3,definitif,0
2019-2023,2015,ressources,comptededistributionsecondairedurevenu,impotscourantssurlesrevenusetlepatrimoine,Impôts courants sur les revenus et le patrimoine,2019,110.1,definitif,0
2020-2024,2015,ressources,comptededistributionsecondairedurevenu,impotscourantssurlesrevenusetlepatrimoine,Impôts courants sur les revenus et le patrimoine,2020,64.5,definitif,0
2021-2025,2015,ressources,comptededistributionsecondairedurevenu,impotscourantssurlesrevenusetlepatrimoine,Impôts courants sur les revenus et le patrimoine,2021,73.9,definitif,0
2021-2025,2015,ressources,comptededistributionsecondairedurevenu,impotscourantssurlesrevenusetlepatrimoine,Impôts courants sur les revenus et le patrimoine,2022,88.0,definitif,0
2021-2025,2015,ressources,comptededistributionsecondairedurevenu,impotscourantssurlesrevenusetlepatrimoine,Impôts courants sur les revenus et le patrimoine,2023,79.7,definitif,0
2021-2025,2015,ressources,comptededistributionsecondairedurevenu,impotscourantssurlesrevenusetlepatrimoine,Impôts courants sur les revenus et le patrimoine,2024,119.9,semi_definitif,0
2021-2025,2015,ressources,comptededistributionsecondairedurevenu,impotscourantssurlesrevenusetlepatrimoine,Impôts courants sur les revenus et le patrimoine,2025,100.7,provisoire,0
2015-2020-base-2015,2015,ressources,comptededistributionsecondairedurevenu,soldedesrevenusprimairesrevenunational,Solde des revenus primaires / Revenu national,2015,808.4,definitif,0
2015-2020-base-2015,2015,ressources,comptededistributionsecondairedurevenu,soldedesrevenusprimairesrevenunational,Solde des revenus primaires / Revenu national,2016,680.8,definitif,0
2017-2021,2015,ressources,comptededistributionsecondairedurevenu,soldedesrevenusprimairesrevenunational,Solde des revenus primaires / Revenu national,2017,724.3,definitif,0
2018-2022,2015,ressources,comptededistributionsecondairedurevenu,soldedesrevenusprimairesrevenunational,Solde des revenus primaires / Revenu national,2018,803.1,definitif,0
2019-2023,2015,ressources,comptededistributionsecondairedurevenu,soldedesrevenusprimairesrevenunational,Solde des revenus primaires / Revenu national,2019,846.7,definitif,0
2020-2024,2015,ressources,comptededistributionsecondairedurevenu,soldedesrevenusprimairesrevenunational,Solde des revenus primaires / Revenu national,2020,794.8,definitif,0
2021-2025,2015,ressources,comptededistributionsecondairedurevenu,soldedesrevenusprimairesrevenunational,Solde des revenus primaires / Revenu national,2021,846.0,definitif,0
2021-2025,2015,ressources,comptededistributionsecondairedurevenu,soldedesrevenusprimairesrevenunational,Solde des revenus primaires / Revenu national,2022,910.1,definitif,0
2021-2025,2015,ressources,comptededistributionsecondairedurevenu,soldedesrevenusprimairesrevenunational,Solde des revenus primaires / Revenu national,2023,938.1,definitif,0
2021-2025,2015,ressources,comptededistributionsecondairedurevenu,soldedesrevenusprimairesrevenunational,Solde des revenus primaires / Revenu national,2024,1108.2,semi_definitif,0
2021-2025,2015,ressources,comptededistributionsecondairedurevenu,soldedesrevenusprimairesrevenunational,Solde des revenus primaires / Revenu national,2025,1232.8,provisoire,0
2015-2020-base-2015,2015,ressources,comptededistributionsecondairedurevenu,transfertscourantsentreadminipubliques,Transferts courants entre admini. publiques,2015,338.8,definitif,0
2015-2020-base-2015,2015,ressources,comptededistributionsecondairedurevenu,transfertscourantsentreadminipubliques,Transferts courants entre admini. publiques,2016,352.4,definitif,0
2017-2021,2015,ressources,comptededistributionsecondairedurevenu,transfertscourantsentreadminipubliques,Transferts courants entre admini. publiques,2017,361.9,definitif,0
2018-2022,2015,ressources,comptededistributionsecondairedurevenu,transfertscourantsentreadminipubliques,Transferts courants entre admini. publiques,2018,396.1,definitif,0
2019-2023,2015,ressources,comptededistributionsecondairedurevenu,transfertscourantsentreadminipubliques,Transferts courants entre admini. publiques,2019,431.7,definitif,0
2020-2024,2015,ressources,comptededistributionsecondairedurevenu,transfertscourantsentreadminipubliques,Transferts courants entre admini. publiques,2020,484.1,definitif,0
2021-2025,2015,ressources,comptededistributionsecondairedurevenu,transfertscourantsentreadminipubliques,Transferts courants entre admini. publiques,2021,537.4,definitif,0
2021-2025,2015,ressources,comptededistributionsecondairedurevenu,transfertscourantsentreadminipubliques,Transferts courants entre admini. publiques,2022,581.2,definitif,0
2021-2025,2015,ressources,comptededistributionsecondairedurevenu,transfertscourantsentreadminipubliques,Transferts courants entre admini. publiques,2023,620.7,definitif,0
2021-2025,2015,ressources,comptededistributionsecondairedurevenu,transfertscourantsentreadminipubliques,Transferts courants entre admini. publiques,2024,659.0,semi_definitif,0
2021-2025,2015,ressources,comptededistributionsecondairedurevenu,transfertscourantsentreadminipubliques,Transferts courants entre admini. publiques,2025,664.1,provisoire,0
2015-2020-base-2015,2015,ressources,comptedeproduction,productiondesbiensetservices,Production des biens et services,2015,860.7,definitif,0
2015-2020-base-2015,2015,ressources,comptedeproduction,productiondesbiensetservices,Production des biens et services,2016,934.8,definitif,0
2017-2021,2015,ressources,comptedeproduction,productiondesbiensetservices,Production des biens et services,2017,977.1,definitif,0
2018-2022,2015,ressources,comptedeproduction,productiondesbiensetservices,Production des biens et services,2018,1063.9,definitif,0
2019-2023,2015,ressources,comptedeproduction,productiondesbiensetservices,Production des biens et services,2019,1157.4,definitif,0
2020-2024,2015,ressources,comptedeproduction,productiondesbiensetservices,Production des biens et services,2020,1214.0,definitif,0
2021-2025,2015,ressources,comptedeproduction,productiondesbiensetservices,Production des biens et services,2021,1310.9,definitif,0
2021-2025,2015,ressources,comptedeproduction,productiondesbiensetservices,Production des biens et services,2022,1393.3,definitif,0
2021-2025,2015,ressources,comptedeproduction,productiondesbiensetservices,Production des biens et services,2023,1413.0,definitif,0
2021-2025,2015,ressources,comptedeproduction,productiondesbiensetservices,Production des biens et services,2024,1523.0,semi_definitif,0
2021-2025,2015,ressources,comptedeproduction,productiondesbiensetservices,Production des biens et services,2025,1555.7,provisoire,0
2015-2020-base-2015,2015,ressources,comptedeproduction,productiondesbiensetservicesmarchands,Production des biens et services marchands,2015,30.8,definitif,0
2015-2020-base-2015,2015,ressources,comptedeproduction,productiondesbiensetservicesmarchands,Production des biens et services marchands,2016,31.4,definitif,0
2017-2021,2015,ressources,comptedeproduction,productiondesbiensetservicesmarchands,Production des biens et services marchands,2017,40.5,definitif,0
2018-2022,2015,ressources,comptedeproduction,productiondesbiensetservicesmarchands,Production des biens et services marchands,2018,36.1,definitif,0
2019-2023,2015,ressources,comptedeproduction,productiondesbiensetservicesmarchands,Production des biens et services marchands,2019,37.9,definitif,0
2020-2024,2015,ressources,comptedeproduction,productiondesbiensetservicesmarchands,Production des biens et services marchands,2020,34.4,definitif,0
2021-2025,2015,ressources,comptedeproduction,productiondesbiensetservicesmarchands,Production des biens et services marchands,2021,36.8,definitif,0
2021-2025,2015,ressources,comptedeproduction,productiondesbiensetservicesmarchands,Production des biens et services marchands,2022,43.4,definitif,0
2021-2025,2015,ressources,comptedeproduction,productiondesbiensetservicesmarchands,Production des biens et services marchands,2023,46.8,definitif,0
2021-2025,2015,ressources,comptedeproduction,productiondesbiensetservicesmarchands,Production des biens et services marchands,2024,49.3,semi_definitif,0
2021-2025,2015,ressources,comptedeproduction,productiondesbiensetservicesmarchands,Production des biens et services marchands,2025,52.1,provisoire,0
2015-2020-base-2015,2015,ressources,comptedeproduction,productiondesservicesnonmarchands,Production des services non marchands,2015,829.9,definitif,0
2015-2020-base-2015,2015,ressources,comptedeproduction,productiondesservicesnonmarchands,Production des services non marchands,2016,903.4,definitif,0
2017-2021,2015,ressources,comptedeproduction,productiondesservicesnonmarchands,Production des services non marchands,2017,936.6,definitif,0
2018-2022,2015,ressources,comptedeproduction,productiondesservicesnonmarchands,Production des services non marchands,2018,1027.8,definitif,0
2019-2023,2015,ressources,comptedeproduction,productiondesservicesnonmarchands,Production des services non marchands,2019,1119.5,definitif,0
2020-2024,2015,ressources,comptedeproduction,productiondesservicesnonmarchands,Production des services non marchands,2020,1179.6,definitif,0
2021-2025,2015,ressources,comptedeproduction,productiondesservicesnonmarchands,Production des services non marchands,2021,1274.1,definitif,0
2021-2025,2015,ressources,comptedeproduction,productiondesservicesnonmarchands,Production des services non marchands,2022,1349.9,definitif,0
2021-2025,2015,ressources,comptedeproduction,productiondesservicesnonmarchands,Production des services non marchands,2023,1366.2,definitif,0
2021-2025,2015,ressources,comptedeproduction,productiondesservicesnonmarchands,Production des services non marchands,2024,1473.7,semi_definitif,0
2021-2025,2015,ressources,comptedeproduction,productiondesservicesnonmarchands,Production des services non marchands,2025,1503.6,provisoire,0
2015-2020-base-2015,2015,ressources,comptedexploitation,valeurajouteebrute,Valeur ajoutée brute,2015,643.1,definitif,0
2015-2020-base-2015,2015,ressources,comptedexploitation,valeurajouteebrute,Valeur ajoutée brute,2016,701.8,definitif,0
2017-2021,2015,ressources,comptedexploitation,valeurajouteebrute,Valeur ajoutée brute,2017,732.3,definitif,0
2018-2022,2015,ressources,comptedexploitation,valeurajouteebrute,Valeur ajoutée brute,2018,757.9,definitif,0
2019-2023,2015,ressources,comptedexploitation,valeurajouteebrute,Valeur ajoutée brute,2019,848.1,definitif,0
2020-2024,2015,ressources,comptedexploitation,valeurajouteebrute,Valeur ajoutée brute,2020,925.4,definitif,0
2021-2025,2015,ressources,comptedexploitation,valeurajouteebrute,Valeur ajoutée brute,2021,1000.0,definitif,0
2021-2025,2015,ressources,comptedexploitation,valeurajouteebrute,Valeur ajoutée brute,2022,1023.6,definitif,0
2021-2025,2015,ressources,comptedexploitation,valeurajouteebrute,Valeur ajoutée brute,2023,1013.8,definitif,0
2021-2025,2015,ressources,comptedexploitation,valeurajouteebrute,Valeur ajoutée brute,2024,1078.1,semi_definitif,0
2021-2025,2015,ressources,comptedexploitation,valeurajouteebrute,Valeur ajoutée brute,2025,1089.1,provisoire,0
2015-2020-base-2015,2015,ressources,comptedutilisationdurevenudisponible,revenudisponiblebrut,Revenu disponible brut,2015,1186.4,definitif,0
2015-2020-base-2015,2015,ressources,comptedutilisationdurevenudisponible,revenudisponiblebrut,Revenu disponible brut,2016,1072.2,definitif,0
2017-2021,2015,ressources,comptedutilisationdurevenudisponible,revenudisponiblebrut,Revenu disponible brut,2017,1127.6,definitif,0
2018-2022,2015,ressources,comptedutilisationdurevenudisponible,revenudisponiblebrut,Revenu disponible brut,2018,1246.3,definitif,0
2019-2023,2015,ressources,comptedutilisationdurevenudisponible,revenudisponiblebrut,Revenu disponible brut,2019,1350.2,definitif,0
2020-2024,2015,ressources,comptedutilisationdurevenudisponible,revenudisponiblebrut,Revenu disponible brut,2020,1323.5,definitif,0
2021-2025,2015,ressources,comptedutilisationdurevenudisponible,revenudisponiblebrut,Revenu disponible brut,2021,1410.7,definitif,0
2021-2025,2015,ressources,comptedutilisationdurevenudisponible,revenudisponiblebrut,Revenu disponible brut,2022,1604.2,definitif,0
2021-2025,2015,ressources,comptedutilisationdurevenudisponible,revenudisponiblebrut,Revenu disponible brut,2023,1634.9,definitif,0
2021-2025,2015,ressources,comptedutilisationdurevenudisponible,revenudisponiblebrut,Revenu disponible brut,2024,1830.6,semi_definitif,0
2021-2025,2015,ressources,comptedutilisationdurevenudisponible,revenudisponiblebrut,Revenu disponible brut,2025,1962.9,provisoire,0
2015-2020-base-2015,2015,ressources,comptefinancier,credits,Crédits,2015,-12.0,definitif,0
2015-2020-base-2015,2015,ressources,comptefinancier,credits,Crédits,2016,-26.0,definitif,0
2017-2021,2015,ressources,comptefinancier,credits,Crédits,2017,-22.6,definitif,0
2018-2022,2015,ressources,comptefinancier,credits,Crédits,2018,-5.6,definitif,0
2019-2023,2015,ressources,comptefinancier,credits,Crédits,2019,-12.2,definitif,0
2020-2024,2015,ressources,comptefinancier,credits,Crédits,2020,-11.2,definitif,0
2021-2025,2015,ressources,comptefinancier,credits,Crédits,2021,-23.0,definitif,0
2021-2025,2015,ressources,comptefinancier,credits,Crédits,2022,-13.4,definitif,0
2021-2025,2015,ressources,comptefinancier,credits,Crédits,2023,-13.6,definitif,0
2021-2025,2015,ressources,comptefinancier,credits,Crédits,2024,-23.2,semi_definitif,0
2021-2025,2015,ressources,comptefinancier,credits,Crédits,2025,-16.4,provisoire,0
2015-2020-base-2015,2015,ressources,comptefinancier,soldedescreancesetdettes,Solde des créances et dettes,2015,153.1,definitif,0
2015-2020-base-2015,2015,ressources,comptefinancier,soldedescreancesetdettes,Solde des créances et dettes,2016,59.6,definitif,0
2017-2021,2015,ressources,comptefinancier,soldedescreancesetdettes,Solde des créances et dettes,2017,-36.7,definitif,0
2018-2022,2015,ressources,comptefinancier,soldedescreancesetdettes,Solde des créances et dettes,2018,103.9,definitif,0
2019-2023,2015,ressources,comptefinancier,soldedescreancesetdettes,Solde des créances et dettes,2019,224.8,definitif,0
2020-2024,2015,ressources,comptefinancier,soldedescreancesetdettes,Solde des créances et dettes,2020,184.1,definitif,0
2021-2025,2015,ressources,comptefinancier,soldedescreancesetdettes,Solde des créances et dettes,2021,306.4,definitif,0
2021-2025,2015,ressources,comptefinancier,soldedescreancesetdettes,Solde des créances et dettes,2022,214.1,definitif,0
2021-2025,2015,ressources,comptefinancier,soldedescreancesetdettes,Solde des créances et dettes,2023,302.5,definitif,0
2021-2025,2015,ressources,comptefinancier,soldedescreancesetdettes,Solde des créances et dettes,2024,459.3,semi_definitif,0
2021-2025,2015,ressources,comptefinancier,soldedescreancesetdettes,Solde des créances et dettes,2025,549.0,provisoire,0
