annee,sexe,branche,tranche,libelle_source,grandeur,valeur,valeur_imprimee,unite,smig_retenu_par_la_source_D,regime_du_smig,source_id,source,page_pdf,tableau,champ,lecture
2007,ensemble,Ensemble,<1,salaire inférieur au SMIG,part,54.5,54.5,% des salariés,240,non précisé par la source,ins-micro-entreprises-2007,"INS, Les micro-entreprises en 2007",10,texte (pas de tableau),« Le champ de l’enquête sur les micro-entreprises de 2007 couvre les activités non agricoles. » (p. 7) « Le nombre d’entreprises de moins de 6 salariés intégré dans le champ de l’enquête s’élève à 503536. » (p. 7) « L’exploitation de l’enquête a été faite sur la base des 7144 entreprises répondantes n’ayant pas de comptabilité » (p. 8) « personnes employées d’une façon permanente dans l’entreprise » (p. 8),couche texte
2007,femmes,Ensemble,<1,salaire inférieur au SMIG,part,73.1,73.1,% des salariés,240,non précisé par la source,ins-micro-entreprises-2007,"INS, Les micro-entreprises en 2007",10,texte (pas de tableau),« Le champ de l’enquête sur les micro-entreprises de 2007 couvre les activités non agricoles. » (p. 7) « Le nombre d’entreprises de moins de 6 salariés intégré dans le champ de l’enquête s’élève à 503536. » (p. 7) « L’exploitation de l’enquête a été faite sur la base des 7144 entreprises répondantes n’ayant pas de comptabilité » (p. 8) « personnes employées d’une façon permanente dans l’entreprise » (p. 8),couche texte
2007,hommes,Ensemble,<1,salaire inférieur au SMIG,part,47.6,47.6,% des salariés,240,non précisé par la source,ins-micro-entreprises-2007,"INS, Les micro-entreprises en 2007",10,texte (pas de tableau),« Le champ de l’enquête sur les micro-entreprises de 2007 couvre les activités non agricoles. » (p. 7) « Le nombre d’entreprises de moins de 6 salariés intégré dans le champ de l’enquête s’élève à 503536. » (p. 7) « L’exploitation de l’enquête a été faite sur la base des 7144 entreprises répondantes n’ayant pas de comptabilité » (p. 8) « personnes employées d’une façon permanente dans l’entreprise » (p. 8),couche texte
2012,ensemble,Ensemble,<1,salaire inférieur au SMIG,part,49.9,"49,9",% des salariés,301,non précisé par la source,ins-micro-entreprises-2012,"INS, Les micro-entreprises en 2012",11,texte (pas de tableau),« Le champ de l’enquête sur les micro-entreprises de 2012 couvre les activités non agricoles. » (p. 9) « Le nombre d’entreprises de moins de 6 salariés intégré dans le champ de l’enquête s’élève à 608146. » (p. 9) « L’exploitation de l’enquête a été faite sur la base des 5572 entreprises répondantes n’ayant pas de comptabilité » (p. 10) « personnes employées d’une façon permanente dans l’entreprise » (p. 10),couche texte
2012,femmes,Ensemble,<1,salaire inférieur au SMIG,part,76.7,"76,7",% des salariés,301,non précisé par la source,ins-micro-entreprises-2012,"INS, Les micro-entreprises en 2012",11,texte (pas de tableau),« Le champ de l’enquête sur les micro-entreprises de 2012 couvre les activités non agricoles. » (p. 9) « Le nombre d’entreprises de moins de 6 salariés intégré dans le champ de l’enquête s’élève à 608146. » (p. 9) « L’exploitation de l’enquête a été faite sur la base des 5572 entreprises répondantes n’ayant pas de comptabilité » (p. 10) « personnes employées d’une façon permanente dans l’entreprise » (p. 10),couche texte
2012,hommes,Ensemble,<1,salaire inférieur au SMIG,part,37.7,"37,7",% des salariés,301,non précisé par la source,ins-micro-entreprises-2012,"INS, Les micro-entreprises en 2012",11,texte (pas de tableau),« Le champ de l’enquête sur les micro-entreprises de 2012 couvre les activités non agricoles. » (p. 9) « Le nombre d’entreprises de moins de 6 salariés intégré dans le champ de l’enquête s’élève à 608146. » (p. 9) « L’exploitation de l’enquête a été faite sur la base des 5572 entreprises répondantes n’ayant pas de comptabilité » (p. 10) « personnes employées d’une façon permanente dans l’entreprise » (p. 10),couche texte
2012,ensemble,Ensemble,1-1.25,"salaire compris entre une fois et 1,25 fois le SMIG",part,18.4,"18,4",% des salariés,301,non précisé par la source,ins-micro-entreprises-2012,"INS, Les micro-entreprises en 2012",11,texte (pas de tableau),« Le champ de l’enquête sur les micro-entreprises de 2012 couvre les activités non agricoles. » (p. 9) « Le nombre d’entreprises de moins de 6 salariés intégré dans le champ de l’enquête s’élève à 608146. » (p. 9) « L’exploitation de l’enquête a été faite sur la base des 5572 entreprises répondantes n’ayant pas de comptabilité » (p. 10) « personnes employées d’une façon permanente dans l’entreprise » (p. 10),couche texte
2012,ensemble,Ensemble,<1,salaire inférieur au SMIG,part,49.9,"49,9",% des salariés,301,non précisé par la source,ins-micro-entreprises-2012,"INS, Les micro-entreprises en 2012",34,texte (pas de tableau),« Le champ de l’enquête sur les micro-entreprises de 2012 couvre les activités non agricoles. » (p. 9) « Le nombre d’entreprises de moins de 6 salariés intégré dans le champ de l’enquête s’élève à 608146. » (p. 9) « L’exploitation de l’enquête a été faite sur la base des 5572 entreprises répondantes n’ayant pas de comptabilité » (p. 10) « personnes employées d’une façon permanente dans l’entreprise » (p. 10),couche texte
2012,ensemble,Ensemble,<0.5,salaire inférieur à la moitié du SMIG,part,10.3,"10,3",% des salariés,301,non précisé par la source,ins-micro-entreprises-2012,"INS, Les micro-entreprises en 2012",34,texte (pas de tableau),« Le champ de l’enquête sur les micro-entreprises de 2012 couvre les activités non agricoles. » (p. 9) « Le nombre d’entreprises de moins de 6 salariés intégré dans le champ de l’enquête s’élève à 608146. » (p. 9) « L’exploitation de l’enquête a été faite sur la base des 5572 entreprises répondantes n’ayant pas de comptabilité » (p. 10) « personnes employées d’une façon permanente dans l’entreprise » (p. 10),couche texte
2012,ensemble,Ensemble,<0.75,inférieur à 75% du SMIG,part,20.9,"20,9",% des salariés,301,non précisé par la source,ins-micro-entreprises-2012,"INS, Les micro-entreprises en 2012",34,texte (pas de tableau),« Le champ de l’enquête sur les micro-entreprises de 2012 couvre les activités non agricoles. » (p. 9) « Le nombre d’entreprises de moins de 6 salariés intégré dans le champ de l’enquête s’élève à 608146. » (p. 9) « L’exploitation de l’enquête a été faite sur la base des 5572 entreprises répondantes n’ayant pas de comptabilité » (p. 10) « personnes employées d’une façon permanente dans l’entreprise » (p. 10),couche texte
2012,hommes,Ensemble,<1,gagnent moins que le SMIG,part,37.7,"37,7",% des salariés,301,non précisé par la source,ins-micro-entreprises-2012,"INS, Les micro-entreprises en 2012",34,texte (pas de tableau),« Le champ de l’enquête sur les micro-entreprises de 2012 couvre les activités non agricoles. » (p. 9) « Le nombre d’entreprises de moins de 6 salariés intégré dans le champ de l’enquête s’élève à 608146. » (p. 9) « L’exploitation de l’enquête a été faite sur la base des 5572 entreprises répondantes n’ayant pas de comptabilité » (p. 10) « personnes employées d’une façon permanente dans l’entreprise » (p. 10),couche texte
2012,femmes,Ensemble,<1,gagnent moins que le SMIG,part,76.7,"76,7",% des salariés,301,non précisé par la source,ins-micro-entreprises-2012,"INS, Les micro-entreprises en 2012",34,texte (pas de tableau),« Le champ de l’enquête sur les micro-entreprises de 2012 couvre les activités non agricoles. » (p. 9) « Le nombre d’entreprises de moins de 6 salariés intégré dans le champ de l’enquête s’élève à 608146. » (p. 9) « L’exploitation de l’enquête a été faite sur la base des 5572 entreprises répondantes n’ayant pas de comptabilité » (p. 10) « personnes employées d’une façon permanente dans l’entreprise » (p. 10),couche texte
2016,ensemble,Ensemble,<1,salaire inférieur au SMIG,part,32.3,"32,3",% des salariés,357,non précisé par la source,ins-micro-entreprises-2016,"INS, Le secteur des micro-entreprises en Tunisie 2016",10,texte (pas de tableau),« Le champ de l’enquête sur les micro-entreprises de 2016 couvre les activités non agricoles. » (p. 9) « Le nombre d’entreprises de moins de 6 salariés et ayant un chiffre d’affaire inférieur à 1 million de dinars intégré dans le champ de l’enquête s’élève à 704241. » (p. 9) « L’exploitation de l’enquête a été faite sur la base des 7179 entreprises répondantes n’ayant pas de comptabilité » (p. 9) « personnes employées d’une façon permanente dans l’entreprise » (p. 10),couche texte
2016,ensemble,Ensemble,1-1.25,"salaire compris entre une fois et 1,25 fois le SMIG",part,20.6,"20,6",% des salariés,357,non précisé par la source,ins-micro-entreprises-2016,"INS, Le secteur des micro-entreprises en Tunisie 2016",10,texte (pas de tableau),« Le champ de l’enquête sur les micro-entreprises de 2016 couvre les activités non agricoles. » (p. 9) « Le nombre d’entreprises de moins de 6 salariés et ayant un chiffre d’affaire inférieur à 1 million de dinars intégré dans le champ de l’enquête s’élève à 704241. » (p. 9) « L’exploitation de l’enquête a été faite sur la base des 7179 entreprises répondantes n’ayant pas de comptabilité » (p. 9) « personnes employées d’une façon permanente dans l’entreprise » (p. 10),couche texte
2016,ensemble,Ensemble,<1,salaire inférieur au SMIG,part,32.3,"32,3",% des salariés,357,non précisé par la source,ins-micro-entreprises-2016,"INS, Le secteur des micro-entreprises en Tunisie 2016",35,texte (pas de tableau),« Le champ de l’enquête sur les micro-entreprises de 2016 couvre les activités non agricoles. » (p. 9) « Le nombre d’entreprises de moins de 6 salariés et ayant un chiffre d’affaire inférieur à 1 million de dinars intégré dans le champ de l’enquête s’élève à 704241. » (p. 9) « L’exploitation de l’enquête a été faite sur la base des 7179 entreprises répondantes n’ayant pas de comptabilité » (p. 9) « personnes employées d’une façon permanente dans l’entreprise » (p. 10),couche texte
2016,hommes,Ensemble,<1,gagnent moins que le SMIG,part,18.3,"18,3",% des salariés,357,non précisé par la source,ins-micro-entreprises-2016,"INS, Le secteur des micro-entreprises en Tunisie 2016",35,texte (pas de tableau),« Le champ de l’enquête sur les micro-entreprises de 2016 couvre les activités non agricoles. » (p. 9) « Le nombre d’entreprises de moins de 6 salariés et ayant un chiffre d’affaire inférieur à 1 million de dinars intégré dans le champ de l’enquête s’élève à 704241. » (p. 9) « L’exploitation de l’enquête a été faite sur la base des 7179 entreprises répondantes n’ayant pas de comptabilité » (p. 9) « personnes employées d’une façon permanente dans l’entreprise » (p. 10),couche texte
2016,femmes,Ensemble,<1,gagnent moins que le SMIG,part,61.3,"61,3",% des salariés,357,non précisé par la source,ins-micro-entreprises-2016,"INS, Le secteur des micro-entreprises en Tunisie 2016",35,texte (pas de tableau),« Le champ de l’enquête sur les micro-entreprises de 2016 couvre les activités non agricoles. » (p. 9) « Le nombre d’entreprises de moins de 6 salariés et ayant un chiffre d’affaire inférieur à 1 million de dinars intégré dans le champ de l’enquête s’élève à 704241. » (p. 9) « L’exploitation de l’enquête a été faite sur la base des 7179 entreprises répondantes n’ayant pas de comptabilité » (p. 9) « personnes employées d’une façon permanente dans l’entreprise » (p. 10),couche texte
2007,ensemble,Industries,<0.5,<0.5 SMIG,part,17.6,17.6,% des salariés,240,non précisé par la source,ins-micro-entreprises-2012,"INS, Les micro-entreprises en 2012",18,"Tableau 8 : Répartition des salariés des micro-entreprises selon le salaire perçu en proportion du SMIG, en 2007 et 2012.",« Le champ de l’enquête sur les micro-entreprises de 2012 couvre les activités non agricoles. » (p. 9) « Le nombre d’entreprises de moins de 6 salariés intégré dans le champ de l’enquête s’élève à 608146. » (p. 9) « L’exploitation de l’enquête a été faite sur la base des 5572 entreprises répondantes n’ayant pas de comptabilité » (p. 10) « personnes employées d’une façon permanente dans l’entreprise » (p. 10),couche texte
2012,ensemble,Industries,<0.5,<0.5 SMIG,part,6.3,6.3,% des salariés,301,non précisé par la source,ins-micro-entreprises-2012,"INS, Les micro-entreprises en 2012",18,"Tableau 8 : Répartition des salariés des micro-entreprises selon le salaire perçu en proportion du SMIG, en 2007 et 2012.",« Le champ de l’enquête sur les micro-entreprises de 2012 couvre les activités non agricoles. » (p. 9) « Le nombre d’entreprises de moins de 6 salariés intégré dans le champ de l’enquête s’élève à 608146. » (p. 9) « L’exploitation de l’enquête a été faite sur la base des 5572 entreprises répondantes n’ayant pas de comptabilité » (p. 10) « personnes employées d’une façon permanente dans l’entreprise » (p. 10),couche texte
2007,ensemble,Industries,<1,<SMIG,part,52.3,52.3,% des salariés,240,non précisé par la source,ins-micro-entreprises-2012,"INS, Les micro-entreprises en 2012",18,"Tableau 8 : Répartition des salariés des micro-entreprises selon le salaire perçu en proportion du SMIG, en 2007 et 2012.",« Le champ de l’enquête sur les micro-entreprises de 2012 couvre les activités non agricoles. » (p. 9) « Le nombre d’entreprises de moins de 6 salariés intégré dans le champ de l’enquête s’élève à 608146. » (p. 9) « L’exploitation de l’enquête a été faite sur la base des 5572 entreprises répondantes n’ayant pas de comptabilité » (p. 10) « personnes employées d’une façon permanente dans l’entreprise » (p. 10),couche texte
2012,ensemble,Industries,<1,<SMIG,part,43.1,43.1,% des salariés,301,non précisé par la source,ins-micro-entreprises-2012,"INS, Les micro-entreprises en 2012",18,"Tableau 8 : Répartition des salariés des micro-entreprises selon le salaire perçu en proportion du SMIG, en 2007 et 2012.",« Le champ de l’enquête sur les micro-entreprises de 2012 couvre les activités non agricoles. » (p. 9) « Le nombre d’entreprises de moins de 6 salariés intégré dans le champ de l’enquête s’élève à 608146. » (p. 9) « L’exploitation de l’enquête a été faite sur la base des 5572 entreprises répondantes n’ayant pas de comptabilité » (p. 10) « personnes employées d’une façon permanente dans l’entreprise » (p. 10),couche texte
2007,ensemble,"Dont textile, habillement",<0.5,<0.5 SMIG,part,35.4,35.4,% des salariés,240,non précisé par la source,ins-micro-entreprises-2012,"INS, Les micro-entreprises en 2012",18,"Tableau 8 : Répartition des salariés des micro-entreprises selon le salaire perçu en proportion du SMIG, en 2007 et 2012.",« Le champ de l’enquête sur les micro-entreprises de 2012 couvre les activités non agricoles. » (p. 9) « Le nombre d’entreprises de moins de 6 salariés intégré dans le champ de l’enquête s’élève à 608146. » (p. 9) « L’exploitation de l’enquête a été faite sur la base des 5572 entreprises répondantes n’ayant pas de comptabilité » (p. 10) « personnes employées d’une façon permanente dans l’entreprise » (p. 10),couche texte
2012,ensemble,"Dont textile, habillement",<0.5,<0.5 SMIG,part,0.9,0.9,% des salariés,301,non précisé par la source,ins-micro-entreprises-2012,"INS, Les micro-entreprises en 2012",18,"Tableau 8 : Répartition des salariés des micro-entreprises selon le salaire perçu en proportion du SMIG, en 2007 et 2012.",« Le champ de l’enquête sur les micro-entreprises de 2012 couvre les activités non agricoles. » (p. 9) « Le nombre d’entreprises de moins de 6 salariés intégré dans le champ de l’enquête s’élève à 608146. » (p. 9) « L’exploitation de l’enquête a été faite sur la base des 5572 entreprises répondantes n’ayant pas de comptabilité » (p. 10) « personnes employées d’une façon permanente dans l’entreprise » (p. 10),couche texte
2007,ensemble,"Dont textile, habillement",<1,<SMIG,part,61.4,61.4,% des salariés,240,non précisé par la source,ins-micro-entreprises-2012,"INS, Les micro-entreprises en 2012",18,"Tableau 8 : Répartition des salariés des micro-entreprises selon le salaire perçu en proportion du SMIG, en 2007 et 2012.",« Le champ de l’enquête sur les micro-entreprises de 2012 couvre les activités non agricoles. » (p. 9) « Le nombre d’entreprises de moins de 6 salariés intégré dans le champ de l’enquête s’élève à 608146. » (p. 9) « L’exploitation de l’enquête a été faite sur la base des 5572 entreprises répondantes n’ayant pas de comptabilité » (p. 10) « personnes employées d’une façon permanente dans l’entreprise » (p. 10),couche texte
2012,ensemble,"Dont textile, habillement",<1,<SMIG,part,52.1,52.1,% des salariés,301,non précisé par la source,ins-micro-entreprises-2012,"INS, Les micro-entreprises en 2012",18,"Tableau 8 : Répartition des salariés des micro-entreprises selon le salaire perçu en proportion du SMIG, en 2007 et 2012.",« Le champ de l’enquête sur les micro-entreprises de 2012 couvre les activités non agricoles. » (p. 9) « Le nombre d’entreprises de moins de 6 salariés intégré dans le champ de l’enquête s’élève à 608146. » (p. 9) « L’exploitation de l’enquête a été faite sur la base des 5572 entreprises répondantes n’ayant pas de comptabilité » (p. 10) « personnes employées d’une façon permanente dans l’entreprise » (p. 10),couche texte
2007,ensemble,Construction,<0.5,<0.5 SMIG,part,5.9,5.9,% des salariés,240,non précisé par la source,ins-micro-entreprises-2012,"INS, Les micro-entreprises en 2012",18,"Tableau 8 : Répartition des salariés des micro-entreprises selon le salaire perçu en proportion du SMIG, en 2007 et 2012.",« Le champ de l’enquête sur les micro-entreprises de 2012 couvre les activités non agricoles. » (p. 9) « Le nombre d’entreprises de moins de 6 salariés intégré dans le champ de l’enquête s’élève à 608146. » (p. 9) « L’exploitation de l’enquête a été faite sur la base des 5572 entreprises répondantes n’ayant pas de comptabilité » (p. 10) « personnes employées d’une façon permanente dans l’entreprise » (p. 10),couche texte
2012,ensemble,Construction,<0.5,<0.5 SMIG,part,3.2,3.2,% des salariés,301,non précisé par la source,ins-micro-entreprises-2012,"INS, Les micro-entreprises en 2012",18,"Tableau 8 : Répartition des salariés des micro-entreprises selon le salaire perçu en proportion du SMIG, en 2007 et 2012.",« Le champ de l’enquête sur les micro-entreprises de 2012 couvre les activités non agricoles. » (p. 9) « Le nombre d’entreprises de moins de 6 salariés intégré dans le champ de l’enquête s’élève à 608146. » (p. 9) « L’exploitation de l’enquête a été faite sur la base des 5572 entreprises répondantes n’ayant pas de comptabilité » (p. 10) « personnes employées d’une façon permanente dans l’entreprise » (p. 10),couche texte
2007,ensemble,Construction,<1,<SMIG,part,41.8,41.8,% des salariés,240,non précisé par la source,ins-micro-entreprises-2012,"INS, Les micro-entreprises en 2012",18,"Tableau 8 : Répartition des salariés des micro-entreprises selon le salaire perçu en proportion du SMIG, en 2007 et 2012.",« Le champ de l’enquête sur les micro-entreprises de 2012 couvre les activités non agricoles. » (p. 9) « Le nombre d’entreprises de moins de 6 salariés intégré dans le champ de l’enquête s’élève à 608146. » (p. 9) « L’exploitation de l’enquête a été faite sur la base des 5572 entreprises répondantes n’ayant pas de comptabilité » (p. 10) « personnes employées d’une façon permanente dans l’entreprise » (p. 10),couche texte
2012,ensemble,Construction,<1,<SMIG,part,32.9,32.9,% des salariés,301,non précisé par la source,ins-micro-entreprises-2012,"INS, Les micro-entreprises en 2012",18,"Tableau 8 : Répartition des salariés des micro-entreprises selon le salaire perçu en proportion du SMIG, en 2007 et 2012.",« Le champ de l’enquête sur les micro-entreprises de 2012 couvre les activités non agricoles. » (p. 9) « Le nombre d’entreprises de moins de 6 salariés intégré dans le champ de l’enquête s’élève à 608146. » (p. 9) « L’exploitation de l’enquête a été faite sur la base des 5572 entreprises répondantes n’ayant pas de comptabilité » (p. 10) « personnes employées d’une façon permanente dans l’entreprise » (p. 10),couche texte
2007,ensemble,Commerce,<0.5,<0.5 SMIG,part,14.2,14.2,% des salariés,240,non précisé par la source,ins-micro-entreprises-2012,"INS, Les micro-entreprises en 2012",18,"Tableau 8 : Répartition des salariés des micro-entreprises selon le salaire perçu en proportion du SMIG, en 2007 et 2012.",« Le champ de l’enquête sur les micro-entreprises de 2012 couvre les activités non agricoles. » (p. 9) « Le nombre d’entreprises de moins de 6 salariés intégré dans le champ de l’enquête s’élève à 608146. » (p. 9) « L’exploitation de l’enquête a été faite sur la base des 5572 entreprises répondantes n’ayant pas de comptabilité » (p. 10) « personnes employées d’une façon permanente dans l’entreprise » (p. 10),couche texte
2012,ensemble,Commerce,<0.5,<0.5 SMIG,part,17.2,17.2,% des salariés,301,non précisé par la source,ins-micro-entreprises-2012,"INS, Les micro-entreprises en 2012",18,"Tableau 8 : Répartition des salariés des micro-entreprises selon le salaire perçu en proportion du SMIG, en 2007 et 2012.",« Le champ de l’enquête sur les micro-entreprises de 2012 couvre les activités non agricoles. » (p. 9) « Le nombre d’entreprises de moins de 6 salariés intégré dans le champ de l’enquête s’élève à 608146. » (p. 9) « L’exploitation de l’enquête a été faite sur la base des 5572 entreprises répondantes n’ayant pas de comptabilité » (p. 10) « personnes employées d’une façon permanente dans l’entreprise » (p. 10),couche texte
2007,ensemble,Commerce,<1,<SMIG,part,62.8,62.8,% des salariés,240,non précisé par la source,ins-micro-entreprises-2012,"INS, Les micro-entreprises en 2012",18,"Tableau 8 : Répartition des salariés des micro-entreprises selon le salaire perçu en proportion du SMIG, en 2007 et 2012.",« Le champ de l’enquête sur les micro-entreprises de 2012 couvre les activités non agricoles. » (p. 9) « Le nombre d’entreprises de moins de 6 salariés intégré dans le champ de l’enquête s’élève à 608146. » (p. 9) « L’exploitation de l’enquête a été faite sur la base des 5572 entreprises répondantes n’ayant pas de comptabilité » (p. 10) « personnes employées d’une façon permanente dans l’entreprise » (p. 10),couche texte
2012,ensemble,Commerce,<1,<SMIG,part,56.5,56.5,% des salariés,301,non précisé par la source,ins-micro-entreprises-2012,"INS, Les micro-entreprises en 2012",18,"Tableau 8 : Répartition des salariés des micro-entreprises selon le salaire perçu en proportion du SMIG, en 2007 et 2012.",« Le champ de l’enquête sur les micro-entreprises de 2012 couvre les activités non agricoles. » (p. 9) « Le nombre d’entreprises de moins de 6 salariés intégré dans le champ de l’enquête s’élève à 608146. » (p. 9) « L’exploitation de l’enquête a été faite sur la base des 5572 entreprises répondantes n’ayant pas de comptabilité » (p. 10) « personnes employées d’une façon permanente dans l’entreprise » (p. 10),couche texte
2007,ensemble,Services,<0.5,<0.5 SMIG,part,17.8,17.8,% des salariés,240,non précisé par la source,ins-micro-entreprises-2012,"INS, Les micro-entreprises en 2012",18,"Tableau 8 : Répartition des salariés des micro-entreprises selon le salaire perçu en proportion du SMIG, en 2007 et 2012.",« Le champ de l’enquête sur les micro-entreprises de 2012 couvre les activités non agricoles. » (p. 9) « Le nombre d’entreprises de moins de 6 salariés intégré dans le champ de l’enquête s’élève à 608146. » (p. 9) « L’exploitation de l’enquête a été faite sur la base des 5572 entreprises répondantes n’ayant pas de comptabilité » (p. 10) « personnes employées d’une façon permanente dans l’entreprise » (p. 10),couche texte
2012,ensemble,Services,<0.5,<0.5 SMIG,part,8.6,8.6,% des salariés,301,non précisé par la source,ins-micro-entreprises-2012,"INS, Les micro-entreprises en 2012",18,"Tableau 8 : Répartition des salariés des micro-entreprises selon le salaire perçu en proportion du SMIG, en 2007 et 2012.",« Le champ de l’enquête sur les micro-entreprises de 2012 couvre les activités non agricoles. » (p. 9) « Le nombre d’entreprises de moins de 6 salariés intégré dans le champ de l’enquête s’élève à 608146. » (p. 9) « L’exploitation de l’enquête a été faite sur la base des 5572 entreprises répondantes n’ayant pas de comptabilité » (p. 10) « personnes employées d’une façon permanente dans l’entreprise » (p. 10),couche texte
2007,ensemble,Services,<1,<SMIG,part,51.8,51.8,% des salariés,240,non précisé par la source,ins-micro-entreprises-2012,"INS, Les micro-entreprises en 2012",18,"Tableau 8 : Répartition des salariés des micro-entreprises selon le salaire perçu en proportion du SMIG, en 2007 et 2012.",« Le champ de l’enquête sur les micro-entreprises de 2012 couvre les activités non agricoles. » (p. 9) « Le nombre d’entreprises de moins de 6 salariés intégré dans le champ de l’enquête s’élève à 608146. » (p. 9) « L’exploitation de l’enquête a été faite sur la base des 5572 entreprises répondantes n’ayant pas de comptabilité » (p. 10) « personnes employées d’une façon permanente dans l’entreprise » (p. 10),couche texte
2012,ensemble,Services,<1,<SMIG,part,49.9,49.9,% des salariés,301,non précisé par la source,ins-micro-entreprises-2012,"INS, Les micro-entreprises en 2012",18,"Tableau 8 : Répartition des salariés des micro-entreprises selon le salaire perçu en proportion du SMIG, en 2007 et 2012.",« Le champ de l’enquête sur les micro-entreprises de 2012 couvre les activités non agricoles. » (p. 9) « Le nombre d’entreprises de moins de 6 salariés intégré dans le champ de l’enquête s’élève à 608146. » (p. 9) « L’exploitation de l’enquête a été faite sur la base des 5572 entreprises répondantes n’ayant pas de comptabilité » (p. 10) « personnes employées d’une façon permanente dans l’entreprise » (p. 10),couche texte
2007,ensemble,Ensemble,<0.5,<0.5 SMIG,part,16.5,16.5,% des salariés,240,non précisé par la source,ins-micro-entreprises-2012,"INS, Les micro-entreprises en 2012",18,"Tableau 8 : Répartition des salariés des micro-entreprises selon le salaire perçu en proportion du SMIG, en 2007 et 2012.",« Le champ de l’enquête sur les micro-entreprises de 2012 couvre les activités non agricoles. » (p. 9) « Le nombre d’entreprises de moins de 6 salariés intégré dans le champ de l’enquête s’élève à 608146. » (p. 9) « L’exploitation de l’enquête a été faite sur la base des 5572 entreprises répondantes n’ayant pas de comptabilité » (p. 10) « personnes employées d’une façon permanente dans l’entreprise » (p. 10),couche texte
2012,ensemble,Ensemble,<0.5,<0.5 SMIG,part,10.3,10.3,% des salariés,301,non précisé par la source,ins-micro-entreprises-2012,"INS, Les micro-entreprises en 2012",18,"Tableau 8 : Répartition des salariés des micro-entreprises selon le salaire perçu en proportion du SMIG, en 2007 et 2012.",« Le champ de l’enquête sur les micro-entreprises de 2012 couvre les activités non agricoles. » (p. 9) « Le nombre d’entreprises de moins de 6 salariés intégré dans le champ de l’enquête s’élève à 608146. » (p. 9) « L’exploitation de l’enquête a été faite sur la base des 5572 entreprises répondantes n’ayant pas de comptabilité » (p. 10) « personnes employées d’une façon permanente dans l’entreprise » (p. 10),couche texte
2007,ensemble,Ensemble,<1,<SMIG,part,54.5,54.5,% des salariés,240,non précisé par la source,ins-micro-entreprises-2012,"INS, Les micro-entreprises en 2012",18,"Tableau 8 : Répartition des salariés des micro-entreprises selon le salaire perçu en proportion du SMIG, en 2007 et 2012.",« Le champ de l’enquête sur les micro-entreprises de 2012 couvre les activités non agricoles. » (p. 9) « Le nombre d’entreprises de moins de 6 salariés intégré dans le champ de l’enquête s’élève à 608146. » (p. 9) « L’exploitation de l’enquête a été faite sur la base des 5572 entreprises répondantes n’ayant pas de comptabilité » (p. 10) « personnes employées d’une façon permanente dans l’entreprise » (p. 10),couche texte
2012,ensemble,Ensemble,<1,<SMIG,part,49.9,49.9,% des salariés,301,non précisé par la source,ins-micro-entreprises-2012,"INS, Les micro-entreprises en 2012",18,"Tableau 8 : Répartition des salariés des micro-entreprises selon le salaire perçu en proportion du SMIG, en 2007 et 2012.",« Le champ de l’enquête sur les micro-entreprises de 2012 couvre les activités non agricoles. » (p. 9) « Le nombre d’entreprises de moins de 6 salariés intégré dans le champ de l’enquête s’élève à 608146. » (p. 9) « L’exploitation de l’enquête a été faite sur la base des 5572 entreprises répondantes n’ayant pas de comptabilité » (p. 10) « personnes employées d’une façon permanente dans l’entreprise » (p. 10),couche texte
2012,ensemble,Industries,<0.5,<0.5 SMIG,part,6.3,"6,3",% des salariés,301,non précisé par la source,ins-micro-entreprises-2016,"INS, Le secteur des micro-entreprises en Tunisie 2016",17,"Tableau 8 : Répartition des salariés des micro-entreprises selon le salaire perçu en proportion du SMIG, en 2012 et 2016",« Le champ de l’enquête sur les micro-entreprises de 2016 couvre les activités non agricoles. » (p. 9) « Le nombre d’entreprises de moins de 6 salariés et ayant un chiffre d’affaire inférieur à 1 million de dinars intégré dans le champ de l’enquête s’élève à 704241. » (p. 9) « L’exploitation de l’enquête a été faite sur la base des 7179 entreprises répondantes n’ayant pas de comptabilité » (p. 9) « personnes employées d’une façon permanente dans l’entreprise » (p. 10),couche texte
2016,ensemble,Industries,<0.5,<0.5 SMIG,part,4.9,4.9,% des salariés,357,non précisé par la source,ins-micro-entreprises-2016,"INS, Le secteur des micro-entreprises en Tunisie 2016",17,"Tableau 8 : Répartition des salariés des micro-entreprises selon le salaire perçu en proportion du SMIG, en 2012 et 2016",« Le champ de l’enquête sur les micro-entreprises de 2016 couvre les activités non agricoles. » (p. 9) « Le nombre d’entreprises de moins de 6 salariés et ayant un chiffre d’affaire inférieur à 1 million de dinars intégré dans le champ de l’enquête s’élève à 704241. » (p. 9) « L’exploitation de l’enquête a été faite sur la base des 7179 entreprises répondantes n’ayant pas de comptabilité » (p. 9) « personnes employées d’une façon permanente dans l’entreprise » (p. 10),couche texte
2012,ensemble,Industries,<1,<SMIG,part,43.1,"43,1",% des salariés,301,non précisé par la source,ins-micro-entreprises-2016,"INS, Le secteur des micro-entreprises en Tunisie 2016",17,"Tableau 8 : Répartition des salariés des micro-entreprises selon le salaire perçu en proportion du SMIG, en 2012 et 2016",« Le champ de l’enquête sur les micro-entreprises de 2016 couvre les activités non agricoles. » (p. 9) « Le nombre d’entreprises de moins de 6 salariés et ayant un chiffre d’affaire inférieur à 1 million de dinars intégré dans le champ de l’enquête s’élève à 704241. » (p. 9) « L’exploitation de l’enquête a été faite sur la base des 7179 entreprises répondantes n’ayant pas de comptabilité » (p. 9) « personnes employées d’une façon permanente dans l’entreprise » (p. 10),couche texte
2016,ensemble,Industries,<1,<SMIG,part,21.7,21.7,% des salariés,357,non précisé par la source,ins-micro-entreprises-2016,"INS, Le secteur des micro-entreprises en Tunisie 2016",17,"Tableau 8 : Répartition des salariés des micro-entreprises selon le salaire perçu en proportion du SMIG, en 2012 et 2016",« Le champ de l’enquête sur les micro-entreprises de 2016 couvre les activités non agricoles. » (p. 9) « Le nombre d’entreprises de moins de 6 salariés et ayant un chiffre d’affaire inférieur à 1 million de dinars intégré dans le champ de l’enquête s’élève à 704241. » (p. 9) « L’exploitation de l’enquête a été faite sur la base des 7179 entreprises répondantes n’ayant pas de comptabilité » (p. 9) « personnes employées d’une façon permanente dans l’entreprise » (p. 10),couche texte
2012,ensemble,"Dont textile, habillement",<0.5,<0.5 SMIG,part,9.9,"9,9",% des salariés,301,non précisé par la source,ins-micro-entreprises-2016,"INS, Le secteur des micro-entreprises en Tunisie 2016",17,"Tableau 8 : Répartition des salariés des micro-entreprises selon le salaire perçu en proportion du SMIG, en 2012 et 2016",« Le champ de l’enquête sur les micro-entreprises de 2016 couvre les activités non agricoles. » (p. 9) « Le nombre d’entreprises de moins de 6 salariés et ayant un chiffre d’affaire inférieur à 1 million de dinars intégré dans le champ de l’enquête s’élève à 704241. » (p. 9) « L’exploitation de l’enquête a été faite sur la base des 7179 entreprises répondantes n’ayant pas de comptabilité » (p. 9) « personnes employées d’une façon permanente dans l’entreprise » (p. 10),couche texte
2016,ensemble,"Dont textile, habillement",<0.5,<0.5 SMIG,part,8.1,8.1,% des salariés,357,non précisé par la source,ins-micro-entreprises-2016,"INS, Le secteur des micro-entreprises en Tunisie 2016",17,"Tableau 8 : Répartition des salariés des micro-entreprises selon le salaire perçu en proportion du SMIG, en 2012 et 2016",« Le champ de l’enquête sur les micro-entreprises de 2016 couvre les activités non agricoles. » (p. 9) « Le nombre d’entreprises de moins de 6 salariés et ayant un chiffre d’affaire inférieur à 1 million de dinars intégré dans le champ de l’enquête s’élève à 704241. » (p. 9) « L’exploitation de l’enquête a été faite sur la base des 7179 entreprises répondantes n’ayant pas de comptabilité » (p. 9) « personnes employées d’une façon permanente dans l’entreprise » (p. 10),couche texte
2012,ensemble,"Dont textile, habillement",<1,<SMIG,part,52.1,"52,1",% des salariés,301,non précisé par la source,ins-micro-entreprises-2016,"INS, Le secteur des micro-entreprises en Tunisie 2016",17,"Tableau 8 : Répartition des salariés des micro-entreprises selon le salaire perçu en proportion du SMIG, en 2012 et 2016",« Le champ de l’enquête sur les micro-entreprises de 2016 couvre les activités non agricoles. » (p. 9) « Le nombre d’entreprises de moins de 6 salariés et ayant un chiffre d’affaire inférieur à 1 million de dinars intégré dans le champ de l’enquête s’élève à 704241. » (p. 9) « L’exploitation de l’enquête a été faite sur la base des 7179 entreprises répondantes n’ayant pas de comptabilité » (p. 9) « personnes employées d’une façon permanente dans l’entreprise » (p. 10),couche texte
2016,ensemble,"Dont textile, habillement",<1,<SMIG,part,36.7,36.7,% des salariés,357,non précisé par la source,ins-micro-entreprises-2016,"INS, Le secteur des micro-entreprises en Tunisie 2016",17,"Tableau 8 : Répartition des salariés des micro-entreprises selon le salaire perçu en proportion du SMIG, en 2012 et 2016",« Le champ de l’enquête sur les micro-entreprises de 2016 couvre les activités non agricoles. » (p. 9) « Le nombre d’entreprises de moins de 6 salariés et ayant un chiffre d’affaire inférieur à 1 million de dinars intégré dans le champ de l’enquête s’élève à 704241. » (p. 9) « L’exploitation de l’enquête a été faite sur la base des 7179 entreprises répondantes n’ayant pas de comptabilité » (p. 9) « personnes employées d’une façon permanente dans l’entreprise » (p. 10),couche texte
2012,ensemble,Construction,<0.5,<0.5 SMIG,part,3.2,3.2,% des salariés,301,non précisé par la source,ins-micro-entreprises-2016,"INS, Le secteur des micro-entreprises en Tunisie 2016",17,"Tableau 8 : Répartition des salariés des micro-entreprises selon le salaire perçu en proportion du SMIG, en 2012 et 2016",« Le champ de l’enquête sur les micro-entreprises de 2016 couvre les activités non agricoles. » (p. 9) « Le nombre d’entreprises de moins de 6 salariés et ayant un chiffre d’affaire inférieur à 1 million de dinars intégré dans le champ de l’enquête s’élève à 704241. » (p. 9) « L’exploitation de l’enquête a été faite sur la base des 7179 entreprises répondantes n’ayant pas de comptabilité » (p. 9) « personnes employées d’une façon permanente dans l’entreprise » (p. 10),couche texte
2016,ensemble,Construction,<0.5,<0.5 SMIG,part,6.6,6.6,% des salariés,357,non précisé par la source,ins-micro-entreprises-2016,"INS, Le secteur des micro-entreprises en Tunisie 2016",17,"Tableau 8 : Répartition des salariés des micro-entreprises selon le salaire perçu en proportion du SMIG, en 2012 et 2016",« Le champ de l’enquête sur les micro-entreprises de 2016 couvre les activités non agricoles. » (p. 9) « Le nombre d’entreprises de moins de 6 salariés et ayant un chiffre d’affaire inférieur à 1 million de dinars intégré dans le champ de l’enquête s’élève à 704241. » (p. 9) « L’exploitation de l’enquête a été faite sur la base des 7179 entreprises répondantes n’ayant pas de comptabilité » (p. 9) « personnes employées d’une façon permanente dans l’entreprise » (p. 10),couche texte
2012,ensemble,Construction,<1,<SMIG,part,32.9,32.9,% des salariés,301,non précisé par la source,ins-micro-entreprises-2016,"INS, Le secteur des micro-entreprises en Tunisie 2016",17,"Tableau 8 : Répartition des salariés des micro-entreprises selon le salaire perçu en proportion du SMIG, en 2012 et 2016",« Le champ de l’enquête sur les micro-entreprises de 2016 couvre les activités non agricoles. » (p. 9) « Le nombre d’entreprises de moins de 6 salariés et ayant un chiffre d’affaire inférieur à 1 million de dinars intégré dans le champ de l’enquête s’élève à 704241. » (p. 9) « L’exploitation de l’enquête a été faite sur la base des 7179 entreprises répondantes n’ayant pas de comptabilité » (p. 9) « personnes employées d’une façon permanente dans l’entreprise » (p. 10),couche texte
2016,ensemble,Construction,<1,<SMIG,part,13.0,13.0,% des salariés,357,non précisé par la source,ins-micro-entreprises-2016,"INS, Le secteur des micro-entreprises en Tunisie 2016",17,"Tableau 8 : Répartition des salariés des micro-entreprises selon le salaire perçu en proportion du SMIG, en 2012 et 2016",« Le champ de l’enquête sur les micro-entreprises de 2016 couvre les activités non agricoles. » (p. 9) « Le nombre d’entreprises de moins de 6 salariés et ayant un chiffre d’affaire inférieur à 1 million de dinars intégré dans le champ de l’enquête s’élève à 704241. » (p. 9) « L’exploitation de l’enquête a été faite sur la base des 7179 entreprises répondantes n’ayant pas de comptabilité » (p. 9) « personnes employées d’une façon permanente dans l’entreprise » (p. 10),couche texte
2012,ensemble,Commerce,<0.5,<0.5 SMIG,part,17.2,17.2,% des salariés,301,non précisé par la source,ins-micro-entreprises-2016,"INS, Le secteur des micro-entreprises en Tunisie 2016",17,"Tableau 8 : Répartition des salariés des micro-entreprises selon le salaire perçu en proportion du SMIG, en 2012 et 2016",« Le champ de l’enquête sur les micro-entreprises de 2016 couvre les activités non agricoles. » (p. 9) « Le nombre d’entreprises de moins de 6 salariés et ayant un chiffre d’affaire inférieur à 1 million de dinars intégré dans le champ de l’enquête s’élève à 704241. » (p. 9) « L’exploitation de l’enquête a été faite sur la base des 7179 entreprises répondantes n’ayant pas de comptabilité » (p. 9) « personnes employées d’une façon permanente dans l’entreprise » (p. 10),couche texte
2016,ensemble,Commerce,<0.5,<0.5 SMIG,part,11.1,11.1,% des salariés,357,non précisé par la source,ins-micro-entreprises-2016,"INS, Le secteur des micro-entreprises en Tunisie 2016",17,"Tableau 8 : Répartition des salariés des micro-entreprises selon le salaire perçu en proportion du SMIG, en 2012 et 2016",« Le champ de l’enquête sur les micro-entreprises de 2016 couvre les activités non agricoles. » (p. 9) « Le nombre d’entreprises de moins de 6 salariés et ayant un chiffre d’affaire inférieur à 1 million de dinars intégré dans le champ de l’enquête s’élève à 704241. » (p. 9) « L’exploitation de l’enquête a été faite sur la base des 7179 entreprises répondantes n’ayant pas de comptabilité » (p. 9) « personnes employées d’une façon permanente dans l’entreprise » (p. 10),couche texte
2012,ensemble,Commerce,<1,<SMIG,part,56.5,56.5,% des salariés,301,non précisé par la source,ins-micro-entreprises-2016,"INS, Le secteur des micro-entreprises en Tunisie 2016",17,"Tableau 8 : Répartition des salariés des micro-entreprises selon le salaire perçu en proportion du SMIG, en 2012 et 2016",« Le champ de l’enquête sur les micro-entreprises de 2016 couvre les activités non agricoles. » (p. 9) « Le nombre d’entreprises de moins de 6 salariés et ayant un chiffre d’affaire inférieur à 1 million de dinars intégré dans le champ de l’enquête s’élève à 704241. » (p. 9) « L’exploitation de l’enquête a été faite sur la base des 7179 entreprises répondantes n’ayant pas de comptabilité » (p. 9) « personnes employées d’une façon permanente dans l’entreprise » (p. 10),couche texte
2016,ensemble,Commerce,<1,<SMIG,part,41.4,41.4,% des salariés,357,non précisé par la source,ins-micro-entreprises-2016,"INS, Le secteur des micro-entreprises en Tunisie 2016",17,"Tableau 8 : Répartition des salariés des micro-entreprises selon le salaire perçu en proportion du SMIG, en 2012 et 2016",« Le champ de l’enquête sur les micro-entreprises de 2016 couvre les activités non agricoles. » (p. 9) « Le nombre d’entreprises de moins de 6 salariés et ayant un chiffre d’affaire inférieur à 1 million de dinars intégré dans le champ de l’enquête s’élève à 704241. » (p. 9) « L’exploitation de l’enquête a été faite sur la base des 7179 entreprises répondantes n’ayant pas de comptabilité » (p. 9) « personnes employées d’une façon permanente dans l’entreprise » (p. 10),couche texte
2012,ensemble,Services,<0.5,<0.5 SMIG,part,8.6,8.6,% des salariés,301,non précisé par la source,ins-micro-entreprises-2016,"INS, Le secteur des micro-entreprises en Tunisie 2016",17,"Tableau 8 : Répartition des salariés des micro-entreprises selon le salaire perçu en proportion du SMIG, en 2012 et 2016",« Le champ de l’enquête sur les micro-entreprises de 2016 couvre les activités non agricoles. » (p. 9) « Le nombre d’entreprises de moins de 6 salariés et ayant un chiffre d’affaire inférieur à 1 million de dinars intégré dans le champ de l’enquête s’élève à 704241. » (p. 9) « L’exploitation de l’enquête a été faite sur la base des 7179 entreprises répondantes n’ayant pas de comptabilité » (p. 9) « personnes employées d’une façon permanente dans l’entreprise » (p. 10),couche texte
2016,ensemble,Services,<0.5,<0.5 SMIG,part,5.9,5.9,% des salariés,357,non précisé par la source,ins-micro-entreprises-2016,"INS, Le secteur des micro-entreprises en Tunisie 2016",17,"Tableau 8 : Répartition des salariés des micro-entreprises selon le salaire perçu en proportion du SMIG, en 2012 et 2016",« Le champ de l’enquête sur les micro-entreprises de 2016 couvre les activités non agricoles. » (p. 9) « Le nombre d’entreprises de moins de 6 salariés et ayant un chiffre d’affaire inférieur à 1 million de dinars intégré dans le champ de l’enquête s’élève à 704241. » (p. 9) « L’exploitation de l’enquête a été faite sur la base des 7179 entreprises répondantes n’ayant pas de comptabilité » (p. 9) « personnes employées d’une façon permanente dans l’entreprise » (p. 10),couche texte
2012,ensemble,Services,<1,<SMIG,part,49.9,49.9,% des salariés,301,non précisé par la source,ins-micro-entreprises-2016,"INS, Le secteur des micro-entreprises en Tunisie 2016",17,"Tableau 8 : Répartition des salariés des micro-entreprises selon le salaire perçu en proportion du SMIG, en 2012 et 2016",« Le champ de l’enquête sur les micro-entreprises de 2016 couvre les activités non agricoles. » (p. 9) « Le nombre d’entreprises de moins de 6 salariés et ayant un chiffre d’affaire inférieur à 1 million de dinars intégré dans le champ de l’enquête s’élève à 704241. » (p. 9) « L’exploitation de l’enquête a été faite sur la base des 7179 entreprises répondantes n’ayant pas de comptabilité » (p. 9) « personnes employées d’une façon permanente dans l’entreprise » (p. 10),couche texte
2016,ensemble,Services,<1,<SMIG,part,34.3,34.3,% des salariés,357,non précisé par la source,ins-micro-entreprises-2016,"INS, Le secteur des micro-entreprises en Tunisie 2016",17,"Tableau 8 : Répartition des salariés des micro-entreprises selon le salaire perçu en proportion du SMIG, en 2012 et 2016",« Le champ de l’enquête sur les micro-entreprises de 2016 couvre les activités non agricoles. » (p. 9) « Le nombre d’entreprises de moins de 6 salariés et ayant un chiffre d’affaire inférieur à 1 million de dinars intégré dans le champ de l’enquête s’élève à 704241. » (p. 9) « L’exploitation de l’enquête a été faite sur la base des 7179 entreprises répondantes n’ayant pas de comptabilité » (p. 9) « personnes employées d’une façon permanente dans l’entreprise » (p. 10),couche texte
2012,ensemble,Ensemble,<0.5,<0.5 SMIG,part,10.3,10.3,% des salariés,301,non précisé par la source,ins-micro-entreprises-2016,"INS, Le secteur des micro-entreprises en Tunisie 2016",17,"Tableau 8 : Répartition des salariés des micro-entreprises selon le salaire perçu en proportion du SMIG, en 2012 et 2016",« Le champ de l’enquête sur les micro-entreprises de 2016 couvre les activités non agricoles. » (p. 9) « Le nombre d’entreprises de moins de 6 salariés et ayant un chiffre d’affaire inférieur à 1 million de dinars intégré dans le champ de l’enquête s’élève à 704241. » (p. 9) « L’exploitation de l’enquête a été faite sur la base des 7179 entreprises répondantes n’ayant pas de comptabilité » (p. 9) « personnes employées d’une façon permanente dans l’entreprise » (p. 10),couche texte
2016,ensemble,Ensemble,<0.5,<0.5 SMIG,part,6.8,6.8,% des salariés,357,non précisé par la source,ins-micro-entreprises-2016,"INS, Le secteur des micro-entreprises en Tunisie 2016",17,"Tableau 8 : Répartition des salariés des micro-entreprises selon le salaire perçu en proportion du SMIG, en 2012 et 2016",« Le champ de l’enquête sur les micro-entreprises de 2016 couvre les activités non agricoles. » (p. 9) « Le nombre d’entreprises de moins de 6 salariés et ayant un chiffre d’affaire inférieur à 1 million de dinars intégré dans le champ de l’enquête s’élève à 704241. » (p. 9) « L’exploitation de l’enquête a été faite sur la base des 7179 entreprises répondantes n’ayant pas de comptabilité » (p. 9) « personnes employées d’une façon permanente dans l’entreprise » (p. 10),couche texte
2012,ensemble,Ensemble,<1,<SMIG,part,49.9,49.9,% des salariés,301,non précisé par la source,ins-micro-entreprises-2016,"INS, Le secteur des micro-entreprises en Tunisie 2016",17,"Tableau 8 : Répartition des salariés des micro-entreprises selon le salaire perçu en proportion du SMIG, en 2012 et 2016",« Le champ de l’enquête sur les micro-entreprises de 2016 couvre les activités non agricoles. » (p. 9) « Le nombre d’entreprises de moins de 6 salariés et ayant un chiffre d’affaire inférieur à 1 million de dinars intégré dans le champ de l’enquête s’élève à 704241. » (p. 9) « L’exploitation de l’enquête a été faite sur la base des 7179 entreprises répondantes n’ayant pas de comptabilité » (p. 9) « personnes employées d’une façon permanente dans l’entreprise » (p. 10),couche texte
2016,ensemble,Ensemble,<1,<SMIG,part,32.3,32.3,% des salariés,357,non précisé par la source,ins-micro-entreprises-2016,"INS, Le secteur des micro-entreprises en Tunisie 2016",17,"Tableau 8 : Répartition des salariés des micro-entreprises selon le salaire perçu en proportion du SMIG, en 2012 et 2016",« Le champ de l’enquête sur les micro-entreprises de 2016 couvre les activités non agricoles. » (p. 9) « Le nombre d’entreprises de moins de 6 salariés et ayant un chiffre d’affaire inférieur à 1 million de dinars intégré dans le champ de l’enquête s’élève à 704241. » (p. 9) « L’exploitation de l’enquête a été faite sur la base des 7179 entreprises répondantes n’ayant pas de comptabilité » (p. 9) « personnes employées d’une façon permanente dans l’entreprise » (p. 10),couche texte
2012,ensemble,Ensemble,<0.5,"<0,5 SMIG",effectif,19173.0,19 173,salariés,301,non précisé par la source,ins-micro-entreprises-2012,"INS, Les micro-entreprises en 2012",38,Tableau: 2.7.1: Répartition des salariés des micro-entreprises selon le salaire perçu en proportion du SMIG (ensemble des deux sexes ),« Le champ de l’enquête sur les micro-entreprises de 2012 couvre les activités non agricoles. » (p. 9) « Le nombre d’entreprises de moins de 6 salariés intégré dans le champ de l’enquête s’élève à 608146. » (p. 9) « L’exploitation de l’enquête a été faite sur la base des 5572 entreprises répondantes n’ayant pas de comptabilité » (p. 10) « personnes employées d’une façon permanente dans l’entreprise » (p. 10),couche texte
2012,ensemble,Ensemble,0.5-0.75,"0,5 à 0,75 SMIG",effectif,19865.0,19 865,salariés,301,non précisé par la source,ins-micro-entreprises-2012,"INS, Les micro-entreprises en 2012",38,Tableau: 2.7.1: Répartition des salariés des micro-entreprises selon le salaire perçu en proportion du SMIG (ensemble des deux sexes ),« Le champ de l’enquête sur les micro-entreprises de 2012 couvre les activités non agricoles. » (p. 9) « Le nombre d’entreprises de moins de 6 salariés intégré dans le champ de l’enquête s’élève à 608146. » (p. 9) « L’exploitation de l’enquête a été faite sur la base des 5572 entreprises répondantes n’ayant pas de comptabilité » (p. 10) « personnes employées d’une façon permanente dans l’entreprise » (p. 10),couche texte
2012,ensemble,Ensemble,0.75-1,"0,75 à1 SMIG",effectif,54231.0,54 231,salariés,301,non précisé par la source,ins-micro-entreprises-2012,"INS, Les micro-entreprises en 2012",38,Tableau: 2.7.1: Répartition des salariés des micro-entreprises selon le salaire perçu en proportion du SMIG (ensemble des deux sexes ),« Le champ de l’enquête sur les micro-entreprises de 2012 couvre les activités non agricoles. » (p. 9) « Le nombre d’entreprises de moins de 6 salariés intégré dans le champ de l’enquête s’élève à 608146. » (p. 9) « L’exploitation de l’enquête a été faite sur la base des 5572 entreprises répondantes n’ayant pas de comptabilité » (p. 10) « personnes employées d’une façon permanente dans l’entreprise » (p. 10),couche texte
2012,ensemble,Ensemble,1-1.25,"1 à1,25 SMIG",effectif,34473.0,34 473,salariés,301,non précisé par la source,ins-micro-entreprises-2012,"INS, Les micro-entreprises en 2012",38,Tableau: 2.7.1: Répartition des salariés des micro-entreprises selon le salaire perçu en proportion du SMIG (ensemble des deux sexes ),« Le champ de l’enquête sur les micro-entreprises de 2012 couvre les activités non agricoles. » (p. 9) « Le nombre d’entreprises de moins de 6 salariés intégré dans le champ de l’enquête s’élève à 608146. » (p. 9) « L’exploitation de l’enquête a été faite sur la base des 5572 entreprises répondantes n’ayant pas de comptabilité » (p. 10) « personnes employées d’une façon permanente dans l’entreprise » (p. 10),couche texte
2012,ensemble,Ensemble,>1.25,">1,25 SMIG",effectif,59261.0,59 261,salariés,301,non précisé par la source,ins-micro-entreprises-2012,"INS, Les micro-entreprises en 2012",38,Tableau: 2.7.1: Répartition des salariés des micro-entreprises selon le salaire perçu en proportion du SMIG (ensemble des deux sexes ),« Le champ de l’enquête sur les micro-entreprises de 2012 couvre les activités non agricoles. » (p. 9) « Le nombre d’entreprises de moins de 6 salariés intégré dans le champ de l’enquête s’élève à 608146. » (p. 9) « L’exploitation de l’enquête a été faite sur la base des 5572 entreprises répondantes n’ayant pas de comptabilité » (p. 10) « personnes employées d’une façon permanente dans l’entreprise » (p. 10),couche texte
2012,ensemble,Ensemble,total,Total,effectif,187003.0,187 003,salariés,301,non précisé par la source,ins-micro-entreprises-2012,"INS, Les micro-entreprises en 2012",38,Tableau: 2.7.1: Répartition des salariés des micro-entreprises selon le salaire perçu en proportion du SMIG (ensemble des deux sexes ),« Le champ de l’enquête sur les micro-entreprises de 2012 couvre les activités non agricoles. » (p. 9) « Le nombre d’entreprises de moins de 6 salariés intégré dans le champ de l’enquête s’élève à 608146. » (p. 9) « L’exploitation de l’enquête a été faite sur la base des 5572 entreprises répondantes n’ayant pas de comptabilité » (p. 10) « personnes employées d’une façon permanente dans l’entreprise » (p. 10),couche texte
2012,ensemble,Ensemble,<1,Dont inf SMIG,effectif,93269.0,93 269,salariés,301,non précisé par la source,ins-micro-entreprises-2012,"INS, Les micro-entreprises en 2012",38,Tableau: 2.7.1: Répartition des salariés des micro-entreprises selon le salaire perçu en proportion du SMIG (ensemble des deux sexes ),« Le champ de l’enquête sur les micro-entreprises de 2012 couvre les activités non agricoles. » (p. 9) « Le nombre d’entreprises de moins de 6 salariés intégré dans le champ de l’enquête s’élève à 608146. » (p. 9) « L’exploitation de l’enquête a été faite sur la base des 5572 entreprises répondantes n’ayant pas de comptabilité » (p. 10) « personnes employées d’une façon permanente dans l’entreprise » (p. 10),couche texte
2012,ensemble,Ensemble,<0.5,"<0,5 SMIG",part,10.3,10.3,% des salariés,301,non précisé par la source,ins-micro-entreprises-2012,"INS, Les micro-entreprises en 2012",38,Tableau: 2.7.1 Bis: Répartition des salariés des micro-entreprises selon le salaire perçu en proportion du SMIG (ensemble des deux sexes ) en %,« Le champ de l’enquête sur les micro-entreprises de 2012 couvre les activités non agricoles. » (p. 9) « Le nombre d’entreprises de moins de 6 salariés intégré dans le champ de l’enquête s’élève à 608146. » (p. 9) « L’exploitation de l’enquête a été faite sur la base des 5572 entreprises répondantes n’ayant pas de comptabilité » (p. 10) « personnes employées d’une façon permanente dans l’entreprise » (p. 10),couche texte
2012,ensemble,Ensemble,0.5-0.75,"0,5 à 0,75 SMIG",part,10.6,10.6,% des salariés,301,non précisé par la source,ins-micro-entreprises-2012,"INS, Les micro-entreprises en 2012",38,Tableau: 2.7.1 Bis: Répartition des salariés des micro-entreprises selon le salaire perçu en proportion du SMIG (ensemble des deux sexes ) en %,« Le champ de l’enquête sur les micro-entreprises de 2012 couvre les activités non agricoles. » (p. 9) « Le nombre d’entreprises de moins de 6 salariés intégré dans le champ de l’enquête s’élève à 608146. » (p. 9) « L’exploitation de l’enquête a été faite sur la base des 5572 entreprises répondantes n’ayant pas de comptabilité » (p. 10) « personnes employées d’une façon permanente dans l’entreprise » (p. 10),couche texte
2012,ensemble,Ensemble,0.75-1,"0,75 à1 SMIG",part,29.0,29.0,% des salariés,301,non précisé par la source,ins-micro-entreprises-2012,"INS, Les micro-entreprises en 2012",38,Tableau: 2.7.1 Bis: Répartition des salariés des micro-entreprises selon le salaire perçu en proportion du SMIG (ensemble des deux sexes ) en %,« Le champ de l’enquête sur les micro-entreprises de 2012 couvre les activités non agricoles. » (p. 9) « Le nombre d’entreprises de moins de 6 salariés intégré dans le champ de l’enquête s’élève à 608146. » (p. 9) « L’exploitation de l’enquête a été faite sur la base des 5572 entreprises répondantes n’ayant pas de comptabilité » (p. 10) « personnes employées d’une façon permanente dans l’entreprise » (p. 10),couche texte
2012,ensemble,Ensemble,1-1.25,"1 à1,25 SMIG",part,18.4,18.4,% des salariés,301,non précisé par la source,ins-micro-entreprises-2012,"INS, Les micro-entreprises en 2012",38,Tableau: 2.7.1 Bis: Répartition des salariés des micro-entreprises selon le salaire perçu en proportion du SMIG (ensemble des deux sexes ) en %,« Le champ de l’enquête sur les micro-entreprises de 2012 couvre les activités non agricoles. » (p. 9) « Le nombre d’entreprises de moins de 6 salariés intégré dans le champ de l’enquête s’élève à 608146. » (p. 9) « L’exploitation de l’enquête a été faite sur la base des 5572 entreprises répondantes n’ayant pas de comptabilité » (p. 10) « personnes employées d’une façon permanente dans l’entreprise » (p. 10),couche texte
2012,ensemble,Ensemble,>1.25,">1,25 SMIG",part,31.7,31.7,% des salariés,301,non précisé par la source,ins-micro-entreprises-2012,"INS, Les micro-entreprises en 2012",38,Tableau: 2.7.1 Bis: Répartition des salariés des micro-entreprises selon le salaire perçu en proportion du SMIG (ensemble des deux sexes ) en %,« Le champ de l’enquête sur les micro-entreprises de 2012 couvre les activités non agricoles. » (p. 9) « Le nombre d’entreprises de moins de 6 salariés intégré dans le champ de l’enquête s’élève à 608146. » (p. 9) « L’exploitation de l’enquête a été faite sur la base des 5572 entreprises répondantes n’ayant pas de comptabilité » (p. 10) « personnes employées d’une façon permanente dans l’entreprise » (p. 10),couche texte
2012,ensemble,Ensemble,total,Total,part,100.0,100.0,% des salariés,301,non précisé par la source,ins-micro-entreprises-2012,"INS, Les micro-entreprises en 2012",38,Tableau: 2.7.1 Bis: Répartition des salariés des micro-entreprises selon le salaire perçu en proportion du SMIG (ensemble des deux sexes ) en %,« Le champ de l’enquête sur les micro-entreprises de 2012 couvre les activités non agricoles. » (p. 9) « Le nombre d’entreprises de moins de 6 salariés intégré dans le champ de l’enquête s’élève à 608146. » (p. 9) « L’exploitation de l’enquête a été faite sur la base des 5572 entreprises répondantes n’ayant pas de comptabilité » (p. 10) « personnes employées d’une façon permanente dans l’entreprise » (p. 10),couche texte
2012,ensemble,Ensemble,<1,Dont inf SMIG,part,49.9,49.9,% des salariés,301,non précisé par la source,ins-micro-entreprises-2012,"INS, Les micro-entreprises en 2012",38,Tableau: 2.7.1 Bis: Répartition des salariés des micro-entreprises selon le salaire perçu en proportion du SMIG (ensemble des deux sexes ) en %,« Le champ de l’enquête sur les micro-entreprises de 2012 couvre les activités non agricoles. » (p. 9) « Le nombre d’entreprises de moins de 6 salariés intégré dans le champ de l’enquête s’élève à 608146. » (p. 9) « L’exploitation de l’enquête a été faite sur la base des 5572 entreprises répondantes n’ayant pas de comptabilité » (p. 10) « personnes employées d’une façon permanente dans l’entreprise » (p. 10),couche texte
2012,hommes,Ensemble,<0.5,"<0,5 SMIG",effectif,5609.0,5 609,salariés,301,non précisé par la source,ins-micro-entreprises-2012,"INS, Les micro-entreprises en 2012",39,Tableau: 2.7.2: Répartition des salariés des micro-entreprises selon le salaire perçu en proportion du SMIG (Hommes ),« Le champ de l’enquête sur les micro-entreprises de 2012 couvre les activités non agricoles. » (p. 9) « Le nombre d’entreprises de moins de 6 salariés intégré dans le champ de l’enquête s’élève à 608146. » (p. 9) « L’exploitation de l’enquête a été faite sur la base des 5572 entreprises répondantes n’ayant pas de comptabilité » (p. 10) « personnes employées d’une façon permanente dans l’entreprise » (p. 10),couche texte
2012,hommes,Ensemble,0.5-0.75,"0,5 à 0,75 SMIG",effectif,7924.0,7 924,salariés,301,non précisé par la source,ins-micro-entreprises-2012,"INS, Les micro-entreprises en 2012",39,Tableau: 2.7.2: Répartition des salariés des micro-entreprises selon le salaire perçu en proportion du SMIG (Hommes ),« Le champ de l’enquête sur les micro-entreprises de 2012 couvre les activités non agricoles. » (p. 9) « Le nombre d’entreprises de moins de 6 salariés intégré dans le champ de l’enquête s’élève à 608146. » (p. 9) « L’exploitation de l’enquête a été faite sur la base des 5572 entreprises répondantes n’ayant pas de comptabilité » (p. 10) « personnes employées d’une façon permanente dans l’entreprise » (p. 10),couche texte
2012,hommes,Ensemble,0.75-1,"0,75 à1 SMIG",effectif,35089.0,35 089,salariés,301,non précisé par la source,ins-micro-entreprises-2012,"INS, Les micro-entreprises en 2012",39,Tableau: 2.7.2: Répartition des salariés des micro-entreprises selon le salaire perçu en proportion du SMIG (Hommes ),« Le champ de l’enquête sur les micro-entreprises de 2012 couvre les activités non agricoles. » (p. 9) « Le nombre d’entreprises de moins de 6 salariés intégré dans le champ de l’enquête s’élève à 608146. » (p. 9) « L’exploitation de l’enquête a été faite sur la base des 5572 entreprises répondantes n’ayant pas de comptabilité » (p. 10) « personnes employées d’une façon permanente dans l’entreprise » (p. 10),couche texte
2012,hommes,Ensemble,1-1.25,"1 à1,25 SMIG",effectif,28010.0,28 010,salariés,301,non précisé par la source,ins-micro-entreprises-2012,"INS, Les micro-entreprises en 2012",39,Tableau: 2.7.2: Répartition des salariés des micro-entreprises selon le salaire perçu en proportion du SMIG (Hommes ),« Le champ de l’enquête sur les micro-entreprises de 2012 couvre les activités non agricoles. » (p. 9) « Le nombre d’entreprises de moins de 6 salariés intégré dans le champ de l’enquête s’élève à 608146. » (p. 9) « L’exploitation de l’enquête a été faite sur la base des 5572 entreprises répondantes n’ayant pas de comptabilité » (p. 10) « personnes employées d’une façon permanente dans l’entreprise » (p. 10),couche texte
2012,hommes,Ensemble,>1.25,">1,25 SMIG",effectif,52189.0,52 189,salariés,301,non précisé par la source,ins-micro-entreprises-2012,"INS, Les micro-entreprises en 2012",39,Tableau: 2.7.2: Répartition des salariés des micro-entreprises selon le salaire perçu en proportion du SMIG (Hommes ),« Le champ de l’enquête sur les micro-entreprises de 2012 couvre les activités non agricoles. » (p. 9) « Le nombre d’entreprises de moins de 6 salariés intégré dans le champ de l’enquête s’élève à 608146. » (p. 9) « L’exploitation de l’enquête a été faite sur la base des 5572 entreprises répondantes n’ayant pas de comptabilité » (p. 10) « personnes employées d’une façon permanente dans l’entreprise » (p. 10),couche texte
2012,hommes,Ensemble,total,Total,effectif,128821.0,128 821,salariés,301,non précisé par la source,ins-micro-entreprises-2012,"INS, Les micro-entreprises en 2012",39,Tableau: 2.7.2: Répartition des salariés des micro-entreprises selon le salaire perçu en proportion du SMIG (Hommes ),« Le champ de l’enquête sur les micro-entreprises de 2012 couvre les activités non agricoles. » (p. 9) « Le nombre d’entreprises de moins de 6 salariés intégré dans le champ de l’enquête s’élève à 608146. » (p. 9) « L’exploitation de l’enquête a été faite sur la base des 5572 entreprises répondantes n’ayant pas de comptabilité » (p. 10) « personnes employées d’une façon permanente dans l’entreprise » (p. 10),couche texte
2012,hommes,Ensemble,<1,Dont inf SMIG,effectif,48622.0,48 622,salariés,301,non précisé par la source,ins-micro-entreprises-2012,"INS, Les micro-entreprises en 2012",39,Tableau: 2.7.2: Répartition des salariés des micro-entreprises selon le salaire perçu en proportion du SMIG (Hommes ),« Le champ de l’enquête sur les micro-entreprises de 2012 couvre les activités non agricoles. » (p. 9) « Le nombre d’entreprises de moins de 6 salariés intégré dans le champ de l’enquête s’élève à 608146. » (p. 9) « L’exploitation de l’enquête a été faite sur la base des 5572 entreprises répondantes n’ayant pas de comptabilité » (p. 10) « personnes employées d’une façon permanente dans l’entreprise » (p. 10),couche texte
2012,hommes,Ensemble,<0.5,"<0,5 SMIG",part,4.4,4.4,% des salariés,301,non précisé par la source,ins-micro-entreprises-2012,"INS, Les micro-entreprises en 2012",39,Tableau: 2.7.2 Bis: Répartition des salariés des micro-entreprises selon le salaire perçu en proportion du SMIG (Hommes ) en %,« Le champ de l’enquête sur les micro-entreprises de 2012 couvre les activités non agricoles. » (p. 9) « Le nombre d’entreprises de moins de 6 salariés intégré dans le champ de l’enquête s’élève à 608146. » (p. 9) « L’exploitation de l’enquête a été faite sur la base des 5572 entreprises répondantes n’ayant pas de comptabilité » (p. 10) « personnes employées d’une façon permanente dans l’entreprise » (p. 10),couche texte
2012,hommes,Ensemble,0.5-0.75,"0,5 à 0,75 SMIG",part,6.2,6.2,% des salariés,301,non précisé par la source,ins-micro-entreprises-2012,"INS, Les micro-entreprises en 2012",39,Tableau: 2.7.2 Bis: Répartition des salariés des micro-entreprises selon le salaire perçu en proportion du SMIG (Hommes ) en %,« Le champ de l’enquête sur les micro-entreprises de 2012 couvre les activités non agricoles. » (p. 9) « Le nombre d’entreprises de moins de 6 salariés intégré dans le champ de l’enquête s’élève à 608146. » (p. 9) « L’exploitation de l’enquête a été faite sur la base des 5572 entreprises répondantes n’ayant pas de comptabilité » (p. 10) « personnes employées d’une façon permanente dans l’entreprise » (p. 10),couche texte
2012,hommes,Ensemble,0.75-1,"0,75 à1 SMIG",part,27.2,27.2,% des salariés,301,non précisé par la source,ins-micro-entreprises-2012,"INS, Les micro-entreprises en 2012",39,Tableau: 2.7.2 Bis: Répartition des salariés des micro-entreprises selon le salaire perçu en proportion du SMIG (Hommes ) en %,« Le champ de l’enquête sur les micro-entreprises de 2012 couvre les activités non agricoles. » (p. 9) « Le nombre d’entreprises de moins de 6 salariés intégré dans le champ de l’enquête s’élève à 608146. » (p. 9) « L’exploitation de l’enquête a été faite sur la base des 5572 entreprises répondantes n’ayant pas de comptabilité » (p. 10) « personnes employées d’une façon permanente dans l’entreprise » (p. 10),couche texte
2012,hommes,Ensemble,1-1.25,"1 à1,25 SMIG",part,21.7,21.7,% des salariés,301,non précisé par la source,ins-micro-entreprises-2012,"INS, Les micro-entreprises en 2012",39,Tableau: 2.7.2 Bis: Répartition des salariés des micro-entreprises selon le salaire perçu en proportion du SMIG (Hommes ) en %,« Le champ de l’enquête sur les micro-entreprises de 2012 couvre les activités non agricoles. » (p. 9) « Le nombre d’entreprises de moins de 6 salariés intégré dans le champ de l’enquête s’élève à 608146. » (p. 9) « L’exploitation de l’enquête a été faite sur la base des 5572 entreprises répondantes n’ayant pas de comptabilité » (p. 10) « personnes employées d’une façon permanente dans l’entreprise » (p. 10),couche texte
2012,hommes,Ensemble,>1.25,">1,25 SMIG",part,40.5,40.5,% des salariés,301,non précisé par la source,ins-micro-entreprises-2012,"INS, Les micro-entreprises en 2012",39,Tableau: 2.7.2 Bis: Répartition des salariés des micro-entreprises selon le salaire perçu en proportion du SMIG (Hommes ) en %,« Le champ de l’enquête sur les micro-entreprises de 2012 couvre les activités non agricoles. » (p. 9) « Le nombre d’entreprises de moins de 6 salariés intégré dans le champ de l’enquête s’élève à 608146. » (p. 9) « L’exploitation de l’enquête a été faite sur la base des 5572 entreprises répondantes n’ayant pas de comptabilité » (p. 10) « personnes employées d’une façon permanente dans l’entreprise » (p. 10),couche texte
2012,hommes,Ensemble,total,Total,part,100.0,100.0,% des salariés,301,non précisé par la source,ins-micro-entreprises-2012,"INS, Les micro-entreprises en 2012",39,Tableau: 2.7.2 Bis: Répartition des salariés des micro-entreprises selon le salaire perçu en proportion du SMIG (Hommes ) en %,« Le champ de l’enquête sur les micro-entreprises de 2012 couvre les activités non agricoles. » (p. 9) « Le nombre d’entreprises de moins de 6 salariés intégré dans le champ de l’enquête s’élève à 608146. » (p. 9) « L’exploitation de l’enquête a été faite sur la base des 5572 entreprises répondantes n’ayant pas de comptabilité » (p. 10) « personnes employées d’une façon permanente dans l’entreprise » (p. 10),couche texte
2012,hommes,Ensemble,<1,Dont inf SMIG,part,37.7,37.7,% des salariés,301,non précisé par la source,ins-micro-entreprises-2012,"INS, Les micro-entreprises en 2012",39,Tableau: 2.7.2 Bis: Répartition des salariés des micro-entreprises selon le salaire perçu en proportion du SMIG (Hommes ) en %,« Le champ de l’enquête sur les micro-entreprises de 2012 couvre les activités non agricoles. » (p. 9) « Le nombre d’entreprises de moins de 6 salariés intégré dans le champ de l’enquête s’élève à 608146. » (p. 9) « L’exploitation de l’enquête a été faite sur la base des 5572 entreprises répondantes n’ayant pas de comptabilité » (p. 10) « personnes employées d’une façon permanente dans l’entreprise » (p. 10),couche texte
2012,femmes,Ensemble,<0.5,"<0,5 SMIG",effectif,13564.0,13 564,salariés,301,non précisé par la source,ins-micro-entreprises-2012,"INS, Les micro-entreprises en 2012",40,Tableau: 2.7.3: Répartition des salariés des micro-entreprises selon le salaire perçu en proportion du SMIG (Femmes ),« Le champ de l’enquête sur les micro-entreprises de 2012 couvre les activités non agricoles. » (p. 9) « Le nombre d’entreprises de moins de 6 salariés intégré dans le champ de l’enquête s’élève à 608146. » (p. 9) « L’exploitation de l’enquête a été faite sur la base des 5572 entreprises répondantes n’ayant pas de comptabilité » (p. 10) « personnes employées d’une façon permanente dans l’entreprise » (p. 10),couche texte
2012,femmes,Ensemble,0.5-0.75,"0,5 à 0,75 SMIG",effectif,11941.0,11 941,salariés,301,non précisé par la source,ins-micro-entreprises-2012,"INS, Les micro-entreprises en 2012",40,Tableau: 2.7.3: Répartition des salariés des micro-entreprises selon le salaire perçu en proportion du SMIG (Femmes ),« Le champ de l’enquête sur les micro-entreprises de 2012 couvre les activités non agricoles. » (p. 9) « Le nombre d’entreprises de moins de 6 salariés intégré dans le champ de l’enquête s’élève à 608146. » (p. 9) « L’exploitation de l’enquête a été faite sur la base des 5572 entreprises répondantes n’ayant pas de comptabilité » (p. 10) « personnes employées d’une façon permanente dans l’entreprise » (p. 10),couche texte
2012,femmes,Ensemble,0.75-1,"0,75 à1 SMIG",effectif,19142.0,19 142,salariés,301,non précisé par la source,ins-micro-entreprises-2012,"INS, Les micro-entreprises en 2012",40,Tableau: 2.7.3: Répartition des salariés des micro-entreprises selon le salaire perçu en proportion du SMIG (Femmes ),« Le champ de l’enquête sur les micro-entreprises de 2012 couvre les activités non agricoles. » (p. 9) « Le nombre d’entreprises de moins de 6 salariés intégré dans le champ de l’enquête s’élève à 608146. » (p. 9) « L’exploitation de l’enquête a été faite sur la base des 5572 entreprises répondantes n’ayant pas de comptabilité » (p. 10) « personnes employées d’une façon permanente dans l’entreprise » (p. 10),couche texte
2012,femmes,Ensemble,1-1.25,"1 à1,25 SMIG",effectif,6464.0,6 464,salariés,301,non précisé par la source,ins-micro-entreprises-2012,"INS, Les micro-entreprises en 2012",40,Tableau: 2.7.3: Répartition des salariés des micro-entreprises selon le salaire perçu en proportion du SMIG (Femmes ),« Le champ de l’enquête sur les micro-entreprises de 2012 couvre les activités non agricoles. » (p. 9) « Le nombre d’entreprises de moins de 6 salariés intégré dans le champ de l’enquête s’élève à 608146. » (p. 9) « L’exploitation de l’enquête a été faite sur la base des 5572 entreprises répondantes n’ayant pas de comptabilité » (p. 10) « personnes employées d’une façon permanente dans l’entreprise » (p. 10),couche texte
2012,femmes,Ensemble,>1.25,">1,25 SMIG",effectif,7072.0,7 072,salariés,301,non précisé par la source,ins-micro-entreprises-2012,"INS, Les micro-entreprises en 2012",40,Tableau: 2.7.3: Répartition des salariés des micro-entreprises selon le salaire perçu en proportion du SMIG (Femmes ),« Le champ de l’enquête sur les micro-entreprises de 2012 couvre les activités non agricoles. » (p. 9) « Le nombre d’entreprises de moins de 6 salariés intégré dans le champ de l’enquête s’élève à 608146. » (p. 9) « L’exploitation de l’enquête a été faite sur la base des 5572 entreprises répondantes n’ayant pas de comptabilité » (p. 10) « personnes employées d’une façon permanente dans l’entreprise » (p. 10),couche texte
2012,femmes,Ensemble,total,Total,effectif,58182.0,58182,salariés,301,non précisé par la source,ins-micro-entreprises-2012,"INS, Les micro-entreprises en 2012",40,Tableau: 2.7.3: Répartition des salariés des micro-entreprises selon le salaire perçu en proportion du SMIG (Femmes ),« Le champ de l’enquête sur les micro-entreprises de 2012 couvre les activités non agricoles. » (p. 9) « Le nombre d’entreprises de moins de 6 salariés intégré dans le champ de l’enquête s’élève à 608146. » (p. 9) « L’exploitation de l’enquête a été faite sur la base des 5572 entreprises répondantes n’ayant pas de comptabilité » (p. 10) « personnes employées d’une façon permanente dans l’entreprise » (p. 10),couche texte
2012,femmes,Ensemble,<1,Dont inf SMIG,effectif,44647.0,44647,salariés,301,non précisé par la source,ins-micro-entreprises-2012,"INS, Les micro-entreprises en 2012",40,Tableau: 2.7.3: Répartition des salariés des micro-entreprises selon le salaire perçu en proportion du SMIG (Femmes ),« Le champ de l’enquête sur les micro-entreprises de 2012 couvre les activités non agricoles. » (p. 9) « Le nombre d’entreprises de moins de 6 salariés intégré dans le champ de l’enquête s’élève à 608146. » (p. 9) « L’exploitation de l’enquête a été faite sur la base des 5572 entreprises répondantes n’ayant pas de comptabilité » (p. 10) « personnes employées d’une façon permanente dans l’entreprise » (p. 10),couche texte
2012,femmes,Ensemble,<0.5,"<0,5 SMIG",part,23.3,23.3,% des salariés,301,non précisé par la source,ins-micro-entreprises-2012,"INS, Les micro-entreprises en 2012",40,Tableau: 2.7.3 Bis: Répartition des salariés des micro-entreprises selon le salaire perçu en proportion du SMIG (Femmes ) en %,« Le champ de l’enquête sur les micro-entreprises de 2012 couvre les activités non agricoles. » (p. 9) « Le nombre d’entreprises de moins de 6 salariés intégré dans le champ de l’enquête s’élève à 608146. » (p. 9) « L’exploitation de l’enquête a été faite sur la base des 5572 entreprises répondantes n’ayant pas de comptabilité » (p. 10) « personnes employées d’une façon permanente dans l’entreprise » (p. 10),couche texte
2012,femmes,Ensemble,0.5-0.75,"0,5 à 0,75 SMIG",part,20.5,20.5,% des salariés,301,non précisé par la source,ins-micro-entreprises-2012,"INS, Les micro-entreprises en 2012",40,Tableau: 2.7.3 Bis: Répartition des salariés des micro-entreprises selon le salaire perçu en proportion du SMIG (Femmes ) en %,« Le champ de l’enquête sur les micro-entreprises de 2012 couvre les activités non agricoles. » (p. 9) « Le nombre d’entreprises de moins de 6 salariés intégré dans le champ de l’enquête s’élève à 608146. » (p. 9) « L’exploitation de l’enquête a été faite sur la base des 5572 entreprises répondantes n’ayant pas de comptabilité » (p. 10) « personnes employées d’une façon permanente dans l’entreprise » (p. 10),couche texte
2012,femmes,Ensemble,0.75-1,"0,75 à1 SMIG",part,32.9,32.9,% des salariés,301,non précisé par la source,ins-micro-entreprises-2012,"INS, Les micro-entreprises en 2012",40,Tableau: 2.7.3 Bis: Répartition des salariés des micro-entreprises selon le salaire perçu en proportion du SMIG (Femmes ) en %,« Le champ de l’enquête sur les micro-entreprises de 2012 couvre les activités non agricoles. » (p. 9) « Le nombre d’entreprises de moins de 6 salariés intégré dans le champ de l’enquête s’élève à 608146. » (p. 9) « L’exploitation de l’enquête a été faite sur la base des 5572 entreprises répondantes n’ayant pas de comptabilité » (p. 10) « personnes employées d’une façon permanente dans l’entreprise » (p. 10),couche texte
2012,femmes,Ensemble,1-1.25,"1 à1,25 SMIG",part,11.1,11.1,% des salariés,301,non précisé par la source,ins-micro-entreprises-2012,"INS, Les micro-entreprises en 2012",40,Tableau: 2.7.3 Bis: Répartition des salariés des micro-entreprises selon le salaire perçu en proportion du SMIG (Femmes ) en %,« Le champ de l’enquête sur les micro-entreprises de 2012 couvre les activités non agricoles. » (p. 9) « Le nombre d’entreprises de moins de 6 salariés intégré dans le champ de l’enquête s’élève à 608146. » (p. 9) « L’exploitation de l’enquête a été faite sur la base des 5572 entreprises répondantes n’ayant pas de comptabilité » (p. 10) « personnes employées d’une façon permanente dans l’entreprise » (p. 10),couche texte
2012,femmes,Ensemble,>1.25,">1,25 SMIG",part,12.2,12.2,% des salariés,301,non précisé par la source,ins-micro-entreprises-2012,"INS, Les micro-entreprises en 2012",40,Tableau: 2.7.3 Bis: Répartition des salariés des micro-entreprises selon le salaire perçu en proportion du SMIG (Femmes ) en %,« Le champ de l’enquête sur les micro-entreprises de 2012 couvre les activités non agricoles. » (p. 9) « Le nombre d’entreprises de moins de 6 salariés intégré dans le champ de l’enquête s’élève à 608146. » (p. 9) « L’exploitation de l’enquête a été faite sur la base des 5572 entreprises répondantes n’ayant pas de comptabilité » (p. 10) « personnes employées d’une façon permanente dans l’entreprise » (p. 10),couche texte
2012,femmes,Ensemble,total,Total,part,100.0,100.0,% des salariés,301,non précisé par la source,ins-micro-entreprises-2012,"INS, Les micro-entreprises en 2012",40,Tableau: 2.7.3 Bis: Répartition des salariés des micro-entreprises selon le salaire perçu en proportion du SMIG (Femmes ) en %,« Le champ de l’enquête sur les micro-entreprises de 2012 couvre les activités non agricoles. » (p. 9) « Le nombre d’entreprises de moins de 6 salariés intégré dans le champ de l’enquête s’élève à 608146. » (p. 9) « L’exploitation de l’enquête a été faite sur la base des 5572 entreprises répondantes n’ayant pas de comptabilité » (p. 10) « personnes employées d’une façon permanente dans l’entreprise » (p. 10),couche texte
2012,femmes,Ensemble,<1,Dont inf SMIG,part,76.7,76.7,% des salariés,301,non précisé par la source,ins-micro-entreprises-2012,"INS, Les micro-entreprises en 2012",40,Tableau: 2.7.3 Bis: Répartition des salariés des micro-entreprises selon le salaire perçu en proportion du SMIG (Femmes ) en %,« Le champ de l’enquête sur les micro-entreprises de 2012 couvre les activités non agricoles. » (p. 9) « Le nombre d’entreprises de moins de 6 salariés intégré dans le champ de l’enquête s’élève à 608146. » (p. 9) « L’exploitation de l’enquête a été faite sur la base des 5572 entreprises répondantes n’ayant pas de comptabilité » (p. 10) « personnes employées d’une façon permanente dans l’entreprise » (p. 10),couche texte
2016,ensemble,Ensemble,<0.5,">0,5 SMIG [sic]",effectif,13374.0,13 374,salariés,357,non précisé par la source,ins-micro-entreprises-2016,"INS, Le secteur des micro-entreprises en Tunisie 2016",39,Tableau: 2.7.1: Répartition des salariés des micro-entreprises selon le salaire perçu en proportion du smig (ensemble de deux sexes),« Le champ de l’enquête sur les micro-entreprises de 2016 couvre les activités non agricoles. » (p. 9) « Le nombre d’entreprises de moins de 6 salariés et ayant un chiffre d’affaire inférieur à 1 million de dinars intégré dans le champ de l’enquête s’élève à 704241. » (p. 9) « L’exploitation de l’enquête a été faite sur la base des 7179 entreprises répondantes n’ayant pas de comptabilité » (p. 9) « personnes employées d’une façon permanente dans l’entreprise » (p. 10),couche texte
2016,ensemble,Ensemble,0.5-0.75,"0,5 à 0,75 SMIG",effectif,16976.0,16 976,salariés,357,non précisé par la source,ins-micro-entreprises-2016,"INS, Le secteur des micro-entreprises en Tunisie 2016",39,Tableau: 2.7.1: Répartition des salariés des micro-entreprises selon le salaire perçu en proportion du smig (ensemble de deux sexes),« Le champ de l’enquête sur les micro-entreprises de 2016 couvre les activités non agricoles. » (p. 9) « Le nombre d’entreprises de moins de 6 salariés et ayant un chiffre d’affaire inférieur à 1 million de dinars intégré dans le champ de l’enquête s’élève à 704241. » (p. 9) « L’exploitation de l’enquête a été faite sur la base des 7179 entreprises répondantes n’ayant pas de comptabilité » (p. 9) « personnes employées d’une façon permanente dans l’entreprise » (p. 10),couche texte
2016,ensemble,Ensemble,0.75-1,"0,75 à 1 SMIG",effectif,33518.0,33 518,salariés,357,non précisé par la source,ins-micro-entreprises-2016,"INS, Le secteur des micro-entreprises en Tunisie 2016",39,Tableau: 2.7.1: Répartition des salariés des micro-entreprises selon le salaire perçu en proportion du smig (ensemble de deux sexes),« Le champ de l’enquête sur les micro-entreprises de 2016 couvre les activités non agricoles. » (p. 9) « Le nombre d’entreprises de moins de 6 salariés et ayant un chiffre d’affaire inférieur à 1 million de dinars intégré dans le champ de l’enquête s’élève à 704241. » (p. 9) « L’exploitation de l’enquête a été faite sur la base des 7179 entreprises répondantes n’ayant pas de comptabilité » (p. 9) « personnes employées d’une façon permanente dans l’entreprise » (p. 10),couche texte
2016,ensemble,Ensemble,1-1.25,"1 à 1,25 SMIG",effectif,40777.0,40 777,salariés,357,non précisé par la source,ins-micro-entreprises-2016,"INS, Le secteur des micro-entreprises en Tunisie 2016",39,Tableau: 2.7.1: Répartition des salariés des micro-entreprises selon le salaire perçu en proportion du smig (ensemble de deux sexes),« Le champ de l’enquête sur les micro-entreprises de 2016 couvre les activités non agricoles. » (p. 9) « Le nombre d’entreprises de moins de 6 salariés et ayant un chiffre d’affaire inférieur à 1 million de dinars intégré dans le champ de l’enquête s’élève à 704241. » (p. 9) « L’exploitation de l’enquête a été faite sur la base des 7179 entreprises répondantes n’ayant pas de comptabilité » (p. 9) « personnes employées d’une façon permanente dans l’entreprise » (p. 10),couche texte
2016,ensemble,Ensemble,>1.25,">1,25 SMIG",effectif,93077.0,93 077,salariés,357,non précisé par la source,ins-micro-entreprises-2016,"INS, Le secteur des micro-entreprises en Tunisie 2016",39,Tableau: 2.7.1: Répartition des salariés des micro-entreprises selon le salaire perçu en proportion du smig (ensemble de deux sexes),« Le champ de l’enquête sur les micro-entreprises de 2016 couvre les activités non agricoles. » (p. 9) « Le nombre d’entreprises de moins de 6 salariés et ayant un chiffre d’affaire inférieur à 1 million de dinars intégré dans le champ de l’enquête s’élève à 704241. » (p. 9) « L’exploitation de l’enquête a été faite sur la base des 7179 entreprises répondantes n’ayant pas de comptabilité » (p. 9) « personnes employées d’une façon permanente dans l’entreprise » (p. 10),couche texte
2016,ensemble,Ensemble,total,Total,effectif,197722.0,197 722,salariés,357,non précisé par la source,ins-micro-entreprises-2016,"INS, Le secteur des micro-entreprises en Tunisie 2016",39,Tableau: 2.7.1: Répartition des salariés des micro-entreprises selon le salaire perçu en proportion du smig (ensemble de deux sexes),« Le champ de l’enquête sur les micro-entreprises de 2016 couvre les activités non agricoles. » (p. 9) « Le nombre d’entreprises de moins de 6 salariés et ayant un chiffre d’affaire inférieur à 1 million de dinars intégré dans le champ de l’enquête s’élève à 704241. » (p. 9) « L’exploitation de l’enquête a été faite sur la base des 7179 entreprises répondantes n’ayant pas de comptabilité » (p. 9) « personnes employées d’une façon permanente dans l’entreprise » (p. 10),couche texte
2016,ensemble,Ensemble,<0.5,">0,5 SMIG [sic]",part,6.8,6.8,% des salariés,357,non précisé par la source,ins-micro-entreprises-2016,"INS, Le secteur des micro-entreprises en Tunisie 2016",39,Tableau: 2.7.1 bis: Répartition des salariés des micro-entreprises selon le salaire perçu en proportion du smig (ensemble de deux sexes) en pourcentage,« Le champ de l’enquête sur les micro-entreprises de 2016 couvre les activités non agricoles. » (p. 9) « Le nombre d’entreprises de moins de 6 salariés et ayant un chiffre d’affaire inférieur à 1 million de dinars intégré dans le champ de l’enquête s’élève à 704241. » (p. 9) « L’exploitation de l’enquête a été faite sur la base des 7179 entreprises répondantes n’ayant pas de comptabilité » (p. 9) « personnes employées d’une façon permanente dans l’entreprise » (p. 10),couche texte
2016,ensemble,Ensemble,0.5-0.75,"0,5 à 0,75 SMIG",part,8.6,8.6,% des salariés,357,non précisé par la source,ins-micro-entreprises-2016,"INS, Le secteur des micro-entreprises en Tunisie 2016",39,Tableau: 2.7.1 bis: Répartition des salariés des micro-entreprises selon le salaire perçu en proportion du smig (ensemble de deux sexes) en pourcentage,« Le champ de l’enquête sur les micro-entreprises de 2016 couvre les activités non agricoles. » (p. 9) « Le nombre d’entreprises de moins de 6 salariés et ayant un chiffre d’affaire inférieur à 1 million de dinars intégré dans le champ de l’enquête s’élève à 704241. » (p. 9) « L’exploitation de l’enquête a été faite sur la base des 7179 entreprises répondantes n’ayant pas de comptabilité » (p. 9) « personnes employées d’une façon permanente dans l’entreprise » (p. 10),couche texte
2016,ensemble,Ensemble,0.75-1,"0,75 à 1 SMIG",part,17.0,17.0,% des salariés,357,non précisé par la source,ins-micro-entreprises-2016,"INS, Le secteur des micro-entreprises en Tunisie 2016",39,Tableau: 2.7.1 bis: Répartition des salariés des micro-entreprises selon le salaire perçu en proportion du smig (ensemble de deux sexes) en pourcentage,« Le champ de l’enquête sur les micro-entreprises de 2016 couvre les activités non agricoles. » (p. 9) « Le nombre d’entreprises de moins de 6 salariés et ayant un chiffre d’affaire inférieur à 1 million de dinars intégré dans le champ de l’enquête s’élève à 704241. » (p. 9) « L’exploitation de l’enquête a été faite sur la base des 7179 entreprises répondantes n’ayant pas de comptabilité » (p. 9) « personnes employées d’une façon permanente dans l’entreprise » (p. 10),couche texte
2016,ensemble,Ensemble,1-1.25,"1 à 1,25 SMIG",part,20.6,20.6,% des salariés,357,non précisé par la source,ins-micro-entreprises-2016,"INS, Le secteur des micro-entreprises en Tunisie 2016",39,Tableau: 2.7.1 bis: Répartition des salariés des micro-entreprises selon le salaire perçu en proportion du smig (ensemble de deux sexes) en pourcentage,« Le champ de l’enquête sur les micro-entreprises de 2016 couvre les activités non agricoles. » (p. 9) « Le nombre d’entreprises de moins de 6 salariés et ayant un chiffre d’affaire inférieur à 1 million de dinars intégré dans le champ de l’enquête s’élève à 704241. » (p. 9) « L’exploitation de l’enquête a été faite sur la base des 7179 entreprises répondantes n’ayant pas de comptabilité » (p. 9) « personnes employées d’une façon permanente dans l’entreprise » (p. 10),couche texte
2016,ensemble,Ensemble,>1.25,">1,25 SMIG",part,47.1,47.1,% des salariés,357,non précisé par la source,ins-micro-entreprises-2016,"INS, Le secteur des micro-entreprises en Tunisie 2016",39,Tableau: 2.7.1 bis: Répartition des salariés des micro-entreprises selon le salaire perçu en proportion du smig (ensemble de deux sexes) en pourcentage,« Le champ de l’enquête sur les micro-entreprises de 2016 couvre les activités non agricoles. » (p. 9) « Le nombre d’entreprises de moins de 6 salariés et ayant un chiffre d’affaire inférieur à 1 million de dinars intégré dans le champ de l’enquête s’élève à 704241. » (p. 9) « L’exploitation de l’enquête a été faite sur la base des 7179 entreprises répondantes n’ayant pas de comptabilité » (p. 9) « personnes employées d’une façon permanente dans l’entreprise » (p. 10),couche texte
2016,ensemble,Ensemble,total,Total,part,100.0,100.0,% des salariés,357,non précisé par la source,ins-micro-entreprises-2016,"INS, Le secteur des micro-entreprises en Tunisie 2016",39,Tableau: 2.7.1 bis: Répartition des salariés des micro-entreprises selon le salaire perçu en proportion du smig (ensemble de deux sexes) en pourcentage,« Le champ de l’enquête sur les micro-entreprises de 2016 couvre les activités non agricoles. » (p. 9) « Le nombre d’entreprises de moins de 6 salariés et ayant un chiffre d’affaire inférieur à 1 million de dinars intégré dans le champ de l’enquête s’élève à 704241. » (p. 9) « L’exploitation de l’enquête a été faite sur la base des 7179 entreprises répondantes n’ayant pas de comptabilité » (p. 9) « personnes employées d’une façon permanente dans l’entreprise » (p. 10),couche texte
2016,hommes,Ensemble,<0.5,">0,5 SMIG [sic]",effectif,4253.0,4 253,salariés,357,non précisé par la source,ins-micro-entreprises-2016,"INS, Le secteur des micro-entreprises en Tunisie 2016",40,Tableau: 2.7.2: Répartition des salariés des micro-entreprises selon le salaire perçu en proportion du smig (Hommes),« Le champ de l’enquête sur les micro-entreprises de 2016 couvre les activités non agricoles. » (p. 9) « Le nombre d’entreprises de moins de 6 salariés et ayant un chiffre d’affaire inférieur à 1 million de dinars intégré dans le champ de l’enquête s’élève à 704241. » (p. 9) « L’exploitation de l’enquête a été faite sur la base des 7179 entreprises répondantes n’ayant pas de comptabilité » (p. 9) « personnes employées d’une façon permanente dans l’entreprise » (p. 10),couche texte
2016,hommes,Ensemble,0.5-0.75,"0,5 à 0,75 SMIG",effectif,4067.0,4 067,salariés,357,non précisé par la source,ins-micro-entreprises-2016,"INS, Le secteur des micro-entreprises en Tunisie 2016",40,Tableau: 2.7.2: Répartition des salariés des micro-entreprises selon le salaire perçu en proportion du smig (Hommes),« Le champ de l’enquête sur les micro-entreprises de 2016 couvre les activités non agricoles. » (p. 9) « Le nombre d’entreprises de moins de 6 salariés et ayant un chiffre d’affaire inférieur à 1 million de dinars intégré dans le champ de l’enquête s’élève à 704241. » (p. 9) « L’exploitation de l’enquête a été faite sur la base des 7179 entreprises répondantes n’ayant pas de comptabilité » (p. 9) « personnes employées d’une façon permanente dans l’entreprise » (p. 10),couche texte
2016,hommes,Ensemble,0.75-1,"0,75 à 1 SMIG",effectif,16142.0,16 142,salariés,357,non précisé par la source,ins-micro-entreprises-2016,"INS, Le secteur des micro-entreprises en Tunisie 2016",40,Tableau: 2.7.2: Répartition des salariés des micro-entreprises selon le salaire perçu en proportion du smig (Hommes),« Le champ de l’enquête sur les micro-entreprises de 2016 couvre les activités non agricoles. » (p. 9) « Le nombre d’entreprises de moins de 6 salariés et ayant un chiffre d’affaire inférieur à 1 million de dinars intégré dans le champ de l’enquête s’élève à 704241. » (p. 9) « L’exploitation de l’enquête a été faite sur la base des 7179 entreprises répondantes n’ayant pas de comptabilité » (p. 9) « personnes employées d’une façon permanente dans l’entreprise » (p. 10),couche texte
2016,hommes,Ensemble,1-1.25,"1 à 1,25 SMIG",effectif,29741.0,29 741,salariés,357,non précisé par la source,ins-micro-entreprises-2016,"INS, Le secteur des micro-entreprises en Tunisie 2016",40,Tableau: 2.7.2: Répartition des salariés des micro-entreprises selon le salaire perçu en proportion du smig (Hommes),« Le champ de l’enquête sur les micro-entreprises de 2016 couvre les activités non agricoles. » (p. 9) « Le nombre d’entreprises de moins de 6 salariés et ayant un chiffre d’affaire inférieur à 1 million de dinars intégré dans le champ de l’enquête s’élève à 704241. » (p. 9) « L’exploitation de l’enquête a été faite sur la base des 7179 entreprises répondantes n’ayant pas de comptabilité » (p. 9) « personnes employées d’une façon permanente dans l’entreprise » (p. 10),couche texte
2016,hommes,Ensemble,>1.25,">1,25 SMIG",effectif,79263.0,79 263,salariés,357,non précisé par la source,ins-micro-entreprises-2016,"INS, Le secteur des micro-entreprises en Tunisie 2016",40,Tableau: 2.7.2: Répartition des salariés des micro-entreprises selon le salaire perçu en proportion du smig (Hommes),« Le champ de l’enquête sur les micro-entreprises de 2016 couvre les activités non agricoles. » (p. 9) « Le nombre d’entreprises de moins de 6 salariés et ayant un chiffre d’affaire inférieur à 1 million de dinars intégré dans le champ de l’enquête s’élève à 704241. » (p. 9) « L’exploitation de l’enquête a été faite sur la base des 7179 entreprises répondantes n’ayant pas de comptabilité » (p. 9) « personnes employées d’une façon permanente dans l’entreprise » (p. 10),couche texte
2016,hommes,Ensemble,total,Total,effectif,133465.0,133 465,salariés,357,non précisé par la source,ins-micro-entreprises-2016,"INS, Le secteur des micro-entreprises en Tunisie 2016",40,Tableau: 2.7.2: Répartition des salariés des micro-entreprises selon le salaire perçu en proportion du smig (Hommes),« Le champ de l’enquête sur les micro-entreprises de 2016 couvre les activités non agricoles. » (p. 9) « Le nombre d’entreprises de moins de 6 salariés et ayant un chiffre d’affaire inférieur à 1 million de dinars intégré dans le champ de l’enquête s’élève à 704241. » (p. 9) « L’exploitation de l’enquête a été faite sur la base des 7179 entreprises répondantes n’ayant pas de comptabilité » (p. 9) « personnes employées d’une façon permanente dans l’entreprise » (p. 10),couche texte
2016,hommes,Ensemble,<0.5,">0,5 SMIG [sic]",part,3.2,3.2,% des salariés,357,non précisé par la source,ins-micro-entreprises-2016,"INS, Le secteur des micro-entreprises en Tunisie 2016",40,Tableau: 2.7.2 bis: Répartition des salariés des micro-entreprises selon le salaire perçu en proportion du smig (Hommes) en pourcentage,« Le champ de l’enquête sur les micro-entreprises de 2016 couvre les activités non agricoles. » (p. 9) « Le nombre d’entreprises de moins de 6 salariés et ayant un chiffre d’affaire inférieur à 1 million de dinars intégré dans le champ de l’enquête s’élève à 704241. » (p. 9) « L’exploitation de l’enquête a été faite sur la base des 7179 entreprises répondantes n’ayant pas de comptabilité » (p. 9) « personnes employées d’une façon permanente dans l’entreprise » (p. 10),couche texte
2016,hommes,Ensemble,0.5-0.75,"0,5 à 0,75 SMIG",part,3.0,3.0,% des salariés,357,non précisé par la source,ins-micro-entreprises-2016,"INS, Le secteur des micro-entreprises en Tunisie 2016",40,Tableau: 2.7.2 bis: Répartition des salariés des micro-entreprises selon le salaire perçu en proportion du smig (Hommes) en pourcentage,« Le champ de l’enquête sur les micro-entreprises de 2016 couvre les activités non agricoles. » (p. 9) « Le nombre d’entreprises de moins de 6 salariés et ayant un chiffre d’affaire inférieur à 1 million de dinars intégré dans le champ de l’enquête s’élève à 704241. » (p. 9) « L’exploitation de l’enquête a été faite sur la base des 7179 entreprises répondantes n’ayant pas de comptabilité » (p. 9) « personnes employées d’une façon permanente dans l’entreprise » (p. 10),couche texte
2016,hommes,Ensemble,0.75-1,"0,75 à 1 SMIG",part,12.1,12.1,% des salariés,357,non précisé par la source,ins-micro-entreprises-2016,"INS, Le secteur des micro-entreprises en Tunisie 2016",40,Tableau: 2.7.2 bis: Répartition des salariés des micro-entreprises selon le salaire perçu en proportion du smig (Hommes) en pourcentage,« Le champ de l’enquête sur les micro-entreprises de 2016 couvre les activités non agricoles. » (p. 9) « Le nombre d’entreprises de moins de 6 salariés et ayant un chiffre d’affaire inférieur à 1 million de dinars intégré dans le champ de l’enquête s’élève à 704241. » (p. 9) « L’exploitation de l’enquête a été faite sur la base des 7179 entreprises répondantes n’ayant pas de comptabilité » (p. 9) « personnes employées d’une façon permanente dans l’entreprise » (p. 10),couche texte
2016,hommes,Ensemble,1-1.25,"1 à 1,25 SMIG",part,22.3,22.3,% des salariés,357,non précisé par la source,ins-micro-entreprises-2016,"INS, Le secteur des micro-entreprises en Tunisie 2016",40,Tableau: 2.7.2 bis: Répartition des salariés des micro-entreprises selon le salaire perçu en proportion du smig (Hommes) en pourcentage,« Le champ de l’enquête sur les micro-entreprises de 2016 couvre les activités non agricoles. » (p. 9) « Le nombre d’entreprises de moins de 6 salariés et ayant un chiffre d’affaire inférieur à 1 million de dinars intégré dans le champ de l’enquête s’élève à 704241. » (p. 9) « L’exploitation de l’enquête a été faite sur la base des 7179 entreprises répondantes n’ayant pas de comptabilité » (p. 9) « personnes employées d’une façon permanente dans l’entreprise » (p. 10),couche texte
2016,hommes,Ensemble,>1.25,">1,25 SMIG",part,59.4,59.4,% des salariés,357,non précisé par la source,ins-micro-entreprises-2016,"INS, Le secteur des micro-entreprises en Tunisie 2016",40,Tableau: 2.7.2 bis: Répartition des salariés des micro-entreprises selon le salaire perçu en proportion du smig (Hommes) en pourcentage,« Le champ de l’enquête sur les micro-entreprises de 2016 couvre les activités non agricoles. » (p. 9) « Le nombre d’entreprises de moins de 6 salariés et ayant un chiffre d’affaire inférieur à 1 million de dinars intégré dans le champ de l’enquête s’élève à 704241. » (p. 9) « L’exploitation de l’enquête a été faite sur la base des 7179 entreprises répondantes n’ayant pas de comptabilité » (p. 9) « personnes employées d’une façon permanente dans l’entreprise » (p. 10),couche texte
2016,hommes,Ensemble,total,Total,part,100.0,100.0,% des salariés,357,non précisé par la source,ins-micro-entreprises-2016,"INS, Le secteur des micro-entreprises en Tunisie 2016",40,Tableau: 2.7.2 bis: Répartition des salariés des micro-entreprises selon le salaire perçu en proportion du smig (Hommes) en pourcentage,« Le champ de l’enquête sur les micro-entreprises de 2016 couvre les activités non agricoles. » (p. 9) « Le nombre d’entreprises de moins de 6 salariés et ayant un chiffre d’affaire inférieur à 1 million de dinars intégré dans le champ de l’enquête s’élève à 704241. » (p. 9) « L’exploitation de l’enquête a été faite sur la base des 7179 entreprises répondantes n’ayant pas de comptabilité » (p. 9) « personnes employées d’une façon permanente dans l’entreprise » (p. 10),couche texte
2016,femmes,Ensemble,<0.5,">0,5 SMIG [sic]",effectif,9121.0,9 121,salariés,357,non précisé par la source,ins-micro-entreprises-2016,"INS, Le secteur des micro-entreprises en Tunisie 2016",41,Tableau: 2.7.3: Répartition des salariés des micro-entreprises selon le salaire perçu en proportion du smig (Femmes),« Le champ de l’enquête sur les micro-entreprises de 2016 couvre les activités non agricoles. » (p. 9) « Le nombre d’entreprises de moins de 6 salariés et ayant un chiffre d’affaire inférieur à 1 million de dinars intégré dans le champ de l’enquête s’élève à 704241. » (p. 9) « L’exploitation de l’enquête a été faite sur la base des 7179 entreprises répondantes n’ayant pas de comptabilité » (p. 9) « personnes employées d’une façon permanente dans l’entreprise » (p. 10),couche texte
2016,femmes,Ensemble,0.5-0.75,"0,5 à 0,75 SMIG",effectif,12909.0,12 909,salariés,357,non précisé par la source,ins-micro-entreprises-2016,"INS, Le secteur des micro-entreprises en Tunisie 2016",41,Tableau: 2.7.3: Répartition des salariés des micro-entreprises selon le salaire perçu en proportion du smig (Femmes),« Le champ de l’enquête sur les micro-entreprises de 2016 couvre les activités non agricoles. » (p. 9) « Le nombre d’entreprises de moins de 6 salariés et ayant un chiffre d’affaire inférieur à 1 million de dinars intégré dans le champ de l’enquête s’élève à 704241. » (p. 9) « L’exploitation de l’enquête a été faite sur la base des 7179 entreprises répondantes n’ayant pas de comptabilité » (p. 9) « personnes employées d’une façon permanente dans l’entreprise » (p. 10),couche texte
2016,femmes,Ensemble,0.75-1,"0,75 à 1 SMIG",effectif,17376.0,17 376,salariés,357,non précisé par la source,ins-micro-entreprises-2016,"INS, Le secteur des micro-entreprises en Tunisie 2016",41,Tableau: 2.7.3: Répartition des salariés des micro-entreprises selon le salaire perçu en proportion du smig (Femmes),« Le champ de l’enquête sur les micro-entreprises de 2016 couvre les activités non agricoles. » (p. 9) « Le nombre d’entreprises de moins de 6 salariés et ayant un chiffre d’affaire inférieur à 1 million de dinars intégré dans le champ de l’enquête s’élève à 704241. » (p. 9) « L’exploitation de l’enquête a été faite sur la base des 7179 entreprises répondantes n’ayant pas de comptabilité » (p. 9) « personnes employées d’une façon permanente dans l’entreprise » (p. 10),couche texte
2016,femmes,Ensemble,1-1.25,"1 à 1,25 SMIG",effectif,11036.0,11 036,salariés,357,non précisé par la source,ins-micro-entreprises-2016,"INS, Le secteur des micro-entreprises en Tunisie 2016",41,Tableau: 2.7.3: Répartition des salariés des micro-entreprises selon le salaire perçu en proportion du smig (Femmes),« Le champ de l’enquête sur les micro-entreprises de 2016 couvre les activités non agricoles. » (p. 9) « Le nombre d’entreprises de moins de 6 salariés et ayant un chiffre d’affaire inférieur à 1 million de dinars intégré dans le champ de l’enquête s’élève à 704241. » (p. 9) « L’exploitation de l’enquête a été faite sur la base des 7179 entreprises répondantes n’ayant pas de comptabilité » (p. 9) « personnes employées d’une façon permanente dans l’entreprise » (p. 10),couche texte
2016,femmes,Ensemble,>1.25,">1,25 SMIG",effectif,13815.0,13 815,salariés,357,non précisé par la source,ins-micro-entreprises-2016,"INS, Le secteur des micro-entreprises en Tunisie 2016",41,Tableau: 2.7.3: Répartition des salariés des micro-entreprises selon le salaire perçu en proportion du smig (Femmes),« Le champ de l’enquête sur les micro-entreprises de 2016 couvre les activités non agricoles. » (p. 9) « Le nombre d’entreprises de moins de 6 salariés et ayant un chiffre d’affaire inférieur à 1 million de dinars intégré dans le champ de l’enquête s’élève à 704241. » (p. 9) « L’exploitation de l’enquête a été faite sur la base des 7179 entreprises répondantes n’ayant pas de comptabilité » (p. 9) « personnes employées d’une façon permanente dans l’entreprise » (p. 10),couche texte
2016,femmes,Ensemble,total,Total,effectif,64257.0,64 257,salariés,357,non précisé par la source,ins-micro-entreprises-2016,"INS, Le secteur des micro-entreprises en Tunisie 2016",41,Tableau: 2.7.3: Répartition des salariés des micro-entreprises selon le salaire perçu en proportion du smig (Femmes),« Le champ de l’enquête sur les micro-entreprises de 2016 couvre les activités non agricoles. » (p. 9) « Le nombre d’entreprises de moins de 6 salariés et ayant un chiffre d’affaire inférieur à 1 million de dinars intégré dans le champ de l’enquête s’élève à 704241. » (p. 9) « L’exploitation de l’enquête a été faite sur la base des 7179 entreprises répondantes n’ayant pas de comptabilité » (p. 9) « personnes employées d’une façon permanente dans l’entreprise » (p. 10),couche texte
2016,femmes,Ensemble,<0.5,">0,5 SMIG [sic]",part,14.2,14.2,% des salariés,357,non précisé par la source,ins-micro-entreprises-2016,"INS, Le secteur des micro-entreprises en Tunisie 2016",41,Tableau: 2.7.3 bis: Répartition des salariés des micro-entreprises selon le salaire perçu en proportion du smig (Femmes) en pourcentage,« Le champ de l’enquête sur les micro-entreprises de 2016 couvre les activités non agricoles. » (p. 9) « Le nombre d’entreprises de moins de 6 salariés et ayant un chiffre d’affaire inférieur à 1 million de dinars intégré dans le champ de l’enquête s’élève à 704241. » (p. 9) « L’exploitation de l’enquête a été faite sur la base des 7179 entreprises répondantes n’ayant pas de comptabilité » (p. 9) « personnes employées d’une façon permanente dans l’entreprise » (p. 10),couche texte
2016,femmes,Ensemble,0.5-0.75,"0,5 à 0,75 SMIG",part,20.1,20.1,% des salariés,357,non précisé par la source,ins-micro-entreprises-2016,"INS, Le secteur des micro-entreprises en Tunisie 2016",41,Tableau: 2.7.3 bis: Répartition des salariés des micro-entreprises selon le salaire perçu en proportion du smig (Femmes) en pourcentage,« Le champ de l’enquête sur les micro-entreprises de 2016 couvre les activités non agricoles. » (p. 9) « Le nombre d’entreprises de moins de 6 salariés et ayant un chiffre d’affaire inférieur à 1 million de dinars intégré dans le champ de l’enquête s’élève à 704241. » (p. 9) « L’exploitation de l’enquête a été faite sur la base des 7179 entreprises répondantes n’ayant pas de comptabilité » (p. 9) « personnes employées d’une façon permanente dans l’entreprise » (p. 10),couche texte
2016,femmes,Ensemble,0.75-1,"0,75 à 1 SMIG",part,27.0,27.0,% des salariés,357,non précisé par la source,ins-micro-entreprises-2016,"INS, Le secteur des micro-entreprises en Tunisie 2016",41,Tableau: 2.7.3 bis: Répartition des salariés des micro-entreprises selon le salaire perçu en proportion du smig (Femmes) en pourcentage,« Le champ de l’enquête sur les micro-entreprises de 2016 couvre les activités non agricoles. » (p. 9) « Le nombre d’entreprises de moins de 6 salariés et ayant un chiffre d’affaire inférieur à 1 million de dinars intégré dans le champ de l’enquête s’élève à 704241. » (p. 9) « L’exploitation de l’enquête a été faite sur la base des 7179 entreprises répondantes n’ayant pas de comptabilité » (p. 9) « personnes employées d’une façon permanente dans l’entreprise » (p. 10),couche texte
2016,femmes,Ensemble,1-1.25,"1 à 1,25 SMIG",part,17.2,17.2,% des salariés,357,non précisé par la source,ins-micro-entreprises-2016,"INS, Le secteur des micro-entreprises en Tunisie 2016",41,Tableau: 2.7.3 bis: Répartition des salariés des micro-entreprises selon le salaire perçu en proportion du smig (Femmes) en pourcentage,« Le champ de l’enquête sur les micro-entreprises de 2016 couvre les activités non agricoles. » (p. 9) « Le nombre d’entreprises de moins de 6 salariés et ayant un chiffre d’affaire inférieur à 1 million de dinars intégré dans le champ de l’enquête s’élève à 704241. » (p. 9) « L’exploitation de l’enquête a été faite sur la base des 7179 entreprises répondantes n’ayant pas de comptabilité » (p. 9) « personnes employées d’une façon permanente dans l’entreprise » (p. 10),couche texte
2016,femmes,Ensemble,>1.25,">1,25 SMIG",part,21.5,21.5,% des salariés,357,non précisé par la source,ins-micro-entreprises-2016,"INS, Le secteur des micro-entreprises en Tunisie 2016",41,Tableau: 2.7.3 bis: Répartition des salariés des micro-entreprises selon le salaire perçu en proportion du smig (Femmes) en pourcentage,« Le champ de l’enquête sur les micro-entreprises de 2016 couvre les activités non agricoles. » (p. 9) « Le nombre d’entreprises de moins de 6 salariés et ayant un chiffre d’affaire inférieur à 1 million de dinars intégré dans le champ de l’enquête s’élève à 704241. » (p. 9) « L’exploitation de l’enquête a été faite sur la base des 7179 entreprises répondantes n’ayant pas de comptabilité » (p. 9) « personnes employées d’une façon permanente dans l’entreprise » (p. 10),couche texte
2016,femmes,Ensemble,total,Total,part,100.0,100.0,% des salariés,357,non précisé par la source,ins-micro-entreprises-2016,"INS, Le secteur des micro-entreprises en Tunisie 2016",41,Tableau: 2.7.3 bis: Répartition des salariés des micro-entreprises selon le salaire perçu en proportion du smig (Femmes) en pourcentage,« Le champ de l’enquête sur les micro-entreprises de 2016 couvre les activités non agricoles. » (p. 9) « Le nombre d’entreprises de moins de 6 salariés et ayant un chiffre d’affaire inférieur à 1 million de dinars intégré dans le champ de l’enquête s’élève à 704241. » (p. 9) « L’exploitation de l’enquête a été faite sur la base des 7179 entreprises répondantes n’ayant pas de comptabilité » (p. 9) « personnes employées d’une façon permanente dans l’entreprise » (p. 10),couche texte
