date_effet,date_effet_etablie,annee,produit,prix_millimes,unite,valeur_source,unite_source,famille,nature_du_prix,source,reference,date_du_texte,niveau_de_preuve,mecanisme,rupture,note
1964-09-28,oui,1964,essence super,90.0,millimes par litre,90.0,millimes par litre,arrêté de prix publié au Journal officiel,"prix limite de vente à la pompe, zone A (Tunis-banlieue)",arrete-1964-09-28-prix-petroliers,"JORT n° 45, 25-28 sept. 1964, pp. 1139-1140",1964-09-28,"fascicule lu à l'image (note documentaire du précis, 6 octobre 2026) ; non relu ici",,,zone A ; « kérozène »
1964-09-28,oui,1964,essence normale,87.0,millimes par litre,87.0,millimes par litre,arrêté de prix publié au Journal officiel,"prix limite de vente à la pompe, zone A (Tunis-banlieue)",arrete-1964-09-28-prix-petroliers,"JORT n° 45, 25-28 sept. 1964, pp. 1139-1140",1964-09-28,"fascicule lu à l'image (note documentaire du précis, 6 octobre 2026) ; non relu ici",,,zone A ; « kérozène »
1964-09-28,oui,1964,pétrole lampant,38.0,millimes par litre,38.0,millimes par litre,arrêté de prix publié au Journal officiel,"prix limite de vente à la pompe, zone A (Tunis-banlieue)",arrete-1964-09-28-prix-petroliers,"JORT n° 45, 25-28 sept. 1964, pp. 1139-1140",1964-09-28,"fascicule lu à l'image (note documentaire du précis, 6 octobre 2026) ; non relu ici",,,zone A ; « kérozène »
1964-09-28,oui,1964,gas-oil,40.0,millimes par litre,40.0,millimes par litre,arrêté de prix publié au Journal officiel,"prix limite de vente à la pompe, zone A (Tunis-banlieue)",arrete-1964-09-28-prix-petroliers,"JORT n° 45, 25-28 sept. 1964, pp. 1139-1140",1964-09-28,"fascicule lu à l'image (note documentaire du précis, 6 octobre 2026) ; non relu ici",,,zone A ; « kérozène »
1966-01-01,oui,1966,essence super,100.0,millimes par litre,100.0,millimes par litre,arrêté de prix publié au Journal officiel,"prix limite de vente à la pompe, zone A (Tunis-banlieue)",arrete-1965-12-31-prix-petroliers,"JORT n° 66, 31 déc. 1965, pp. 1735-1736",1965-12-31,"fascicule lu à l'image (note documentaire du précis, 6 octobre 2026) ; non relu ici",,,zone A ; essences seules
1966-01-01,oui,1966,essence normale,97.0,millimes par litre,97.0,millimes par litre,arrêté de prix publié au Journal officiel,"prix limite de vente à la pompe, zone A (Tunis-banlieue)",arrete-1965-12-31-prix-petroliers,"JORT n° 66, 31 déc. 1965, pp. 1735-1736",1965-12-31,"fascicule lu à l'image (note documentaire du précis, 6 octobre 2026) ; non relu ici",,,zone A ; essences seules
1966-09-25,oui,1966,essence super,97.0,millimes par litre,97.0,millimes par litre,arrêté de prix publié au Journal officiel,"prix limite de vente à la pompe, zone A (Tunis-banlieue)",arrete-1966-09-23-prix-petroliers,"JORT n° 41, 23-27 sept. 1966, pp. 1409-1410",1966-09-23,"fascicule lu à l'image (note documentaire du précis, 6 octobre 2026) ; non relu ici",,,"zone A ; baisse ; scan peu net, prix vérifiés par le calcul de la taxe"
1966-09-25,oui,1966,essence normale,93.0,millimes par litre,93.0,millimes par litre,arrêté de prix publié au Journal officiel,"prix limite de vente à la pompe, zone A (Tunis-banlieue)",arrete-1966-09-23-prix-petroliers,"JORT n° 41, 23-27 sept. 1966, pp. 1409-1410",1966-09-23,"fascicule lu à l'image (note documentaire du précis, 6 octobre 2026) ; non relu ici",,,"zone A ; baisse ; scan peu net, prix vérifiés par le calcul de la taxe"
1966-09-25,oui,1966,pétrole lampant,33.3,millimes par litre,33.3,millimes par litre,arrêté de prix publié au Journal officiel,"prix limite de vente à la pompe, zone A (Tunis-banlieue)",arrete-1966-09-23-prix-petroliers,"JORT n° 41, 23-27 sept. 1966, pp. 1409-1410",1966-09-23,"fascicule lu à l'image (note documentaire du précis, 6 octobre 2026) ; non relu ici",,,"zone A ; baisse ; scan peu net, prix vérifiés par le calcul de la taxe"
1966-09-25,oui,1966,gas-oil,35.4,millimes par litre,35.4,millimes par litre,arrêté de prix publié au Journal officiel,"prix limite de vente à la pompe, zone A (Tunis-banlieue)",arrete-1966-09-23-prix-petroliers,"JORT n° 41, 23-27 sept. 1966, pp. 1409-1410",1966-09-23,"fascicule lu à l'image (note documentaire du précis, 6 octobre 2026) ; non relu ici",,,"zone A ; baisse ; scan peu net, prix vérifiés par le calcul de la taxe"
1968-12-10,oui,1968,essence super,106.0,millimes par litre,106.0,millimes par litre,arrêté de prix publié au Journal officiel,"prix limite de vente à la pompe, prix uniforme",arrete-1968-12-09-prix-carburants,"JORT n° 52, 6-10 déc. 1968, pp. 1291-1292",1968-12-09,"fascicule lu à l'image (note documentaire du précis, 6 octobre 2026) ; non relu ici",,zone A (Tunis-banlieue) → prix uniforme sur le territoire,premier prix uniforme
1968-12-10,oui,1968,essence normale,101.0,millimes par litre,101.0,millimes par litre,arrêté de prix publié au Journal officiel,"prix limite de vente à la pompe, prix uniforme",arrete-1968-12-09-prix-carburants,"JORT n° 52, 6-10 déc. 1968, pp. 1291-1292",1968-12-09,"fascicule lu à l'image (note documentaire du précis, 6 octobre 2026) ; non relu ici",,zone A (Tunis-banlieue) → prix uniforme sur le territoire,premier prix uniforme
1968-12-10,oui,1968,pétrole lampant,34.0,millimes par litre,34.0,millimes par litre,arrêté de prix publié au Journal officiel,"prix limite de vente à la pompe, prix uniforme",arrete-1968-12-09-prix-carburants,"JORT n° 52, 6-10 déc. 1968, pp. 1291-1292",1968-12-09,"fascicule lu à l'image (note documentaire du précis, 6 octobre 2026) ; non relu ici",,zone A (Tunis-banlieue) → prix uniforme sur le territoire,premier prix uniforme
1968-12-10,oui,1968,gas-oil,37.0,millimes par litre,37.0,millimes par litre,arrêté de prix publié au Journal officiel,"prix limite de vente à la pompe, prix uniforme",arrete-1968-12-09-prix-carburants,"JORT n° 52, 6-10 déc. 1968, pp. 1291-1292",1968-12-09,"fascicule lu à l'image (note documentaire du précis, 6 octobre 2026) ; non relu ici",,zone A (Tunis-banlieue) → prix uniforme sur le territoire,premier prix uniforme
1971-10-01,oui,1971,essence super,115.0,millimes par litre,115.0,millimes par litre,arrêté de prix publié au Journal officiel,"prix limite de vente à la pompe, prix uniforme",arrete-1971-09-30-prix-petroliers,"JORT n° 42, 1er oct. 1971, pp. 1288-1289",1971-09-30,"fascicule lu à l'image (note documentaire du précis, 6 octobre 2026) ; non relu ici",,,
1971-10-01,oui,1971,essence normale,110.0,millimes par litre,110.0,millimes par litre,arrêté de prix publié au Journal officiel,"prix limite de vente à la pompe, prix uniforme",arrete-1971-09-30-prix-petroliers,"JORT n° 42, 1er oct. 1971, pp. 1288-1289",1971-09-30,"fascicule lu à l'image (note documentaire du précis, 6 octobre 2026) ; non relu ici",,,
1971-10-01,oui,1971,pétrole lampant,36.0,millimes par litre,36.0,millimes par litre,arrêté de prix publié au Journal officiel,"prix limite de vente à la pompe, prix uniforme",arrete-1971-09-30-prix-petroliers,"JORT n° 42, 1er oct. 1971, pp. 1288-1289",1971-09-30,"fascicule lu à l'image (note documentaire du précis, 6 octobre 2026) ; non relu ici",,,
1971-10-01,oui,1971,gas-oil,45.0,millimes par litre,45.0,millimes par litre,arrêté de prix publié au Journal officiel,"prix limite de vente à la pompe, prix uniforme",arrete-1971-09-30-prix-petroliers,"JORT n° 42, 1er oct. 1971, pp. 1288-1289",1971-09-30,"fascicule lu à l'image (note documentaire du précis, 6 octobre 2026) ; non relu ici",,,
1974-05-24,oui,1974,essence super,165.0,millimes par litre,165.0,millimes par litre,arrêté de prix publié au Journal officiel,"prix limite de vente à la pompe, prix uniforme",arrete-1974-05-24-prix-petroliers,"JORT n° 36, 24 mai 1974, pp. 1111-1112",1974-05-24,"fascicule lu à l'image (note documentaire du précis, 6 octobre 2026) ; non relu ici",,,essences seules ; +50 millimes/l
1974-05-24,oui,1974,essence normale,160.0,millimes par litre,160.0,millimes par litre,arrêté de prix publié au Journal officiel,"prix limite de vente à la pompe, prix uniforme",arrete-1974-05-24-prix-petroliers,"JORT n° 36, 24 mai 1974, pp. 1111-1112",1974-05-24,"fascicule lu à l'image (note documentaire du précis, 6 octobre 2026) ; non relu ici",,,essences seules ; +50 millimes/l
1977-01-01,oui,1977,essence super,180.0,millimes par litre,180.0,millimes par litre,arrêté de prix publié au Journal officiel,"prix limite de vente à la pompe, prix uniforme",arrete-1976-12-31-prix-petroliers,"JORT n° 83, 31 déc. 1976, pp. 3242-3243",1976-12-31,"fascicule lu à l'image (note documentaire du précis, 6 octobre 2026) ; non relu ici",,,
1977-01-01,oui,1977,essence normale,170.0,millimes par litre,170.0,millimes par litre,arrêté de prix publié au Journal officiel,"prix limite de vente à la pompe, prix uniforme",arrete-1976-12-31-prix-petroliers,"JORT n° 83, 31 déc. 1976, pp. 3242-3243",1976-12-31,"fascicule lu à l'image (note documentaire du précis, 6 octobre 2026) ; non relu ici",,,
1977-01-01,oui,1977,pétrole lampant,40.0,millimes par litre,40.0,millimes par litre,arrêté de prix publié au Journal officiel,"prix limite de vente à la pompe, prix uniforme",arrete-1976-12-31-prix-petroliers,"JORT n° 83, 31 déc. 1976, pp. 3242-3243",1976-12-31,"fascicule lu à l'image (note documentaire du précis, 6 octobre 2026) ; non relu ici",,,
1977-01-01,oui,1977,gas-oil,60.0,millimes par litre,60.0,millimes par litre,arrêté de prix publié au Journal officiel,"prix limite de vente à la pompe, prix uniforme",arrete-1976-12-31-prix-petroliers,"JORT n° 83, 31 déc. 1976, pp. 3242-3243",1976-12-31,"fascicule lu à l'image (note documentaire du précis, 6 octobre 2026) ; non relu ici",,,
1978-03-25,oui,1978,essence super,190.0,millimes par litre,190.0,millimes par litre,arrêté de prix publié au Journal officiel,"prix limite de vente à la pompe, prix uniforme",arrete-1978-03-23-prix-petroliers,"JORT n° 23, 21-24 mars 1978, pp. 817-818",1978-03-23,"fascicule lu à l'image (note documentaire du précis, 6 octobre 2026) ; non relu ici",,,essences seules
1978-03-25,oui,1978,essence normale,180.0,millimes par litre,180.0,millimes par litre,arrêté de prix publié au Journal officiel,"prix limite de vente à la pompe, prix uniforme",arrete-1978-03-23-prix-petroliers,"JORT n° 23, 21-24 mars 1978, pp. 817-818",1978-03-23,"fascicule lu à l'image (note documentaire du précis, 6 octobre 2026) ; non relu ici",,,essences seules
1978-12-27,oui,1978,essence super,205.0,millimes par litre,205.0,millimes par litre,arrêté de prix publié au Journal officiel,"prix limite de vente à la pompe, prix uniforme",arrete-1978-12-25-prix-petroliers,"JORT n° 86, 26 déc. 1978, pp. 3733-3734",1978-12-25,"fascicule lu à l'image (note documentaire du précis, 6 octobre 2026) ; non relu ici",,,
1978-12-27,oui,1978,essence normale,192.0,millimes par litre,192.0,millimes par litre,arrêté de prix publié au Journal officiel,"prix limite de vente à la pompe, prix uniforme",arrete-1978-12-25-prix-petroliers,"JORT n° 86, 26 déc. 1978, pp. 3733-3734",1978-12-25,"fascicule lu à l'image (note documentaire du précis, 6 octobre 2026) ; non relu ici",,,
1978-12-27,oui,1978,pétrole lampant,45.0,millimes par litre,45.0,millimes par litre,arrêté de prix publié au Journal officiel,"prix limite de vente à la pompe, prix uniforme",arrete-1978-12-25-prix-petroliers,"JORT n° 86, 26 déc. 1978, pp. 3733-3734",1978-12-25,"fascicule lu à l'image (note documentaire du précis, 6 octobre 2026) ; non relu ici",,,
1978-12-27,oui,1978,gas-oil,66.0,millimes par litre,66.0,millimes par litre,arrêté de prix publié au Journal officiel,"prix limite de vente à la pompe, prix uniforme",arrete-1978-12-25-prix-petroliers,"JORT n° 86, 26 déc. 1978, pp. 3733-3734",1978-12-25,"fascicule lu à l'image (note documentaire du précis, 6 octobre 2026) ; non relu ici",,,
1978-12-27,oui,1978,"GPL, bouteille de 13 kg",1700.0,millimes par bouteille de 13 kg,1.7,dinars la charge de 13 kg,arrêté de prix publié au Journal officiel,prix limite de vente de la charge,arrete-1978-12-25-prix-petroliers,"JORT n° 86, 26 déc. 1978, pp. 3733-3734",1978-12-25,"fascicule lu à l'image (note documentaire du précis, 6 octobre 2026) ; non relu ici",,,
1979-12-28,oui,1979,essence super,220.0,millimes par litre,220.0,millimes par litre,arrêté de prix publié au Journal officiel,"prix limite de vente à la pompe, prix uniforme",arrete-1979-12-27-prix-petroliers,"JORT n° 76, 28-31 déc. 1979, pp. 3659-3660",1979-12-27,"fascicule lu à l'image (note documentaire du précis, 6 octobre 2026) ; non relu ici",,,
1979-12-28,oui,1979,essence normale,205.0,millimes par litre,205.0,millimes par litre,arrêté de prix publié au Journal officiel,"prix limite de vente à la pompe, prix uniforme",arrete-1979-12-27-prix-petroliers,"JORT n° 76, 28-31 déc. 1979, pp. 3659-3660",1979-12-27,"fascicule lu à l'image (note documentaire du précis, 6 octobre 2026) ; non relu ici",,,
1979-12-28,oui,1979,pétrole lampant,50.0,millimes par litre,50.0,millimes par litre,arrêté de prix publié au Journal officiel,"prix limite de vente à la pompe, prix uniforme",arrete-1979-12-27-prix-petroliers,"JORT n° 76, 28-31 déc. 1979, pp. 3659-3660",1979-12-27,"fascicule lu à l'image (note documentaire du précis, 6 octobre 2026) ; non relu ici",,,
1979-12-28,oui,1979,gas-oil,75.0,millimes par litre,75.0,millimes par litre,arrêté de prix publié au Journal officiel,"prix limite de vente à la pompe, prix uniforme",arrete-1979-12-27-prix-petroliers,"JORT n° 76, 28-31 déc. 1979, pp. 3659-3660",1979-12-27,"fascicule lu à l'image (note documentaire du précis, 6 octobre 2026) ; non relu ici",,,
1979-12-28,oui,1979,"GPL, bouteille de 13 kg",1850.0,millimes par bouteille de 13 kg,1.85,dinars la charge de 13 kg,arrêté de prix publié au Journal officiel,prix limite de vente de la charge,arrete-1979-12-27-prix-petroliers,"JORT n° 76, 28-31 déc. 1979, pp. 3659-3660",1979-12-27,"fascicule lu à l'image (note documentaire du précis, 6 octobre 2026) ; non relu ici",,,
1981-06-27,oui,1981,essence super,280.0,millimes par litre,280.0,millimes par litre,arrêté de prix publié au Journal officiel,"prix limite de vente à la pompe, prix uniforme",arrete-1981-06-23-prix-petroliers,"JORT n° 46, 3-7 juil. 1981, pp. 1593-1595",1981-06-23,"fascicule lu à l'image (note documentaire du précis, 6 octobre 2026) ; non relu ici",,,"abroge un arrêté du 31 décembre 1980, non localisé : prix du premier semestre 1981 inconnus"
1981-06-27,oui,1981,essence normale,265.0,millimes par litre,265.0,millimes par litre,arrêté de prix publié au Journal officiel,"prix limite de vente à la pompe, prix uniforme",arrete-1981-06-23-prix-petroliers,"JORT n° 46, 3-7 juil. 1981, pp. 1593-1595",1981-06-23,"fascicule lu à l'image (note documentaire du précis, 6 octobre 2026) ; non relu ici",,,"abroge un arrêté du 31 décembre 1980, non localisé : prix du premier semestre 1981 inconnus"
1981-06-27,oui,1981,pétrole lampant,60.0,millimes par litre,60.0,millimes par litre,arrêté de prix publié au Journal officiel,"prix limite de vente à la pompe, prix uniforme",arrete-1981-06-23-prix-petroliers,"JORT n° 46, 3-7 juil. 1981, pp. 1593-1595",1981-06-23,"fascicule lu à l'image (note documentaire du précis, 6 octobre 2026) ; non relu ici",,,"abroge un arrêté du 31 décembre 1980, non localisé : prix du premier semestre 1981 inconnus"
1981-06-27,oui,1981,gas-oil,110.0,millimes par litre,110.0,millimes par litre,arrêté de prix publié au Journal officiel,"prix limite de vente à la pompe, prix uniforme",arrete-1981-06-23-prix-petroliers,"JORT n° 46, 3-7 juil. 1981, pp. 1593-1595",1981-06-23,"fascicule lu à l'image (note documentaire du précis, 6 octobre 2026) ; non relu ici",,,"abroge un arrêté du 31 décembre 1980, non localisé : prix du premier semestre 1981 inconnus"
1981-06-27,oui,1981,"GPL, bouteille de 13 kg",2100.0,millimes par bouteille de 13 kg,2.1,dinars la charge de 13 kg,arrêté de prix publié au Journal officiel,prix limite de vente de la charge,arrete-1981-06-23-prix-petroliers,"JORT n° 46, 3-7 juil. 1981, pp. 1593-1595",1981-06-23,"fascicule lu à l'image (note documentaire du précis, 6 octobre 2026) ; non relu ici",,,"abroge un arrêté du 31 décembre 1980, non localisé : prix du premier semestre 1981 inconnus"
1982-01-05,oui,1982,essence super,295.0,millimes par litre,295.0,millimes par litre,arrêté de prix publié au Journal officiel,"prix limite de vente à la pompe, prix uniforme",arrete-1982-01-05-prix-petroliers,"JORT n° 2, 8-12 janv. 1982, pp. 64-66",1982-01-05,"fascicule lu à l'image (note documentaire du précis, 6 octobre 2026) ; non relu ici",,,
1982-01-05,oui,1982,essence normale,280.0,millimes par litre,280.0,millimes par litre,arrêté de prix publié au Journal officiel,"prix limite de vente à la pompe, prix uniforme",arrete-1982-01-05-prix-petroliers,"JORT n° 2, 8-12 janv. 1982, pp. 64-66",1982-01-05,"fascicule lu à l'image (note documentaire du précis, 6 octobre 2026) ; non relu ici",,,
1982-01-05,oui,1982,pétrole lampant,70.0,millimes par litre,70.0,millimes par litre,arrêté de prix publié au Journal officiel,"prix limite de vente à la pompe, prix uniforme",arrete-1982-01-05-prix-petroliers,"JORT n° 2, 8-12 janv. 1982, pp. 64-66",1982-01-05,"fascicule lu à l'image (note documentaire du précis, 6 octobre 2026) ; non relu ici",,,
1982-01-05,oui,1982,gas-oil,125.0,millimes par litre,125.0,millimes par litre,arrêté de prix publié au Journal officiel,"prix limite de vente à la pompe, prix uniforme",arrete-1982-01-05-prix-petroliers,"JORT n° 2, 8-12 janv. 1982, pp. 64-66",1982-01-05,"fascicule lu à l'image (note documentaire du précis, 6 octobre 2026) ; non relu ici",,,
1982-01-05,oui,1982,"GPL, bouteille de 13 kg",2350.0,millimes par bouteille de 13 kg,2.35,dinars la charge de 13 kg,arrêté de prix publié au Journal officiel,prix limite de vente de la charge,arrete-1982-01-05-prix-petroliers,"JORT n° 2, 8-12 janv. 1982, pp. 64-66",1982-01-05,"fascicule lu à l'image (note documentaire du précis, 6 octobre 2026) ; non relu ici",,,
1982-10-01,oui,1982,essence super,320.0,millimes par litre,320.0,millimes par litre,arrêté de prix publié au Journal officiel,"prix limite de vente à la pompe, prix uniforme",arrete-1982-09-30-prix-petroliers,"JORT n° 63, 5 oct. 1982, pp. 2070-2072",1982-09-30,"fascicule lu à l'image (note documentaire du précis, 6 octobre 2026) ; non relu ici",,,
1982-10-01,oui,1982,essence normale,300.0,millimes par litre,300.0,millimes par litre,arrêté de prix publié au Journal officiel,"prix limite de vente à la pompe, prix uniforme",arrete-1982-09-30-prix-petroliers,"JORT n° 63, 5 oct. 1982, pp. 2070-2072",1982-09-30,"fascicule lu à l'image (note documentaire du précis, 6 octobre 2026) ; non relu ici",,,
1982-10-01,oui,1982,pétrole lampant,100.0,millimes par litre,100.0,millimes par litre,arrêté de prix publié au Journal officiel,"prix limite de vente à la pompe, prix uniforme",arrete-1982-09-30-prix-petroliers,"JORT n° 63, 5 oct. 1982, pp. 2070-2072",1982-09-30,"fascicule lu à l'image (note documentaire du précis, 6 octobre 2026) ; non relu ici",,,
1982-10-01,oui,1982,gas-oil,145.0,millimes par litre,145.0,millimes par litre,arrêté de prix publié au Journal officiel,"prix limite de vente à la pompe, prix uniforme",arrete-1982-09-30-prix-petroliers,"JORT n° 63, 5 oct. 1982, pp. 2070-2072",1982-09-30,"fascicule lu à l'image (note documentaire du précis, 6 octobre 2026) ; non relu ici",,,
1982-10-01,oui,1982,"GPL, bouteille de 13 kg",2700.0,millimes par bouteille de 13 kg,2.7,dinars la charge de 13 kg,arrêté de prix publié au Journal officiel,prix limite de vente de la charge,arrete-1982-09-30-prix-petroliers,"JORT n° 63, 5 oct. 1982, pp. 2070-2072",1982-09-30,"fascicule lu à l'image (note documentaire du précis, 6 octobre 2026) ; non relu ici",,,
1984-02-22,oui,1984,essence super,360.0,millimes par litre,360.0,millimes par litre,arrêté de prix publié au Journal officiel,"prix limite de vente à la pompe, prix uniforme",arrete-1984-02-20-prix-petroliers,"JORT n° 12, 21 févr. 1984, pp. 403-405",1984-02-20,"fascicule lu à l'image (note documentaire du précis, 6 octobre 2026) ; non relu ici",,,
1984-02-22,oui,1984,essence normale,340.0,millimes par litre,340.0,millimes par litre,arrêté de prix publié au Journal officiel,"prix limite de vente à la pompe, prix uniforme",arrete-1984-02-20-prix-petroliers,"JORT n° 12, 21 févr. 1984, pp. 403-405",1984-02-20,"fascicule lu à l'image (note documentaire du précis, 6 octobre 2026) ; non relu ici",,,
1984-02-22,oui,1984,pétrole lampant,100.0,millimes par litre,100.0,millimes par litre,arrêté de prix publié au Journal officiel,"prix limite de vente à la pompe, prix uniforme",arrete-1984-02-20-prix-petroliers,"JORT n° 12, 21 févr. 1984, pp. 403-405",1984-02-20,"fascicule lu à l'image (note documentaire du précis, 6 octobre 2026) ; non relu ici",,,
1984-02-22,oui,1984,gas-oil,160.0,millimes par litre,160.0,millimes par litre,arrêté de prix publié au Journal officiel,"prix limite de vente à la pompe, prix uniforme",arrete-1984-02-20-prix-petroliers,"JORT n° 12, 21 févr. 1984, pp. 403-405",1984-02-20,"fascicule lu à l'image (note documentaire du précis, 6 octobre 2026) ; non relu ici",,,
1984-02-22,oui,1984,"GPL, bouteille de 13 kg",2700.0,millimes par bouteille de 13 kg,2.7,dinars la charge de 13 kg,arrêté de prix publié au Journal officiel,prix limite de vente de la charge,arrete-1984-02-20-prix-petroliers,"JORT n° 12, 21 févr. 1984, pp. 403-405",1984-02-20,"fascicule lu à l'image (note documentaire du précis, 6 octobre 2026) ; non relu ici",,,
1984-11-30,oui,1984,essence super,380.0,millimes par litre,380.0,millimes par litre,arrêté de prix publié au Journal officiel,"prix limite de vente à la pompe, prix uniforme",arrete-1984-11-29-prix-petroliers,"JORT n° 72, 4 déc. 1984, pp. 2762-2763",1984-11-29,"fascicule lu à l'image (note documentaire du précis, 6 octobre 2026) ; non relu ici",,,"pétrole et gas-oil : chiffre des centaines mal imprimé, rétabli par le prix de gros (103 et 173) plus la marge de 7"
1984-11-30,oui,1984,essence normale,360.0,millimes par litre,360.0,millimes par litre,arrêté de prix publié au Journal officiel,"prix limite de vente à la pompe, prix uniforme",arrete-1984-11-29-prix-petroliers,"JORT n° 72, 4 déc. 1984, pp. 2762-2763",1984-11-29,"fascicule lu à l'image (note documentaire du précis, 6 octobre 2026) ; non relu ici",,,"pétrole et gas-oil : chiffre des centaines mal imprimé, rétabli par le prix de gros (103 et 173) plus la marge de 7"
1984-11-30,oui,1984,pétrole lampant,110.0,millimes par litre,110.0,millimes par litre,arrêté de prix publié au Journal officiel,"prix limite de vente à la pompe, prix uniforme",arrete-1984-11-29-prix-petroliers,"JORT n° 72, 4 déc. 1984, pp. 2762-2763",1984-11-29,"fascicule lu à l'image (note documentaire du précis, 6 octobre 2026) ; non relu ici",,,"pétrole et gas-oil : chiffre des centaines mal imprimé, rétabli par le prix de gros (103 et 173) plus la marge de 7"
1984-11-30,oui,1984,gas-oil,180.0,millimes par litre,180.0,millimes par litre,arrêté de prix publié au Journal officiel,"prix limite de vente à la pompe, prix uniforme",arrete-1984-11-29-prix-petroliers,"JORT n° 72, 4 déc. 1984, pp. 2762-2763",1984-11-29,"fascicule lu à l'image (note documentaire du précis, 6 octobre 2026) ; non relu ici",,,"pétrole et gas-oil : chiffre des centaines mal imprimé, rétabli par le prix de gros (103 et 173) plus la marge de 7"
1984-11-30,oui,1984,"GPL, bouteille de 13 kg",3000.0,millimes par bouteille de 13 kg,3.0,dinars la charge de 13 kg,arrêté de prix publié au Journal officiel,prix limite de vente de la charge,arrete-1984-11-29-prix-petroliers,"JORT n° 72, 4 déc. 1984, pp. 2762-2763",1984-11-29,"fascicule lu à l'image (note documentaire du précis, 6 octobre 2026) ; non relu ici",,,"pétrole et gas-oil : chiffre des centaines mal imprimé, rétabli par le prix de gros (103 et 173) plus la marge de 7"
1985-06-07,oui,1985,essence super,410.0,millimes par litre,410.0,millimes par litre,arrêté de prix publié au Journal officiel,"prix limite de vente à la pompe, prix uniforme",arrete-1985-06-06-prix-petroliers,"JORT n° 46, 11 juin 1985, pp. 822-823",1985-06-06,"fascicule lu à l'image (note documentaire du précis, 6 octobre 2026) ; non relu ici",,,
1985-06-07,oui,1985,essence normale,390.0,millimes par litre,390.0,millimes par litre,arrêté de prix publié au Journal officiel,"prix limite de vente à la pompe, prix uniforme",arrete-1985-06-06-prix-petroliers,"JORT n° 46, 11 juin 1985, pp. 822-823",1985-06-06,"fascicule lu à l'image (note documentaire du précis, 6 octobre 2026) ; non relu ici",,,
1985-06-07,oui,1985,pétrole lampant,120.0,millimes par litre,120.0,millimes par litre,arrêté de prix publié au Journal officiel,"prix limite de vente à la pompe, prix uniforme",arrete-1985-06-06-prix-petroliers,"JORT n° 46, 11 juin 1985, pp. 822-823",1985-06-06,"fascicule lu à l'image (note documentaire du précis, 6 octobre 2026) ; non relu ici",,,
1985-06-07,oui,1985,gas-oil,210.0,millimes par litre,210.0,millimes par litre,arrêté de prix publié au Journal officiel,"prix limite de vente à la pompe, prix uniforme",arrete-1985-06-06-prix-petroliers,"JORT n° 46, 11 juin 1985, pp. 822-823",1985-06-06,"fascicule lu à l'image (note documentaire du précis, 6 octobre 2026) ; non relu ici",,,
1985-06-07,oui,1985,"GPL, bouteille de 13 kg",3000.0,millimes par bouteille de 13 kg,3.0,dinars la charge de 13 kg,arrêté de prix publié au Journal officiel,prix limite de vente de la charge,arrete-1985-06-06-prix-petroliers,"JORT n° 46, 11 juin 1985, pp. 822-823",1985-06-06,"fascicule lu à l'image (note documentaire du précis, 6 octobre 2026) ; non relu ici",,,
1985-12-11,oui,1985,essence super,430.0,millimes par litre,430.0,millimes par litre,arrêté de prix publié au Journal officiel,"prix limite de vente à la pompe, prix uniforme",arrete-1985-12-09-prix-petroliers,"JORT n° 87, 13 déc. 1985, pp. 1629-1630",1985-12-09,"fascicule lu à l'image (note documentaire du précis, 6 octobre 2026) ; non relu ici",,,
1985-12-11,oui,1985,essence normale,410.0,millimes par litre,410.0,millimes par litre,arrêté de prix publié au Journal officiel,"prix limite de vente à la pompe, prix uniforme",arrete-1985-12-09-prix-petroliers,"JORT n° 87, 13 déc. 1985, pp. 1629-1630",1985-12-09,"fascicule lu à l'image (note documentaire du précis, 6 octobre 2026) ; non relu ici",,,
1985-12-11,oui,1985,pétrole lampant,130.0,millimes par litre,130.0,millimes par litre,arrêté de prix publié au Journal officiel,"prix limite de vente à la pompe, prix uniforme",arrete-1985-12-09-prix-petroliers,"JORT n° 87, 13 déc. 1985, pp. 1629-1630",1985-12-09,"fascicule lu à l'image (note documentaire du précis, 6 octobre 2026) ; non relu ici",,,
1985-12-11,oui,1985,gas-oil,230.0,millimes par litre,230.0,millimes par litre,arrêté de prix publié au Journal officiel,"prix limite de vente à la pompe, prix uniforme",arrete-1985-12-09-prix-petroliers,"JORT n° 87, 13 déc. 1985, pp. 1629-1630",1985-12-09,"fascicule lu à l'image (note documentaire du précis, 6 octobre 2026) ; non relu ici",,,
1985-12-11,oui,1985,"GPL, bouteille de 13 kg",3000.0,millimes par bouteille de 13 kg,3.0,dinars la charge de 13 kg,arrêté de prix publié au Journal officiel,prix limite de vente de la charge,arrete-1985-12-09-prix-petroliers,"JORT n° 87, 13 déc. 1985, pp. 1629-1630",1985-12-09,"fascicule lu à l'image (note documentaire du précis, 6 octobre 2026) ; non relu ici",,,
1986-07-30,oui,1986,essence super,450.0,millimes par litre,450.0,millimes par litre,arrêté de prix publié au Journal officiel,"prix limite de vente à la pompe, prix uniforme",arrete-1986-07-29-prix-petroliers,"JORT n° 44, 8-12 août 1986, pp. 879-880",1986-07-29,"fascicule lu à l'image (note documentaire du précis, 6 octobre 2026) ; non relu ici",,,
1986-07-30,oui,1986,essence normale,430.0,millimes par litre,430.0,millimes par litre,arrêté de prix publié au Journal officiel,"prix limite de vente à la pompe, prix uniforme",arrete-1986-07-29-prix-petroliers,"JORT n° 44, 8-12 août 1986, pp. 879-880",1986-07-29,"fascicule lu à l'image (note documentaire du précis, 6 octobre 2026) ; non relu ici",,,
1986-07-30,oui,1986,pétrole lampant,140.0,millimes par litre,140.0,millimes par litre,arrêté de prix publié au Journal officiel,"prix limite de vente à la pompe, prix uniforme",arrete-1986-07-29-prix-petroliers,"JORT n° 44, 8-12 août 1986, pp. 879-880",1986-07-29,"fascicule lu à l'image (note documentaire du précis, 6 octobre 2026) ; non relu ici",,,
1986-07-30,oui,1986,gas-oil,250.0,millimes par litre,250.0,millimes par litre,arrêté de prix publié au Journal officiel,"prix limite de vente à la pompe, prix uniforme",arrete-1986-07-29-prix-petroliers,"JORT n° 44, 8-12 août 1986, pp. 879-880",1986-07-29,"fascicule lu à l'image (note documentaire du précis, 6 octobre 2026) ; non relu ici",,,
1986-07-30,oui,1986,"GPL, bouteille de 13 kg",3000.0,millimes par bouteille de 13 kg,3.0,dinars la charge de 13 kg,arrêté de prix publié au Journal officiel,prix limite de vente de la charge,arrete-1986-07-29-prix-petroliers,"JORT n° 44, 8-12 août 1986, pp. 879-880",1986-07-29,"fascicule lu à l'image (note documentaire du précis, 6 octobre 2026) ; non relu ici",,,
1987-02-11,oui,1987,essence super,470.0,millimes par litre,470.0,millimes par litre,arrêté de prix publié au Journal officiel,"prix limite de vente à la pompe, prix uniforme",arrete-1987-02-14-prix-petroliers,"JORT n° 13, 20 févr. 1987, pp. 259-260",1987-02-14,"fascicule lu à l'image (note documentaire du précis, 6 octobre 2026) ; non relu ici",,,"date d'effet antérieure à la signature, telle que la note la donne"
1987-02-11,oui,1987,essence normale,450.0,millimes par litre,450.0,millimes par litre,arrêté de prix publié au Journal officiel,"prix limite de vente à la pompe, prix uniforme",arrete-1987-02-14-prix-petroliers,"JORT n° 13, 20 févr. 1987, pp. 259-260",1987-02-14,"fascicule lu à l'image (note documentaire du précis, 6 octobre 2026) ; non relu ici",,,"date d'effet antérieure à la signature, telle que la note la donne"
1987-02-11,oui,1987,pétrole lampant,150.0,millimes par litre,150.0,millimes par litre,arrêté de prix publié au Journal officiel,"prix limite de vente à la pompe, prix uniforme",arrete-1987-02-14-prix-petroliers,"JORT n° 13, 20 févr. 1987, pp. 259-260",1987-02-14,"fascicule lu à l'image (note documentaire du précis, 6 octobre 2026) ; non relu ici",,,"date d'effet antérieure à la signature, telle que la note la donne"
1987-02-11,oui,1987,gas-oil,270.0,millimes par litre,270.0,millimes par litre,arrêté de prix publié au Journal officiel,"prix limite de vente à la pompe, prix uniforme",arrete-1987-02-14-prix-petroliers,"JORT n° 13, 20 févr. 1987, pp. 259-260",1987-02-14,"fascicule lu à l'image (note documentaire du précis, 6 octobre 2026) ; non relu ici",,,"date d'effet antérieure à la signature, telle que la note la donne"
1987-02-11,oui,1987,"GPL, bouteille de 13 kg",3000.0,millimes par bouteille de 13 kg,3.0,dinars la charge de 13 kg,arrêté de prix publié au Journal officiel,prix limite de vente de la charge,arrete-1987-02-14-prix-petroliers,"JORT n° 13, 20 févr. 1987, pp. 259-260",1987-02-14,"fascicule lu à l'image (note documentaire du précis, 6 octobre 2026) ; non relu ici",,,"date d'effet antérieure à la signature, telle que la note la donne"
1988-04-29,oui,1988,essence super,490.0,millimes par litre,490.0,millimes par litre,arrêté de prix publié au Journal officiel,"prix limite de vente à la pompe, prix uniforme",arrete-1988-05-05-prix-petroliers,"JORT n° 31, 6 mai 1988, pp. 709-711",1988-05-05,"fascicule lu à l'image (note documentaire du précis, 6 octobre 2026) ; non relu ici",,,visé en 1991 sous la date du « 28 avril 1988 » ; date d'effet antérieure à la signature
1988-04-29,oui,1988,essence normale,470.0,millimes par litre,470.0,millimes par litre,arrêté de prix publié au Journal officiel,"prix limite de vente à la pompe, prix uniforme",arrete-1988-05-05-prix-petroliers,"JORT n° 31, 6 mai 1988, pp. 709-711",1988-05-05,"fascicule lu à l'image (note documentaire du précis, 6 octobre 2026) ; non relu ici",,,visé en 1991 sous la date du « 28 avril 1988 » ; date d'effet antérieure à la signature
1988-04-29,oui,1988,pétrole lampant,160.0,millimes par litre,160.0,millimes par litre,arrêté de prix publié au Journal officiel,"prix limite de vente à la pompe, prix uniforme",arrete-1988-05-05-prix-petroliers,"JORT n° 31, 6 mai 1988, pp. 709-711",1988-05-05,"fascicule lu à l'image (note documentaire du précis, 6 octobre 2026) ; non relu ici",,,visé en 1991 sous la date du « 28 avril 1988 » ; date d'effet antérieure à la signature
1988-04-29,oui,1988,gas-oil,290.0,millimes par litre,290.0,millimes par litre,arrêté de prix publié au Journal officiel,"prix limite de vente à la pompe, prix uniforme",arrete-1988-05-05-prix-petroliers,"JORT n° 31, 6 mai 1988, pp. 709-711",1988-05-05,"fascicule lu à l'image (note documentaire du précis, 6 octobre 2026) ; non relu ici",,,visé en 1991 sous la date du « 28 avril 1988 » ; date d'effet antérieure à la signature
1988-04-29,oui,1988,"GPL, bouteille de 13 kg",3200.0,millimes par bouteille de 13 kg,3.2,dinars la charge de 13 kg,arrêté de prix publié au Journal officiel,prix limite de vente de la charge,arrete-1988-05-05-prix-petroliers,"JORT n° 31, 6 mai 1988, pp. 709-711",1988-05-05,"fascicule lu à l'image (note documentaire du précis, 6 octobre 2026) ; non relu ici",,,visé en 1991 sous la date du « 28 avril 1988 » ; date d'effet antérieure à la signature
1991-02-05,oui,1991,essence super,530.0,millimes par litre,530.0,millimes par litre,arrêté de prix publié au Journal officiel,"prix limite de vente à la pompe, prix uniforme",arrete-1991-02-05-prix-petroliers,"JORT n° 16, 26 févr. 1991, pp. 359-360",1991-02-05,"fascicule lu à l'image (note documentaire du précis, 6 octobre 2026) ; non relu ici",,,
1991-02-05,oui,1991,essence normale,490.0,millimes par litre,490.0,millimes par litre,arrêté de prix publié au Journal officiel,"prix limite de vente à la pompe, prix uniforme",arrete-1991-02-05-prix-petroliers,"JORT n° 16, 26 févr. 1991, pp. 359-360",1991-02-05,"fascicule lu à l'image (note documentaire du précis, 6 octobre 2026) ; non relu ici",,,
1991-02-05,oui,1991,pétrole lampant,180.0,millimes par litre,180.0,millimes par litre,arrêté de prix publié au Journal officiel,"prix limite de vente à la pompe, prix uniforme",arrete-1991-02-05-prix-petroliers,"JORT n° 16, 26 févr. 1991, pp. 359-360",1991-02-05,"fascicule lu à l'image (note documentaire du précis, 6 octobre 2026) ; non relu ici",,,
1991-02-05,oui,1991,gas-oil,310.0,millimes par litre,310.0,millimes par litre,arrêté de prix publié au Journal officiel,"prix limite de vente à la pompe, prix uniforme",arrete-1991-02-05-prix-petroliers,"JORT n° 16, 26 févr. 1991, pp. 359-360",1991-02-05,"fascicule lu à l'image (note documentaire du précis, 6 octobre 2026) ; non relu ici",,,
1991-02-05,oui,1991,"GPL, bouteille de 13 kg",3500.0,millimes par bouteille de 13 kg,3.5,dinars la charge de 13 kg,arrêté de prix publié au Journal officiel,prix limite de vente de la charge,arrete-1991-02-05-prix-petroliers,"JORT n° 16, 26 févr. 1991, pp. 359-360",1991-02-05,"fascicule lu à l'image (note documentaire du précis, 6 octobre 2026) ; non relu ici",,,
1992-07-01,oui,1992,essence sans plomb,580.0,millimes par litre,580.0,millimes par litre,arrêté de prix publié au Journal officiel,"prix limite de vente à la pompe, prix uniforme",arrete-1992-07-10-prix-petroliers,"JORT n° 48, 21-24 juil. 1992, pp. 925-926",1992-07-10,"fascicule lu à l'image (note documentaire du précis, 6 octobre 2026) ; non relu ici",,nouveau produit : essence sans plomb,premier prix de l'essence sans plomb ; date d'effet antérieure à la signature
1992-08-04,oui,1992,"GPL, bouteille de 13 kg",3800.0,millimes par bouteille de 13 kg,3.8,dinars la charge de 13 kg,arrêté de prix publié au Journal officiel,prix limite de vente de la charge,arrete-1992-08-18-prix-petroliers,"JORT n° 57 de 1992, p. 1125",1992-08-18,"OCR seul, non relu à l'image (note documentaire du précis) ; non relu ici",,,valeur confirmée par l'arrêté de 1993 ; date d'effet antérieure à la signature
1993-10-09,oui,1993,essence super,570.0,millimes par litre,570.0,millimes par litre,arrêté de prix publié au Journal officiel,"prix limite de vente à la pompe, prix uniforme",arrete-1993-10-26-prix-petroliers,"JORT n° 84, 5 nov. 1993, pp. 1864-1865",1993-10-26,"fascicule lu à l'image (note documentaire du précis, 6 octobre 2026) ; non relu ici",,,dernier arrêté de prix au Journal officiel ; date d'effet antérieure à la signature
1993-10-09,oui,1993,essence normale,530.0,millimes par litre,530.0,millimes par litre,arrêté de prix publié au Journal officiel,"prix limite de vente à la pompe, prix uniforme",arrete-1993-10-26-prix-petroliers,"JORT n° 84, 5 nov. 1993, pp. 1864-1865",1993-10-26,"fascicule lu à l'image (note documentaire du précis, 6 octobre 2026) ; non relu ici",,,dernier arrêté de prix au Journal officiel ; date d'effet antérieure à la signature
1993-10-09,oui,1993,essence sans plomb,620.0,millimes par litre,620.0,millimes par litre,arrêté de prix publié au Journal officiel,"prix limite de vente à la pompe, prix uniforme",arrete-1993-10-26-prix-petroliers,"JORT n° 84, 5 nov. 1993, pp. 1864-1865",1993-10-26,"fascicule lu à l'image (note documentaire du précis, 6 octobre 2026) ; non relu ici",,,dernier arrêté de prix au Journal officiel ; date d'effet antérieure à la signature
1993-10-09,oui,1993,pétrole lampant,180.0,millimes par litre,180.0,millimes par litre,arrêté de prix publié au Journal officiel,"prix limite de vente à la pompe, prix uniforme",arrete-1993-10-26-prix-petroliers,"JORT n° 84, 5 nov. 1993, pp. 1864-1865",1993-10-26,"fascicule lu à l'image (note documentaire du précis, 6 octobre 2026) ; non relu ici",,,dernier arrêté de prix au Journal officiel ; date d'effet antérieure à la signature
1993-10-09,oui,1993,gas-oil,310.0,millimes par litre,310.0,millimes par litre,arrêté de prix publié au Journal officiel,"prix limite de vente à la pompe, prix uniforme",arrete-1993-10-26-prix-petroliers,"JORT n° 84, 5 nov. 1993, pp. 1864-1865",1993-10-26,"fascicule lu à l'image (note documentaire du précis, 6 octobre 2026) ; non relu ici",,,dernier arrêté de prix au Journal officiel ; date d'effet antérieure à la signature
1993-10-09,oui,1993,"GPL, bouteille de 13 kg",3800.0,millimes par bouteille de 13 kg,3.8,dinars la charge de 13 kg,arrêté de prix publié au Journal officiel,prix limite de vente de la charge,arrete-1993-10-26-prix-petroliers,"JORT n° 84, 5 nov. 1993, pp. 1864-1865",1993-10-26,"fascicule lu à l'image (note documentaire du précis, 6 octobre 2026) ; non relu ici",,,dernier arrêté de prix au Journal officiel ; date d'effet antérieure à la signature
,sans objet (moyenne annuelle),1995,essence (ligne « Essence normale » de l'annuaire),530.0,millimes par litre,530.0,millimes,"INS, moyenne annuelle des prix de détail à Tunis",moyenne des douze mois des prix de détail à Tunis,ins-annuaire-statistique-prix-detail,"Annuaire statistique de la Tunisie, édition 1995-2001, pp. 174-175",,"couche texte (note documentaire du précis, 6 octobre 2026) ; non relu ici",,passage des prix datés (arrêtés) aux moyennes annuelles,
,sans objet (moyenne annuelle),1995,pétrole lampant,200.0,millimes par litre,200.0,millimes,"INS, moyenne annuelle des prix de détail à Tunis",moyenne des douze mois des prix de détail à Tunis,ins-annuaire-statistique-prix-detail,"Annuaire statistique de la Tunisie, édition 1995-2001, pp. 174-175",,"couche texte (note documentaire du précis, 6 octobre 2026) ; non relu ici",,passage des prix datés (arrêtés) aux moyennes annuelles,
,sans objet (moyenne annuelle),1995,"GPL, bouteille de gaz",3800.0,millimes par bouteille,3800.0,millimes,"INS, moyenne annuelle des prix de détail à Tunis",moyenne des douze mois des prix de détail à Tunis,ins-annuaire-statistique-prix-detail,"Annuaire statistique de la Tunisie, édition 1995-2001, pp. 174-175",,"couche texte (note documentaire du précis, 6 octobre 2026) ; non relu ici",,passage des prix datés (arrêtés) aux moyennes annuelles,
,sans objet (moyenne annuelle),1996,essence (ligne « Essence normale » de l'annuaire),530.0,millimes par litre,530.0,millimes,"INS, moyenne annuelle des prix de détail à Tunis",moyenne des douze mois des prix de détail à Tunis,ins-annuaire-statistique-prix-detail,"Annuaire statistique de la Tunisie, édition 1995-2001, pp. 174-175",,"couche texte (note documentaire du précis, 6 octobre 2026) ; non relu ici",,,
,sans objet (moyenne annuelle),1996,pétrole lampant,200.0,millimes par litre,200.0,millimes,"INS, moyenne annuelle des prix de détail à Tunis",moyenne des douze mois des prix de détail à Tunis,ins-annuaire-statistique-prix-detail,"Annuaire statistique de la Tunisie, édition 1995-2001, pp. 174-175",,"couche texte (note documentaire du précis, 6 octobre 2026) ; non relu ici",,,
,sans objet (moyenne annuelle),1996,"GPL, bouteille de gaz",3987.0,millimes par bouteille,3987.0,millimes,"INS, moyenne annuelle des prix de détail à Tunis",moyenne des douze mois des prix de détail à Tunis,ins-annuaire-statistique-prix-detail,"Annuaire statistique de la Tunisie, édition 1995-2001, pp. 174-175",,"couche texte (note documentaire du précis, 6 octobre 2026) ; non relu ici",,,
,sans objet (moyenne annuelle),1997,essence (ligne « Essence normale » de l'annuaire),545.0,millimes par litre,545.0,millimes,"INS, moyenne annuelle des prix de détail à Tunis",moyenne des douze mois des prix de détail à Tunis,ins-annuaire-statistique-prix-detail,"Annuaire statistique de la Tunisie, édition 1995-2001, pp. 174-175",,"couche texte (note documentaire du précis, 6 octobre 2026) ; non relu ici",,,
,sans objet (moyenne annuelle),1997,pétrole lampant,213.0,millimes par litre,213.0,millimes,"INS, moyenne annuelle des prix de détail à Tunis",moyenne des douze mois des prix de détail à Tunis,ins-annuaire-statistique-prix-detail,"Annuaire statistique de la Tunisie, édition 1995-2001, pp. 174-175",,"couche texte (note documentaire du précis, 6 octobre 2026) ; non relu ici",,,
,sans objet (moyenne annuelle),1997,"GPL, bouteille de gaz",4170.0,millimes par bouteille,4170.0,millimes,"INS, moyenne annuelle des prix de détail à Tunis",moyenne des douze mois des prix de détail à Tunis,ins-annuaire-statistique-prix-detail,"Annuaire statistique de la Tunisie, édition 1995-2001, pp. 174-175",,"couche texte (note documentaire du précis, 6 octobre 2026) ; non relu ici",,,
,sans objet (moyenne annuelle),1998,essence (ligne « Essence normale » de l'annuaire),597.0,millimes par litre,597.0,millimes,"INS, moyenne annuelle des prix de détail à Tunis",moyenne des douze mois des prix de détail à Tunis,ins-annuaire-statistique-prix-detail,"Annuaire statistique de la Tunisie, édition 1995-2001, pp. 174-175",,"couche texte (note documentaire du précis, 6 octobre 2026) ; non relu ici",,,
,sans objet (moyenne annuelle),1998,pétrole lampant,243.0,millimes par litre,243.0,millimes,"INS, moyenne annuelle des prix de détail à Tunis",moyenne des douze mois des prix de détail à Tunis,ins-annuaire-statistique-prix-detail,"Annuaire statistique de la Tunisie, édition 1995-2001, pp. 174-175",,"couche texte (note documentaire du précis, 6 octobre 2026) ; non relu ici",,,
,sans objet (moyenne annuelle),1998,"GPL, bouteille de gaz",4323.0,millimes par bouteille,4323.0,millimes,"INS, moyenne annuelle des prix de détail à Tunis",moyenne des douze mois des prix de détail à Tunis,ins-annuaire-statistique-prix-detail,"Annuaire statistique de la Tunisie, édition 1995-2001, pp. 174-175",,"couche texte (note documentaire du précis, 6 octobre 2026) ; non relu ici",,,
,sans objet (moyenne annuelle),1999,essence (ligne « Essence normale » de l'annuaire),630.0,millimes par litre,630.0,millimes,"INS, moyenne annuelle des prix de détail à Tunis",moyenne des douze mois des prix de détail à Tunis,ins-annuaire-statistique-prix-detail,"Annuaire statistique de la Tunisie, édition 1995-2001, pp. 174-175",,"couche texte (note documentaire du précis, 6 octobre 2026) ; non relu ici",,,
,sans objet (moyenne annuelle),1999,pétrole lampant,258.0,millimes par litre,258.0,millimes,"INS, moyenne annuelle des prix de détail à Tunis",moyenne des douze mois des prix de détail à Tunis,ins-annuaire-statistique-prix-detail,"Annuaire statistique de la Tunisie, édition 1995-2001, pp. 174-175",,"couche texte (note documentaire du précis, 6 octobre 2026) ; non relu ici",,,
,sans objet (moyenne annuelle),1999,"GPL, bouteille de gaz",4469.0,millimes par bouteille,4469.0,millimes,"INS, moyenne annuelle des prix de détail à Tunis",moyenne des douze mois des prix de détail à Tunis,ins-annuaire-statistique-prix-detail,"Annuaire statistique de la Tunisie, édition 1995-2001, pp. 174-175",,"couche texte (note documentaire du précis, 6 octobre 2026) ; non relu ici",,,
,sans objet (moyenne annuelle),2000,essence (ligne « Essence normale » de l'annuaire),658.0,millimes par litre,658.0,millimes,"INS, moyenne annuelle des prix de détail à Tunis",moyenne des douze mois des prix de détail à Tunis,ins-annuaire-statistique-prix-detail,"Annuaire statistique de la Tunisie, édition 1995-2001, pp. 174-175",,"couche texte (note documentaire du précis, 6 octobre 2026) ; non relu ici",,,
,sans objet (moyenne annuelle),2000,pétrole lampant,260.0,millimes par litre,260.0,millimes,"INS, moyenne annuelle des prix de détail à Tunis",moyenne des douze mois des prix de détail à Tunis,ins-annuaire-statistique-prix-detail,"Annuaire statistique de la Tunisie, édition 1995-2001, pp. 174-175",,"couche texte (note documentaire du précis, 6 octobre 2026) ; non relu ici",,,
,sans objet (moyenne annuelle),2000,"GPL, bouteille de gaz",4625.0,millimes par bouteille,4625.0,millimes,"INS, moyenne annuelle des prix de détail à Tunis",moyenne des douze mois des prix de détail à Tunis,ins-annuaire-statistique-prix-detail,"Annuaire statistique de la Tunisie, édition 1995-2001, pp. 174-175",,"couche texte (note documentaire du précis, 6 octobre 2026) ; non relu ici",,,
,sans objet (moyenne annuelle),2001,essence (ligne « Essence normale » de l'annuaire),675.0,millimes par litre,675.0,millimes,"INS, moyenne annuelle des prix de détail à Tunis",moyenne des douze mois des prix de détail à Tunis,ins-annuaire-statistique-prix-detail,"Annuaire statistique de la Tunisie, édition 1995-2001, pp. 174-175",,"couche texte (note documentaire du précis, 6 octobre 2026) ; non relu ici",,,
,sans objet (moyenne annuelle),2001,pétrole lampant,260.0,millimes par litre,260.0,millimes,"INS, moyenne annuelle des prix de détail à Tunis",moyenne des douze mois des prix de détail à Tunis,ins-annuaire-statistique-prix-detail,"Annuaire statistique de la Tunisie, édition 1995-2001, pp. 174-175",,"couche texte (note documentaire du précis, 6 octobre 2026) ; non relu ici",,,
,sans objet (moyenne annuelle),2001,"GPL, bouteille de gaz",4800.0,millimes par bouteille,4800.0,millimes,"INS, moyenne annuelle des prix de détail à Tunis",moyenne des douze mois des prix de détail à Tunis,ins-annuaire-statistique-prix-detail,"Annuaire statistique de la Tunisie, édition 1995-2001, pp. 174-175",,"couche texte (note documentaire du précis, 6 octobre 2026) ; non relu ici",,,
,sans objet (moyenne annuelle),2002,essence (ligne « Essence normale » de l'annuaire),681.0,millimes par litre,681.0,millimes,"INS, moyenne annuelle des prix de détail à Tunis",moyenne des douze mois des prix de détail à Tunis,ins-annuaire-statistique-prix-detail,"Annuaire statistique de la Tunisie, édition 1998-2002, pp. 182-183",,"couche texte (note documentaire du précis, 6 octobre 2026) ; non relu ici",,,
,sans objet (moyenne annuelle),2002,pétrole lampant,260.0,millimes par litre,260.0,millimes,"INS, moyenne annuelle des prix de détail à Tunis",moyenne des douze mois des prix de détail à Tunis,ins-annuaire-statistique-prix-detail,"Annuaire statistique de la Tunisie, édition 1998-2002, pp. 182-183",,"couche texte (note documentaire du précis, 6 octobre 2026) ; non relu ici",,,
,sans objet (moyenne annuelle),2002,"GPL, bouteille de gaz",4800.0,millimes par bouteille,4800.0,millimes,"INS, moyenne annuelle des prix de détail à Tunis",moyenne des douze mois des prix de détail à Tunis,ins-annuaire-statistique-prix-detail,"Annuaire statistique de la Tunisie, édition 1998-2002, pp. 182-183",,"couche texte (note documentaire du précis, 6 octobre 2026) ; non relu ici",,,
,sans objet (moyenne annuelle),2003,essence (ligne « Essence normale » de l'annuaire),730.0,millimes par litre,730.0,millimes,"INS, moyenne annuelle des prix de détail à Tunis",moyenne des douze mois des prix de détail à Tunis,ins-annuaire-statistique-prix-detail,"Annuaire statistique de la Tunisie, édition 1999-2003",,"couche texte (note documentaire du précis, 6 octobre 2026) ; non relu ici",,,
,sans objet (moyenne annuelle),2003,pétrole lampant,260.0,millimes par litre,260.0,millimes,"INS, moyenne annuelle des prix de détail à Tunis",moyenne des douze mois des prix de détail à Tunis,ins-annuaire-statistique-prix-detail,"Annuaire statistique de la Tunisie, édition 1999-2003",,"couche texte (note documentaire du précis, 6 octobre 2026) ; non relu ici",,,
,sans objet (moyenne annuelle),2003,"GPL, bouteille de gaz",4950.0,millimes par bouteille,4950.0,millimes,"INS, moyenne annuelle des prix de détail à Tunis",moyenne des douze mois des prix de détail à Tunis,ins-annuaire-statistique-prix-detail,"Annuaire statistique de la Tunisie, édition 1999-2003",,"couche texte (note documentaire du précis, 6 octobre 2026) ; non relu ici",,,
,sans objet (moyenne annuelle),2004,essence (ligne « Essence normale » de l'annuaire),773.0,millimes par litre,773.0,millimes,"INS, moyenne annuelle des prix de détail à Tunis",moyenne des douze mois des prix de détail à Tunis,ins-annuaire-statistique-prix-detail,"Annuaire statistique de la Tunisie, édition 2000-2004, pp. 166-167",,"couche texte (note documentaire du précis, 6 octobre 2026) ; non relu ici",,,
,sans objet (moyenne annuelle),2004,pétrole lampant,275.0,millimes par litre,275.0,millimes,"INS, moyenne annuelle des prix de détail à Tunis",moyenne des douze mois des prix de détail à Tunis,ins-annuaire-statistique-prix-detail,"Annuaire statistique de la Tunisie, édition 2000-2004, pp. 166-167",,"couche texte (note documentaire du précis, 6 octobre 2026) ; non relu ici",,,
,sans objet (moyenne annuelle),2004,"GPL, bouteille de gaz",5258.0,millimes par bouteille,5258.0,millimes,"INS, moyenne annuelle des prix de détail à Tunis",moyenne des douze mois des prix de détail à Tunis,ins-annuaire-statistique-prix-detail,"Annuaire statistique de la Tunisie, édition 2000-2004, pp. 166-167",,"couche texte (note documentaire du précis, 6 octobre 2026) ; non relu ici",,,
,sans objet (moyenne annuelle),2005,essence (ligne « Essence normale » de l'annuaire),866.0,millimes par litre,866.0,millimes,"INS, moyenne annuelle des prix de détail à Tunis",moyenne des douze mois des prix de détail à Tunis,ins-annuaire-statistique-prix-detail,"Annuaire statistique de la Tunisie, édition 2001-2005, pp. 185-186",,"couche texte (note documentaire du précis, 6 octobre 2026) ; non relu ici",,,
,sans objet (moyenne annuelle),2005,pétrole lampant,339.0,millimes par litre,339.0,millimes,"INS, moyenne annuelle des prix de détail à Tunis",moyenne des douze mois des prix de détail à Tunis,ins-annuaire-statistique-prix-detail,"Annuaire statistique de la Tunisie, édition 2001-2005, pp. 185-186",,"couche texte (note documentaire du précis, 6 octobre 2026) ; non relu ici",,,
,sans objet (moyenne annuelle),2005,"GPL, bouteille de gaz",5742.0,millimes par bouteille,5742.0,millimes,"INS, moyenne annuelle des prix de détail à Tunis",moyenne des douze mois des prix de détail à Tunis,ins-annuaire-statistique-prix-detail,"Annuaire statistique de la Tunisie, édition 2001-2005, pp. 185-186",,"couche texte (note documentaire du précis, 6 octobre 2026) ; non relu ici",,,
,sans objet (moyenne annuelle),2006,essence (ligne « Essence super » de l'annuaire),1063.0,millimes par litre,1063.0,millimes,"INS, moyenne annuelle des prix de détail à Tunis",moyenne des douze mois des prix de détail à Tunis,ins-annuaire-statistique-prix-detail,"Annuaire statistique de la Tunisie, édition 2003-2007, pp. 219-220",,"couche texte (note documentaire du précis, 6 octobre 2026) ; non relu ici",,la ligne de l'annuaire passe de l'essence normale à l'essence super,
,sans objet (moyenne annuelle),2006,pétrole lampant,503.0,millimes par litre,503.0,millimes,"INS, moyenne annuelle des prix de détail à Tunis",moyenne des douze mois des prix de détail à Tunis,ins-annuaire-statistique-prix-detail,"Annuaire statistique de la Tunisie, édition 2003-2007, pp. 219-220",,"couche texte (note documentaire du précis, 6 octobre 2026) ; non relu ici",,,
,sans objet (moyenne annuelle),2006,"GPL, bouteille de gaz",6450.0,millimes par bouteille,6450.0,millimes,"INS, moyenne annuelle des prix de détail à Tunis",moyenne des douze mois des prix de détail à Tunis,ins-annuaire-statistique-prix-detail,"Annuaire statistique de la Tunisie, édition 2003-2007, pp. 219-220",,"couche texte (note documentaire du précis, 6 octobre 2026) ; non relu ici",,,
,sans objet (moyenne annuelle),2007,essence (ligne « Essence super » de l'annuaire),1146.0,millimes par litre,1146.0,millimes,"INS, moyenne annuelle des prix de détail à Tunis",moyenne des douze mois des prix de détail à Tunis,ins-annuaire-statistique-prix-detail,"Annuaire statistique de la Tunisie, édition 2003-2007, pp. 219-220",,"couche texte (note documentaire du précis, 6 octobre 2026) ; non relu ici",,,
,sans objet (moyenne annuelle),2007,pétrole lampant,586.0,millimes par litre,586.0,millimes,"INS, moyenne annuelle des prix de détail à Tunis",moyenne des douze mois des prix de détail à Tunis,ins-annuaire-statistique-prix-detail,"Annuaire statistique de la Tunisie, édition 2003-2007, pp. 219-220",,"couche texte (note documentaire du précis, 6 octobre 2026) ; non relu ici",,,
,sans objet (moyenne annuelle),2007,"GPL, bouteille de gaz",6783.0,millimes par bouteille,6783.0,millimes,"INS, moyenne annuelle des prix de détail à Tunis",moyenne des douze mois des prix de détail à Tunis,ins-annuaire-statistique-prix-detail,"Annuaire statistique de la Tunisie, édition 2003-2007, pp. 219-220",,"couche texte (note documentaire du précis, 6 octobre 2026) ; non relu ici",,,
,sans objet (moyenne annuelle),2008,essence (ligne « Essence super » de l'annuaire),1277.0,millimes par litre,1277.0,millimes,"INS, moyenne annuelle des prix de détail à Tunis",moyenne des douze mois des prix de détail à Tunis,ins-annuaire-statistique-prix-detail,"Annuaire statistique de la Tunisie, édition 2004-2008, pp. 219-220",,"couche texte (note documentaire du précis, 6 octobre 2026) ; non relu ici",,,
,sans objet (moyenne annuelle),2008,pétrole lampant,717.0,millimes par litre,717.0,millimes,"INS, moyenne annuelle des prix de détail à Tunis",moyenne des douze mois des prix de détail à Tunis,ins-annuaire-statistique-prix-detail,"Annuaire statistique de la Tunisie, édition 2004-2008, pp. 219-220",,"couche texte (note documentaire du précis, 6 octobre 2026) ; non relu ici",,,
,sans objet (moyenne annuelle),2008,"GPL, bouteille de gaz",7317.0,millimes par bouteille,7317.0,millimes,"INS, moyenne annuelle des prix de détail à Tunis",moyenne des douze mois des prix de détail à Tunis,ins-annuaire-statistique-prix-detail,"Annuaire statistique de la Tunisie, édition 2004-2008, pp. 219-220",,"couche texte (note documentaire du précis, 6 octobre 2026) ; non relu ici",,,
,sans objet (moyenne annuelle),2009,essence (ligne « Essence super » de l'annuaire),1270.0,millimes par litre,1270.0,millimes,"INS, moyenne annuelle des prix de détail à Tunis",moyenne des douze mois des prix de détail à Tunis,ins-annuaire-statistique-prix-detail,"Annuaire statistique de la Tunisie, édition 2005-2009, pp. 223-224",,"couche texte (note documentaire du précis, 6 octobre 2026) ; non relu ici",,,
,sans objet (moyenne annuelle),2009,pétrole lampant,710.0,millimes par litre,710.0,millimes,"INS, moyenne annuelle des prix de détail à Tunis",moyenne des douze mois des prix de détail à Tunis,ins-annuaire-statistique-prix-detail,"Annuaire statistique de la Tunisie, édition 2005-2009, pp. 223-224",,"couche texte (note documentaire du précis, 6 octobre 2026) ; non relu ici",,,
,sans objet (moyenne annuelle),2009,"GPL, bouteille de gaz",7300.0,millimes par bouteille,7300.0,millimes,"INS, moyenne annuelle des prix de détail à Tunis",moyenne des douze mois des prix de détail à Tunis,ins-annuaire-statistique-prix-detail,"Annuaire statistique de la Tunisie, édition 2005-2009, pp. 223-224",,"couche texte (note documentaire du précis, 6 octobre 2026) ; non relu ici",,,
,sans objet (moyenne annuelle),2010,essence (ligne « Essence super » de l'annuaire),1316.0,millimes par litre,1316.0,millimes,"INS, moyenne annuelle des prix de détail à Tunis",moyenne des douze mois des prix de détail à Tunis,ins-annuaire-statistique-prix-detail,"Annuaire statistique de la Tunisie, édition 2006-2010, pp. 225-226",,"couche texte (note documentaire du précis, 6 octobre 2026) ; non relu ici",,,
,sans objet (moyenne annuelle),2010,pétrole lampant,760.0,millimes par litre,760.0,millimes,"INS, moyenne annuelle des prix de détail à Tunis",moyenne des douze mois des prix de détail à Tunis,ins-annuaire-statistique-prix-detail,"Annuaire statistique de la Tunisie, édition 2006-2010, pp. 225-226",,"couche texte (note documentaire du précis, 6 octobre 2026) ; non relu ici",,,
,sans objet (moyenne annuelle),2010,"GPL, bouteille de gaz",7500.0,millimes par bouteille,7500.0,millimes,"INS, moyenne annuelle des prix de détail à Tunis",moyenne des douze mois des prix de détail à Tunis,ins-annuaire-statistique-prix-detail,"Annuaire statistique de la Tunisie, édition 2006-2010, pp. 225-226",,"couche texte (note documentaire du précis, 6 octobre 2026) ; non relu ici",,,
,sans objet (moyenne annuelle),2011,essence (ligne « Essence super » de l'annuaire),1320.0,millimes par litre,1320.0,millimes,"INS, moyenne annuelle des prix de détail à Tunis",moyenne des douze mois des prix de détail à Tunis,ins-annuaire-statistique-prix-detail,"Annuaire statistique de la Tunisie, édition 2007-2011, pp. 227-228",,"couche texte (note documentaire du précis, 6 octobre 2026) ; non relu ici",,,"MOYENNE FAUSSE de 50 millimes : le relevé de l'INS est resté figé en 2011, alors que l'essence est à 1 370 depuis le 12 décembre 2010 (seconde note documentaire)"
,sans objet (moyenne annuelle),2011,pétrole lampant,810.0,millimes par litre,810.0,millimes,"INS, moyenne annuelle des prix de détail à Tunis",moyenne des douze mois des prix de détail à Tunis,ins-annuaire-statistique-prix-detail,"Annuaire statistique de la Tunisie, édition 2007-2011, pp. 227-228",,"couche texte (note documentaire du précis, 6 octobre 2026) ; non relu ici",,,
,sans objet (moyenne annuelle),2011,"GPL, bouteille de gaz",7400.0,millimes par bouteille,7400.0,millimes,"INS, moyenne annuelle des prix de détail à Tunis",moyenne des douze mois des prix de détail à Tunis,ins-annuaire-statistique-prix-detail,"Annuaire statistique de la Tunisie, édition 2007-2011, pp. 227-228",,"couche texte (note documentaire du précis, 6 octobre 2026) ; non relu ici",,,
,sans objet (moyenne annuelle),2012,essence (ligne « Essence super » de l'annuaire),1403.0,millimes par litre,1403.0,millimes,"INS, moyenne annuelle des prix de détail à Tunis",moyenne des douze mois des prix de détail à Tunis,ins-annuaire-statistique-prix-detail,"Annuaire statistique de la Tunisie, édition 2008-2012, pp. 225-226",,"couche texte (note documentaire du précis, 6 octobre 2026) ; non relu ici",,,"sous-estimée de 4 millimes (seconde note documentaire : 1 406,90 selon le ministère)"
,sans objet (moyenne annuelle),2012,pétrole lampant,810.0,millimes par litre,810.0,millimes,"INS, moyenne annuelle des prix de détail à Tunis",moyenne des douze mois des prix de détail à Tunis,ins-annuaire-statistique-prix-detail,"Annuaire statistique de la Tunisie, édition 2008-2012, pp. 225-226",,"couche texte (note documentaire du précis, 6 octobre 2026) ; non relu ici",,,
,sans objet (moyenne annuelle),2012,"GPL, bouteille de gaz",7400.0,millimes par bouteille,7400.0,millimes,"INS, moyenne annuelle des prix de détail à Tunis",moyenne des douze mois des prix de détail à Tunis,ins-annuaire-statistique-prix-detail,"Annuaire statistique de la Tunisie, édition 2008-2012, pp. 225-226",,"couche texte (note documentaire du précis, 6 octobre 2026) ; non relu ici",,,
,sans objet (moyenne annuelle),2013,essence (ligne « Essence super » de l'annuaire),1553.0,millimes par litre,1553.0,millimes,"INS, moyenne annuelle des prix de détail à Tunis",moyenne des douze mois des prix de détail à Tunis,ins-annuaire-statistique-prix-detail,"Annuaire statistique de la Tunisie, édition 2010-2014, pp. 215-216",,"couche texte (note documentaire du précis, 6 octobre 2026) ; non relu ici",,,
,sans objet (moyenne annuelle),2013,pétrole lampant,810.0,millimes par litre,810.0,millimes,"INS, moyenne annuelle des prix de détail à Tunis",moyenne des douze mois des prix de détail à Tunis,ins-annuaire-statistique-prix-detail,"Annuaire statistique de la Tunisie, édition 2010-2014, pp. 215-216",,"couche texte (note documentaire du précis, 6 octobre 2026) ; non relu ici",,,
,sans objet (moyenne annuelle),2013,"GPL, bouteille de gaz",7400.0,millimes par bouteille,7400.0,millimes,"INS, moyenne annuelle des prix de détail à Tunis",moyenne des douze mois des prix de détail à Tunis,ins-annuaire-statistique-prix-detail,"Annuaire statistique de la Tunisie, édition 2010-2014, pp. 215-216",,"couche texte (note documentaire du précis, 6 octobre 2026) ; non relu ici",,,
,sans objet (moyenne annuelle),2014,essence (ligne « Essence super » de l'annuaire),1620.0,millimes par litre,1620.0,millimes,"INS, moyenne annuelle des prix de détail à Tunis",moyenne des douze mois des prix de détail à Tunis,ins-annuaire-statistique-prix-detail,"Annuaire statistique de la Tunisie, édition 2010-2014, pp. 215-216",,"couche texte (note documentaire du précis, 6 octobre 2026) ; non relu ici",,,
,sans objet (moyenne annuelle),2014,pétrole lampant,810.0,millimes par litre,810.0,millimes,"INS, moyenne annuelle des prix de détail à Tunis",moyenne des douze mois des prix de détail à Tunis,ins-annuaire-statistique-prix-detail,"Annuaire statistique de la Tunisie, édition 2010-2014, pp. 215-216",,"couche texte (note documentaire du précis, 6 octobre 2026) ; non relu ici",,,
,sans objet (moyenne annuelle),2014,"GPL, bouteille de gaz",7400.0,millimes par bouteille,7400.0,millimes,"INS, moyenne annuelle des prix de détail à Tunis",moyenne des douze mois des prix de détail à Tunis,ins-annuaire-statistique-prix-detail,"Annuaire statistique de la Tunisie, édition 2010-2014, pp. 215-216",,"couche texte (note documentaire du précis, 6 octobre 2026) ; non relu ici",,,
,sans objet (moyenne annuelle),2015,essence (ligne « Essence super » de l'annuaire),1670.0,millimes par litre,1670.0,millimes,"INS, moyenne annuelle des prix de détail à Tunis",moyenne des douze mois des prix de détail à Tunis,ins-annuaire-statistique-prix-detail,"Annuaire statistique de la Tunisie, édition 2011-2015, pp. 213-214",,"couche texte (note documentaire du précis, 6 octobre 2026) ; non relu ici",,,
,sans objet (moyenne annuelle),2015,pétrole lampant,810.0,millimes par litre,810.0,millimes,"INS, moyenne annuelle des prix de détail à Tunis",moyenne des douze mois des prix de détail à Tunis,ins-annuaire-statistique-prix-detail,"Annuaire statistique de la Tunisie, édition 2011-2015, pp. 213-214",,"couche texte (note documentaire du précis, 6 octobre 2026) ; non relu ici",,,
,sans objet (moyenne annuelle),2015,"GPL, bouteille de gaz",7400.0,millimes par bouteille,7400.0,millimes,"INS, moyenne annuelle des prix de détail à Tunis",moyenne des douze mois des prix de détail à Tunis,ins-annuaire-statistique-prix-detail,"Annuaire statistique de la Tunisie, édition 2011-2015, pp. 213-214",,"couche texte (note documentaire du précis, 6 octobre 2026) ; non relu ici",,,
,sans objet (moyenne annuelle),2016,essence (ligne « Essence super » de l'annuaire),1650.0,millimes par litre,1650.0,millimes,"INS, moyenne annuelle des prix de détail à Tunis",moyenne des douze mois des prix de détail à Tunis,ins-annuaire-statistique-prix-detail,"Annuaire statistique de la Tunisie, édition 2012-2016, pp. 213-214",,"couche texte (note documentaire du précis, 6 octobre 2026) ; non relu ici",,,
,sans objet (moyenne annuelle),2016,pétrole lampant,810.0,millimes par litre,810.0,millimes,"INS, moyenne annuelle des prix de détail à Tunis",moyenne des douze mois des prix de détail à Tunis,ins-annuaire-statistique-prix-detail,"Annuaire statistique de la Tunisie, édition 2012-2016, pp. 213-214",,"couche texte (note documentaire du précis, 6 octobre 2026) ; non relu ici",,,
,sans objet (moyenne annuelle),2016,"GPL, bouteille de gaz",7400.0,millimes par bouteille,7400.0,millimes,"INS, moyenne annuelle des prix de détail à Tunis",moyenne des douze mois des prix de détail à Tunis,ins-annuaire-statistique-prix-detail,"Annuaire statistique de la Tunisie, édition 2012-2016, pp. 213-214",,"couche texte (note documentaire du précis, 6 octobre 2026) ; non relu ici",,,
,sans objet (moyenne annuelle),2017,essence (ligne « Essence super » de l'annuaire),1700.0,millimes par litre,1700.0,millimes,"INS, moyenne annuelle des prix de détail à Tunis",moyenne des douze mois des prix de détail à Tunis,ins-annuaire-statistique-prix-detail,"Annuaire statistique de la Tunisie, édition 2013-2017, pp. 213-214",,"couche texte (note documentaire du précis, 6 octobre 2026) ; non relu ici",,,
,sans objet (moyenne annuelle),2017,pétrole lampant,810.0,millimes par litre,810.0,millimes,"INS, moyenne annuelle des prix de détail à Tunis",moyenne des douze mois des prix de détail à Tunis,ins-annuaire-statistique-prix-detail,"Annuaire statistique de la Tunisie, édition 2013-2017, pp. 213-214",,"couche texte (note documentaire du précis, 6 octobre 2026) ; non relu ici",,,
,sans objet (moyenne annuelle),2017,"GPL, bouteille de gaz",7400.0,millimes par bouteille,7400.0,millimes,"INS, moyenne annuelle des prix de détail à Tunis",moyenne des douze mois des prix de détail à Tunis,ins-annuaire-statistique-prix-detail,"Annuaire statistique de la Tunisie, édition 2013-2017, pp. 213-214",,"couche texte (note documentaire du précis, 6 octobre 2026) ; non relu ici",,,
,sans objet (moyenne annuelle),2018,essence (ligne « Essence super » de l'annuaire),1897.0,millimes par litre,1897.0,millimes,"INS, moyenne annuelle des prix de détail à Tunis",moyenne des douze mois des prix de détail à Tunis,ins-annuaire-statistique-prix-detail,"Annuaire statistique de la Tunisie, édition 2014-2018, pp. 217-218",,"couche texte (note documentaire du précis, 6 octobre 2026) ; non relu ici",,,
,sans objet (moyenne annuelle),2018,pétrole lampant,810.0,millimes par litre,810.0,millimes,"INS, moyenne annuelle des prix de détail à Tunis",moyenne des douze mois des prix de détail à Tunis,ins-annuaire-statistique-prix-detail,"Annuaire statistique de la Tunisie, édition 2014-2018, pp. 217-218",,"couche texte (note documentaire du précis, 6 octobre 2026) ; non relu ici",,,
,sans objet (moyenne annuelle),2018,"GPL, bouteille de gaz",7700.0,millimes par bouteille,7700.0,millimes,"INS, moyenne annuelle des prix de détail à Tunis",moyenne des douze mois des prix de détail à Tunis,ins-annuaire-statistique-prix-detail,"Annuaire statistique de la Tunisie, édition 2014-2018, pp. 217-218",,"couche texte (note documentaire du précis, 6 octobre 2026) ; non relu ici",,,
,sans objet (moyenne annuelle),2019,essence (ligne « Essence super » de l'annuaire),2045.0,millimes par litre,2045.0,millimes,"INS, moyenne annuelle des prix de détail à Tunis",moyenne des douze mois des prix de détail à Tunis,ins-annuaire-statistique-prix-detail,"Annuaire statistique de la Tunisie, édition 2015-2019, pp. 217-218",,"couche texte (note documentaire du précis, 6 octobre 2026) ; non relu ici",,,
,sans objet (moyenne annuelle),2019,pétrole lampant,810.0,millimes par litre,810.0,millimes,"INS, moyenne annuelle des prix de détail à Tunis",moyenne des douze mois des prix de détail à Tunis,ins-annuaire-statistique-prix-detail,"Annuaire statistique de la Tunisie, édition 2015-2019, pp. 217-218",,"couche texte (note documentaire du précis, 6 octobre 2026) ; non relu ici",,,
,sans objet (moyenne annuelle),2019,"GPL, bouteille de gaz",7700.0,millimes par bouteille,7700.0,millimes,"INS, moyenne annuelle des prix de détail à Tunis",moyenne des douze mois des prix de détail à Tunis,ins-annuaire-statistique-prix-detail,"Annuaire statistique de la Tunisie, édition 2015-2019, pp. 217-218",,"couche texte (note documentaire du précis, 6 octobre 2026) ; non relu ici",,,
,sans objet (moyenne annuelle),2020,essence (ligne « Essence super » de l'annuaire),1978.0,millimes par litre,1978.0,millimes,"INS, moyenne annuelle des prix de détail à Tunis",moyenne des douze mois des prix de détail à Tunis,ins-annuaire-statistique-prix-detail,"Annuaire statistique de la Tunisie, édition 2016-2020, pp. 217-218",,"couche texte (note documentaire du précis, 6 octobre 2026) ; non relu ici",,,
,sans objet (moyenne annuelle),2020,pétrole lampant,810.0,millimes par litre,810.0,millimes,"INS, moyenne annuelle des prix de détail à Tunis",moyenne des douze mois des prix de détail à Tunis,ins-annuaire-statistique-prix-detail,"Annuaire statistique de la Tunisie, édition 2016-2020, pp. 217-218",,"couche texte (note documentaire du précis, 6 octobre 2026) ; non relu ici",,,
,sans objet (moyenne annuelle),2020,"GPL, bouteille de gaz",7700.0,millimes par bouteille,7700.0,millimes,"INS, moyenne annuelle des prix de détail à Tunis",moyenne des douze mois des prix de détail à Tunis,ins-annuaire-statistique-prix-detail,"Annuaire statistique de la Tunisie, édition 2016-2020, pp. 217-218",,"couche texte (note documentaire du précis, 6 octobre 2026) ; non relu ici",,,
,sans objet (moyenne annuelle),2021,essence (ligne « Essence super » de l'annuaire),2060.0,millimes par litre,2060.0,millimes,"INS, moyenne annuelle des prix de détail à Tunis",moyenne des douze mois des prix de détail à Tunis,ins-annuaire-statistique-prix-detail,"Annuaire statistique de la Tunisie, édition 2017-2021, pp. 217-218",,"couche texte (note documentaire du précis, 6 octobre 2026) ; non relu ici",,,
,sans objet (moyenne annuelle),2021,pétrole lampant,810.0,millimes par litre,810.0,millimes,"INS, moyenne annuelle des prix de détail à Tunis",moyenne des douze mois des prix de détail à Tunis,ins-annuaire-statistique-prix-detail,"Annuaire statistique de la Tunisie, édition 2017-2021, pp. 217-218",,"couche texte (note documentaire du précis, 6 octobre 2026) ; non relu ici",,,
,sans objet (moyenne annuelle),2021,"GPL, bouteille de gaz",7700.0,millimes par bouteille,7700.0,millimes,"INS, moyenne annuelle des prix de détail à Tunis",moyenne des douze mois des prix de détail à Tunis,ins-annuaire-statistique-prix-detail,"Annuaire statistique de la Tunisie, édition 2017-2021, pp. 217-218",,"couche texte (note documentaire du précis, 6 octobre 2026) ; non relu ici",,,
,sans objet (moyenne annuelle),2022,essence (ligne « Essence super » de l'annuaire),2331.0,millimes par litre,2331.0,millimes,"INS, moyenne annuelle des prix de détail à Tunis",moyenne des douze mois des prix de détail à Tunis,ins-annuaire-statistique-prix-detail,"Annuaire statistique de la Tunisie, édition 2018-2022, pp. 217-218",,"couche texte (note documentaire du précis, 6 octobre 2026) ; non relu ici",,,
,sans objet (moyenne annuelle),2022,pétrole lampant,857.0,millimes par litre,857.0,millimes,"INS, moyenne annuelle des prix de détail à Tunis",moyenne des douze mois des prix de détail à Tunis,ins-annuaire-statistique-prix-detail,"Annuaire statistique de la Tunisie, édition 2018-2022, pp. 217-218",,"couche texte (note documentaire du précis, 6 octobre 2026) ; non relu ici",,,
,sans objet (moyenne annuelle),2022,"GPL, bouteille de gaz",8067.0,millimes par bouteille,8067.0,millimes,"INS, moyenne annuelle des prix de détail à Tunis",moyenne des douze mois des prix de détail à Tunis,ins-annuaire-statistique-prix-detail,"Annuaire statistique de la Tunisie, édition 2018-2022, pp. 217-218",,"couche texte (note documentaire du précis, 6 octobre 2026) ; non relu ici",,,
,sans objet (moyenne annuelle),2023,essence (ligne « Essence super » de l'annuaire),2525.0,millimes par litre,2525.0,millimes,"INS, moyenne annuelle des prix de détail à Tunis",moyenne des douze mois des prix de détail à Tunis,ins-annuaire-statistique-prix-detail,"Annuaire statistique de la Tunisie, édition 2019-2023, pp. 217-218",,"couche texte (note documentaire du précis, 6 octobre 2026) ; non relu ici",,,
,sans objet (moyenne annuelle),2023,pétrole lampant,950.0,millimes par litre,950.0,millimes,"INS, moyenne annuelle des prix de détail à Tunis",moyenne des douze mois des prix de détail à Tunis,ins-annuaire-statistique-prix-detail,"Annuaire statistique de la Tunisie, édition 2019-2023, pp. 217-218",,"couche texte (note documentaire du précis, 6 octobre 2026) ; non relu ici",,,
,sans objet (moyenne annuelle),2023,"GPL, bouteille de gaz",8800.0,millimes par bouteille,8800.0,millimes,"INS, moyenne annuelle des prix de détail à Tunis",moyenne des douze mois des prix de détail à Tunis,ins-annuaire-statistique-prix-detail,"Annuaire statistique de la Tunisie, édition 2019-2023, pp. 217-218",,"couche texte (note documentaire du précis, 6 octobre 2026) ; non relu ici",,,
,sans objet (moyenne annuelle),2002,"essence (libellé « Essence normale », valeurs du super : édition 2002-2006)",718.0,millimes par litre,718.0,millimes,"INS, moyenne annuelle des prix de détail à Tunis",moyenne des douze mois des prix de détail à Tunis,ins-annuaire-statistique-prix-detail,"Annuaire statistique de la Tunisie, édition 2002-2006, pp. 185-186",,"couche texte (note documentaire du précis, 6 octobre 2026) ; non relu ici",,,SECONDE LECTURE de la même année : 30 à 37 millimes au-dessus de la ligne « Essence normale » des éditions antérieures
,sans objet (moyenne annuelle),2003,"essence (libellé « Essence normale », valeurs du super : édition 2002-2006)",763.0,millimes par litre,763.0,millimes,"INS, moyenne annuelle des prix de détail à Tunis",moyenne des douze mois des prix de détail à Tunis,ins-annuaire-statistique-prix-detail,"Annuaire statistique de la Tunisie, édition 2002-2006, pp. 185-186",,"couche texte (note documentaire du précis, 6 octobre 2026) ; non relu ici",,,SECONDE LECTURE de la même année : 30 à 37 millimes au-dessus de la ligne « Essence normale » des éditions antérieures
,sans objet (moyenne annuelle),2004,"essence (libellé « Essence normale », valeurs du super : édition 2002-2006)",803.0,millimes par litre,803.0,millimes,"INS, moyenne annuelle des prix de détail à Tunis",moyenne des douze mois des prix de détail à Tunis,ins-annuaire-statistique-prix-detail,"Annuaire statistique de la Tunisie, édition 2002-2006, pp. 185-186",,"couche texte (note documentaire du précis, 6 octobre 2026) ; non relu ici",,,SECONDE LECTURE de la même année : 30 à 37 millimes au-dessus de la ligne « Essence normale » des éditions antérieures
,sans objet (moyenne annuelle),2005,"essence (libellé « Essence normale », valeurs du super : édition 2002-2006)",898.0,millimes par litre,898.0,millimes,"INS, moyenne annuelle des prix de détail à Tunis",moyenne des douze mois des prix de détail à Tunis,ins-annuaire-statistique-prix-detail,"Annuaire statistique de la Tunisie, édition 2002-2006, pp. 185-186",,"couche texte (note documentaire du précis, 6 octobre 2026) ; non relu ici",,,SECONDE LECTURE de la même année : 30 à 37 millimes au-dessus de la ligne « Essence normale » des éditions antérieures
2017-07-02,oui,2017,essence sans plomb,1750.0,millimes par litre,1750.0,millimes par litre,ministère chargé de l'énergie (Observatoire national de l'énergie),prix de vente au public en vigueur à partir de la date,one-conjoncture-energetique,"ONE, Conjoncture énergétique, sept. et oct. 2017",,"couche texte (note documentaire du précis, 6 octobre 2026) ; non relu ici",régime de 2016 : ajustement trimestriel,reprise des prix datés ; le gasoil n'a aucun prix de 1993 à 2017,"GPL donné à 569 millimes le kg, non converti ici"
2017-07-02,oui,2017,gasoil ordinaire,1230.0,millimes par litre,1230.0,millimes par litre,ministère chargé de l'énergie (Observatoire national de l'énergie),prix de vente au public en vigueur à partir de la date,one-conjoncture-energetique,"ONE, Conjoncture énergétique, sept. et oct. 2017",,"couche texte (note documentaire du précis, 6 octobre 2026) ; non relu ici",régime de 2016 : ajustement trimestriel,reprise des prix datés ; le gasoil n'a aucun prix de 1993 à 2017,"GPL donné à 569 millimes le kg, non converti ici"
2017-07-02,oui,2017,gasoil sans soufre,1510.0,millimes par litre,1510.0,millimes par litre,ministère chargé de l'énergie (Observatoire national de l'énergie),prix de vente au public en vigueur à partir de la date,one-conjoncture-energetique,"ONE, Conjoncture énergétique, sept. et oct. 2017",,"couche texte (note documentaire du précis, 6 octobre 2026) ; non relu ici",régime de 2016 : ajustement trimestriel,reprise des prix datés ; le gasoil n'a aucun prix de 1993 à 2017,"GPL donné à 569 millimes le kg, non converti ici"
2017-12-31,non : constat,2017,essence sans plomb,1800.0,millimes par litre,1800.0,millimes par litre,ministère chargé de l'énergie (Observatoire national de l'énergie),prix de vente au public en vigueur à partir de la date,one-conjoncture-energetique,"ONE, Conjoncture énergétique, déc. 2017, p. PDF 30",,"couche texte (note documentaire du précis, 6 octobre 2026) ; non relu ici",régime de 2016 : ajustement trimestriel,,CONSTAT à la clôture du numéro : la date d'effet n'est pas établie
2017-12-31,non : constat,2017,gasoil ordinaire,1280.0,millimes par litre,1280.0,millimes par litre,ministère chargé de l'énergie (Observatoire national de l'énergie),prix de vente au public en vigueur à partir de la date,one-conjoncture-energetique,"ONE, Conjoncture énergétique, déc. 2017, p. PDF 30",,"couche texte (note documentaire du précis, 6 octobre 2026) ; non relu ici",régime de 2016 : ajustement trimestriel,,CONSTAT à la clôture du numéro : la date d'effet n'est pas établie
2017-12-31,non : constat,2017,gasoil sans soufre,1560.0,millimes par litre,1560.0,millimes par litre,ministère chargé de l'énergie (Observatoire national de l'énergie),prix de vente au public en vigueur à partir de la date,one-conjoncture-energetique,"ONE, Conjoncture énergétique, déc. 2017, p. PDF 30",,"couche texte (note documentaire du précis, 6 octobre 2026) ; non relu ici",régime de 2016 : ajustement trimestriel,,CONSTAT à la clôture du numéro : la date d'effet n'est pas établie
2017-12-31,non : constat,2017,"GPL, bouteille de 13 kg",7700.0,millimes par bouteille de 13 kg,7.7,dinars la bouteille de 13 kg,ministère chargé de l'énergie (Observatoire national de l'énergie),prix de vente au public en vigueur à partir de la date,one-conjoncture-energetique,"ONE, Conjoncture énergétique, déc. 2017, p. PDF 30",,"couche texte (note documentaire du précis, 6 octobre 2026) ; non relu ici",,,
2018-09-02,oui,2018,essence sans plomb,1985.0,millimes par litre,1985.0,millimes par litre,ministère chargé de l'énergie (Observatoire national de l'énergie),prix de vente au public en vigueur à partir de la date,one-chiffres-cles-energie,"ONE, Chiffres clés 2018, p. PDF 21",,"couche texte (note documentaire du précis, 6 octobre 2026) ; non relu ici",régime de 2016 : ajustement trimestriel,,"un ou plusieurs ajustements de 2018, antérieurs, ne sont ni datés ni chiffrés"
2018-09-02,oui,2018,gasoil ordinaire,1480.0,millimes par litre,1480.0,millimes par litre,ministère chargé de l'énergie (Observatoire national de l'énergie),prix de vente au public en vigueur à partir de la date,one-chiffres-cles-energie,"ONE, Chiffres clés 2018, p. PDF 21",,"couche texte (note documentaire du précis, 6 octobre 2026) ; non relu ici",régime de 2016 : ajustement trimestriel,,"un ou plusieurs ajustements de 2018, antérieurs, ne sont ni datés ni chiffrés"
2018-09-02,oui,2018,gasoil sans soufre,1745.0,millimes par litre,1745.0,millimes par litre,ministère chargé de l'énergie (Observatoire national de l'énergie),prix de vente au public en vigueur à partir de la date,one-chiffres-cles-energie,"ONE, Chiffres clés 2018, p. PDF 21",,"couche texte (note documentaire du précis, 6 octobre 2026) ; non relu ici",régime de 2016 : ajustement trimestriel,,"un ou plusieurs ajustements de 2018, antérieurs, ne sont ni datés ni chiffrés"
2018-09-02,oui,2018,"GPL, bouteille de 13 kg",7700.0,millimes par bouteille de 13 kg,7.7,dinars la bouteille de 13 kg,ministère chargé de l'énergie (Observatoire national de l'énergie),prix de vente au public en vigueur à partir de la date,one-chiffres-cles-energie,"ONE, Chiffres clés 2018, p. PDF 21",,"couche texte (note documentaire du précis, 6 octobre 2026) ; non relu ici",,,
2019-03-31,oui,2019,essence sans plomb,2065.0,millimes par litre,2065.0,millimes par litre,ministère chargé de l'énergie (Observatoire national de l'énergie),prix de vente au public en vigueur à partir de la date,one-chiffres-cles-energie,"ONE, Chiffres clés 2019, p. PDF 21",,"couche texte (note documentaire du précis, 6 octobre 2026) ; non relu ici",régime de 2016 : ajustement trimestriel,,
2019-03-31,oui,2019,gasoil ordinaire,1570.0,millimes par litre,1570.0,millimes par litre,ministère chargé de l'énergie (Observatoire national de l'énergie),prix de vente au public en vigueur à partir de la date,one-chiffres-cles-energie,"ONE, Chiffres clés 2019, p. PDF 21",,"couche texte (note documentaire du précis, 6 octobre 2026) ; non relu ici",régime de 2016 : ajustement trimestriel,,
2019-03-31,oui,2019,gasoil sans soufre,1825.0,millimes par litre,1825.0,millimes par litre,ministère chargé de l'énergie (Observatoire national de l'énergie),prix de vente au public en vigueur à partir de la date,one-chiffres-cles-energie,"ONE, Chiffres clés 2019, p. PDF 21",,"couche texte (note documentaire du précis, 6 octobre 2026) ; non relu ici",régime de 2016 : ajustement trimestriel,,
2019-03-31,oui,2019,"GPL, bouteille de 13 kg",7700.0,millimes par bouteille de 13 kg,7.7,dinars la bouteille de 13 kg,ministère chargé de l'énergie (Observatoire national de l'énergie),prix de vente au public en vigueur à partir de la date,one-chiffres-cles-energie,"ONE, Chiffres clés 2019, p. PDF 21",,"couche texte (note documentaire du précis, 6 octobre 2026) ; non relu ici",,,
2020-04-07,oui,2020,essence sans plomb,2035.0,millimes par litre,2035.0,millimes par litre,ministère chargé de l'énergie (Observatoire national de l'énergie),prix de vente au public en vigueur à partir de la date,minenergie-prix-marges-petroliers,"ministère, page « Prix et marges des produits pétroliers »",,"couche texte (note documentaire du précis, 6 octobre 2026) ; non relu ici","régime de 2020 : ajustement mensuel, variation plafonnée",,"comité du 6 avril 2020 : −30, −20, −25"
2020-04-07,oui,2020,gasoil ordinaire,1550.0,millimes par litre,1550.0,millimes par litre,ministère chargé de l'énergie (Observatoire national de l'énergie),prix de vente au public en vigueur à partir de la date,minenergie-prix-marges-petroliers,"ministère, page « Prix et marges des produits pétroliers »",,"couche texte (note documentaire du précis, 6 octobre 2026) ; non relu ici","régime de 2020 : ajustement mensuel, variation plafonnée",,"comité du 6 avril 2020 : −30, −20, −25"
2020-04-07,oui,2020,gasoil sans soufre,1800.0,millimes par litre,1800.0,millimes par litre,ministère chargé de l'énergie (Observatoire national de l'énergie),prix de vente au public en vigueur à partir de la date,minenergie-prix-marges-petroliers,"ministère, page « Prix et marges des produits pétroliers »",,"couche texte (note documentaire du précis, 6 octobre 2026) ; non relu ici","régime de 2020 : ajustement mensuel, variation plafonnée",,"comité du 6 avril 2020 : −30, −20, −25"
2020-04-07,oui,2020,"GPL, bouteille de 13 kg",7700.0,millimes par bouteille de 13 kg,7.7,dinars la bouteille de 13 kg,ministère chargé de l'énergie (Observatoire national de l'énergie),prix de vente au public en vigueur à partir de la date,minenergie-prix-marges-petroliers,"ministère, page « Prix et marges des produits pétroliers »",,"couche texte (note documentaire du précis, 6 octobre 2026) ; non relu ici",,,
2020-05-08,oui,2020,essence sans plomb,2005.0,millimes par litre,2005.0,millimes par litre,ministère chargé de l'énergie (Observatoire national de l'énergie),prix de vente au public en vigueur à partir de la date,minenergie-prix-marges-petroliers,"ministère, page « Prix et marges des produits pétroliers »",,"couche texte (note documentaire du précis, 6 octobre 2026) ; non relu ici","régime de 2020 : ajustement mensuel, variation plafonnée",,comité du 7 mai
2020-05-08,oui,2020,gasoil ordinaire,1530.0,millimes par litre,1530.0,millimes par litre,ministère chargé de l'énergie (Observatoire national de l'énergie),prix de vente au public en vigueur à partir de la date,minenergie-prix-marges-petroliers,"ministère, page « Prix et marges des produits pétroliers »",,"couche texte (note documentaire du précis, 6 octobre 2026) ; non relu ici","régime de 2020 : ajustement mensuel, variation plafonnée",,comité du 7 mai
2020-05-08,oui,2020,gasoil sans soufre,1775.0,millimes par litre,1775.0,millimes par litre,ministère chargé de l'énergie (Observatoire national de l'énergie),prix de vente au public en vigueur à partir de la date,minenergie-prix-marges-petroliers,"ministère, page « Prix et marges des produits pétroliers »",,"couche texte (note documentaire du précis, 6 octobre 2026) ; non relu ici","régime de 2020 : ajustement mensuel, variation plafonnée",,comité du 7 mai
2020-05-08,oui,2020,"GPL, bouteille de 13 kg",7700.0,millimes par bouteille de 13 kg,7.7,dinars la bouteille de 13 kg,ministère chargé de l'énergie (Observatoire national de l'énergie),prix de vente au public en vigueur à partir de la date,minenergie-prix-marges-petroliers,"ministère, page « Prix et marges des produits pétroliers »",,"couche texte (note documentaire du précis, 6 octobre 2026) ; non relu ici",,,
2020-06-09,oui,2020,essence sans plomb,1975.0,millimes par litre,1975.0,millimes par litre,ministère chargé de l'énergie (Observatoire national de l'énergie),prix de vente au public en vigueur à partir de la date,minenergie-prix-marges-petroliers,"ministère, page « Prix et marges des produits pétroliers »",,"couche texte (note documentaire du précis, 6 octobre 2026) ; non relu ici","régime de 2020 : ajustement mensuel, variation plafonnée",,comité du 8 juin
2020-06-09,oui,2020,gasoil ordinaire,1510.0,millimes par litre,1510.0,millimes par litre,ministère chargé de l'énergie (Observatoire national de l'énergie),prix de vente au public en vigueur à partir de la date,minenergie-prix-marges-petroliers,"ministère, page « Prix et marges des produits pétroliers »",,"couche texte (note documentaire du précis, 6 octobre 2026) ; non relu ici","régime de 2020 : ajustement mensuel, variation plafonnée",,comité du 8 juin
2020-06-09,oui,2020,gasoil sans soufre,1750.0,millimes par litre,1750.0,millimes par litre,ministère chargé de l'énergie (Observatoire national de l'énergie),prix de vente au public en vigueur à partir de la date,minenergie-prix-marges-petroliers,"ministère, page « Prix et marges des produits pétroliers »",,"couche texte (note documentaire du précis, 6 octobre 2026) ; non relu ici","régime de 2020 : ajustement mensuel, variation plafonnée",,comité du 8 juin
2020-06-09,oui,2020,"GPL, bouteille de 13 kg",7700.0,millimes par bouteille de 13 kg,7.7,dinars la bouteille de 13 kg,ministère chargé de l'énergie (Observatoire national de l'énergie),prix de vente au public en vigueur à partir de la date,minenergie-prix-marges-petroliers,"ministère, page « Prix et marges des produits pétroliers »",,"couche texte (note documentaire du précis, 6 octobre 2026) ; non relu ici",,,
2020-07-08,oui,2020,essence sans plomb,1945.0,millimes par litre,1945.0,millimes par litre,ministère chargé de l'énergie (Observatoire national de l'énergie),prix de vente au public en vigueur à partir de la date,minenergie-prix-marges-petroliers,"ministère, page « Prix et marges des produits pétroliers »",,"couche texte (note documentaire du précis, 6 octobre 2026) ; non relu ici","régime de 2020 : ajustement mensuel, variation plafonnée",,comité du 7 juillet
2020-07-08,oui,2020,gasoil ordinaire,1490.0,millimes par litre,1490.0,millimes par litre,ministère chargé de l'énergie (Observatoire national de l'énergie),prix de vente au public en vigueur à partir de la date,minenergie-prix-marges-petroliers,"ministère, page « Prix et marges des produits pétroliers »",,"couche texte (note documentaire du précis, 6 octobre 2026) ; non relu ici","régime de 2020 : ajustement mensuel, variation plafonnée",,comité du 7 juillet
2020-07-08,oui,2020,gasoil sans soufre,1725.0,millimes par litre,1725.0,millimes par litre,ministère chargé de l'énergie (Observatoire national de l'énergie),prix de vente au public en vigueur à partir de la date,minenergie-prix-marges-petroliers,"ministère, page « Prix et marges des produits pétroliers »",,"couche texte (note documentaire du précis, 6 octobre 2026) ; non relu ici","régime de 2020 : ajustement mensuel, variation plafonnée",,comité du 7 juillet
2020-07-08,oui,2020,"GPL, bouteille de 13 kg",7700.0,millimes par bouteille de 13 kg,7.7,dinars la bouteille de 13 kg,ministère chargé de l'énergie (Observatoire national de l'énergie),prix de vente au public en vigueur à partir de la date,minenergie-prix-marges-petroliers,"ministère, page « Prix et marges des produits pétroliers »",,"couche texte (note documentaire du précis, 6 octobre 2026) ; non relu ici",,,
2020-08-11,oui,2020,essence sans plomb,1915.0,millimes par litre,1915.0,millimes par litre,ministère chargé de l'énergie (Observatoire national de l'énergie),prix de vente au public en vigueur à partir de la date,minenergie-prix-marges-petroliers,"ministère, page « Prix et marges des produits pétroliers »",,"couche texte (note documentaire du précis, 6 octobre 2026) ; non relu ici","régime de 2020 : ajustement mensuel, variation plafonnée",,comité du 7 août
2020-08-11,oui,2020,gasoil ordinaire,1470.0,millimes par litre,1470.0,millimes par litre,ministère chargé de l'énergie (Observatoire national de l'énergie),prix de vente au public en vigueur à partir de la date,minenergie-prix-marges-petroliers,"ministère, page « Prix et marges des produits pétroliers »",,"couche texte (note documentaire du précis, 6 octobre 2026) ; non relu ici","régime de 2020 : ajustement mensuel, variation plafonnée",,comité du 7 août
2020-08-11,oui,2020,gasoil sans soufre,1700.0,millimes par litre,1700.0,millimes par litre,ministère chargé de l'énergie (Observatoire national de l'énergie),prix de vente au public en vigueur à partir de la date,minenergie-prix-marges-petroliers,"ministère, page « Prix et marges des produits pétroliers »",,"couche texte (note documentaire du précis, 6 octobre 2026) ; non relu ici","régime de 2020 : ajustement mensuel, variation plafonnée",,comité du 7 août
2020-08-11,oui,2020,"GPL, bouteille de 13 kg",7700.0,millimes par bouteille de 13 kg,7.7,dinars la bouteille de 13 kg,ministère chargé de l'énergie (Observatoire national de l'énergie),prix de vente au public en vigueur à partir de la date,minenergie-prix-marges-petroliers,"ministère, page « Prix et marges des produits pétroliers »",,"couche texte (note documentaire du précis, 6 octobre 2026) ; non relu ici",,,
2020-09-08,oui,2020,essence sans plomb,1915.0,millimes par litre,1915.0,millimes par litre,ministère chargé de l'énergie (Observatoire national de l'énergie),prix de vente au public en vigueur à partir de la date,minenergie-prix-marges-petroliers,"ministère, page « Prix et marges des produits pétroliers »",,"couche texte (note documentaire du précis, 6 octobre 2026) ; non relu ici","régime de 2020 : ajustement mensuel, variation plafonnée",,comité du 7 septembre : aucun ajustement ; 11 septembre selon les Chiffres clés 2020
2020-09-08,oui,2020,gasoil ordinaire,1470.0,millimes par litre,1470.0,millimes par litre,ministère chargé de l'énergie (Observatoire national de l'énergie),prix de vente au public en vigueur à partir de la date,minenergie-prix-marges-petroliers,"ministère, page « Prix et marges des produits pétroliers »",,"couche texte (note documentaire du précis, 6 octobre 2026) ; non relu ici","régime de 2020 : ajustement mensuel, variation plafonnée",,comité du 7 septembre : aucun ajustement ; 11 septembre selon les Chiffres clés 2020
2020-09-08,oui,2020,gasoil sans soufre,1700.0,millimes par litre,1700.0,millimes par litre,ministère chargé de l'énergie (Observatoire national de l'énergie),prix de vente au public en vigueur à partir de la date,minenergie-prix-marges-petroliers,"ministère, page « Prix et marges des produits pétroliers »",,"couche texte (note documentaire du précis, 6 octobre 2026) ; non relu ici","régime de 2020 : ajustement mensuel, variation plafonnée",,comité du 7 septembre : aucun ajustement ; 11 septembre selon les Chiffres clés 2020
2020-09-08,oui,2020,"GPL, bouteille de 13 kg",7700.0,millimes par bouteille de 13 kg,7.7,dinars la bouteille de 13 kg,ministère chargé de l'énergie (Observatoire national de l'énergie),prix de vente au public en vigueur à partir de la date,minenergie-prix-marges-petroliers,"ministère, page « Prix et marges des produits pétroliers »",,"couche texte (note documentaire du précis, 6 octobre 2026) ; non relu ici",,,
2020-10-09,oui,2020,essence sans plomb,1915.0,millimes par litre,1915.0,millimes par litre,ministère chargé de l'énergie (Observatoire national de l'énergie),prix de vente au public en vigueur à partir de la date,minenergie-prix-marges-petroliers,"ministère, page « Prix et marges des produits pétroliers »",,"couche texte (note documentaire du précis, 6 octobre 2026) ; non relu ici","régime de 2020 : ajustement mensuel, variation plafonnée",,"comité du 7 octobre : gasoil sans soufre seul, −25"
2020-10-09,oui,2020,gasoil ordinaire,1470.0,millimes par litre,1470.0,millimes par litre,ministère chargé de l'énergie (Observatoire national de l'énergie),prix de vente au public en vigueur à partir de la date,minenergie-prix-marges-petroliers,"ministère, page « Prix et marges des produits pétroliers »",,"couche texte (note documentaire du précis, 6 octobre 2026) ; non relu ici","régime de 2020 : ajustement mensuel, variation plafonnée",,"comité du 7 octobre : gasoil sans soufre seul, −25"
2020-10-09,oui,2020,gasoil sans soufre,1675.0,millimes par litre,1675.0,millimes par litre,ministère chargé de l'énergie (Observatoire national de l'énergie),prix de vente au public en vigueur à partir de la date,minenergie-prix-marges-petroliers,"ministère, page « Prix et marges des produits pétroliers »",,"couche texte (note documentaire du précis, 6 octobre 2026) ; non relu ici","régime de 2020 : ajustement mensuel, variation plafonnée",,"comité du 7 octobre : gasoil sans soufre seul, −25"
2020-11-10,oui,2020,essence sans plomb,1915.0,millimes par litre,1915.0,millimes par litre,ministère chargé de l'énergie (Observatoire national de l'énergie),prix de vente au public en vigueur à partir de la date,minenergie-prix-marges-petroliers,"ministère, page « Prix et marges des produits pétroliers »",,"couche texte (note documentaire du précis, 6 octobre 2026) ; non relu ici","régime de 2020 : ajustement mensuel, variation plafonnée",,"comité du 9 novembre : gasoil sans soufre seul, −25"
2020-11-10,oui,2020,gasoil ordinaire,1470.0,millimes par litre,1470.0,millimes par litre,ministère chargé de l'énergie (Observatoire national de l'énergie),prix de vente au public en vigueur à partir de la date,minenergie-prix-marges-petroliers,"ministère, page « Prix et marges des produits pétroliers »",,"couche texte (note documentaire du précis, 6 octobre 2026) ; non relu ici","régime de 2020 : ajustement mensuel, variation plafonnée",,"comité du 9 novembre : gasoil sans soufre seul, −25"
2020-11-10,oui,2020,gasoil sans soufre,1650.0,millimes par litre,1650.0,millimes par litre,ministère chargé de l'énergie (Observatoire national de l'énergie),prix de vente au public en vigueur à partir de la date,minenergie-prix-marges-petroliers,"ministère, page « Prix et marges des produits pétroliers »",,"couche texte (note documentaire du précis, 6 octobre 2026) ; non relu ici","régime de 2020 : ajustement mensuel, variation plafonnée",,"comité du 9 novembre : gasoil sans soufre seul, −25"
2020-12-08,oui,2020,essence sans plomb,1915.0,millimes par litre,1915.0,millimes par litre,ministère chargé de l'énergie (Observatoire national de l'énergie),prix de vente au public en vigueur à partir de la date,minenergie-prix-marges-petroliers,"ministère, page « Prix et marges des produits pétroliers »",,"couche texte (note documentaire du précis, 6 octobre 2026) ; non relu ici","régime de 2020 : ajustement mensuel, variation plafonnée",,comité du 7 décembre : aucun ajustement
2020-12-08,oui,2020,gasoil ordinaire,1470.0,millimes par litre,1470.0,millimes par litre,ministère chargé de l'énergie (Observatoire national de l'énergie),prix de vente au public en vigueur à partir de la date,minenergie-prix-marges-petroliers,"ministère, page « Prix et marges des produits pétroliers »",,"couche texte (note documentaire du précis, 6 octobre 2026) ; non relu ici","régime de 2020 : ajustement mensuel, variation plafonnée",,comité du 7 décembre : aucun ajustement
2020-12-08,oui,2020,gasoil sans soufre,1650.0,millimes par litre,1650.0,millimes par litre,ministère chargé de l'énergie (Observatoire national de l'énergie),prix de vente au public en vigueur à partir de la date,minenergie-prix-marges-petroliers,"ministère, page « Prix et marges des produits pétroliers »",,"couche texte (note documentaire du précis, 6 octobre 2026) ; non relu ici","régime de 2020 : ajustement mensuel, variation plafonnée",,comité du 7 décembre : aucun ajustement
2021-02-05,oui,2021,essence sans plomb,1955.0,millimes par litre,1955.0,millimes par litre,ministère chargé de l'énergie (Observatoire national de l'énergie),prix de vente au public en vigueur à partir de la date,minenergie-prix-marges-petroliers,"ministère, page « Prix et marges des produits pétroliers »",,"couche texte (note documentaire du précis, 6 octobre 2026) ; non relu ici","régime de 2020 : ajustement mensuel, variation plafonnée",,"comité du 4 février 2021 : +40, +30, +35 ; 6 février selon les Chiffres clés 2021"
2021-02-05,oui,2021,gasoil ordinaire,1500.0,millimes par litre,1500.0,millimes par litre,ministère chargé de l'énergie (Observatoire national de l'énergie),prix de vente au public en vigueur à partir de la date,minenergie-prix-marges-petroliers,"ministère, page « Prix et marges des produits pétroliers »",,"couche texte (note documentaire du précis, 6 octobre 2026) ; non relu ici","régime de 2020 : ajustement mensuel, variation plafonnée",,"comité du 4 février 2021 : +40, +30, +35 ; 6 février selon les Chiffres clés 2021"
2021-02-05,oui,2021,gasoil sans soufre,1685.0,millimes par litre,1685.0,millimes par litre,ministère chargé de l'énergie (Observatoire national de l'énergie),prix de vente au public en vigueur à partir de la date,minenergie-prix-marges-petroliers,"ministère, page « Prix et marges des produits pétroliers »",,"couche texte (note documentaire du précis, 6 octobre 2026) ; non relu ici","régime de 2020 : ajustement mensuel, variation plafonnée",,"comité du 4 février 2021 : +40, +30, +35 ; 6 février selon les Chiffres clés 2021"
2021-02-05,oui,2021,"GPL, bouteille de 13 kg",7700.0,millimes par bouteille de 13 kg,7.7,dinars la bouteille de 13 kg,ministère chargé de l'énergie (Observatoire national de l'énergie),prix de vente au public en vigueur à partir de la date,minenergie-prix-marges-petroliers,"ministère, page « Prix et marges des produits pétroliers »",,"couche texte (note documentaire du précis, 6 octobre 2026) ; non relu ici",,,
2021-03-11,oui,2021,essence sans plomb,1995.0,millimes par litre,1995.0,millimes par litre,ministère chargé de l'énergie (Observatoire national de l'énergie),prix de vente au public en vigueur à partir de la date,minenergie-prix-marges-petroliers,"ministère, page « Prix et marges des produits pétroliers »",,"couche texte (note documentaire du précis, 6 octobre 2026) ; non relu ici","régime de 2020 : ajustement mensuel, variation plafonnée",,"comité du 10 mars : +40, +30, +35"
2021-03-11,oui,2021,gasoil ordinaire,1530.0,millimes par litre,1530.0,millimes par litre,ministère chargé de l'énergie (Observatoire national de l'énergie),prix de vente au public en vigueur à partir de la date,minenergie-prix-marges-petroliers,"ministère, page « Prix et marges des produits pétroliers »",,"couche texte (note documentaire du précis, 6 octobre 2026) ; non relu ici","régime de 2020 : ajustement mensuel, variation plafonnée",,"comité du 10 mars : +40, +30, +35"
2021-03-11,oui,2021,gasoil sans soufre,1720.0,millimes par litre,1720.0,millimes par litre,ministère chargé de l'énergie (Observatoire national de l'énergie),prix de vente au public en vigueur à partir de la date,minenergie-prix-marges-petroliers,"ministère, page « Prix et marges des produits pétroliers »",,"couche texte (note documentaire du précis, 6 octobre 2026) ; non relu ici","régime de 2020 : ajustement mensuel, variation plafonnée",,"comité du 10 mars : +40, +30, +35"
2021-03-11,oui,2021,"GPL, bouteille de 13 kg",7700.0,millimes par bouteille de 13 kg,7.7,dinars la bouteille de 13 kg,ministère chargé de l'énergie (Observatoire national de l'énergie),prix de vente au public en vigueur à partir de la date,minenergie-prix-marges-petroliers,"ministère, page « Prix et marges des produits pétroliers »",,"couche texte (note documentaire du précis, 6 octobre 2026) ; non relu ici",,,
2021-04-20,oui,2021,essence sans plomb,2095.0,millimes par litre,2095.0,millimes par litre,ministère chargé de l'énergie (Observatoire national de l'énergie),prix de vente au public en vigueur à partir de la date,minenergie-prix-marges-petroliers,"ministère, page « Prix et marges des produits pétroliers »",,"couche texte (note documentaire du précis, 6 octobre 2026) ; non relu ici","régime de 2020 : ajustement mensuel, variation plafonnée",,"comité du 19 avril : +100, +75, +85, soit 5 %"
2021-04-20,oui,2021,gasoil ordinaire,1605.0,millimes par litre,1605.0,millimes par litre,ministère chargé de l'énergie (Observatoire national de l'énergie),prix de vente au public en vigueur à partir de la date,minenergie-prix-marges-petroliers,"ministère, page « Prix et marges des produits pétroliers »",,"couche texte (note documentaire du précis, 6 octobre 2026) ; non relu ici","régime de 2020 : ajustement mensuel, variation plafonnée",,"comité du 19 avril : +100, +75, +85, soit 5 %"
2021-04-20,oui,2021,gasoil sans soufre,1805.0,millimes par litre,1805.0,millimes par litre,ministère chargé de l'énergie (Observatoire national de l'énergie),prix de vente au public en vigueur à partir de la date,minenergie-prix-marges-petroliers,"ministère, page « Prix et marges des produits pétroliers »",,"couche texte (note documentaire du précis, 6 octobre 2026) ; non relu ici","régime de 2020 : ajustement mensuel, variation plafonnée",,"comité du 19 avril : +100, +75, +85, soit 5 %"
2021-04-20,oui,2021,"GPL, bouteille de 13 kg",7700.0,millimes par bouteille de 13 kg,7.7,dinars la bouteille de 13 kg,ministère chargé de l'énergie (Observatoire national de l'énergie),prix de vente au public en vigueur à partir de la date,minenergie-prix-marges-petroliers,"ministère, page « Prix et marges des produits pétroliers »",,"couche texte (note documentaire du précis, 6 octobre 2026) ; non relu ici",,,
2022-02-01,oui,2022,essence sans plomb,2155.0,millimes par litre,2155.0,millimes par litre,ministère chargé de l'énergie (Observatoire national de l'énergie),prix de vente au public en vigueur à partir de la date,minenergie-prix-marges-petroliers,"ministère, page « Prix et marges des produits pétroliers »",,"couche texte (note documentaire du précis, 6 octobre 2026) ; non relu ici","régime de 2020 : ajustement mensuel, variation plafonnée",,"+60, +50, +55 ; date de comité non renseignée"
2022-02-01,oui,2022,gasoil ordinaire,1655.0,millimes par litre,1655.0,millimes par litre,ministère chargé de l'énergie (Observatoire national de l'énergie),prix de vente au public en vigueur à partir de la date,minenergie-prix-marges-petroliers,"ministère, page « Prix et marges des produits pétroliers »",,"couche texte (note documentaire du précis, 6 octobre 2026) ; non relu ici","régime de 2020 : ajustement mensuel, variation plafonnée",,"+60, +50, +55 ; date de comité non renseignée"
2022-02-01,oui,2022,gasoil sans soufre,1860.0,millimes par litre,1860.0,millimes par litre,ministère chargé de l'énergie (Observatoire national de l'énergie),prix de vente au public en vigueur à partir de la date,minenergie-prix-marges-petroliers,"ministère, page « Prix et marges des produits pétroliers »",,"couche texte (note documentaire du précis, 6 octobre 2026) ; non relu ici","régime de 2020 : ajustement mensuel, variation plafonnée",,"+60, +50, +55 ; date de comité non renseignée"
2022-02-01,oui,2022,"GPL, bouteille de 13 kg",7700.0,millimes par bouteille de 13 kg,7.7,dinars la bouteille de 13 kg,ministère chargé de l'énergie (Observatoire national de l'énergie),prix de vente au public en vigueur à partir de la date,minenergie-prix-marges-petroliers,"ministère, page « Prix et marges des produits pétroliers »",,"couche texte (note documentaire du précis, 6 octobre 2026) ; non relu ici",,,
2022-03-01,oui,2022,essence sans plomb,2220.0,millimes par litre,2220.0,millimes par litre,ministère chargé de l'énergie (Observatoire national de l'énergie),prix de vente au public en vigueur à partir de la date,minenergie-prix-marges-petroliers,"ministère, page « Prix et marges des produits pétroliers »",,"couche texte (note documentaire du précis, 6 octobre 2026) ; non relu ici","régime de 2020 : ajustement mensuel, variation plafonnée",,"comité du 16 février : +65, +50, +55"
2022-03-01,oui,2022,gasoil ordinaire,1705.0,millimes par litre,1705.0,millimes par litre,ministère chargé de l'énergie (Observatoire national de l'énergie),prix de vente au public en vigueur à partir de la date,minenergie-prix-marges-petroliers,"ministère, page « Prix et marges des produits pétroliers »",,"couche texte (note documentaire du précis, 6 octobre 2026) ; non relu ici","régime de 2020 : ajustement mensuel, variation plafonnée",,"comité du 16 février : +65, +50, +55"
2022-03-01,oui,2022,gasoil sans soufre,1915.0,millimes par litre,1915.0,millimes par litre,ministère chargé de l'énergie (Observatoire national de l'énergie),prix de vente au public en vigueur à partir de la date,minenergie-prix-marges-petroliers,"ministère, page « Prix et marges des produits pétroliers »",,"couche texte (note documentaire du précis, 6 octobre 2026) ; non relu ici","régime de 2020 : ajustement mensuel, variation plafonnée",,"comité du 16 février : +65, +50, +55"
2022-03-01,oui,2022,"GPL, bouteille de 13 kg",7700.0,millimes par bouteille de 13 kg,7.7,dinars la bouteille de 13 kg,ministère chargé de l'énergie (Observatoire national de l'énergie),prix de vente au public en vigueur à partir de la date,minenergie-prix-marges-petroliers,"ministère, page « Prix et marges des produits pétroliers »",,"couche texte (note documentaire du précis, 6 octobre 2026) ; non relu ici",,,
2022-04-16,oui,2022,essence sans plomb,2330.0,millimes par litre,2330.0,millimes par litre,ministère chargé de l'énergie (Observatoire national de l'énergie),prix de vente au public en vigueur à partir de la date,minenergie-prix-marges-petroliers,"ministère, page « Prix et marges des produits pétroliers »",,"couche texte (note documentaire du précis, 6 octobre 2026) ; non relu ici","régime de 2020 : ajustement mensuel, variation plafonnée",,"+110, +95, +95 ; 16 avril selon la page du ministère, 14 avril selon les Chiffres clés 2022 : non tranché"
2022-04-16,oui,2022,gasoil ordinaire,1790.0,millimes par litre,1790.0,millimes par litre,ministère chargé de l'énergie (Observatoire national de l'énergie),prix de vente au public en vigueur à partir de la date,minenergie-prix-marges-petroliers,"ministère, page « Prix et marges des produits pétroliers »",,"couche texte (note documentaire du précis, 6 octobre 2026) ; non relu ici","régime de 2020 : ajustement mensuel, variation plafonnée",,"+110, +95, +95 ; 16 avril selon la page du ministère, 14 avril selon les Chiffres clés 2022 : non tranché"
2022-04-16,oui,2022,gasoil sans soufre,2010.0,millimes par litre,2010.0,millimes par litre,ministère chargé de l'énergie (Observatoire national de l'énergie),prix de vente au public en vigueur à partir de la date,minenergie-prix-marges-petroliers,"ministère, page « Prix et marges des produits pétroliers »",,"couche texte (note documentaire du précis, 6 octobre 2026) ; non relu ici","régime de 2020 : ajustement mensuel, variation plafonnée",,"+110, +95, +95 ; 16 avril selon la page du ministère, 14 avril selon les Chiffres clés 2022 : non tranché"
2022-04-16,oui,2022,"GPL, bouteille de 13 kg",7700.0,millimes par bouteille de 13 kg,7.7,dinars la bouteille de 13 kg,ministère chargé de l'énergie (Observatoire national de l'énergie),prix de vente au public en vigueur à partir de la date,minenergie-prix-marges-petroliers,"ministère, page « Prix et marges des produits pétroliers »",,"couche texte (note documentaire du précis, 6 octobre 2026) ; non relu ici",,,
2022-09-18,oui,2022,essence sans plomb,2400.0,millimes par litre,2400.0,millimes par litre,ministère chargé de l'énergie (Observatoire national de l'énergie),prix de vente au public en vigueur à partir de la date,minenergie-prix-marges-petroliers,"ministère, page « Prix et marges des produits pétroliers »",,"couche texte (note documentaire du précis, 6 octobre 2026) ; non relu ici","régime de 2020 : ajustement mensuel, variation plafonnée",,"+70 chacun ; GPL de 7,7 à 8,8 D"
2022-09-18,oui,2022,gasoil ordinaire,1860.0,millimes par litre,1860.0,millimes par litre,ministère chargé de l'énergie (Observatoire national de l'énergie),prix de vente au public en vigueur à partir de la date,minenergie-prix-marges-petroliers,"ministère, page « Prix et marges des produits pétroliers »",,"couche texte (note documentaire du précis, 6 octobre 2026) ; non relu ici","régime de 2020 : ajustement mensuel, variation plafonnée",,"+70 chacun ; GPL de 7,7 à 8,8 D"
2022-09-18,oui,2022,gasoil sans soufre,2080.0,millimes par litre,2080.0,millimes par litre,ministère chargé de l'énergie (Observatoire national de l'énergie),prix de vente au public en vigueur à partir de la date,minenergie-prix-marges-petroliers,"ministère, page « Prix et marges des produits pétroliers »",,"couche texte (note documentaire du précis, 6 octobre 2026) ; non relu ici","régime de 2020 : ajustement mensuel, variation plafonnée",,"+70 chacun ; GPL de 7,7 à 8,8 D"
2022-09-18,oui,2022,"GPL, bouteille de 13 kg",8800.0,millimes par bouteille de 13 kg,8.8,dinars la bouteille de 13 kg,ministère chargé de l'énergie (Observatoire national de l'énergie),prix de vente au public en vigueur à partir de la date,minenergie-prix-marges-petroliers,"ministère, page « Prix et marges des produits pétroliers »",,"couche texte (note documentaire du précis, 6 octobre 2026) ; non relu ici",,,"+70 chacun ; GPL de 7,7 à 8,8 D"
2022-11-24,oui,2022,essence sans plomb,2525.0,millimes par litre,2525.0,millimes par litre,ministère chargé de l'énergie (Observatoire national de l'énergie),prix de vente au public en vigueur à partir de la date,minenergie-prix-marges-petroliers,"ministère, page « Prix et marges des produits pétroliers »",,"couche texte (note documentaire du précis, 6 octobre 2026) ; non relu ici","régime de 2020 : ajustement mensuel, variation plafonnée",,"+125 chacun ; prix inchangés depuis, constatés jusqu'à fin juillet 2026"
2022-11-24,oui,2022,gasoil ordinaire,1985.0,millimes par litre,1985.0,millimes par litre,ministère chargé de l'énergie (Observatoire national de l'énergie),prix de vente au public en vigueur à partir de la date,minenergie-prix-marges-petroliers,"ministère, page « Prix et marges des produits pétroliers »",,"couche texte (note documentaire du précis, 6 octobre 2026) ; non relu ici","régime de 2020 : ajustement mensuel, variation plafonnée",,"+125 chacun ; prix inchangés depuis, constatés jusqu'à fin juillet 2026"
2022-11-24,oui,2022,gasoil sans soufre,2205.0,millimes par litre,2205.0,millimes par litre,ministère chargé de l'énergie (Observatoire national de l'énergie),prix de vente au public en vigueur à partir de la date,minenergie-prix-marges-petroliers,"ministère, page « Prix et marges des produits pétroliers »",,"couche texte (note documentaire du précis, 6 octobre 2026) ; non relu ici","régime de 2020 : ajustement mensuel, variation plafonnée",,"+125 chacun ; prix inchangés depuis, constatés jusqu'à fin juillet 2026"
2022-11-24,oui,2022,"GPL, bouteille de 13 kg",8800.0,millimes par bouteille de 13 kg,8.8,dinars la bouteille de 13 kg,ministère chargé de l'énergie (Observatoire national de l'énergie),prix de vente au public en vigueur à partir de la date,minenergie-prix-marges-petroliers,"ministère, page « Prix et marges des produits pétroliers »",,"couche texte (note documentaire du précis, 6 octobre 2026) ; non relu ici",,,
2014-05,non : prix « valid May 2014 »,2014,essence,1670.0,millimes par litre,1.67,dinars,Banque mondiale (source extérieure),"prix intérieur cité par la Banque mondiale, « from the Ministry of Finance »",bm-2015-wps7312,"Banque mondiale, WPS 7312 (2015), tableau 3",,"couche texte (note documentaire du précis, 6 octobre 2026) ; non relu ici ; source secondaire",,,seul prix du gasoil entre 1993 et 2017
2014-05,non : prix « valid May 2014 »,2014,"gasoil à 0,2 % de soufre",1250.0,millimes par litre,1.25,dinars,Banque mondiale (source extérieure),"prix intérieur cité par la Banque mondiale, « from the Ministry of Finance »",bm-2015-wps7312,"Banque mondiale, WPS 7312 (2015), tableau 3",,"couche texte (note documentaire du précis, 6 octobre 2026) ; non relu ici ; source secondaire",,,seul prix du gasoil entre 1993 et 2017
2014-05,non : prix « valid May 2014 »,2014,"GPL, bouteille de 13 kg",7400.0,millimes par bouteille de 13 kg,7.4,dinars,Banque mondiale (source extérieure),"prix intérieur cité par la Banque mondiale, « from the Ministry of Finance »",bm-2015-wps7312,"Banque mondiale, WPS 7312 (2015), tableau 3",,"couche texte (note documentaire du précis, 6 octobre 2026) ; non relu ici ; source secondaire",,,seul prix du gasoil entre 1993 et 2017
,sans objet (moyenne annuelle),1990,essence super,480.05,millimes par litre,480.05,millimes par litre,"ministère chargé de l'énergie, données ouvertes : moyenne annuelle pondérée",moyenne annuelle pondérée par les jours du prix de vente,minenergie-opendata-prix-vente-petroliers,"ministère de l'Industrie, de l'Énergie et des Mines, portail de données ouvertes, jeu « TN-Prix de vente des produits pétroliers » (direction générale de l'énergie), captures des archives du web de 2018 et 2019",,"fichier de données né numérique, lu intégralement par la note documentaire n° 2 du précis (6 octobre 2026) ; relu par le script quand il est dans les bruts (data/raw/minenergie/donnees-ouvertes/), empreinte contrôlée",,,
,sans objet (moyenne annuelle),1990,gasoil ordinaire,283.5,millimes par litre,283.5,millimes par litre,"ministère chargé de l'énergie, données ouvertes : moyenne annuelle pondérée",moyenne annuelle pondérée par les jours du prix de vente,minenergie-opendata-prix-vente-petroliers,"ministère de l'Industrie, de l'Énergie et des Mines, portail de données ouvertes, jeu « TN-Prix de vente des produits pétroliers » (direction générale de l'énergie), captures des archives du web de 2018 et 2019",,"fichier de données né numérique, lu intégralement par la note documentaire n° 2 du précis (6 octobre 2026) ; relu par le script quand il est dans les bruts (data/raw/minenergie/donnees-ouvertes/), empreinte contrôlée",,,
,sans objet (moyenne annuelle),1990,pétrole lampant,155.03,millimes par litre,155.03,millimes par litre,"ministère chargé de l'énergie, données ouvertes : moyenne annuelle pondérée",moyenne annuelle pondérée par les jours du prix de vente,minenergie-opendata-prix-vente-petroliers,"ministère de l'Industrie, de l'Énergie et des Mines, portail de données ouvertes, jeu « TN-Prix de vente des produits pétroliers » (direction générale de l'énergie), captures des archives du web de 2018 et 2019",,"fichier de données né numérique, lu intégralement par la note documentaire n° 2 du précis (6 octobre 2026) ; relu par le script quand il est dans les bruts (data/raw/minenergie/donnees-ouvertes/), empreinte contrôlée",,,
,sans objet (moyenne annuelle),1990,"GPL, bouteille de 13 kg",3200.0,millimes par bouteille de 13 kg,3.2,dinars la bouteille,"ministère chargé de l'énergie, données ouvertes : moyenne annuelle pondérée",moyenne annuelle pondérée par les jours du prix de vente,minenergie-opendata-prix-vente-petroliers,"ministère de l'Industrie, de l'Énergie et des Mines, portail de données ouvertes, jeu « TN-Prix de vente des produits pétroliers » (direction générale de l'énergie), captures des archives du web de 2018 et 2019",,"fichier de données né numérique, lu intégralement par la note documentaire n° 2 du précis (6 octobre 2026) ; relu par le script quand il est dans les bruts (data/raw/minenergie/donnees-ouvertes/), empreinte contrôlée",,,
,sans objet (moyenne annuelle),1991,essence super,526.16,millimes par litre,526.16,millimes par litre,"ministère chargé de l'énergie, données ouvertes : moyenne annuelle pondérée",moyenne annuelle pondérée par les jours du prix de vente,minenergie-opendata-prix-vente-petroliers,"ministère de l'Industrie, de l'Énergie et des Mines, portail de données ouvertes, jeu « TN-Prix de vente des produits pétroliers » (direction générale de l'énergie), captures des archives du web de 2018 et 2019",,"fichier de données né numérique, lu intégralement par la note documentaire n° 2 du précis (6 octobre 2026) ; relu par le script quand il est dans les bruts (data/raw/minenergie/donnees-ouvertes/), empreinte contrôlée",,,
,sans objet (moyenne annuelle),1991,gasoil ordinaire,308.08,millimes par litre,308.08,millimes par litre,"ministère chargé de l'énergie, données ouvertes : moyenne annuelle pondérée",moyenne annuelle pondérée par les jours du prix de vente,minenergie-opendata-prix-vente-petroliers,"ministère de l'Industrie, de l'Énergie et des Mines, portail de données ouvertes, jeu « TN-Prix de vente des produits pétroliers » (direction générale de l'énergie), captures des archives du web de 2018 et 2019",,"fichier de données né numérique, lu intégralement par la note documentaire n° 2 du précis (6 octobre 2026) ; relu par le script quand il est dans les bruts (data/raw/minenergie/donnees-ouvertes/), empreinte contrôlée",,,
,sans objet (moyenne annuelle),1991,pétrole lampant,178.08,millimes par litre,178.08,millimes par litre,"ministère chargé de l'énergie, données ouvertes : moyenne annuelle pondérée",moyenne annuelle pondérée par les jours du prix de vente,minenergie-opendata-prix-vente-petroliers,"ministère de l'Industrie, de l'Énergie et des Mines, portail de données ouvertes, jeu « TN-Prix de vente des produits pétroliers » (direction générale de l'énergie), captures des archives du web de 2018 et 2019",,"fichier de données né numérique, lu intégralement par la note documentaire n° 2 du précis (6 octobre 2026) ; relu par le script quand il est dans les bruts (data/raw/minenergie/donnees-ouvertes/), empreinte contrôlée",,,
,sans objet (moyenne annuelle),1991,"GPL, bouteille de 13 kg",3470.0,millimes par bouteille de 13 kg,3.47,dinars la bouteille,"ministère chargé de l'énergie, données ouvertes : moyenne annuelle pondérée",moyenne annuelle pondérée par les jours du prix de vente,minenergie-opendata-prix-vente-petroliers,"ministère de l'Industrie, de l'Énergie et des Mines, portail de données ouvertes, jeu « TN-Prix de vente des produits pétroliers » (direction générale de l'énergie), captures des archives du web de 2018 et 2019",,"fichier de données né numérique, lu intégralement par la note documentaire n° 2 du précis (6 octobre 2026) ; relu par le script quand il est dans les bruts (data/raw/minenergie/donnees-ouvertes/), empreinte contrôlée",,,
,sans objet (moyenne annuelle),1992,essence super,530.0,millimes par litre,530.0,millimes par litre,"ministère chargé de l'énergie, données ouvertes : moyenne annuelle pondérée",moyenne annuelle pondérée par les jours du prix de vente,minenergie-opendata-prix-vente-petroliers,"ministère de l'Industrie, de l'Énergie et des Mines, portail de données ouvertes, jeu « TN-Prix de vente des produits pétroliers » (direction générale de l'énergie), captures des archives du web de 2018 et 2019",,"fichier de données né numérique, lu intégralement par la note documentaire n° 2 du précis (6 octobre 2026) ; relu par le script quand il est dans les bruts (data/raw/minenergie/donnees-ouvertes/), empreinte contrôlée",,,
,sans objet (moyenne annuelle),1992,gasoil ordinaire,310.0,millimes par litre,310.0,millimes par litre,"ministère chargé de l'énergie, données ouvertes : moyenne annuelle pondérée",moyenne annuelle pondérée par les jours du prix de vente,minenergie-opendata-prix-vente-petroliers,"ministère de l'Industrie, de l'Énergie et des Mines, portail de données ouvertes, jeu « TN-Prix de vente des produits pétroliers » (direction générale de l'énergie), captures des archives du web de 2018 et 2019",,"fichier de données né numérique, lu intégralement par la note documentaire n° 2 du précis (6 octobre 2026) ; relu par le script quand il est dans les bruts (data/raw/minenergie/donnees-ouvertes/), empreinte contrôlée",,,
,sans objet (moyenne annuelle),1992,pétrole lampant,180.0,millimes par litre,180.0,millimes par litre,"ministère chargé de l'énergie, données ouvertes : moyenne annuelle pondérée",moyenne annuelle pondérée par les jours du prix de vente,minenergie-opendata-prix-vente-petroliers,"ministère de l'Industrie, de l'Énergie et des Mines, portail de données ouvertes, jeu « TN-Prix de vente des produits pétroliers » (direction générale de l'énergie), captures des archives du web de 2018 et 2019",,"fichier de données né numérique, lu intégralement par la note documentaire n° 2 du précis (6 octobre 2026) ; relu par le script quand il est dans les bruts (data/raw/minenergie/donnees-ouvertes/), empreinte contrôlée",,,
,sans objet (moyenne annuelle),1992,"GPL, bouteille de 13 kg",3620.0,millimes par bouteille de 13 kg,3.62,dinars la bouteille,"ministère chargé de l'énergie, données ouvertes : moyenne annuelle pondérée",moyenne annuelle pondérée par les jours du prix de vente,minenergie-opendata-prix-vente-petroliers,"ministère de l'Industrie, de l'Énergie et des Mines, portail de données ouvertes, jeu « TN-Prix de vente des produits pétroliers » (direction générale de l'énergie), captures des archives du web de 2018 et 2019",,"fichier de données né numérique, lu intégralement par la note documentaire n° 2 du précis (6 octobre 2026) ; relu par le script quand il est dans les bruts (data/raw/minenergie/donnees-ouvertes/), empreinte contrôlée",,,
,sans objet (moyenne annuelle),1993,essence sans plomb,620.0,millimes par litre,620.0,millimes par litre,"ministère chargé de l'énergie, données ouvertes : moyenne annuelle pondérée",moyenne annuelle pondérée par les jours du prix de vente,minenergie-opendata-prix-vente-petroliers,"ministère de l'Industrie, de l'Énergie et des Mines, portail de données ouvertes, jeu « TN-Prix de vente des produits pétroliers » (direction générale de l'énergie), captures des archives du web de 2018 et 2019",,"fichier de données né numérique, lu intégralement par la note documentaire n° 2 du précis (6 octobre 2026) ; relu par le script quand il est dans les bruts (data/raw/minenergie/donnees-ouvertes/), empreinte contrôlée",,,
,sans objet (moyenne annuelle),1993,essence super,539.21,millimes par litre,539.21,millimes par litre,"ministère chargé de l'énergie, données ouvertes : moyenne annuelle pondérée",moyenne annuelle pondérée par les jours du prix de vente,minenergie-opendata-prix-vente-petroliers,"ministère de l'Industrie, de l'Énergie et des Mines, portail de données ouvertes, jeu « TN-Prix de vente des produits pétroliers » (direction générale de l'énergie), captures des archives du web de 2018 et 2019",,"fichier de données né numérique, lu intégralement par la note documentaire n° 2 du précis (6 octobre 2026) ; relu par le script quand il est dans les bruts (data/raw/minenergie/donnees-ouvertes/), empreinte contrôlée",,,
,sans objet (moyenne annuelle),1993,gasoil ordinaire,310.0,millimes par litre,310.0,millimes par litre,"ministère chargé de l'énergie, données ouvertes : moyenne annuelle pondérée",moyenne annuelle pondérée par les jours du prix de vente,minenergie-opendata-prix-vente-petroliers,"ministère de l'Industrie, de l'Énergie et des Mines, portail de données ouvertes, jeu « TN-Prix de vente des produits pétroliers » (direction générale de l'énergie), captures des archives du web de 2018 et 2019",,"fichier de données né numérique, lu intégralement par la note documentaire n° 2 du précis (6 octobre 2026) ; relu par le script quand il est dans les bruts (data/raw/minenergie/donnees-ouvertes/), empreinte contrôlée",,,
,sans objet (moyenne annuelle),1993,pétrole lampant,180.0,millimes par litre,180.0,millimes par litre,"ministère chargé de l'énergie, données ouvertes : moyenne annuelle pondérée",moyenne annuelle pondérée par les jours du prix de vente,minenergie-opendata-prix-vente-petroliers,"ministère de l'Industrie, de l'Énergie et des Mines, portail de données ouvertes, jeu « TN-Prix de vente des produits pétroliers » (direction générale de l'énergie), captures des archives du web de 2018 et 2019",,"fichier de données né numérique, lu intégralement par la note documentaire n° 2 du précis (6 octobre 2026) ; relu par le script quand il est dans les bruts (data/raw/minenergie/donnees-ouvertes/), empreinte contrôlée",,,
,sans objet (moyenne annuelle),1993,"GPL, bouteille de 13 kg",3800.0,millimes par bouteille de 13 kg,3.8,dinars la bouteille,"ministère chargé de l'énergie, données ouvertes : moyenne annuelle pondérée",moyenne annuelle pondérée par les jours du prix de vente,minenergie-opendata-prix-vente-petroliers,"ministère de l'Industrie, de l'Énergie et des Mines, portail de données ouvertes, jeu « TN-Prix de vente des produits pétroliers » (direction générale de l'énergie), captures des archives du web de 2018 et 2019",,"fichier de données né numérique, lu intégralement par la note documentaire n° 2 du précis (6 octobre 2026) ; relu par le script quand il est dans les bruts (data/raw/minenergie/donnees-ouvertes/), empreinte contrôlée",,,
,sans objet (moyenne annuelle),1994,essence sans plomb,620.0,millimes par litre,620.0,millimes par litre,"ministère chargé de l'énergie, données ouvertes : moyenne annuelle pondérée",moyenne annuelle pondérée par les jours du prix de vente,minenergie-opendata-prix-vente-petroliers,"ministère de l'Industrie, de l'Énergie et des Mines, portail de données ouvertes, jeu « TN-Prix de vente des produits pétroliers » (direction générale de l'énergie), captures des archives du web de 2018 et 2019",,"fichier de données né numérique, lu intégralement par la note documentaire n° 2 du précis (6 octobre 2026) ; relu par le script quand il est dans les bruts (data/raw/minenergie/donnees-ouvertes/), empreinte contrôlée",,,
,sans objet (moyenne annuelle),1994,essence super,570.0,millimes par litre,570.0,millimes par litre,"ministère chargé de l'énergie, données ouvertes : moyenne annuelle pondérée",moyenne annuelle pondérée par les jours du prix de vente,minenergie-opendata-prix-vente-petroliers,"ministère de l'Industrie, de l'Énergie et des Mines, portail de données ouvertes, jeu « TN-Prix de vente des produits pétroliers » (direction générale de l'énergie), captures des archives du web de 2018 et 2019",,"fichier de données né numérique, lu intégralement par la note documentaire n° 2 du précis (6 octobre 2026) ; relu par le script quand il est dans les bruts (data/raw/minenergie/donnees-ouvertes/), empreinte contrôlée",,,
,sans objet (moyenne annuelle),1994,gasoil ordinaire,310.0,millimes par litre,310.0,millimes par litre,"ministère chargé de l'énergie, données ouvertes : moyenne annuelle pondérée",moyenne annuelle pondérée par les jours du prix de vente,minenergie-opendata-prix-vente-petroliers,"ministère de l'Industrie, de l'Énergie et des Mines, portail de données ouvertes, jeu « TN-Prix de vente des produits pétroliers » (direction générale de l'énergie), captures des archives du web de 2018 et 2019",,"fichier de données né numérique, lu intégralement par la note documentaire n° 2 du précis (6 octobre 2026) ; relu par le script quand il est dans les bruts (data/raw/minenergie/donnees-ouvertes/), empreinte contrôlée",,,
,sans objet (moyenne annuelle),1994,pétrole lampant,180.0,millimes par litre,180.0,millimes par litre,"ministère chargé de l'énergie, données ouvertes : moyenne annuelle pondérée",moyenne annuelle pondérée par les jours du prix de vente,minenergie-opendata-prix-vente-petroliers,"ministère de l'Industrie, de l'Énergie et des Mines, portail de données ouvertes, jeu « TN-Prix de vente des produits pétroliers » (direction générale de l'énergie), captures des archives du web de 2018 et 2019",,"fichier de données né numérique, lu intégralement par la note documentaire n° 2 du précis (6 octobre 2026) ; relu par le script quand il est dans les bruts (data/raw/minenergie/donnees-ouvertes/), empreinte contrôlée",,,
,sans objet (moyenne annuelle),1994,"GPL, bouteille de 13 kg",3800.0,millimes par bouteille de 13 kg,3.8,dinars la bouteille,"ministère chargé de l'énergie, données ouvertes : moyenne annuelle pondérée",moyenne annuelle pondérée par les jours du prix de vente,minenergie-opendata-prix-vente-petroliers,"ministère de l'Industrie, de l'Énergie et des Mines, portail de données ouvertes, jeu « TN-Prix de vente des produits pétroliers » (direction générale de l'énergie), captures des archives du web de 2018 et 2019",,"fichier de données né numérique, lu intégralement par la note documentaire n° 2 du précis (6 octobre 2026) ; relu par le script quand il est dans les bruts (data/raw/minenergie/donnees-ouvertes/), empreinte contrôlée",,,
,sans objet (moyenne annuelle),1995,essence sans plomb,620.0,millimes par litre,620.0,millimes par litre,"ministère chargé de l'énergie, données ouvertes : moyenne annuelle pondérée",moyenne annuelle pondérée par les jours du prix de vente,minenergie-opendata-prix-vente-petroliers,"ministère de l'Industrie, de l'Énergie et des Mines, portail de données ouvertes, jeu « TN-Prix de vente des produits pétroliers » (direction générale de l'énergie), captures des archives du web de 2018 et 2019",,"fichier de données né numérique, lu intégralement par la note documentaire n° 2 du précis (6 octobre 2026) ; relu par le script quand il est dans les bruts (data/raw/minenergie/donnees-ouvertes/), empreinte contrôlée",,,
,sans objet (moyenne annuelle),1995,essence super,570.0,millimes par litre,570.0,millimes par litre,"ministère chargé de l'énergie, données ouvertes : moyenne annuelle pondérée",moyenne annuelle pondérée par les jours du prix de vente,minenergie-opendata-prix-vente-petroliers,"ministère de l'Industrie, de l'Énergie et des Mines, portail de données ouvertes, jeu « TN-Prix de vente des produits pétroliers » (direction générale de l'énergie), captures des archives du web de 2018 et 2019",,"fichier de données né numérique, lu intégralement par la note documentaire n° 2 du précis (6 octobre 2026) ; relu par le script quand il est dans les bruts (data/raw/minenergie/donnees-ouvertes/), empreinte contrôlée",,,
,sans objet (moyenne annuelle),1995,gasoil ordinaire,310.0,millimes par litre,310.0,millimes par litre,"ministère chargé de l'énergie, données ouvertes : moyenne annuelle pondérée",moyenne annuelle pondérée par les jours du prix de vente,minenergie-opendata-prix-vente-petroliers,"ministère de l'Industrie, de l'Énergie et des Mines, portail de données ouvertes, jeu « TN-Prix de vente des produits pétroliers » (direction générale de l'énergie), captures des archives du web de 2018 et 2019",,"fichier de données né numérique, lu intégralement par la note documentaire n° 2 du précis (6 octobre 2026) ; relu par le script quand il est dans les bruts (data/raw/minenergie/donnees-ouvertes/), empreinte contrôlée",,,
,sans objet (moyenne annuelle),1995,pétrole lampant,180.0,millimes par litre,180.0,millimes par litre,"ministère chargé de l'énergie, données ouvertes : moyenne annuelle pondérée",moyenne annuelle pondérée par les jours du prix de vente,minenergie-opendata-prix-vente-petroliers,"ministère de l'Industrie, de l'Énergie et des Mines, portail de données ouvertes, jeu « TN-Prix de vente des produits pétroliers » (direction générale de l'énergie), captures des archives du web de 2018 et 2019",,"fichier de données né numérique, lu intégralement par la note documentaire n° 2 du précis (6 octobre 2026) ; relu par le script quand il est dans les bruts (data/raw/minenergie/donnees-ouvertes/), empreinte contrôlée",,,
,sans objet (moyenne annuelle),1995,"GPL, bouteille de 13 kg",3800.0,millimes par bouteille de 13 kg,3.8,dinars la bouteille,"ministère chargé de l'énergie, données ouvertes : moyenne annuelle pondérée",moyenne annuelle pondérée par les jours du prix de vente,minenergie-opendata-prix-vente-petroliers,"ministère de l'Industrie, de l'Énergie et des Mines, portail de données ouvertes, jeu « TN-Prix de vente des produits pétroliers » (direction générale de l'énergie), captures des archives du web de 2018 et 2019",,"fichier de données né numérique, lu intégralement par la note documentaire n° 2 du précis (6 octobre 2026) ; relu par le script quand il est dans les bruts (data/raw/minenergie/donnees-ouvertes/), empreinte contrôlée",,,
,sans objet (moyenne annuelle),1996,essence sans plomb,620.0,millimes par litre,620.0,millimes par litre,"ministère chargé de l'énergie, données ouvertes : moyenne annuelle pondérée",moyenne annuelle pondérée par les jours du prix de vente,minenergie-opendata-prix-vente-petroliers,"ministère de l'Industrie, de l'Énergie et des Mines, portail de données ouvertes, jeu « TN-Prix de vente des produits pétroliers » (direction générale de l'énergie), captures des archives du web de 2018 et 2019",,"fichier de données né numérique, lu intégralement par la note documentaire n° 2 du précis (6 octobre 2026) ; relu par le script quand il est dans les bruts (data/raw/minenergie/donnees-ouvertes/), empreinte contrôlée",,,
,sans objet (moyenne annuelle),1996,essence super,570.0,millimes par litre,570.0,millimes par litre,"ministère chargé de l'énergie, données ouvertes : moyenne annuelle pondérée",moyenne annuelle pondérée par les jours du prix de vente,minenergie-opendata-prix-vente-petroliers,"ministère de l'Industrie, de l'Énergie et des Mines, portail de données ouvertes, jeu « TN-Prix de vente des produits pétroliers » (direction générale de l'énergie), captures des archives du web de 2018 et 2019",,"fichier de données né numérique, lu intégralement par la note documentaire n° 2 du précis (6 octobre 2026) ; relu par le script quand il est dans les bruts (data/raw/minenergie/donnees-ouvertes/), empreinte contrôlée",,,
,sans objet (moyenne annuelle),1996,gasoil ordinaire,310.0,millimes par litre,310.0,millimes par litre,"ministère chargé de l'énergie, données ouvertes : moyenne annuelle pondérée",moyenne annuelle pondérée par les jours du prix de vente,minenergie-opendata-prix-vente-petroliers,"ministère de l'Industrie, de l'Énergie et des Mines, portail de données ouvertes, jeu « TN-Prix de vente des produits pétroliers » (direction générale de l'énergie), captures des archives du web de 2018 et 2019",,"fichier de données né numérique, lu intégralement par la note documentaire n° 2 du précis (6 octobre 2026) ; relu par le script quand il est dans les bruts (data/raw/minenergie/donnees-ouvertes/), empreinte contrôlée",,,
,sans objet (moyenne annuelle),1996,pétrole lampant,180.0,millimes par litre,180.0,millimes par litre,"ministère chargé de l'énergie, données ouvertes : moyenne annuelle pondérée",moyenne annuelle pondérée par les jours du prix de vente,minenergie-opendata-prix-vente-petroliers,"ministère de l'Industrie, de l'Énergie et des Mines, portail de données ouvertes, jeu « TN-Prix de vente des produits pétroliers » (direction générale de l'énergie), captures des archives du web de 2018 et 2019",,"fichier de données né numérique, lu intégralement par la note documentaire n° 2 du précis (6 octobre 2026) ; relu par le script quand il est dans les bruts (data/raw/minenergie/donnees-ouvertes/), empreinte contrôlée",,,
,sans objet (moyenne annuelle),1996,"GPL, bouteille de 13 kg",3970.0,millimes par bouteille de 13 kg,3.97,dinars la bouteille,"ministère chargé de l'énergie, données ouvertes : moyenne annuelle pondérée",moyenne annuelle pondérée par les jours du prix de vente,minenergie-opendata-prix-vente-petroliers,"ministère de l'Industrie, de l'Énergie et des Mines, portail de données ouvertes, jeu « TN-Prix de vente des produits pétroliers » (direction générale de l'énergie), captures des archives du web de 2018 et 2019",,"fichier de données né numérique, lu intégralement par la note documentaire n° 2 du précis (6 octobre 2026) ; relu par le script quand il est dans les bruts (data/raw/minenergie/donnees-ouvertes/), empreinte contrôlée",,,
,sans objet (moyenne annuelle),1997,essence sans plomb,620.0,millimes par litre,620.0,millimes par litre,"ministère chargé de l'énergie, données ouvertes : moyenne annuelle pondérée",moyenne annuelle pondérée par les jours du prix de vente,minenergie-opendata-prix-vente-petroliers,"ministère de l'Industrie, de l'Énergie et des Mines, portail de données ouvertes, jeu « TN-Prix de vente des produits pétroliers » (direction générale de l'énergie), captures des archives du web de 2018 et 2019",,"fichier de données né numérique, lu intégralement par la note documentaire n° 2 du précis (6 octobre 2026) ; relu par le script quand il est dans les bruts (data/raw/minenergie/donnees-ouvertes/), empreinte contrôlée",,,
,sans objet (moyenne annuelle),1997,essence super,583.89,millimes par litre,583.89,millimes par litre,"ministère chargé de l'énergie, données ouvertes : moyenne annuelle pondérée",moyenne annuelle pondérée par les jours du prix de vente,minenergie-opendata-prix-vente-petroliers,"ministère de l'Industrie, de l'Énergie et des Mines, portail de données ouvertes, jeu « TN-Prix de vente des produits pétroliers » (direction générale de l'énergie), captures des archives du web de 2018 et 2019",,"fichier de données né numérique, lu intégralement par la note documentaire n° 2 du précis (6 octobre 2026) ; relu par le script quand il est dans les bruts (data/raw/minenergie/donnees-ouvertes/), empreinte contrôlée",,,
,sans objet (moyenne annuelle),1997,gasoil ordinaire,319.26,millimes par litre,319.26,millimes par litre,"ministère chargé de l'énergie, données ouvertes : moyenne annuelle pondérée",moyenne annuelle pondérée par les jours du prix de vente,minenergie-opendata-prix-vente-petroliers,"ministère de l'Industrie, de l'Énergie et des Mines, portail de données ouvertes, jeu « TN-Prix de vente des produits pétroliers » (direction générale de l'énergie), captures des archives du web de 2018 et 2019",,"fichier de données né numérique, lu intégralement par la note documentaire n° 2 du précis (6 octobre 2026) ; relu par le script quand il est dans les bruts (data/raw/minenergie/donnees-ouvertes/), empreinte contrôlée",,,
,sans objet (moyenne annuelle),1997,pétrole lampant,191.58,millimes par litre,191.58,millimes par litre,"ministère chargé de l'énergie, données ouvertes : moyenne annuelle pondérée",moyenne annuelle pondérée par les jours du prix de vente,minenergie-opendata-prix-vente-petroliers,"ministère de l'Industrie, de l'Énergie et des Mines, portail de données ouvertes, jeu « TN-Prix de vente des produits pétroliers » (direction générale de l'énergie), captures des archives du web de 2018 et 2019",,"fichier de données né numérique, lu intégralement par la note documentaire n° 2 du précis (6 octobre 2026) ; relu par le script quand il est dans les bruts (data/raw/minenergie/donnees-ouvertes/), empreinte contrôlée",,,
,sans objet (moyenne annuelle),1997,"GPL, bouteille de 13 kg",4170.0,millimes par bouteille de 13 kg,4.17,dinars la bouteille,"ministère chargé de l'énergie, données ouvertes : moyenne annuelle pondérée",moyenne annuelle pondérée par les jours du prix de vente,minenergie-opendata-prix-vente-petroliers,"ministère de l'Industrie, de l'Énergie et des Mines, portail de données ouvertes, jeu « TN-Prix de vente des produits pétroliers » (direction générale de l'énergie), captures des archives du web de 2018 et 2019",,"fichier de données né numérique, lu intégralement par la note documentaire n° 2 du précis (6 octobre 2026) ; relu par le script quand il est dans les bruts (data/raw/minenergie/donnees-ouvertes/), empreinte contrôlée",,,
,sans objet (moyenne annuelle),1998,essence sans plomb,643.01,millimes par litre,643.01,millimes par litre,"ministère chargé de l'énergie, données ouvertes : moyenne annuelle pondérée",moyenne annuelle pondérée par les jours du prix de vente,minenergie-opendata-prix-vente-petroliers,"ministère de l'Industrie, de l'Énergie et des Mines, portail de données ouvertes, jeu « TN-Prix de vente des produits pétroliers » (direction générale de l'énergie), captures des archives du web de 2018 et 2019",,"fichier de données né numérique, lu intégralement par la note documentaire n° 2 du précis (6 octobre 2026) ; relu par le script quand il est dans les bruts (data/raw/minenergie/donnees-ouvertes/), empreinte contrôlée",,,
,sans objet (moyenne annuelle),1998,essence super,636.16,millimes par litre,636.16,millimes par litre,"ministère chargé de l'énergie, données ouvertes : moyenne annuelle pondérée",moyenne annuelle pondérée par les jours du prix de vente,minenergie-opendata-prix-vente-petroliers,"ministère de l'Industrie, de l'Énergie et des Mines, portail de données ouvertes, jeu « TN-Prix de vente des produits pétroliers » (direction générale de l'énergie), captures des archives du web de 2018 et 2019",,"fichier de données né numérique, lu intégralement par la note documentaire n° 2 du précis (6 octobre 2026) ; relu par le script quand il est dans les bruts (data/raw/minenergie/donnees-ouvertes/), empreinte contrôlée",,,
,sans objet (moyenne annuelle),1998,gasoil ordinaire,347.75,millimes par litre,347.75,millimes par litre,"ministère chargé de l'énergie, données ouvertes : moyenne annuelle pondérée",moyenne annuelle pondérée par les jours du prix de vente,minenergie-opendata-prix-vente-petroliers,"ministère de l'Industrie, de l'Énergie et des Mines, portail de données ouvertes, jeu « TN-Prix de vente des produits pétroliers » (direction générale de l'énergie), captures des archives du web de 2018 et 2019",,"fichier de données né numérique, lu intégralement par la note documentaire n° 2 du précis (6 octobre 2026) ; relu par le script quand il est dans les bruts (data/raw/minenergie/donnees-ouvertes/), empreinte contrôlée",,,
,sans objet (moyenne annuelle),1998,pétrole lampant,214.86,millimes par litre,214.86,millimes par litre,"ministère chargé de l'énergie, données ouvertes : moyenne annuelle pondérée",moyenne annuelle pondérée par les jours du prix de vente,minenergie-opendata-prix-vente-petroliers,"ministère de l'Industrie, de l'Énergie et des Mines, portail de données ouvertes, jeu « TN-Prix de vente des produits pétroliers » (direction générale de l'énergie), captures des archives du web de 2018 et 2019",,"fichier de données né numérique, lu intégralement par la note documentaire n° 2 du précis (6 octobre 2026) ; relu par le script quand il est dans les bruts (data/raw/minenergie/donnees-ouvertes/), empreinte contrôlée",,,
,sans objet (moyenne annuelle),1998,"GPL, bouteille de 13 kg",4320.0,millimes par bouteille de 13 kg,4.32,dinars la bouteille,"ministère chargé de l'énergie, données ouvertes : moyenne annuelle pondérée",moyenne annuelle pondérée par les jours du prix de vente,minenergie-opendata-prix-vente-petroliers,"ministère de l'Industrie, de l'Énergie et des Mines, portail de données ouvertes, jeu « TN-Prix de vente des produits pétroliers » (direction générale de l'énergie), captures des archives du web de 2018 et 2019",,"fichier de données né numérique, lu intégralement par la note documentaire n° 2 du précis (6 octobre 2026) ; relu par le script quand il est dans les bruts (data/raw/minenergie/donnees-ouvertes/), empreinte contrôlée",,,
,sans objet (moyenne annuelle),1999,essence sans plomb,665.44,millimes par litre,665.44,millimes par litre,"ministère chargé de l'énergie, données ouvertes : moyenne annuelle pondérée",moyenne annuelle pondérée par les jours du prix de vente,minenergie-opendata-prix-vente-petroliers,"ministère de l'Industrie, de l'Énergie et des Mines, portail de données ouvertes, jeu « TN-Prix de vente des produits pétroliers » (direction générale de l'énergie), captures des archives du web de 2018 et 2019",,"fichier de données né numérique, lu intégralement par la note documentaire n° 2 du précis (6 octobre 2026) ; relu par le script quand il est dans les bruts (data/raw/minenergie/donnees-ouvertes/), empreinte contrôlée",,,
,sans objet (moyenne annuelle),1999,essence super,665.44,millimes par litre,665.44,millimes par litre,"ministère chargé de l'énergie, données ouvertes : moyenne annuelle pondérée",moyenne annuelle pondérée par les jours du prix de vente,minenergie-opendata-prix-vente-petroliers,"ministère de l'Industrie, de l'Énergie et des Mines, portail de données ouvertes, jeu « TN-Prix de vente des produits pétroliers » (direction générale de l'énergie), captures des archives du web de 2018 et 2019",,"fichier de données né numérique, lu intégralement par la note documentaire n° 2 du précis (6 octobre 2026) ; relu par le script quand il est dans les bruts (data/raw/minenergie/donnees-ouvertes/), empreinte contrôlée",,,
,sans objet (moyenne annuelle),1999,gasoil ordinaire,369.53,millimes par litre,369.53,millimes par litre,"ministère chargé de l'énergie, données ouvertes : moyenne annuelle pondérée",moyenne annuelle pondérée par les jours du prix de vente,minenergie-opendata-prix-vente-petroliers,"ministère de l'Industrie, de l'Énergie et des Mines, portail de données ouvertes, jeu « TN-Prix de vente des produits pétroliers » (direction générale de l'énergie), captures des archives du web de 2018 et 2019",,"fichier de données né numérique, lu intégralement par la note documentaire n° 2 du précis (6 octobre 2026) ; relu par le script quand il est dans les bruts (data/raw/minenergie/donnees-ouvertes/), empreinte contrôlée",,,
,sans objet (moyenne annuelle),1999,pétrole lampant,233.92,millimes par litre,233.92,millimes par litre,"ministère chargé de l'énergie, données ouvertes : moyenne annuelle pondérée",moyenne annuelle pondérée par les jours du prix de vente,minenergie-opendata-prix-vente-petroliers,"ministère de l'Industrie, de l'Énergie et des Mines, portail de données ouvertes, jeu « TN-Prix de vente des produits pétroliers » (direction générale de l'énergie), captures des archives du web de 2018 et 2019",,"fichier de données né numérique, lu intégralement par la note documentaire n° 2 du précis (6 octobre 2026) ; relu par le script quand il est dans les bruts (data/raw/minenergie/donnees-ouvertes/), empreinte contrôlée",,,
,sans objet (moyenne annuelle),1999,"GPL, bouteille de 13 kg",4460.0,millimes par bouteille de 13 kg,4.46,dinars la bouteille,"ministère chargé de l'énergie, données ouvertes : moyenne annuelle pondérée",moyenne annuelle pondérée par les jours du prix de vente,minenergie-opendata-prix-vente-petroliers,"ministère de l'Industrie, de l'Énergie et des Mines, portail de données ouvertes, jeu « TN-Prix de vente des produits pétroliers » (direction générale de l'énergie), captures des archives du web de 2018 et 2019",,"fichier de données né numérique, lu intégralement par la note documentaire n° 2 du précis (6 octobre 2026) ; relu par le script quand il est dans les bruts (data/raw/minenergie/donnees-ouvertes/), empreinte contrôlée",,,
,sans objet (moyenne annuelle),2000,essence sans plomb,693.33,millimes par litre,693.33,millimes par litre,"ministère chargé de l'énergie, données ouvertes : moyenne annuelle pondérée",moyenne annuelle pondérée par les jours du prix de vente,minenergie-opendata-prix-vente-petroliers,"ministère de l'Industrie, de l'Énergie et des Mines, portail de données ouvertes, jeu « TN-Prix de vente des produits pétroliers » (direction générale de l'énergie), captures des archives du web de 2018 et 2019",,"fichier de données né numérique, lu intégralement par la note documentaire n° 2 du précis (6 octobre 2026) ; relu par le script quand il est dans les bruts (data/raw/minenergie/donnees-ouvertes/), empreinte contrôlée",,,
,sans objet (moyenne annuelle),2000,essence super,693.33,millimes par litre,693.33,millimes par litre,"ministère chargé de l'énergie, données ouvertes : moyenne annuelle pondérée",moyenne annuelle pondérée par les jours du prix de vente,minenergie-opendata-prix-vente-petroliers,"ministère de l'Industrie, de l'Énergie et des Mines, portail de données ouvertes, jeu « TN-Prix de vente des produits pétroliers » (direction générale de l'énergie), captures des archives du web de 2018 et 2019",,"fichier de données né numérique, lu intégralement par la note documentaire n° 2 du précis (6 octobre 2026) ; relu par le script quand il est dans les bruts (data/raw/minenergie/donnees-ouvertes/), empreinte contrôlée",,,
,sans objet (moyenne annuelle),2000,gasoil ordinaire,398.33,millimes par litre,398.33,millimes par litre,"ministère chargé de l'énergie, données ouvertes : moyenne annuelle pondérée",moyenne annuelle pondérée par les jours du prix de vente,minenergie-opendata-prix-vente-petroliers,"ministère de l'Industrie, de l'Énergie et des Mines, portail de données ouvertes, jeu « TN-Prix de vente des produits pétroliers » (direction générale de l'énergie), captures des archives du web de 2018 et 2019",,"fichier de données né numérique, lu intégralement par la note documentaire n° 2 du précis (6 octobre 2026) ; relu par le script quand il est dans les bruts (data/raw/minenergie/donnees-ouvertes/), empreinte contrôlée",,,
,sans objet (moyenne annuelle),2000,pétrole lampant,240.0,millimes par litre,240.0,millimes par litre,"ministère chargé de l'énergie, données ouvertes : moyenne annuelle pondérée",moyenne annuelle pondérée par les jours du prix de vente,minenergie-opendata-prix-vente-petroliers,"ministère de l'Industrie, de l'Énergie et des Mines, portail de données ouvertes, jeu « TN-Prix de vente des produits pétroliers » (direction générale de l'énergie), captures des archives du web de 2018 et 2019",,"fichier de données né numérique, lu intégralement par la note documentaire n° 2 du précis (6 octobre 2026) ; relu par le script quand il est dans les bruts (data/raw/minenergie/donnees-ouvertes/), empreinte contrôlée",,,
,sans objet (moyenne annuelle),2000,"GPL, bouteille de 13 kg",4620.0,millimes par bouteille de 13 kg,4.62,dinars la bouteille,"ministère chargé de l'énergie, données ouvertes : moyenne annuelle pondérée",moyenne annuelle pondérée par les jours du prix de vente,minenergie-opendata-prix-vente-petroliers,"ministère de l'Industrie, de l'Énergie et des Mines, portail de données ouvertes, jeu « TN-Prix de vente des produits pétroliers » (direction générale de l'énergie), captures des archives du web de 2018 et 2019",,"fichier de données né numérique, lu intégralement par la note documentaire n° 2 du précis (6 octobre 2026) ; relu par le script quand il est dans les bruts (data/raw/minenergie/donnees-ouvertes/), empreinte contrôlée",,,
,sans objet (moyenne annuelle),2001,essence sans plomb,693.33,millimes par litre,693.33,millimes par litre,"ministère chargé de l'énergie, données ouvertes : moyenne annuelle pondérée",moyenne annuelle pondérée par les jours du prix de vente,minenergie-opendata-prix-vente-petroliers,"ministère de l'Industrie, de l'Énergie et des Mines, portail de données ouvertes, jeu « TN-Prix de vente des produits pétroliers » (direction générale de l'énergie), captures des archives du web de 2018 et 2019",,"fichier de données né numérique, lu intégralement par la note documentaire n° 2 du précis (6 octobre 2026) ; relu par le script quand il est dans les bruts (data/raw/minenergie/donnees-ouvertes/), empreinte contrôlée",,,"LIGNE SUSPECTE : répète au centième la ligne 2000, alors que 2002 commence plus haut ; probable recopie"
,sans objet (moyenne annuelle),2001,essence super,693.33,millimes par litre,693.33,millimes par litre,"ministère chargé de l'énergie, données ouvertes : moyenne annuelle pondérée",moyenne annuelle pondérée par les jours du prix de vente,minenergie-opendata-prix-vente-petroliers,"ministère de l'Industrie, de l'Énergie et des Mines, portail de données ouvertes, jeu « TN-Prix de vente des produits pétroliers » (direction générale de l'énergie), captures des archives du web de 2018 et 2019",,"fichier de données né numérique, lu intégralement par la note documentaire n° 2 du précis (6 octobre 2026) ; relu par le script quand il est dans les bruts (data/raw/minenergie/donnees-ouvertes/), empreinte contrôlée",,,"LIGNE SUSPECTE : répète au centième la ligne 2000, alors que 2002 commence plus haut ; probable recopie"
,sans objet (moyenne annuelle),2001,gasoil ordinaire,398.33,millimes par litre,398.33,millimes par litre,"ministère chargé de l'énergie, données ouvertes : moyenne annuelle pondérée",moyenne annuelle pondérée par les jours du prix de vente,minenergie-opendata-prix-vente-petroliers,"ministère de l'Industrie, de l'Énergie et des Mines, portail de données ouvertes, jeu « TN-Prix de vente des produits pétroliers » (direction générale de l'énergie), captures des archives du web de 2018 et 2019",,"fichier de données né numérique, lu intégralement par la note documentaire n° 2 du précis (6 octobre 2026) ; relu par le script quand il est dans les bruts (data/raw/minenergie/donnees-ouvertes/), empreinte contrôlée",,,"LIGNE SUSPECTE : répète au centième la ligne 2000, alors que 2002 commence plus haut ; probable recopie"
,sans objet (moyenne annuelle),2001,pétrole lampant,240.0,millimes par litre,240.0,millimes par litre,"ministère chargé de l'énergie, données ouvertes : moyenne annuelle pondérée",moyenne annuelle pondérée par les jours du prix de vente,minenergie-opendata-prix-vente-petroliers,"ministère de l'Industrie, de l'Énergie et des Mines, portail de données ouvertes, jeu « TN-Prix de vente des produits pétroliers » (direction générale de l'énergie), captures des archives du web de 2018 et 2019",,"fichier de données né numérique, lu intégralement par la note documentaire n° 2 du précis (6 octobre 2026) ; relu par le script quand il est dans les bruts (data/raw/minenergie/donnees-ouvertes/), empreinte contrôlée",,,
,sans objet (moyenne annuelle),2001,"GPL, bouteille de 13 kg",4800.0,millimes par bouteille de 13 kg,4.8,dinars la bouteille,"ministère chargé de l'énergie, données ouvertes : moyenne annuelle pondérée",moyenne annuelle pondérée par les jours du prix de vente,minenergie-opendata-prix-vente-petroliers,"ministère de l'Industrie, de l'Énergie et des Mines, portail de données ouvertes, jeu « TN-Prix de vente des produits pétroliers » (direction générale de l'énergie), captures des archives du web de 2018 et 2019",,"fichier de données né numérique, lu intégralement par la note documentaire n° 2 du précis (6 octobre 2026) ; relu par le script quand il est dans les bruts (data/raw/minenergie/donnees-ouvertes/), empreinte contrôlée",,,
,sans objet (moyenne annuelle),2002,essence sans plomb,716.58,millimes par litre,716.58,millimes par litre,"ministère chargé de l'énergie, données ouvertes : moyenne annuelle pondérée",moyenne annuelle pondérée par les jours du prix de vente,minenergie-opendata-prix-vente-petroliers,"ministère de l'Industrie, de l'Énergie et des Mines, portail de données ouvertes, jeu « TN-Prix de vente des produits pétroliers » (direction générale de l'énergie), captures des archives du web de 2018 et 2019",,"fichier de données né numérique, lu intégralement par la note documentaire n° 2 du précis (6 octobre 2026) ; relu par le script quand il est dans les bruts (data/raw/minenergie/donnees-ouvertes/), empreinte contrôlée",,,
,sans objet (moyenne annuelle),2002,essence super,716.58,millimes par litre,716.58,millimes par litre,"ministère chargé de l'énergie, données ouvertes : moyenne annuelle pondérée",moyenne annuelle pondérée par les jours du prix de vente,minenergie-opendata-prix-vente-petroliers,"ministère de l'Industrie, de l'Énergie et des Mines, portail de données ouvertes, jeu « TN-Prix de vente des produits pétroliers » (direction générale de l'énergie), captures des archives du web de 2018 et 2019",,"fichier de données né numérique, lu intégralement par la note documentaire n° 2 du précis (6 octobre 2026) ; relu par le script quand il est dans les bruts (data/raw/minenergie/donnees-ouvertes/), empreinte contrôlée",,,
,sans objet (moyenne annuelle),2002,gasoil ordinaire,415.0,millimes par litre,415.0,millimes par litre,"ministère chargé de l'énergie, données ouvertes : moyenne annuelle pondérée",moyenne annuelle pondérée par les jours du prix de vente,minenergie-opendata-prix-vente-petroliers,"ministère de l'Industrie, de l'Énergie et des Mines, portail de données ouvertes, jeu « TN-Prix de vente des produits pétroliers » (direction générale de l'énergie), captures des archives du web de 2018 et 2019",,"fichier de données né numérique, lu intégralement par la note documentaire n° 2 du précis (6 octobre 2026) ; relu par le script quand il est dans les bruts (data/raw/minenergie/donnees-ouvertes/), empreinte contrôlée",,,
,sans objet (moyenne annuelle),2002,pétrole lampant,240.0,millimes par litre,240.0,millimes par litre,"ministère chargé de l'énergie, données ouvertes : moyenne annuelle pondérée",moyenne annuelle pondérée par les jours du prix de vente,minenergie-opendata-prix-vente-petroliers,"ministère de l'Industrie, de l'Énergie et des Mines, portail de données ouvertes, jeu « TN-Prix de vente des produits pétroliers » (direction générale de l'énergie), captures des archives du web de 2018 et 2019",,"fichier de données né numérique, lu intégralement par la note documentaire n° 2 du précis (6 octobre 2026) ; relu par le script quand il est dans les bruts (data/raw/minenergie/donnees-ouvertes/), empreinte contrôlée",,,
,sans objet (moyenne annuelle),2002,"GPL, bouteille de 13 kg",4800.0,millimes par bouteille de 13 kg,4.8,dinars la bouteille,"ministère chargé de l'énergie, données ouvertes : moyenne annuelle pondérée",moyenne annuelle pondérée par les jours du prix de vente,minenergie-opendata-prix-vente-petroliers,"ministère de l'Industrie, de l'Énergie et des Mines, portail de données ouvertes, jeu « TN-Prix de vente des produits pétroliers » (direction générale de l'énergie), captures des archives du web de 2018 et 2019",,"fichier de données né numérique, lu intégralement par la note documentaire n° 2 du précis (6 octobre 2026) ; relu par le script quand il est dans les bruts (data/raw/minenergie/donnees-ouvertes/), empreinte contrôlée",,,
,sans objet (moyenne annuelle),2003,essence sans plomb,762.36,millimes par litre,762.36,millimes par litre,"ministère chargé de l'énergie, données ouvertes : moyenne annuelle pondérée",moyenne annuelle pondérée par les jours du prix de vente,minenergie-opendata-prix-vente-petroliers,"ministère de l'Industrie, de l'Énergie et des Mines, portail de données ouvertes, jeu « TN-Prix de vente des produits pétroliers » (direction générale de l'énergie), captures des archives du web de 2018 et 2019",,"fichier de données né numérique, lu intégralement par la note documentaire n° 2 du précis (6 octobre 2026) ; relu par le script quand il est dans les bruts (data/raw/minenergie/donnees-ouvertes/), empreinte contrôlée",,,
,sans objet (moyenne annuelle),2003,essence super,762.36,millimes par litre,762.36,millimes par litre,"ministère chargé de l'énergie, données ouvertes : moyenne annuelle pondérée",moyenne annuelle pondérée par les jours du prix de vente,minenergie-opendata-prix-vente-petroliers,"ministère de l'Industrie, de l'Énergie et des Mines, portail de données ouvertes, jeu « TN-Prix de vente des produits pétroliers » (direction générale de l'énergie), captures des archives du web de 2018 et 2019",,"fichier de données né numérique, lu intégralement par la note documentaire n° 2 du précis (6 octobre 2026) ; relu par le script quand il est dans les bruts (data/raw/minenergie/donnees-ouvertes/), empreinte contrôlée",,,
,sans objet (moyenne annuelle),2003,gasoil ordinaire,429.9,millimes par litre,429.9,millimes par litre,"ministère chargé de l'énergie, données ouvertes : moyenne annuelle pondérée",moyenne annuelle pondérée par les jours du prix de vente,minenergie-opendata-prix-vente-petroliers,"ministère de l'Industrie, de l'Énergie et des Mines, portail de données ouvertes, jeu « TN-Prix de vente des produits pétroliers » (direction générale de l'énergie), captures des archives du web de 2018 et 2019",,"fichier de données né numérique, lu intégralement par la note documentaire n° 2 du précis (6 octobre 2026) ; relu par le script quand il est dans les bruts (data/raw/minenergie/donnees-ouvertes/), empreinte contrôlée",,,
,sans objet (moyenne annuelle),2003,pétrole lampant,254.9,millimes par litre,254.9,millimes par litre,"ministère chargé de l'énergie, données ouvertes : moyenne annuelle pondérée",moyenne annuelle pondérée par les jours du prix de vente,minenergie-opendata-prix-vente-petroliers,"ministère de l'Industrie, de l'Énergie et des Mines, portail de données ouvertes, jeu « TN-Prix de vente des produits pétroliers » (direction générale de l'énergie), captures des archives du web de 2018 et 2019",,"fichier de données né numérique, lu intégralement par la note documentaire n° 2 du précis (6 octobre 2026) ; relu par le script quand il est dans les bruts (data/raw/minenergie/donnees-ouvertes/), empreinte contrôlée",,,
,sans objet (moyenne annuelle),2003,"GPL, bouteille de 13 kg",4950.0,millimes par bouteille de 13 kg,4.95,dinars la bouteille,"ministère chargé de l'énergie, données ouvertes : moyenne annuelle pondérée",moyenne annuelle pondérée par les jours du prix de vente,minenergie-opendata-prix-vente-petroliers,"ministère de l'Industrie, de l'Énergie et des Mines, portail de données ouvertes, jeu « TN-Prix de vente des produits pétroliers » (direction générale de l'énergie), captures des archives du web de 2018 et 2019",,"fichier de données né numérique, lu intégralement par la note documentaire n° 2 du précis (6 octobre 2026) ; relu par le script quand il est dans les bruts (data/raw/minenergie/donnees-ouvertes/), empreinte contrôlée",,,
,sans objet (moyenne annuelle),2004,essence sans plomb,802.05,millimes par litre,802.05,millimes par litre,"ministère chargé de l'énergie, données ouvertes : moyenne annuelle pondérée",moyenne annuelle pondérée par les jours du prix de vente,minenergie-opendata-prix-vente-petroliers,"ministère de l'Industrie, de l'Énergie et des Mines, portail de données ouvertes, jeu « TN-Prix de vente des produits pétroliers » (direction générale de l'énergie), captures des archives du web de 2018 et 2019",,"fichier de données né numérique, lu intégralement par la note documentaire n° 2 du précis (6 octobre 2026) ; relu par le script quand il est dans les bruts (data/raw/minenergie/donnees-ouvertes/), empreinte contrôlée",,,
,sans objet (moyenne annuelle),2004,essence super,802.05,millimes par litre,802.05,millimes par litre,"ministère chargé de l'énergie, données ouvertes : moyenne annuelle pondérée",moyenne annuelle pondérée par les jours du prix de vente,minenergie-opendata-prix-vente-petroliers,"ministère de l'Industrie, de l'Énergie et des Mines, portail de données ouvertes, jeu « TN-Prix de vente des produits pétroliers » (direction générale de l'énergie), captures des archives du web de 2018 et 2019",,"fichier de données né numérique, lu intégralement par la note documentaire n° 2 du précis (6 octobre 2026) ; relu par le script quand il est dans les bruts (data/raw/minenergie/donnees-ouvertes/), empreinte contrôlée",,,
,sans objet (moyenne annuelle),2004,gasoil ordinaire,456.37,millimes par litre,456.37,millimes par litre,"ministère chargé de l'énergie, données ouvertes : moyenne annuelle pondérée",moyenne annuelle pondérée par les jours du prix de vente,minenergie-opendata-prix-vente-petroliers,"ministère de l'Industrie, de l'Énergie et des Mines, portail de données ouvertes, jeu « TN-Prix de vente des produits pétroliers » (direction générale de l'énergie), captures des archives du web de 2018 et 2019",,"fichier de données né numérique, lu intégralement par la note documentaire n° 2 du précis (6 octobre 2026) ; relu par le script quand il est dans les bruts (data/raw/minenergie/donnees-ouvertes/), empreinte contrôlée",,,
,sans objet (moyenne annuelle),2004,pétrole lampant,274.86,millimes par litre,274.86,millimes par litre,"ministère chargé de l'énergie, données ouvertes : moyenne annuelle pondérée",moyenne annuelle pondérée par les jours du prix de vente,minenergie-opendata-prix-vente-petroliers,"ministère de l'Industrie, de l'Énergie et des Mines, portail de données ouvertes, jeu « TN-Prix de vente des produits pétroliers » (direction générale de l'énergie), captures des archives du web de 2018 et 2019",,"fichier de données né numérique, lu intégralement par la note documentaire n° 2 du précis (6 octobre 2026) ; relu par le script quand il est dans les bruts (data/raw/minenergie/donnees-ouvertes/), empreinte contrôlée",,,
,sans objet (moyenne annuelle),2004,"GPL, bouteille de 13 kg",5260.0,millimes par bouteille de 13 kg,5.26,dinars la bouteille,"ministère chargé de l'énergie, données ouvertes : moyenne annuelle pondérée",moyenne annuelle pondérée par les jours du prix de vente,minenergie-opendata-prix-vente-petroliers,"ministère de l'Industrie, de l'Énergie et des Mines, portail de données ouvertes, jeu « TN-Prix de vente des produits pétroliers » (direction générale de l'énergie), captures des archives du web de 2018 et 2019",,"fichier de données né numérique, lu intégralement par la note documentaire n° 2 du précis (6 octobre 2026) ; relu par le script quand il est dans les bruts (data/raw/minenergie/donnees-ouvertes/), empreinte contrôlée",,,
,sans objet (moyenne annuelle),2005,essence sans plomb,895.78,millimes par litre,895.78,millimes par litre,"ministère chargé de l'énergie, données ouvertes : moyenne annuelle pondérée",moyenne annuelle pondérée par les jours du prix de vente,minenergie-opendata-prix-vente-petroliers,"ministère de l'Industrie, de l'Énergie et des Mines, portail de données ouvertes, jeu « TN-Prix de vente des produits pétroliers » (direction générale de l'énergie), captures des archives du web de 2018 et 2019",,"fichier de données né numérique, lu intégralement par la note documentaire n° 2 du précis (6 octobre 2026) ; relu par le script quand il est dans les bruts (data/raw/minenergie/donnees-ouvertes/), empreinte contrôlée",,,
,sans objet (moyenne annuelle),2005,essence super,895.78,millimes par litre,895.78,millimes par litre,"ministère chargé de l'énergie, données ouvertes : moyenne annuelle pondérée",moyenne annuelle pondérée par les jours du prix de vente,minenergie-opendata-prix-vente-petroliers,"ministère de l'Industrie, de l'Énergie et des Mines, portail de données ouvertes, jeu « TN-Prix de vente des produits pétroliers » (direction générale de l'énergie), captures des archives du web de 2018 et 2019",,"fichier de données né numérique, lu intégralement par la note documentaire n° 2 du précis (6 octobre 2026) ; relu par le script quand il est dans les bruts (data/raw/minenergie/donnees-ouvertes/), empreinte contrôlée",,,
,sans objet (moyenne annuelle),2005,gasoil ordinaire,536.37,millimes par litre,536.37,millimes par litre,"ministère chargé de l'énergie, données ouvertes : moyenne annuelle pondérée",moyenne annuelle pondérée par les jours du prix de vente,minenergie-opendata-prix-vente-petroliers,"ministère de l'Industrie, de l'Énergie et des Mines, portail de données ouvertes, jeu « TN-Prix de vente des produits pétroliers » (direction générale de l'énergie), captures des archives du web de 2018 et 2019",,"fichier de données né numérique, lu intégralement par la note documentaire n° 2 du précis (6 octobre 2026) ; relu par le script quand il est dans les bruts (data/raw/minenergie/donnees-ouvertes/), empreinte contrôlée",,,
,sans objet (moyenne annuelle),2005,pétrole lampant,338.14,millimes par litre,338.14,millimes par litre,"ministère chargé de l'énergie, données ouvertes : moyenne annuelle pondérée",moyenne annuelle pondérée par les jours du prix de vente,minenergie-opendata-prix-vente-petroliers,"ministère de l'Industrie, de l'Énergie et des Mines, portail de données ouvertes, jeu « TN-Prix de vente des produits pétroliers » (direction générale de l'énergie), captures des archives du web de 2018 et 2019",,"fichier de données né numérique, lu intégralement par la note documentaire n° 2 du précis (6 octobre 2026) ; relu par le script quand il est dans les bruts (data/raw/minenergie/donnees-ouvertes/), empreinte contrôlée",,,
,sans objet (moyenne annuelle),2005,"GPL, bouteille de 13 kg",5740.0,millimes par bouteille de 13 kg,5.74,dinars la bouteille,"ministère chargé de l'énergie, données ouvertes : moyenne annuelle pondérée",moyenne annuelle pondérée par les jours du prix de vente,minenergie-opendata-prix-vente-petroliers,"ministère de l'Industrie, de l'Énergie et des Mines, portail de données ouvertes, jeu « TN-Prix de vente des produits pétroliers » (direction générale de l'énergie), captures des archives du web de 2018 et 2019",,"fichier de données né numérique, lu intégralement par la note documentaire n° 2 du précis (6 octobre 2026) ; relu par le script quand il est dans les bruts (data/raw/minenergie/donnees-ouvertes/), empreinte contrôlée",,,
,sans objet (moyenne annuelle),2006,essence sans plomb,1057.4,millimes par litre,1057.4,millimes par litre,"ministère chargé de l'énergie, données ouvertes : moyenne annuelle pondérée",moyenne annuelle pondérée par les jours du prix de vente,minenergie-opendata-prix-vente-petroliers,"ministère de l'Industrie, de l'Énergie et des Mines, portail de données ouvertes, jeu « TN-Prix de vente des produits pétroliers » (direction générale de l'énergie), captures des archives du web de 2018 et 2019",,"fichier de données né numérique, lu intégralement par la note documentaire n° 2 du précis (6 octobre 2026) ; relu par le script quand il est dans les bruts (data/raw/minenergie/donnees-ouvertes/), empreinte contrôlée",,,
,sans objet (moyenne annuelle),2006,essence super,1057.4,millimes par litre,1057.4,millimes par litre,"ministère chargé de l'énergie, données ouvertes : moyenne annuelle pondérée",moyenne annuelle pondérée par les jours du prix de vente,minenergie-opendata-prix-vente-petroliers,"ministère de l'Industrie, de l'Énergie et des Mines, portail de données ouvertes, jeu « TN-Prix de vente des produits pétroliers » (direction générale de l'énergie), captures des archives du web de 2018 et 2019",,"fichier de données né numérique, lu intégralement par la note documentaire n° 2 du précis (6 octobre 2026) ; relu par le script quand il est dans les bruts (data/raw/minenergie/donnees-ouvertes/), empreinte contrôlée",,,
,sans objet (moyenne annuelle),2006,gasoil ordinaire,697.4,millimes par litre,697.4,millimes par litre,"ministère chargé de l'énergie, données ouvertes : moyenne annuelle pondérée",moyenne annuelle pondérée par les jours du prix de vente,minenergie-opendata-prix-vente-petroliers,"ministère de l'Industrie, de l'Énergie et des Mines, portail de données ouvertes, jeu « TN-Prix de vente des produits pétroliers » (direction générale de l'énergie), captures des archives du web de 2018 et 2019",,"fichier de données né numérique, lu intégralement par la note documentaire n° 2 du précis (6 octobre 2026) ; relu par le script quand il est dans les bruts (data/raw/minenergie/donnees-ouvertes/), empreinte contrôlée",,,
,sans objet (moyenne annuelle),2006,pétrole lampant,497.4,millimes par litre,497.4,millimes par litre,"ministère chargé de l'énergie, données ouvertes : moyenne annuelle pondérée",moyenne annuelle pondérée par les jours du prix de vente,minenergie-opendata-prix-vente-petroliers,"ministère de l'Industrie, de l'Énergie et des Mines, portail de données ouvertes, jeu « TN-Prix de vente des produits pétroliers » (direction générale de l'énergie), captures des archives du web de 2018 et 2019",,"fichier de données né numérique, lu intégralement par la note documentaire n° 2 du précis (6 octobre 2026) ; relu par le script quand il est dans les bruts (data/raw/minenergie/donnees-ouvertes/), empreinte contrôlée",,,
,sans objet (moyenne annuelle),2006,"GPL, bouteille de 13 kg",6430.0,millimes par bouteille de 13 kg,6.43,dinars la bouteille,"ministère chargé de l'énergie, données ouvertes : moyenne annuelle pondérée",moyenne annuelle pondérée par les jours du prix de vente,minenergie-opendata-prix-vente-petroliers,"ministère de l'Industrie, de l'Énergie et des Mines, portail de données ouvertes, jeu « TN-Prix de vente des produits pétroliers » (direction générale de l'énergie), captures des archives du web de 2018 et 2019",,"fichier de données né numérique, lu intégralement par la note documentaire n° 2 du précis (6 octobre 2026) ; relu par le script quand il est dans les bruts (data/raw/minenergie/donnees-ouvertes/), empreinte contrôlée",,,
,sans objet (moyenne annuelle),2007,essence sans plomb,1141.78,millimes par litre,1141.78,millimes par litre,"ministère chargé de l'énergie, données ouvertes : moyenne annuelle pondérée",moyenne annuelle pondérée par les jours du prix de vente,minenergie-opendata-prix-vente-petroliers,"ministère de l'Industrie, de l'Énergie et des Mines, portail de données ouvertes, jeu « TN-Prix de vente des produits pétroliers » (direction générale de l'énergie), captures des archives du web de 2018 et 2019",,"fichier de données né numérique, lu intégralement par la note documentaire n° 2 du précis (6 octobre 2026) ; relu par le script quand il est dans les bruts (data/raw/minenergie/donnees-ouvertes/), empreinte contrôlée",,,
,sans objet (moyenne annuelle),2007,essence super,1141.78,millimes par litre,1141.78,millimes par litre,"ministère chargé de l'énergie, données ouvertes : moyenne annuelle pondérée",moyenne annuelle pondérée par les jours du prix de vente,minenergie-opendata-prix-vente-petroliers,"ministère de l'Industrie, de l'Énergie et des Mines, portail de données ouvertes, jeu « TN-Prix de vente des produits pétroliers » (direction générale de l'énergie), captures des archives du web de 2018 et 2019",,"fichier de données né numérique, lu intégralement par la note documentaire n° 2 du précis (6 octobre 2026) ; relu par le script quand il est dans les bruts (data/raw/minenergie/donnees-ouvertes/), empreinte contrôlée",,,
,sans objet (moyenne annuelle),2007,gasoil ordinaire,781.78,millimes par litre,781.78,millimes par litre,"ministère chargé de l'énergie, données ouvertes : moyenne annuelle pondérée",moyenne annuelle pondérée par les jours du prix de vente,minenergie-opendata-prix-vente-petroliers,"ministère de l'Industrie, de l'Énergie et des Mines, portail de données ouvertes, jeu « TN-Prix de vente des produits pétroliers » (direction générale de l'énergie), captures des archives du web de 2018 et 2019",,"fichier de données né numérique, lu intégralement par la note documentaire n° 2 du précis (6 octobre 2026) ; relu par le script quand il est dans les bruts (data/raw/minenergie/donnees-ouvertes/), empreinte contrôlée",,,
,sans objet (moyenne annuelle),2007,gasoil 50,922.57,millimes par litre,922.57,millimes par litre,"ministère chargé de l'énergie, données ouvertes : moyenne annuelle pondérée",moyenne annuelle pondérée par les jours du prix de vente,minenergie-opendata-prix-vente-petroliers,"ministère de l'Industrie, de l'Énergie et des Mines, portail de données ouvertes, jeu « TN-Prix de vente des produits pétroliers » (direction générale de l'énergie), captures des archives du web de 2018 et 2019",,"fichier de données né numérique, lu intégralement par la note documentaire n° 2 du précis (6 octobre 2026) ; relu par le script quand il est dans les bruts (data/raw/minenergie/donnees-ouvertes/), empreinte contrôlée",,,
,sans objet (moyenne annuelle),2007,pétrole lampant,581.78,millimes par litre,581.78,millimes par litre,"ministère chargé de l'énergie, données ouvertes : moyenne annuelle pondérée",moyenne annuelle pondérée par les jours du prix de vente,minenergie-opendata-prix-vente-petroliers,"ministère de l'Industrie, de l'Énergie et des Mines, portail de données ouvertes, jeu « TN-Prix de vente des produits pétroliers » (direction générale de l'énergie), captures des archives du web de 2018 et 2019",,"fichier de données né numérique, lu intégralement par la note documentaire n° 2 du précis (6 octobre 2026) ; relu par le script quand il est dans les bruts (data/raw/minenergie/donnees-ouvertes/), empreinte contrôlée",,,
,sans objet (moyenne annuelle),2007,"GPL, bouteille de 13 kg",6770.0,millimes par bouteille de 13 kg,6.77,dinars la bouteille,"ministère chargé de l'énergie, données ouvertes : moyenne annuelle pondérée",moyenne annuelle pondérée par les jours du prix de vente,minenergie-opendata-prix-vente-petroliers,"ministère de l'Industrie, de l'Énergie et des Mines, portail de données ouvertes, jeu « TN-Prix de vente des produits pétroliers » (direction générale de l'énergie), captures des archives du web de 2018 et 2019",,"fichier de données né numérique, lu intégralement par la note documentaire n° 2 du précis (6 octobre 2026) ; relu par le script quand il est dans les bruts (data/raw/minenergie/donnees-ouvertes/), empreinte contrôlée",,,
,sans objet (moyenne annuelle),2008,essence sans plomb,1279.4,millimes par litre,1279.4,millimes par litre,"ministère chargé de l'énergie, données ouvertes : moyenne annuelle pondérée",moyenne annuelle pondérée par les jours du prix de vente,minenergie-opendata-prix-vente-petroliers,"ministère de l'Industrie, de l'Énergie et des Mines, portail de données ouvertes, jeu « TN-Prix de vente des produits pétroliers » (direction générale de l'énergie), captures des archives du web de 2018 et 2019",,"fichier de données né numérique, lu intégralement par la note documentaire n° 2 du précis (6 octobre 2026) ; relu par le script quand il est dans les bruts (data/raw/minenergie/donnees-ouvertes/), empreinte contrôlée",,,
,sans objet (moyenne annuelle),2008,essence super,1279.4,millimes par litre,1279.4,millimes par litre,"ministère chargé de l'énergie, données ouvertes : moyenne annuelle pondérée",moyenne annuelle pondérée par les jours du prix de vente,minenergie-opendata-prix-vente-petroliers,"ministère de l'Industrie, de l'Énergie et des Mines, portail de données ouvertes, jeu « TN-Prix de vente des produits pétroliers » (direction générale de l'énergie), captures des archives du web de 2018 et 2019",,"fichier de données né numérique, lu intégralement par la note documentaire n° 2 du précis (6 octobre 2026) ; relu par le script quand il est dans les bruts (data/raw/minenergie/donnees-ouvertes/), empreinte contrôlée",,,
,sans objet (moyenne annuelle),2008,gasoil ordinaire,918.41,millimes par litre,918.41,millimes par litre,"ministère chargé de l'énergie, données ouvertes : moyenne annuelle pondérée",moyenne annuelle pondérée par les jours du prix de vente,minenergie-opendata-prix-vente-petroliers,"ministère de l'Industrie, de l'Énergie et des Mines, portail de données ouvertes, jeu « TN-Prix de vente des produits pétroliers » (direction générale de l'énergie), captures des archives du web de 2018 et 2019",,"fichier de données né numérique, lu intégralement par la note documentaire n° 2 du précis (6 octobre 2026) ; relu par le script quand il est dans les bruts (data/raw/minenergie/donnees-ouvertes/), empreinte contrôlée",,,
,sans objet (moyenne annuelle),2008,gasoil 50,1085.21,millimes par litre,1085.21,millimes par litre,"ministère chargé de l'énergie, données ouvertes : moyenne annuelle pondérée",moyenne annuelle pondérée par les jours du prix de vente,minenergie-opendata-prix-vente-petroliers,"ministère de l'Industrie, de l'Énergie et des Mines, portail de données ouvertes, jeu « TN-Prix de vente des produits pétroliers » (direction générale de l'énergie), captures des archives du web de 2018 et 2019",,"fichier de données né numérique, lu intégralement par la note documentaire n° 2 du précis (6 octobre 2026) ; relu par le script quand il est dans les bruts (data/raw/minenergie/donnees-ouvertes/), empreinte contrôlée",,,
,sans objet (moyenne annuelle),2008,pétrole lampant,717.86,millimes par litre,717.86,millimes par litre,"ministère chargé de l'énergie, données ouvertes : moyenne annuelle pondérée",moyenne annuelle pondérée par les jours du prix de vente,minenergie-opendata-prix-vente-petroliers,"ministère de l'Industrie, de l'Énergie et des Mines, portail de données ouvertes, jeu « TN-Prix de vente des produits pétroliers » (direction générale de l'énergie), captures des archives du web de 2018 et 2019",,"fichier de données né numérique, lu intégralement par la note documentaire n° 2 du précis (6 octobre 2026) ; relu par le script quand il est dans les bruts (data/raw/minenergie/donnees-ouvertes/), empreinte contrôlée",,,
,sans objet (moyenne annuelle),2008,"GPL, bouteille de 13 kg",7330.0,millimes par bouteille de 13 kg,7.33,dinars la bouteille,"ministère chargé de l'énergie, données ouvertes : moyenne annuelle pondérée",moyenne annuelle pondérée par les jours du prix de vente,minenergie-opendata-prix-vente-petroliers,"ministère de l'Industrie, de l'Énergie et des Mines, portail de données ouvertes, jeu « TN-Prix de vente des produits pétroliers » (direction générale de l'énergie), captures des archives du web de 2018 et 2019",,"fichier de données né numérique, lu intégralement par la note documentaire n° 2 du précis (6 octobre 2026) ; relu par le script quand il est dans les bruts (data/raw/minenergie/donnees-ouvertes/), empreinte contrôlée",,,
,sans objet (moyenne annuelle),2009,essence sans plomb,1272.05,millimes par litre,1272.05,millimes par litre,"ministère chargé de l'énergie, données ouvertes : moyenne annuelle pondérée",moyenne annuelle pondérée par les jours du prix de vente,minenergie-opendata-prix-vente-petroliers,"ministère de l'Industrie, de l'Énergie et des Mines, portail de données ouvertes, jeu « TN-Prix de vente des produits pétroliers » (direction générale de l'énergie), captures des archives du web de 2018 et 2019",,"fichier de données né numérique, lu intégralement par la note documentaire n° 2 du précis (6 octobre 2026) ; relu par le script quand il est dans les bruts (data/raw/minenergie/donnees-ouvertes/), empreinte contrôlée",,,
,sans objet (moyenne annuelle),2009,essence super,1272.05,millimes par litre,1272.05,millimes par litre,"ministère chargé de l'énergie, données ouvertes : moyenne annuelle pondérée",moyenne annuelle pondérée par les jours du prix de vente,minenergie-opendata-prix-vente-petroliers,"ministère de l'Industrie, de l'Énergie et des Mines, portail de données ouvertes, jeu « TN-Prix de vente des produits pétroliers » (direction générale de l'énergie), captures des archives du web de 2018 et 2019",,"fichier de données né numérique, lu intégralement par la note documentaire n° 2 du précis (6 octobre 2026) ; relu par le script quand il est dans les bruts (data/raw/minenergie/donnees-ouvertes/), empreinte contrôlée",,,
,sans objet (moyenne annuelle),2009,gasoil ordinaire,912.05,millimes par litre,912.05,millimes par litre,"ministère chargé de l'énergie, données ouvertes : moyenne annuelle pondérée",moyenne annuelle pondérée par les jours du prix de vente,minenergie-opendata-prix-vente-petroliers,"ministère de l'Industrie, de l'Énergie et des Mines, portail de données ouvertes, jeu « TN-Prix de vente des produits pétroliers » (direction générale de l'énergie), captures des archives du web de 2018 et 2019",,"fichier de données né numérique, lu intégralement par la note documentaire n° 2 du précis (6 octobre 2026) ; relu par le script quand il est dans les bruts (data/raw/minenergie/donnees-ouvertes/), empreinte contrôlée",,,
,sans objet (moyenne annuelle),2009,gasoil 50,1102.05,millimes par litre,1102.05,millimes par litre,"ministère chargé de l'énergie, données ouvertes : moyenne annuelle pondérée",moyenne annuelle pondérée par les jours du prix de vente,minenergie-opendata-prix-vente-petroliers,"ministère de l'Industrie, de l'Énergie et des Mines, portail de données ouvertes, jeu « TN-Prix de vente des produits pétroliers » (direction générale de l'énergie), captures des archives du web de 2018 et 2019",,"fichier de données né numérique, lu intégralement par la note documentaire n° 2 du précis (6 octobre 2026) ; relu par le script quand il est dans les bruts (data/raw/minenergie/donnees-ouvertes/), empreinte contrôlée",,,
,sans objet (moyenne annuelle),2009,pétrole lampant,712.05,millimes par litre,712.05,millimes par litre,"ministère chargé de l'énergie, données ouvertes : moyenne annuelle pondérée",moyenne annuelle pondérée par les jours du prix de vente,minenergie-opendata-prix-vente-petroliers,"ministère de l'Industrie, de l'Énergie et des Mines, portail de données ouvertes, jeu « TN-Prix de vente des produits pétroliers » (direction générale de l'énergie), captures des archives du web de 2018 et 2019",,"fichier de données né numérique, lu intégralement par la note documentaire n° 2 du précis (6 octobre 2026) ; relu par le script quand il est dans les bruts (data/raw/minenergie/donnees-ouvertes/), empreinte contrôlée",,,
,sans objet (moyenne annuelle),2009,"GPL, bouteille de 13 kg",7310.0,millimes par bouteille de 13 kg,7.31,dinars la bouteille,"ministère chargé de l'énergie, données ouvertes : moyenne annuelle pondérée",moyenne annuelle pondérée par les jours du prix de vente,minenergie-opendata-prix-vente-petroliers,"ministère de l'Industrie, de l'Énergie et des Mines, portail de données ouvertes, jeu « TN-Prix de vente des produits pétroliers » (direction générale de l'énergie), captures des archives du web de 2018 et 2019",,"fichier de données né numérique, lu intégralement par la note documentaire n° 2 du précis (6 octobre 2026) ; relu par le script quand il est dans les bruts (data/raw/minenergie/donnees-ouvertes/), empreinte contrôlée",,,
,sans objet (moyenne annuelle),2010,essence sans plomb,1315.75,millimes par litre,1315.75,millimes par litre,"ministère chargé de l'énergie, données ouvertes : moyenne annuelle pondérée",moyenne annuelle pondérée par les jours du prix de vente,minenergie-opendata-prix-vente-petroliers,"ministère de l'Industrie, de l'Énergie et des Mines, portail de données ouvertes, jeu « TN-Prix de vente des produits pétroliers » (direction générale de l'énergie), captures des archives du web de 2018 et 2019",,"fichier de données né numérique, lu intégralement par la note documentaire n° 2 du précis (6 octobre 2026) ; relu par le script quand il est dans les bruts (data/raw/minenergie/donnees-ouvertes/), empreinte contrôlée",,,
,sans objet (moyenne annuelle),2010,gasoil ordinaire,955.75,millimes par litre,955.75,millimes par litre,"ministère chargé de l'énergie, données ouvertes : moyenne annuelle pondérée",moyenne annuelle pondérée par les jours du prix de vente,minenergie-opendata-prix-vente-petroliers,"ministère de l'Industrie, de l'Énergie et des Mines, portail de données ouvertes, jeu « TN-Prix de vente des produits pétroliers » (direction générale de l'énergie), captures des archives du web de 2018 et 2019",,"fichier de données né numérique, lu intégralement par la note documentaire n° 2 du précis (6 octobre 2026) ; relu par le script quand il est dans les bruts (data/raw/minenergie/donnees-ouvertes/), empreinte contrôlée",,,
,sans objet (moyenne annuelle),2010,gasoil 50,1145.75,millimes par litre,1145.75,millimes par litre,"ministère chargé de l'énergie, données ouvertes : moyenne annuelle pondérée",moyenne annuelle pondérée par les jours du prix de vente,minenergie-opendata-prix-vente-petroliers,"ministère de l'Industrie, de l'Énergie et des Mines, portail de données ouvertes, jeu « TN-Prix de vente des produits pétroliers » (direction générale de l'énergie), captures des archives du web de 2018 et 2019",,"fichier de données né numérique, lu intégralement par la note documentaire n° 2 du précis (6 octobre 2026) ; relu par le script quand il est dans les bruts (data/raw/minenergie/donnees-ouvertes/), empreinte contrôlée",,,
,sans objet (moyenne annuelle),2010,pétrole lampant,755.75,millimes par litre,755.75,millimes par litre,"ministère chargé de l'énergie, données ouvertes : moyenne annuelle pondérée",moyenne annuelle pondérée par les jours du prix de vente,minenergie-opendata-prix-vente-petroliers,"ministère de l'Industrie, de l'Énergie et des Mines, portail de données ouvertes, jeu « TN-Prix de vente des produits pétroliers » (direction générale de l'énergie), captures des archives du web de 2018 et 2019",,"fichier de données né numérique, lu intégralement par la note documentaire n° 2 du précis (6 octobre 2026) ; relu par le script quand il est dans les bruts (data/raw/minenergie/donnees-ouvertes/), empreinte contrôlée",,,
,sans objet (moyenne annuelle),2010,"GPL, bouteille de 13 kg",7480.0,millimes par bouteille de 13 kg,7.48,dinars la bouteille,"ministère chargé de l'énergie, données ouvertes : moyenne annuelle pondérée",moyenne annuelle pondérée par les jours du prix de vente,minenergie-opendata-prix-vente-petroliers,"ministère de l'Industrie, de l'Énergie et des Mines, portail de données ouvertes, jeu « TN-Prix de vente des produits pétroliers » (direction générale de l'énergie), captures des archives du web de 2018 et 2019",,"fichier de données né numérique, lu intégralement par la note documentaire n° 2 du précis (6 octobre 2026) ; relu par le script quand il est dans les bruts (data/raw/minenergie/donnees-ouvertes/), empreinte contrôlée",,,
,sans objet (moyenne annuelle),2011,essence sans plomb,1370.0,millimes par litre,1370.0,millimes par litre,"ministère chargé de l'énergie, données ouvertes : moyenne annuelle pondérée",moyenne annuelle pondérée par les jours du prix de vente,minenergie-opendata-prix-vente-petroliers,"ministère de l'Industrie, de l'Énergie et des Mines, portail de données ouvertes, jeu « TN-Prix de vente des produits pétroliers » (direction générale de l'énergie), captures des archives du web de 2018 et 2019",,"fichier de données né numérique, lu intégralement par la note documentaire n° 2 du précis (6 octobre 2026) ; relu par le script quand il est dans les bruts (data/raw/minenergie/donnees-ouvertes/), empreinte contrôlée",,,
,sans objet (moyenne annuelle),2011,gasoil ordinaire,1010.0,millimes par litre,1010.0,millimes par litre,"ministère chargé de l'énergie, données ouvertes : moyenne annuelle pondérée",moyenne annuelle pondérée par les jours du prix de vente,minenergie-opendata-prix-vente-petroliers,"ministère de l'Industrie, de l'Énergie et des Mines, portail de données ouvertes, jeu « TN-Prix de vente des produits pétroliers » (direction générale de l'énergie), captures des archives du web de 2018 et 2019",,"fichier de données né numérique, lu intégralement par la note documentaire n° 2 du précis (6 octobre 2026) ; relu par le script quand il est dans les bruts (data/raw/minenergie/donnees-ouvertes/), empreinte contrôlée",,,
,sans objet (moyenne annuelle),2011,gasoil 50,1200.0,millimes par litre,1200.0,millimes par litre,"ministère chargé de l'énergie, données ouvertes : moyenne annuelle pondérée",moyenne annuelle pondérée par les jours du prix de vente,minenergie-opendata-prix-vente-petroliers,"ministère de l'Industrie, de l'Énergie et des Mines, portail de données ouvertes, jeu « TN-Prix de vente des produits pétroliers » (direction générale de l'énergie), captures des archives du web de 2018 et 2019",,"fichier de données né numérique, lu intégralement par la note documentaire n° 2 du précis (6 octobre 2026) ; relu par le script quand il est dans les bruts (data/raw/minenergie/donnees-ouvertes/), empreinte contrôlée",,,
,sans objet (moyenne annuelle),2011,pétrole lampant,810.0,millimes par litre,810.0,millimes par litre,"ministère chargé de l'énergie, données ouvertes : moyenne annuelle pondérée",moyenne annuelle pondérée par les jours du prix de vente,minenergie-opendata-prix-vente-petroliers,"ministère de l'Industrie, de l'Énergie et des Mines, portail de données ouvertes, jeu « TN-Prix de vente des produits pétroliers » (direction générale de l'énergie), captures des archives du web de 2018 et 2019",,"fichier de données né numérique, lu intégralement par la note documentaire n° 2 du précis (6 octobre 2026) ; relu par le script quand il est dans les bruts (data/raw/minenergie/donnees-ouvertes/), empreinte contrôlée",,,
,sans objet (moyenne annuelle),2011,"GPL, bouteille de 13 kg",7410.0,millimes par bouteille de 13 kg,7.41,dinars la bouteille,"ministère chargé de l'énergie, données ouvertes : moyenne annuelle pondérée",moyenne annuelle pondérée par les jours du prix de vente,minenergie-opendata-prix-vente-petroliers,"ministère de l'Industrie, de l'Énergie et des Mines, portail de données ouvertes, jeu « TN-Prix de vente des produits pétroliers » (direction générale de l'énergie), captures des archives du web de 2018 et 2019",,"fichier de données né numérique, lu intégralement par la note documentaire n° 2 du précis (6 octobre 2026) ; relu par le script quand il est dans les bruts (data/raw/minenergie/donnees-ouvertes/), empreinte contrôlée",,,
,sans objet (moyenne annuelle),2012,essence sans plomb,1406.9,millimes par litre,1406.9,millimes par litre,"ministère chargé de l'énergie, données ouvertes : moyenne annuelle pondérée",moyenne annuelle pondérée par les jours du prix de vente,minenergie-opendata-prix-vente-petroliers,"ministère de l'Industrie, de l'Énergie et des Mines, portail de données ouvertes, jeu « TN-Prix de vente des produits pétroliers » (direction générale de l'énergie), captures des archives du web de 2018 et 2019",,"fichier de données né numérique, lu intégralement par la note documentaire n° 2 du précis (6 octobre 2026) ; relu par le script quand il est dans les bruts (data/raw/minenergie/donnees-ouvertes/), empreinte contrôlée",,,
,sans objet (moyenne annuelle),2012,gasoil ordinaire,1039.29,millimes par litre,1039.29,millimes par litre,"ministère chargé de l'énergie, données ouvertes : moyenne annuelle pondérée",moyenne annuelle pondérée par les jours du prix de vente,minenergie-opendata-prix-vente-petroliers,"ministère de l'Industrie, de l'Énergie et des Mines, portail de données ouvertes, jeu « TN-Prix de vente des produits pétroliers » (direction générale de l'énergie), captures des archives du web de 2018 et 2019",,"fichier de données né numérique, lu intégralement par la note documentaire n° 2 du précis (6 octobre 2026) ; relu par le script quand il est dans les bruts (data/raw/minenergie/donnees-ouvertes/), empreinte contrôlée",,,
,sans objet (moyenne annuelle),2012,gasoil 50,1236.44,millimes par litre,1236.44,millimes par litre,"ministère chargé de l'énergie, données ouvertes : moyenne annuelle pondérée",moyenne annuelle pondérée par les jours du prix de vente,minenergie-opendata-prix-vente-petroliers,"ministère de l'Industrie, de l'Énergie et des Mines, portail de données ouvertes, jeu « TN-Prix de vente des produits pétroliers » (direction générale de l'énergie), captures des archives du web de 2018 et 2019",,"fichier de données né numérique, lu intégralement par la note documentaire n° 2 du précis (6 octobre 2026) ; relu par le script quand il est dans les bruts (data/raw/minenergie/donnees-ouvertes/), empreinte contrôlée",,,
,sans objet (moyenne annuelle),2012,pétrole lampant,812.22,millimes par litre,812.22,millimes par litre,"ministère chargé de l'énergie, données ouvertes : moyenne annuelle pondérée",moyenne annuelle pondérée par les jours du prix de vente,minenergie-opendata-prix-vente-petroliers,"ministère de l'Industrie, de l'Énergie et des Mines, portail de données ouvertes, jeu « TN-Prix de vente des produits pétroliers » (direction générale de l'énergie), captures des archives du web de 2018 et 2019",,"fichier de données né numérique, lu intégralement par la note documentaire n° 2 du précis (6 octobre 2026) ; relu par le script quand il est dans les bruts (data/raw/minenergie/donnees-ouvertes/), empreinte contrôlée",,,
,sans objet (moyenne annuelle),2012,"GPL, bouteille de 13 kg",7420.0,millimes par bouteille de 13 kg,7.42,dinars la bouteille,"ministère chargé de l'énergie, données ouvertes : moyenne annuelle pondérée",moyenne annuelle pondérée par les jours du prix de vente,minenergie-opendata-prix-vente-petroliers,"ministère de l'Industrie, de l'Énergie et des Mines, portail de données ouvertes, jeu « TN-Prix de vente des produits pétroliers » (direction générale de l'énergie), captures des archives du web de 2018 et 2019",,"fichier de données né numérique, lu intégralement par la note documentaire n° 2 du précis (6 octobre 2026) ; relu par le script quand il est dans les bruts (data/raw/minenergie/donnees-ouvertes/), empreinte contrôlée",,,
,sans objet (moyenne annuelle),2013,essence sans plomb,1552.74,millimes par litre,1552.74,millimes par litre,"ministère chargé de l'énergie, données ouvertes : moyenne annuelle pondérée",moyenne annuelle pondérée par les jours du prix de vente,minenergie-opendata-prix-vente-petroliers,"ministère de l'Industrie, de l'Énergie et des Mines, portail de données ouvertes, jeu « TN-Prix de vente des produits pétroliers » (direction générale de l'énergie), captures des archives du web de 2018 et 2019",,"fichier de données né numérique, lu intégralement par la note documentaire n° 2 du précis (6 octobre 2026) ; relu par le script quand il est dans les bruts (data/raw/minenergie/donnees-ouvertes/), empreinte contrôlée",,,
,sans objet (moyenne annuelle),2013,gasoil ordinaire,1156.19,millimes par litre,1156.19,millimes par litre,"ministère chargé de l'énergie, données ouvertes : moyenne annuelle pondérée",moyenne annuelle pondérée par les jours du prix de vente,minenergie-opendata-prix-vente-petroliers,"ministère de l'Industrie, de l'Énergie et des Mines, portail de données ouvertes, jeu « TN-Prix de vente des produits pétroliers » (direction générale de l'énergie), captures des archives du web de 2018 et 2019",,"fichier de données né numérique, lu intégralement par la note documentaire n° 2 du précis (6 octobre 2026) ; relu par le script quand il est dans les bruts (data/raw/minenergie/donnees-ouvertes/), empreinte contrôlée",,,
,sans objet (moyenne annuelle),2013,gasoil 50,1382.74,millimes par litre,1382.74,millimes par litre,"ministère chargé de l'énergie, données ouvertes : moyenne annuelle pondérée",moyenne annuelle pondérée par les jours du prix de vente,minenergie-opendata-prix-vente-petroliers,"ministère de l'Industrie, de l'Énergie et des Mines, portail de données ouvertes, jeu « TN-Prix de vente des produits pétroliers » (direction générale de l'énergie), captures des archives du web de 2018 et 2019",,"fichier de données né numérique, lu intégralement par la note documentaire n° 2 du précis (6 octobre 2026) ; relu par le script quand il est dans les bruts (data/raw/minenergie/donnees-ouvertes/), empreinte contrôlée",,,
,sans objet (moyenne annuelle),2013,pétrole lampant,810.0,millimes par litre,810.0,millimes par litre,"ministère chargé de l'énergie, données ouvertes : moyenne annuelle pondérée",moyenne annuelle pondérée par les jours du prix de vente,minenergie-opendata-prix-vente-petroliers,"ministère de l'Industrie, de l'Énergie et des Mines, portail de données ouvertes, jeu « TN-Prix de vente des produits pétroliers » (direction générale de l'énergie), captures des archives du web de 2018 et 2019",,"fichier de données né numérique, lu intégralement par la note documentaire n° 2 du précis (6 octobre 2026) ; relu par le script quand il est dans les bruts (data/raw/minenergie/donnees-ouvertes/), empreinte contrôlée",,,
,sans objet (moyenne annuelle),2013,"GPL, bouteille de 13 kg",7400.0,millimes par bouteille de 13 kg,7.4,dinars la bouteille,"ministère chargé de l'énergie, données ouvertes : moyenne annuelle pondérée",moyenne annuelle pondérée par les jours du prix de vente,minenergie-opendata-prix-vente-petroliers,"ministère de l'Industrie, de l'Énergie et des Mines, portail de données ouvertes, jeu « TN-Prix de vente des produits pétroliers » (direction générale de l'énergie), captures des archives du web de 2018 et 2019",,"fichier de données né numérique, lu intégralement par la note documentaire n° 2 du précis (6 octobre 2026) ; relu par le script quand il est dans les bruts (data/raw/minenergie/donnees-ouvertes/), empreinte contrôlée",,,
,sans objet (moyenne annuelle),2014,essence sans plomb,1620.41,millimes par litre,1620.41,millimes par litre,"ministère chargé de l'énergie, données ouvertes : moyenne annuelle pondérée",moyenne annuelle pondérée par les jours du prix de vente,minenergie-opendata-prix-vente-petroliers,"ministère de l'Industrie, de l'Énergie et des Mines, portail de données ouvertes, jeu « TN-Prix de vente des produits pétroliers » (direction générale de l'énergie), captures des archives du web de 2018 et 2019",,"fichier de données né numérique, lu intégralement par la note documentaire n° 2 du précis (6 octobre 2026) ; relu par le script quand il est dans les bruts (data/raw/minenergie/donnees-ouvertes/), empreinte contrôlée",,,
,sans objet (moyenne annuelle),2014,gasoil ordinaire,1210.33,millimes par litre,1210.33,millimes par litre,"ministère chargé de l'énergie, données ouvertes : moyenne annuelle pondérée",moyenne annuelle pondérée par les jours du prix de vente,minenergie-opendata-prix-vente-petroliers,"ministère de l'Industrie, de l'Énergie et des Mines, portail de données ouvertes, jeu « TN-Prix de vente des produits pétroliers » (direction générale de l'énergie), captures des archives du web de 2018 et 2019",,"fichier de données né numérique, lu intégralement par la note documentaire n° 2 du précis (6 octobre 2026) ; relu par le script quand il est dans les bruts (data/raw/minenergie/donnees-ouvertes/), empreinte contrôlée",,,
,sans objet (moyenne annuelle),2014,gasoil 50,1450.41,millimes par litre,1450.41,millimes par litre,"ministère chargé de l'énergie, données ouvertes : moyenne annuelle pondérée",moyenne annuelle pondérée par les jours du prix de vente,minenergie-opendata-prix-vente-petroliers,"ministère de l'Industrie, de l'Énergie et des Mines, portail de données ouvertes, jeu « TN-Prix de vente des produits pétroliers » (direction générale de l'énergie), captures des archives du web de 2018 et 2019",,"fichier de données né numérique, lu intégralement par la note documentaire n° 2 du précis (6 octobre 2026) ; relu par le script quand il est dans les bruts (data/raw/minenergie/donnees-ouvertes/), empreinte contrôlée",,,
,sans objet (moyenne annuelle),2014,pétrole lampant,810.0,millimes par litre,810.0,millimes par litre,"ministère chargé de l'énergie, données ouvertes : moyenne annuelle pondérée",moyenne annuelle pondérée par les jours du prix de vente,minenergie-opendata-prix-vente-petroliers,"ministère de l'Industrie, de l'Énergie et des Mines, portail de données ouvertes, jeu « TN-Prix de vente des produits pétroliers » (direction générale de l'énergie), captures des archives du web de 2018 et 2019",,"fichier de données né numérique, lu intégralement par la note documentaire n° 2 du précis (6 octobre 2026) ; relu par le script quand il est dans les bruts (data/raw/minenergie/donnees-ouvertes/), empreinte contrôlée",,,
,sans objet (moyenne annuelle),2014,"GPL, bouteille de 13 kg",7400.0,millimes par bouteille de 13 kg,7.4,dinars la bouteille,"ministère chargé de l'énergie, données ouvertes : moyenne annuelle pondérée",moyenne annuelle pondérée par les jours du prix de vente,minenergie-opendata-prix-vente-petroliers,"ministère de l'Industrie, de l'Énergie et des Mines, portail de données ouvertes, jeu « TN-Prix de vente des produits pétroliers » (direction générale de l'énergie), captures des archives du web de 2018 et 2019",,"fichier de données né numérique, lu intégralement par la note documentaire n° 2 du précis (6 octobre 2026) ; relu par le script quand il est dans les bruts (data/raw/minenergie/donnees-ouvertes/), empreinte contrôlée",,,
,sans objet (moyenne annuelle),2015,essence sans plomb,1670.0,millimes par litre,1670.0,millimes par litre,"ministère chargé de l'énergie, données ouvertes : moyenne annuelle pondérée",moyenne annuelle pondérée par les jours du prix de vente,minenergie-opendata-prix-vente-petroliers,"ministère de l'Industrie, de l'Énergie et des Mines, portail de données ouvertes, jeu « TN-Prix de vente des produits pétroliers » (direction générale de l'énergie), captures des archives du web de 2018 et 2019",,"fichier de données né numérique, lu intégralement par la note documentaire n° 2 du précis (6 octobre 2026) ; relu par le script quand il est dans les bruts (data/raw/minenergie/donnees-ouvertes/), empreinte contrôlée",,,
,sans objet (moyenne annuelle),2015,gasoil ordinaire,1250.0,millimes par litre,1250.0,millimes par litre,"ministère chargé de l'énergie, données ouvertes : moyenne annuelle pondérée",moyenne annuelle pondérée par les jours du prix de vente,minenergie-opendata-prix-vente-petroliers,"ministère de l'Industrie, de l'Énergie et des Mines, portail de données ouvertes, jeu « TN-Prix de vente des produits pétroliers » (direction générale de l'énergie), captures des archives du web de 2018 et 2019",,"fichier de données né numérique, lu intégralement par la note documentaire n° 2 du précis (6 octobre 2026) ; relu par le script quand il est dans les bruts (data/raw/minenergie/donnees-ouvertes/), empreinte contrôlée",,,
,sans objet (moyenne annuelle),2015,gasoil 50,1500.0,millimes par litre,1500.0,millimes par litre,"ministère chargé de l'énergie, données ouvertes : moyenne annuelle pondérée",moyenne annuelle pondérée par les jours du prix de vente,minenergie-opendata-prix-vente-petroliers,"ministère de l'Industrie, de l'Énergie et des Mines, portail de données ouvertes, jeu « TN-Prix de vente des produits pétroliers » (direction générale de l'énergie), captures des archives du web de 2018 et 2019",,"fichier de données né numérique, lu intégralement par la note documentaire n° 2 du précis (6 octobre 2026) ; relu par le script quand il est dans les bruts (data/raw/minenergie/donnees-ouvertes/), empreinte contrôlée",,,
,sans objet (moyenne annuelle),2015,pétrole lampant,810.0,millimes par litre,810.0,millimes par litre,"ministère chargé de l'énergie, données ouvertes : moyenne annuelle pondérée",moyenne annuelle pondérée par les jours du prix de vente,minenergie-opendata-prix-vente-petroliers,"ministère de l'Industrie, de l'Énergie et des Mines, portail de données ouvertes, jeu « TN-Prix de vente des produits pétroliers » (direction générale de l'énergie), captures des archives du web de 2018 et 2019",,"fichier de données né numérique, lu intégralement par la note documentaire n° 2 du précis (6 octobre 2026) ; relu par le script quand il est dans les bruts (data/raw/minenergie/donnees-ouvertes/), empreinte contrôlée",,,
,sans objet (moyenne annuelle),2015,"GPL, bouteille de 13 kg",7400.0,millimes par bouteille de 13 kg,7.4,dinars la bouteille,"ministère chargé de l'énergie, données ouvertes : moyenne annuelle pondérée",moyenne annuelle pondérée par les jours du prix de vente,minenergie-opendata-prix-vente-petroliers,"ministère de l'Industrie, de l'Énergie et des Mines, portail de données ouvertes, jeu « TN-Prix de vente des produits pétroliers » (direction générale de l'énergie), captures des archives du web de 2018 et 2019",,"fichier de données né numérique, lu intégralement par la note documentaire n° 2 du précis (6 octobre 2026) ; relu par le script quand il est dans les bruts (data/raw/minenergie/donnees-ouvertes/), empreinte contrôlée",,,
,sans objet (moyenne annuelle),2016,essence sans plomb,1650.27,millimes par litre,1650.27,millimes par litre,"ministère chargé de l'énergie, données ouvertes : moyenne annuelle pondérée",moyenne annuelle pondérée par les jours du prix de vente,minenergie-opendata-prix-vente-petroliers,"ministère de l'Industrie, de l'Énergie et des Mines, portail de données ouvertes, jeu « TN-Prix de vente des produits pétroliers » (direction générale de l'énergie), captures des archives du web de 2018 et 2019",,"fichier de données né numérique, lu intégralement par la note documentaire n° 2 du précis (6 octobre 2026) ; relu par le script quand il est dans les bruts (data/raw/minenergie/donnees-ouvertes/), empreinte contrôlée",,,
,sans objet (moyenne annuelle),2016,gasoil ordinaire,1172.98,millimes par litre,1172.98,millimes par litre,"ministère chargé de l'énergie, données ouvertes : moyenne annuelle pondérée",moyenne annuelle pondérée par les jours du prix de vente,minenergie-opendata-prix-vente-petroliers,"ministère de l'Industrie, de l'Énergie et des Mines, portail de données ouvertes, jeu « TN-Prix de vente des produits pétroliers » (direction générale de l'énergie), captures des archives du web de 2018 et 2019",,"fichier de données né numérique, lu intégralement par la note documentaire n° 2 du précis (6 octobre 2026) ; relu par le script quand il est dans les bruts (data/raw/minenergie/donnees-ouvertes/), empreinte contrôlée",,,
,sans objet (moyenne annuelle),2016,gasoil 50,1436.83,millimes par litre,1436.83,millimes par litre,"ministère chargé de l'énergie, données ouvertes : moyenne annuelle pondérée",moyenne annuelle pondérée par les jours du prix de vente,minenergie-opendata-prix-vente-petroliers,"ministère de l'Industrie, de l'Énergie et des Mines, portail de données ouvertes, jeu « TN-Prix de vente des produits pétroliers » (direction générale de l'énergie), captures des archives du web de 2018 et 2019",,"fichier de données né numérique, lu intégralement par la note documentaire n° 2 du précis (6 octobre 2026) ; relu par le script quand il est dans les bruts (data/raw/minenergie/donnees-ouvertes/), empreinte contrôlée",,,
,sans objet (moyenne annuelle),2016,pétrole lampant,810.0,millimes par litre,810.0,millimes par litre,"ministère chargé de l'énergie, données ouvertes : moyenne annuelle pondérée",moyenne annuelle pondérée par les jours du prix de vente,minenergie-opendata-prix-vente-petroliers,"ministère de l'Industrie, de l'Énergie et des Mines, portail de données ouvertes, jeu « TN-Prix de vente des produits pétroliers » (direction générale de l'énergie), captures des archives du web de 2018 et 2019",,"fichier de données né numérique, lu intégralement par la note documentaire n° 2 du précis (6 octobre 2026) ; relu par le script quand il est dans les bruts (data/raw/minenergie/donnees-ouvertes/), empreinte contrôlée",,,
,sans objet (moyenne annuelle),2016,"GPL, bouteille de 13 kg",7400.0,millimes par bouteille de 13 kg,7.4,dinars la bouteille,"ministère chargé de l'énergie, données ouvertes : moyenne annuelle pondérée",moyenne annuelle pondérée par les jours du prix de vente,minenergie-opendata-prix-vente-petroliers,"ministère de l'Industrie, de l'Énergie et des Mines, portail de données ouvertes, jeu « TN-Prix de vente des produits pétroliers » (direction générale de l'énergie), captures des archives du web de 2018 et 2019",,"fichier de données né numérique, lu intégralement par la note documentaire n° 2 du précis (6 octobre 2026) ; relu par le script quand il est dans les bruts (data/raw/minenergie/donnees-ouvertes/), empreinte contrôlée",,,
1997-07-16,non : inférée,1997,essence sans plomb,620.0,millimes par litre,620.0,millimes par litre,ajustement INFÉRÉ par le calcul sur les moyennes annuelles du ministère,prix de vente au public à compter de la date d'ajustement,minenergie-opendata-prix-vente-petroliers,"calcul seul sur le tableau 1 (+30, +20, +25 sur 169 jours). Date corroborée : décret n° 97-1339 du 14 juillet 1997, JORT n° 57 du 18 juillet 1997, p. 1274 — TVA à 10 % sur l'essence, le gasoil, le fuel domestique et le GPL « à compter du 16 juillet 1997 » (couche texte, `https://www.pist.tn/jort/1997/1997F/Jo05797.pdf`, adresse dérivée non rouverte)",,"inféré ; date appuyée par un texte, niveaux non lus ; note documentaire n° 2 du précis (6 octobre 2026) ; non relu ici",,,"prix inchangé à cette date (l'ajustement porte sur l'autre carburant); famille selon la note : officielle (moyennes, décret); autres prix donnés : super 600 ; pétrole 205"
1997-07-16,non : inférée,1997,gasoil ordinaire,330.0,millimes par litre,330.0,millimes par litre,ajustement INFÉRÉ par le calcul sur les moyennes annuelles du ministère,prix de vente au public à compter de la date d'ajustement,minenergie-opendata-prix-vente-petroliers,"calcul seul sur le tableau 1 (+30, +20, +25 sur 169 jours). Date corroborée : décret n° 97-1339 du 14 juillet 1997, JORT n° 57 du 18 juillet 1997, p. 1274 — TVA à 10 % sur l'essence, le gasoil, le fuel domestique et le GPL « à compter du 16 juillet 1997 » (couche texte, `https://www.pist.tn/jort/1997/1997F/Jo05797.pdf`, adresse dérivée non rouverte)",,"inféré ; date appuyée par un texte, niveaux non lus ; note documentaire n° 2 du précis (6 octobre 2026) ; non relu ici",,,"famille selon la note : officielle (moyennes, décret); autres prix donnés : super 600 ; pétrole 205"
1998-05-06,non : inférée,1998,essence sans plomb,655.0,millimes par litre,655.0,millimes par litre,ajustement INFÉRÉ par le calcul sur les moyennes annuelles du ministère,prix de vente au public à compter de la date d'ajustement,minenergie-opendata-prix-vente-petroliers,"calcul seul (+35, +27, +55, +15 sur 240 jours) ; un texte fiscal sur les produits pétroliers figure au JORT n° 35 de 1998, non dépouillé",,inféré ; note documentaire n° 2 du précis (6 octobre 2026) ; non relu ici,,,famille selon la note : officielle (moyennes); autres prix donnés : super 655 ; pétrole 220
1998-05-06,non : inférée,1998,gasoil ordinaire,357.0,millimes par litre,357.0,millimes par litre,ajustement INFÉRÉ par le calcul sur les moyennes annuelles du ministère,prix de vente au public à compter de la date d'ajustement,minenergie-opendata-prix-vente-petroliers,"calcul seul (+35, +27, +55, +15 sur 240 jours) ; un texte fiscal sur les produits pétroliers figure au JORT n° 35 de 1998, non dépouillé",,inféré ; note documentaire n° 2 du précis (6 octobre 2026) ; non relu ici,,,famille selon la note : officielle (moyennes); autres prix donnés : super 655 ; pétrole 220
1999-04-22,non : inférée,1999,essence sans plomb,670.0,millimes par litre,670.0,millimes par litre,ajustement INFÉRÉ par le calcul sur les moyennes annuelles du ministère,prix de vente au public à compter de la date d'ajustement,minenergie-opendata-prix-vente-petroliers,"calcul seul (+15, +18, +20 sur 254 jours) ; l'autre solution (27 août) est écartée par le pétrole lampant, à 240 en 2000",,inféré ; note documentaire n° 2 du précis (6 octobre 2026) ; non relu ici,,,famille selon la note : officielle (moyennes); autres prix donnés : pétrole 240
1999-04-22,non : inférée,1999,gasoil ordinaire,375.0,millimes par litre,375.0,millimes par litre,ajustement INFÉRÉ par le calcul sur les moyennes annuelles du ministère,prix de vente au public à compter de la date d'ajustement,minenergie-opendata-prix-vente-petroliers,"calcul seul (+15, +18, +20 sur 254 jours) ; l'autre solution (27 août) est écartée par le pétrole lampant, à 240 en 2000",,inféré ; note documentaire n° 2 du précis (6 octobre 2026) ; non relu ici,,,famille selon la note : officielle (moyennes); autres prix donnés : pétrole 240
2000-06,"non : 2000, vers juin",2000,essence sans plomb,710.0,millimes par litre,710.0,millimes par litre,ajustement INFÉRÉ par le calcul sur les moyennes annuelles du ministère,prix de vente au public à compter de la date d'ajustement,minenergie-opendata-prix-vente-petroliers,"calcul seul, pondéré par mois (+40 sur 7/12) ; le niveau 710 / 415 est celui que suppose le début de 2002",,"inféré, date non établie ; note documentaire n° 2 du précis (6 octobre 2026) ; non relu ici",,,famille selon la note : officielle (moyennes)
2000-06,"non : 2000, vers juin",2000,gasoil ordinaire,415.0,millimes par litre,415.0,millimes par litre,ajustement INFÉRÉ par le calcul sur les moyennes annuelles du ministère,prix de vente au public à compter de la date d'ajustement,minenergie-opendata-prix-vente-petroliers,"calcul seul, pondéré par mois (+40 sur 7/12) ; le niveau 710 / 415 est celui que suppose le début de 2002",,"inféré, date non établie ; note documentaire n° 2 du précis (6 octobre 2026) ; non relu ici",,,famille selon la note : officielle (moyennes)
2002-10-13,oui,2002,essence sans plomb,740.0,millimes par litre,740.0,millimes par litre,"ajustement daté : presse, d'après un communiqué ou un tableau attribué à l'ANME",prix de vente au public à compter de la date d'ajustement,presse-wmc-2006-09-07,"WMC, « Pétrole en Tunisie : hausse des prix et baisse de la consommation », 7 septembre 2006, tableau « Évolution des prix de vente des carburants au public 2002-2006 », à la suite d'un tableau « Source : ANME » — `https://www.webmanagercenter.com/2006/09/07/19345/petrole-en-tunisie-hausse-des-prix-et-baisse-de-la-consommation/`",,page lue ; calcul : oui ; note documentaire n° 2 du précis (6 octobre 2026) ; non relu ici,,,famille selon la note : presse (d'après l'ANME); autres prix donnés : super 740 ; normale 700
2002-10-13,oui,2002,gasoil ordinaire,415.0,millimes par litre,415.0,millimes par litre,"ajustement daté : presse, d'après un communiqué ou un tableau attribué à l'ANME",prix de vente au public à compter de la date d'ajustement,presse-wmc-2006-09-07,"WMC, « Pétrole en Tunisie : hausse des prix et baisse de la consommation », 7 septembre 2006, tableau « Évolution des prix de vente des carburants au public 2002-2006 », à la suite d'un tableau « Source : ANME » — `https://www.webmanagercenter.com/2006/09/07/19345/petrole-en-tunisie-hausse-des-prix-et-baisse-de-la-consommation/`",,page lue ; calcul : oui ; note documentaire n° 2 du précis (6 octobre 2026) ; non relu ici,,,prix inchangé à cette date (l'ajustement porte sur l'autre carburant); famille selon la note : presse (d'après l'ANME); autres prix donnés : super 740 ; normale 700
2003-04-04,oui,2003,essence sans plomb,770.0,millimes par litre,770.0,millimes par litre,"ajustement daté : presse, d'après un communiqué ou un tableau attribué à l'ANME",prix de vente au public à compter de la date d'ajustement,presse-wmc-2006-09-07,idem,,page lue ; calcul : oui ; note documentaire n° 2 du précis (6 octobre 2026) ; non relu ici,,,famille selon la note : presse; autres prix donnés : super 770 ; normale 740
2003-04-04,oui,2003,gasoil ordinaire,435.0,millimes par litre,435.0,millimes par litre,"ajustement daté : presse, d'après un communiqué ou un tableau attribué à l'ANME",prix de vente au public à compter de la date d'ajustement,presse-wmc-2006-09-07,idem,,page lue ; calcul : oui ; note documentaire n° 2 du précis (6 octobre 2026) ; non relu ici,,,famille selon la note : presse; autres prix donnés : super 770 ; normale 740
2004-05-05,non : 2004-05-05 ou 05-08,2004,essence sans plomb,800.0,millimes par litre,800.0,millimes par litre,"ajustement daté : presse, d'après un communiqué ou un tableau attribué à l'ANME",prix de vente au public à compter de la date d'ajustement,presse-wmc-2006-09-07,idem (« 05/05/2004 ») ; la moyenne officielle de 2004 n'est redonnée qu'avec le 8 mai,,page lue ; date discordante de trois jours ; note documentaire n° 2 du précis (6 octobre 2026) ; non relu ici,,,famille selon la note : presse; autres prix donnés : super 800 ; normale 770
2004-05-05,non : 2004-05-05 ou 05-08,2004,gasoil ordinaire,455.0,millimes par litre,455.0,millimes par litre,"ajustement daté : presse, d'après un communiqué ou un tableau attribué à l'ANME",prix de vente au public à compter de la date d'ajustement,presse-wmc-2006-09-07,idem (« 05/05/2004 ») ; la moyenne officielle de 2004 n'est redonnée qu'avec le 8 mai,,page lue ; date discordante de trois jours ; note documentaire n° 2 du précis (6 octobre 2026) ; non relu ici,,,famille selon la note : presse; autres prix donnés : super 800 ; normale 770
2004-08-01,oui,2004,essence sans plomb,830.0,millimes par litre,830.0,millimes par litre,"ajustement daté : presse, d'après un communiqué ou un tableau attribué à l'ANME",prix de vente au public à compter de la date d'ajustement,presse-wmc-2006-09-07,idem,,page lue ; calcul : oui ; note documentaire n° 2 du précis (6 octobre 2026) ; non relu ici,,,famille selon la note : presse; autres prix donnés : super 830 ; normale 800
2004-08-01,oui,2004,gasoil ordinaire,475.0,millimes par litre,475.0,millimes par litre,"ajustement daté : presse, d'après un communiqué ou un tableau attribué à l'ANME",prix de vente au public à compter de la date d'ajustement,presse-wmc-2006-09-07,idem,,page lue ; calcul : oui ; note documentaire n° 2 du précis (6 octobre 2026) ; non relu ici,,,famille selon la note : presse; autres prix donnés : super 830 ; normale 800
2005-02-13,oui,2005,essence sans plomb,860.0,millimes par litre,860.0,millimes par litre,"ajustement daté : presse, d'après un communiqué ou un tableau attribué à l'ANME",prix de vente au public à compter de la date d'ajustement,presse-wmc-2006-09-07,idem,,page lue ; calcul : oui ; note documentaire n° 2 du précis (6 octobre 2026) ; non relu ici,,,famille selon la note : presse; autres prix donnés : super 860 ; normale 830
2005-02-13,oui,2005,gasoil ordinaire,500.0,millimes par litre,500.0,millimes par litre,"ajustement daté : presse, d'après un communiqué ou un tableau attribué à l'ANME",prix de vente au public à compter de la date d'ajustement,presse-wmc-2006-09-07,idem,,page lue ; calcul : oui ; note documentaire n° 2 du précis (6 octobre 2026) ; non relu ici,,,famille selon la note : presse; autres prix donnés : super 860 ; normale 830
2005-06-05,oui,2005,essence sans plomb,900.0,millimes par litre,900.0,millimes par litre,"ajustement daté : presse, d'après un communiqué ou un tableau attribué à l'ANME",prix de vente au public à compter de la date d'ajustement,presse-wmc-2006-09-07,idem,,page lue ; calcul : oui ; note documentaire n° 2 du précis (6 octobre 2026) ; non relu ici,,,famille selon la note : presse; autres prix donnés : super 900 ; normale 870
2005-06-05,oui,2005,gasoil ordinaire,540.0,millimes par litre,540.0,millimes par litre,"ajustement daté : presse, d'après un communiqué ou un tableau attribué à l'ANME",prix de vente au public à compter de la date d'ajustement,presse-wmc-2006-09-07,idem,,page lue ; calcul : oui ; note documentaire n° 2 du précis (6 octobre 2026) ; non relu ici,,,famille selon la note : presse; autres prix donnés : super 900 ; normale 870
2005-09-04,oui,2005,essence sans plomb,950.0,millimes par litre,950.0,millimes par litre,"ajustement daté : presse, d'après un communiqué ou un tableau attribué à l'ANME",prix de vente au public à compter de la date d'ajustement,presse-wmc-2006-09-07,idem,,page lue ; calcul : oui ; note documentaire n° 2 du précis (6 octobre 2026) ; non relu ici,,,famille selon la note : presse; autres prix donnés : super 950 ; normale 920
2005-09-04,oui,2005,gasoil ordinaire,590.0,millimes par litre,590.0,millimes par litre,"ajustement daté : presse, d'après un communiqué ou un tableau attribué à l'ANME",prix de vente au public à compter de la date d'ajustement,presse-wmc-2006-09-07,idem,,page lue ; calcul : oui ; note documentaire n° 2 du précis (6 octobre 2026) ; non relu ici,,,famille selon la note : presse; autres prix donnés : super 950 ; normale 920
2006-01-15,oui,2006,essence sans plomb,1000.0,millimes par litre,1000.0,millimes par litre,"ajustement daté : presse, d'après un communiqué ou un tableau attribué à l'ANME",prix de vente au public à compter de la date d'ajustement,presse-wmc-2006-09-07,idem,,page lue ; calcul : oui ; note documentaire n° 2 du précis (6 octobre 2026) ; non relu ici,,,famille selon la note : presse; autres prix donnés : super 1 000 ; normale 970
2006-01-15,oui,2006,gasoil ordinaire,640.0,millimes par litre,640.0,millimes par litre,"ajustement daté : presse, d'après un communiqué ou un tableau attribué à l'ANME",prix de vente au public à compter de la date d'ajustement,presse-wmc-2006-09-07,idem,,page lue ; calcul : oui ; note documentaire n° 2 du précis (6 octobre 2026) ; non relu ici,,,famille selon la note : presse; autres prix donnés : super 1 000 ; normale 970
2006-04-26,oui,2006,essence sans plomb,1050.0,millimes par litre,1050.0,millimes par litre,"ajustement daté : presse, d'après un communiqué ou un tableau attribué à l'ANME",prix de vente au public à compter de la date d'ajustement,presse-wmc-2006-09-07,idem,,page lue ; calcul : oui ; note documentaire n° 2 du précis (6 octobre 2026) ; non relu ici,,,famille selon la note : presse; autres prix donnés : super 1 050 ; normale 1 020
2006-04-26,oui,2006,gasoil ordinaire,690.0,millimes par litre,690.0,millimes par litre,"ajustement daté : presse, d'après un communiqué ou un tableau attribué à l'ANME",prix de vente au public à compter de la date d'ajustement,presse-wmc-2006-09-07,idem,,page lue ; calcul : oui ; note documentaire n° 2 du précis (6 octobre 2026) ; non relu ici,,,famille selon la note : presse; autres prix donnés : super 1 050 ; normale 1 020
2006-07-02,oui,2006,essence sans plomb,1100.0,millimes par litre,1100.0,millimes par litre,"ajustement daté : date officielle (rapport de 2014, BCT), niveau du relevé de l'INS",prix de vente au public à compter de la date d'ajustement,minfin-compensation-carburants-2014,"date : rapport du 21 juillet 2014 sur la compensation des carburants, pp. 158-159 (axe des graphiques, image) ; niveaux : calcul (seule valeur qui redonne 1 057,40 et 697,40) ; courbe « Prix limite à la pompe » du rapport compatible (≈ 740)",,"date lue ; niveaux inférés, exacts au calcul ; note documentaire n° 2 du précis (6 octobre 2026) ; non relu ici",,,"famille selon la note : officielle (rapport, moyennes)"
2006-07-02,oui,2006,gasoil ordinaire,740.0,millimes par litre,740.0,millimes par litre,"ajustement daté : date officielle (rapport de 2014, BCT), niveau du relevé de l'INS",prix de vente au public à compter de la date d'ajustement,minfin-compensation-carburants-2014,"date : rapport du 21 juillet 2014 sur la compensation des carburants, pp. 158-159 (axe des graphiques, image) ; niveaux : calcul (seule valeur qui redonne 1 057,40 et 697,40) ; courbe « Prix limite à la pompe » du rapport compatible (≈ 740)",,"date lue ; niveaux inférés, exacts au calcul ; note documentaire n° 2 du précis (6 octobre 2026) ; non relu ici",,,"famille selon la note : officielle (rapport, moyennes)"
2007-05-06,oui,2007,essence sans plomb,1150.0,millimes par litre,1150.0,millimes par litre,"ajustement daté : date officielle (rapport de 2014, BCT), niveau du relevé de l'INS",prix de vente au public à compter de la date d'ajustement,minfin-compensation-carburants-2014,"date : rapport de 2014 ; niveaux : calcul (redonne 1 141,78 et 781,78)",,"date lue ; niveaux inférés, exacts au calcul ; note documentaire n° 2 du précis (6 octobre 2026) ; non relu ici",,,famille selon la note : officielle
2007-05-06,oui,2007,gasoil ordinaire,790.0,millimes par litre,790.0,millimes par litre,"ajustement daté : date officielle (rapport de 2014, BCT), niveau du relevé de l'INS",prix de vente au public à compter de la date d'ajustement,minfin-compensation-carburants-2014,"date : rapport de 2014 ; niveaux : calcul (redonne 1 141,78 et 781,78)",,"date lue ; niveaux inférés, exacts au calcul ; note documentaire n° 2 du précis (6 octobre 2026) ; non relu ici",,,famille selon la note : officielle
2007-10-28,oui,2007,essence sans plomb,1200.0,millimes par litre,1200.0,millimes par litre,"ajustement daté : date officielle (rapport de 2014, BCT), niveau du relevé de l'INS",prix de vente au public à compter de la date d'ajustement,ins-bms,"date : rapport de 2014 ; niveaux : INS, BMS, novembre 2007 (1 200 et 840)",,date et niveaux lus ; note documentaire n° 2 du précis (6 octobre 2026) ; non relu ici,,,famille selon la note : officielle
2007-10-28,oui,2007,gasoil ordinaire,840.0,millimes par litre,840.0,millimes par litre,"ajustement daté : date officielle (rapport de 2014, BCT), niveau du relevé de l'INS",prix de vente au public à compter de la date d'ajustement,ins-bms,"date : rapport de 2014 ; niveaux : INS, BMS, novembre 2007 (1 200 et 840)",,date et niveaux lus ; note documentaire n° 2 du précis (6 octobre 2026) ; non relu ici,,,famille selon la note : officielle
2008-03-02,oui,2008,essence sans plomb,1250.0,millimes par litre,1250.0,millimes par litre,"ajustement daté : date officielle (rapport de 2014, BCT), niveau du relevé de l'INS",prix de vente au public à compter de la date d'ajustement,ins-bms,"date : rapport de 2014 ; niveaux : INS, BMS, mars 2008",,lus ; calcul : oui ; note documentaire n° 2 du précis (6 octobre 2026) ; non relu ici,,,"famille selon la note : officielle; autres prix donnés : pétrole 690 ; GPL 7,2 (INS)"
2008-03-02,oui,2008,gasoil ordinaire,890.0,millimes par litre,890.0,millimes par litre,"ajustement daté : date officielle (rapport de 2014, BCT), niveau du relevé de l'INS",prix de vente au public à compter de la date d'ajustement,ins-bms,"date : rapport de 2014 ; niveaux : INS, BMS, mars 2008",,lus ; calcul : oui ; note documentaire n° 2 du précis (6 octobre 2026) ; non relu ici,,,"famille selon la note : officielle; autres prix donnés : pétrole 690 ; GPL 7,2 (INS)"
2008-07-06,oui,2008,essence sans plomb,1320.0,millimes par litre,1320.0,millimes par litre,"ajustement daté : date officielle (rapport de 2014, BCT), niveau du relevé de l'INS",prix de vente au public à compter de la date d'ajustement,ins-bms,"date : rapport de 2014 ; niveaux : BMS, juillet 2008",,lus ; calcul : oui ; note documentaire n° 2 du précis (6 octobre 2026) ; non relu ici,,,"famille selon la note : officielle; autres prix donnés : pétrole 760 ; GPL 7,5 (INS)"
2008-07-06,oui,2008,gasoil ordinaire,960.0,millimes par litre,960.0,millimes par litre,"ajustement daté : date officielle (rapport de 2014, BCT), niveau du relevé de l'INS",prix de vente au public à compter de la date d'ajustement,ins-bms,"date : rapport de 2014 ; niveaux : BMS, juillet 2008",,lus ; calcul : oui ; note documentaire n° 2 du précis (6 octobre 2026) ; non relu ici,,,"famille selon la note : officielle; autres prix donnés : pétrole 760 ; GPL 7,5 (INS)"
2009-01-16,oui,2009,essence sans plomb,1270.0,millimes par litre,1270.0,millimes par litre,"ajustement daté : date officielle (rapport de 2014, BCT), niveau du relevé de l'INS",prix de vente au public à compter de la date d'ajustement,ins-bms,"date : BCT, *Rapport annuel 2009*, pp. 191-192 (« activé le 16 janvier 2009 », baisse de l'ordre de 5 %) et rapport de 2014 ; niveaux : BMS, janvier 2009 ; Directinfo, 5 mars 2013 (« de 1,320 à 1,270 ») — `https://directinfo.webmanagercenter.com/2013/03/05/tunisie-evolution-des-prix-des-lessence-et-du-gasoil-2009-2013/`",,lus ; calcul : oui ; note documentaire n° 2 du précis (6 octobre 2026) ; non relu ici,,,"famille selon la note : officielle + presse; autres prix donnés : pétrole 710 ; GPL 7,3 (INS)"
2009-01-16,oui,2009,gasoil ordinaire,910.0,millimes par litre,910.0,millimes par litre,"ajustement daté : date officielle (rapport de 2014, BCT), niveau du relevé de l'INS",prix de vente au public à compter de la date d'ajustement,ins-bms,"date : BCT, *Rapport annuel 2009*, pp. 191-192 (« activé le 16 janvier 2009 », baisse de l'ordre de 5 %) et rapport de 2014 ; niveaux : BMS, janvier 2009 ; Directinfo, 5 mars 2013 (« de 1,320 à 1,270 ») — `https://directinfo.webmanagercenter.com/2013/03/05/tunisie-evolution-des-prix-des-lessence-et-du-gasoil-2009-2013/`",,lus ; calcul : oui ; note documentaire n° 2 du précis (6 octobre 2026) ; non relu ici,,,"famille selon la note : officielle + presse; autres prix donnés : pétrole 710 ; GPL 7,3 (INS)"
2010-02-21,oui,2010,essence sans plomb,1320.0,millimes par litre,1320.0,millimes par litre,"ajustement daté : date officielle (rapport de 2014, BCT), niveau du relevé de l'INS",prix de vente au public à compter de la date d'ajustement,ins-bms,"date : Kapitalis, 12 décembre 2010 (« La dernière hausse remonte au 21 février 2010 ») et rapport de 2014 ; niveaux : BMS, février 2010",,lus ; calcul : oui ; note documentaire n° 2 du précis (6 octobre 2026) ; non relu ici,,,"famille selon la note : officielle + presse; autres prix donnés : pétrole 760 ; GPL 7,5 (INS)"
2010-02-21,oui,2010,gasoil ordinaire,960.0,millimes par litre,960.0,millimes par litre,"ajustement daté : date officielle (rapport de 2014, BCT), niveau du relevé de l'INS",prix de vente au public à compter de la date d'ajustement,ins-bms,"date : Kapitalis, 12 décembre 2010 (« La dernière hausse remonte au 21 février 2010 ») et rapport de 2014 ; niveaux : BMS, février 2010",,lus ; calcul : oui ; note documentaire n° 2 du précis (6 octobre 2026) ; non relu ici,,,"famille selon la note : officielle + presse; autres prix donnés : pétrole 760 ; GPL 7,5 (INS)"
2010-12-12,oui,2010,essence sans plomb,1370.0,millimes par litre,1370.0,millimes par litre,"ajustement daté : presse, d'après un communiqué ou un tableau attribué à l'ANME",prix de vente au public à compter de la date d'ajustement,presse-kapitalis-2010-12-12,"Kapitalis, « Tunisie. Nouvelle hausse des prix des carburants », 12 décembre 2010, d'après le communiqué du ministère de l'Industrie et de la Technologie — `https://www.kapitalis.com/archive/191-conso/1980-tunisie-nouvelle-hausse-des-prix-des-carburants.html`",,"page lue ; calcul : oui ; contredit l'INS, qui reste à 1 320 et 960 en 2011 ; note documentaire n° 2 du précis (6 octobre 2026) ; non relu ici",,,"famille selon la note : presse (communiqué); autres prix donnés : gasoil 50 ppm 1 200 ; pétrole 810 ; GPL 13 kg 7,700 D"
2010-12-12,oui,2010,gasoil ordinaire,1010.0,millimes par litre,1010.0,millimes par litre,"ajustement daté : presse, d'après un communiqué ou un tableau attribué à l'ANME",prix de vente au public à compter de la date d'ajustement,presse-kapitalis-2010-12-12,"Kapitalis, « Tunisie. Nouvelle hausse des prix des carburants », 12 décembre 2010, d'après le communiqué du ministère de l'Industrie et de la Technologie — `https://www.kapitalis.com/archive/191-conso/1980-tunisie-nouvelle-hausse-des-prix-des-carburants.html`",,"page lue ; calcul : oui ; contredit l'INS, qui reste à 1 320 et 960 en 2011 ; note documentaire n° 2 du précis (6 octobre 2026) ; non relu ici",,,"famille selon la note : presse (communiqué); autres prix donnés : gasoil 50 ppm 1 200 ; pétrole 810 ; GPL 13 kg 7,700 D"
2012-09-02,oui,2012,essence sans plomb,1470.0,millimes par litre,1470.0,millimes par litre,"ajustement daté : date officielle (rapport de 2014, BCT), niveau du relevé de l'INS",prix de vente au public à compter de la date d'ajustement,ins-bms,"date : rapport de 2014 ; niveaux : BMS, septembre 2012 ; Directinfo, 5 mars 2013 (+100 et +80)",,lus ; calcul : oui ; note documentaire n° 2 du précis (6 octobre 2026) ; non relu ici,,,famille selon la note : officielle + presse
2012-09-02,oui,2012,gasoil ordinaire,1090.0,millimes par litre,1090.0,millimes par litre,"ajustement daté : date officielle (rapport de 2014, BCT), niveau du relevé de l'INS",prix de vente au public à compter de la date d'ajustement,ins-bms,"date : rapport de 2014 ; niveaux : BMS, septembre 2012 ; Directinfo, 5 mars 2013 (+100 et +80)",,lus ; calcul : oui ; note documentaire n° 2 du précis (6 octobre 2026) ; non relu ici,,,famille selon la note : officielle + presse
2013-03-05,oui,2013,essence sans plomb,1570.0,millimes par litre,1570.0,millimes par litre,"ajustement daté : date officielle (rapport de 2014, BCT), niveau du relevé de l'INS",prix de vente au public à compter de la date d'ajustement,ins-bms,"Directinfo, 5 mars 2013 ; rapport de 2014 ; BMS, mars 2013 ; FMI, rapport n° 13/161, appendice (« increase in fuel prices and electricity tariffs by around 7 percent in March 2013 »)",,lus ; calcul : oui ; note documentaire n° 2 du précis (6 octobre 2026) ; non relu ici,,,famille selon la note : officielle + presse + FMI
2013-03-05,oui,2013,gasoil ordinaire,1170.0,millimes par litre,1170.0,millimes par litre,"ajustement daté : date officielle (rapport de 2014, BCT), niveau du relevé de l'INS",prix de vente au public à compter de la date d'ajustement,ins-bms,"Directinfo, 5 mars 2013 ; rapport de 2014 ; BMS, mars 2013 ; FMI, rapport n° 13/161, appendice (« increase in fuel prices and electricity tariffs by around 7 percent in March 2013 »)",,lus ; calcul : oui ; note documentaire n° 2 du précis (6 octobre 2026) ; non relu ici,,,famille selon la note : officielle + presse + FMI
2014-07-01,oui,2014,essence sans plomb,1670.0,millimes par litre,1670.0,millimes par litre,"ajustement daté : presse, d'après un communiqué ou un tableau attribué à l'ANME",prix de vente au public à compter de la date d'ajustement,presse-tekiano-2014-07-03,"Tekiano, 3 juillet 2014, d'après le communiqué du ministère de l'Industrie, de l'Énergie et des Mines — `https://www.tekiano.com/2014/07/03/tunisie-liste-des-nouveaux-prix-des-hydrocarbures-a-partir-du-1er-juillet-2014/` ; FMI, rapport n° 14/50 (« increased by around 6 percent on July 1, 2014 ») ; BMS, juillet 2014",,lus ; calcul : oui ; note documentaire n° 2 du précis (6 octobre 2026) ; non relu ici,,,famille selon la note : presse (communiqué) + FMI + officielle; autres prix donnés : gasoil 50 : 1 500
2014-07-01,oui,2014,gasoil ordinaire,1250.0,millimes par litre,1250.0,millimes par litre,"ajustement daté : presse, d'après un communiqué ou un tableau attribué à l'ANME",prix de vente au public à compter de la date d'ajustement,presse-tekiano-2014-07-03,"Tekiano, 3 juillet 2014, d'après le communiqué du ministère de l'Industrie, de l'Énergie et des Mines — `https://www.tekiano.com/2014/07/03/tunisie-liste-des-nouveaux-prix-des-hydrocarbures-a-partir-du-1er-juillet-2014/` ; FMI, rapport n° 14/50 (« increased by around 6 percent on July 1, 2014 ») ; BMS, juillet 2014",,lus ; calcul : oui ; note documentaire n° 2 du précis (6 octobre 2026) ; non relu ici,,,famille selon la note : presse (communiqué) + FMI + officielle; autres prix donnés : gasoil 50 : 1 500
2016-01-06,oui,2016,essence sans plomb,1650.0,millimes par litre,1650.0,millimes par litre,"ajustement daté : presse, d'après un communiqué ou un tableau attribué à l'ANME",prix de vente au public à compter de la date d'ajustement,presse-tekiano-2016-01-05,"Tekiano, 5 janvier 2016, d'après le communiqué du ministère (essence −20, gasoil 50 −50, gasoil −50, « à partir du mercredi 6 janvier ») — `https://www.tekiano.com/2016/01/05/tunisie-les-nouveaux-prix-de-lessence-et-gasoil-a-partir-du-06-janvier-2016/` ; BMS, janvier 2016 ; FMI, rapport n° 16/138 (« five percent decline in retail fuel prices last January »)",,lus ; calcul : oui ; note documentaire n° 2 du précis (6 octobre 2026) ; non relu ici,,,famille selon la note : presse (communiqué) + officielle; autres prix donnés : gasoil 50 : −50
2016-01-06,oui,2016,gasoil ordinaire,1200.0,millimes par litre,1200.0,millimes par litre,"ajustement daté : presse, d'après un communiqué ou un tableau attribué à l'ANME",prix de vente au public à compter de la date d'ajustement,presse-tekiano-2016-01-05,"Tekiano, 5 janvier 2016, d'après le communiqué du ministère (essence −20, gasoil 50 −50, gasoil −50, « à partir du mercredi 6 janvier ») — `https://www.tekiano.com/2016/01/05/tunisie-les-nouveaux-prix-de-lessence-et-gasoil-a-partir-du-06-janvier-2016/` ; BMS, janvier 2016 ; FMI, rapport n° 16/138 (« five percent decline in retail fuel prices last January »)",,lus ; calcul : oui ; note documentaire n° 2 du précis (6 octobre 2026) ; non relu ici,,,famille selon la note : presse (communiqué) + officielle; autres prix donnés : gasoil 50 : −50
2016-07-14,non : 2016-07-14 ou 07-16,2016,essence sans plomb,1650.0,millimes par litre,1650.0,millimes par litre,"ajustement daté : presse, d'après un communiqué ou un tableau attribué à l'ANME",prix de vente au public à compter de la date d'ajustement,presse-wmc-2006-09-07,"Webdo, 14 juillet 2016, « Baisse des prix du Gasoil et Gasoil 50, l'essence inchangé » (titre et résumé du moteur de recherche ; page non ouverte) ; BMS, juillet 2016 (1 140) ; la moyenne officielle de 2016 n'est redonnée qu'avec le 16 juillet",,niveau lu (INS) ; date à deux jours près ; note documentaire n° 2 du précis (6 octobre 2026) ; non relu ici,,,prix inchangé à cette date (l'ajustement porte sur l'autre carburant); famille selon la note : presse + officielle
2016-07-14,non : 2016-07-14 ou 07-16,2016,gasoil ordinaire,1140.0,millimes par litre,1140.0,millimes par litre,"ajustement daté : presse, d'après un communiqué ou un tableau attribué à l'ANME",prix de vente au public à compter de la date d'ajustement,presse-wmc-2006-09-07,"Webdo, 14 juillet 2016, « Baisse des prix du Gasoil et Gasoil 50, l'essence inchangé » (titre et résumé du moteur de recherche ; page non ouverte) ; BMS, juillet 2016 (1 140) ; la moyenne officielle de 2016 n'est redonnée qu'avec le 16 juillet",,niveau lu (INS) ; date à deux jours près ; note documentaire n° 2 du précis (6 octobre 2026) ; non relu ici,,,famille selon la note : presse + officielle
2018-01-01,oui,2018,essence sans plomb,1800.0,millimes par litre,1800.0,millimes par litre,"ajustement daté : presse, d'après un communiqué ou un tableau attribué à l'ANME",prix de vente au public à compter de la date d'ajustement,presse-kapitalis-2017-12-30,"Kapitalis, 30 décembre 2017 (« augmentera de 50 millimes à partir du 1er janvier 2018 ») — `http://kapitalis.com/tunisie/2017/12/30/a-partir-1er-janvier-2018-augmentation-prix-carburant/` ; L'Économiste maghrébin, 23 juin 2018 ; BMS, janvier 2018 ; niveaux : ONE, *Conjoncture* de décembre 2017",,lus — lève la réserve de la première note : l'état « au 31/12/2017 » est le prix entré en vigueur le 1er janvier 2018 à zéro heure ; note documentaire n° 2 du précis (6 octobre 2026) ; non relu ici,,,famille selon la note : presse + officielle; autres prix donnés : gasoil sans soufre 1 560 ; GPL 13 kg +300 millimes
2018-01-01,oui,2018,gasoil ordinaire,1280.0,millimes par litre,1280.0,millimes par litre,"ajustement daté : presse, d'après un communiqué ou un tableau attribué à l'ANME",prix de vente au public à compter de la date d'ajustement,presse-kapitalis-2017-12-30,"Kapitalis, 30 décembre 2017 (« augmentera de 50 millimes à partir du 1er janvier 2018 ») — `http://kapitalis.com/tunisie/2017/12/30/a-partir-1er-janvier-2018-augmentation-prix-carburant/` ; L'Économiste maghrébin, 23 juin 2018 ; BMS, janvier 2018 ; niveaux : ONE, *Conjoncture* de décembre 2017",,lus — lève la réserve de la première note : l'état « au 31/12/2017 » est le prix entré en vigueur le 1er janvier 2018 à zéro heure ; note documentaire n° 2 du précis (6 octobre 2026) ; non relu ici,,,famille selon la note : presse + officielle; autres prix donnés : gasoil sans soufre 1 560 ; GPL 13 kg +300 millimes
2018-04-01,oui,2018,essence sans plomb,1850.0,millimes par litre,1850.0,millimes par litre,"ajustement daté : presse, d'après un communiqué ou un tableau attribué à l'ANME",prix de vente au public à compter de la date d'ajustement,presse-tekiano-2018-04-02,"Tekiano, 2 avril 2018, d'après le communiqué (« à partir de dimanche 1er avril 2018, à zéro heure ») — `https://www.tekiano.com/2018/04/02/tunisie-les-nouveaux-prix-de-lessence-et-gasoil-a-partir-du-1er-avril-2018/`",,page lue ; l'INS ne l'enregistre qu'en mai ; note documentaire n° 2 du précis (6 octobre 2026) ; non relu ici,,,famille selon la note : presse (communiqué); autres prix donnés : gasoil sans soufre 1 610
2018-04-01,oui,2018,gasoil ordinaire,1330.0,millimes par litre,1330.0,millimes par litre,"ajustement daté : presse, d'après un communiqué ou un tableau attribué à l'ANME",prix de vente au public à compter de la date d'ajustement,presse-tekiano-2018-04-02,"Tekiano, 2 avril 2018, d'après le communiqué (« à partir de dimanche 1er avril 2018, à zéro heure ») — `https://www.tekiano.com/2018/04/02/tunisie-les-nouveaux-prix-de-lessence-et-gasoil-a-partir-du-1er-avril-2018/`",,page lue ; l'INS ne l'enregistre qu'en mai ; note documentaire n° 2 du précis (6 octobre 2026) ; non relu ici,,,famille selon la note : presse (communiqué); autres prix donnés : gasoil sans soufre 1 610
2018-06-23,oui,2018,essence sans plomb,1925.0,millimes par litre,1925.0,millimes par litre,"ajustement daté : presse, d'après un communiqué ou un tableau attribué à l'ANME",prix de vente au public à compter de la date d'ajustement,presse-economiste-maghrebin-2018-06-23,"L'Économiste maghrébin, 23 juin 2018, d'après le communiqué (+75 millimes) — `https://www.leconomistemaghrebin.com/2018/06/23/augmentation-prix-hydrocarbures/` ; BMS, juin 2018",,page lue ; note documentaire n° 2 du précis (6 octobre 2026) ; non relu ici,,,famille selon la note : presse (communiqué) + officielle; autres prix donnés : gasoil sans soufre 1 685
2018-06-23,oui,2018,gasoil ordinaire,1405.0,millimes par litre,1405.0,millimes par litre,"ajustement daté : presse, d'après un communiqué ou un tableau attribué à l'ANME",prix de vente au public à compter de la date d'ajustement,presse-economiste-maghrebin-2018-06-23,"L'Économiste maghrébin, 23 juin 2018, d'après le communiqué (+75 millimes) — `https://www.leconomistemaghrebin.com/2018/06/23/augmentation-prix-hydrocarbures/` ; BMS, juin 2018",,page lue ; note documentaire n° 2 du précis (6 octobre 2026) ; non relu ici,,,famille selon la note : presse (communiqué) + officielle; autres prix donnés : gasoil sans soufre 1 685
2007-11,non : mois du relevé,2007,gasoil (libellé de l'INS),840.0,millimes par litre,840.0,millimes,"INS, relevé mensuel des prix de détail à Tunis (Bulletin mensuel de la statistique)","premier mois où le relevé mensuel porte ce prix : un relevé, pas une date d'effet",ins-bms,"INS, Bulletin mensuel de la statistique, tableau 9.1 « Prix moyen de détail à Tunis », numéros de novembre 2008 à juillet 2026",,"couche texte, chaque mois recoupé sur plusieurs numéros, non relu à l'image ; note documentaire n° 2 du précis (6 octobre 2026) ; non relu ici",,,
2008-03,non : mois du relevé,2008,gasoil (libellé de l'INS),890.0,millimes par litre,890.0,millimes,"INS, relevé mensuel des prix de détail à Tunis (Bulletin mensuel de la statistique)","premier mois où le relevé mensuel porte ce prix : un relevé, pas une date d'effet",ins-bms,"INS, Bulletin mensuel de la statistique, tableau 9.1 « Prix moyen de détail à Tunis », numéros de novembre 2008 à juillet 2026",,"couche texte, chaque mois recoupé sur plusieurs numéros, non relu à l'image ; note documentaire n° 2 du précis (6 octobre 2026) ; non relu ici",,,
2008-07,non : mois du relevé,2008,gasoil (libellé de l'INS),960.0,millimes par litre,960.0,millimes,"INS, relevé mensuel des prix de détail à Tunis (Bulletin mensuel de la statistique)","premier mois où le relevé mensuel porte ce prix : un relevé, pas une date d'effet",ins-bms,"INS, Bulletin mensuel de la statistique, tableau 9.1 « Prix moyen de détail à Tunis », numéros de novembre 2008 à juillet 2026",,"couche texte, chaque mois recoupé sur plusieurs numéros, non relu à l'image ; note documentaire n° 2 du précis (6 octobre 2026) ; non relu ici",,,
2009-01,non : mois du relevé,2009,gasoil (libellé de l'INS),910.0,millimes par litre,910.0,millimes,"INS, relevé mensuel des prix de détail à Tunis (Bulletin mensuel de la statistique)","premier mois où le relevé mensuel porte ce prix : un relevé, pas une date d'effet",ins-bms,"INS, Bulletin mensuel de la statistique, tableau 9.1 « Prix moyen de détail à Tunis », numéros de novembre 2008 à juillet 2026",,"couche texte, chaque mois recoupé sur plusieurs numéros, non relu à l'image ; note documentaire n° 2 du précis (6 octobre 2026) ; non relu ici",,,
2010-02,non : mois du relevé,2010,gasoil (libellé de l'INS),960.0,millimes par litre,960.0,millimes,"INS, relevé mensuel des prix de détail à Tunis (Bulletin mensuel de la statistique)","premier mois où le relevé mensuel porte ce prix : un relevé, pas une date d'effet",ins-bms,"INS, Bulletin mensuel de la statistique, tableau 9.1 « Prix moyen de détail à Tunis », numéros de novembre 2008 à juillet 2026",,"couche texte, chaque mois recoupé sur plusieurs numéros, non relu à l'image ; note documentaire n° 2 du précis (6 octobre 2026) ; non relu ici",,,
2012-01,non : mois du relevé,2012,gasoil (libellé de l'INS),1010.0,millimes par litre,1010.0,millimes,"INS, relevé mensuel des prix de détail à Tunis (Bulletin mensuel de la statistique)","premier mois où le relevé mensuel porte ce prix : un relevé, pas une date d'effet",ins-bms,"INS, Bulletin mensuel de la statistique, tableau 9.1 « Prix moyen de détail à Tunis », numéros de novembre 2008 à juillet 2026",,"couche texte, chaque mois recoupé sur plusieurs numéros, non relu à l'image ; note documentaire n° 2 du précis (6 octobre 2026) ; non relu ici",,,2011 : relevé figé à tort à l'ancien prix ; le palier de 2012-01 est celui du 12 décembre 2010
2012-09,non : mois du relevé,2012,gasoil (libellé de l'INS),1090.0,millimes par litre,1090.0,millimes,"INS, relevé mensuel des prix de détail à Tunis (Bulletin mensuel de la statistique)","premier mois où le relevé mensuel porte ce prix : un relevé, pas une date d'effet",ins-bms,"INS, Bulletin mensuel de la statistique, tableau 9.1 « Prix moyen de détail à Tunis », numéros de novembre 2008 à juillet 2026",,"couche texte, chaque mois recoupé sur plusieurs numéros, non relu à l'image ; note documentaire n° 2 du précis (6 octobre 2026) ; non relu ici",,,
2013-03,non : mois du relevé,2013,gasoil (libellé de l'INS),1170.0,millimes par litre,1170.0,millimes,"INS, relevé mensuel des prix de détail à Tunis (Bulletin mensuel de la statistique)","premier mois où le relevé mensuel porte ce prix : un relevé, pas une date d'effet",ins-bms,"INS, Bulletin mensuel de la statistique, tableau 9.1 « Prix moyen de détail à Tunis », numéros de novembre 2008 à juillet 2026",,"couche texte, chaque mois recoupé sur plusieurs numéros, non relu à l'image ; note documentaire n° 2 du précis (6 octobre 2026) ; non relu ici",,,
2014-07,non : mois du relevé,2014,gasoil (libellé de l'INS),1250.0,millimes par litre,1250.0,millimes,"INS, relevé mensuel des prix de détail à Tunis (Bulletin mensuel de la statistique)","premier mois où le relevé mensuel porte ce prix : un relevé, pas une date d'effet",ins-bms,"INS, Bulletin mensuel de la statistique, tableau 9.1 « Prix moyen de détail à Tunis », numéros de novembre 2008 à juillet 2026",,"couche texte, chaque mois recoupé sur plusieurs numéros, non relu à l'image ; note documentaire n° 2 du précis (6 octobre 2026) ; non relu ici",,,
2016-01,non : mois du relevé,2016,gasoil (libellé de l'INS),1200.0,millimes par litre,1200.0,millimes,"INS, relevé mensuel des prix de détail à Tunis (Bulletin mensuel de la statistique)","premier mois où le relevé mensuel porte ce prix : un relevé, pas une date d'effet",ins-bms,"INS, Bulletin mensuel de la statistique, tableau 9.1 « Prix moyen de détail à Tunis », numéros de novembre 2008 à juillet 2026",,"couche texte, chaque mois recoupé sur plusieurs numéros, non relu à l'image ; note documentaire n° 2 du précis (6 octobre 2026) ; non relu ici",,,
2016-07,non : mois du relevé,2016,gasoil (libellé de l'INS),1140.0,millimes par litre,1140.0,millimes,"INS, relevé mensuel des prix de détail à Tunis (Bulletin mensuel de la statistique)","premier mois où le relevé mensuel porte ce prix : un relevé, pas une date d'effet",ins-bms,"INS, Bulletin mensuel de la statistique, tableau 9.1 « Prix moyen de détail à Tunis », numéros de novembre 2008 à juillet 2026",,"couche texte, chaque mois recoupé sur plusieurs numéros, non relu à l'image ; note documentaire n° 2 du précis (6 octobre 2026) ; non relu ici",,,
2017-07,non : mois du relevé,2017,gasoil (libellé de l'INS),1230.0,millimes par litre,1230.0,millimes,"INS, relevé mensuel des prix de détail à Tunis (Bulletin mensuel de la statistique)","premier mois où le relevé mensuel porte ce prix : un relevé, pas une date d'effet",ins-bms,"INS, Bulletin mensuel de la statistique, tableau 9.1 « Prix moyen de détail à Tunis », numéros de novembre 2008 à juillet 2026",,"couche texte, chaque mois recoupé sur plusieurs numéros, non relu à l'image ; note documentaire n° 2 du précis (6 octobre 2026) ; non relu ici",,,
2018-01,non : mois du relevé,2018,gasoil (libellé de l'INS),1280.0,millimes par litre,1280.0,millimes,"INS, relevé mensuel des prix de détail à Tunis (Bulletin mensuel de la statistique)","premier mois où le relevé mensuel porte ce prix : un relevé, pas une date d'effet",ins-bms,"INS, Bulletin mensuel de la statistique, tableau 9.1 « Prix moyen de détail à Tunis », numéros de novembre 2008 à juillet 2026",,"couche texte, chaque mois recoupé sur plusieurs numéros, non relu à l'image ; note documentaire n° 2 du précis (6 octobre 2026) ; non relu ici",,,
2018-05,non : mois du relevé,2018,gasoil (libellé de l'INS),1330.0,millimes par litre,1330.0,millimes,"INS, relevé mensuel des prix de détail à Tunis (Bulletin mensuel de la statistique)","premier mois où le relevé mensuel porte ce prix : un relevé, pas une date d'effet",ins-bms,"INS, Bulletin mensuel de la statistique, tableau 9.1 « Prix moyen de détail à Tunis », numéros de novembre 2008 à juillet 2026",,"couche texte, chaque mois recoupé sur plusieurs numéros, non relu à l'image ; note documentaire n° 2 du précis (6 octobre 2026) ; non relu ici",,,
2018-06,non : mois du relevé,2018,gasoil (libellé de l'INS),1405.0,millimes par litre,1405.0,millimes,"INS, relevé mensuel des prix de détail à Tunis (Bulletin mensuel de la statistique)","premier mois où le relevé mensuel porte ce prix : un relevé, pas une date d'effet",ins-bms,"INS, Bulletin mensuel de la statistique, tableau 9.1 « Prix moyen de détail à Tunis », numéros de novembre 2008 à juillet 2026",,"couche texte, chaque mois recoupé sur plusieurs numéros, non relu à l'image ; note documentaire n° 2 du précis (6 octobre 2026) ; non relu ici",,,
2018-09,non : mois du relevé,2018,gasoil (libellé de l'INS),1480.0,millimes par litre,1480.0,millimes,"INS, relevé mensuel des prix de détail à Tunis (Bulletin mensuel de la statistique)","premier mois où le relevé mensuel porte ce prix : un relevé, pas une date d'effet",ins-bms,"INS, Bulletin mensuel de la statistique, tableau 9.1 « Prix moyen de détail à Tunis », numéros de novembre 2008 à juillet 2026",,"couche texte, chaque mois recoupé sur plusieurs numéros, non relu à l'image ; note documentaire n° 2 du précis (6 octobre 2026) ; non relu ici",,,
2019-04,non : mois du relevé,2019,gasoil (libellé de l'INS),1570.0,millimes par litre,1570.0,millimes,"INS, relevé mensuel des prix de détail à Tunis (Bulletin mensuel de la statistique)","premier mois où le relevé mensuel porte ce prix : un relevé, pas une date d'effet",ins-bms,"INS, Bulletin mensuel de la statistique, tableau 9.1 « Prix moyen de détail à Tunis », numéros de novembre 2008 à juillet 2026",,"couche texte, chaque mois recoupé sur plusieurs numéros, non relu à l'image ; note documentaire n° 2 du précis (6 octobre 2026) ; non relu ici",,,
2007-11,non : mois du relevé,2007,essence (libellé de l'INS),1200.0,millimes par litre,1200.0,millimes,"INS, relevé mensuel des prix de détail à Tunis (Bulletin mensuel de la statistique)","premier mois où le relevé mensuel porte ce prix : un relevé, pas une date d'effet",ins-bms,"INS, Bulletin mensuel de la statistique, tableau 9.1 « Prix moyen de détail à Tunis », numéros de novembre 2008 à juillet 2026",,"couche texte, chaque mois recoupé sur plusieurs numéros, non relu à l'image ; note documentaire n° 2 du précis (6 octobre 2026) ; non relu ici",,,
2008-03,non : mois du relevé,2008,essence (libellé de l'INS),1250.0,millimes par litre,1250.0,millimes,"INS, relevé mensuel des prix de détail à Tunis (Bulletin mensuel de la statistique)","premier mois où le relevé mensuel porte ce prix : un relevé, pas une date d'effet",ins-bms,"INS, Bulletin mensuel de la statistique, tableau 9.1 « Prix moyen de détail à Tunis », numéros de novembre 2008 à juillet 2026",,"couche texte, chaque mois recoupé sur plusieurs numéros, non relu à l'image ; note documentaire n° 2 du précis (6 octobre 2026) ; non relu ici",,,
2008-07,non : mois du relevé,2008,essence (libellé de l'INS),1320.0,millimes par litre,1320.0,millimes,"INS, relevé mensuel des prix de détail à Tunis (Bulletin mensuel de la statistique)","premier mois où le relevé mensuel porte ce prix : un relevé, pas une date d'effet",ins-bms,"INS, Bulletin mensuel de la statistique, tableau 9.1 « Prix moyen de détail à Tunis », numéros de novembre 2008 à juillet 2026",,"couche texte, chaque mois recoupé sur plusieurs numéros, non relu à l'image ; note documentaire n° 2 du précis (6 octobre 2026) ; non relu ici",,,
2009-01,non : mois du relevé,2009,essence (libellé de l'INS),1270.0,millimes par litre,1270.0,millimes,"INS, relevé mensuel des prix de détail à Tunis (Bulletin mensuel de la statistique)","premier mois où le relevé mensuel porte ce prix : un relevé, pas une date d'effet",ins-bms,"INS, Bulletin mensuel de la statistique, tableau 9.1 « Prix moyen de détail à Tunis », numéros de novembre 2008 à juillet 2026",,"couche texte, chaque mois recoupé sur plusieurs numéros, non relu à l'image ; note documentaire n° 2 du précis (6 octobre 2026) ; non relu ici",,,
2010-02,non : mois du relevé,2010,essence (libellé de l'INS),1320.0,millimes par litre,1320.0,millimes,"INS, relevé mensuel des prix de détail à Tunis (Bulletin mensuel de la statistique)","premier mois où le relevé mensuel porte ce prix : un relevé, pas une date d'effet",ins-bms,"INS, Bulletin mensuel de la statistique, tableau 9.1 « Prix moyen de détail à Tunis », numéros de novembre 2008 à juillet 2026",,"couche texte, chaque mois recoupé sur plusieurs numéros, non relu à l'image ; note documentaire n° 2 du précis (6 octobre 2026) ; non relu ici",,,
2012-01,non : mois du relevé,2012,essence (libellé de l'INS),1370.0,millimes par litre,1370.0,millimes,"INS, relevé mensuel des prix de détail à Tunis (Bulletin mensuel de la statistique)","premier mois où le relevé mensuel porte ce prix : un relevé, pas une date d'effet",ins-bms,"INS, Bulletin mensuel de la statistique, tableau 9.1 « Prix moyen de détail à Tunis », numéros de novembre 2008 à juillet 2026",,"couche texte, chaque mois recoupé sur plusieurs numéros, non relu à l'image ; note documentaire n° 2 du précis (6 octobre 2026) ; non relu ici",,,2011 : relevé figé à tort à l'ancien prix ; le palier de 2012-01 est celui du 12 décembre 2010
2012-09,non : mois du relevé,2012,essence (libellé de l'INS),1470.0,millimes par litre,1470.0,millimes,"INS, relevé mensuel des prix de détail à Tunis (Bulletin mensuel de la statistique)","premier mois où le relevé mensuel porte ce prix : un relevé, pas une date d'effet",ins-bms,"INS, Bulletin mensuel de la statistique, tableau 9.1 « Prix moyen de détail à Tunis », numéros de novembre 2008 à juillet 2026",,"couche texte, chaque mois recoupé sur plusieurs numéros, non relu à l'image ; note documentaire n° 2 du précis (6 octobre 2026) ; non relu ici",,,
2013-03,non : mois du relevé,2013,essence (libellé de l'INS),1570.0,millimes par litre,1570.0,millimes,"INS, relevé mensuel des prix de détail à Tunis (Bulletin mensuel de la statistique)","premier mois où le relevé mensuel porte ce prix : un relevé, pas une date d'effet",ins-bms,"INS, Bulletin mensuel de la statistique, tableau 9.1 « Prix moyen de détail à Tunis », numéros de novembre 2008 à juillet 2026",,"couche texte, chaque mois recoupé sur plusieurs numéros, non relu à l'image ; note documentaire n° 2 du précis (6 octobre 2026) ; non relu ici",,,
2014-07,non : mois du relevé,2014,essence (libellé de l'INS),1670.0,millimes par litre,1670.0,millimes,"INS, relevé mensuel des prix de détail à Tunis (Bulletin mensuel de la statistique)","premier mois où le relevé mensuel porte ce prix : un relevé, pas une date d'effet",ins-bms,"INS, Bulletin mensuel de la statistique, tableau 9.1 « Prix moyen de détail à Tunis », numéros de novembre 2008 à juillet 2026",,"couche texte, chaque mois recoupé sur plusieurs numéros, non relu à l'image ; note documentaire n° 2 du précis (6 octobre 2026) ; non relu ici",,,
2016-01,non : mois du relevé,2016,essence (libellé de l'INS),1650.0,millimes par litre,1650.0,millimes,"INS, relevé mensuel des prix de détail à Tunis (Bulletin mensuel de la statistique)","premier mois où le relevé mensuel porte ce prix : un relevé, pas une date d'effet",ins-bms,"INS, Bulletin mensuel de la statistique, tableau 9.1 « Prix moyen de détail à Tunis », numéros de novembre 2008 à juillet 2026",,"couche texte, chaque mois recoupé sur plusieurs numéros, non relu à l'image ; note documentaire n° 2 du précis (6 octobre 2026) ; non relu ici",,,
2017-07,non : mois du relevé,2017,essence (libellé de l'INS),1750.0,millimes par litre,1750.0,millimes,"INS, relevé mensuel des prix de détail à Tunis (Bulletin mensuel de la statistique)","premier mois où le relevé mensuel porte ce prix : un relevé, pas une date d'effet",ins-bms,"INS, Bulletin mensuel de la statistique, tableau 9.1 « Prix moyen de détail à Tunis », numéros de novembre 2008 à juillet 2026",,"couche texte, chaque mois recoupé sur plusieurs numéros, non relu à l'image ; note documentaire n° 2 du précis (6 octobre 2026) ; non relu ici",,,
2018-01,non : mois du relevé,2018,essence (libellé de l'INS),1800.0,millimes par litre,1800.0,millimes,"INS, relevé mensuel des prix de détail à Tunis (Bulletin mensuel de la statistique)","premier mois où le relevé mensuel porte ce prix : un relevé, pas une date d'effet",ins-bms,"INS, Bulletin mensuel de la statistique, tableau 9.1 « Prix moyen de détail à Tunis », numéros de novembre 2008 à juillet 2026",,"couche texte, chaque mois recoupé sur plusieurs numéros, non relu à l'image ; note documentaire n° 2 du précis (6 octobre 2026) ; non relu ici",,,
2018-05,non : mois du relevé,2018,essence (libellé de l'INS),1850.0,millimes par litre,1850.0,millimes,"INS, relevé mensuel des prix de détail à Tunis (Bulletin mensuel de la statistique)","premier mois où le relevé mensuel porte ce prix : un relevé, pas une date d'effet",ins-bms,"INS, Bulletin mensuel de la statistique, tableau 9.1 « Prix moyen de détail à Tunis », numéros de novembre 2008 à juillet 2026",,"couche texte, chaque mois recoupé sur plusieurs numéros, non relu à l'image ; note documentaire n° 2 du précis (6 octobre 2026) ; non relu ici",,,
2018-06,non : mois du relevé,2018,essence (libellé de l'INS),1925.0,millimes par litre,1925.0,millimes,"INS, relevé mensuel des prix de détail à Tunis (Bulletin mensuel de la statistique)","premier mois où le relevé mensuel porte ce prix : un relevé, pas une date d'effet",ins-bms,"INS, Bulletin mensuel de la statistique, tableau 9.1 « Prix moyen de détail à Tunis », numéros de novembre 2008 à juillet 2026",,"couche texte, chaque mois recoupé sur plusieurs numéros, non relu à l'image ; note documentaire n° 2 du précis (6 octobre 2026) ; non relu ici",,,
2018-09,non : mois du relevé,2018,essence (libellé de l'INS),1985.0,millimes par litre,1985.0,millimes,"INS, relevé mensuel des prix de détail à Tunis (Bulletin mensuel de la statistique)","premier mois où le relevé mensuel porte ce prix : un relevé, pas une date d'effet",ins-bms,"INS, Bulletin mensuel de la statistique, tableau 9.1 « Prix moyen de détail à Tunis », numéros de novembre 2008 à juillet 2026",,"couche texte, chaque mois recoupé sur plusieurs numéros, non relu à l'image ; note documentaire n° 2 du précis (6 octobre 2026) ; non relu ici",,,
2019-04,non : mois du relevé,2019,essence (libellé de l'INS),2065.0,millimes par litre,2065.0,millimes,"INS, relevé mensuel des prix de détail à Tunis (Bulletin mensuel de la statistique)","premier mois où le relevé mensuel porte ce prix : un relevé, pas une date d'effet",ins-bms,"INS, Bulletin mensuel de la statistique, tableau 9.1 « Prix moyen de détail à Tunis », numéros de novembre 2008 à juillet 2026",,"couche texte, chaque mois recoupé sur plusieurs numéros, non relu à l'image ; note documentaire n° 2 du précis (6 octobre 2026) ; non relu ici",,,
2007-11,non : mois du relevé,2007,pétrole bleu (libellé de l'INS),640.0,millimes par litre,640.0,millimes,"INS, relevé mensuel des prix de détail à Tunis (Bulletin mensuel de la statistique)","premier mois où le relevé mensuel porte ce prix : un relevé, pas une date d'effet",ins-bms,"INS, Bulletin mensuel de la statistique, tableau 9.1 « Prix moyen de détail à Tunis », numéros de novembre 2008 à juillet 2026",,"couche texte, chaque mois recoupé sur plusieurs numéros, non relu à l'image ; note documentaire n° 2 du précis (6 octobre 2026) ; non relu ici",,,
2008-03,non : mois du relevé,2008,pétrole bleu (libellé de l'INS),690.0,millimes par litre,690.0,millimes,"INS, relevé mensuel des prix de détail à Tunis (Bulletin mensuel de la statistique)","premier mois où le relevé mensuel porte ce prix : un relevé, pas une date d'effet",ins-bms,"INS, Bulletin mensuel de la statistique, tableau 9.1 « Prix moyen de détail à Tunis », numéros de novembre 2008 à juillet 2026",,"couche texte, chaque mois recoupé sur plusieurs numéros, non relu à l'image ; note documentaire n° 2 du précis (6 octobre 2026) ; non relu ici",,,
2008-07,non : mois du relevé,2008,pétrole bleu (libellé de l'INS),760.0,millimes par litre,760.0,millimes,"INS, relevé mensuel des prix de détail à Tunis (Bulletin mensuel de la statistique)","premier mois où le relevé mensuel porte ce prix : un relevé, pas une date d'effet",ins-bms,"INS, Bulletin mensuel de la statistique, tableau 9.1 « Prix moyen de détail à Tunis », numéros de novembre 2008 à juillet 2026",,"couche texte, chaque mois recoupé sur plusieurs numéros, non relu à l'image ; note documentaire n° 2 du précis (6 octobre 2026) ; non relu ici",,,
2009-01,non : mois du relevé,2009,pétrole bleu (libellé de l'INS),710.0,millimes par litre,710.0,millimes,"INS, relevé mensuel des prix de détail à Tunis (Bulletin mensuel de la statistique)","premier mois où le relevé mensuel porte ce prix : un relevé, pas une date d'effet",ins-bms,"INS, Bulletin mensuel de la statistique, tableau 9.1 « Prix moyen de détail à Tunis », numéros de novembre 2008 à juillet 2026",,"couche texte, chaque mois recoupé sur plusieurs numéros, non relu à l'image ; note documentaire n° 2 du précis (6 octobre 2026) ; non relu ici",,,
2010-02,non : mois du relevé,2010,pétrole bleu (libellé de l'INS),760.0,millimes par litre,760.0,millimes,"INS, relevé mensuel des prix de détail à Tunis (Bulletin mensuel de la statistique)","premier mois où le relevé mensuel porte ce prix : un relevé, pas une date d'effet",ins-bms,"INS, Bulletin mensuel de la statistique, tableau 9.1 « Prix moyen de détail à Tunis », numéros de novembre 2008 à juillet 2026",,"couche texte, chaque mois recoupé sur plusieurs numéros, non relu à l'image ; note documentaire n° 2 du précis (6 octobre 2026) ; non relu ici",,,
2010-12,non : mois du relevé,2010,pétrole bleu (libellé de l'INS),810.0,millimes par litre,810.0,millimes,"INS, relevé mensuel des prix de détail à Tunis (Bulletin mensuel de la statistique)","premier mois où le relevé mensuel porte ce prix : un relevé, pas une date d'effet",ins-bms,"INS, Bulletin mensuel de la statistique, tableau 9.1 « Prix moyen de détail à Tunis », numéros de novembre 2008 à juillet 2026",,"couche texte, chaque mois recoupé sur plusieurs numéros, non relu à l'image ; note documentaire n° 2 du précis (6 octobre 2026) ; non relu ici",,,
2022-09,non : mois du relevé,2022,pétrole bleu (libellé de l'INS),950.0,millimes par litre,950.0,millimes,"INS, relevé mensuel des prix de détail à Tunis (Bulletin mensuel de la statistique)","premier mois où le relevé mensuel porte ce prix : un relevé, pas une date d'effet",ins-bms,"INS, Bulletin mensuel de la statistique, tableau 9.1 « Prix moyen de détail à Tunis », numéros de novembre 2008 à juillet 2026",,"couche texte, chaque mois recoupé sur plusieurs numéros, non relu à l'image ; note documentaire n° 2 du précis (6 octobre 2026) ; non relu ici",,,
2007-11,non : mois du relevé,2007,bouteille à gaz (libellé de l'INS),7000.0,millimes par bouteille,7000.0,millimes,"INS, relevé mensuel des prix de détail à Tunis (Bulletin mensuel de la statistique)","premier mois où le relevé mensuel porte ce prix : un relevé, pas une date d'effet",ins-bms,"INS, Bulletin mensuel de la statistique, tableau 9.1 « Prix moyen de détail à Tunis », numéros de novembre 2008 à juillet 2026",,"couche texte, chaque mois recoupé sur plusieurs numéros, non relu à l'image ; note documentaire n° 2 du précis (6 octobre 2026) ; non relu ici",,,
2008-03,non : mois du relevé,2008,bouteille à gaz (libellé de l'INS),7200.0,millimes par bouteille,7200.0,millimes,"INS, relevé mensuel des prix de détail à Tunis (Bulletin mensuel de la statistique)","premier mois où le relevé mensuel porte ce prix : un relevé, pas une date d'effet",ins-bms,"INS, Bulletin mensuel de la statistique, tableau 9.1 « Prix moyen de détail à Tunis », numéros de novembre 2008 à juillet 2026",,"couche texte, chaque mois recoupé sur plusieurs numéros, non relu à l'image ; note documentaire n° 2 du précis (6 octobre 2026) ; non relu ici",,,
2008-07,non : mois du relevé,2008,bouteille à gaz (libellé de l'INS),7500.0,millimes par bouteille,7500.0,millimes,"INS, relevé mensuel des prix de détail à Tunis (Bulletin mensuel de la statistique)","premier mois où le relevé mensuel porte ce prix : un relevé, pas une date d'effet",ins-bms,"INS, Bulletin mensuel de la statistique, tableau 9.1 « Prix moyen de détail à Tunis », numéros de novembre 2008 à juillet 2026",,"couche texte, chaque mois recoupé sur plusieurs numéros, non relu à l'image ; note documentaire n° 2 du précis (6 octobre 2026) ; non relu ici",,,
2009-01,non : mois du relevé,2009,bouteille à gaz (libellé de l'INS),7300.0,millimes par bouteille,7300.0,millimes,"INS, relevé mensuel des prix de détail à Tunis (Bulletin mensuel de la statistique)","premier mois où le relevé mensuel porte ce prix : un relevé, pas une date d'effet",ins-bms,"INS, Bulletin mensuel de la statistique, tableau 9.1 « Prix moyen de détail à Tunis », numéros de novembre 2008 à juillet 2026",,"couche texte, chaque mois recoupé sur plusieurs numéros, non relu à l'image ; note documentaire n° 2 du précis (6 octobre 2026) ; non relu ici",,,
2010-02,non : mois du relevé,2010,bouteille à gaz (libellé de l'INS),7500.0,millimes par bouteille,7500.0,millimes,"INS, relevé mensuel des prix de détail à Tunis (Bulletin mensuel de la statistique)","premier mois où le relevé mensuel porte ce prix : un relevé, pas une date d'effet",ins-bms,"INS, Bulletin mensuel de la statistique, tableau 9.1 « Prix moyen de détail à Tunis », numéros de novembre 2008 à juillet 2026",,"couche texte, chaque mois recoupé sur plusieurs numéros, non relu à l'image ; note documentaire n° 2 du précis (6 octobre 2026) ; non relu ici",,,
,sans objet (moyenne annuelle),2008,gasoil (libellé de l'INS),917.0,millimes par litre,917.0,millimes,"INS, moyenne annuelle imprimée dans le Bulletin mensuel de la statistique",moyenne annuelle du relevé mensuel,ins-bms,"INS, Bulletin mensuel de la statistique, tableau 9.1 « Prix moyen de détail à Tunis », numéros de novembre 2008 à juillet 2026",,"couche texte, non relu à l'image ; note documentaire n° 2 du précis (6 octobre 2026) ; non relu ici",,,
,sans objet (moyenne annuelle),2009,gasoil (libellé de l'INS),910.0,millimes par litre,910.0,millimes,"INS, moyenne annuelle imprimée dans le Bulletin mensuel de la statistique",moyenne annuelle du relevé mensuel,ins-bms,"INS, Bulletin mensuel de la statistique, tableau 9.1 « Prix moyen de détail à Tunis », numéros de novembre 2008 à juillet 2026",,"couche texte, non relu à l'image ; note documentaire n° 2 du précis (6 octobre 2026) ; non relu ici",,,
,sans objet (moyenne annuelle),2010,gasoil (libellé de l'INS),956.0,millimes par litre,956.0,millimes,"INS, moyenne annuelle imprimée dans le Bulletin mensuel de la statistique",moyenne annuelle du relevé mensuel,ins-bms,"INS, Bulletin mensuel de la statistique, tableau 9.1 « Prix moyen de détail à Tunis », numéros de novembre 2008 à juillet 2026",,"couche texte, non relu à l'image ; note documentaire n° 2 du précis (6 octobre 2026) ; non relu ici",,,
,sans objet (moyenne annuelle),2011,gasoil (libellé de l'INS),960.0,millimes par litre,960.0,millimes,"INS, moyenne annuelle imprimée dans le Bulletin mensuel de la statistique",moyenne annuelle du relevé mensuel,ins-bms,"INS, Bulletin mensuel de la statistique, tableau 9.1 « Prix moyen de détail à Tunis », numéros de novembre 2008 à juillet 2026",,"couche texte, non relu à l'image ; note documentaire n° 2 du précis (6 octobre 2026) ; non relu ici",,,MOYENNE FAUSSE : relevé figé en 2011 (1 010 selon le ministère)
,sans objet (moyenne annuelle),2012,gasoil (libellé de l'INS),1037.0,millimes par litre,1037.0,millimes,"INS, moyenne annuelle imprimée dans le Bulletin mensuel de la statistique",moyenne annuelle du relevé mensuel,ins-bms,"INS, Bulletin mensuel de la statistique, tableau 9.1 « Prix moyen de détail à Tunis », numéros de novembre 2008 à juillet 2026",,"couche texte, non relu à l'image ; note documentaire n° 2 du précis (6 octobre 2026) ; non relu ici",,,
,sans objet (moyenne annuelle),2013,gasoil (libellé de l'INS),1157.0,millimes par litre,1157.0,millimes,"INS, moyenne annuelle imprimée dans le Bulletin mensuel de la statistique",moyenne annuelle du relevé mensuel,ins-bms,"INS, Bulletin mensuel de la statistique, tableau 9.1 « Prix moyen de détail à Tunis », numéros de novembre 2008 à juillet 2026",,"couche texte, non relu à l'image ; note documentaire n° 2 du précis (6 octobre 2026) ; non relu ici",,,
,sans objet (moyenne annuelle),2014,gasoil (libellé de l'INS),1210.0,millimes par litre,1210.0,millimes,"INS, moyenne annuelle imprimée dans le Bulletin mensuel de la statistique",moyenne annuelle du relevé mensuel,ins-bms,"INS, Bulletin mensuel de la statistique, tableau 9.1 « Prix moyen de détail à Tunis », numéros de novembre 2008 à juillet 2026",,"couche texte, non relu à l'image ; note documentaire n° 2 du précis (6 octobre 2026) ; non relu ici",,,
,sans objet (moyenne annuelle),2015,gasoil (libellé de l'INS),1250.0,millimes par litre,1250.0,millimes,"INS, moyenne annuelle imprimée dans le Bulletin mensuel de la statistique",moyenne annuelle du relevé mensuel,ins-bms,"INS, Bulletin mensuel de la statistique, tableau 9.1 « Prix moyen de détail à Tunis », numéros de novembre 2008 à juillet 2026",,"couche texte, non relu à l'image ; note documentaire n° 2 du précis (6 octobre 2026) ; non relu ici",,,
,sans objet (moyenne annuelle),2016,gasoil (libellé de l'INS),1170.0,millimes par litre,1170.0,millimes,"INS, moyenne annuelle imprimée dans le Bulletin mensuel de la statistique",moyenne annuelle du relevé mensuel,ins-bms,"INS, Bulletin mensuel de la statistique, tableau 9.1 « Prix moyen de détail à Tunis », numéros de novembre 2008 à juillet 2026",,"couche texte, non relu à l'image ; note documentaire n° 2 du précis (6 octobre 2026) ; non relu ici",,,
,sans objet (moyenne annuelle),2017,gasoil (libellé de l'INS),1185.0,millimes par litre,1185.0,millimes,"INS, moyenne annuelle imprimée dans le Bulletin mensuel de la statistique",moyenne annuelle du relevé mensuel,ins-bms,"INS, Bulletin mensuel de la statistique, tableau 9.1 « Prix moyen de détail à Tunis », numéros de novembre 2008 à juillet 2026",,"couche texte, non relu à l'image ; note documentaire n° 2 du précis (6 octobre 2026) ; non relu ici",,,
,sans objet (moyenne annuelle),2018,gasoil (libellé de l'INS),1382.0,millimes par litre,1382.0,millimes,"INS, moyenne annuelle imprimée dans le Bulletin mensuel de la statistique",moyenne annuelle du relevé mensuel,ins-bms,"INS, Bulletin mensuel de la statistique, tableau 9.1 « Prix moyen de détail à Tunis », numéros de novembre 2008 à juillet 2026",,"couche texte, non relu à l'image ; note documentaire n° 2 du précis (6 octobre 2026) ; non relu ici",,,
,sans objet (moyenne annuelle),2019,gasoil (libellé de l'INS),1548.0,millimes par litre,1548.0,millimes,"INS, moyenne annuelle imprimée dans le Bulletin mensuel de la statistique",moyenne annuelle du relevé mensuel,ins-bms,"INS, Bulletin mensuel de la statistique, tableau 9.1 « Prix moyen de détail à Tunis », numéros de novembre 2008 à juillet 2026",,"couche texte, non relu à l'image ; note documentaire n° 2 du précis (6 octobre 2026) ; non relu ici",,,
,sans objet (moyenne annuelle),2020,gasoil (libellé de l'INS),1512.0,millimes par litre,1512.0,millimes,"INS, moyenne annuelle imprimée dans le Bulletin mensuel de la statistique",moyenne annuelle du relevé mensuel,ins-bms,"INS, Bulletin mensuel de la statistique, tableau 9.1 « Prix moyen de détail à Tunis », numéros de novembre 2008 à juillet 2026",,"couche texte, non relu à l'image ; note documentaire n° 2 du précis (6 octobre 2026) ; non relu ici",,,
,sans objet (moyenne annuelle),2021,gasoil (libellé de l'INS),1579.0,millimes par litre,1579.0,millimes,"INS, moyenne annuelle imprimée dans le Bulletin mensuel de la statistique",moyenne annuelle du relevé mensuel,ins-bms,"INS, Bulletin mensuel de la statistique, tableau 9.1 « Prix moyen de détail à Tunis », numéros de novembre 2008 à juillet 2026",,"couche texte, non relu à l'image ; note documentaire n° 2 du précis (6 octobre 2026) ; non relu ici",,,
,sans objet (moyenne annuelle),2022,gasoil (libellé de l'INS),1793.0,millimes par litre,1793.0,millimes,"INS, moyenne annuelle imprimée dans le Bulletin mensuel de la statistique",moyenne annuelle du relevé mensuel,ins-bms,"INS, Bulletin mensuel de la statistique, tableau 9.1 « Prix moyen de détail à Tunis », numéros de novembre 2008 à juillet 2026",,"couche texte, non relu à l'image ; note documentaire n° 2 du précis (6 octobre 2026) ; non relu ici",,,
,sans objet (moyenne annuelle),2023,gasoil (libellé de l'INS),1985.0,millimes par litre,1985.0,millimes,"INS, moyenne annuelle imprimée dans le Bulletin mensuel de la statistique",moyenne annuelle du relevé mensuel,ins-bms,"INS, Bulletin mensuel de la statistique, tableau 9.1 « Prix moyen de détail à Tunis », numéros de novembre 2008 à juillet 2026",,"couche texte, non relu à l'image ; note documentaire n° 2 du précis (6 octobre 2026) ; non relu ici",,,
,sans objet (moyenne annuelle),2024,gasoil (libellé de l'INS),1985.0,millimes par litre,1985.0,millimes,"INS, moyenne annuelle imprimée dans le Bulletin mensuel de la statistique",moyenne annuelle du relevé mensuel,ins-bms,"INS, Bulletin mensuel de la statistique, tableau 9.1 « Prix moyen de détail à Tunis », numéros de novembre 2008 à juillet 2026",,"couche texte, non relu à l'image ; note documentaire n° 2 du précis (6 octobre 2026) ; non relu ici",,,
,sans objet (moyenne annuelle),2025,gasoil (libellé de l'INS),1985.0,millimes par litre,1985.0,millimes,"INS, moyenne annuelle imprimée dans le Bulletin mensuel de la statistique",moyenne annuelle du relevé mensuel,ins-bms,"INS, Bulletin mensuel de la statistique, tableau 9.1 « Prix moyen de détail à Tunis », numéros de novembre 2008 à juillet 2026",,"couche texte, non relu à l'image ; note documentaire n° 2 du précis (6 octobre 2026) ; non relu ici",,,
