bareme,annee_salaires,coefficient,arrete,lien
1994-07-01,1961,6.48469,"Arrêté du ministre des affaires sociales du 17 novembre 1994, relatif à la fixation du barème d'actualisation des salaires pris en compte dans le calcul des pensions de vieillesse, d'invalidité et de survivants, article premier",https://www.pist.tn/jort/1994/1994F/Jo09394.pdf
1994-07-01,1962,6.355,"Arrêté du ministre des affaires sociales du 17 novembre 1994, relatif à la fixation du barème d'actualisation des salaires pris en compte dans le calcul des pensions de vieillesse, d'invalidité et de survivants, article premier",https://www.pist.tn/jort/1994/1994F/Jo09394.pdf
1994-07-01,1963,6.18793,"Arrêté du ministre des affaires sociales du 17 novembre 1994, relatif à la fixation du barème d'actualisation des salaires pris en compte dans le calcul des pensions de vieillesse, d'invalidité et de survivants, article premier",https://www.pist.tn/jort/1994/1994F/Jo09394.pdf
1994-07-01,1964,5.93925,"Arrêté du ministre des affaires sociales du 17 novembre 1994, relatif à la fixation du barème d'actualisation des salaires pris en compte dans le calcul des pensions de vieillesse, d'invalidité et de survivants, article premier",https://www.pist.tn/jort/1994/1994F/Jo09394.pdf
1994-07-01,1965,5.56968,"Arrêté du ministre des affaires sociales du 17 novembre 1994, relatif à la fixation du barème d'actualisation des salaires pris en compte dans le calcul des pensions de vieillesse, d'invalidité et de survivants, article premier",https://www.pist.tn/jort/1994/1994F/Jo09394.pdf
1994-07-01,1966,5.36287,"Arrêté du ministre des affaires sociales du 17 novembre 1994, relatif à la fixation du barème d'actualisation des salaires pris en compte dans le calcul des pensions de vieillesse, d'invalidité et de survivants, article premier",https://www.pist.tn/jort/1994/1994F/Jo09394.pdf
1994-07-01,1967,5.20902,"Arrêté du ministre des affaires sociales du 17 novembre 1994, relatif à la fixation du barème d'actualisation des salaires pris en compte dans le calcul des pensions de vieillesse, d'invalidité et de survivants, article premier",https://www.pist.tn/jort/1994/1994F/Jo09394.pdf
1994-07-01,1968,5.07588,"Arrêté du ministre des affaires sociales du 17 novembre 1994, relatif à la fixation du barème d'actualisation des salaires pris en compte dans le calcul des pensions de vieillesse, d'invalidité et de survivants, article premier",https://www.pist.tn/jort/1994/1994F/Jo09394.pdf
1994-07-01,1969,4.88095,"Arrêté du ministre des affaires sociales du 17 novembre 1994, relatif à la fixation du barème d'actualisation des salaires pris en compte dans le calcul des pensions de vieillesse, d'invalidité et de survivants, article premier",https://www.pist.tn/jort/1994/1994F/Jo09394.pdf
1994-07-01,1970,4.82903,"Arrêté du ministre des affaires sociales du 17 novembre 1994, relatif à la fixation du barème d'actualisation des salaires pris en compte dans le calcul des pensions de vieillesse, d'invalidité et de survivants, article premier",https://www.pist.tn/jort/1994/1994F/Jo09394.pdf
1994-07-01,1971,4.55556,"Arrêté du ministre des affaires sociales du 17 novembre 1994, relatif à la fixation du barème d'actualisation des salaires pris en compte dans le calcul des pensions de vieillesse, d'invalidité et de survivants, article premier",https://www.pist.tn/jort/1994/1994F/Jo09394.pdf
1994-07-01,1972,4.46278,"Arrêté du ministre des affaires sociales du 17 novembre 1994, relatif à la fixation du barème d'actualisation des salaires pris en compte dans le calcul des pensions de vieillesse, d'invalidité et de survivants, article premier",https://www.pist.tn/jort/1994/1994F/Jo09394.pdf
1994-07-01,1973,4.27083,"Arrêté du ministre des affaires sociales du 17 novembre 1994, relatif à la fixation du barème d'actualisation des salaires pris en compte dans le calcul des pensions de vieillesse, d'invalidité et de survivants, article premier",https://www.pist.tn/jort/1994/1994F/Jo09394.pdf
1994-07-01,1974,4.10265,"Arrêté du ministre des affaires sociales du 17 novembre 1994, relatif à la fixation du barème d'actualisation des salaires pris en compte dans le calcul des pensions de vieillesse, d'invalidité et de survivants, article premier",https://www.pist.tn/jort/1994/1994F/Jo09394.pdf
1994-07-01,1975,3.74705,"Arrêté du ministre des affaires sociales du 17 novembre 1994, relatif à la fixation du barème d'actualisation des salaires pris en compte dans le calcul des pensions de vieillesse, d'invalidité et de survivants, article premier",https://www.pist.tn/jort/1994/1994F/Jo09394.pdf
1994-07-01,1976,3.55624,"Arrêté du ministre des affaires sociales du 17 novembre 1994, relatif à la fixation du barème d'actualisation des salaires pris en compte dans le calcul des pensions de vieillesse, d'invalidité et de survivants, article premier",https://www.pist.tn/jort/1994/1994F/Jo09394.pdf
1994-07-01,1977,3.33246,"Arrêté du ministre des affaires sociales du 17 novembre 1994, relatif à la fixation du barème d'actualisation des salaires pris en compte dans le calcul des pensions de vieillesse, d'invalidité et de survivants, article premier",https://www.pist.tn/jort/1994/1994F/Jo09394.pdf
1994-07-01,1978,3.15541,"Arrêté du ministre des affaires sociales du 17 novembre 1994, relatif à la fixation du barème d'actualisation des salaires pris en compte dans le calcul des pensions de vieillesse, d'invalidité et de survivants, article premier",https://www.pist.tn/jort/1994/1994F/Jo09394.pdf
1994-07-01,1979,2.91113,"Arrêté du ministre des affaires sociales du 17 novembre 1994, relatif à la fixation du barème d'actualisation des salaires pris en compte dans le calcul des pensions de vieillesse, d'invalidité et de survivants, article premier",https://www.pist.tn/jort/1994/1994F/Jo09394.pdf
1994-07-01,1980,2.67241,"Arrêté du ministre des affaires sociales du 17 novembre 1994, relatif à la fixation du barème d'actualisation des salaires pris en compte dans le calcul des pensions de vieillesse, d'invalidité et de survivants, article premier",https://www.pist.tn/jort/1994/1994F/Jo09394.pdf
1994-07-01,1981,2.44517,"Arrêté du ministre des affaires sociales du 17 novembre 1994, relatif à la fixation du barème d'actualisation des salaires pris en compte dans le calcul des pensions de vieillesse, d'invalidité et de survivants, article premier",https://www.pist.tn/jort/1994/1994F/Jo09394.pdf
1994-07-01,1982,2.14334,"Arrêté du ministre des affaires sociales du 17 novembre 1994, relatif à la fixation du barème d'actualisation des salaires pris en compte dans le calcul des pensions de vieillesse, d'invalidité et de survivants, article premier",https://www.pist.tn/jort/1994/1994F/Jo09394.pdf
1994-07-01,1983,1.95719,"Arrêté du ministre des affaires sociales du 17 novembre 1994, relatif à la fixation du barème d'actualisation des salaires pris en compte dans le calcul des pensions de vieillesse, d'invalidité et de survivants, article premier",https://www.pist.tn/jort/1994/1994F/Jo09394.pdf
1994-07-01,1984,1.80181,"Arrêté du ministre des affaires sociales du 17 novembre 1994, relatif à la fixation du barème d'actualisation des salaires pris en compte dans le calcul des pensions de vieillesse, d'invalidité et de survivants, article premier",https://www.pist.tn/jort/1994/1994F/Jo09394.pdf
1994-07-01,1985,1.67678,"Arrêté du ministre des affaires sociales du 17 novembre 1994, relatif à la fixation du barème d'actualisation des salaires pris en compte dans le calcul des pensions de vieillesse, d'invalidité et de survivants, article premier",https://www.pist.tn/jort/1994/1994F/Jo09394.pdf
1994-07-01,1986,1.5781,"Arrêté du ministre des affaires sociales du 17 novembre 1994, relatif à la fixation du barème d'actualisation des salaires pris en compte dans le calcul des pensions de vieillesse, d'invalidité et de survivants, article premier",https://www.pist.tn/jort/1994/1994F/Jo09394.pdf
1994-07-01,1987,1.45924,"Arrêté du ministre des affaires sociales du 17 novembre 1994, relatif à la fixation du barème d'actualisation des salaires pris en compte dans le calcul des pensions de vieillesse, d'invalidité et de survivants, article premier",https://www.pist.tn/jort/1994/1994F/Jo09394.pdf
1994-07-01,1988,1.36081,"Arrêté du ministre des affaires sociales du 17 novembre 1994, relatif à la fixation du barème d'actualisation des salaires pris en compte dans le calcul des pensions de vieillesse, d'invalidité et de survivants, article premier",https://www.pist.tn/jort/1994/1994F/Jo09394.pdf
1994-07-01,1989,1.26342,"Arrêté du ministre des affaires sociales du 17 novembre 1994, relatif à la fixation du barème d'actualisation des salaires pris en compte dans le calcul des pensions de vieillesse, d'invalidité et de survivants, article premier",https://www.pist.tn/jort/1994/1994F/Jo09394.pdf
1994-07-01,1990,1.18541,"Arrêté du ministre des affaires sociales du 17 novembre 1994, relatif à la fixation du barème d'actualisation des salaires pris en compte dans le calcul des pensions de vieillesse, d'invalidité et de survivants, article premier",https://www.pist.tn/jort/1994/1994F/Jo09394.pdf
1994-07-01,1991,1.10005,"Arrêté du ministre des affaires sociales du 17 novembre 1994, relatif à la fixation du barème d'actualisation des salaires pris en compte dans le calcul des pensions de vieillesse, d'invalidité et de survivants, article premier",https://www.pist.tn/jort/1994/1994F/Jo09394.pdf
1994-07-01,1992,1.04197,"Arrêté du ministre des affaires sociales du 17 novembre 1994, relatif à la fixation du barème d'actualisation des salaires pris en compte dans le calcul des pensions de vieillesse, d'invalidité et de survivants, article premier",https://www.pist.tn/jort/1994/1994F/Jo09394.pdf
1994-07-01,1993,1.0,"Arrêté du ministre des affaires sociales du 17 novembre 1994, relatif à la fixation du barème d'actualisation des salaires pris en compte dans le calcul des pensions de vieillesse, d'invalidité et de survivants, article premier",https://www.pist.tn/jort/1994/1994F/Jo09394.pdf
1995-01-01,1961,6.77449,"Arrêté du ministre des affaires sociales du 16 mars 1995, relatif à la fixation du barème d'actualisation des salaires pris en compte dans le calcul des pensions de vieillesse, d'invalidité et de survivants, article premier",https://www.pist.tn/jort/1995/1995F/Jo02595.pdf
1995-01-01,1962,6.639,"Arrêté du ministre des affaires sociales du 16 mars 1995, relatif à la fixation du barème d'actualisation des salaires pris en compte dans le calcul des pensions de vieillesse, d'invalidité et de survivants, article premier",https://www.pist.tn/jort/1995/1995F/Jo02595.pdf
1995-01-01,1963,6.46446,"Arrêté du ministre des affaires sociales du 16 mars 1995, relatif à la fixation du barème d'actualisation des salaires pris en compte dans le calcul des pensions de vieillesse, d'invalidité et de survivants, article premier",https://www.pist.tn/jort/1995/1995F/Jo02595.pdf
1995-01-01,1964,6.20467,"Arrêté du ministre des affaires sociales du 16 mars 1995, relatif à la fixation du barème d'actualisation des salaires pris en compte dans le calcul des pensions de vieillesse, d'invalidité et de survivants, article premier",https://www.pist.tn/jort/1995/1995F/Jo02595.pdf
1995-01-01,1965,5.81858,"Arrêté du ministre des affaires sociales du 16 mars 1995, relatif à la fixation du barème d'actualisation des salaires pris en compte dans le calcul des pensions de vieillesse, d'invalidité et de survivants, article premier",https://www.pist.tn/jort/1995/1995F/Jo02595.pdf
1995-01-01,1966,5.60253,"Arrêté du ministre des affaires sociales du 16 mars 1995, relatif à la fixation du barème d'actualisation des salaires pris en compte dans le calcul des pensions de vieillesse, d'invalidité et de survivants, article premier",https://www.pist.tn/jort/1995/1995F/Jo02595.pdf
1995-01-01,1967,5.4418,"Arrêté du ministre des affaires sociales du 16 mars 1995, relatif à la fixation du barème d'actualisation des salaires pris en compte dans le calcul des pensions de vieillesse, d'invalidité et de survivants, article premier",https://www.pist.tn/jort/1995/1995F/Jo02595.pdf
1995-01-01,1968,5.30272,"Arrêté du ministre des affaires sociales du 16 mars 1995, relatif à la fixation du barème d'actualisation des salaires pris en compte dans le calcul des pensions de vieillesse, d'invalidité et de survivants, article premier",https://www.pist.tn/jort/1995/1995F/Jo02595.pdf
1995-01-01,1969,5.09908,"Arrêté du ministre des affaires sociales du 16 mars 1995, relatif à la fixation du barème d'actualisation des salaires pris en compte dans le calcul des pensions de vieillesse, d'invalidité et de survivants, article premier",https://www.pist.tn/jort/1995/1995F/Jo02595.pdf
1995-01-01,1970,5.04483,"Arrêté du ministre des affaires sociales du 16 mars 1995, relatif à la fixation du barème d'actualisation des salaires pris en compte dans le calcul des pensions de vieillesse, d'invalidité et de survivants, article premier",https://www.pist.tn/jort/1995/1995F/Jo02595.pdf
1995-01-01,1971,4.75914,"Arrêté du ministre des affaires sociales du 16 mars 1995, relatif à la fixation du barème d'actualisation des salaires pris en compte dans le calcul des pensions de vieillesse, d'invalidité et de survivants, article premier",https://www.pist.tn/jort/1995/1995F/Jo02595.pdf
1995-01-01,1972,4.66222,"Arrêté du ministre des affaires sociales du 16 mars 1995, relatif à la fixation du barème d'actualisation des salaires pris en compte dans le calcul des pensions de vieillesse, d'invalidité et de survivants, article premier",https://www.pist.tn/jort/1995/1995F/Jo02595.pdf
1995-01-01,1973,4.46169,"Arrêté du ministre des affaires sociales du 16 mars 1995, relatif à la fixation du barème d'actualisation des salaires pris en compte dans le calcul des pensions de vieillesse, d'invalidité et de survivants, article premier",https://www.pist.tn/jort/1995/1995F/Jo02595.pdf
1995-01-01,1974,4.28599,"Arrêté du ministre des affaires sociales du 16 mars 1995, relatif à la fixation du barème d'actualisation des salaires pris en compte dans le calcul des pensions de vieillesse, d'invalidité et de survivants, article premier",https://www.pist.tn/jort/1995/1995F/Jo02595.pdf
1995-01-01,1975,3.9145,"Arrêté du ministre des affaires sociales du 16 mars 1995, relatif à la fixation du barème d'actualisation des salaires pris en compte dans le calcul des pensions de vieillesse, d'invalidité et de survivants, article premier",https://www.pist.tn/jort/1995/1995F/Jo02595.pdf
1995-01-01,1976,3.71517,"Arrêté du ministre des affaires sociales du 16 mars 1995, relatif à la fixation du barème d'actualisation des salaires pris en compte dans le calcul des pensions de vieillesse, d'invalidité et de survivants, article premier",https://www.pist.tn/jort/1995/1995F/Jo02595.pdf
1995-01-01,1977,3.48138,"Arrêté du ministre des affaires sociales du 16 mars 1995, relatif à la fixation du barème d'actualisation des salaires pris en compte dans le calcul des pensions de vieillesse, d'invalidité et de survivants, article premier",https://www.pist.tn/jort/1995/1995F/Jo02595.pdf
1995-01-01,1978,3.29643,"Arrêté du ministre des affaires sociales du 16 mars 1995, relatif à la fixation du barème d'actualisation des salaires pris en compte dans le calcul des pensions de vieillesse, d'invalidité et de survivants, article premier",https://www.pist.tn/jort/1995/1995F/Jo02595.pdf
1995-01-01,1979,3.04123,"Arrêté du ministre des affaires sociales du 16 mars 1995, relatif à la fixation du barème d'actualisation des salaires pris en compte dans le calcul des pensions de vieillesse, d'invalidité et de survivants, article premier",https://www.pist.tn/jort/1995/1995F/Jo02595.pdf
1995-01-01,1980,2.79184,"Arrêté du ministre des affaires sociales du 16 mars 1995, relatif à la fixation du barème d'actualisation des salaires pris en compte dans le calcul des pensions de vieillesse, d'invalidité et de survivants, article premier",https://www.pist.tn/jort/1995/1995F/Jo02595.pdf
1995-01-01,1981,2.55444,"Arrêté du ministre des affaires sociales du 16 mars 1995, relatif à la fixation du barème d'actualisation des salaires pris en compte dans le calcul des pensions de vieillesse, d'invalidité et de survivants, article premier",https://www.pist.tn/jort/1995/1995F/Jo02595.pdf
1995-01-01,1982,2.23912,"Arrêté du ministre des affaires sociales du 16 mars 1995, relatif à la fixation du barème d'actualisation des salaires pris en compte dans le calcul des pensions de vieillesse, d'invalidité et de survivants, article premier",https://www.pist.tn/jort/1995/1995F/Jo02595.pdf
1995-01-01,1983,2.04466,"Arrêté du ministre des affaires sociales du 16 mars 1995, relatif à la fixation du barème d'actualisation des salaires pris en compte dans le calcul des pensions de vieillesse, d'invalidité et de survivants, article premier",https://www.pist.tn/jort/1995/1995F/Jo02595.pdf
1995-01-01,1984,1.88234,"Arrêté du ministre des affaires sociales du 16 mars 1995, relatif à la fixation du barème d'actualisation des salaires pris en compte dans le calcul des pensions de vieillesse, d'invalidité et de survivants, article premier",https://www.pist.tn/jort/1995/1995F/Jo02595.pdf
1995-01-01,1985,1.75172,"Arrêté du ministre des affaires sociales du 16 mars 1995, relatif à la fixation du barème d'actualisation des salaires pris en compte dans le calcul des pensions de vieillesse, d'invalidité et de survivants, article premier",https://www.pist.tn/jort/1995/1995F/Jo02595.pdf
1995-01-01,1986,1.64862,"Arrêté du ministre des affaires sociales du 16 mars 1995, relatif à la fixation du barème d'actualisation des salaires pris en compte dans le calcul des pensions de vieillesse, d'invalidité et de survivants, article premier",https://www.pist.tn/jort/1995/1995F/Jo02595.pdf
1995-01-01,1987,1.52445,"Arrêté du ministre des affaires sociales du 16 mars 1995, relatif à la fixation du barème d'actualisation des salaires pris en compte dans le calcul des pensions de vieillesse, d'invalidité et de survivants, article premier",https://www.pist.tn/jort/1995/1995F/Jo02595.pdf
1995-01-01,1988,1.42163,"Arrêté du ministre des affaires sociales du 16 mars 1995, relatif à la fixation du barème d'actualisation des salaires pris en compte dans le calcul des pensions de vieillesse, d'invalidité et de survivants, article premier",https://www.pist.tn/jort/1995/1995F/Jo02595.pdf
1995-01-01,1989,1.31988,"Arrêté du ministre des affaires sociales du 16 mars 1995, relatif à la fixation du barème d'actualisation des salaires pris en compte dans le calcul des pensions de vieillesse, d'invalidité et de survivants, article premier",https://www.pist.tn/jort/1995/1995F/Jo02595.pdf
1995-01-01,1990,1.23839,"Arrêté du ministre des affaires sociales du 16 mars 1995, relatif à la fixation du barème d'actualisation des salaires pris en compte dans le calcul des pensions de vieillesse, d'invalidité et de survivants, article premier",https://www.pist.tn/jort/1995/1995F/Jo02595.pdf
1995-01-01,1991,1.14921,"Arrêté du ministre des affaires sociales du 16 mars 1995, relatif à la fixation du barème d'actualisation des salaires pris en compte dans le calcul des pensions de vieillesse, d'invalidité et de survivants, article premier",https://www.pist.tn/jort/1995/1995F/Jo02595.pdf
1995-01-01,1992,1.08854,"Arrêté du ministre des affaires sociales du 16 mars 1995, relatif à la fixation du barème d'actualisation des salaires pris en compte dans le calcul des pensions de vieillesse, d'invalidité et de survivants, article premier",https://www.pist.tn/jort/1995/1995F/Jo02595.pdf
1995-01-01,1993,1.04469,"Arrêté du ministre des affaires sociales du 16 mars 1995, relatif à la fixation du barème d'actualisation des salaires pris en compte dans le calcul des pensions de vieillesse, d'invalidité et de survivants, article premier",https://www.pist.tn/jort/1995/1995F/Jo02595.pdf
1995-01-01,1994,1.0,"Arrêté du ministre des affaires sociales du 16 mars 1995, relatif à la fixation du barème d'actualisation des salaires pris en compte dans le calcul des pensions de vieillesse, d'invalidité et de survivants, article premier",https://www.pist.tn/jort/1995/1995F/Jo02595.pdf
1996-01-01,1961,7.19796,"Arrêté du ministre des affaires sociales du 13 mars 1996, relatif à la fixation du barème d'actualisation des salaires pris en compte dans le calcul des pensions de vieillesse, d'invalidité et de survivants, article premier",https://www.pist.tn/jort/1996/1996F/Jo02496.pdf
1996-01-01,1962,7.054,"Arrêté du ministre des affaires sociales du 13 mars 1996, relatif à la fixation du barème d'actualisation des salaires pris en compte dans le calcul des pensions de vieillesse, d'invalidité et de survivants, article premier",https://www.pist.tn/jort/1996/1996F/Jo02496.pdf
1996-01-01,1963,6.86855,"Arrêté du ministre des affaires sociales du 13 mars 1996, relatif à la fixation du barème d'actualisation des salaires pris en compte dans le calcul des pensions de vieillesse, d'invalidité et de survivants, article premier",https://www.pist.tn/jort/1996/1996F/Jo02496.pdf
1996-01-01,1964,6.59252,"Arrêté du ministre des affaires sociales du 13 mars 1996, relatif à la fixation du barème d'actualisation des salaires pris en compte dans le calcul des pensions de vieillesse, d'invalidité et de survivants, article premier",https://www.pist.tn/jort/1996/1996F/Jo02496.pdf
1996-01-01,1965,6.1813,"Arrêté du ministre des affaires sociales du 13 mars 1996, relatif à la fixation du barème d'actualisation des salaires pris en compte dans le calcul des pensions de vieillesse, d'invalidité et de survivants, article premier",https://www.pist.tn/jort/1996/1996F/Jo02496.pdf
1996-01-01,1966,5.95274,"Arrêté du ministre des affaires sociales du 13 mars 1996, relatif à la fixation du barème d'actualisation des salaires pris en compte dans le calcul des pensions de vieillesse, d'invalidité et de survivants, article premier",https://www.pist.tn/jort/1996/1996F/Jo02496.pdf
1996-01-01,1967,5.78197,"Arrêté du ministre des affaires sociales du 13 mars 1996, relatif à la fixation du barème d'actualisation des salaires pris en compte dans le calcul des pensions de vieillesse, d'invalidité et de survivants, article premier",https://www.pist.tn/jort/1996/1996F/Jo02496.pdf
1996-01-01,1968,5.63419,"Arrêté du ministre des affaires sociales du 13 mars 1996, relatif à la fixation du barème d'actualisation des salaires pris en compte dans le calcul des pensions de vieillesse, d'invalidité et de survivants, article premier",https://www.pist.tn/jort/1996/1996F/Jo02496.pdf
1996-01-01,1969,5.41782,"Arrêté du ministre des affaires sociales du 13 mars 1996, relatif à la fixation du barème d'actualisation des salaires pris en compte dans le calcul des pensions de vieillesse, d'invalidité et de survivants, article premier",https://www.pist.tn/jort/1996/1996F/Jo02496.pdf
1996-01-01,1970,5.36018,"Arrêté du ministre des affaires sociales du 13 mars 1996, relatif à la fixation du barème d'actualisation des salaires pris en compte dans le calcul des pensions de vieillesse, d'invalidité et de survivants, article premier",https://www.pist.tn/jort/1996/1996F/Jo02496.pdf
1996-01-01,1971,5.05663,"Arrêté du ministre des affaires sociales du 13 mars 1996, relatif à la fixation du barème d'actualisation des salaires pris en compte dans le calcul des pensions de vieillesse, d'invalidité et de survivants, article premier",https://www.pist.tn/jort/1996/1996F/Jo02496.pdf
1996-01-01,1972,4.95365,"Arrêté du ministre des affaires sociales du 13 mars 1996, relatif à la fixation du barème d'actualisation des salaires pris en compte dans le calcul des pensions de vieillesse, d'invalidité et de survivants, article premier",https://www.pist.tn/jort/1996/1996F/Jo02496.pdf
1996-01-01,1973,4.74059,"Arrêté du ministre des affaires sociales du 13 mars 1996, relatif à la fixation du barème d'actualisation des salaires pris en compte dans le calcul des pensions de vieillesse, d'invalidité et de survivants, article premier",https://www.pist.tn/jort/1996/1996F/Jo02496.pdf
1996-01-01,1974,4.55391,"Arrêté du ministre des affaires sociales du 13 mars 1996, relatif à la fixation du barème d'actualisation des salaires pris en compte dans le calcul des pensions de vieillesse, d'invalidité et de survivants, article premier",https://www.pist.tn/jort/1996/1996F/Jo02496.pdf
1996-01-01,1975,4.1592,"Arrêté du ministre des affaires sociales du 13 mars 1996, relatif à la fixation du barème d'actualisation des salaires pris en compte dans le calcul des pensions de vieillesse, d'invalidité et de survivants, article premier",https://www.pist.tn/jort/1996/1996F/Jo02496.pdf
1996-01-01,1976,3.9474,"Arrêté du ministre des affaires sociales du 13 mars 1996, relatif à la fixation du barème d'actualisation des salaires pris en compte dans le calcul des pensions de vieillesse, d'invalidité et de survivants, article premier",https://www.pist.tn/jort/1996/1996F/Jo02496.pdf
1996-01-01,1977,3.699,"Arrêté du ministre des affaires sociales du 13 mars 1996, relatif à la fixation du barème d'actualisation des salaires pris en compte dans le calcul des pensions de vieillesse, d'invalidité et de survivants, article premier",https://www.pist.tn/jort/1996/1996F/Jo02496.pdf
1996-01-01,1978,3.50248,"Arrêté du ministre des affaires sociales du 13 mars 1996, relatif à la fixation du barème d'actualisation des salaires pris en compte dans le calcul des pensions de vieillesse, d'invalidité et de survivants, article premier",https://www.pist.tn/jort/1996/1996F/Jo02496.pdf
1996-01-01,1979,3.23133,"Arrêté du ministre des affaires sociales du 13 mars 1996, relatif à la fixation du barème d'actualisation des salaires pris en compte dans le calcul des pensions de vieillesse, d'invalidité et de survivants, article premier",https://www.pist.tn/jort/1996/1996F/Jo02496.pdf
1996-01-01,1980,2.96636,"Arrêté du ministre des affaires sociales du 13 mars 1996, relatif à la fixation du barème d'actualisation des salaires pris en compte dans le calcul des pensions de vieillesse, d'invalidité et de survivants, article premier",https://www.pist.tn/jort/1996/1996F/Jo02496.pdf
1996-01-01,1981,2.71412,"Arrêté du ministre des affaires sociales du 13 mars 1996, relatif à la fixation du barème d'actualisation des salaires pris en compte dans le calcul des pensions de vieillesse, d'invalidité et de survivants, article premier",https://www.pist.tn/jort/1996/1996F/Jo02496.pdf
1996-01-01,1982,2.37909,"Arrêté du ministre des affaires sociales du 13 mars 1996, relatif à la fixation du barème d'actualisation des salaires pris en compte dans le calcul des pensions de vieillesse, d'invalidité et de survivants, article premier",https://www.pist.tn/jort/1996/1996F/Jo02496.pdf
1996-01-01,1983,2.17247,"Arrêté du ministre des affaires sociales du 13 mars 1996, relatif à la fixation du barème d'actualisation des salaires pris en compte dans le calcul des pensions de vieillesse, d'invalidité et de survivants, article premier",https://www.pist.tn/jort/1996/1996F/Jo02496.pdf
1996-01-01,1984,2.0,"Arrêté du ministre des affaires sociales du 13 mars 1996, relatif à la fixation du barème d'actualisation des salaires pris en compte dans le calcul des pensions de vieillesse, d'invalidité et de survivants, article premier",https://www.pist.tn/jort/1996/1996F/Jo02496.pdf
1996-01-01,1985,1.86121,"Arrêté du ministre des affaires sociales du 13 mars 1996, relatif à la fixation du barème d'actualisation des salaires pris en compte dans le calcul des pensions de vieillesse, d'invalidité et de survivants, article premier",https://www.pist.tn/jort/1996/1996F/Jo02496.pdf
1996-01-01,1986,1.75168,"Arrêté du ministre des affaires sociales du 13 mars 1996, relatif à la fixation du barème d'actualisation des salaires pris en compte dans le calcul des pensions de vieillesse, d'invalidité et de survivants, article premier",https://www.pist.tn/jort/1996/1996F/Jo02496.pdf
1996-01-01,1987,1.61975,"Arrêté du ministre des affaires sociales du 13 mars 1996, relatif à la fixation du barème d'actualisation des salaires pris en compte dans le calcul des pensions de vieillesse, d'invalidité et de survivants, article premier",https://www.pist.tn/jort/1996/1996F/Jo02496.pdf
1996-01-01,1988,1.51049,"Arrêté du ministre des affaires sociales du 13 mars 1996, relatif à la fixation du barème d'actualisation des salaires pris en compte dans le calcul des pensions de vieillesse, d'invalidité et de survivants, article premier",https://www.pist.tn/jort/1996/1996F/Jo02496.pdf
1996-01-01,1989,1.40239,"Arrêté du ministre des affaires sociales du 13 mars 1996, relatif à la fixation du barème d'actualisation des salaires pris en compte dans le calcul des pensions de vieillesse, d'invalidité et de survivants, article premier",https://www.pist.tn/jort/1996/1996F/Jo02496.pdf
1996-01-01,1990,1.3158,"Arrêté du ministre des affaires sociales du 13 mars 1996, relatif à la fixation du barème d'actualisation des salaires pris en compte dans le calcul des pensions de vieillesse, d'invalidité et de survivants, article premier",https://www.pist.tn/jort/1996/1996F/Jo02496.pdf
1996-01-01,1991,1.22105,"Arrêté du ministre des affaires sociales du 13 mars 1996, relatif à la fixation du barème d'actualisation des salaires pris en compte dans le calcul des pensions de vieillesse, d'invalidité et de survivants, article premier",https://www.pist.tn/jort/1996/1996F/Jo02496.pdf
1996-01-01,1992,1.15658,"Arrêté du ministre des affaires sociales du 13 mars 1996, relatif à la fixation du barème d'actualisation des salaires pris en compte dans le calcul des pensions de vieillesse, d'invalidité et de survivants, article premier",https://www.pist.tn/jort/1996/1996F/Jo02496.pdf
1996-01-01,1993,1.10999,"Arrêté du ministre des affaires sociales du 13 mars 1996, relatif à la fixation du barème d'actualisation des salaires pris en compte dans le calcul des pensions de vieillesse, d'invalidité et de survivants, article premier",https://www.pist.tn/jort/1996/1996F/Jo02496.pdf
1996-01-01,1994,1.06251,"Arrêté du ministre des affaires sociales du 13 mars 1996, relatif à la fixation du barème d'actualisation des salaires pris en compte dans le calcul des pensions de vieillesse, d'invalidité et de survivants, article premier",https://www.pist.tn/jort/1996/1996F/Jo02496.pdf
1996-01-01,1995,1.0,"Arrêté du ministre des affaires sociales du 13 mars 1996, relatif à la fixation du barème d'actualisation des salaires pris en compte dans le calcul des pensions de vieillesse, d'invalidité et de survivants, article premier",https://www.pist.tn/jort/1996/1996F/Jo02496.pdf
1997-01-01,1961,7.46429,"Arrêté du ministre des affaires sociales du 29 mars 1997, relatif à la fixation du barème d'actualisation des salaires pris en compte dans le calcul des pensions de vieillesse, d'invalidité et de survivants, article premier",https://www.pist.tn/jort/1997/1997F/Jo02797.pdf
1997-01-01,1962,7.315,"Arrêté du ministre des affaires sociales du 29 mars 1997, relatif à la fixation du barème d'actualisation des salaires pris en compte dans le calcul des pensions de vieillesse, d'invalidité et de survivants, article premier",https://www.pist.tn/jort/1997/1997F/Jo02797.pdf
1997-01-01,1963,7.12269,"Arrêté du ministre des affaires sociales du 29 mars 1997, relatif à la fixation du barème d'actualisation des salaires pris en compte dans le calcul des pensions de vieillesse, d'invalidité et de survivants, article premier",https://www.pist.tn/jort/1997/1997F/Jo02797.pdf
1997-01-01,1964,6.83645,"Arrêté du ministre des affaires sociales du 29 mars 1997, relatif à la fixation du barème d'actualisation des salaires pris en compte dans le calcul des pensions de vieillesse, d'invalidité et de survivants, article premier",https://www.pist.tn/jort/1997/1997F/Jo02797.pdf
1997-01-01,1965,6.41104,"Arrêté du ministre des affaires sociales du 29 mars 1997, relatif à la fixation du barème d'actualisation des salaires pris en compte dans le calcul des pensions de vieillesse, d'invalidité et de survivants, article premier",https://www.pist.tn/jort/1997/1997F/Jo02797.pdf
1997-01-01,1966,6.173,"Arrêté du ministre des affaires sociales du 29 mars 1997, relatif à la fixation du barème d'actualisation des salaires pris en compte dans le calcul des pensions de vieillesse, d'invalidité et de survivants, article premier",https://www.pist.tn/jort/1997/1997F/Jo02797.pdf
1997-01-01,1967,5.9959,"Arrêté du ministre des affaires sociales du 29 mars 1997, relatif à la fixation du barème d'actualisation des salaires pris en compte dans le calcul des pensions de vieillesse, d'invalidité et de survivants, article premier",https://www.pist.tn/jort/1997/1997F/Jo02797.pdf
1997-01-01,1968,5.84265,"Arrêté du ministre des affaires sociales du 29 mars 1997, relatif à la fixation du barème d'actualisation des salaires pris en compte dans le calcul des pensions de vieillesse, d'invalidité et de survivants, article premier",https://www.pist.tn/jort/1997/1997F/Jo02797.pdf
1997-01-01,1969,5.61828,"Arrêté du ministre des affaires sociales du 29 mars 1997, relatif à la fixation du barème d'actualisation des salaires pris en compte dans le calcul des pensions de vieillesse, d'invalidité et de survivants, article premier",https://www.pist.tn/jort/1997/1997F/Jo02797.pdf
1997-01-01,1970,5.55851,"Arrêté du ministre des affaires sociales du 29 mars 1997, relatif à la fixation du barème d'actualisation des salaires pris en compte dans le calcul des pensions de vieillesse, d'invalidité et de survivants, article premier",https://www.pist.tn/jort/1997/1997F/Jo02797.pdf
1997-01-01,1971,5.24373,"Arrêté du ministre des affaires sociales du 29 mars 1997, relatif à la fixation du barème d'actualisation des salaires pris en compte dans le calcul des pensions de vieillesse, d'invalidité et de survivants, article premier",https://www.pist.tn/jort/1997/1997F/Jo02797.pdf
1997-01-01,1972,5.13694,"Arrêté du ministre des affaires sociales du 29 mars 1997, relatif à la fixation du barème d'actualisation des salaires pris en compte dans le calcul des pensions de vieillesse, d'invalidité et de survivants, article premier",https://www.pist.tn/jort/1997/1997F/Jo02797.pdf
1997-01-01,1973,4.91599,"Arrêté du ministre des affaires sociales du 29 mars 1997, relatif à la fixation du barème d'actualisation des salaires pris en compte dans le calcul des pensions de vieillesse, d'invalidité et de survivants, article premier",https://www.pist.tn/jort/1997/1997F/Jo02797.pdf
1997-01-01,1974,4.7224,"Arrêté du ministre des affaires sociales du 29 mars 1997, relatif à la fixation du barème d'actualisation des salaires pris en compte dans le calcul des pensions de vieillesse, d'invalidité et de survivants, article premier",https://www.pist.tn/jort/1997/1997F/Jo02797.pdf
1997-01-01,1975,4.31309,"Arrêté du ministre des affaires sociales du 29 mars 1997, relatif à la fixation du barème d'actualisation des salaires pris en compte dans le calcul des pensions de vieillesse, d'invalidité et de survivants, article premier",https://www.pist.tn/jort/1997/1997F/Jo02797.pdf
1997-01-01,1976,4.09345,"Arrêté du ministre des affaires sociales du 29 mars 1997, relatif à la fixation du barème d'actualisation des salaires pris en compte dans le calcul des pensions de vieillesse, d'invalidité et de survivants, article premier",https://www.pist.tn/jort/1997/1997F/Jo02797.pdf
1997-01-01,1977,3.83587,"Arrêté du ministre des affaires sociales du 29 mars 1997, relatif à la fixation du barème d'actualisation des salaires pris en compte dans le calcul des pensions de vieillesse, d'invalidité et de survivants, article premier",https://www.pist.tn/jort/1997/1997F/Jo02797.pdf
1997-01-01,1978,3.63208,"Arrêté du ministre des affaires sociales du 29 mars 1997, relatif à la fixation du barème d'actualisation des salaires pris en compte dans le calcul des pensions de vieillesse, d'invalidité et de survivants, article premier",https://www.pist.tn/jort/1997/1997F/Jo02797.pdf
1997-01-01,1979,3.35089,"Arrêté du ministre des affaires sociales du 29 mars 1997, relatif à la fixation du barème d'actualisation des salaires pris en compte dans le calcul des pensions de vieillesse, d'invalidité et de survivants, article premier",https://www.pist.tn/jort/1997/1997F/Jo02797.pdf
1997-01-01,1980,3.07611,"Arrêté du ministre des affaires sociales du 29 mars 1997, relatif à la fixation du barème d'actualisation des salaires pris en compte dans le calcul des pensions de vieillesse, d'invalidité et de survivants, article premier",https://www.pist.tn/jort/1997/1997F/Jo02797.pdf
1997-01-01,1981,2.81454,"Arrêté du ministre des affaires sociales du 29 mars 1997, relatif à la fixation du barème d'actualisation des salaires pris en compte dans le calcul des pensions de vieillesse, d'invalidité et de survivants, article premier",https://www.pist.tn/jort/1997/1997F/Jo02797.pdf
1997-01-01,1982,2.46712,"Arrêté du ministre des affaires sociales du 29 mars 1997, relatif à la fixation du barème d'actualisation des salaires pris en compte dans le calcul des pensions de vieillesse, d'invalidité et de survivants, article premier",https://www.pist.tn/jort/1997/1997F/Jo02797.pdf
1997-01-01,1983,2.25285,"Arrêté du ministre des affaires sociales du 29 mars 1997, relatif à la fixation du barème d'actualisation des salaires pris en compte dans le calcul des pensions de vieillesse, d'invalidité et de survivants, article premier",https://www.pist.tn/jort/1997/1997F/Jo02797.pdf
1997-01-01,1984,2.074,"Arrêté du ministre des affaires sociales du 29 mars 1997, relatif à la fixation du barème d'actualisation des salaires pris en compte dans le calcul des pensions de vieillesse, d'invalidité et de survivants, article premier",https://www.pist.tn/jort/1997/1997F/Jo02797.pdf
1997-01-01,1985,1.93008,"Arrêté du ministre des affaires sociales du 29 mars 1997, relatif à la fixation du barème d'actualisation des salaires pris en compte dans le calcul des pensions de vieillesse, d'invalidité et de survivants, article premier",https://www.pist.tn/jort/1997/1997F/Jo02797.pdf
1997-01-01,1986,1.81649,"Arrêté du ministre des affaires sociales du 29 mars 1997, relatif à la fixation du barème d'actualisation des salaires pris en compte dans le calcul des pensions de vieillesse, d'invalidité et de survivants, article premier",https://www.pist.tn/jort/1997/1997F/Jo02797.pdf
1997-01-01,1987,1.67968,"Arrêté du ministre des affaires sociales du 29 mars 1997, relatif à la fixation du barème d'actualisation des salaires pris en compte dans le calcul des pensions de vieillesse, d'invalidité et de survivants, article premier",https://www.pist.tn/jort/1997/1997F/Jo02797.pdf
1997-01-01,1988,1.56638,"Arrêté du ministre des affaires sociales du 29 mars 1997, relatif à la fixation du barème d'actualisation des salaires pris en compte dans le calcul des pensions de vieillesse, d'invalidité et de survivants, article premier",https://www.pist.tn/jort/1997/1997F/Jo02797.pdf
1997-01-01,1989,1.45427,"Arrêté du ministre des affaires sociales du 29 mars 1997, relatif à la fixation du barème d'actualisation des salaires pris en compte dans le calcul des pensions de vieillesse, d'invalidité et de survivants, article premier",https://www.pist.tn/jort/1997/1997F/Jo02797.pdf
1997-01-01,1990,1.36448,"Arrêté du ministre des affaires sociales du 29 mars 1997, relatif à la fixation du barème d'actualisation des salaires pris en compte dans le calcul des pensions de vieillesse, d'invalidité et de survivants, article premier",https://www.pist.tn/jort/1997/1997F/Jo02797.pdf
1997-01-01,1991,1.26623,"Arrêté du ministre des affaires sociales du 29 mars 1997, relatif à la fixation du barème d'actualisation des salaires pris en compte dans le calcul des pensions de vieillesse, d'invalidité et de survivants, article premier",https://www.pist.tn/jort/1997/1997F/Jo02797.pdf
1997-01-01,1992,1.19938,"Arrêté du ministre des affaires sociales du 29 mars 1997, relatif à la fixation du barème d'actualisation des salaires pris en compte dans le calcul des pensions de vieillesse, d'invalidité et de survivants, article premier",https://www.pist.tn/jort/1997/1997F/Jo02797.pdf
1997-01-01,1993,1.15106,"Arrêté du ministre des affaires sociales du 29 mars 1997, relatif à la fixation du barème d'actualisation des salaires pris en compte dans le calcul des pensions de vieillesse, d'invalidité et de survivants, article premier",https://www.pist.tn/jort/1997/1997F/Jo02797.pdf
1997-01-01,1994,1.10182,"Arrêté du ministre des affaires sociales du 29 mars 1997, relatif à la fixation du barème d'actualisation des salaires pris en compte dans le calcul des pensions de vieillesse, d'invalidité et de survivants, article premier",https://www.pist.tn/jort/1997/1997F/Jo02797.pdf
1997-01-01,1995,1.037,"Arrêté du ministre des affaires sociales du 29 mars 1997, relatif à la fixation du barème d'actualisation des salaires pris en compte dans le calcul des pensions de vieillesse, d'invalidité et de survivants, article premier",https://www.pist.tn/jort/1997/1997F/Jo02797.pdf
1997-01-01,1996,1.0,"Arrêté du ministre des affaires sociales du 29 mars 1997, relatif à la fixation du barème d'actualisation des salaires pris en compte dans le calcul des pensions de vieillesse, d'invalidité et de survivants, article premier",https://www.pist.tn/jort/1997/1997F/Jo02797.pdf
1998-01-01,1961,7.74082,"Arrêté du ministre des affaires sociales du 27 avril 1998, relatif à la fixation du barème d'actualisation des salaires pris en compte dans le calcul des pensions de vieillesse, d'invalidité et de survivants, article premier",https://www.pist.tn/jort/1998/1998F/Jo03798.pdf
1998-01-01,1962,7.586,"Arrêté du ministre des affaires sociales du 27 avril 1998, relatif à la fixation du barème d'actualisation des salaires pris en compte dans le calcul des pensions de vieillesse, d'invalidité et de survivants, article premier",https://www.pist.tn/jort/1998/1998F/Jo03798.pdf
1998-01-01,1963,7.38656,"Arrêté du ministre des affaires sociales du 27 avril 1998, relatif à la fixation du barème d'actualisation des salaires pris en compte dans le calcul des pensions de vieillesse, d'invalidité et de survivants, article premier",https://www.pist.tn/jort/1998/1998F/Jo03798.pdf
1998-01-01,1964,7.08972,"Arrêté du ministre des affaires sociales du 27 avril 1998, relatif à la fixation du barème d'actualisation des salaires pris en compte dans le calcul des pensions de vieillesse, d'invalidité et de survivants, article premier",https://www.pist.tn/jort/1998/1998F/Jo03798.pdf
1998-01-01,1965,6.64855,"Arrêté du ministre des affaires sociales du 27 avril 1998, relatif à la fixation du barème d'actualisation des salaires pris en compte dans le calcul des pensions de vieillesse, d'invalidité et de survivants, article premier",https://www.pist.tn/jort/1998/1998F/Jo03798.pdf
1998-01-01,1966,6.40169,"Arrêté du ministre des affaires sociales du 27 avril 1998, relatif à la fixation du barème d'actualisation des salaires pris en compte dans le calcul des pensions de vieillesse, d'invalidité et de survivants, article premier",https://www.pist.tn/jort/1998/1998F/Jo03798.pdf
1998-01-01,1967,6.21803,"Arrêté du ministre des affaires sociales du 27 avril 1998, relatif à la fixation du barème d'actualisation des salaires pris en compte dans le calcul des pensions de vieillesse, d'invalidité et de survivants, article premier",https://www.pist.tn/jort/1998/1998F/Jo03798.pdf
1998-01-01,1968,6.05911,"Arrêté du ministre des affaires sociales du 27 avril 1998, relatif à la fixation du barème d'actualisation des salaires pris en compte dans le calcul des pensions de vieillesse, d'invalidité et de survivants, article premier",https://www.pist.tn/jort/1998/1998F/Jo03798.pdf
1998-01-01,1969,5.82642,"Arrêté du ministre des affaires sociales du 27 avril 1998, relatif à la fixation du barème d'actualisation des salaires pris en compte dans le calcul des pensions de vieillesse, d'invalidité et de survivants, article premier",https://www.pist.tn/jort/1998/1998F/Jo03798.pdf
1998-01-01,1970,5.76444,"Arrêté du ministre des affaires sociales du 27 avril 1998, relatif à la fixation du barème d'actualisation des salaires pris en compte dans le calcul des pensions de vieillesse, d'invalidité et de survivants, article premier",https://www.pist.tn/jort/1998/1998F/Jo03798.pdf
1998-01-01,1971,5.43799,"Arrêté du ministre des affaires sociales du 27 avril 1998, relatif à la fixation du barème d'actualisation des salaires pris en compte dans le calcul des pensions de vieillesse, d'invalidité et de survivants, article premier",https://www.pist.tn/jort/1998/1998F/Jo03798.pdf
1998-01-01,1972,5.32725,"Arrêté du ministre des affaires sociales du 27 avril 1998, relatif à la fixation du barème d'actualisation des salaires pris en compte dans le calcul des pensions de vieillesse, d'invalidité et de survivants, article premier",https://www.pist.tn/jort/1998/1998F/Jo03798.pdf
1998-01-01,1973,5.09812,"Arrêté du ministre des affaires sociales du 27 avril 1998, relatif à la fixation du barème d'actualisation des salaires pris en compte dans le calcul des pensions de vieillesse, d'invalidité et de survivants, article premier",https://www.pist.tn/jort/1998/1998F/Jo03798.pdf
1998-01-01,1974,4.89735,"Arrêté du ministre des affaires sociales du 27 avril 1998, relatif à la fixation du barème d'actualisation des salaires pris en compte dans le calcul des pensions de vieillesse, d'invalidité et de survivants, article premier",https://www.pist.tn/jort/1998/1998F/Jo03798.pdf
1998-01-01,1975,4.47288,"Arrêté du ministre des affaires sociales du 27 avril 1998, relatif à la fixation du barème d'actualisation des salaires pris en compte dans le calcul des pensions de vieillesse, d'invalidité et de survivants, article premier",https://www.pist.tn/jort/1998/1998F/Jo03798.pdf
1998-01-01,1976,4.2451,"Arrêté du ministre des affaires sociales du 27 avril 1998, relatif à la fixation du barème d'actualisation des salaires pris en compte dans le calcul des pensions de vieillesse, d'invalidité et de survivants, article premier",https://www.pist.tn/jort/1998/1998F/Jo03798.pdf
1998-01-01,1977,3.97798,"Arrêté du ministre des affaires sociales du 27 avril 1998, relatif à la fixation du barème d'actualisation des salaires pris en compte dans le calcul des pensions de vieillesse, d'invalidité et de survivants, article premier",https://www.pist.tn/jort/1998/1998F/Jo03798.pdf
1998-01-01,1978,3.76663,"Arrêté du ministre des affaires sociales du 27 avril 1998, relatif à la fixation du barème d'actualisation des salaires pris en compte dans le calcul des pensions de vieillesse, d'invalidité et de survivants, article premier",https://www.pist.tn/jort/1998/1998F/Jo03798.pdf
1998-01-01,1979,3.47503,"Arrêté du ministre des affaires sociales du 27 avril 1998, relatif à la fixation du barème d'actualisation des salaires pris en compte dans le calcul des pensions de vieillesse, d'invalidité et de survivants, article premier",https://www.pist.tn/jort/1998/1998F/Jo03798.pdf
1998-01-01,1980,3.19008,"Arrêté du ministre des affaires sociales du 27 avril 1998, relatif à la fixation du barème d'actualisation des salaires pris en compte dans le calcul des pensions de vieillesse, d'invalidité et de survivants, article premier",https://www.pist.tn/jort/1998/1998F/Jo03798.pdf
1998-01-01,1981,2.91881,"Arrêté du ministre des affaires sociales du 27 avril 1998, relatif à la fixation du barème d'actualisation des salaires pris en compte dans le calcul des pensions de vieillesse, d'invalidité et de survivants, article premier",https://www.pist.tn/jort/1998/1998F/Jo03798.pdf
1998-01-01,1982,2.55852,"Arrêté du ministre des affaires sociales du 27 avril 1998, relatif à la fixation du barème d'actualisation des salaires pris en compte dans le calcul des pensions de vieillesse, d'invalidité et de survivants, article premier",https://www.pist.tn/jort/1998/1998F/Jo03798.pdf
1998-01-01,1983,2.33631,"Arrêté du ministre des affaires sociales du 27 avril 1998, relatif à la fixation du barème d'actualisation des salaires pris en compte dans le calcul des pensions de vieillesse, d'invalidité et de survivants, article premier",https://www.pist.tn/jort/1998/1998F/Jo03798.pdf
1998-01-01,1984,2.15084,"Arrêté du ministre des affaires sociales du 27 avril 1998, relatif à la fixation du barème d'actualisation des salaires pris en compte dans le calcul des pensions de vieillesse, d'invalidité et de survivants, article premier",https://www.pist.tn/jort/1998/1998F/Jo03798.pdf
1998-01-01,1985,2.00158,"Arrêté du ministre des affaires sociales du 27 avril 1998, relatif à la fixation du barème d'actualisation des salaires pris en compte dans le calcul des pensions de vieillesse, d'invalidité et de survivants, article premier",https://www.pist.tn/jort/1998/1998F/Jo03798.pdf
1998-01-01,1986,1.88378,"Arrêté du ministre des affaires sociales du 27 avril 1998, relatif à la fixation du barème d'actualisation des salaires pris en compte dans le calcul des pensions de vieillesse, d'invalidité et de survivants, article premier",https://www.pist.tn/jort/1998/1998F/Jo03798.pdf
1998-01-01,1987,1.74191,"Arrêté du ministre des affaires sociales du 27 avril 1998, relatif à la fixation du barème d'actualisation des salaires pris en compte dans le calcul des pensions de vieillesse, d'invalidité et de survivants, article premier",https://www.pist.tn/jort/1998/1998F/Jo03798.pdf
1998-01-01,1988,1.62441,"Arrêté du ministre des affaires sociales du 27 avril 1998, relatif à la fixation du barème d'actualisation des salaires pris en compte dans le calcul des pensions de vieillesse, d'invalidité et de survivants, article premier",https://www.pist.tn/jort/1998/1998F/Jo03798.pdf
1998-01-01,1989,1.50815,"Arrêté du ministre des affaires sociales du 27 avril 1998, relatif à la fixation du barème d'actualisation des salaires pris en compte dans le calcul des pensions de vieillesse, d'invalidité et de survivants, article premier",https://www.pist.tn/jort/1998/1998F/Jo03798.pdf
1998-01-01,1990,1.41503,"Arrêté du ministre des affaires sociales du 27 avril 1998, relatif à la fixation du barème d'actualisation des salaires pris en compte dans le calcul des pensions de vieillesse, d'invalidité et de survivants, article premier",https://www.pist.tn/jort/1998/1998F/Jo03798.pdf
1998-01-01,1991,1.31314,"Arrêté du ministre des affaires sociales du 27 avril 1998, relatif à la fixation du barème d'actualisation des salaires pris en compte dans le calcul des pensions de vieillesse, d'invalidité et de survivants, article premier",https://www.pist.tn/jort/1998/1998F/Jo03798.pdf
1998-01-01,1992,1.24381,"Arrêté du ministre des affaires sociales du 27 avril 1998, relatif à la fixation du barème d'actualisation des salaires pris en compte dans le calcul des pensions de vieillesse, d'invalidité et de survivants, article premier",https://www.pist.tn/jort/1998/1998F/Jo03798.pdf
1998-01-01,1993,1.19371,"Arrêté du ministre des affaires sociales du 27 avril 1998, relatif à la fixation du barème d'actualisation des salaires pris en compte dans le calcul des pensions de vieillesse, d'invalidité et de survivants, article premier",https://www.pist.tn/jort/1998/1998F/Jo03798.pdf
1998-01-01,1994,1.14264,"Arrêté du ministre des affaires sociales du 27 avril 1998, relatif à la fixation du barème d'actualisation des salaires pris en compte dans le calcul des pensions de vieillesse, d'invalidité et de survivants, article premier",https://www.pist.tn/jort/1998/1998F/Jo03798.pdf
1998-01-01,1995,1.07542,"Arrêté du ministre des affaires sociales du 27 avril 1998, relatif à la fixation du barème d'actualisation des salaires pris en compte dans le calcul des pensions de vieillesse, d'invalidité et de survivants, article premier",https://www.pist.tn/jort/1998/1998F/Jo03798.pdf
1998-01-01,1996,1.03705,"Arrêté du ministre des affaires sociales du 27 avril 1998, relatif à la fixation du barème d'actualisation des salaires pris en compte dans le calcul des pensions de vieillesse, d'invalidité et de survivants, article premier",https://www.pist.tn/jort/1998/1998F/Jo03798.pdf
1998-01-01,1997,1.0,"Arrêté du ministre des affaires sociales du 27 avril 1998, relatif à la fixation du barème d'actualisation des salaires pris en compte dans le calcul des pensions de vieillesse, d'invalidité et de survivants, article premier",https://www.pist.tn/jort/1998/1998F/Jo03798.pdf
1999-01-01,1961,7.98265,"Arrêté du ministre des affaires sociales du 3 février 1999, relatif à la fixation du barème d'actualisation des salaires pris en compte dans le calcul des pensions de vieillesse, d'invalidité et de survivants, article premier",https://www.pist.tn/jort/1999/1999F/Jo01399.pdf
1999-01-01,1962,7.823,"Arrêté du ministre des affaires sociales du 3 février 1999, relatif à la fixation du barème d'actualisation des salaires pris en compte dans le calcul des pensions de vieillesse, d'invalidité et de survivants, article premier",https://www.pist.tn/jort/1999/1999F/Jo01399.pdf
1999-01-01,1963,7.61733,"Arrêté du ministre des affaires sociales du 3 février 1999, relatif à la fixation du barème d'actualisation des salaires pris en compte dans le calcul des pensions de vieillesse, d'invalidité et de survivants, article premier",https://www.pist.tn/jort/1999/1999F/Jo01399.pdf
1999-01-01,1964,7.31121,"Arrêté du ministre des affaires sociales du 3 février 1999, relatif à la fixation du barème d'actualisation des salaires pris en compte dans le calcul des pensions de vieillesse, d'invalidité et de survivants, article premier",https://www.pist.tn/jort/1999/1999F/Jo01399.pdf
1999-01-01,1965,6.85627,"Arrêté du ministre des affaires sociales du 3 février 1999, relatif à la fixation du barème d'actualisation des salaires pris en compte dans le calcul des pensions de vieillesse, d'invalidité et de survivants, article premier",https://www.pist.tn/jort/1999/1999F/Jo01399.pdf
1999-01-01,1966,6.60169,"Arrêté du ministre des affaires sociales du 3 février 1999, relatif à la fixation du barème d'actualisation des salaires pris en compte dans le calcul des pensions de vieillesse, d'invalidité et de survivants, article premier",https://www.pist.tn/jort/1999/1999F/Jo01399.pdf
1999-01-01,1967,6.4123,"Arrêté du ministre des affaires sociales du 3 février 1999, relatif à la fixation du barème d'actualisation des salaires pris en compte dans le calcul des pensions de vieillesse, d'invalidité et de survivants, article premier",https://www.pist.tn/jort/1999/1999F/Jo01399.pdf
1999-01-01,1968,6.2484,"Arrêté du ministre des affaires sociales du 3 février 1999, relatif à la fixation du barème d'actualisation des salaires pris en compte dans le calcul des pensions de vieillesse, d'invalidité et de survivants, article premier",https://www.pist.tn/jort/1999/1999F/Jo01399.pdf
1999-01-01,1969,6.00845,"Arrêté du ministre des affaires sociales du 3 février 1999, relatif à la fixation du barème d'actualisation des salaires pris en compte dans le calcul des pensions de vieillesse, d'invalidité et de survivants, article premier",https://www.pist.tn/jort/1999/1999F/Jo01399.pdf
1999-01-01,1970,5.94453,"Arrêté du ministre des affaires sociales du 3 février 1999, relatif à la fixation du barème d'actualisation des salaires pris en compte dans le calcul des pensions de vieillesse, d'invalidité et de survivants, article premier",https://www.pist.tn/jort/1999/1999F/Jo01399.pdf
1999-01-01,1971,5.60789,"Arrêté du ministre des affaires sociales du 3 février 1999, relatif à la fixation du barème d'actualisation des salaires pris en compte dans le calcul des pensions de vieillesse, d'invalidité et de survivants, article premier",https://www.pist.tn/jort/1999/1999F/Jo01399.pdf
1999-01-01,1972,5.49368,"Arrêté du ministre des affaires sociales du 3 février 1999, relatif à la fixation du barème d'actualisation des salaires pris en compte dans le calcul des pensions de vieillesse, d'invalidité et de survivants, article premier",https://www.pist.tn/jort/1999/1999F/Jo01399.pdf
1999-01-01,1973,5.25739,"Arrêté du ministre des affaires sociales du 3 février 1999, relatif à la fixation du barème d'actualisation des salaires pris en compte dans le calcul des pensions de vieillesse, d'invalidité et de survivants, article premier",https://www.pist.tn/jort/1999/1999F/Jo01399.pdf
1999-01-01,1974,5.05036,"Arrêté du ministre des affaires sociales du 3 février 1999, relatif à la fixation du barème d'actualisation des salaires pris en compte dans le calcul des pensions de vieillesse, d'invalidité et de survivants, article premier",https://www.pist.tn/jort/1999/1999F/Jo01399.pdf
1999-01-01,1975,4.61262,"Arrêté du ministre des affaires sociales du 3 février 1999, relatif à la fixation du barème d'actualisation des salaires pris en compte dans le calcul des pensions de vieillesse, d'invalidité et de survivants, article premier",https://www.pist.tn/jort/1999/1999F/Jo01399.pdf
1999-01-01,1976,4.37773,"Arrêté du ministre des affaires sociales du 3 février 1999, relatif à la fixation du barème d'actualisation des salaires pris en compte dans le calcul des pensions de vieillesse, d'invalidité et de survivants, article premier",https://www.pist.tn/jort/1999/1999F/Jo01399.pdf
1999-01-01,1977,4.10225,"Arrêté du ministre des affaires sociales du 3 février 1999, relatif à la fixation du barème d'actualisation des salaires pris en compte dans le calcul des pensions de vieillesse, d'invalidité et de survivants, article premier",https://www.pist.tn/jort/1999/1999F/Jo01399.pdf
1999-01-01,1978,3.88431,"Arrêté du ministre des affaires sociales du 3 février 1999, relatif à la fixation du barème d'actualisation des salaires pris en compte dans le calcul des pensions de vieillesse, d'invalidité et de survivants, article premier",https://www.pist.tn/jort/1999/1999F/Jo01399.pdf
1999-01-01,1979,3.5836,"Arrêté du ministre des affaires sociales du 3 février 1999, relatif à la fixation du barème d'actualisation des salaires pris en compte dans le calcul des pensions de vieillesse, d'invalidité et de survivants, article premier",https://www.pist.tn/jort/1999/1999F/Jo01399.pdf
1999-01-01,1980,3.28974,"Arrêté du ministre des affaires sociales du 3 février 1999, relatif à la fixation du barème d'actualisation des salaires pris en compte dans le calcul des pensions de vieillesse, d'invalidité et de survivants, article premier",https://www.pist.tn/jort/1999/1999F/Jo01399.pdf
1999-01-01,1981,3.01,"Arrêté du ministre des affaires sociales du 3 février 1999, relatif à la fixation du barème d'actualisation des salaires pris en compte dans le calcul des pensions de vieillesse, d'invalidité et de survivants, article premier",https://www.pist.tn/jort/1999/1999F/Jo01399.pdf
1999-01-01,1982,2.63845,"Arrêté du ministre des affaires sociales du 3 février 1999, relatif à la fixation du barème d'actualisation des salaires pris en compte dans le calcul des pensions de vieillesse, d'invalidité et de survivants, article premier",https://www.pist.tn/jort/1999/1999F/Jo01399.pdf
1999-01-01,1983,2.4093,"Arrêté du ministre des affaires sociales du 3 février 1999, relatif à la fixation du barème d'actualisation des salaires pris en compte dans le calcul des pensions de vieillesse, d'invalidité et de survivants, article premier",https://www.pist.tn/jort/1999/1999F/Jo01399.pdf
1999-01-01,1984,2.21803,"Arrêté du ministre des affaires sociales du 3 février 1999, relatif à la fixation du barème d'actualisation des salaires pris en compte dans le calcul des pensions de vieillesse, d'invalidité et de survivants, article premier",https://www.pist.tn/jort/1999/1999F/Jo01399.pdf
1999-01-01,1985,2.06412,"Arrêté du ministre des affaires sociales du 3 février 1999, relatif à la fixation du barème d'actualisation des salaires pris en compte dans le calcul des pensions de vieillesse, d'invalidité et de survivants, article premier",https://www.pist.tn/jort/1999/1999F/Jo01399.pdf
1999-01-01,1986,1.94264,"Arrêté du ministre des affaires sociales du 3 février 1999, relatif à la fixation du barème d'actualisation des salaires pris en compte dans le calcul des pensions de vieillesse, d'invalidité et de survivants, article premier",https://www.pist.tn/jort/1999/1999F/Jo01399.pdf
1999-01-01,1987,1.79633,"Arrêté du ministre des affaires sociales du 3 février 1999, relatif à la fixation du barème d'actualisation des salaires pris en compte dans le calcul des pensions de vieillesse, d'invalidité et de survivants, article premier",https://www.pist.tn/jort/1999/1999F/Jo01399.pdf
1999-01-01,1988,1.67516,"Arrêté du ministre des affaires sociales du 3 février 1999, relatif à la fixation du barème d'actualisation des salaires pris en compte dans le calcul des pensions de vieillesse, d'invalidité et de survivants, article premier",https://www.pist.tn/jort/1999/1999F/Jo01399.pdf
1999-01-01,1989,1.55527,"Arrêté du ministre des affaires sociales du 3 février 1999, relatif à la fixation du barème d'actualisation des salaires pris en compte dans le calcul des pensions de vieillesse, d'invalidité et de survivants, article premier",https://www.pist.tn/jort/1999/1999F/Jo01399.pdf
1999-01-01,1990,1.45924,"Arrêté du ministre des affaires sociales du 3 février 1999, relatif à la fixation du barème d'actualisation des salaires pris en compte dans le calcul des pensions de vieillesse, d'invalidité et de survivants, article premier",https://www.pist.tn/jort/1999/1999F/Jo01399.pdf
1999-01-01,1991,1.35416,"Arrêté du ministre des affaires sociales du 3 février 1999, relatif à la fixation du barème d'actualisation des salaires pris en compte dans le calcul des pensions de vieillesse, d'invalidité et de survivants, article premier",https://www.pist.tn/jort/1999/1999F/Jo01399.pdf
1999-01-01,1992,1.28267,"Arrêté du ministre des affaires sociales du 3 février 1999, relatif à la fixation du barème d'actualisation des salaires pris en compte dans le calcul des pensions de vieillesse, d'invalidité et de survivants, article premier",https://www.pist.tn/jort/1999/1999F/Jo01399.pdf
1999-01-01,1993,1.231,"Arrêté du ministre des affaires sociales du 3 février 1999, relatif à la fixation du barème d'actualisation des salaires pris en compte dans le calcul des pensions de vieillesse, d'invalidité et de survivants, article premier",https://www.pist.tn/jort/1999/1999F/Jo01399.pdf
1999-01-01,1994,1.17834,"Arrêté du ministre des affaires sociales du 3 février 1999, relatif à la fixation du barème d'actualisation des salaires pris en compte dans le calcul des pensions de vieillesse, d'invalidité et de survivants, article premier",https://www.pist.tn/jort/1999/1999F/Jo01399.pdf
1999-01-01,1995,1.10902,"Arrêté du ministre des affaires sociales du 3 février 1999, relatif à la fixation du barème d'actualisation des salaires pris en compte dans le calcul des pensions de vieillesse, d'invalidité et de survivants, article premier",https://www.pist.tn/jort/1999/1999F/Jo01399.pdf
1999-01-01,1996,1.06945,"Arrêté du ministre des affaires sociales du 3 février 1999, relatif à la fixation du barème d'actualisation des salaires pris en compte dans le calcul des pensions de vieillesse, d'invalidité et de survivants, article premier",https://www.pist.tn/jort/1999/1999F/Jo01399.pdf
1999-01-01,1997,1.03124,"Arrêté du ministre des affaires sociales du 3 février 1999, relatif à la fixation du barème d'actualisation des salaires pris en compte dans le calcul des pensions de vieillesse, d'invalidité et de survivants, article premier",https://www.pist.tn/jort/1999/1999F/Jo01399.pdf
1999-01-01,1998,1.0,"Arrêté du ministre des affaires sociales du 3 février 1999, relatif à la fixation du barème d'actualisation des salaires pris en compte dans le calcul des pensions de vieillesse, d'invalidité et de survivants, article premier",https://www.pist.tn/jort/1999/1999F/Jo01399.pdf
2000-01-01,1961,8.19898,"Arrêté du ministre des affaires sociales du 4 février 2000, relatif à la fixation du barème d'actualisation des salaires pris en compte dans le calcul des pensions de vieillesse, d'invalidité et de survivants, article premier",https://www.pist.tn/jort/2000/2000F/Jo0142000.pdf
2000-01-01,1962,8.035,"Arrêté du ministre des affaires sociales du 4 février 2000, relatif à la fixation du barème d'actualisation des salaires pris en compte dans le calcul des pensions de vieillesse, d'invalidité et de survivants, article premier",https://www.pist.tn/jort/2000/2000F/Jo0142000.pdf
2000-01-01,1963,7.82376,"Arrêté du ministre des affaires sociales du 4 février 2000, relatif à la fixation du barème d'actualisation des salaires pris en compte dans le calcul des pensions de vieillesse, d'invalidité et de survivants, article premier",https://www.pist.tn/jort/2000/2000F/Jo0142000.pdf
2000-01-01,1964,7.50935,"Arrêté du ministre des affaires sociales du 4 février 2000, relatif à la fixation du barème d'actualisation des salaires pris en compte dans le calcul des pensions de vieillesse, d'invalidité et de survivants, article premier",https://www.pist.tn/jort/2000/2000F/Jo0142000.pdf
2000-01-01,1965,7.04207,"Arrêté du ministre des affaires sociales du 4 février 2000, relatif à la fixation du barème d'actualisation des salaires pris en compte dans le calcul des pensions de vieillesse, d'invalidité et de survivants, article premier",https://www.pist.tn/jort/2000/2000F/Jo0142000.pdf
2000-01-01,1966,6.78059,"Arrêté du ministre des affaires sociales du 4 février 2000, relatif à la fixation du barème d'actualisation des salaires pris en compte dans le calcul des pensions de vieillesse, d'invalidité et de survivants, article premier",https://www.pist.tn/jort/2000/2000F/Jo0142000.pdf
2000-01-01,1967,6.58607,"Arrêté du ministre des affaires sociales du 4 février 2000, relatif à la fixation du barème d'actualisation des salaires pris en compte dans le calcul des pensions de vieillesse, d'invalidité et de survivants, article premier",https://www.pist.tn/jort/2000/2000F/Jo0142000.pdf
2000-01-01,1968,6.41773,"Arrêté du ministre des affaires sociales du 4 février 2000, relatif à la fixation du barème d'actualisation des salaires pris en compte dans le calcul des pensions de vieillesse, d'invalidité et de survivants, article premier",https://www.pist.tn/jort/2000/2000F/Jo0142000.pdf
2000-01-01,1969,6.17127,"Arrêté du ministre des affaires sociales du 4 février 2000, relatif à la fixation du barème d'actualisation des salaires pris en compte dans le calcul des pensions de vieillesse, d'invalidité et de survivants, article premier",https://www.pist.tn/jort/2000/2000F/Jo0142000.pdf
2000-01-01,1970,6.10562,"Arrêté du ministre des affaires sociales du 4 février 2000, relatif à la fixation du barème d'actualisation des salaires pris en compte dans le calcul des pensions de vieillesse, d'invalidité et de survivants, article premier",https://www.pist.tn/jort/2000/2000F/Jo0142000.pdf
2000-01-01,1971,5.75986,"Arrêté du ministre des affaires sociales du 4 février 2000, relatif à la fixation du barème d'actualisation des salaires pris en compte dans le calcul des pensions de vieillesse, d'invalidité et de survivants, article premier",https://www.pist.tn/jort/2000/2000F/Jo0142000.pdf
2000-01-01,1972,5.64256,"Arrêté du ministre des affaires sociales du 4 février 2000, relatif à la fixation du barème d'actualisation des salaires pris en compte dans le calcul des pensions de vieillesse, d'invalidité et de survivants, article premier",https://www.pist.tn/jort/2000/2000F/Jo0142000.pdf
2000-01-01,1973,5.39987,"Arrêté du ministre des affaires sociales du 4 février 2000, relatif à la fixation du barème d'actualisation des salaires pris en compte dans le calcul des pensions de vieillesse, d'invalidité et de survivants, article premier",https://www.pist.tn/jort/2000/2000F/Jo0142000.pdf
2000-01-01,1974,5.18722,"Arrêté du ministre des affaires sociales du 4 février 2000, relatif à la fixation du barème d'actualisation des salaires pris en compte dans le calcul des pensions de vieillesse, d'invalidité et de survivants, article premier",https://www.pist.tn/jort/2000/2000F/Jo0142000.pdf
2000-01-01,1975,4.73762,"Arrêté du ministre des affaires sociales du 4 février 2000, relatif à la fixation du barème d'actualisation des salaires pris en compte dans le calcul des pensions de vieillesse, d'invalidité et de survivants, article premier",https://www.pist.tn/jort/2000/2000F/Jo0142000.pdf
2000-01-01,1976,4.49636,"Arrêté du ministre des affaires sociales du 4 février 2000, relatif à la fixation du barème d'actualisation des salaires pris en compte dans le calcul des pensions de vieillesse, d'invalidité et de survivants, article premier",https://www.pist.tn/jort/2000/2000F/Jo0142000.pdf
2000-01-01,1977,4.21342,"Arrêté du ministre des affaires sociales du 4 février 2000, relatif à la fixation du barème d'actualisation des salaires pris en compte dans le calcul des pensions de vieillesse, d'invalidité et de survivants, article premier",https://www.pist.tn/jort/2000/2000F/Jo0142000.pdf
2000-01-01,1978,3.98957,"Arrêté du ministre des affaires sociales du 4 février 2000, relatif à la fixation du barème d'actualisation des salaires pris en compte dans le calcul des pensions de vieillesse, d'invalidité et de survivants, article premier",https://www.pist.tn/jort/2000/2000F/Jo0142000.pdf
2000-01-01,1979,3.68071,"Arrêté du ministre des affaires sociales du 4 février 2000, relatif à la fixation du barème d'actualisation des salaires pris en compte dans le calcul des pensions de vieillesse, d'invalidité et de survivants, article premier",https://www.pist.tn/jort/2000/2000F/Jo0142000.pdf
2000-01-01,1980,3.37889,"Arrêté du ministre des affaires sociales du 4 février 2000, relatif à la fixation du barème d'actualisation des salaires pris en compte dans le calcul des pensions de vieillesse, d'invalidité et de survivants, article premier",https://www.pist.tn/jort/2000/2000F/Jo0142000.pdf
2000-01-01,1981,3.09157,"Arrêté du ministre des affaires sociales du 4 février 2000, relatif à la fixation du barème d'actualisation des salaires pris en compte dans le calcul des pensions de vieillesse, d'invalidité et de survivants, article premier",https://www.pist.tn/jort/2000/2000F/Jo0142000.pdf
2000-01-01,1982,2.70995,"Arrêté du ministre des affaires sociales du 4 février 2000, relatif à la fixation du barème d'actualisation des salaires pris en compte dans le calcul des pensions de vieillesse, d'invalidité et de survivants, article premier",https://www.pist.tn/jort/2000/2000F/Jo0142000.pdf
2000-01-01,1983,2.47459,"Arrêté du ministre des affaires sociales du 4 février 2000, relatif à la fixation du barème d'actualisation des salaires pris en compte dans le calcul des pensions de vieillesse, d'invalidité et de survivants, article premier",https://www.pist.tn/jort/2000/2000F/Jo0142000.pdf
2000-01-01,1984,2.27814,"Arrêté du ministre des affaires sociales du 4 février 2000, relatif à la fixation du barème d'actualisation des salaires pris en compte dans le calcul des pensions de vieillesse, d'invalidité et de survivants, article premier",https://www.pist.tn/jort/2000/2000F/Jo0142000.pdf
2000-01-01,1985,2.12005,"Arrêté du ministre des affaires sociales du 4 février 2000, relatif à la fixation du barème d'actualisation des salaires pris en compte dans le calcul des pensions de vieillesse, d'invalidité et de survivants, article premier",https://www.pist.tn/jort/2000/2000F/Jo0142000.pdf
2000-01-01,1986,1.99528,"Arrêté du ministre des affaires sociales du 4 février 2000, relatif à la fixation du barème d'actualisation des salaires pris en compte dans le calcul des pensions de vieillesse, d'invalidité et de survivants, article premier",https://www.pist.tn/jort/2000/2000F/Jo0142000.pdf
2000-01-01,1987,1.84501,"Arrêté du ministre des affaires sociales du 4 février 2000, relatif à la fixation du barème d'actualisation des salaires pris en compte dans le calcul des pensions de vieillesse, d'invalidité et de survivants, article premier",https://www.pist.tn/jort/2000/2000F/Jo0142000.pdf
2000-01-01,1988,1.72056,"Arrêté du ministre des affaires sociales du 4 février 2000, relatif à la fixation du barème d'actualisation des salaires pris en compte dans le calcul des pensions de vieillesse, d'invalidité et de survivants, article premier",https://www.pist.tn/jort/2000/2000F/Jo0142000.pdf
2000-01-01,1989,1.59742,"Arrêté du ministre des affaires sociales du 4 février 2000, relatif à la fixation du barème d'actualisation des salaires pris en compte dans le calcul des pensions de vieillesse, d'invalidité et de survivants, article premier",https://www.pist.tn/jort/2000/2000F/Jo0142000.pdf
2000-01-01,1990,1.49879,"Arrêté du ministre des affaires sociales du 4 février 2000, relatif à la fixation du barème d'actualisation des salaires pris en compte dans le calcul des pensions de vieillesse, d'invalidité et de survivants, article premier",https://www.pist.tn/jort/2000/2000F/Jo0142000.pdf
2000-01-01,1991,1.39086,"Arrêté du ministre des affaires sociales du 4 février 2000, relatif à la fixation du barème d'actualisation des salaires pris en compte dans le calcul des pensions de vieillesse, d'invalidité et de survivants, article premier",https://www.pist.tn/jort/2000/2000F/Jo0142000.pdf
2000-01-01,1992,1.31743,"Arrêté du ministre des affaires sociales du 4 février 2000, relatif à la fixation du barème d'actualisation des salaires pris en compte dans le calcul des pensions de vieillesse, d'invalidité et de survivants, article premier",https://www.pist.tn/jort/2000/2000F/Jo0142000.pdf
2000-01-01,1993,1.26436,"Arrêté du ministre des affaires sociales du 4 février 2000, relatif à la fixation du barème d'actualisation des salaires pris en compte dans le calcul des pensions de vieillesse, d'invalidité et de survivants, article premier",https://www.pist.tn/jort/2000/2000F/Jo0142000.pdf
2000-01-01,1994,1.21027,"Arrêté du ministre des affaires sociales du 4 février 2000, relatif à la fixation du barème d'actualisation des salaires pris en compte dans le calcul des pensions de vieillesse, d'invalidité et de survivants, article premier",https://www.pist.tn/jort/2000/2000F/Jo0142000.pdf
2000-01-01,1995,1.13907,"Arrêté du ministre des affaires sociales du 4 février 2000, relatif à la fixation du barème d'actualisation des salaires pris en compte dans le calcul des pensions de vieillesse, d'invalidité et de survivants, article premier",https://www.pist.tn/jort/2000/2000F/Jo0142000.pdf
2000-01-01,1996,1.09843,"Arrêté du ministre des affaires sociales du 4 février 2000, relatif à la fixation du barème d'actualisation des salaires pris en compte dans le calcul des pensions de vieillesse, d'invalidité et de survivants, article premier",https://www.pist.tn/jort/2000/2000F/Jo0142000.pdf
2000-01-01,1997,1.05919,"Arrêté du ministre des affaires sociales du 4 février 2000, relatif à la fixation du barème d'actualisation des salaires pris en compte dans le calcul des pensions de vieillesse, d'invalidité et de survivants, article premier",https://www.pist.tn/jort/2000/2000F/Jo0142000.pdf
2000-01-01,1998,1.0271,"Arrêté du ministre des affaires sociales du 4 février 2000, relatif à la fixation du barème d'actualisation des salaires pris en compte dans le calcul des pensions de vieillesse, d'invalidité et de survivants, article premier",https://www.pist.tn/jort/2000/2000F/Jo0142000.pdf
2000-01-01,1999,1.0,"Arrêté du ministre des affaires sociales du 4 février 2000, relatif à la fixation du barème d'actualisation des salaires pris en compte dans le calcul des pensions de vieillesse, d'invalidité et de survivants, article premier",https://www.pist.tn/jort/2000/2000F/Jo0142000.pdf
2001-01-01,1961,8.43776,"Arrêté du ministre des affaires sociales du 19 février 2001, relatif à la fixation du barème d'actualisation des salaires pris en compte dans le calcul des pensions de vieillesse, d'invalidité et de survivants, article premier",https://www.pist.tn/jort/2001/2001F/Jo0172001.pdf
2001-01-01,1962,8.269,"Arrêté du ministre des affaires sociales du 19 février 2001, relatif à la fixation du barème d'actualisation des salaires pris en compte dans le calcul des pensions de vieillesse, d'invalidité et de survivants, article premier",https://www.pist.tn/jort/2001/2001F/Jo0172001.pdf
2001-01-01,1963,8.05161,"Arrêté du ministre des affaires sociales du 19 février 2001, relatif à la fixation du barème d'actualisation des salaires pris en compte dans le calcul des pensions de vieillesse, d'invalidité et de survivants, article premier",https://www.pist.tn/jort/2001/2001F/Jo0172001.pdf
2001-01-01,1964,7.72804,"Arrêté du ministre des affaires sociales du 19 février 2001, relatif à la fixation du barème d'actualisation des salaires pris en compte dans le calcul des pensions de vieillesse, d'invalidité et de survivants, article premier",https://www.pist.tn/jort/2001/2001F/Jo0172001.pdf
2001-01-01,1965,7.24715,"Arrêté du ministre des affaires sociales du 19 février 2001, relatif à la fixation du barème d'actualisation des salaires pris en compte dans le calcul des pensions de vieillesse, d'invalidité et de survivants, article premier",https://www.pist.tn/jort/2001/2001F/Jo0172001.pdf
2001-01-01,1966,6.97806,"Arrêté du ministre des affaires sociales du 19 février 2001, relatif à la fixation du barème d'actualisation des salaires pris en compte dans le calcul des pensions de vieillesse, d'invalidité et de survivants, article premier",https://www.pist.tn/jort/2001/2001F/Jo0172001.pdf
2001-01-01,1967,6.77787,"Arrêté du ministre des affaires sociales du 19 février 2001, relatif à la fixation du barème d'actualisation des salaires pris en compte dans le calcul des pensions de vieillesse, d'invalidité et de survivants, article premier",https://www.pist.tn/jort/2001/2001F/Jo0172001.pdf
2001-01-01,1968,6.60463,"Arrêté du ministre des affaires sociales du 19 février 2001, relatif à la fixation du barème d'actualisation des salaires pris en compte dans le calcul des pensions de vieillesse, d'invalidité et de survivants, article premier",https://www.pist.tn/jort/2001/2001F/Jo0172001.pdf
2001-01-01,1969,6.351,"Arrêté du ministre des affaires sociales du 19 février 2001, relatif à la fixation du barème d'actualisation des salaires pris en compte dans le calcul des pensions de vieillesse, d'invalidité et de survivants, article premier",https://www.pist.tn/jort/2001/2001F/Jo0172001.pdf
2001-01-01,1970,6.28343,"Arrêté du ministre des affaires sociales du 19 février 2001, relatif à la fixation du barème d'actualisation des salaires pris en compte dans le calcul des pensions de vieillesse, d'invalidité et de survivants, article premier",https://www.pist.tn/jort/2001/2001F/Jo0172001.pdf
2001-01-01,1971,5.9276,"Arrêté du ministre des affaires sociales du 19 février 2001, relatif à la fixation du barème d'actualisation des salaires pris en compte dans le calcul des pensions de vieillesse, d'invalidité et de survivants, article premier",https://www.pist.tn/jort/2001/2001F/Jo0172001.pdf
2001-01-01,1972,5.80688,"Arrêté du ministre des affaires sociales du 19 février 2001, relatif à la fixation du barème d'actualisation des salaires pris en compte dans le calcul des pensions de vieillesse, d'invalidité et de survivants, article premier",https://www.pist.tn/jort/2001/2001F/Jo0172001.pdf
2001-01-01,1973,5.55712,"Arrêté du ministre des affaires sociales du 19 février 2001, relatif à la fixation du barème d'actualisation des salaires pris en compte dans le calcul des pensions de vieillesse, d'invalidité et de survivants, article premier",https://www.pist.tn/jort/2001/2001F/Jo0172001.pdf
2001-01-01,1974,5.33828,"Arrêté du ministre des affaires sociales du 19 février 2001, relatif à la fixation du barème d'actualisation des salaires pris en compte dans le calcul des pensions de vieillesse, d'invalidité et de survivants, article premier",https://www.pist.tn/jort/2001/2001F/Jo0172001.pdf
2001-01-01,1975,4.87559,"Arrêté du ministre des affaires sociales du 19 février 2001, relatif à la fixation du barème d'actualisation des salaires pris en compte dans le calcul des pensions de vieillesse, d'invalidité et de survivants, article premier",https://www.pist.tn/jort/2001/2001F/Jo0172001.pdf
2001-01-01,1976,4.62731,"Arrêté du ministre des affaires sociales du 19 février 2001, relatif à la fixation du barème d'actualisation des salaires pris en compte dans le calcul des pensions de vieillesse, d'invalidité et de survivants, article premier",https://www.pist.tn/jort/2001/2001F/Jo0172001.pdf
2001-01-01,1977,4.33613,"Arrêté du ministre des affaires sociales du 19 février 2001, relatif à la fixation du barème d'actualisation des salaires pris en compte dans le calcul des pensions de vieillesse, d'invalidité et de survivants, article premier",https://www.pist.tn/jort/2001/2001F/Jo0172001.pdf
2001-01-01,1978,4.10576,"Arrêté du ministre des affaires sociales du 19 février 2001, relatif à la fixation du barème d'actualisation des salaires pris en compte dans le calcul des pensions de vieillesse, d'invalidité et de survivants, article premier",https://www.pist.tn/jort/2001/2001F/Jo0172001.pdf
2001-01-01,1979,3.78791,"Arrêté du ministre des affaires sociales du 19 février 2001, relatif à la fixation du barème d'actualisation des salaires pris en compte dans le calcul des pensions de vieillesse, d'invalidité et de survivants, article premier",https://www.pist.tn/jort/2001/2001F/Jo0172001.pdf
2001-01-01,1980,3.47729,"Arrêté du ministre des affaires sociales du 19 février 2001, relatif à la fixation du barème d'actualisation des salaires pris en compte dans le calcul des pensions de vieillesse, d'invalidité et de survivants, article premier",https://www.pist.tn/jort/2001/2001F/Jo0172001.pdf
2001-01-01,1981,3.18161,"Arrêté du ministre des affaires sociales du 19 février 2001, relatif à la fixation du barème d'actualisation des salaires pris en compte dans le calcul des pensions de vieillesse, d'invalidité et de survivants, article premier",https://www.pist.tn/jort/2001/2001F/Jo0172001.pdf
2001-01-01,1982,2.78887,"Arrêté du ministre des affaires sociales du 19 février 2001, relatif à la fixation du barème d'actualisation des salaires pris en compte dans le calcul des pensions de vieillesse, d'invalidité et de survivants, article premier",https://www.pist.tn/jort/2001/2001F/Jo0172001.pdf
2001-01-01,1983,2.54666,"Arrêté du ministre des affaires sociales du 19 février 2001, relatif à la fixation du barème d'actualisation des salaires pris en compte dans le calcul des pensions de vieillesse, d'invalidité et de survivants, article premier",https://www.pist.tn/jort/2001/2001F/Jo0172001.pdf
2001-01-01,1984,2.34449,"Arrêté du ministre des affaires sociales du 19 février 2001, relatif à la fixation du barème d'actualisation des salaires pris en compte dans le calcul des pensions de vieillesse, d'invalidité et de survivants, article premier",https://www.pist.tn/jort/2001/2001F/Jo0172001.pdf
2001-01-01,1985,2.18179,"Arrêté du ministre des affaires sociales du 19 février 2001, relatif à la fixation du barème d'actualisation des salaires pris en compte dans le calcul des pensions de vieillesse, d'invalidité et de survivants, article premier",https://www.pist.tn/jort/2001/2001F/Jo0172001.pdf
2001-01-01,1986,2.05339,"Arrêté du ministre des affaires sociales du 19 février 2001, relatif à la fixation du barème d'actualisation des salaires pris en compte dans le calcul des pensions de vieillesse, d'invalidité et de survivants, article premier",https://www.pist.tn/jort/2001/2001F/Jo0172001.pdf
2001-01-01,1987,1.89874,"Arrêté du ministre des affaires sociales du 19 février 2001, relatif à la fixation du barème d'actualisation des salaires pris en compte dans le calcul des pensions de vieillesse, d'invalidité et de survivants, article premier",https://www.pist.tn/jort/2001/2001F/Jo0172001.pdf
2001-01-01,1988,1.77066,"Arrêté du ministre des affaires sociales du 19 février 2001, relatif à la fixation du barème d'actualisation des salaires pris en compte dans le calcul des pensions de vieillesse, d'invalidité et de survivants, article premier",https://www.pist.tn/jort/2001/2001F/Jo0172001.pdf
2001-01-01,1989,1.64394,"Arrêté du ministre des affaires sociales du 19 février 2001, relatif à la fixation du barème d'actualisation des salaires pris en compte dans le calcul des pensions de vieillesse, d'invalidité et de survivants, article premier",https://www.pist.tn/jort/2001/2001F/Jo0172001.pdf
2001-01-01,1990,1.54244,"Arrêté du ministre des affaires sociales du 19 février 2001, relatif à la fixation du barème d'actualisation des salaires pris en compte dans le calcul des pensions de vieillesse, d'invalidité et de survivants, article premier",https://www.pist.tn/jort/2001/2001F/Jo0172001.pdf
2001-01-01,1991,1.43137,"Arrêté du ministre des affaires sociales du 19 février 2001, relatif à la fixation du barème d'actualisation des salaires pris en compte dans le calcul des pensions de vieillesse, d'invalidité et de survivants, article premier",https://www.pist.tn/jort/2001/2001F/Jo0172001.pdf
2001-01-01,1992,1.3558,"Arrêté du ministre des affaires sociales du 19 février 2001, relatif à la fixation du barème d'actualisation des salaires pris en compte dans le calcul des pensions de vieillesse, d'invalidité et de survivants, article premier",https://www.pist.tn/jort/2001/2001F/Jo0172001.pdf
2001-01-01,1993,1.30118,"Arrêté du ministre des affaires sociales du 19 février 2001, relatif à la fixation du barème d'actualisation des salaires pris en compte dans le calcul des pensions de vieillesse, d'invalidité et de survivants, article premier",https://www.pist.tn/jort/2001/2001F/Jo0172001.pdf
2001-01-01,1994,1.24552,"Arrêté du ministre des affaires sociales du 19 février 2001, relatif à la fixation du barème d'actualisation des salaires pris en compte dans le calcul des pensions de vieillesse, d'invalidité et de survivants, article premier",https://www.pist.tn/jort/2001/2001F/Jo0172001.pdf
2001-01-01,1995,1.17224,"Arrêté du ministre des affaires sociales du 19 février 2001, relatif à la fixation du barème d'actualisation des salaires pris en compte dans le calcul des pensions de vieillesse, d'invalidité et de survivants, article premier",https://www.pist.tn/jort/2001/2001F/Jo0172001.pdf
2001-01-01,1996,1.13042,"Arrêté du ministre des affaires sociales du 19 février 2001, relatif à la fixation du barème d'actualisation des salaires pris en compte dans le calcul des pensions de vieillesse, d'invalidité et de survivants, article premier",https://www.pist.tn/jort/2001/2001F/Jo0172001.pdf
2001-01-01,1997,1.09003,"Arrêté du ministre des affaires sociales du 19 février 2001, relatif à la fixation du barème d'actualisation des salaires pris en compte dans le calcul des pensions de vieillesse, d'invalidité et de survivants, article premier",https://www.pist.tn/jort/2001/2001F/Jo0172001.pdf
2001-01-01,1998,1.05701,"Arrêté du ministre des affaires sociales du 19 février 2001, relatif à la fixation du barème d'actualisation des salaires pris en compte dans le calcul des pensions de vieillesse, d'invalidité et de survivants, article premier",https://www.pist.tn/jort/2001/2001F/Jo0172001.pdf
2001-01-01,1999,1.02912,"Arrêté du ministre des affaires sociales du 19 février 2001, relatif à la fixation du barème d'actualisation des salaires pris en compte dans le calcul des pensions de vieillesse, d'invalidité et de survivants, article premier",https://www.pist.tn/jort/2001/2001F/Jo0172001.pdf
2001-01-01,2000,1.0,"Arrêté du ministre des affaires sociales du 19 février 2001, relatif à la fixation du barème d'actualisation des salaires pris en compte dans le calcul des pensions de vieillesse, d'invalidité et de survivants, article premier",https://www.pist.tn/jort/2001/2001F/Jo0172001.pdf
2002-01-01,1961,8.60102,"Arrêté du ministre des affaires sociales du 31 janvier 2002, relatif à la fixation du barème d'actualisation des salaires pris en compte dans le calcul des pensions de vieillesse, d'invalidité et de survivants, article premier",https://www.pist.tn/jort/2002/2002F/Jo0112002.pdf
2002-01-01,1962,8.429,"Arrêté du ministre des affaires sociales du 31 janvier 2002, relatif à la fixation du barème d'actualisation des salaires pris en compte dans le calcul des pensions de vieillesse, d'invalidité et de survivants, article premier",https://www.pist.tn/jort/2002/2002F/Jo0112002.pdf
2002-01-01,1963,8.2074,"Arrêté du ministre des affaires sociales du 31 janvier 2002, relatif à la fixation du barème d'actualisation des salaires pris en compte dans le calcul des pensions de vieillesse, d'invalidité et de survivants, article premier",https://www.pist.tn/jort/2002/2002F/Jo0112002.pdf
2002-01-01,1964,7.87757,"Arrêté du ministre des affaires sociales du 31 janvier 2002, relatif à la fixation du barème d'actualisation des salaires pris en compte dans le calcul des pensions de vieillesse, d'invalidité et de survivants, article premier",https://www.pist.tn/jort/2002/2002F/Jo0112002.pdf
2002-01-01,1965,7.38738,"Arrêté du ministre des affaires sociales du 31 janvier 2002, relatif à la fixation du barème d'actualisation des salaires pris en compte dans le calcul des pensions de vieillesse, d'invalidité et de survivants, article premier",https://www.pist.tn/jort/2002/2002F/Jo0112002.pdf
2002-01-01,1966,7.11308,"Arrêté du ministre des affaires sociales du 31 janvier 2002, relatif à la fixation du barème d'actualisation des salaires pris en compte dans le calcul des pensions de vieillesse, d'invalidité et de survivants, article premier",https://www.pist.tn/jort/2002/2002F/Jo0112002.pdf
2002-01-01,1967,6.90902,"Arrêté du ministre des affaires sociales du 31 janvier 2002, relatif à la fixation du barème d'actualisation des salaires pris en compte dans le calcul des pensions de vieillesse, d'invalidité et de survivants, article premier",https://www.pist.tn/jort/2002/2002F/Jo0112002.pdf
2002-01-01,1968,6.73243,"Arrêté du ministre des affaires sociales du 31 janvier 2002, relatif à la fixation du barème d'actualisation des salaires pris en compte dans le calcul des pensions de vieillesse, d'invalidité et de survivants, article premier",https://www.pist.tn/jort/2002/2002F/Jo0112002.pdf
2002-01-01,1969,6.47389,"Arrêté du ministre des affaires sociales du 31 janvier 2002, relatif à la fixation du barème d'actualisation des salaires pris en compte dans le calcul des pensions de vieillesse, d'invalidité et de survivants, article premier",https://www.pist.tn/jort/2002/2002F/Jo0112002.pdf
2002-01-01,1970,6.40502,"Arrêté du ministre des affaires sociales du 31 janvier 2002, relatif à la fixation du barème d'actualisation des salaires pris en compte dans le calcul des pensions de vieillesse, d'invalidité et de survivants, article premier",https://www.pist.tn/jort/2002/2002F/Jo0112002.pdf
2002-01-01,1971,6.04229,"Arrêté du ministre des affaires sociales du 31 janvier 2002, relatif à la fixation du barème d'actualisation des salaires pris en compte dans le calcul des pensions de vieillesse, d'invalidité et de survivants, article premier",https://www.pist.tn/jort/2002/2002F/Jo0112002.pdf
2002-01-01,1972,5.91924,"Arrêté du ministre des affaires sociales du 31 janvier 2002, relatif à la fixation du barème d'actualisation des salaires pris en compte dans le calcul des pensions de vieillesse, d'invalidité et de survivants, article premier",https://www.pist.tn/jort/2002/2002F/Jo0112002.pdf
2002-01-01,1973,5.66465,"Arrêté du ministre des affaires sociales du 31 janvier 2002, relatif à la fixation du barème d'actualisation des salaires pris en compte dans le calcul des pensions de vieillesse, d'invalidité et de survivants, article premier",https://www.pist.tn/jort/2002/2002F/Jo0112002.pdf
2002-01-01,1974,5.44158,"Arrêté du ministre des affaires sociales du 31 janvier 2002, relatif à la fixation du barème d'actualisation des salaires pris en compte dans le calcul des pensions de vieillesse, d'invalidité et de survivants, article premier",https://www.pist.tn/jort/2002/2002F/Jo0112002.pdf
2002-01-01,1975,4.96993,"Arrêté du ministre des affaires sociales du 31 janvier 2002, relatif à la fixation du barème d'actualisation des salaires pris en compte dans le calcul des pensions de vieillesse, d'invalidité et de survivants, article premier",https://www.pist.tn/jort/2002/2002F/Jo0112002.pdf
2002-01-01,1976,4.71684,"Arrêté du ministre des affaires sociales du 31 janvier 2002, relatif à la fixation du barème d'actualisation des salaires pris en compte dans le calcul des pensions de vieillesse, d'invalidité et de survivants, article premier",https://www.pist.tn/jort/2002/2002F/Jo0112002.pdf
2002-01-01,1977,4.42003,"Arrêté du ministre des affaires sociales du 31 janvier 2002, relatif à la fixation du barème d'actualisation des salaires pris en compte dans le calcul des pensions de vieillesse, d'invalidité et de survivants, article premier",https://www.pist.tn/jort/2002/2002F/Jo0112002.pdf
2002-01-01,1978,4.1852,"Arrêté du ministre des affaires sociales du 31 janvier 2002, relatif à la fixation du barème d'actualisation des salaires pris en compte dans le calcul des pensions de vieillesse, d'invalidité et de survivants, article premier",https://www.pist.tn/jort/2002/2002F/Jo0112002.pdf
2002-01-01,1979,3.8612,"Arrêté du ministre des affaires sociales du 31 janvier 2002, relatif à la fixation du barème d'actualisation des salaires pris en compte dans le calcul des pensions de vieillesse, d'invalidité et de survivants, article premier",https://www.pist.tn/jort/2002/2002F/Jo0112002.pdf
2002-01-01,1980,3.54458,"Arrêté du ministre des affaires sociales du 31 janvier 2002, relatif à la fixation du barème d'actualisation des salaires pris en compte dans le calcul des pensions de vieillesse, d'invalidité et de survivants, article premier",https://www.pist.tn/jort/2002/2002F/Jo0112002.pdf
2002-01-01,1981,3.24317,"Arrêté du ministre des affaires sociales du 31 janvier 2002, relatif à la fixation du barème d'actualisation des salaires pris en compte dans le calcul des pensions de vieillesse, d'invalidité et de survivants, article premier",https://www.pist.tn/jort/2002/2002F/Jo0112002.pdf
2002-01-01,1982,2.84283,"Arrêté du ministre des affaires sociales du 31 janvier 2002, relatif à la fixation du barème d'actualisation des salaires pris en compte dans le calcul des pensions de vieillesse, d'invalidité et de survivants, article premier",https://www.pist.tn/jort/2002/2002F/Jo0112002.pdf
2002-01-01,1983,2.59593,"Arrêté du ministre des affaires sociales du 31 janvier 2002, relatif à la fixation du barème d'actualisation des salaires pris en compte dans le calcul des pensions de vieillesse, d'invalidité et de survivants, article premier",https://www.pist.tn/jort/2002/2002F/Jo0112002.pdf
2002-01-01,1984,2.38985,"Arrêté du ministre des affaires sociales du 31 janvier 2002, relatif à la fixation du barème d'actualisation des salaires pris en compte dans le calcul des pensions de vieillesse, d'invalidité et de survivants, article premier",https://www.pist.tn/jort/2002/2002F/Jo0112002.pdf
2002-01-01,1985,2.22401,"Arrêté du ministre des affaires sociales du 31 janvier 2002, relatif à la fixation du barème d'actualisation des salaires pris en compte dans le calcul des pensions de vieillesse, d'invalidité et de survivants, article premier",https://www.pist.tn/jort/2002/2002F/Jo0112002.pdf
2002-01-01,1986,2.09312,"Arrêté du ministre des affaires sociales du 31 janvier 2002, relatif à la fixation du barème d'actualisation des salaires pris en compte dans le calcul des pensions de vieillesse, d'invalidité et de survivants, article premier",https://www.pist.tn/jort/2002/2002F/Jo0112002.pdf
2002-01-01,1987,1.93548,"Arrêté du ministre des affaires sociales du 31 janvier 2002, relatif à la fixation du barème d'actualisation des salaires pris en compte dans le calcul des pensions de vieillesse, d'invalidité et de survivants, article premier",https://www.pist.tn/jort/2002/2002F/Jo0112002.pdf
2002-01-01,1988,1.80493,"Arrêté du ministre des affaires sociales du 31 janvier 2002, relatif à la fixation du barème d'actualisation des salaires pris en compte dans le calcul des pensions de vieillesse, d'invalidité et de survivants, article premier",https://www.pist.tn/jort/2002/2002F/Jo0112002.pdf
2002-01-01,1989,1.67575,"Arrêté du ministre des affaires sociales du 31 janvier 2002, relatif à la fixation du barème d'actualisation des salaires pris en compte dans le calcul des pensions de vieillesse, d'invalidité et de survivants, article premier",https://www.pist.tn/jort/2002/2002F/Jo0112002.pdf
2002-01-01,1990,1.57228,"Arrêté du ministre des affaires sociales du 31 janvier 2002, relatif à la fixation du barème d'actualisation des salaires pris en compte dans le calcul des pensions de vieillesse, d'invalidité et de survivants, article premier",https://www.pist.tn/jort/2002/2002F/Jo0112002.pdf
2002-01-01,1991,1.45906,"Arrêté du ministre des affaires sociales du 31 janvier 2002, relatif à la fixation du barème d'actualisation des salaires pris en compte dans le calcul des pensions de vieillesse, d'invalidité et de survivants, article premier",https://www.pist.tn/jort/2002/2002F/Jo0112002.pdf
2002-01-01,1992,1.38203,"Arrêté du ministre des affaires sociales du 31 janvier 2002, relatif à la fixation du barème d'actualisation des salaires pris en compte dans le calcul des pensions de vieillesse, d'invalidité et de survivants, article premier",https://www.pist.tn/jort/2002/2002F/Jo0112002.pdf
2002-01-01,1993,1.32636,"Arrêté du ministre des affaires sociales du 31 janvier 2002, relatif à la fixation du barème d'actualisation des salaires pris en compte dans le calcul des pensions de vieillesse, d'invalidité et de survivants, article premier",https://www.pist.tn/jort/2002/2002F/Jo0112002.pdf
2002-01-01,1994,1.26962,"Arrêté du ministre des affaires sociales du 31 janvier 2002, relatif à la fixation du barème d'actualisation des salaires pris en compte dans le calcul des pensions de vieillesse, d'invalidité et de survivants, article premier",https://www.pist.tn/jort/2002/2002F/Jo0112002.pdf
2002-01-01,1995,1.19492,"Arrêté du ministre des affaires sociales du 31 janvier 2002, relatif à la fixation du barème d'actualisation des salaires pris en compte dans le calcul des pensions de vieillesse, d'invalidité et de survivants, article premier",https://www.pist.tn/jort/2002/2002F/Jo0112002.pdf
2002-01-01,1996,1.15229,"Arrêté du ministre des affaires sociales du 31 janvier 2002, relatif à la fixation du barème d'actualisation des salaires pris en compte dans le calcul des pensions de vieillesse, d'invalidité et de survivants, article premier",https://www.pist.tn/jort/2002/2002F/Jo0112002.pdf
2002-01-01,1997,1.11113,"Arrêté du ministre des affaires sociales du 31 janvier 2002, relatif à la fixation du barème d'actualisation des salaires pris en compte dans le calcul des pensions de vieillesse, d'invalidité et de survivants, article premier",https://www.pist.tn/jort/2002/2002F/Jo0112002.pdf
2002-01-01,1998,1.07746,"Arrêté du ministre des affaires sociales du 31 janvier 2002, relatif à la fixation du barème d'actualisation des salaires pris en compte dans le calcul des pensions de vieillesse, d'invalidité et de survivants, article premier",https://www.pist.tn/jort/2002/2002F/Jo0112002.pdf
2002-01-01,1999,1.04904,"Arrêté du ministre des affaires sociales du 31 janvier 2002, relatif à la fixation du barème d'actualisation des salaires pris en compte dans le calcul des pensions de vieillesse, d'invalidité et de survivants, article premier",https://www.pist.tn/jort/2002/2002F/Jo0112002.pdf
2002-01-01,2000,1.01935,"Arrêté du ministre des affaires sociales du 31 janvier 2002, relatif à la fixation du barème d'actualisation des salaires pris en compte dans le calcul des pensions de vieillesse, d'invalidité et de survivants, article premier",https://www.pist.tn/jort/2002/2002F/Jo0112002.pdf
2002-01-01,2001,1.0,"Arrêté du ministre des affaires sociales du 31 janvier 2002, relatif à la fixation du barème d'actualisation des salaires pris en compte dans le calcul des pensions de vieillesse, d'invalidité et de survivants, article premier",https://www.pist.tn/jort/2002/2002F/Jo0112002.pdf
2003-01-01,1961,8.8398,"Arrêté du ministre des affaires sociales du 29 janvier 2003, relatif à la fixation du barème d'actualisation des salaires pris en compte dans le calcul des pensions de vieillesse, d'invalidité et de survivants, article premier",https://www.pist.tn/jort/2003/2003F/Jo0102003.pdf
2003-01-01,1962,8.663,"Arrêté du ministre des affaires sociales du 29 janvier 2003, relatif à la fixation du barème d'actualisation des salaires pris en compte dans le calcul des pensions de vieillesse, d'invalidité et de survivants, article premier",https://www.pist.tn/jort/2003/2003F/Jo0102003.pdf
2003-01-01,1963,8.43525,"Arrêté du ministre des affaires sociales du 29 janvier 2003, relatif à la fixation du barème d'actualisation des salaires pris en compte dans le calcul des pensions de vieillesse, d'invalidité et de survivants, article premier",https://www.pist.tn/jort/2003/2003F/Jo0102003.pdf
2003-01-01,1964,8.09626,"Arrêté du ministre des affaires sociales du 29 janvier 2003, relatif à la fixation du barème d'actualisation des salaires pris en compte dans le calcul des pensions de vieillesse, d'invalidité et de survivants, article premier",https://www.pist.tn/jort/2003/2003F/Jo0102003.pdf
2003-01-01,1965,7.59246,"Arrêté du ministre des affaires sociales du 29 janvier 2003, relatif à la fixation du barème d'actualisation des salaires pris en compte dans le calcul des pensions de vieillesse, d'invalidité et de survivants, article premier",https://www.pist.tn/jort/2003/2003F/Jo0102003.pdf
2003-01-01,1966,7.31055,"Arrêté du ministre des affaires sociales du 29 janvier 2003, relatif à la fixation du barème d'actualisation des salaires pris en compte dans le calcul des pensions de vieillesse, d'invalidité et de survivants, article premier",https://www.pist.tn/jort/2003/2003F/Jo0102003.pdf
2003-01-01,1967,7.10082,"Arrêté du ministre des affaires sociales du 29 janvier 2003, relatif à la fixation du barème d'actualisation des salaires pris en compte dans le calcul des pensions de vieillesse, d'invalidité et de survivants, article premier",https://www.pist.tn/jort/2003/2003F/Jo0102003.pdf
2003-01-01,1968,6.91933,"Arrêté du ministre des affaires sociales du 29 janvier 2003, relatif à la fixation du barème d'actualisation des salaires pris en compte dans le calcul des pensions de vieillesse, d'invalidité et de survivants, article premier",https://www.pist.tn/jort/2003/2003F/Jo0102003.pdf
2003-01-01,1969,6.65361,"Arrêté du ministre des affaires sociales du 29 janvier 2003, relatif à la fixation du barème d'actualisation des salaires pris en compte dans le calcul des pensions de vieillesse, d'invalidité et de survivants, article premier",https://www.pist.tn/jort/2003/2003F/Jo0102003.pdf
2003-01-01,1970,6.58283,"Arrêté du ministre des affaires sociales du 29 janvier 2003, relatif à la fixation du barème d'actualisation des salaires pris en compte dans le calcul des pensions de vieillesse, d'invalidité et de survivants, article premier",https://www.pist.tn/jort/2003/2003F/Jo0102003.pdf
2003-01-01,1971,6.21004,"Arrêté du ministre des affaires sociales du 29 janvier 2003, relatif à la fixation du barème d'actualisation des salaires pris en compte dans le calcul des pensions de vieillesse, d'invalidité et de survivants, article premier",https://www.pist.tn/jort/2003/2003F/Jo0102003.pdf
2003-01-01,1972,6.08357,"Arrêté du ministre des affaires sociales du 29 janvier 2003, relatif à la fixation du barème d'actualisation des salaires pris en compte dans le calcul des pensions de vieillesse, d'invalidité et de survivants, article premier",https://www.pist.tn/jort/2003/2003F/Jo0102003.pdf
2003-01-01,1973,5.82191,"Arrêté du ministre des affaires sociales du 29 janvier 2003, relatif à la fixation du barème d'actualisation des salaires pris en compte dans le calcul des pensions de vieillesse, d'invalidité et de survivants, article premier",https://www.pist.tn/jort/2003/2003F/Jo0102003.pdf
2003-01-01,1974,5.59264,"Arrêté du ministre des affaires sociales du 29 janvier 2003, relatif à la fixation du barème d'actualisation des salaires pris en compte dans le calcul des pensions de vieillesse, d'invalidité et de survivants, article premier",https://www.pist.tn/jort/2003/2003F/Jo0102003.pdf
2003-01-01,1975,5.1079,"Arrêté du ministre des affaires sociales du 29 janvier 2003, relatif à la fixation du barème d'actualisation des salaires pris en compte dans le calcul des pensions de vieillesse, d'invalidité et de survivants, article premier",https://www.pist.tn/jort/2003/2003F/Jo0102003.pdf
2003-01-01,1976,4.84779,"Arrêté du ministre des affaires sociales du 29 janvier 2003, relatif à la fixation du barème d'actualisation des salaires pris en compte dans le calcul des pensions de vieillesse, d'invalidité et de survivants, article premier",https://www.pist.tn/jort/2003/2003F/Jo0102003.pdf
2003-01-01,1977,4.54274,"Arrêté du ministre des affaires sociales du 29 janvier 2003, relatif à la fixation du barème d'actualisation des salaires pris en compte dans le calcul des pensions de vieillesse, d'invalidité et de survivants, article premier",https://www.pist.tn/jort/2003/2003F/Jo0102003.pdf
2003-01-01,1978,4.30139,"Arrêté du ministre des affaires sociales du 29 janvier 2003, relatif à la fixation du barème d'actualisation des salaires pris en compte dans le calcul des pensions de vieillesse, d'invalidité et de survivants, article premier",https://www.pist.tn/jort/2003/2003F/Jo0102003.pdf
2003-01-01,1979,3.96839,"Arrêté du ministre des affaires sociales du 29 janvier 2003, relatif à la fixation du barème d'actualisation des salaires pris en compte dans le calcul des pensions de vieillesse, d'invalidité et de survivants, article premier",https://www.pist.tn/jort/2003/2003F/Jo0102003.pdf
2003-01-01,1980,3.64298,"Arrêté du ministre des affaires sociales du 29 janvier 2003, relatif à la fixation du barème d'actualisation des salaires pris en compte dans le calcul des pensions de vieillesse, d'invalidité et de survivants, article premier",https://www.pist.tn/jort/2003/2003F/Jo0102003.pdf
2003-01-01,1981,3.33321,"Arrêté du ministre des affaires sociales du 29 janvier 2003, relatif à la fixation du barème d'actualisation des salaires pris en compte dans le calcul des pensions de vieillesse, d'invalidité et de survivants, article premier",https://www.pist.tn/jort/2003/2003F/Jo0102003.pdf
2003-01-01,1982,2.92175,"Arrêté du ministre des affaires sociales du 29 janvier 2003, relatif à la fixation du barème d'actualisation des salaires pris en compte dans le calcul des pensions de vieillesse, d'invalidité et de survivants, article premier",https://www.pist.tn/jort/2003/2003F/Jo0102003.pdf
2003-01-01,1983,2.668,"Arrêté du ministre des affaires sociales du 29 janvier 2003, relatif à la fixation du barème d'actualisation des salaires pris en compte dans le calcul des pensions de vieillesse, d'invalidité et de survivants, article premier",https://www.pist.tn/jort/2003/2003F/Jo0102003.pdf
2003-01-01,1984,2.4562,"Arrêté du ministre des affaires sociales du 29 janvier 2003, relatif à la fixation du barème d'actualisation des salaires pris en compte dans le calcul des pensions de vieillesse, d'invalidité et de survivants, article premier",https://www.pist.tn/jort/2003/2003F/Jo0102003.pdf
2003-01-01,1985,2.28575,"Arrêté du ministre des affaires sociales du 29 janvier 2003, relatif à la fixation du barème d'actualisation des salaires pris en compte dans le calcul des pensions de vieillesse, d'invalidité et de survivants, article premier",https://www.pist.tn/jort/2003/2003F/Jo0102003.pdf
2003-01-01,1986,2.15123,"Arrêté du ministre des affaires sociales du 29 janvier 2003, relatif à la fixation du barème d'actualisation des salaires pris en compte dans le calcul des pensions de vieillesse, d'invalidité et de survivants, article premier",https://www.pist.tn/jort/2003/2003F/Jo0102003.pdf
2003-01-01,1987,1.98921,"Arrêté du ministre des affaires sociales du 29 janvier 2003, relatif à la fixation du barème d'actualisation des salaires pris en compte dans le calcul des pensions de vieillesse, d'invalidité et de survivants, article premier",https://www.pist.tn/jort/2003/2003F/Jo0102003.pdf
2003-01-01,1988,1.85503,"Arrêté du ministre des affaires sociales du 29 janvier 2003, relatif à la fixation du barème d'actualisation des salaires pris en compte dans le calcul des pensions de vieillesse, d'invalidité et de survivants, article premier",https://www.pist.tn/jort/2003/2003F/Jo0102003.pdf
2003-01-01,1989,1.72227,"Arrêté du ministre des affaires sociales du 29 janvier 2003, relatif à la fixation du barème d'actualisation des salaires pris en compte dans le calcul des pensions de vieillesse, d'invalidité et de survivants, article premier",https://www.pist.tn/jort/2003/2003F/Jo0102003.pdf
2003-01-01,1990,1.61593,"Arrêté du ministre des affaires sociales du 29 janvier 2003, relatif à la fixation du barème d'actualisation des salaires pris en compte dans le calcul des pensions de vieillesse, d'invalidité et de survivants, article premier",https://www.pist.tn/jort/2003/2003F/Jo0102003.pdf
2003-01-01,1991,1.49957,"Arrêté du ministre des affaires sociales du 29 janvier 2003, relatif à la fixation du barème d'actualisation des salaires pris en compte dans le calcul des pensions de vieillesse, d'invalidité et de survivants, article premier",https://www.pist.tn/jort/2003/2003F/Jo0102003.pdf
2003-01-01,1992,1.4204,"Arrêté du ministre des affaires sociales du 29 janvier 2003, relatif à la fixation du barème d'actualisation des salaires pris en compte dans le calcul des pensions de vieillesse, d'invalidité et de survivants, article premier",https://www.pist.tn/jort/2003/2003F/Jo0102003.pdf
2003-01-01,1993,1.36318,"Arrêté du ministre des affaires sociales du 29 janvier 2003, relatif à la fixation du barème d'actualisation des salaires pris en compte dans le calcul des pensions de vieillesse, d'invalidité et de survivants, article premier",https://www.pist.tn/jort/2003/2003F/Jo0102003.pdf
2003-01-01,1994,1.30487,"Arrêté du ministre des affaires sociales du 29 janvier 2003, relatif à la fixation du barème d'actualisation des salaires pris en compte dans le calcul des pensions de vieillesse, d'invalidité et de survivants, article premier",https://www.pist.tn/jort/2003/2003F/Jo0102003.pdf
2003-01-01,1995,1.2281,"Arrêté du ministre des affaires sociales du 29 janvier 2003, relatif à la fixation du barème d'actualisation des salaires pris en compte dans le calcul des pensions de vieillesse, d'invalidité et de survivants, article premier",https://www.pist.tn/jort/2003/2003F/Jo0102003.pdf
2003-01-01,1996,1.18428,"Arrêté du ministre des affaires sociales du 29 janvier 2003, relatif à la fixation du barème d'actualisation des salaires pris en compte dans le calcul des pensions de vieillesse, d'invalidité et de survivants, article premier",https://www.pist.tn/jort/2003/2003F/Jo0102003.pdf
2003-01-01,1997,1.14197,"Arrêté du ministre des affaires sociales du 29 janvier 2003, relatif à la fixation du barème d'actualisation des salaires pris en compte dans le calcul des pensions de vieillesse, d'invalidité et de survivants, article premier",https://www.pist.tn/jort/2003/2003F/Jo0102003.pdf
2003-01-01,1998,1.10738,"Arrêté du ministre des affaires sociales du 29 janvier 2003, relatif à la fixation du barème d'actualisation des salaires pris en compte dans le calcul des pensions de vieillesse, d'invalidité et de survivants, article premier",https://www.pist.tn/jort/2003/2003F/Jo0102003.pdf
2003-01-01,1999,1.07816,"Arrêté du ministre des affaires sociales du 29 janvier 2003, relatif à la fixation du barème d'actualisation des salaires pris en compte dans le calcul des pensions de vieillesse, d'invalidité et de survivants, article premier",https://www.pist.tn/jort/2003/2003F/Jo0102003.pdf
2003-01-01,2000,1.04765,"Arrêté du ministre des affaires sociales du 29 janvier 2003, relatif à la fixation du barème d'actualisation des salaires pris en compte dans le calcul des pensions de vieillesse, d'invalidité et de survivants, article premier",https://www.pist.tn/jort/2003/2003F/Jo0102003.pdf
2003-01-01,2001,1.02776,"Arrêté du ministre des affaires sociales du 29 janvier 2003, relatif à la fixation du barème d'actualisation des salaires pris en compte dans le calcul des pensions de vieillesse, d'invalidité et de survivants, article premier",https://www.pist.tn/jort/2003/2003F/Jo0102003.pdf
2003-01-01,2002,1.0,"Arrêté du ministre des affaires sociales du 29 janvier 2003, relatif à la fixation du barème d'actualisation des salaires pris en compte dans le calcul des pensions de vieillesse, d'invalidité et de survivants, article premier",https://www.pist.tn/jort/2003/2003F/Jo0102003.pdf
2004-01-01,1961,9.08469,"Arrêté du ministre des affaires sociales du 12 février 2004, relatif à la fixation du barème d'actualisation des salaires pris en compte dans le calcul des pensions de vieillesse, d'invalidité et de survivants, article premier",https://www.pist.tn/jort/2004/2004F/Jo0152004.pdf
2004-01-01,1962,8.903,"Arrêté du ministre des affaires sociales du 12 février 2004, relatif à la fixation du barème d'actualisation des salaires pris en compte dans le calcul des pensions de vieillesse, d'invalidité et de survivants, article premier",https://www.pist.tn/jort/2004/2004F/Jo0152004.pdf
2004-01-01,1963,8.66894,"Arrêté du ministre des affaires sociales du 12 février 2004, relatif à la fixation du barème d'actualisation des salaires pris en compte dans le calcul des pensions de vieillesse, d'invalidité et de survivants, article premier",https://www.pist.tn/jort/2004/2004F/Jo0152004.pdf
2004-01-01,1964,8.32056,"Arrêté du ministre des affaires sociales du 12 février 2004, relatif à la fixation du barème d'actualisation des salaires pris en compte dans le calcul des pensions de vieillesse, d'invalidité et de survivants, article premier",https://www.pist.tn/jort/2004/2004F/Jo0152004.pdf
2004-01-01,1965,7.8028,"Arrêté du ministre des affaires sociales du 12 février 2004, relatif à la fixation du barème d'actualisation des salaires pris en compte dans le calcul des pensions de vieillesse, d'invalidité et de survivants, article premier",https://www.pist.tn/jort/2004/2004F/Jo0152004.pdf
2004-01-01,1966,7.51308,"Arrêté du ministre des affaires sociales du 12 février 2004, relatif à la fixation du barème d'actualisation des salaires pris en compte dans le calcul des pensions de vieillesse, d'invalidité et de survivants, article premier",https://www.pist.tn/jort/2004/2004F/Jo0152004.pdf
2004-01-01,1967,7.29754,"Arrêté du ministre des affaires sociales du 12 février 2004, relatif à la fixation du barème d'actualisation des salaires pris en compte dans le calcul des pensions de vieillesse, d'invalidité et de survivants, article premier",https://www.pist.tn/jort/2004/2004F/Jo0152004.pdf
2004-01-01,1968,7.11102,"Arrêté du ministre des affaires sociales du 12 février 2004, relatif à la fixation du barème d'actualisation des salaires pris en compte dans le calcul des pensions de vieillesse, d'invalidité et de survivants, article premier",https://www.pist.tn/jort/2004/2004F/Jo0152004.pdf
2004-01-01,1969,6.83794,"Arrêté du ministre des affaires sociales du 12 février 2004, relatif à la fixation du barème d'actualisation des salaires pris en compte dans le calcul des pensions de vieillesse, d'invalidité et de survivants, article premier",https://www.pist.tn/jort/2004/2004F/Jo0152004.pdf
2004-01-01,1970,6.7652,"Arrêté du ministre des affaires sociales du 12 février 2004, relatif à la fixation du barème d'actualisation des salaires pris en compte dans le calcul des pensions de vieillesse, d'invalidité et de survivants, article premier",https://www.pist.tn/jort/2004/2004F/Jo0152004.pdf
2004-01-01,1971,6.38208,"Arrêté du ministre des affaires sociales du 12 février 2004, relatif à la fixation du barème d'actualisation des salaires pris en compte dans le calcul des pensions de vieillesse, d'invalidité et de survivants, article premier",https://www.pist.tn/jort/2004/2004F/Jo0152004.pdf
2004-01-01,1972,6.25211,"Arrêté du ministre des affaires sociales du 12 février 2004, relatif à la fixation du barème d'actualisation des salaires pris en compte dans le calcul des pensions de vieillesse, d'invalidité et de survivants, article premier",https://www.pist.tn/jort/2004/2004F/Jo0152004.pdf
2004-01-01,1973,5.9832,"Arrêté du ministre des affaires sociales du 12 février 2004, relatif à la fixation du barème d'actualisation des salaires pris en compte dans le calcul des pensions de vieillesse, d'invalidité et de survivants, article premier",https://www.pist.tn/jort/2004/2004F/Jo0152004.pdf
2004-01-01,1974,5.74758,"Arrêté du ministre des affaires sociales du 12 février 2004, relatif à la fixation du barème d'actualisation des salaires pris en compte dans le calcul des pensions de vieillesse, d'invalidité et de survivants, article premier",https://www.pist.tn/jort/2004/2004F/Jo0152004.pdf
2004-01-01,1975,5.24941,"Arrêté du ministre des affaires sociales du 12 février 2004, relatif à la fixation du barème d'actualisation des salaires pris en compte dans le calcul des pensions de vieillesse, d'invalidité et de survivants, article premier",https://www.pist.tn/jort/2004/2004F/Jo0152004.pdf
2004-01-01,1976,4.98209,"Arrêté du ministre des affaires sociales du 12 février 2004, relatif à la fixation du barème d'actualisation des salaires pris en compte dans le calcul des pensions de vieillesse, d'invalidité et de survivants, article premier",https://www.pist.tn/jort/2004/2004F/Jo0152004.pdf
2004-01-01,1977,4.66859,"Arrêté du ministre des affaires sociales du 12 février 2004, relatif à la fixation du barème d'actualisation des salaires pris en compte dans le calcul des pensions de vieillesse, d'invalidité et de survivants, article premier",https://www.pist.tn/jort/2004/2004F/Jo0152004.pdf
2004-01-01,1978,4.42056,"Arrêté du ministre des affaires sociales du 12 février 2004, relatif à la fixation du barème d'actualisation des salaires pris en compte dans le calcul des pensions de vieillesse, d'invalidité et de survivants, article premier",https://www.pist.tn/jort/2004/2004F/Jo0152004.pdf
2004-01-01,1979,4.07833,"Arrêté du ministre des affaires sociales du 12 février 2004, relatif à la fixation du barème d'actualisation des salaires pris en compte dans le calcul des pensions de vieillesse, d'invalidité et de survivants, article premier",https://www.pist.tn/jort/2004/2004F/Jo0152004.pdf
2004-01-01,1980,3.7439,"Arrêté du ministre des affaires sociales du 12 février 2004, relatif à la fixation du barème d'actualisation des salaires pris en compte dans le calcul des pensions de vieillesse, d'invalidité et de survivants, article premier",https://www.pist.tn/jort/2004/2004F/Jo0152004.pdf
2004-01-01,1981,3.42555,"Arrêté du ministre des affaires sociales du 12 février 2004, relatif à la fixation du barème d'actualisation des salaires pris en compte dans le calcul des pensions de vieillesse, d'invalidité et de survivants, article premier",https://www.pist.tn/jort/2004/2004F/Jo0152004.pdf
2004-01-01,1982,3.0027,"Arrêté du ministre des affaires sociales du 12 février 2004, relatif à la fixation du barème d'actualisation des salaires pris en compte dans le calcul des pensions de vieillesse, d'invalidité et de survivants, article premier",https://www.pist.tn/jort/2004/2004F/Jo0152004.pdf
2004-01-01,1983,2.74192,"Arrêté du ministre des affaires sociales du 12 février 2004, relatif à la fixation du barème d'actualisation des salaires pris en compte dans le calcul des pensions de vieillesse, d'invalidité et de survivants, article premier",https://www.pist.tn/jort/2004/2004F/Jo0152004.pdf
2004-01-01,1984,2.52424,"Arrêté du ministre des affaires sociales du 12 février 2004, relatif à la fixation du barème d'actualisation des salaires pris en compte dans le calcul des pensions de vieillesse, d'invalidité et de survivants, article premier",https://www.pist.tn/jort/2004/2004F/Jo0152004.pdf
2004-01-01,1985,2.34908,"Arrêté du ministre des affaires sociales du 12 février 2004, relatif à la fixation du barème d'actualisation des salaires pris en compte dans le calcul des pensions de vieillesse, d'invalidité et de survivants, article premier",https://www.pist.tn/jort/2004/2004F/Jo0152004.pdf
2004-01-01,1986,2.21083,"Arrêté du ministre des affaires sociales du 12 février 2004, relatif à la fixation du barème d'actualisation des salaires pris en compte dans le calcul des pensions de vieillesse, d'invalidité et de survivants, article premier",https://www.pist.tn/jort/2004/2004F/Jo0152004.pdf
2004-01-01,1987,2.04432,"Arrêté du ministre des affaires sociales du 12 février 2004, relatif à la fixation du barème d'actualisation des salaires pris en compte dans le calcul des pensions de vieillesse, d'invalidité et de survivants, article premier",https://www.pist.tn/jort/2004/2004F/Jo0152004.pdf
2004-01-01,1988,1.90642,"Arrêté du ministre des affaires sociales du 12 février 2004, relatif à la fixation du barème d'actualisation des salaires pris en compte dans le calcul des pensions de vieillesse, d'invalidité et de survivants, article premier",https://www.pist.tn/jort/2004/2004F/Jo0152004.pdf
2004-01-01,1989,1.76998,"Arrêté du ministre des affaires sociales du 12 février 2004, relatif à la fixation du barème d'actualisation des salaires pris en compte dans le calcul des pensions de vieillesse, d'invalidité et de survivants, article premier",https://www.pist.tn/jort/2004/2004F/Jo0152004.pdf
2004-01-01,1990,1.6607,"Arrêté du ministre des affaires sociales du 12 février 2004, relatif à la fixation du barème d'actualisation des salaires pris en compte dans le calcul des pensions de vieillesse, d'invalidité et de survivants, article premier",https://www.pist.tn/jort/2004/2004F/Jo0152004.pdf
2004-01-01,1991,1.54111,"Arrêté du ministre des affaires sociales du 12 février 2004, relatif à la fixation du barème d'actualisation des salaires pris en compte dans le calcul des pensions de vieillesse, d'invalidité et de survivants, article premier",https://www.pist.tn/jort/2004/2004F/Jo0152004.pdf
2004-01-01,1992,1.45975,"Arrêté du ministre des affaires sociales du 12 février 2004, relatif à la fixation du barème d'actualisation des salaires pris en compte dans le calcul des pensions de vieillesse, d'invalidité et de survivants, article premier",https://www.pist.tn/jort/2004/2004F/Jo0152004.pdf
2004-01-01,1993,1.40094,"Arrêté du ministre des affaires sociales du 12 février 2004, relatif à la fixation du barème d'actualisation des salaires pris en compte dans le calcul des pensions de vieillesse, d'invalidité et de survivants, article premier",https://www.pist.tn/jort/2004/2004F/Jo0152004.pdf
2004-01-01,1994,1.34102,"Arrêté du ministre des affaires sociales du 12 février 2004, relatif à la fixation du barème d'actualisation des salaires pris en compte dans le calcul des pensions de vieillesse, d'invalidité et de survivants, article premier",https://www.pist.tn/jort/2004/2004F/Jo0152004.pdf
2004-01-01,1995,1.26158,"Arrêté du ministre des affaires sociales du 12 février 2004, relatif à la fixation du barème d'actualisation des salaires pris en compte dans le calcul des pensions de vieillesse, d'invalidité et de survivants, article premier",https://www.pist.tn/jort/2004/2004F/Jo0152004.pdf
2004-01-01,1996,1.21709,"Arrêté du ministre des affaires sociales du 12 février 2004, relatif à la fixation du barème d'actualisation des salaires pris en compte dans le calcul des pensions de vieillesse, d'invalidité et de survivants, article premier",https://www.pist.tn/jort/2004/2004F/Jo0152004.pdf
2004-01-01,1997,1.17361,"Arrêté du ministre des affaires sociales du 12 février 2004, relatif à la fixation du barème d'actualisation des salaires pris en compte dans le calcul des pensions de vieillesse, d'invalidité et de survivants, article premier",https://www.pist.tn/jort/2004/2004F/Jo0152004.pdf
2004-01-01,1998,1.13805,"Arrêté du ministre des affaires sociales du 12 février 2004, relatif à la fixation du barème d'actualisation des salaires pris en compte dans le calcul des pensions de vieillesse, d'invalidité et de survivants, article premier",https://www.pist.tn/jort/2004/2004F/Jo0152004.pdf
2004-01-01,1999,1.10803,"Arrêté du ministre des affaires sociales du 12 février 2004, relatif à la fixation du barème d'actualisation des salaires pris en compte dans le calcul des pensions de vieillesse, d'invalidité et de survivants, article premier",https://www.pist.tn/jort/2004/2004F/Jo0152004.pdf
2004-01-01,2000,1.07641,"Arrêté du ministre des affaires sociales du 12 février 2004, relatif à la fixation du barème d'actualisation des salaires pris en compte dans le calcul des pensions de vieillesse, d'invalidité et de survivants, article premier",https://www.pist.tn/jort/2004/2004F/Jo0152004.pdf
2004-01-01,2001,1.05623,"Arrêté du ministre des affaires sociales du 12 février 2004, relatif à la fixation du barème d'actualisation des salaires pris en compte dans le calcul des pensions de vieillesse, d'invalidité et de survivants, article premier",https://www.pist.tn/jort/2004/2004F/Jo0152004.pdf
2004-01-01,2002,1.02699,"Arrêté du ministre des affaires sociales du 12 février 2004, relatif à la fixation du barème d'actualisation des salaires pris en compte dans le calcul des pensions de vieillesse, d'invalidité et de survivants, article premier",https://www.pist.tn/jort/2004/2004F/Jo0152004.pdf
2004-01-01,2003,1.0,"Arrêté du ministre des affaires sociales du 12 février 2004, relatif à la fixation du barème d'actualisation des salaires pris en compte dans le calcul des pensions de vieillesse, d'invalidité et de survivants, article premier",https://www.pist.tn/jort/2004/2004F/Jo0152004.pdf
2005-01-01,1961,9.41429,"Arrêté du ministre des affaires sociales du 21 février 2005, relatif à la fixation du barème d'actualisation des salaires pris en compte dans le calcul des pensions de vieillesse, d'invalidité et de survivants, article premier",https://www.pist.tn/jort/2005/2005F/Jo0162005.pdf
2005-01-01,1962,9.226,"Arrêté du ministre des affaires sociales du 21 février 2005, relatif à la fixation du barème d'actualisation des salaires pris en compte dans le calcul des pensions de vieillesse, d'invalidité et de survivants, article premier",https://www.pist.tn/jort/2005/2005F/Jo0162005.pdf
2005-01-01,1963,8.98345,"Arrêté du ministre des affaires sociales du 21 février 2005, relatif à la fixation du barème d'actualisation des salaires pris en compte dans le calcul des pensions de vieillesse, d'invalidité et de survivants, article premier",https://www.pist.tn/jort/2005/2005F/Jo0162005.pdf
2005-01-01,1964,8.62243,"Arrêté du ministre des affaires sociales du 21 février 2005, relatif à la fixation du barème d'actualisation des salaires pris en compte dans le calcul des pensions de vieillesse, d'invalidité et de survivants, article premier",https://www.pist.tn/jort/2005/2005F/Jo0162005.pdf
2005-01-01,1965,8.08589,"Arrêté du ministre des affaires sociales du 21 février 2005, relatif à la fixation du barème d'actualisation des salaires pris en compte dans le calcul des pensions de vieillesse, d'invalidité et de survivants, article premier",https://www.pist.tn/jort/2005/2005F/Jo0162005.pdf
2005-01-01,1966,7.78565,"Arrêté du ministre des affaires sociales du 21 février 2005, relatif à la fixation du barème d'actualisation des salaires pris en compte dans le calcul des pensions de vieillesse, d'invalidité et de survivants, article premier",https://www.pist.tn/jort/2005/2005F/Jo0162005.pdf
2005-01-01,1967,7.5623,"Arrêté du ministre des affaires sociales du 21 février 2005, relatif à la fixation du barème d'actualisation des salaires pris en compte dans le calcul des pensions de vieillesse, d'invalidité et de survivants, article premier",https://www.pist.tn/jort/2005/2005F/Jo0162005.pdf
2005-01-01,1968,7.36901,"Arrêté du ministre des affaires sociales du 21 février 2005, relatif à la fixation du barème d'actualisation des salaires pris en compte dans le calcul des pensions de vieillesse, d'invalidité et de survivants, article premier",https://www.pist.tn/jort/2005/2005F/Jo0162005.pdf
2005-01-01,1969,7.08602,"Arrêté du ministre des affaires sociales du 21 février 2005, relatif à la fixation du barème d'actualisation des salaires pris en compte dans le calcul des pensions de vieillesse, d'invalidité et de survivants, article premier",https://www.pist.tn/jort/2005/2005F/Jo0162005.pdf
2005-01-01,1970,7.01064,"Arrêté du ministre des affaires sociales du 21 février 2005, relatif à la fixation du barème d'actualisation des salaires pris en compte dans le calcul des pensions de vieillesse, d'invalidité et de survivants, article premier",https://www.pist.tn/jort/2005/2005F/Jo0162005.pdf
2005-01-01,1971,6.61362,"Arrêté du ministre des affaires sociales du 21 février 2005, relatif à la fixation du barème d'actualisation des salaires pris en compte dans le calcul des pensions de vieillesse, d'invalidité et de survivants, article premier",https://www.pist.tn/jort/2005/2005F/Jo0162005.pdf
2005-01-01,1972,6.47893,"Arrêté du ministre des affaires sociales du 21 février 2005, relatif à la fixation du barème d'actualisation des salaires pris en compte dans le calcul des pensions de vieillesse, d'invalidité et de survivants, article premier",https://www.pist.tn/jort/2005/2005F/Jo0162005.pdf
2005-01-01,1973,6.20027,"Arrêté du ministre des affaires sociales du 21 février 2005, relatif à la fixation du barème d'actualisation des salaires pris en compte dans le calcul des pensions de vieillesse, d'invalidité et de survivants, article premier",https://www.pist.tn/jort/2005/2005F/Jo0162005.pdf
2005-01-01,1974,5.9561,"Arrêté du ministre des affaires sociales du 21 février 2005, relatif à la fixation du barème d'actualisation des salaires pris en compte dans le calcul des pensions de vieillesse, d'invalidité et de survivants, article premier",https://www.pist.tn/jort/2005/2005F/Jo0162005.pdf
2005-01-01,1975,5.43986,"Arrêté du ministre des affaires sociales du 21 février 2005, relatif à la fixation du barème d'actualisation des salaires pris en compte dans le calcul des pensions de vieillesse, d'invalidité et de survivants, article premier",https://www.pist.tn/jort/2005/2005F/Jo0162005.pdf
2005-01-01,1976,5.16284,"Arrêté du ministre des affaires sociales du 21 février 2005, relatif à la fixation du barème d'actualisation des salaires pris en compte dans le calcul des pensions de vieillesse, d'invalidité et de survivants, article premier",https://www.pist.tn/jort/2005/2005F/Jo0162005.pdf
2005-01-01,1977,4.83797,"Arrêté du ministre des affaires sociales du 21 février 2005, relatif à la fixation du barème d'actualisation des salaires pris en compte dans le calcul des pensions de vieillesse, d'invalidité et de survivants, article premier",https://www.pist.tn/jort/2005/2005F/Jo0162005.pdf
2005-01-01,1978,4.58093,"Arrêté du ministre des affaires sociales du 21 février 2005, relatif à la fixation du barème d'actualisation des salaires pris en compte dans le calcul des pensions de vieillesse, d'invalidité et de survivants, article premier",https://www.pist.tn/jort/2005/2005F/Jo0162005.pdf
2005-01-01,1979,4.22629,"Arrêté du ministre des affaires sociales du 21 février 2005, relatif à la fixation du barème d'actualisation des salaires pris en compte dans le calcul des pensions de vieillesse, d'invalidité et de survivants, article premier",https://www.pist.tn/jort/2005/2005F/Jo0162005.pdf
2005-01-01,1980,3.87973,"Arrêté du ministre des affaires sociales du 21 février 2005, relatif à la fixation du barème d'actualisation des salaires pris en compte dans le calcul des pensions de vieillesse, d'invalidité et de survivants, article premier",https://www.pist.tn/jort/2005/2005F/Jo0162005.pdf
2005-01-01,1981,3.54983,"Arrêté du ministre des affaires sociales du 21 février 2005, relatif à la fixation du barème d'actualisation des salaires pris en compte dans le calcul des pensions de vieillesse, d'invalidité et de survivants, article premier",https://www.pist.tn/jort/2005/2005F/Jo0162005.pdf
2005-01-01,1982,3.11164,"Arrêté du ministre des affaires sociales du 21 février 2005, relatif à la fixation du barème d'actualisation des salaires pris en compte dans le calcul des pensions de vieillesse, d'invalidité et de survivants, article premier",https://www.pist.tn/jort/2005/2005F/Jo0162005.pdf
2005-01-01,1983,2.84139,"Arrêté du ministre des affaires sociales du 21 février 2005, relatif à la fixation du barème d'actualisation des salaires pris en compte dans le calcul des pensions de vieillesse, d'invalidité et de survivants, article premier",https://www.pist.tn/jort/2005/2005F/Jo0162005.pdf
2005-01-01,1984,2.61582,"Arrêté du ministre des affaires sociales du 21 février 2005, relatif à la fixation du barème d'actualisation des salaires pris en compte dans le calcul des pensions de vieillesse, d'invalidité et de survivants, article premier",https://www.pist.tn/jort/2005/2005F/Jo0162005.pdf
2005-01-01,1985,2.4343,"Arrêté du ministre des affaires sociales du 21 février 2005, relatif à la fixation du barème d'actualisation des salaires pris en compte dans le calcul des pensions de vieillesse, d'invalidité et de survivants, article premier",https://www.pist.tn/jort/2005/2005F/Jo0162005.pdf
2005-01-01,1986,2.29104,"Arrêté du ministre des affaires sociales du 21 février 2005, relatif à la fixation du barème d'actualisation des salaires pris en compte dans le calcul des pensions de vieillesse, d'invalidité et de survivants, article premier",https://www.pist.tn/jort/2005/2005F/Jo0162005.pdf
2005-01-01,1987,2.11848,"Arrêté du ministre des affaires sociales du 21 février 2005, relatif à la fixation du barème d'actualisation des salaires pris en compte dans le calcul des pensions de vieillesse, d'invalidité et de survivants, article premier",https://www.pist.tn/jort/2005/2005F/Jo0162005.pdf
2005-01-01,1988,1.97559,"Arrêté du ministre des affaires sociales du 21 février 2005, relatif à la fixation du barème d'actualisation des salaires pris en compte dans le calcul des pensions de vieillesse, d'invalidité et de survivants, article premier",https://www.pist.tn/jort/2005/2005F/Jo0162005.pdf
2005-01-01,1989,1.83419,"Arrêté du ministre des affaires sociales du 21 février 2005, relatif à la fixation du barème d'actualisation des salaires pris en compte dans le calcul des pensions de vieillesse, d'invalidité et de survivants, article premier",https://www.pist.tn/jort/2005/2005F/Jo0162005.pdf
2005-01-01,1990,1.72095,"Arrêté du ministre des affaires sociales du 21 février 2005, relatif à la fixation du barème d'actualisation des salaires pris en compte dans le calcul des pensions de vieillesse, d'invalidité et de survivants, article premier",https://www.pist.tn/jort/2005/2005F/Jo0162005.pdf
2005-01-01,1991,1.59702,"Arrêté du ministre des affaires sociales du 21 février 2005, relatif à la fixation du barème d'actualisation des salaires pris en compte dans le calcul des pensions de vieillesse, d'invalidité et de survivants, article premier",https://www.pist.tn/jort/2005/2005F/Jo0162005.pdf
2005-01-01,1992,1.51271,"Arrêté du ministre des affaires sociales du 21 février 2005, relatif à la fixation du barème d'actualisation des salaires pris en compte dans le calcul des pensions de vieillesse, d'invalidité et de survivants, article premier",https://www.pist.tn/jort/2005/2005F/Jo0162005.pdf
2005-01-01,1993,1.45177,"Arrêté du ministre des affaires sociales du 21 février 2005, relatif à la fixation du barème d'actualisation des salaires pris en compte dans le calcul des pensions de vieillesse, d'invalidité et de survivants, article premier",https://www.pist.tn/jort/2005/2005F/Jo0162005.pdf
2005-01-01,1994,1.38967,"Arrêté du ministre des affaires sociales du 21 février 2005, relatif à la fixation du barème d'actualisation des salaires pris en compte dans le calcul des pensions de vieillesse, d'invalidité et de survivants, article premier",https://www.pist.tn/jort/2005/2005F/Jo0162005.pdf
2005-01-01,1995,1.30735,"Arrêté du ministre des affaires sociales du 21 février 2005, relatif à la fixation du barème d'actualisation des salaires pris en compte dans le calcul des pensions de vieillesse, d'invalidité et de survivants, article premier",https://www.pist.tn/jort/2005/2005F/Jo0162005.pdf
2005-01-01,1996,1.26124,"Arrêté du ministre des affaires sociales du 21 février 2005, relatif à la fixation du barème d'actualisation des salaires pris en compte dans le calcul des pensions de vieillesse, d'invalidité et de survivants, article premier",https://www.pist.tn/jort/2005/2005F/Jo0162005.pdf
2005-01-01,1997,1.21619,"Arrêté du ministre des affaires sociales du 21 février 2005, relatif à la fixation du barème d'actualisation des salaires pris en compte dans le calcul des pensions de vieillesse, d'invalidité et de survivants, article premier",https://www.pist.tn/jort/2005/2005F/Jo0162005.pdf
2005-01-01,1998,1.17934,"Arrêté du ministre des affaires sociales du 21 février 2005, relatif à la fixation du barème d'actualisation des salaires pris en compte dans le calcul des pensions de vieillesse, d'invalidité et de survivants, article premier",https://www.pist.tn/jort/2005/2005F/Jo0162005.pdf
2005-01-01,1999,1.14823,"Arrêté du ministre des affaires sociales du 21 février 2005, relatif à la fixation du barème d'actualisation des salaires pris en compte dans le calcul des pensions de vieillesse, d'invalidité et de survivants, article premier",https://www.pist.tn/jort/2005/2005F/Jo0162005.pdf
2005-01-01,2000,1.11546,"Arrêté du ministre des affaires sociales du 21 février 2005, relatif à la fixation du barème d'actualisation des salaires pris en compte dans le calcul des pensions de vieillesse, d'invalidité et de survivants, article premier",https://www.pist.tn/jort/2005/2005F/Jo0162005.pdf
2005-01-01,2001,1.09455,"Arrêté du ministre des affaires sociales du 21 février 2005, relatif à la fixation du barème d'actualisation des salaires pris en compte dans le calcul des pensions de vieillesse, d'invalidité et de survivants, article premier",https://www.pist.tn/jort/2005/2005F/Jo0162005.pdf
2005-01-01,2002,1.06425,"Arrêté du ministre des affaires sociales du 21 février 2005, relatif à la fixation du barème d'actualisation des salaires pris en compte dans le calcul des pensions de vieillesse, d'invalidité et de survivants, article premier",https://www.pist.tn/jort/2005/2005F/Jo0162005.pdf
2005-01-01,2003,1.03628,"Arrêté du ministre des affaires sociales du 21 février 2005, relatif à la fixation du barème d'actualisation des salaires pris en compte dans le calcul des pensions de vieillesse, d'invalidité et de survivants, article premier",https://www.pist.tn/jort/2005/2005F/Jo0162005.pdf
2005-01-01,2004,1.0,"Arrêté du ministre des affaires sociales du 21 février 2005, relatif à la fixation du barème d'actualisation des salaires pris en compte dans le calcul des pensions de vieillesse, d'invalidité et de survivants, article premier",https://www.pist.tn/jort/2005/2005F/Jo0162005.pdf
2006-01-01,1961,9.60612,"Arrêté du ministre des affaires sociales du 14 février 2006, relatif à la fixation du barème d'actualisation des salaires pris en compte dans le calcul des pensions de vieillesse, d'invalidité et de survivants, article premier",https://www.pist.tn/jort/2006/2006F/Jo0142006.pdf
2006-01-01,1962,9.414,"Arrêté du ministre des affaires sociales du 14 février 2006, relatif à la fixation du barème d'actualisation des salaires pris en compte dans le calcul des pensions de vieillesse, d'invalidité et de survivants, article premier",https://www.pist.tn/jort/2006/2006F/Jo0142006.pdf
2006-01-01,1963,9.1665,"Arrêté du ministre des affaires sociales du 14 février 2006, relatif à la fixation du barème d'actualisation des salaires pris en compte dans le calcul des pensions de vieillesse, d'invalidité et de survivants, article premier",https://www.pist.tn/jort/2006/2006F/Jo0142006.pdf
2006-01-01,1964,8.79813,"Arrêté du ministre des affaires sociales du 14 février 2006, relatif à la fixation du barème d'actualisation des salaires pris en compte dans le calcul des pensions de vieillesse, d'invalidité et de survivants, article premier",https://www.pist.tn/jort/2006/2006F/Jo0142006.pdf
2006-01-01,1965,8.25066,"Arrêté du ministre des affaires sociales du 14 février 2006, relatif à la fixation du barème d'actualisation des salaires pris en compte dans le calcul des pensions de vieillesse, d'invalidité et de survivants, article premier",https://www.pist.tn/jort/2006/2006F/Jo0142006.pdf
2006-01-01,1966,7.9443,"Arrêté du ministre des affaires sociales du 14 février 2006, relatif à la fixation du barème d'actualisation des salaires pris en compte dans le calcul des pensions de vieillesse, d'invalidité et de survivants, article premier",https://www.pist.tn/jort/2006/2006F/Jo0142006.pdf
2006-01-01,1967,7.71639,"Arrêté du ministre des affaires sociales du 14 février 2006, relatif à la fixation du barème d'actualisation des salaires pris en compte dans le calcul des pensions de vieillesse, d'invalidité et de survivants, article premier",https://www.pist.tn/jort/2006/2006F/Jo0142006.pdf
2006-01-01,1968,7.51917,"Arrêté du ministre des affaires sociales du 14 février 2006, relatif à la fixation du barème d'actualisation des salaires pris en compte dans le calcul des pensions de vieillesse, d'invalidité et de survivants, article premier",https://www.pist.tn/jort/2006/2006F/Jo0142006.pdf
2006-01-01,1969,7.23041,"Arrêté du ministre des affaires sociales du 14 février 2006, relatif à la fixation du barème d'actualisation des salaires pris en compte dans le calcul des pensions de vieillesse, d'invalidité et de survivants, article premier",https://www.pist.tn/jort/2006/2006F/Jo0142006.pdf
2006-01-01,1970,7.1535,"Arrêté du ministre des affaires sociales du 14 février 2006, relatif à la fixation du barème d'actualisation des salaires pris en compte dans le calcul des pensions de vieillesse, d'invalidité et de survivants, article premier",https://www.pist.tn/jort/2006/2006F/Jo0142006.pdf
2006-01-01,1971,6.74839,"Arrêté du ministre des affaires sociales du 14 février 2006, relatif à la fixation du barème d'actualisation des salaires pris en compte dans le calcul des pensions de vieillesse, d'invalidité et de survivants, article premier",https://www.pist.tn/jort/2006/2006F/Jo0142006.pdf
2006-01-01,1972,6.61096,"Arrêté du ministre des affaires sociales du 14 février 2006, relatif à la fixation du barème d'actualisation des salaires pris en compte dans le calcul des pensions de vieillesse, d'invalidité et de survivants, article premier",https://www.pist.tn/jort/2006/2006F/Jo0142006.pdf
2006-01-01,1973,6.32661,"Arrêté du ministre des affaires sociales du 14 février 2006, relatif à la fixation du barème d'actualisation des salaires pris en compte dans le calcul des pensions de vieillesse, d'invalidité et de survivants, article premier",https://www.pist.tn/jort/2006/2006F/Jo0142006.pdf
2006-01-01,1974,6.07747,"Arrêté du ministre des affaires sociales du 14 février 2006, relatif à la fixation du barème d'actualisation des salaires pris en compte dans le calcul des pensions de vieillesse, d'invalidité et de survivants, article premier",https://www.pist.tn/jort/2006/2006F/Jo0142006.pdf
2006-01-01,1975,5.55071,"Arrêté du ministre des affaires sociales du 14 février 2006, relatif à la fixation du barème d'actualisation des salaires pris en compte dans le calcul des pensions de vieillesse, d'invalidité et de survivants, article premier",https://www.pist.tn/jort/2006/2006F/Jo0142006.pdf
2006-01-01,1976,5.26805,"Arrêté du ministre des affaires sociales du 14 février 2006, relatif à la fixation du barème d'actualisation des salaires pris en compte dans le calcul des pensions de vieillesse, d'invalidité et de survivants, article premier",https://www.pist.tn/jort/2006/2006F/Jo0142006.pdf
2006-01-01,1977,4.93655,"Arrêté du ministre des affaires sociales du 14 février 2006, relatif à la fixation du barème d'actualisation des salaires pris en compte dans le calcul des pensions de vieillesse, d'invalidité et de survivants, article premier",https://www.pist.tn/jort/2006/2006F/Jo0142006.pdf
2006-01-01,1978,4.67428,"Arrêté du ministre des affaires sociales du 14 février 2006, relatif à la fixation du barème d'actualisation des salaires pris en compte dans le calcul des pensions de vieillesse, d'invalidité et de survivants, article premier",https://www.pist.tn/jort/2006/2006F/Jo0142006.pdf
2006-01-01,1979,4.31241,"Arrêté du ministre des affaires sociales du 14 février 2006, relatif à la fixation du barème d'actualisation des salaires pris en compte dans le calcul des pensions de vieillesse, d'invalidité et de survivants, article premier",https://www.pist.tn/jort/2006/2006F/Jo0142006.pdf
2006-01-01,1980,3.95879,"Arrêté du ministre des affaires sociales du 14 février 2006, relatif à la fixation du barème d'actualisation des salaires pris en compte dans le calcul des pensions de vieillesse, d'invalidité et de survivants, article premier",https://www.pist.tn/jort/2006/2006F/Jo0142006.pdf
2006-01-01,1981,3.62216,"Arrêté du ministre des affaires sociales du 14 février 2006, relatif à la fixation du barème d'actualisation des salaires pris en compte dans le calcul des pensions de vieillesse, d'invalidité et de survivants, article premier",https://www.pist.tn/jort/2006/2006F/Jo0142006.pdf
2006-01-01,1982,3.17504,"Arrêté du ministre des affaires sociales du 14 février 2006, relatif à la fixation du barème d'actualisation des salaires pris en compte dans le calcul des pensions de vieillesse, d'invalidité et de survivants, article premier",https://www.pist.tn/jort/2006/2006F/Jo0142006.pdf
2006-01-01,1983,2.89929,"Arrêté du ministre des affaires sociales du 14 février 2006, relatif à la fixation du barème d'actualisation des salaires pris en compte dans le calcul des pensions de vieillesse, d'invalidité et de survivants, article premier",https://www.pist.tn/jort/2006/2006F/Jo0142006.pdf
2006-01-01,1984,2.66912,"Arrêté du ministre des affaires sociales du 14 février 2006, relatif à la fixation du barème d'actualisation des salaires pris en compte dans le calcul des pensions de vieillesse, d'invalidité et de survivants, article premier",https://www.pist.tn/jort/2006/2006F/Jo0142006.pdf
2006-01-01,1985,2.48391,"Arrêté du ministre des affaires sociales du 14 février 2006, relatif à la fixation du barème d'actualisation des salaires pris en compte dans le calcul des pensions de vieillesse, d'invalidité et de survivants, article premier",https://www.pist.tn/jort/2006/2006F/Jo0142006.pdf
2006-01-01,1986,2.33772,"Arrêté du ministre des affaires sociales du 14 février 2006, relatif à la fixation du barème d'actualisation des salaires pris en compte dans le calcul des pensions de vieillesse, d'invalidité et de survivants, article premier",https://www.pist.tn/jort/2006/2006F/Jo0142006.pdf
2006-01-01,1987,2.16165,"Arrêté du ministre des affaires sociales du 14 février 2006, relatif à la fixation du barème d'actualisation des salaires pris en compte dans le calcul des pensions de vieillesse, d'invalidité et de survivants, article premier",https://www.pist.tn/jort/2006/2006F/Jo0142006.pdf
2006-01-01,1988,2.01585,"Arrêté du ministre des affaires sociales du 14 février 2006, relatif à la fixation du barème d'actualisation des salaires pris en compte dans le calcul des pensions de vieillesse, d'invalidité et de survivants, article premier",https://www.pist.tn/jort/2006/2006F/Jo0142006.pdf
2006-01-01,1989,1.87157,"Arrêté du ministre des affaires sociales du 14 février 2006, relatif à la fixation du barème d'actualisation des salaires pris en compte dans le calcul des pensions de vieillesse, d'invalidité et de survivants, article premier",https://www.pist.tn/jort/2006/2006F/Jo0142006.pdf
2006-01-01,1990,1.75602,"Arrêté du ministre des affaires sociales du 14 février 2006, relatif à la fixation du barème d'actualisation des salaires pris en compte dans le calcul des pensions de vieillesse, d'invalidité et de survivants, article premier",https://www.pist.tn/jort/2006/2006F/Jo0142006.pdf
2006-01-01,1991,1.62957,"Arrêté du ministre des affaires sociales du 14 février 2006, relatif à la fixation du barème d'actualisation des salaires pris en compte dans le calcul des pensions de vieillesse, d'invalidité et de survivants, article premier",https://www.pist.tn/jort/2006/2006F/Jo0142006.pdf
2006-01-01,1992,1.54353,"Arrêté du ministre des affaires sociales du 14 février 2006, relatif à la fixation du barème d'actualisation des salaires pris en compte dans le calcul des pensions de vieillesse, d'invalidité et de survivants, article premier",https://www.pist.tn/jort/2006/2006F/Jo0142006.pdf
2006-01-01,1993,1.48135,"Arrêté du ministre des affaires sociales du 14 février 2006, relatif à la fixation du barème d'actualisation des salaires pris en compte dans le calcul des pensions de vieillesse, d'invalidité et de survivants, article premier",https://www.pist.tn/jort/2006/2006F/Jo0142006.pdf
2006-01-01,1994,1.41798,"Arrêté du ministre des affaires sociales du 14 février 2006, relatif à la fixation du barème d'actualisation des salaires pris en compte dans le calcul des pensions de vieillesse, d'invalidité et de survivants, article premier",https://www.pist.tn/jort/2006/2006F/Jo0142006.pdf
2006-01-01,1995,1.33399,"Arrêté du ministre des affaires sociales du 14 février 2006, relatif à la fixation du barème d'actualisation des salaires pris en compte dans le calcul des pensions de vieillesse, d'invalidité et de survivants, article premier",https://www.pist.tn/jort/2006/2006F/Jo0142006.pdf
2006-01-01,1996,1.28694,"Arrêté du ministre des affaires sociales du 14 février 2006, relatif à la fixation du barème d'actualisation des salaires pris en compte dans le calcul des pensions de vieillesse, d'invalidité et de survivants, article premier",https://www.pist.tn/jort/2006/2006F/Jo0142006.pdf
2006-01-01,1997,1.24097,"Arrêté du ministre des affaires sociales du 14 février 2006, relatif à la fixation du barème d'actualisation des salaires pris en compte dans le calcul des pensions de vieillesse, d'invalidité et de survivants, article premier",https://www.pist.tn/jort/2006/2006F/Jo0142006.pdf
2006-01-01,1998,1.20337,"Arrêté du ministre des affaires sociales du 14 février 2006, relatif à la fixation du barème d'actualisation des salaires pris en compte dans le calcul des pensions de vieillesse, d'invalidité et de survivants, article premier",https://www.pist.tn/jort/2006/2006F/Jo0142006.pdf
2006-01-01,1999,1.17162,"Arrêté du ministre des affaires sociales du 14 février 2006, relatif à la fixation du barème d'actualisation des salaires pris en compte dans le calcul des pensions de vieillesse, d'invalidité et de survivants, article premier",https://www.pist.tn/jort/2006/2006F/Jo0142006.pdf
2006-01-01,2000,1.13819,"Arrêté du ministre des affaires sociales du 14 février 2006, relatif à la fixation du barème d'actualisation des salaires pris en compte dans le calcul des pensions de vieillesse, d'invalidité et de survivants, article premier",https://www.pist.tn/jort/2006/2006F/Jo0142006.pdf
2006-01-01,2001,1.11686,"Arrêté du ministre des affaires sociales du 14 février 2006, relatif à la fixation du barème d'actualisation des salaires pris en compte dans le calcul des pensions de vieillesse, d'invalidité et de survivants, article premier",https://www.pist.tn/jort/2006/2006F/Jo0142006.pdf
2006-01-01,2002,1.08594,"Arrêté du ministre des affaires sociales du 14 février 2006, relatif à la fixation du barème d'actualisation des salaires pris en compte dans le calcul des pensions de vieillesse, d'invalidité et de survivants, article premier",https://www.pist.tn/jort/2006/2006F/Jo0142006.pdf
2006-01-01,2003,1.0574,"Arrêté du ministre des affaires sociales du 14 février 2006, relatif à la fixation du barème d'actualisation des salaires pris en compte dans le calcul des pensions de vieillesse, d'invalidité et de survivants, article premier",https://www.pist.tn/jort/2006/2006F/Jo0142006.pdf
2006-01-01,2004,1.02038,"Arrêté du ministre des affaires sociales du 14 février 2006, relatif à la fixation du barème d'actualisation des salaires pris en compte dans le calcul des pensions de vieillesse, d'invalidité et de survivants, article premier",https://www.pist.tn/jort/2006/2006F/Jo0142006.pdf
2006-01-01,2005,1.0,"Arrêté du ministre des affaires sociales du 14 février 2006, relatif à la fixation du barème d'actualisation des salaires pris en compte dans le calcul des pensions de vieillesse, d'invalidité et de survivants, article premier",https://www.pist.tn/jort/2006/2006F/Jo0142006.pdf
2007-01-01,1961,10.03571,"Arrêté du ministre des affaires sociales du 6 février 2007, relatif à la fixation du barème d'actualisation des salaires pris en compte dans le calcul des pensions de vieillesse, d'invalidité et de survivants, article premier",https://www.pist.tn/jort/2007/2007F/Jo0132007.pdf
2007-01-01,1962,9.835,"Arrêté du ministre des affaires sociales du 6 février 2007, relatif à la fixation du barème d'actualisation des salaires pris en compte dans le calcul des pensions de vieillesse, d'invalidité et de survivants, article premier",https://www.pist.tn/jort/2007/2007F/Jo0132007.pdf
2007-01-01,1963,9.57644,"Arrêté du ministre des affaires sociales du 6 février 2007, relatif à la fixation du barème d'actualisation des salaires pris en compte dans le calcul des pensions de vieillesse, d'invalidité et de survivants, article premier",https://www.pist.tn/jort/2007/2007F/Jo0132007.pdf
2007-01-01,1964,9.19159,"Arrêté du ministre des affaires sociales du 6 février 2007, relatif à la fixation du barème d'actualisation des salaires pris en compte dans le calcul des pensions de vieillesse, d'invalidité et de survivants, article premier",https://www.pist.tn/jort/2007/2007F/Jo0132007.pdf
2007-01-01,1965,8.61963,"Arrêté du ministre des affaires sociales du 6 février 2007, relatif à la fixation du barème d'actualisation des salaires pris en compte dans le calcul des pensions de vieillesse, d'invalidité et de survivants, article premier",https://www.pist.tn/jort/2007/2007F/Jo0132007.pdf
2007-01-01,1966,8.29958,"Arrêté du ministre des affaires sociales du 6 février 2007, relatif à la fixation du barème d'actualisation des salaires pris en compte dans le calcul des pensions de vieillesse, d'invalidité et de survivants, article premier",https://www.pist.tn/jort/2007/2007F/Jo0132007.pdf
2007-01-01,1967,8.06148,"Arrêté du ministre des affaires sociales du 6 février 2007, relatif à la fixation du barème d'actualisation des salaires pris en compte dans le calcul des pensions de vieillesse, d'invalidité et de survivants, article premier",https://www.pist.tn/jort/2007/2007F/Jo0132007.pdf
2007-01-01,1968,7.85543,"Arrêté du ministre des affaires sociales du 6 février 2007, relatif à la fixation du barème d'actualisation des salaires pris en compte dans le calcul des pensions de vieillesse, d'invalidité et de survivants, article premier",https://www.pist.tn/jort/2007/2007F/Jo0132007.pdf
2007-01-01,1969,7.55376,"Arrêté du ministre des affaires sociales du 6 février 2007, relatif à la fixation du barème d'actualisation des salaires pris en compte dans le calcul des pensions de vieillesse, d'invalidité et de survivants, article premier",https://www.pist.tn/jort/2007/2007F/Jo0132007.pdf
2007-01-01,1970,7.4734,"Arrêté du ministre des affaires sociales du 6 février 2007, relatif à la fixation du barème d'actualisation des salaires pris en compte dans le calcul des pensions de vieillesse, d'invalidité et de survivants, article premier",https://www.pist.tn/jort/2007/2007F/Jo0132007.pdf
2007-01-01,1971,7.05018,"Arrêté du ministre des affaires sociales du 6 février 2007, relatif à la fixation du barème d'actualisation des salaires pris en compte dans le calcul des pensions de vieillesse, d'invalidité et de survivants, article premier",https://www.pist.tn/jort/2007/2007F/Jo0132007.pdf
2007-01-01,1972,6.9066,"Arrêté du ministre des affaires sociales du 6 février 2007, relatif à la fixation du barème d'actualisation des salaires pris en compte dans le calcul des pensions de vieillesse, d'invalidité et de survivants, article premier",https://www.pist.tn/jort/2007/2007F/Jo0132007.pdf
2007-01-01,1973,6.60954,"Arrêté du ministre des affaires sociales du 6 février 2007, relatif à la fixation du barème d'actualisation des salaires pris en compte dans le calcul des pensions de vieillesse, d'invalidité et de survivants, article premier",https://www.pist.tn/jort/2007/2007F/Jo0132007.pdf
2007-01-01,1974,6.34926,"Arrêté du ministre des affaires sociales du 6 février 2007, relatif à la fixation du barème d'actualisation des salaires pris en compte dans le calcul des pensions de vieillesse, d'invalidité et de survivants, article premier",https://www.pist.tn/jort/2007/2007F/Jo0132007.pdf
2007-01-01,1975,5.79894,"Arrêté du ministre des affaires sociales du 6 février 2007, relatif à la fixation du barème d'actualisation des salaires pris en compte dans le calcul des pensions de vieillesse, d'invalidité et de survivants, article premier",https://www.pist.tn/jort/2007/2007F/Jo0132007.pdf
2007-01-01,1976,5.50364,"Arrêté du ministre des affaires sociales du 6 février 2007, relatif à la fixation du barème d'actualisation des salaires pris en compte dans le calcul des pensions de vieillesse, d'invalidité et de survivants, article premier",https://www.pist.tn/jort/2007/2007F/Jo0132007.pdf
2007-01-01,1977,5.15732,"Arrêté du ministre des affaires sociales du 6 février 2007, relatif à la fixation du barème d'actualisation des salaires pris en compte dans le calcul des pensions de vieillesse, d'invalidité et de survivants, article premier",https://www.pist.tn/jort/2007/2007F/Jo0132007.pdf
2007-01-01,1978,4.88332,"Arrêté du ministre des affaires sociales du 6 février 2007, relatif à la fixation du barème d'actualisation des salaires pris en compte dans le calcul des pensions de vieillesse, d'invalidité et de survivants, article premier",https://www.pist.tn/jort/2007/2007F/Jo0132007.pdf
2007-01-01,1979,4.50527,"Arrêté du ministre des affaires sociales du 6 février 2007, relatif à la fixation du barème d'actualisation des salaires pris en compte dans le calcul des pensions de vieillesse, d'invalidité et de survivants, article premier",https://www.pist.tn/jort/2007/2007F/Jo0132007.pdf
2007-01-01,1980,4.13583,"Arrêté du ministre des affaires sociales du 6 février 2007, relatif à la fixation du barème d'actualisation des salaires pris en compte dans le calcul des pensions de vieillesse, d'invalidité et de survivants, article premier",https://www.pist.tn/jort/2007/2007F/Jo0132007.pdf
2007-01-01,1981,3.78415,"Arrêté du ministre des affaires sociales du 6 février 2007, relatif à la fixation du barème d'actualisation des salaires pris en compte dans le calcul des pensions de vieillesse, d'invalidité et de survivants, article premier",https://www.pist.tn/jort/2007/2007F/Jo0132007.pdf
2007-01-01,1982,3.31703,"Arrêté du ministre des affaires sociales du 6 février 2007, relatif à la fixation du barème d'actualisation des salaires pris en compte dans le calcul des pensions de vieillesse, d'invalidité et de survivants, article premier",https://www.pist.tn/jort/2007/2007F/Jo0132007.pdf
2007-01-01,1983,3.02895,"Arrêté du ministre des affaires sociales du 6 février 2007, relatif à la fixation du barème d'actualisation des salaires pris en compte dans le calcul des pensions de vieillesse, d'invalidité et de survivants, article premier",https://www.pist.tn/jort/2007/2007F/Jo0132007.pdf
2007-01-01,1984,2.78849,"Arrêté du ministre des affaires sociales du 6 février 2007, relatif à la fixation du barème d'actualisation des salaires pris en compte dans le calcul des pensions de vieillesse, d'invalidité et de survivants, article premier",https://www.pist.tn/jort/2007/2007F/Jo0132007.pdf
2007-01-01,1985,2.59499,"Arrêté du ministre des affaires sociales du 6 février 2007, relatif à la fixation du barème d'actualisation des salaires pris en compte dans le calcul des pensions de vieillesse, d'invalidité et de survivants, article premier",https://www.pist.tn/jort/2007/2007F/Jo0132007.pdf
2007-01-01,1986,2.44226,"Arrêté du ministre des affaires sociales du 6 février 2007, relatif à la fixation du barème d'actualisation des salaires pris en compte dans le calcul des pensions de vieillesse, d'invalidité et de survivants, article premier",https://www.pist.tn/jort/2007/2007F/Jo0132007.pdf
2007-01-01,1987,2.25832,"Arrêté du ministre des affaires sociales du 6 février 2007, relatif à la fixation du barème d'actualisation des salaires pris en compte dans le calcul des pensions de vieillesse, d'invalidité et de survivants, article premier",https://www.pist.tn/jort/2007/2007F/Jo0132007.pdf
2007-01-01,1988,2.106,"Arrêté du ministre des affaires sociales du 6 février 2007, relatif à la fixation du barème d'actualisation des salaires pris en compte dans le calcul des pensions de vieillesse, d'invalidité et de survivants, article premier",https://www.pist.tn/jort/2007/2007F/Jo0132007.pdf
2007-01-01,1989,1.95527,"Arrêté du ministre des affaires sociales du 6 février 2007, relatif à la fixation du barème d'actualisation des salaires pris en compte dans le calcul des pensions de vieillesse, d'invalidité et de survivants, article premier",https://www.pist.tn/jort/2007/2007F/Jo0132007.pdf
2007-01-01,1990,1.83455,"Arrêté du ministre des affaires sociales du 6 février 2007, relatif à la fixation du barème d'actualisation des salaires pris en compte dans le calcul des pensions de vieillesse, d'invalidité et de survivants, article premier",https://www.pist.tn/jort/2007/2007F/Jo0132007.pdf
2007-01-01,1991,1.70244,"Arrêté du ministre des affaires sociales du 6 février 2007, relatif à la fixation du barème d'actualisation des salaires pris en compte dans le calcul des pensions de vieillesse, d'invalidité et de survivants, article premier",https://www.pist.tn/jort/2007/2007F/Jo0132007.pdf
2007-01-01,1992,1.61256,"Arrêté du ministre des affaires sociales du 6 février 2007, relatif à la fixation du barème d'actualisation des salaires pris en compte dans le calcul des pensions de vieillesse, d'invalidité et de survivants, article premier",https://www.pist.tn/jort/2007/2007F/Jo0132007.pdf
2007-01-01,1993,1.5476,"Arrêté du ministre des affaires sociales du 6 février 2007, relatif à la fixation du barème d'actualisation des salaires pris en compte dans le calcul des pensions de vieillesse, d'invalidité et de survivants, article premier",https://www.pist.tn/jort/2007/2007F/Jo0132007.pdf
2007-01-01,1994,1.4814,"Arrêté du ministre des affaires sociales du 6 février 2007, relatif à la fixation du barème d'actualisation des salaires pris en compte dans le calcul des pensions de vieillesse, d'invalidité et de survivants, article premier",https://www.pist.tn/jort/2007/2007F/Jo0132007.pdf
2007-01-01,1995,1.39365,"Arrêté du ministre des affaires sociales du 6 février 2007, relatif à la fixation du barème d'actualisation des salaires pris en compte dans le calcul des pensions de vieillesse, d'invalidité et de survivants, article premier",https://www.pist.tn/jort/2007/2007F/Jo0132007.pdf
2007-01-01,1996,1.3445,"Arrêté du ministre des affaires sociales du 6 février 2007, relatif à la fixation du barème d'actualisation des salaires pris en compte dans le calcul des pensions de vieillesse, d'invalidité et de survivants, article premier",https://www.pist.tn/jort/2007/2007F/Jo0132007.pdf
2007-01-01,1997,1.29647,"Arrêté du ministre des affaires sociales du 6 février 2007, relatif à la fixation du barème d'actualisation des salaires pris en compte dans le calcul des pensions de vieillesse, d'invalidité et de survivants, article premier",https://www.pist.tn/jort/2007/2007F/Jo0132007.pdf
2007-01-01,1998,1.25719,"Arrêté du ministre des affaires sociales du 6 février 2007, relatif à la fixation du barème d'actualisation des salaires pris en compte dans le calcul des pensions de vieillesse, d'invalidité et de survivants, article premier",https://www.pist.tn/jort/2007/2007F/Jo0132007.pdf
2007-01-01,1999,1.22402,"Arrêté du ministre des affaires sociales du 6 février 2007, relatif à la fixation du barème d'actualisation des salaires pris en compte dans le calcul des pensions de vieillesse, d'invalidité et de survivants, article premier",https://www.pist.tn/jort/2007/2007F/Jo0132007.pdf
2007-01-01,2000,1.18909,"Arrêté du ministre des affaires sociales du 6 février 2007, relatif à la fixation du barème d'actualisation des salaires pris en compte dans le calcul des pensions de vieillesse, d'invalidité et de survivants, article premier",https://www.pist.tn/jort/2007/2007F/Jo0132007.pdf
2007-01-01,2001,1.16681,"Arrêté du ministre des affaires sociales du 6 février 2007, relatif à la fixation du barème d'actualisation des salaires pris en compte dans le calcul des pensions de vieillesse, d'invalidité et de survivants, article premier",https://www.pist.tn/jort/2007/2007F/Jo0132007.pdf
2007-01-01,2002,1.1345,"Arrêté du ministre des affaires sociales du 6 février 2007, relatif à la fixation du barème d'actualisation des salaires pris en compte dans le calcul des pensions de vieillesse, d'invalidité et de survivants, article premier",https://www.pist.tn/jort/2007/2007F/Jo0132007.pdf
2007-01-01,2003,1.10468,"Arrêté du ministre des affaires sociales du 6 février 2007, relatif à la fixation du barème d'actualisation des salaires pris en compte dans le calcul des pensions de vieillesse, d'invalidité et de survivants, article premier",https://www.pist.tn/jort/2007/2007F/Jo0132007.pdf
2007-01-01,2004,1.06601,"Arrêté du ministre des affaires sociales du 6 février 2007, relatif à la fixation du barème d'actualisation des salaires pris en compte dans le calcul des pensions de vieillesse, d'invalidité et de survivants, article premier",https://www.pist.tn/jort/2007/2007F/Jo0132007.pdf
2007-01-01,2005,1.04472,"Arrêté du ministre des affaires sociales du 6 février 2007, relatif à la fixation du barème d'actualisation des salaires pris en compte dans le calcul des pensions de vieillesse, d'invalidité et de survivants, article premier",https://www.pist.tn/jort/2007/2007F/Jo0132007.pdf
2007-01-01,2006,1.0,"Arrêté du ministre des affaires sociales du 6 février 2007, relatif à la fixation du barème d'actualisation des salaires pris en compte dans le calcul des pensions de vieillesse, d'invalidité et de survivants, article premier",https://www.pist.tn/jort/2007/2007F/Jo0132007.pdf
2008-01-01,1961,10.35204,"Arrêté du ministre des affaires sociales du 30 janvier 2008, relatif à la fixation du barème d'actualisation des salaires pris en compte dans le calcul des pensions de vieillesse, d'invalidité et de survivants, article premier",https://www.pist.tn/jort/2008/2008F/Jo0112008.pdf
2008-01-01,1962,10.145,"Arrêté du ministre des affaires sociales du 30 janvier 2008, relatif à la fixation du barème d'actualisation des salaires pris en compte dans le calcul des pensions de vieillesse, d'invalidité et de survivants, article premier",https://www.pist.tn/jort/2008/2008F/Jo0112008.pdf
2008-01-01,1963,9.87829,"Arrêté du ministre des affaires sociales du 30 janvier 2008, relatif à la fixation du barème d'actualisation des salaires pris en compte dans le calcul des pensions de vieillesse, d'invalidité et de survivants, article premier",https://www.pist.tn/jort/2008/2008F/Jo0112008.pdf
2008-01-01,1964,9.48131,"Arrêté du ministre des affaires sociales du 30 janvier 2008, relatif à la fixation du barème d'actualisation des salaires pris en compte dans le calcul des pensions de vieillesse, d'invalidité et de survivants, article premier",https://www.pist.tn/jort/2008/2008F/Jo0112008.pdf
2008-01-01,1965,8.89132,"Arrêté du ministre des affaires sociales du 30 janvier 2008, relatif à la fixation du barème d'actualisation des salaires pris en compte dans le calcul des pensions de vieillesse, d'invalidité et de survivants, article premier",https://www.pist.tn/jort/2008/2008F/Jo0112008.pdf
2008-01-01,1966,8.56118,"Arrêté du ministre des affaires sociales du 30 janvier 2008, relatif à la fixation du barème d'actualisation des salaires pris en compte dans le calcul des pensions de vieillesse, d'invalidité et de survivants, article premier",https://www.pist.tn/jort/2008/2008F/Jo0112008.pdf
2008-01-01,1967,8.31557,"Arrêté du ministre des affaires sociales du 30 janvier 2008, relatif à la fixation du barème d'actualisation des salaires pris en compte dans le calcul des pensions de vieillesse, d'invalidité et de survivants, article premier",https://www.pist.tn/jort/2008/2008F/Jo0112008.pdf
2008-01-01,1968,8.10304,"Arrêté du ministre des affaires sociales du 30 janvier 2008, relatif à la fixation du barème d'actualisation des salaires pris en compte dans le calcul des pensions de vieillesse, d'invalidité et de survivants, article premier",https://www.pist.tn/jort/2008/2008F/Jo0112008.pdf
2008-01-01,1969,7.79186,"Arrêté du ministre des affaires sociales du 30 janvier 2008, relatif à la fixation du barème d'actualisation des salaires pris en compte dans le calcul des pensions de vieillesse, d'invalidité et de survivants, article premier",https://www.pist.tn/jort/2008/2008F/Jo0112008.pdf
2008-01-01,1970,7.70897,"Arrêté du ministre des affaires sociales du 30 janvier 2008, relatif à la fixation du barème d'actualisation des salaires pris en compte dans le calcul des pensions de vieillesse, d'invalidité et de survivants, article premier",https://www.pist.tn/jort/2008/2008F/Jo0112008.pdf
2008-01-01,1971,7.2724,"Arrêté du ministre des affaires sociales du 30 janvier 2008, relatif à la fixation du barème d'actualisation des salaires pris en compte dans le calcul des pensions de vieillesse, d'invalidité et de survivants, article premier",https://www.pist.tn/jort/2008/2008F/Jo0112008.pdf
2008-01-01,1972,7.1243,"Arrêté du ministre des affaires sociales du 30 janvier 2008, relatif à la fixation du barème d'actualisation des salaires pris en compte dans le calcul des pensions de vieillesse, d'invalidité et de survivants, article premier",https://www.pist.tn/jort/2008/2008F/Jo0112008.pdf
2008-01-01,1973,6.81788,"Arrêté du ministre des affaires sociales du 30 janvier 2008, relatif à la fixation du barème d'actualisation des salaires pris en compte dans le calcul des pensions de vieillesse, d'invalidité et de survivants, article premier",https://www.pist.tn/jort/2008/2008F/Jo0112008.pdf
2008-01-01,1974,6.54939,"Arrêté du ministre des affaires sociales du 30 janvier 2008, relatif à la fixation du barème d'actualisation des salaires pris en compte dans le calcul des pensions de vieillesse, d'invalidité et de survivants, article premier",https://www.pist.tn/jort/2008/2008F/Jo0112008.pdf
2008-01-01,1975,5.98172,"Arrêté du ministre des affaires sociales du 30 janvier 2008, relatif à la fixation du barème d'actualisation des salaires pris en compte dans le calcul des pensions de vieillesse, d'invalidité et de survivants, article premier",https://www.pist.tn/jort/2008/2008F/Jo0112008.pdf
2008-01-01,1976,5.67711,"Arrêté du ministre des affaires sociales du 30 janvier 2008, relatif à la fixation du barème d'actualisation des salaires pris en compte dans le calcul des pensions de vieillesse, d'invalidité et de survivants, article premier",https://www.pist.tn/jort/2008/2008F/Jo0112008.pdf
2008-01-01,1977,5.31987,"Arrêté du ministre des affaires sociales du 30 janvier 2008, relatif à la fixation du barème d'actualisation des salaires pris en compte dans le calcul des pensions de vieillesse, d'invalidité et de survivants, article premier",https://www.pist.tn/jort/2008/2008F/Jo0112008.pdf
2008-01-01,1978,5.03724,"Arrêté du ministre des affaires sociales du 30 janvier 2008, relatif à la fixation du barème d'actualisation des salaires pris en compte dans le calcul des pensions de vieillesse, d'invalidité et de survivants, article premier",https://www.pist.tn/jort/2008/2008F/Jo0112008.pdf
2008-01-01,1979,4.64727,"Arrêté du ministre des affaires sociales du 30 janvier 2008, relatif à la fixation du barème d'actualisation des salaires pris en compte dans le calcul des pensions de vieillesse, d'invalidité et de survivants, article premier",https://www.pist.tn/jort/2008/2008F/Jo0112008.pdf
2008-01-01,1980,4.26619,"Arrêté du ministre des affaires sociales du 30 janvier 2008, relatif à la fixation du barème d'actualisation des salaires pris en compte dans le calcul des pensions de vieillesse, d'invalidité et de survivants, article premier",https://www.pist.tn/jort/2008/2008F/Jo0112008.pdf
2008-01-01,1981,3.90342,"Arrêté du ministre des affaires sociales du 30 janvier 2008, relatif à la fixation du barème d'actualisation des salaires pris en compte dans le calcul des pensions de vieillesse, d'invalidité et de survivants, article premier",https://www.pist.tn/jort/2008/2008F/Jo0112008.pdf
2008-01-01,1982,3.42159,"Arrêté du ministre des affaires sociales du 30 janvier 2008, relatif à la fixation du barème d'actualisation des salaires pris en compte dans le calcul des pensions de vieillesse, d'invalidité et de survivants, article premier",https://www.pist.tn/jort/2008/2008F/Jo0112008.pdf
2008-01-01,1983,3.12442,"Arrêté du ministre des affaires sociales du 30 janvier 2008, relatif à la fixation du barème d'actualisation des salaires pris en compte dans le calcul des pensions de vieillesse, d'invalidité et de survivants, article premier",https://www.pist.tn/jort/2008/2008F/Jo0112008.pdf
2008-01-01,1984,2.87638,"Arrêté du ministre des affaires sociales du 30 janvier 2008, relatif à la fixation du barème d'actualisation des salaires pris en compte dans le calcul des pensions de vieillesse, d'invalidité et de survivants, article premier",https://www.pist.tn/jort/2008/2008F/Jo0112008.pdf
2008-01-01,1985,2.67678,"Arrêté du ministre des affaires sociales du 30 janvier 2008, relatif à la fixation du barème d'actualisation des salaires pris en compte dans le calcul des pensions de vieillesse, d'invalidité et de survivants, article premier",https://www.pist.tn/jort/2008/2008F/Jo0112008.pdf
2008-01-01,1986,2.51925,"Arrêté du ministre des affaires sociales du 30 janvier 2008, relatif à la fixation du barème d'actualisation des salaires pris en compte dans le calcul des pensions de vieillesse, d'invalidité et de survivants, article premier",https://www.pist.tn/jort/2008/2008F/Jo0112008.pdf
2008-01-01,1987,2.32951,"Arrêté du ministre des affaires sociales du 30 janvier 2008, relatif à la fixation du barème d'actualisation des salaires pris en compte dans le calcul des pensions de vieillesse, d'invalidité et de survivants, article premier",https://www.pist.tn/jort/2008/2008F/Jo0112008.pdf
2008-01-01,1988,2.17238,"Arrêté du ministre des affaires sociales du 30 janvier 2008, relatif à la fixation du barème d'actualisation des salaires pris en compte dans le calcul des pensions de vieillesse, d'invalidité et de survivants, article premier",https://www.pist.tn/jort/2008/2008F/Jo0112008.pdf
2008-01-01,1989,2.0169,"Arrêté du ministre des affaires sociales du 30 janvier 2008, relatif à la fixation du barème d'actualisation des salaires pris en compte dans le calcul des pensions de vieillesse, d'invalidité et de survivants, article premier",https://www.pist.tn/jort/2008/2008F/Jo0112008.pdf
2008-01-01,1990,1.89237,"Arrêté du ministre des affaires sociales du 30 janvier 2008, relatif à la fixation du barème d'actualisation des salaires pris en compte dans le calcul des pensions de vieillesse, d'invalidité et de survivants, article premier",https://www.pist.tn/jort/2008/2008F/Jo0112008.pdf
2008-01-01,1991,1.7561,"Arrêté du ministre des affaires sociales du 30 janvier 2008, relatif à la fixation du barème d'actualisation des salaires pris en compte dans le calcul des pensions de vieillesse, d'invalidité et de survivants, article premier",https://www.pist.tn/jort/2008/2008F/Jo0112008.pdf
2008-01-01,1992,1.66339,"Arrêté du ministre des affaires sociales du 30 janvier 2008, relatif à la fixation du barème d'actualisation des salaires pris en compte dans le calcul des pensions de vieillesse, d'invalidité et de survivants, article premier",https://www.pist.tn/jort/2008/2008F/Jo0112008.pdf
2008-01-01,1993,1.59638,"Arrêté du ministre des affaires sociales du 30 janvier 2008, relatif à la fixation du barème d'actualisation des salaires pris en compte dans le calcul des pensions de vieillesse, d'invalidité et de survivants, article premier",https://www.pist.tn/jort/2008/2008F/Jo0112008.pdf
2008-01-01,1994,1.52809,"Arrêté du ministre des affaires sociales du 30 janvier 2008, relatif à la fixation du barème d'actualisation des salaires pris en compte dans le calcul des pensions de vieillesse, d'invalidité et de survivants, article premier",https://www.pist.tn/jort/2008/2008F/Jo0112008.pdf
2008-01-01,1995,1.43758,"Arrêté du ministre des affaires sociales du 30 janvier 2008, relatif à la fixation du barème d'actualisation des salaires pris en compte dans le calcul des pensions de vieillesse, d'invalidité et de survivants, article premier",https://www.pist.tn/jort/2008/2008F/Jo0112008.pdf
2008-01-01,1996,1.38688,"Arrêté du ministre des affaires sociales du 30 janvier 2008, relatif à la fixation du barème d'actualisation des salaires pris en compte dans le calcul des pensions de vieillesse, d'invalidité et de survivants, article premier",https://www.pist.tn/jort/2008/2008F/Jo0112008.pdf
2008-01-01,1997,1.33733,"Arrêté du ministre des affaires sociales du 30 janvier 2008, relatif à la fixation du barème d'actualisation des salaires pris en compte dans le calcul des pensions de vieillesse, d'invalidité et de survivants, article premier",https://www.pist.tn/jort/2008/2008F/Jo0112008.pdf
2008-01-01,1998,1.29682,"Arrêté du ministre des affaires sociales du 30 janvier 2008, relatif à la fixation du barème d'actualisation des salaires pris en compte dans le calcul des pensions de vieillesse, d'invalidité et de survivants, article premier",https://www.pist.tn/jort/2008/2008F/Jo0112008.pdf
2008-01-01,1999,1.2626,"Arrêté du ministre des affaires sociales du 30 janvier 2008, relatif à la fixation du barème d'actualisation des salaires pris en compte dans le calcul des pensions de vieillesse, d'invalidité et de survivants, article premier",https://www.pist.tn/jort/2008/2008F/Jo0112008.pdf
2008-01-01,2000,1.22657,"Arrêté du ministre des affaires sociales du 30 janvier 2008, relatif à la fixation du barème d'actualisation des salaires pris en compte dans le calcul des pensions de vieillesse, d'invalidité et de survivants, article premier",https://www.pist.tn/jort/2008/2008F/Jo0112008.pdf
2008-01-01,2001,1.20358,"Arrêté du ministre des affaires sociales du 30 janvier 2008, relatif à la fixation du barème d'actualisation des salaires pris en compte dans le calcul des pensions de vieillesse, d'invalidité et de survivants, article premier",https://www.pist.tn/jort/2008/2008F/Jo0112008.pdf
2008-01-01,2002,1.17026,"Arrêté du ministre des affaires sociales du 30 janvier 2008, relatif à la fixation du barème d'actualisation des salaires pris en compte dans le calcul des pensions de vieillesse, d'invalidité et de survivants, article premier",https://www.pist.tn/jort/2008/2008F/Jo0112008.pdf
2008-01-01,2003,1.1395,"Arrêté du ministre des affaires sociales du 30 janvier 2008, relatif à la fixation du barème d'actualisation des salaires pris en compte dans le calcul des pensions de vieillesse, d'invalidité et de survivants, article premier",https://www.pist.tn/jort/2008/2008F/Jo0112008.pdf
2008-01-01,2004,1.09961,"Arrêté du ministre des affaires sociales du 30 janvier 2008, relatif à la fixation du barème d'actualisation des salaires pris en compte dans le calcul des pensions de vieillesse, d'invalidité et de survivants, article premier",https://www.pist.tn/jort/2008/2008F/Jo0112008.pdf
2008-01-01,2005,1.07765,"Arrêté du ministre des affaires sociales du 30 janvier 2008, relatif à la fixation du barème d'actualisation des salaires pris en compte dans le calcul des pensions de vieillesse, d'invalidité et de survivants, article premier",https://www.pist.tn/jort/2008/2008F/Jo0112008.pdf
2008-01-01,2006,1.03152,"Arrêté du ministre des affaires sociales du 30 janvier 2008, relatif à la fixation du barème d'actualisation des salaires pris en compte dans le calcul des pensions de vieillesse, d'invalidité et de survivants, article premier",https://www.pist.tn/jort/2008/2008F/Jo0112008.pdf
2008-01-01,2007,1.0,"Arrêté du ministre des affaires sociales du 30 janvier 2008, relatif à la fixation du barème d'actualisation des salaires pris en compte dans le calcul des pensions de vieillesse, d'invalidité et de survivants, article premier",https://www.pist.tn/jort/2008/2008F/Jo0112008.pdf
2009-01-01,1961,10.87551,"Arrêté du ministre des affaires sociales du 3 février 2009, relatif à la fixation du barème d'actualisation des salaires pris en compte dans le calcul des pensions de vieillesse, d'invalidité et de survivants, article premier",https://www.pist.tn/jort/2009/2009F/Jo0122009.pdf
2009-01-01,1962,10.658,"Arrêté du ministre des affaires sociales du 3 février 2009, relatif à la fixation du barème d'actualisation des salaires pris en compte dans le calcul des pensions de vieillesse, d'invalidité et de survivants, article premier",https://www.pist.tn/jort/2009/2009F/Jo0122009.pdf
2009-01-01,1963,10.3778,"Arrêté du ministre des affaires sociales du 3 février 2009, relatif à la fixation du barème d'actualisation des salaires pris en compte dans le calcul des pensions de vieillesse, d'invalidité et de survivants, article premier",https://www.pist.tn/jort/2009/2009F/Jo0122009.pdf
2009-01-01,1964,9.96075,"Arrêté du ministre des affaires sociales du 3 février 2009, relatif à la fixation du barème d'actualisation des salaires pris en compte dans le calcul des pensions de vieillesse, d'invalidité et de survivants, article premier",https://www.pist.tn/jort/2009/2009F/Jo0122009.pdf
2009-01-01,1965,9.34093,"Arrêté du ministre des affaires sociales du 3 février 2009, relatif à la fixation du barème d'actualisation des salaires pris en compte dans le calcul des pensions de vieillesse, d'invalidité et de survivants, article premier",https://www.pist.tn/jort/2009/2009F/Jo0122009.pdf
2009-01-01,1966,8.99409,"Arrêté du ministre des affaires sociales du 3 février 2009, relatif à la fixation du barème d'actualisation des salaires pris en compte dans le calcul des pensions de vieillesse, d'invalidité et de survivants, article premier",https://www.pist.tn/jort/2009/2009F/Jo0122009.pdf
2009-01-01,1967,8.73607,"Arrêté du ministre des affaires sociales du 3 février 2009, relatif à la fixation du barème d'actualisation des salaires pris en compte dans le calcul des pensions de vieillesse, d'invalidité et de survivants, article premier",https://www.pist.tn/jort/2009/2009F/Jo0122009.pdf
2009-01-01,1968,8.51278,"Arrêté du ministre des affaires sociales du 3 février 2009, relatif à la fixation du barème d'actualisation des salaires pris en compte dans le calcul des pensions de vieillesse, d'invalidité et de survivants, article premier",https://www.pist.tn/jort/2009/2009F/Jo0122009.pdf
2009-01-01,1969,8.18587,"Arrêté du ministre des affaires sociales du 3 février 2009, relatif à la fixation du barème d'actualisation des salaires pris en compte dans le calcul des pensions de vieillesse, d'invalidité et de survivants, article premier",https://www.pist.tn/jort/2009/2009F/Jo0122009.pdf
2009-01-01,1970,8.09878,"Arrêté du ministre des affaires sociales du 3 février 2009, relatif à la fixation du barème d'actualisation des salaires pris en compte dans le calcul des pensions de vieillesse, d'invalidité et de survivants, article premier",https://www.pist.tn/jort/2009/2009F/Jo0122009.pdf
2009-01-01,1971,7.64014,"Arrêté du ministre des affaires sociales du 3 février 2009, relatif à la fixation du barème d'actualisation des salaires pris en compte dans le calcul des pensions de vieillesse, d'invalidité et de survivants, article premier",https://www.pist.tn/jort/2009/2009F/Jo0122009.pdf
2009-01-01,1972,7.48455,"Arrêté du ministre des affaires sociales du 3 février 2009, relatif à la fixation du barème d'actualisation des salaires pris en compte dans le calcul des pensions de vieillesse, d'invalidité et de survivants, article premier",https://www.pist.tn/jort/2009/2009F/Jo0122009.pdf
2009-01-01,1973,7.16263,"Arrêté du ministre des affaires sociales du 3 février 2009, relatif à la fixation du barème d'actualisation des salaires pris en compte dans le calcul des pensions de vieillesse, d'invalidité et de survivants, article premier",https://www.pist.tn/jort/2009/2009F/Jo0122009.pdf
2009-01-01,1974,6.88057,"Arrêté du ministre des affaires sociales du 3 février 2009, relatif à la fixation du barème d'actualisation des salaires pris en compte dans le calcul des pensions de vieillesse, d'invalidité et de survivants, article premier",https://www.pist.tn/jort/2009/2009F/Jo0122009.pdf
2009-01-01,1975,6.2842,"Arrêté du ministre des affaires sociales du 3 février 2009, relatif à la fixation du barème d'actualisation des salaires pris en compte dans le calcul des pensions de vieillesse, d'invalidité et de survivants, article premier",https://www.pist.tn/jort/2009/2009F/Jo0122009.pdf
2009-01-01,1976,5.96419,"Arrêté du ministre des affaires sociales du 3 février 2009, relatif à la fixation du barème d'actualisation des salaires pris en compte dans le calcul des pensions de vieillesse, d'invalidité et de survivants, article premier",https://www.pist.tn/jort/2009/2009F/Jo0122009.pdf
2009-01-01,1977,5.58888,"Arrêté du ministre des affaires sociales du 3 février 2009, relatif à la fixation du barème d'actualisation des salaires pris en compte dans le calcul des pensions de vieillesse, d'invalidité et de survivants, article premier",https://www.pist.tn/jort/2009/2009F/Jo0122009.pdf
2009-01-01,1978,5.29196,"Arrêté du ministre des affaires sociales du 3 février 2009, relatif à la fixation du barème d'actualisation des salaires pris en compte dans le calcul des pensions de vieillesse, d'invalidité et de survivants, article premier",https://www.pist.tn/jort/2009/2009F/Jo0122009.pdf
2009-01-01,1979,4.88227,"Arrêté du ministre des affaires sociales du 3 février 2009, relatif à la fixation du barème d'actualisation des salaires pris en compte dans le calcul des pensions de vieillesse, d'invalidité et de survivants, article premier",https://www.pist.tn/jort/2009/2009F/Jo0122009.pdf
2009-01-01,1980,4.48192,"Arrêté du ministre des affaires sociales du 3 février 2009, relatif à la fixation du barème d'actualisation des salaires pris en compte dans le calcul des pensions de vieillesse, d'invalidité et de survivants, article premier",https://www.pist.tn/jort/2009/2009F/Jo0122009.pdf
2009-01-01,1981,4.10081,"Arrêté du ministre des affaires sociales du 3 février 2009, relatif à la fixation du barème d'actualisation des salaires pris en compte dans le calcul des pensions de vieillesse, d'invalidité et de survivants, article premier",https://www.pist.tn/jort/2009/2009F/Jo0122009.pdf
2009-01-01,1982,3.5946,"Arrêté du ministre des affaires sociales du 3 février 2009, relatif à la fixation du barème d'actualisation des salaires pris en compte dans le calcul des pensions de vieillesse, d'invalidité et de survivants, article premier",https://www.pist.tn/jort/2009/2009F/Jo0122009.pdf
2009-01-01,1983,3.28241,"Arrêté du ministre des affaires sociales du 3 février 2009, relatif à la fixation du barème d'actualisation des salaires pris en compte dans le calcul des pensions de vieillesse, d'invalidité et de survivants, article premier",https://www.pist.tn/jort/2009/2009F/Jo0122009.pdf
2009-01-01,1984,3.02183,"Arrêté du ministre des affaires sociales du 3 février 2009, relatif à la fixation du barème d'actualisation des salaires pris en compte dans le calcul des pensions de vieillesse, d'invalidité et de survivants, article premier",https://www.pist.tn/jort/2009/2009F/Jo0122009.pdf
2009-01-01,1985,2.81214,"Arrêté du ministre des affaires sociales du 3 février 2009, relatif à la fixation du barème d'actualisation des salaires pris en compte dans le calcul des pensions de vieillesse, d'invalidité et de survivants, article premier",https://www.pist.tn/jort/2009/2009F/Jo0122009.pdf
2009-01-01,1986,2.64664,"Arrêté du ministre des affaires sociales du 3 février 2009, relatif à la fixation du barème d'actualisation des salaires pris en compte dans le calcul des pensions de vieillesse, d'invalidité et de survivants, article premier",https://www.pist.tn/jort/2009/2009F/Jo0122009.pdf
2009-01-01,1987,2.4473,"Arrêté du ministre des affaires sociales du 3 février 2009, relatif à la fixation du barème d'actualisation des salaires pris en compte dans le calcul des pensions de vieillesse, d'invalidité et de survivants, article premier",https://www.pist.tn/jort/2009/2009F/Jo0122009.pdf
2009-01-01,1988,2.28223,"Arrêté du ministre des affaires sociales du 3 février 2009, relatif à la fixation du barème d'actualisation des salaires pris en compte dans le calcul des pensions de vieillesse, d'invalidité et de survivants, article premier",https://www.pist.tn/jort/2009/2009F/Jo0122009.pdf
2009-01-01,1989,2.11889,"Arrêté du ministre des affaires sociales du 3 février 2009, relatif à la fixation du barème d'actualisation des salaires pris en compte dans le calcul des pensions de vieillesse, d'invalidité et de survivants, article premier",https://www.pist.tn/jort/2009/2009F/Jo0122009.pdf
2009-01-01,1990,1.98806,"Arrêté du ministre des affaires sociales du 3 février 2009, relatif à la fixation du barème d'actualisation des salaires pris en compte dans le calcul des pensions de vieillesse, d'invalidité et de survivants, article premier",https://www.pist.tn/jort/2009/2009F/Jo0122009.pdf
2009-01-01,1991,1.8449,"Arrêté du ministre des affaires sociales du 3 février 2009, relatif à la fixation du barème d'actualisation des salaires pris en compte dans le calcul des pensions de vieillesse, d'invalidité et de survivants, article premier",https://www.pist.tn/jort/2009/2009F/Jo0122009.pdf
2009-01-01,1992,1.7475,"Arrêté du ministre des affaires sociales du 3 février 2009, relatif à la fixation du barème d'actualisation des salaires pris en compte dans le calcul des pensions de vieillesse, d'invalidité et de survivants, article premier",https://www.pist.tn/jort/2009/2009F/Jo0122009.pdf
2009-01-01,1993,1.6771,"Arrêté du ministre des affaires sociales du 3 février 2009, relatif à la fixation du barème d'actualisation des salaires pris en compte dans le calcul des pensions de vieillesse, d'invalidité et de survivants, article premier",https://www.pist.tn/jort/2009/2009F/Jo0122009.pdf
2009-01-01,1994,1.60536,"Arrêté du ministre des affaires sociales du 3 février 2009, relatif à la fixation du barème d'actualisation des salaires pris en compte dans le calcul des pensions de vieillesse, d'invalidité et de survivants, article premier",https://www.pist.tn/jort/2009/2009F/Jo0122009.pdf
2009-01-01,1995,1.51027,"Arrêté du ministre des affaires sociales du 3 février 2009, relatif à la fixation du barème d'actualisation des salaires pris en compte dans le calcul des pensions de vieillesse, d'invalidité et de survivants, article premier",https://www.pist.tn/jort/2009/2009F/Jo0122009.pdf
2009-01-01,1996,1.45701,"Arrêté du ministre des affaires sociales du 3 février 2009, relatif à la fixation du barème d'actualisation des salaires pris en compte dans le calcul des pensions de vieillesse, d'invalidité et de survivants, article premier",https://www.pist.tn/jort/2009/2009F/Jo0122009.pdf
2009-01-01,1997,1.40496,"Arrêté du ministre des affaires sociales du 3 février 2009, relatif à la fixation du barème d'actualisation des salaires pris en compte dans le calcul des pensions de vieillesse, d'invalidité et de survivants, article premier",https://www.pist.tn/jort/2009/2009F/Jo0122009.pdf
2009-01-01,1998,1.36239,"Arrêté du ministre des affaires sociales du 3 février 2009, relatif à la fixation du barème d'actualisation des salaires pris en compte dans le calcul des pensions de vieillesse, d'invalidité et de survivants, article premier",https://www.pist.tn/jort/2009/2009F/Jo0122009.pdf
2009-01-01,1999,1.32645,"Arrêté du ministre des affaires sociales du 3 février 2009, relatif à la fixation du barème d'actualisation des salaires pris en compte dans le calcul des pensions de vieillesse, d'invalidité et de survivants, article premier",https://www.pist.tn/jort/2009/2009F/Jo0122009.pdf
2009-01-01,2000,1.2886,"Arrêté du ministre des affaires sociales du 3 février 2009, relatif à la fixation du barème d'actualisation des salaires pris en compte dans le calcul des pensions de vieillesse, d'invalidité et de survivants, article premier",https://www.pist.tn/jort/2009/2009F/Jo0122009.pdf
2009-01-01,2001,1.26444,"Arrêté du ministre des affaires sociales du 3 février 2009, relatif à la fixation du barème d'actualisation des salaires pris en compte dans le calcul des pensions de vieillesse, d'invalidité et de survivants, article premier",https://www.pist.tn/jort/2009/2009F/Jo0122009.pdf
2009-01-01,2002,1.22944,"Arrêté du ministre des affaires sociales du 3 février 2009, relatif à la fixation du barème d'actualisation des salaires pris en compte dans le calcul des pensions de vieillesse, d'invalidité et de survivants, article premier",https://www.pist.tn/jort/2009/2009F/Jo0122009.pdf
2009-01-01,2003,1.19712,"Arrêté du ministre des affaires sociales du 3 février 2009, relatif à la fixation du barème d'actualisation des salaires pris en compte dans le calcul des pensions de vieillesse, d'invalidité et de survivants, article premier",https://www.pist.tn/jort/2009/2009F/Jo0122009.pdf
2009-01-01,2004,1.15521,"Arrêté du ministre des affaires sociales du 3 février 2009, relatif à la fixation du barème d'actualisation des salaires pris en compte dans le calcul des pensions de vieillesse, d'invalidité et de survivants, article premier",https://www.pist.tn/jort/2009/2009F/Jo0122009.pdf
2009-01-01,2005,1.13214,"Arrêté du ministre des affaires sociales du 3 février 2009, relatif à la fixation du barème d'actualisation des salaires pris en compte dans le calcul des pensions de vieillesse, d'invalidité et de survivants, article premier",https://www.pist.tn/jort/2009/2009F/Jo0122009.pdf
2009-01-01,2006,1.08368,"Arrêté du ministre des affaires sociales du 3 février 2009, relatif à la fixation du barème d'actualisation des salaires pris en compte dans le calcul des pensions de vieillesse, d'invalidité et de survivants, article premier",https://www.pist.tn/jort/2009/2009F/Jo0122009.pdf
2009-01-01,2007,1.05057,"Arrêté du ministre des affaires sociales du 3 février 2009, relatif à la fixation du barème d'actualisation des salaires pris en compte dans le calcul des pensions de vieillesse, d'invalidité et de survivants, article premier",https://www.pist.tn/jort/2009/2009F/Jo0122009.pdf
2009-01-01,2008,1.0,"Arrêté du ministre des affaires sociales du 3 février 2009, relatif à la fixation du barème d'actualisation des salaires pris en compte dans le calcul des pensions de vieillesse, d'invalidité et de survivants, article premier",https://www.pist.tn/jort/2009/2009F/Jo0122009.pdf
2010-01-01,1961,11.27857,"Arrêté du ministre des affaires sociales du 10 février 2010, relatif à la fixation du barème d'actualisation des salaires pris en compte dans le calcul des pensions de vieillesse, d'invalidité et de survivants, article premier",https://www.pist.tn/jort/2010/2010F/Jo0132010.pdf
2010-01-01,1962,11.053,"Arrêté du ministre des affaires sociales du 10 février 2010, relatif à la fixation du barème d'actualisation des salaires pris en compte dans le calcul des pensions de vieillesse, d'invalidité et de survivants, article premier",https://www.pist.tn/jort/2010/2010F/Jo0132010.pdf
2010-01-01,1963,10.76241,"Arrêté du ministre des affaires sociales du 10 février 2010, relatif à la fixation du barème d'actualisation des salaires pris en compte dans le calcul des pensions de vieillesse, d'invalidité et de survivants, article premier",https://www.pist.tn/jort/2010/2010F/Jo0132010.pdf
2010-01-01,1964,10.32991,"Arrêté du ministre des affaires sociales du 10 février 2010, relatif à la fixation du barème d'actualisation des salaires pris en compte dans le calcul des pensions de vieillesse, d'invalidité et de survivants, article premier",https://www.pist.tn/jort/2010/2010F/Jo0132010.pdf
2010-01-01,1965,9.68712,"Arrêté du ministre des affaires sociales du 10 février 2010, relatif à la fixation du barème d'actualisation des salaires pris en compte dans le calcul des pensions de vieillesse, d'invalidité et de survivants, article premier",https://www.pist.tn/jort/2010/2010F/Jo0132010.pdf
2010-01-01,1966,9.32743,"Arrêté du ministre des affaires sociales du 10 février 2010, relatif à la fixation du barème d'actualisation des salaires pris en compte dans le calcul des pensions de vieillesse, d'invalidité et de survivants, article premier",https://www.pist.tn/jort/2010/2010F/Jo0132010.pdf
2010-01-01,1967,9.05984,"Arrêté du ministre des affaires sociales du 10 février 2010, relatif à la fixation du barème d'actualisation des salaires pris en compte dans le calcul des pensions de vieillesse, d'invalidité et de survivants, article premier",https://www.pist.tn/jort/2010/2010F/Jo0132010.pdf
2010-01-01,1968,8.82827,"Arrêté du ministre des affaires sociales du 10 février 2010, relatif à la fixation du barème d'actualisation des salaires pris en compte dans le calcul des pensions de vieillesse, d'invalidité et de survivants, article premier",https://www.pist.tn/jort/2010/2010F/Jo0132010.pdf
2010-01-01,1969,8.48925,"Arrêté du ministre des affaires sociales du 10 février 2010, relatif à la fixation du barème d'actualisation des salaires pris en compte dans le calcul des pensions de vieillesse, d'invalidité et de survivants, article premier",https://www.pist.tn/jort/2010/2010F/Jo0132010.pdf
2010-01-01,1970,8.39894,"Arrêté du ministre des affaires sociales du 10 février 2010, relatif à la fixation du barème d'actualisation des salaires pris en compte dans le calcul des pensions de vieillesse, d'invalidité et de survivants, article premier",https://www.pist.tn/jort/2010/2010F/Jo0132010.pdf
2010-01-01,1971,7.9233,"Arrêté du ministre des affaires sociales du 10 février 2010, relatif à la fixation du barème d'actualisation des salaires pris en compte dans le calcul des pensions de vieillesse, d'invalidité et de survivants, article premier",https://www.pist.tn/jort/2010/2010F/Jo0132010.pdf
2010-01-01,1972,7.76194,"Arrêté du ministre des affaires sociales du 10 février 2010, relatif à la fixation du barème d'actualisation des salaires pris en compte dans le calcul des pensions de vieillesse, d'invalidité et de survivants, article premier",https://www.pist.tn/jort/2010/2010F/Jo0132010.pdf
2010-01-01,1973,7.42809,"Arrêté du ministre des affaires sociales du 10 février 2010, relatif à la fixation du barème d'actualisation des salaires pris en compte dans le calcul des pensions de vieillesse, d'invalidité et de survivants, article premier",https://www.pist.tn/jort/2010/2010F/Jo0132010.pdf
2010-01-01,1974,7.13557,"Arrêté du ministre des affaires sociales du 10 février 2010, relatif à la fixation du barème d'actualisation des salaires pris en compte dans le calcul des pensions de vieillesse, d'invalidité et de survivants, article premier",https://www.pist.tn/jort/2010/2010F/Jo0132010.pdf
2010-01-01,1975,6.5171,"Arrêté du ministre des affaires sociales du 10 février 2010, relatif à la fixation du barème d'actualisation des salaires pris en compte dans le calcul des pensions de vieillesse, d'invalidité et de survivants, article premier",https://www.pist.tn/jort/2010/2010F/Jo0132010.pdf
2010-01-01,1976,6.18523,"Arrêté du ministre des affaires sociales du 10 février 2010, relatif à la fixation du barème d'actualisation des salaires pris en compte dans le calcul des pensions de vieillesse, d'invalidité et de survivants, article premier",https://www.pist.tn/jort/2010/2010F/Jo0132010.pdf
2010-01-01,1977,5.79601,"Arrêté du ministre des affaires sociales du 10 février 2010, relatif à la fixation du barème d'actualisation des salaires pris en compte dans le calcul des pensions de vieillesse, d'invalidité et de survivants, article premier",https://www.pist.tn/jort/2010/2010F/Jo0132010.pdf
2010-01-01,1978,5.48808,"Arrêté du ministre des affaires sociales du 10 février 2010, relatif à la fixation du barème d'actualisation des salaires pris en compte dans le calcul des pensions de vieillesse, d'invalidité et de survivants, article premier",https://www.pist.tn/jort/2010/2010F/Jo0132010.pdf
2010-01-01,1979,5.06322,"Arrêté du ministre des affaires sociales du 10 février 2010, relatif à la fixation du barème d'actualisation des salaires pris en compte dans le calcul des pensions de vieillesse, d'invalidité et de survivants, article premier",https://www.pist.tn/jort/2010/2010F/Jo0132010.pdf
2010-01-01,1980,4.64802,"Arrêté du ministre des affaires sociales du 10 février 2010, relatif à la fixation du barème d'actualisation des salaires pris en compte dans le calcul des pensions de vieillesse, d'invalidité et de survivants, article premier",https://www.pist.tn/jort/2010/2010F/Jo0132010.pdf
2010-01-01,1981,4.25279,"Arrêté du ministre des affaires sociales du 10 février 2010, relatif à la fixation du barème d'actualisation des salaires pris en compte dans le calcul des pensions de vieillesse, d'invalidité et de survivants, article premier",https://www.pist.tn/jort/2010/2010F/Jo0132010.pdf
2010-01-01,1982,3.72782,"Arrêté du ministre des affaires sociales du 10 février 2010, relatif à la fixation du barème d'actualisation des salaires pris en compte dans le calcul des pensions de vieillesse, d'invalidité et de survivants, article premier",https://www.pist.tn/jort/2010/2010F/Jo0132010.pdf
2010-01-01,1983,3.40407,"Arrêté du ministre des affaires sociales du 10 février 2010, relatif à la fixation du barème d'actualisation des salaires pris en compte dans le calcul des pensions de vieillesse, d'invalidité et de survivants, article premier",https://www.pist.tn/jort/2010/2010F/Jo0132010.pdf
2010-01-01,1984,3.13382,"Arrêté du ministre des affaires sociales du 10 février 2010, relatif à la fixation du barème d'actualisation des salaires pris en compte dans le calcul des pensions de vieillesse, d'invalidité et de survivants, article premier",https://www.pist.tn/jort/2010/2010F/Jo0132010.pdf
2010-01-01,1985,2.91636,"Arrêté du ministre des affaires sociales du 10 février 2010, relatif à la fixation du barème d'actualisation des salaires pris en compte dans le calcul des pensions de vieillesse, d'invalidité et de survivants, article premier",https://www.pist.tn/jort/2010/2010F/Jo0132010.pdf
2010-01-01,1986,2.74472,"Arrêté du ministre des affaires sociales du 10 février 2010, relatif à la fixation du barème d'actualisation des salaires pris en compte dans le calcul des pensions de vieillesse, d'invalidité et de survivants, article premier",https://www.pist.tn/jort/2010/2010F/Jo0132010.pdf
2010-01-01,1987,2.538,"Arrêté du ministre des affaires sociales du 10 février 2010, relatif à la fixation du barème d'actualisation des salaires pris en compte dans le calcul des pensions de vieillesse, d'invalidité et de survivants, article premier",https://www.pist.tn/jort/2010/2010F/Jo0132010.pdf
2010-01-01,1988,2.36681,"Arrêté du ministre des affaires sociales du 10 février 2010, relatif à la fixation du barème d'actualisation des salaires pris en compte dans le calcul des pensions de vieillesse, d'invalidité et de survivants, article premier",https://www.pist.tn/jort/2010/2010F/Jo0132010.pdf
2010-01-01,1989,2.19742,"Arrêté du ministre des affaires sociales du 10 février 2010, relatif à la fixation du barème d'actualisation des salaires pris en compte dans le calcul des pensions de vieillesse, d'invalidité et de survivants, article premier",https://www.pist.tn/jort/2010/2010F/Jo0132010.pdf
2010-01-01,1990,2.06174,"Arrêté du ministre des affaires sociales du 10 février 2010, relatif à la fixation du barème d'actualisation des salaires pris en compte dans le calcul des pensions de vieillesse, d'invalidité et de survivants, article premier",https://www.pist.tn/jort/2010/2010F/Jo0132010.pdf
2010-01-01,1991,1.91328,"Arrêté du ministre des affaires sociales du 10 février 2010, relatif à la fixation du barème d'actualisation des salaires pris en compte dans le calcul des pensions de vieillesse, d'invalidité et de survivants, article premier",https://www.pist.tn/jort/2010/2010F/Jo0132010.pdf
2010-01-01,1992,1.81226,"Arrêté du ministre des affaires sociales du 10 février 2010, relatif à la fixation du barème d'actualisation des salaires pris en compte dans le calcul des pensions de vieillesse, d'invalidité et de survivants, article premier",https://www.pist.tn/jort/2010/2010F/Jo0132010.pdf
2010-01-01,1993,1.73926,"Arrêté du ministre des affaires sociales du 10 février 2010, relatif à la fixation du barème d'actualisation des salaires pris en compte dans le calcul des pensions de vieillesse, d'invalidité et de survivants, article premier",https://www.pist.tn/jort/2010/2010F/Jo0132010.pdf
2010-01-01,1994,1.66486,"Arrêté du ministre des affaires sociales du 10 février 2010, relatif à la fixation du barème d'actualisation des salaires pris en compte dans le calcul des pensions de vieillesse, d'invalidité et de survivants, article premier",https://www.pist.tn/jort/2010/2010F/Jo0132010.pdf
2010-01-01,1995,1.56625,"Arrêté du ministre des affaires sociales du 10 février 2010, relatif à la fixation du barème d'actualisation des salaires pris en compte dans le calcul des pensions de vieillesse, d'invalidité et de survivants, article premier",https://www.pist.tn/jort/2010/2010F/Jo0132010.pdf
2010-01-01,1996,1.511,"Arrêté du ministre des affaires sociales du 10 février 2010, relatif à la fixation du barème d'actualisation des salaires pris en compte dans le calcul des pensions de vieillesse, d'invalidité et de survivants, article premier",https://www.pist.tn/jort/2010/2010F/Jo0132010.pdf
2010-01-01,1997,1.45703,"Arrêté du ministre des affaires sociales du 10 février 2010, relatif à la fixation du barème d'actualisation des salaires pris en compte dans le calcul des pensions de vieillesse, d'invalidité et de survivants, article premier",https://www.pist.tn/jort/2010/2010F/Jo0132010.pdf
2010-01-01,1998,1.41289,"Arrêté du ministre des affaires sociales du 10 février 2010, relatif à la fixation du barème d'actualisation des salaires pris en compte dans le calcul des pensions de vieillesse, d'invalidité et de survivants, article premier",https://www.pist.tn/jort/2010/2010F/Jo0132010.pdf
2010-01-01,1999,1.37561,"Arrêté du ministre des affaires sociales du 10 février 2010, relatif à la fixation du barème d'actualisation des salaires pris en compte dans le calcul des pensions de vieillesse, d'invalidité et de survivants, article premier",https://www.pist.tn/jort/2010/2010F/Jo0132010.pdf
2010-01-01,2000,1.33636,"Arrêté du ministre des affaires sociales du 10 février 2010, relatif à la fixation du barème d'actualisation des salaires pris en compte dans le calcul des pensions de vieillesse, d'invalidité et de survivants, article premier",https://www.pist.tn/jort/2010/2010F/Jo0132010.pdf
2010-01-01,2001,1.31131,"Arrêté du ministre des affaires sociales du 10 février 2010, relatif à la fixation du barème d'actualisation des salaires pris en compte dans le calcul des pensions de vieillesse, d'invalidité et de survivants, article premier",https://www.pist.tn/jort/2010/2010F/Jo0132010.pdf
2010-01-01,2002,1.275,"Arrêté du ministre des affaires sociales du 10 février 2010, relatif à la fixation du barème d'actualisation des salaires pris en compte dans le calcul des pensions de vieillesse, d'invalidité et de survivants, article premier",https://www.pist.tn/jort/2010/2010F/Jo0132010.pdf
2010-01-01,2003,1.24149,"Arrêté du ministre des affaires sociales du 10 février 2010, relatif à la fixation du barème d'actualisation des salaires pris en compte dans le calcul des pensions de vieillesse, d'invalidité et de survivants, article premier",https://www.pist.tn/jort/2010/2010F/Jo0132010.pdf
2010-01-01,2004,1.19803,"Arrêté du ministre des affaires sociales du 10 février 2010, relatif à la fixation du barème d'actualisation des salaires pris en compte dans le calcul des pensions de vieillesse, d'invalidité et de survivants, article premier",https://www.pist.tn/jort/2010/2010F/Jo0132010.pdf
2010-01-01,2005,1.1741,"Arrêté du ministre des affaires sociales du 10 février 2010, relatif à la fixation du barème d'actualisation des salaires pris en compte dans le calcul des pensions de vieillesse, d'invalidité et de survivants, article premier",https://www.pist.tn/jort/2010/2010F/Jo0132010.pdf
2010-01-01,2006,1.12384,"Arrêté du ministre des affaires sociales du 10 février 2010, relatif à la fixation du barème d'actualisation des salaires pris en compte dans le calcul des pensions de vieillesse, d'invalidité et de survivants, article premier",https://www.pist.tn/jort/2010/2010F/Jo0132010.pdf
2010-01-01,2007,1.0895,"Arrêté du ministre des affaires sociales du 10 février 2010, relatif à la fixation du barème d'actualisation des salaires pris en compte dans le calcul des pensions de vieillesse, d'invalidité et de survivants, article premier",https://www.pist.tn/jort/2010/2010F/Jo0132010.pdf
2010-01-01,2008,1.03706,"Arrêté du ministre des affaires sociales du 10 février 2010, relatif à la fixation du barème d'actualisation des salaires pris en compte dans le calcul des pensions de vieillesse, d'invalidité et de survivants, article premier",https://www.pist.tn/jort/2010/2010F/Jo0132010.pdf
2010-01-01,2009,1.0,"Arrêté du ministre des affaires sociales du 10 février 2010, relatif à la fixation du barème d'actualisation des salaires pris en compte dans le calcul des pensions de vieillesse, d'invalidité et de survivants, article premier",https://www.pist.tn/jort/2010/2010F/Jo0132010.pdf
2011-01-01,1961,11.73486,"Arrêté du ministre des affaires sociales du 23 février 2011, relatif à la fixation du barème d'actualisation des salaires pris en compte dans le calcul des pensions de vieillesse, d'invalidité et de survivants, article premier",https://www.pist.tn/jort/2011/2011F/Jo0132011.pdf
2011-01-01,1962,11.50016,"Arrêté du ministre des affaires sociales du 23 février 2011, relatif à la fixation du barème d'actualisation des salaires pris en compte dans le calcul des pensions de vieillesse, d'invalidité et de survivants, article premier",https://www.pist.tn/jort/2011/2011F/Jo0132011.pdf
2011-01-01,1963,11.19782,"Arrêté du ministre des affaires sociales du 23 février 2011, relatif à la fixation du barème d'actualisation des salaires pris en compte dans le calcul des pensions de vieillesse, d'invalidité et de survivants, article premier",https://www.pist.tn/jort/2011/2011F/Jo0132011.pdf
2011-01-01,1964,10.74874,"Arrêté du ministre des affaires sociales du 23 février 2011, relatif à la fixation du barème d'actualisation des salaires pris en compte dans le calcul des pensions de vieillesse, d'invalidité et de survivants, article premier",https://www.pist.tn/jort/2011/2011F/Jo0132011.pdf
2011-01-01,1965,10.07902,"Arrêté du ministre des affaires sociales du 23 février 2011, relatif à la fixation du barème d'actualisation des salaires pris en compte dans le calcul des pensions de vieillesse, d'invalidité et de survivants, article premier",https://www.pist.tn/jort/2011/2011F/Jo0132011.pdf
2011-01-01,1966,9.70478,"Arrêté du ministre des affaires sociales du 23 février 2011, relatif à la fixation du barème d'actualisation des salaires pris en compte dans le calcul des pensions de vieillesse, d'invalidité et de survivants, article premier",https://www.pist.tn/jort/2011/2011F/Jo0132011.pdf
2011-01-01,1967,9.42323,"Arrêté du ministre des affaires sociales du 23 février 2011, relatif à la fixation du barème d'actualisation des salaires pris en compte dans le calcul des pensions de vieillesse, d'invalidité et de survivants, article premier",https://www.pist.tn/jort/2011/2011F/Jo0132011.pdf
2011-01-01,1968,9.18544,"Arrêté du ministre des affaires sociales du 23 février 2011, relatif à la fixation du barème d'actualisation des salaires pris en compte dans le calcul des pensions de vieillesse, d'invalidité et de survivants, article premier",https://www.pist.tn/jort/2011/2011F/Jo0132011.pdf
2011-01-01,1969,8.83269,"Arrêté du ministre des affaires sociales du 23 février 2011, relatif à la fixation du barème d'actualisation des salaires pris en compte dans le calcul des pensions de vieillesse, d'invalidité et de survivants, article premier",https://www.pist.tn/jort/2011/2011F/Jo0132011.pdf
2011-01-01,1970,8.73873,"Arrêté du ministre des affaires sociales du 23 février 2011, relatif à la fixation du barème d'actualisation des salaires pris en compte dans le calcul des pensions de vieillesse, d'invalidité et de survivants, article premier",https://www.pist.tn/jort/2011/2011F/Jo0132011.pdf
2011-01-01,1971,8.24385,"Arrêté du ministre des affaires sociales du 23 février 2011, relatif à la fixation du barème d'actualisation des salaires pris en compte dans le calcul des pensions de vieillesse, d'invalidité et de survivants, article premier",https://www.pist.tn/jort/2011/2011F/Jo0132011.pdf
2011-01-01,1972,8.07345,"Arrêté du ministre des affaires sociales du 23 février 2011, relatif à la fixation du barème d'actualisation des salaires pris en compte dans le calcul des pensions de vieillesse, d'invalidité et de survivants, article premier",https://www.pist.tn/jort/2011/2011F/Jo0132011.pdf
2011-01-01,1973,7.72655,"Arrêté du ministre des affaires sociales du 23 février 2011, relatif à la fixation du barème d'actualisation des salaires pris en compte dans le calcul des pensions de vieillesse, d'invalidité et de survivants, article premier",https://www.pist.tn/jort/2011/2011F/Jo0132011.pdf
2011-01-01,1974,7.42425,"Arrêté du ministre des affaires sociales du 23 février 2011, relatif à la fixation du barème d'actualisation des salaires pris en compte dans le calcul des pensions de vieillesse, d'invalidité et de survivants, article premier",https://www.pist.tn/jort/2011/2011F/Jo0132011.pdf
2011-01-01,1975,6.77946,"Arrêté du ministre des affaires sociales du 23 février 2011, relatif à la fixation du barème d'actualisation des salaires pris en compte dans le calcul des pensions de vieillesse, d'invalidité et de survivants, article premier",https://www.pist.tn/jort/2011/2011F/Jo0132011.pdf
2011-01-01,1976,6.43636,"Arrêté du ministre des affaires sociales du 23 février 2011, relatif à la fixation du barème d'actualisation des salaires pris en compte dans le calcul des pensions de vieillesse, d'invalidité et de survivants, article premier",https://www.pist.tn/jort/2011/2011F/Jo0132011.pdf
2011-01-01,1977,6.03087,"Arrêté du ministre des affaires sociales du 23 février 2011, relatif à la fixation du barème d'actualisation des salaires pris en compte dans le calcul des pensions de vieillesse, d'invalidité et de survivants, article premier",https://www.pist.tn/jort/2011/2011F/Jo0132011.pdf
2011-01-01,1978,5.71011,"Arrêté du ministre des affaires sociales du 23 février 2011, relatif à la fixation du barème d'actualisation des salaires pris en compte dans le calcul des pensions de vieillesse, d'invalidité et de survivants, article premier",https://www.pist.tn/jort/2011/2011F/Jo0132011.pdf
2011-01-01,1979,5.26713,"Arrêté du ministre des affaires sociales du 23 février 2011, relatif à la fixation du barème d'actualisation des salaires pris en compte dans le calcul des pensions de vieillesse, d'invalidité et de survivants, article premier",https://www.pist.tn/jort/2011/2011F/Jo0132011.pdf
2011-01-01,1980,4.83604,"Arrêté du ministre des affaires sociales du 23 février 2011, relatif à la fixation du barème d'actualisation des salaires pris en compte dans le calcul des pensions de vieillesse, d'invalidité et de survivants, article premier",https://www.pist.tn/jort/2011/2011F/Jo0132011.pdf
2011-01-01,1981,4.4247,"Arrêté du ministre des affaires sociales du 23 février 2011, relatif à la fixation du barème d'actualisation des salaires pris en compte dans le calcul des pensions de vieillesse, d'invalidité et de survivants, article premier",https://www.pist.tn/jort/2011/2011F/Jo0132011.pdf
2011-01-01,1982,3.87877,"Arrêté du ministre des affaires sociales du 23 février 2011, relatif à la fixation du barème d'actualisation des salaires pris en compte dans le calcul des pensions de vieillesse, d'invalidité et de survivants, article premier",https://www.pist.tn/jort/2011/2011F/Jo0132011.pdf
2011-01-01,1983,3.54132,"Arrêté du ministre des affaires sociales du 23 février 2011, relatif à la fixation du barème d'actualisation des salaires pris en compte dans le calcul des pensions de vieillesse, d'invalidité et de survivants, article premier",https://www.pist.tn/jort/2011/2011F/Jo0132011.pdf
2011-01-01,1984,3.26088,"Arrêté du ministre des affaires sociales du 23 février 2011, relatif à la fixation du barème d'actualisation des salaires pris en compte dans le calcul des pensions de vieillesse, d'invalidité et de survivants, article premier",https://www.pist.tn/jort/2011/2011F/Jo0132011.pdf
2011-01-01,1985,3.03455,"Arrêté du ministre des affaires sociales du 23 février 2011, relatif à la fixation du barème d'actualisation des salaires pris en compte dans le calcul des pensions de vieillesse, d'invalidité et de survivants, article premier",https://www.pist.tn/jort/2011/2011F/Jo0132011.pdf
2011-01-01,1986,2.8559,"Arrêté du ministre des affaires sociales du 23 février 2011, relatif à la fixation du barème d'actualisation des salaires pris en compte dans le calcul des pensions de vieillesse, d'invalidité et de survivants, article premier",https://www.pist.tn/jort/2011/2011F/Jo0132011.pdf
2011-01-01,1987,2.63933,"Arrêté du ministre des affaires sociales du 23 février 2011, relatif à la fixation du barème d'actualisation des salaires pris en compte dans le calcul des pensions de vieillesse, d'invalidité et de survivants, article premier",https://www.pist.tn/jort/2011/2011F/Jo0132011.pdf
2011-01-01,1988,2.46267,"Arrêté du ministre des affaires sociales du 23 février 2011, relatif à la fixation du barème d'actualisation des salaires pris en compte dans le calcul des pensions de vieillesse, d'invalidité et de survivants, article premier",https://www.pist.tn/jort/2011/2011F/Jo0132011.pdf
2011-01-01,1989,2.2862,"Arrêté du ministre des affaires sociales du 23 février 2011, relatif à la fixation du barème d'actualisation des salaires pris en compte dans le calcul des pensions de vieillesse, d'invalidité et de survivants, article premier",https://www.pist.tn/jort/2011/2011F/Jo0132011.pdf
2011-01-01,1990,2.14495,"Arrêté du ministre des affaires sociales du 23 février 2011, relatif à la fixation du barème d'actualisation des salaires pris en compte dans le calcul des pensions de vieillesse, d'invalidité et de survivants, article premier",https://www.pist.tn/jort/2011/2011F/Jo0132011.pdf
2011-01-01,1991,1.99068,"Arrêté du ministre des affaires sociales du 23 février 2011, relatif à la fixation du barème d'actualisation des salaires pris en compte dans le calcul des pensions de vieillesse, d'invalidité et de survivants, article premier",https://www.pist.tn/jort/2011/2011F/Jo0132011.pdf
2011-01-01,1992,1.88558,"Arrêté du ministre des affaires sociales du 23 février 2011, relatif à la fixation du barème d'actualisation des salaires pris en compte dans le calcul des pensions de vieillesse, d'invalidité et de survivants, article premier",https://www.pist.tn/jort/2011/2011F/Jo0132011.pdf
2011-01-01,1993,1.80963,"Arrêté du ministre des affaires sociales du 23 février 2011, relatif à la fixation du barème d'actualisation des salaires pris en compte dans le calcul des pensions de vieillesse, d'invalidité et de survivants, article premier",https://www.pist.tn/jort/2011/2011F/Jo0132011.pdf
2011-01-01,1994,1.73221,"Arrêté du ministre des affaires sociales du 23 février 2011, relatif à la fixation du barème d'actualisation des salaires pris en compte dans le calcul des pensions de vieillesse, d'invalidité et de survivants, article premier",https://www.pist.tn/jort/2011/2011F/Jo0132011.pdf
2011-01-01,1995,1.6303,"Arrêté du ministre des affaires sociales du 23 février 2011, relatif à la fixation du barème d'actualisation des salaires pris en compte dans le calcul des pensions de vieillesse, d'invalidité et de survivants, article premier",https://www.pist.tn/jort/2011/2011F/Jo0132011.pdf
2011-01-01,1996,1.57206,"Arrêté du ministre des affaires sociales du 23 février 2011, relatif à la fixation du barème d'actualisation des salaires pris en compte dans le calcul des pensions de vieillesse, d'invalidité et de survivants, article premier",https://www.pist.tn/jort/2011/2011F/Jo0132011.pdf
2011-01-01,1997,1.51597,"Arrêté du ministre des affaires sociales du 23 février 2011, relatif à la fixation du barème d'actualisation des salaires pris en compte dans le calcul des pensions de vieillesse, d'invalidité et de survivants, article premier",https://www.pist.tn/jort/2011/2011F/Jo0132011.pdf
2011-01-01,1998,1.47005,"Arrêté du ministre des affaires sociales du 23 février 2011, relatif à la fixation du barème d'actualisation des salaires pris en compte dans le calcul des pensions de vieillesse, d'invalidité et de survivants, article premier",https://www.pist.tn/jort/2011/2011F/Jo0132011.pdf
2011-01-01,1999,1.43126,"Arrêté du ministre des affaires sociales du 23 février 2011, relatif à la fixation du barème d'actualisation des salaires pris en compte dans le calcul des pensions de vieillesse, d'invalidité et de survivants, article premier",https://www.pist.tn/jort/2011/2011F/Jo0132011.pdf
2011-01-01,2000,1.39092,"Arrêté du ministre des affaires sociales du 23 février 2011, relatif à la fixation du barème d'actualisation des salaires pris en compte dans le calcul des pensions de vieillesse, d'invalidité et de survivants, article premier",https://www.pist.tn/jort/2011/2011F/Jo0132011.pdf
2011-01-01,2001,1.36436,"Arrêté du ministre des affaires sociales du 23 février 2011, relatif à la fixation du barème d'actualisation des salaires pris en compte dans le calcul des pensions de vieillesse, d'invalidité et de survivants, article premier",https://www.pist.tn/jort/2011/2011F/Jo0132011.pdf
2011-01-01,2002,1.32686,"Arrêté du ministre des affaires sociales du 23 février 2011, relatif à la fixation du barème d'actualisation des salaires pris en compte dans le calcul des pensions de vieillesse, d'invalidité et de survivants, article premier",https://www.pist.tn/jort/2011/2011F/Jo0132011.pdf
2011-01-01,2003,1.29167,"Arrêté du ministre des affaires sociales du 23 février 2011, relatif à la fixation du barème d'actualisation des salaires pris en compte dans le calcul des pensions de vieillesse, d'invalidité et de survivants, article premier",https://www.pist.tn/jort/2011/2011F/Jo0132011.pdf
2011-01-01,2004,1.24653,"Arrêté du ministre des affaires sociales du 23 février 2011, relatif à la fixation du barème d'actualisation des salaires pris en compte dans le calcul des pensions de vieillesse, d'invalidité et de survivants, article premier",https://www.pist.tn/jort/2011/2011F/Jo0132011.pdf
2011-01-01,2005,1.22165,"Arrêté du ministre des affaires sociales du 23 février 2011, relatif à la fixation du barème d'actualisation des salaires pris en compte dans le calcul des pensions de vieillesse, d'invalidité et de survivants, article premier",https://www.pist.tn/jort/2011/2011F/Jo0132011.pdf
2011-01-01,2006,1.17305,"Arrêté du ministre des affaires sociales du 23 février 2011, relatif à la fixation du barème d'actualisation des salaires pris en compte dans le calcul des pensions de vieillesse, d'invalidité et de survivants, article premier",https://www.pist.tn/jort/2011/2011F/Jo0132011.pdf
2011-01-01,2007,1.13406,"Arrêté du ministre des affaires sociales du 23 février 2011, relatif à la fixation du barème d'actualisation des salaires pris en compte dans le calcul des pensions de vieillesse, d'invalidité et de survivants, article premier",https://www.pist.tn/jort/2011/2011F/Jo0132011.pdf
2011-01-01,2008,1.08095,"Arrêté du ministre des affaires sociales du 23 février 2011, relatif à la fixation du barème d'actualisation des salaires pris en compte dans le calcul des pensions de vieillesse, d'invalidité et de survivants, article premier",https://www.pist.tn/jort/2011/2011F/Jo0132011.pdf
2011-01-01,2009,1.04409,"Arrêté du ministre des affaires sociales du 23 février 2011, relatif à la fixation du barème d'actualisation des salaires pris en compte dans le calcul des pensions de vieillesse, d'invalidité et de survivants, article premier",https://www.pist.tn/jort/2011/2011F/Jo0132011.pdf
2011-01-01,2010,1.0,"Arrêté du ministre des affaires sociales du 23 février 2011, relatif à la fixation du barème d'actualisation des salaires pris en compte dans le calcul des pensions de vieillesse, d'invalidité et de survivants, article premier",https://www.pist.tn/jort/2011/2011F/Jo0132011.pdf
2012-01-01,1961,12.15,"Arrêté du ministre des affaires sociales du 7 février 2012, relatif à la fixation du barème d'actualisation des salaires pris en compte dans le calcul des pensions de vieillesse, d'invalidité et de survivants, article premier",https://www.pist.tn/jort/2012/2012F/Jo0102012.pdf
2012-01-01,1962,11.907,"Arrêté du ministre des affaires sociales du 7 février 2012, relatif à la fixation du barème d'actualisation des salaires pris en compte dans le calcul des pensions de vieillesse, d'invalidité et de survivants, article premier",https://www.pist.tn/jort/2012/2012F/Jo0102012.pdf
2012-01-01,1963,11.59396,"Arrêté du ministre des affaires sociales du 7 février 2012, relatif à la fixation du barème d'actualisation des salaires pris en compte dans le calcul des pensions de vieillesse, d'invalidité et de survivants, article premier",https://www.pist.tn/jort/2012/2012F/Jo0102012.pdf
2012-01-01,1964,11.12899,"Arrêté du ministre des affaires sociales du 7 février 2012, relatif à la fixation du barème d'actualisation des salaires pris en compte dans le calcul des pensions de vieillesse, d'invalidité et de survivants, article premier",https://www.pist.tn/jort/2012/2012F/Jo0102012.pdf
2012-01-01,1965,10.43558,"Arrêté du ministre des affaires sociales du 7 février 2012, relatif à la fixation du barème d'actualisation des salaires pris en compte dans le calcul des pensions de vieillesse, d'invalidité et de survivants, article premier",https://www.pist.tn/jort/2012/2012F/Jo0102012.pdf
2012-01-01,1966,10.0481,"Arrêté du ministre des affaires sociales du 7 février 2012, relatif à la fixation du barème d'actualisation des salaires pris en compte dans le calcul des pensions de vieillesse, d'invalidité et de survivants, article premier",https://www.pist.tn/jort/2012/2012F/Jo0102012.pdf
2012-01-01,1967,9.75659,"Arrêté du ministre des affaires sociales du 7 février 2012, relatif à la fixation du barème d'actualisation des salaires pris en compte dans le calcul des pensions de vieillesse, d'invalidité et de survivants, article premier",https://www.pist.tn/jort/2012/2012F/Jo0102012.pdf
2012-01-01,1968,9.51038,"Arrêté du ministre des affaires sociales du 7 février 2012, relatif à la fixation du barème d'actualisation des salaires pris en compte dans le calcul des pensions de vieillesse, d'invalidité et de survivants, article premier",https://www.pist.tn/jort/2012/2012F/Jo0102012.pdf
2012-01-01,1969,9.14516,"Arrêté du ministre des affaires sociales du 7 février 2012, relatif à la fixation du barème d'actualisation des salaires pris en compte dans le calcul des pensions de vieillesse, d'invalidité et de survivants, article premier",https://www.pist.tn/jort/2012/2012F/Jo0102012.pdf
2012-01-01,1970,9.04787,"Arrêté du ministre des affaires sociales du 7 février 2012, relatif à la fixation du barème d'actualisation des salaires pris en compte dans le calcul des pensions de vieillesse, d'invalidité et de survivants, article premier",https://www.pist.tn/jort/2012/2012F/Jo0102012.pdf
2012-01-01,1971,8.53548,"Arrêté du ministre des affaires sociales du 7 février 2012, relatif à la fixation du barème d'actualisation des salaires pris en compte dans le calcul des pensions de vieillesse, d'invalidité et de survivants, article premier",https://www.pist.tn/jort/2012/2012F/Jo0102012.pdf
2012-01-01,1972,8.35906,"Arrêté du ministre des affaires sociales du 7 février 2012, relatif à la fixation du barème d'actualisation des salaires pris en compte dans le calcul des pensions de vieillesse, d'invalidité et de survivants, article premier",https://www.pist.tn/jort/2012/2012F/Jo0102012.pdf
2012-01-01,1973,7.99989,"Arrêté du ministre des affaires sociales du 7 février 2012, relatif à la fixation du barème d'actualisation des salaires pris en compte dans le calcul des pensions de vieillesse, d'invalidité et de survivants, article premier",https://www.pist.tn/jort/2012/2012F/Jo0102012.pdf
2012-01-01,1974,7.68689,"Arrêté du ministre des affaires sociales du 7 février 2012, relatif à la fixation du barème d'actualisation des salaires pris en compte dans le calcul des pensions de vieillesse, d'invalidité et de survivants, article premier",https://www.pist.tn/jort/2012/2012F/Jo0102012.pdf
2012-01-01,1975,7.0193,"Arrêté du ministre des affaires sociales du 7 février 2012, relatif à la fixation du barème d'actualisation des salaires pris en compte dans le calcul des pensions de vieillesse, d'invalidité et de survivants, article premier",https://www.pist.tn/jort/2012/2012F/Jo0102012.pdf
2012-01-01,1976,6.66405,"Arrêté du ministre des affaires sociales du 7 février 2012, relatif à la fixation du barème d'actualisation des salaires pris en compte dans le calcul des pensions de vieillesse, d'invalidité et de survivants, article premier",https://www.pist.tn/jort/2012/2012F/Jo0102012.pdf
2012-01-01,1977,6.24422,"Arrêté du ministre des affaires sociales du 7 février 2012, relatif à la fixation du barème d'actualisation des salaires pris en compte dans le calcul des pensions de vieillesse, d'invalidité et de survivants, article premier",https://www.pist.tn/jort/2012/2012F/Jo0102012.pdf
2012-01-01,1978,5.91212,"Arrêté du ministre des affaires sociales du 7 février 2012, relatif à la fixation du barème d'actualisation des salaires pris en compte dans le calcul des pensions de vieillesse, d'invalidité et de survivants, article premier",https://www.pist.tn/jort/2012/2012F/Jo0102012.pdf
2012-01-01,1979,5.45347,"Arrêté du ministre des affaires sociales du 7 février 2012, relatif à la fixation du barème d'actualisation des salaires pris en compte dans le calcul des pensions de vieillesse, d'invalidité et de survivants, article premier",https://www.pist.tn/jort/2012/2012F/Jo0102012.pdf
2012-01-01,1980,5.00712,"Arrêté du ministre des affaires sociales du 7 février 2012, relatif à la fixation du barème d'actualisation des salaires pris en compte dans le calcul des pensions de vieillesse, d'invalidité et de survivants, article premier",https://www.pist.tn/jort/2012/2012F/Jo0102012.pdf
2012-01-01,1981,4.58123,"Arrêté du ministre des affaires sociales du 7 février 2012, relatif à la fixation du barème d'actualisation des salaires pris en compte dans le calcul des pensions de vieillesse, d'invalidité et de survivants, article premier",https://www.pist.tn/jort/2012/2012F/Jo0102012.pdf
2012-01-01,1982,4.01599,"Arrêté du ministre des affaires sociales du 7 février 2012, relatif à la fixation du barème d'actualisation des salaires pris en compte dans le calcul des pensions de vieillesse, d'invalidité et de survivants, article premier",https://www.pist.tn/jort/2012/2012F/Jo0102012.pdf
2012-01-01,1983,3.6666,"Arrêté du ministre des affaires sociales du 7 février 2012, relatif à la fixation du barème d'actualisation des salaires pris en compte dans le calcul des pensions de vieillesse, d'invalidité et de survivants, article premier",https://www.pist.tn/jort/2012/2012F/Jo0102012.pdf
2012-01-01,1984,3.37624,"Arrêté du ministre des affaires sociales du 7 février 2012, relatif à la fixation du barème d'actualisation des salaires pris en compte dans le calcul des pensions de vieillesse, d'invalidité et de survivants, article premier",https://www.pist.tn/jort/2012/2012F/Jo0102012.pdf
2012-01-01,1985,3.1419,"Arrêté du ministre des affaires sociales du 7 février 2012, relatif à la fixation du barème d'actualisation des salaires pris en compte dans le calcul des pensions de vieillesse, d'invalidité et de survivants, article premier",https://www.pist.tn/jort/2012/2012F/Jo0102012.pdf
2012-01-01,1986,2.95693,"Arrêté du ministre des affaires sociales du 7 février 2012, relatif à la fixation du barème d'actualisation des salaires pris en compte dans le calcul des pensions de vieillesse, d'invalidité et de survivants, article premier",https://www.pist.tn/jort/2012/2012F/Jo0102012.pdf
2012-01-01,1987,2.7327,"Arrêté du ministre des affaires sociales du 7 février 2012, relatif à la fixation du barème d'actualisation des salaires pris en compte dans le calcul des pensions de vieillesse, d'invalidité et de survivants, article premier",https://www.pist.tn/jort/2012/2012F/Jo0102012.pdf
2012-01-01,1988,2.54979,"Arrêté du ministre des affaires sociales du 7 février 2012, relatif à la fixation du barème d'actualisation des salaires pris en compte dans le calcul des pensions de vieillesse, d'invalidité et de survivants, article premier",https://www.pist.tn/jort/2012/2012F/Jo0102012.pdf
2012-01-01,1989,2.36707,"Arrêté du ministre des affaires sociales du 7 février 2012, relatif à la fixation du barème d'actualisation des salaires pris en compte dans le calcul des pensions de vieillesse, d'invalidité et de survivants, article premier",https://www.pist.tn/jort/2012/2012F/Jo0102012.pdf
2012-01-01,1990,2.22084,"Arrêté du ministre des affaires sociales du 7 février 2012, relatif à la fixation du barème d'actualisation des salaires pris en compte dans le calcul des pensions de vieillesse, d'invalidité et de survivants, article premier",https://www.pist.tn/jort/2012/2012F/Jo0102012.pdf
2012-01-01,1991,2.0611,"Arrêté du ministre des affaires sociales du 7 février 2012, relatif à la fixation du barème d'actualisation des salaires pris en compte dans le calcul des pensions de vieillesse, d'invalidité et de survivants, article premier",https://www.pist.tn/jort/2012/2012F/Jo0102012.pdf
2012-01-01,1992,1.95229,"Arrêté du ministre des affaires sociales du 7 février 2012, relatif à la fixation du barème d'actualisation des salaires pris en compte dans le calcul des pensions de vieillesse, d'invalidité et de survivants, article premier",https://www.pist.tn/jort/2012/2012F/Jo0102012.pdf
2012-01-01,1993,1.87365,"Arrêté du ministre des affaires sociales du 7 février 2012, relatif à la fixation du barème d'actualisation des salaires pris en compte dans le calcul des pensions de vieillesse, d'invalidité et de survivants, article premier",https://www.pist.tn/jort/2012/2012F/Jo0102012.pdf
2012-01-01,1994,1.79349,"Arrêté du ministre des affaires sociales du 7 février 2012, relatif à la fixation du barème d'actualisation des salaires pris en compte dans le calcul des pensions de vieillesse, d'invalidité et de survivants, article premier",https://www.pist.tn/jort/2012/2012F/Jo0102012.pdf
2012-01-01,1995,1.68798,"Arrêté du ministre des affaires sociales du 7 février 2012, relatif à la fixation du barème d'actualisation des salaires pris en compte dans le calcul des pensions de vieillesse, d'invalidité et de survivants, article premier",https://www.pist.tn/jort/2012/2012F/Jo0102012.pdf
2012-01-01,1996,1.62767,"Arrêté du ministre des affaires sociales du 7 février 2012, relatif à la fixation du barème d'actualisation des salaires pris en compte dans le calcul des pensions de vieillesse, d'invalidité et de survivants, article premier",https://www.pist.tn/jort/2012/2012F/Jo0102012.pdf
2012-01-01,1997,1.5696,"Arrêté du ministre des affaires sociales du 7 février 2012, relatif à la fixation du barème d'actualisation des salaires pris en compte dans le calcul des pensions de vieillesse, d'invalidité et de survivants, article premier",https://www.pist.tn/jort/2012/2012F/Jo0102012.pdf
2012-01-01,1998,1.52205,"Arrêté du ministre des affaires sociales du 7 février 2012, relatif à la fixation du barème d'actualisation des salaires pris en compte dans le calcul des pensions de vieillesse, d'invalidité et de survivants, article premier",https://www.pist.tn/jort/2012/2012F/Jo0102012.pdf
2012-01-01,1999,1.48189,"Arrêté du ministre des affaires sociales du 7 février 2012, relatif à la fixation du barème d'actualisation des salaires pris en compte dans le calcul des pensions de vieillesse, d'invalidité et de survivants, article premier",https://www.pist.tn/jort/2012/2012F/Jo0102012.pdf
2012-01-01,2000,1.44013,"Arrêté du ministre des affaires sociales du 7 février 2012, relatif à la fixation du barème d'actualisation des salaires pris en compte dans le calcul des pensions de vieillesse, d'invalidité et de survivants, article premier",https://www.pist.tn/jort/2012/2012F/Jo0102012.pdf
2012-01-01,2001,1.41262,"Arrêté du ministre des affaires sociales du 7 février 2012, relatif à la fixation du barème d'actualisation des salaires pris en compte dans le calcul des pensions de vieillesse, d'invalidité et de survivants, article premier",https://www.pist.tn/jort/2012/2012F/Jo0102012.pdf
2012-01-01,2002,1.37379,"Arrêté du ministre des affaires sociales du 7 février 2012, relatif à la fixation du barème d'actualisation des salaires pris en compte dans le calcul des pensions de vieillesse, d'invalidité et de survivants, article premier",https://www.pist.tn/jort/2012/2012F/Jo0102012.pdf
2012-01-01,2003,1.33736,"Arrêté du ministre des affaires sociales du 7 février 2012, relatif à la fixation du barème d'actualisation des salaires pris en compte dans le calcul des pensions de vieillesse, d'invalidité et de survivants, article premier",https://www.pist.tn/jort/2012/2012F/Jo0102012.pdf
2012-01-01,2004,1.29063,"Arrêté du ministre des affaires sociales du 7 février 2012, relatif à la fixation du barème d'actualisation des salaires pris en compte dans le calcul des pensions de vieillesse, d'invalidité et de survivants, article premier",https://www.pist.tn/jort/2012/2012F/Jo0102012.pdf
2012-01-01,2005,1.26487,"Arrêté du ministre des affaires sociales du 7 février 2012, relatif à la fixation du barème d'actualisation des salaires pris en compte dans le calcul des pensions de vieillesse, d'invalidité et de survivants, article premier",https://www.pist.tn/jort/2012/2012F/Jo0102012.pdf
2012-01-01,2006,1.21454,"Arrêté du ministre des affaires sociales du 7 février 2012, relatif à la fixation du barème d'actualisation des salaires pris en compte dans le calcul des pensions de vieillesse, d'invalidité et de survivants, article premier",https://www.pist.tn/jort/2012/2012F/Jo0102012.pdf
2012-01-01,2007,1.17418,"Arrêté du ministre des affaires sociales du 7 février 2012, relatif à la fixation du barème d'actualisation des salaires pris en compte dans le calcul des pensions de vieillesse, d'invalidité et de survivants, article premier",https://www.pist.tn/jort/2012/2012F/Jo0102012.pdf
2012-01-01,2008,1.11919,"Arrêté du ministre des affaires sociales du 7 février 2012, relatif à la fixation du barème d'actualisation des salaires pris en compte dans le calcul des pensions de vieillesse, d'invalidité et de survivants, article premier",https://www.pist.tn/jort/2012/2012F/Jo0102012.pdf
2012-01-01,2009,1.08102,"Arrêté du ministre des affaires sociales du 7 février 2012, relatif à la fixation du barème d'actualisation des salaires pris en compte dans le calcul des pensions de vieillesse, d'invalidité et de survivants, article premier",https://www.pist.tn/jort/2012/2012F/Jo0102012.pdf
2012-01-01,2010,1.03538,"Arrêté du ministre des affaires sociales du 7 février 2012, relatif à la fixation du barème d'actualisation des salaires pris en compte dans le calcul des pensions de vieillesse, d'invalidité et de survivants, article premier",https://www.pist.tn/jort/2012/2012F/Jo0102012.pdf
2012-01-01,2011,1.0,"Arrêté du ministre des affaires sociales du 7 février 2012, relatif à la fixation du barème d'actualisation des salaires pris en compte dans le calcul des pensions de vieillesse, d'invalidité et de survivants, article premier",https://www.pist.tn/jort/2012/2012F/Jo0102012.pdf
2013-01-01,1961,12.82594,"Arrêté du ministre des affaires sociales du 19 février 2013, relatif à la fixation du barème d'actualisation des salaires pris en compte dans le calcul des pensions de vieillesse, d'invalidité et de survivants, article premier",https://www.pist.tn/jort/2013/2013F/Jo0182013.pdf
2013-01-01,1962,12.56942,"Arrêté du ministre des affaires sociales du 19 février 2013, relatif à la fixation du barème d'actualisation des salaires pris en compte dans le calcul des pensions de vieillesse, d'invalidité et de survivants, article premier",https://www.pist.tn/jort/2013/2013F/Jo0182013.pdf
2013-01-01,1963,12.23896,"Arrêté du ministre des affaires sociales du 19 février 2013, relatif à la fixation du barème d'actualisation des salaires pris en compte dans le calcul des pensions de vieillesse, d'invalidité et de survivants, article premier",https://www.pist.tn/jort/2013/2013F/Jo0182013.pdf
2013-01-01,1964,11.74437,"Arrêté du ministre des affaires sociales du 19 février 2013, relatif à la fixation du barème d'actualisation des salaires pris en compte dans le calcul des pensions de vieillesse, d'invalidité et de survivants, article premier",https://www.pist.tn/jort/2013/2013F/Jo0182013.pdf
2013-01-01,1965,11.02178,"Arrêté du ministre des affaires sociales du 19 février 2013, relatif à la fixation du barème d'actualisation des salaires pris en compte dans le calcul des pensions de vieillesse, d'invalidité et de survivants, article premier",https://www.pist.tn/jort/2013/2013F/Jo0182013.pdf
2013-01-01,1966,10.60263,"Arrêté du ministre des affaires sociales du 19 février 2013, relatif à la fixation du barème d'actualisation des salaires pris en compte dans le calcul des pensions de vieillesse, d'invalidité et de survivants, article premier",https://www.pist.tn/jort/2013/2013F/Jo0182013.pdf
2013-01-01,1967,10.3021,"Arrêté du ministre des affaires sociales du 19 février 2013, relatif à la fixation du barème d'actualisation des salaires pris en compte dans le calcul des pensions de vieillesse, d'invalidité et de survivants, article premier",https://www.pist.tn/jort/2013/2013F/Jo0182013.pdf
2013-01-01,1968,10.04214,"Arrêté du ministre des affaires sociales du 19 février 2013, relatif à la fixation du barème d'actualisation des salaires pris en compte dans le calcul des pensions de vieillesse, d'invalidité et de survivants, article premier",https://www.pist.tn/jort/2013/2013F/Jo0182013.pdf
2013-01-01,1969,9.64652,"Arrêté du ministre des affaires sociales du 19 février 2013, relatif à la fixation du barème d'actualisation des salaires pris en compte dans le calcul des pensions de vieillesse, d'invalidité et de survivants, article premier",https://www.pist.tn/jort/2013/2013F/Jo0182013.pdf
2013-01-01,1970,9.56516,"Arrêté du ministre des affaires sociales du 19 février 2013, relatif à la fixation du barème d'actualisation des salaires pris en compte dans le calcul des pensions de vieillesse, d'invalidité et de survivants, article premier",https://www.pist.tn/jort/2013/2013F/Jo0182013.pdf
2013-01-01,1971,9.0098,"Arrêté du ministre des affaires sociales du 19 février 2013, relatif à la fixation du barème d'actualisation des salaires pris en compte dans le calcul des pensions de vieillesse, d'invalidité et de survivants, article premier",https://www.pist.tn/jort/2013/2013F/Jo0182013.pdf
2013-01-01,1972,8.8289,"Arrêté du ministre des affaires sociales du 19 février 2013, relatif à la fixation du barème d'actualisation des salaires pris en compte dans le calcul des pensions de vieillesse, d'invalidité et de survivants, article premier",https://www.pist.tn/jort/2013/2013F/Jo0182013.pdf
2013-01-01,1973,8.44482,"Arrêté du ministre des affaires sociales du 19 février 2013, relatif à la fixation du barème d'actualisation des salaires pris en compte dans le calcul des pensions de vieillesse, d'invalidité et de survivants, article premier",https://www.pist.tn/jort/2013/2013F/Jo0182013.pdf
2013-01-01,1974,8.11585,"Arrêté du ministre des affaires sociales du 19 février 2013, relatif à la fixation du barème d'actualisation des salaires pris en compte dans le calcul des pensions de vieillesse, d'invalidité et de survivants, article premier",https://www.pist.tn/jort/2013/2013F/Jo0182013.pdf
2013-01-01,1975,7.40794,"Arrêté du ministre des affaires sociales du 19 février 2013, relatif à la fixation du barème d'actualisation des salaires pris en compte dans le calcul des pensions de vieillesse, d'invalidité et de survivants, article premier",https://www.pist.tn/jort/2013/2013F/Jo0182013.pdf
2013-01-01,1976,7.0325,"Arrêté du ministre des affaires sociales du 19 février 2013, relatif à la fixation du barème d'actualisation des salaires pris en compte dans le calcul des pensions de vieillesse, d'invalidité et de survivants, article premier",https://www.pist.tn/jort/2013/2013F/Jo0182013.pdf
2013-01-01,1977,6.5912,"Arrêté du ministre des affaires sociales du 19 février 2013, relatif à la fixation du barème d'actualisation des salaires pris en compte dans le calcul des pensions de vieillesse, d'invalidité et de survivants, article premier",https://www.pist.tn/jort/2013/2013F/Jo0182013.pdf
2013-01-01,1978,6.23947,"Arrêté du ministre des affaires sociales du 19 février 2013, relatif à la fixation du barème d'actualisation des salaires pris en compte dans le calcul des pensions de vieillesse, d'invalidité et de survivants, article premier",https://www.pist.tn/jort/2013/2013F/Jo0182013.pdf
2013-01-01,1979,5.75457,"Arrêté du ministre des affaires sociales du 19 février 2013, relatif à la fixation du barème d'actualisation des salaires pris en compte dans le calcul des pensions de vieillesse, d'invalidité et de survivants, article premier",https://www.pist.tn/jort/2013/2013F/Jo0182013.pdf
2013-01-01,1980,5.28552,"Arrêté du ministre des affaires sociales du 19 février 2013, relatif à la fixation du barème d'actualisation des salaires pris en compte dans le calcul des pensions de vieillesse, d'invalidité et de survivants, article premier",https://www.pist.tn/jort/2013/2013F/Jo0182013.pdf
2013-01-01,1981,4.83548,"Arrêté du ministre des affaires sociales du 19 février 2013, relatif à la fixation du barème d'actualisation des salaires pris en compte dans le calcul des pensions de vieillesse, d'invalidité et de survivants, article premier",https://www.pist.tn/jort/2013/2013F/Jo0182013.pdf
2013-01-01,1982,4.24022,"Arrêté du ministre des affaires sociales du 19 février 2013, relatif à la fixation du barème d'actualisation des salaires pris en compte dans le calcul des pensions de vieillesse, d'invalidité et de survivants, article premier",https://www.pist.tn/jort/2013/2013F/Jo0182013.pdf
2013-01-01,1983,3.8696,"Arrêté du ministre des affaires sociales du 19 février 2013, relatif à la fixation du barème d'actualisation des salaires pris en compte dans le calcul des pensions de vieillesse, d'invalidité et de survivants, article premier",https://www.pist.tn/jort/2013/2013F/Jo0182013.pdf
2013-01-01,1984,3.56545,"Arrêté du ministre des affaires sociales du 19 février 2013, relatif à la fixation du barème d'actualisation des salaires pris en compte dans le calcul des pensions de vieillesse, d'invalidité et de survivants, article premier",https://www.pist.tn/jort/2013/2013F/Jo0182013.pdf
2013-01-01,1985,3.3153,"Arrêté du ministre des affaires sociales du 19 février 2013, relatif à la fixation du barème d'actualisation des salaires pris en compte dans le calcul des pensions de vieillesse, d'invalidité et de survivants, article premier",https://www.pist.tn/jort/2013/2013F/Jo0182013.pdf
2013-01-01,1986,3.12135,"Arrêté du ministre des affaires sociales du 19 février 2013, relatif à la fixation du barème d'actualisation des salaires pris en compte dans le calcul des pensions de vieillesse, d'invalidité et de survivants, article premier",https://www.pist.tn/jort/2013/2013F/Jo0182013.pdf
2013-01-01,1987,2.88449,"Arrêté du ministre des affaires sociales du 19 février 2013, relatif à la fixation du barème d'actualisation des salaires pris en compte dans le calcul des pensions de vieillesse, d'invalidité et de survivants, article premier",https://www.pist.tn/jort/2013/2013F/Jo0182013.pdf
2013-01-01,1988,2.6921,"Arrêté du ministre des affaires sociales du 19 février 2013, relatif à la fixation du barème d'actualisation des salaires pris en compte dans le calcul des pensions de vieillesse, d'invalidité et de survivants, article premier",https://www.pist.tn/jort/2013/2013F/Jo0182013.pdf
2013-01-01,1989,2.49831,"Arrêté du ministre des affaires sociales du 19 février 2013, relatif à la fixation du barème d'actualisation des salaires pris en compte dans le calcul des pensions de vieillesse, d'invalidité et de survivants, article premier",https://www.pist.tn/jort/2013/2013F/Jo0182013.pdf
2013-01-01,1990,2.34486,"Arrêté du ministre des affaires sociales du 19 février 2013, relatif à la fixation du barème d'actualisation des salaires pris en compte dans le calcul des pensions de vieillesse, d'invalidité et de survivants, article premier",https://www.pist.tn/jort/2013/2013F/Jo0182013.pdf
2013-01-01,1991,2.17505,"Arrêté du ministre des affaires sociales du 19 février 2013, relatif à la fixation du barème d'actualisation des salaires pris en compte dans le calcul des pensions de vieillesse, d'invalidité et de survivants, article premier",https://www.pist.tn/jort/2013/2013F/Jo0182013.pdf
2013-01-01,1992,2.06095,"Arrêté du ministre des affaires sociales du 19 février 2013, relatif à la fixation du barème d'actualisation des salaires pris en compte dans le calcul des pensions de vieillesse, d'invalidité et de survivants, article premier",https://www.pist.tn/jort/2013/2013F/Jo0182013.pdf
2013-01-01,1993,1.9778,"Arrêté du ministre des affaires sociales du 19 février 2013, relatif à la fixation du barème d'actualisation des salaires pris en compte dans le calcul des pensions de vieillesse, d'invalidité et de survivants, article premier",https://www.pist.tn/jort/2013/2013F/Jo0182013.pdf
2013-01-01,1994,1.89263,"Arrêté du ministre des affaires sociales du 19 février 2013, relatif à la fixation du barème d'actualisation des salaires pris en compte dans le calcul des pensions de vieillesse, d'invalidité et de survivants, article premier",https://www.pist.tn/jort/2013/2013F/Jo0182013.pdf
2013-01-01,1995,1.78136,"Arrêté du ministre des affaires sociales du 19 février 2013, relatif à la fixation du barème d'actualisation des salaires pris en compte dans le calcul des pensions de vieillesse, d'invalidité et de survivants, article premier",https://www.pist.tn/jort/2013/2013F/Jo0182013.pdf
2013-01-01,1996,1.71741,"Arrêté du ministre des affaires sociales du 19 février 2013, relatif à la fixation du barème d'actualisation des salaires pris en compte dans le calcul des pensions de vieillesse, d'invalidité et de survivants, article premier",https://www.pist.tn/jort/2013/2013F/Jo0182013.pdf
2013-01-01,1997,1.6389,"Arrêté du ministre des affaires sociales du 19 février 2013, relatif à la fixation du barème d'actualisation des salaires pris en compte dans le calcul des pensions de vieillesse, d'invalidité et de survivants, article premier",https://www.pist.tn/jort/2013/2013F/Jo0182013.pdf
2013-01-01,1998,1.60666,"Arrêté du ministre des affaires sociales du 19 février 2013, relatif à la fixation du barème d'actualisation des salaires pris en compte dans le calcul des pensions de vieillesse, d'invalidité et de survivants, article premier",https://www.pist.tn/jort/2013/2013F/Jo0182013.pdf
2013-01-01,1999,1.5644,"Arrêté du ministre des affaires sociales du 19 février 2013, relatif à la fixation du barème d'actualisation des salaires pris en compte dans le calcul des pensions de vieillesse, d'invalidité et de survivants, article premier",https://www.pist.tn/jort/2013/2013F/Jo0182013.pdf
2013-01-01,2000,1.5197,"Arrêté du ministre des affaires sociales du 19 février 2013, relatif à la fixation du barème d'actualisation des salaires pris en compte dans le calcul des pensions de vieillesse, d'invalidité et de survivants, article premier",https://www.pist.tn/jort/2013/2013F/Jo0182013.pdf
2013-01-01,2001,1.4907,"Arrêté du ministre des affaires sociales du 19 février 2013, relatif à la fixation du barème d'actualisation des salaires pris en compte dans le calcul des pensions de vieillesse, d'invalidité et de survivants, article premier",https://www.pist.tn/jort/2013/2013F/Jo0182013.pdf
2013-01-01,2002,1.45022,"Arrêté du ministre des affaires sociales du 19 février 2013, relatif à la fixation du barème d'actualisation des salaires pris en compte dans le calcul des pensions de vieillesse, d'invalidité et de survivants, article premier",https://www.pist.tn/jort/2013/2013F/Jo0182013.pdf
2013-01-01,2003,1.41175,"Arrêté du ministre des affaires sociales du 19 février 2013, relatif à la fixation du barème d'actualisation des salaires pris en compte dans le calcul des pensions de vieillesse, d'invalidité et de survivants, article premier",https://www.pist.tn/jort/2013/2013F/Jo0182013.pdf
2013-01-01,2004,1.36243,"Arrêté du ministre des affaires sociales du 19 février 2013, relatif à la fixation du barème d'actualisation des salaires pris en compte dans le calcul des pensions de vieillesse, d'invalidité et de survivants, article premier",https://www.pist.tn/jort/2013/2013F/Jo0182013.pdf
2013-01-01,2005,1.33527,"Arrêté du ministre des affaires sociales du 19 février 2013, relatif à la fixation du barème d'actualisation des salaires pris en compte dans le calcul des pensions de vieillesse, d'invalidité et de survivants, article premier",https://www.pist.tn/jort/2013/2013F/Jo0182013.pdf
2013-01-01,2006,1.2821,"Arrêté du ministre des affaires sociales du 19 février 2013, relatif à la fixation du barème d'actualisation des salaires pris en compte dans le calcul des pensions de vieillesse, d'invalidité et de survivants, article premier",https://www.pist.tn/jort/2013/2013F/Jo0182013.pdf
2013-01-01,2007,1.2395,"Arrêté du ministre des affaires sociales du 19 février 2013, relatif à la fixation du barème d'actualisation des salaires pris en compte dans le calcul des pensions de vieillesse, d'invalidité et de survivants, article premier",https://www.pist.tn/jort/2013/2013F/Jo0182013.pdf
2013-01-01,2008,1.18146,"Arrêté du ministre des affaires sociales du 19 février 2013, relatif à la fixation du barème d'actualisation des salaires pris en compte dans le calcul des pensions de vieillesse, d'invalidité et de survivants, article premier",https://www.pist.tn/jort/2013/2013F/Jo0182013.pdf
2013-01-01,2009,1.14117,"Arrêté du ministre des affaires sociales du 19 février 2013, relatif à la fixation du barème d'actualisation des salaires pris en compte dans le calcul des pensions de vieillesse, d'invalidité et de survivants, article premier",https://www.pist.tn/jort/2013/2013F/Jo0182013.pdf
2013-01-01,2010,1.09298,"Arrêté du ministre des affaires sociales du 19 février 2013, relatif à la fixation du barème d'actualisation des salaires pris en compte dans le calcul des pensions de vieillesse, d'invalidité et de survivants, article premier",https://www.pist.tn/jort/2013/2013F/Jo0182013.pdf
2013-01-01,2011,1.05559,"Arrêté du ministre des affaires sociales du 19 février 2013, relatif à la fixation du barème d'actualisation des salaires pris en compte dans le calcul des pensions de vieillesse, d'invalidité et de survivants, article premier",https://www.pist.tn/jort/2013/2013F/Jo0182013.pdf
2013-01-01,2012,1.0,"Arrêté du ministre des affaires sociales du 19 février 2013, relatif à la fixation du barème d'actualisation des salaires pris en compte dans le calcul des pensions de vieillesse, d'invalidité et de survivants, article premier",https://www.pist.tn/jort/2013/2013F/Jo0182013.pdf
2014-01-01,1961,13.6074,"Arrêté du ministre des affaires sociales du 30 avril 2014, relatif à la fixation du barème d'actualisation des salaires pris en compte dans le calcul des pensions de vieillesse, d'invalidité et de survivants, article premier",https://www.pist.tn/jort/2014/2014F/Jo0382014.pdf
2014-01-01,1962,13.33525,"Arrêté du ministre des affaires sociales du 30 avril 2014, relatif à la fixation du barème d'actualisation des salaires pris en compte dans le calcul des pensions de vieillesse, d'invalidité et de survivants, article premier",https://www.pist.tn/jort/2014/2014F/Jo0382014.pdf
2014-01-01,1963,12.98466,"Arrêté du ministre des affaires sociales du 30 avril 2014, relatif à la fixation du barème d'actualisation des salaires pris en compte dans le calcul des pensions de vieillesse, d'invalidité et de survivants, article premier",https://www.pist.tn/jort/2014/2014F/Jo0382014.pdf
2014-01-01,1964,12.45994,"Arrêté du ministre des affaires sociales du 30 avril 2014, relatif à la fixation du barème d'actualisation des salaires pris en compte dans le calcul des pensions de vieillesse, d'invalidité et de survivants, article premier",https://www.pist.tn/jort/2014/2014F/Jo0382014.pdf
2014-01-01,1965,11.69331,"Arrêté du ministre des affaires sociales du 30 avril 2014, relatif à la fixation du barème d'actualisation des salaires pris en compte dans le calcul des pensions de vieillesse, d'invalidité et de survivants, article premier",https://www.pist.tn/jort/2014/2014F/Jo0382014.pdf
2014-01-01,1966,11.24863,"Arrêté du ministre des affaires sociales du 30 avril 2014, relatif à la fixation du barème d'actualisation des salaires pris en compte dans le calcul des pensions de vieillesse, d'invalidité et de survivants, article premier",https://www.pist.tn/jort/2014/2014F/Jo0382014.pdf
2014-01-01,1967,10.92979,"Arrêté du ministre des affaires sociales du 30 avril 2014, relatif à la fixation du barème d'actualisation des salaires pris en compte dans le calcul des pensions de vieillesse, d'invalidité et de survivants, article premier",https://www.pist.tn/jort/2014/2014F/Jo0382014.pdf
2014-01-01,1968,10.65399,"Arrêté du ministre des affaires sociales du 30 avril 2014, relatif à la fixation du barème d'actualisation des salaires pris en compte dans le calcul des pensions de vieillesse, d'invalidité et de survivants, article premier",https://www.pist.tn/jort/2014/2014F/Jo0382014.pdf
2014-01-01,1969,10.23427,"Arrêté du ministre des affaires sociales du 30 avril 2014, relatif à la fixation du barème d'actualisation des salaires pris en compte dans le calcul des pensions de vieillesse, d'invalidité et de survivants, article premier",https://www.pist.tn/jort/2014/2014F/Jo0382014.pdf
2014-01-01,1970,10.14795,"Arrêté du ministre des affaires sociales du 30 avril 2014, relatif à la fixation du barème d'actualisation des salaires pris en compte dans le calcul des pensions de vieillesse, d'invalidité et de survivants, article premier",https://www.pist.tn/jort/2014/2014F/Jo0382014.pdf
2014-01-01,1971,9.55875,"Arrêté du ministre des affaires sociales du 30 avril 2014, relatif à la fixation du barème d'actualisation des salaires pris en compte dans le calcul des pensions de vieillesse, d'invalidité et de survivants, article premier",https://www.pist.tn/jort/2014/2014F/Jo0382014.pdf
2014-01-01,1972,9.36683,"Arrêté du ministre des affaires sociales du 30 avril 2014, relatif à la fixation du barème d'actualisation des salaires pris en compte dans le calcul des pensions de vieillesse, d'invalidité et de survivants, article premier",https://www.pist.tn/jort/2014/2014F/Jo0382014.pdf
2014-01-01,1973,8.95935,"Arrêté du ministre des affaires sociales du 30 avril 2014, relatif à la fixation du barème d'actualisation des salaires pris en compte dans le calcul des pensions de vieillesse, d'invalidité et de survivants, article premier",https://www.pist.tn/jort/2014/2014F/Jo0382014.pdf
2014-01-01,1974,8.61033,"Arrêté du ministre des affaires sociales du 30 avril 2014, relatif à la fixation du barème d'actualisation des salaires pris en compte dans le calcul des pensions de vieillesse, d'invalidité et de survivants, article premier",https://www.pist.tn/jort/2014/2014F/Jo0382014.pdf
2014-01-01,1975,7.85929,"Arrêté du ministre des affaires sociales du 30 avril 2014, relatif à la fixation du barème d'actualisation des salaires pris en compte dans le calcul des pensions de vieillesse, d'invalidité et de survivants, article premier",https://www.pist.tn/jort/2014/2014F/Jo0382014.pdf
2014-01-01,1976,7.46098,"Arrêté du ministre des affaires sociales du 30 avril 2014, relatif à la fixation du barème d'actualisation des salaires pris en compte dans le calcul des pensions de vieillesse, d'invalidité et de survivants, article premier",https://www.pist.tn/jort/2014/2014F/Jo0382014.pdf
2014-01-01,1977,6.99279,"Arrêté du ministre des affaires sociales du 30 avril 2014, relatif à la fixation du barème d'actualisation des salaires pris en compte dans le calcul des pensions de vieillesse, d'invalidité et de survivants, article premier",https://www.pist.tn/jort/2014/2014F/Jo0382014.pdf
2014-01-01,1978,6.61963,"Arrêté du ministre des affaires sociales du 30 avril 2014, relatif à la fixation du barème d'actualisation des salaires pris en compte dans le calcul des pensions de vieillesse, d'invalidité et de survivants, article premier",https://www.pist.tn/jort/2014/2014F/Jo0382014.pdf
2014-01-01,1979,6.10518,"Arrêté du ministre des affaires sociales du 30 avril 2014, relatif à la fixation du barème d'actualisation des salaires pris en compte dans le calcul des pensions de vieillesse, d'invalidité et de survivants, article premier",https://www.pist.tn/jort/2014/2014F/Jo0382014.pdf
2014-01-01,1980,5.60756,"Arrêté du ministre des affaires sociales du 30 avril 2014, relatif à la fixation du barème d'actualisation des salaires pris en compte dans le calcul des pensions de vieillesse, d'invalidité et de survivants, article premier",https://www.pist.tn/jort/2014/2014F/Jo0382014.pdf
2014-01-01,1981,5.13009,"Arrêté du ministre des affaires sociales du 30 avril 2014, relatif à la fixation du barème d'actualisation des salaires pris en compte dans le calcul des pensions de vieillesse, d'invalidité et de survivants, article premier",https://www.pist.tn/jort/2014/2014F/Jo0382014.pdf
2014-01-01,1982,4.49857,"Arrêté du ministre des affaires sociales du 30 avril 2014, relatif à la fixation du barème d'actualisation des salaires pris en compte dans le calcul des pensions de vieillesse, d'invalidité et de survivants, article premier",https://www.pist.tn/jort/2014/2014F/Jo0382014.pdf
2014-01-01,1983,4.10536,"Arrêté du ministre des affaires sociales du 30 avril 2014, relatif à la fixation du barème d'actualisation des salaires pris en compte dans le calcul des pensions de vieillesse, d'invalidité et de survivants, article premier",https://www.pist.tn/jort/2014/2014F/Jo0382014.pdf
2014-01-01,1984,3.78269,"Arrêté du ministre des affaires sociales du 30 avril 2014, relatif à la fixation du barème d'actualisation des salaires pris en compte dans le calcul des pensions de vieillesse, d'invalidité et de survivants, article premier",https://www.pist.tn/jort/2014/2014F/Jo0382014.pdf
2014-01-01,1985,3.5173,"Arrêté du ministre des affaires sociales du 30 avril 2014, relatif à la fixation du barème d'actualisation des salaires pris en compte dans le calcul des pensions de vieillesse, d'invalidité et de survivants, article premier",https://www.pist.tn/jort/2014/2014F/Jo0382014.pdf
2014-01-01,1986,3.31153,"Arrêté du ministre des affaires sociales du 30 avril 2014, relatif à la fixation du barème d'actualisation des salaires pris en compte dans le calcul des pensions de vieillesse, d'invalidité et de survivants, article premier",https://www.pist.tn/jort/2014/2014F/Jo0382014.pdf
2014-01-01,1987,3.06024,"Arrêté du ministre des affaires sociales du 30 avril 2014, relatif à la fixation du barème d'actualisation des salaires pris en compte dans le calcul des pensions de vieillesse, d'invalidité et de survivants, article premier",https://www.pist.tn/jort/2014/2014F/Jo0382014.pdf
2014-01-01,1988,2.85613,"Arrêté du ministre des affaires sociales du 30 avril 2014, relatif à la fixation du barème d'actualisation des salaires pris en compte dans le calcul des pensions de vieillesse, d'invalidité et de survivants, article premier",https://www.pist.tn/jort/2014/2014F/Jo0382014.pdf
2014-01-01,1989,2.65053,"Arrêté du ministre des affaires sociales du 30 avril 2014, relatif à la fixation du barème d'actualisation des salaires pris en compte dans le calcul des pensions de vieillesse, d'invalidité et de survivants, article premier",https://www.pist.tn/jort/2014/2014F/Jo0382014.pdf
2014-01-01,1990,2.48773,"Arrêté du ministre des affaires sociales du 30 avril 2014, relatif à la fixation du barème d'actualisation des salaires pris en compte dans le calcul des pensions de vieillesse, d'invalidité et de survivants, article premier",https://www.pist.tn/jort/2014/2014F/Jo0382014.pdf
2014-01-01,1991,2.30757,"Arrêté du ministre des affaires sociales du 30 avril 2014, relatif à la fixation du barème d'actualisation des salaires pris en compte dans le calcul des pensions de vieillesse, d'invalidité et de survivants, article premier",https://www.pist.tn/jort/2014/2014F/Jo0382014.pdf
2014-01-01,1992,2.18652,"Arrêté du ministre des affaires sociales du 30 avril 2014, relatif à la fixation du barème d'actualisation des salaires pris en compte dans le calcul des pensions de vieillesse, d'invalidité et de survivants, article premier",https://www.pist.tn/jort/2014/2014F/Jo0382014.pdf
2014-01-01,1993,2.0983,"Arrêté du ministre des affaires sociales du 30 avril 2014, relatif à la fixation du barème d'actualisation des salaires pris en compte dans le calcul des pensions de vieillesse, d'invalidité et de survivants, article premier",https://www.pist.tn/jort/2014/2014F/Jo0382014.pdf
2014-01-01,1994,2.00794,"Arrêté du ministre des affaires sociales du 30 avril 2014, relatif à la fixation du barème d'actualisation des salaires pris en compte dans le calcul des pensions de vieillesse, d'invalidité et de survivants, article premier",https://www.pist.tn/jort/2014/2014F/Jo0382014.pdf
2014-01-01,1995,1.88989,"Arrêté du ministre des affaires sociales du 30 avril 2014, relatif à la fixation du barème d'actualisation des salaires pris en compte dans le calcul des pensions de vieillesse, d'invalidité et de survivants, article premier",https://www.pist.tn/jort/2014/2014F/Jo0382014.pdf
2014-01-01,1996,1.82205,"Arrêté du ministre des affaires sociales du 30 avril 2014, relatif à la fixation du barème d'actualisation des salaires pris en compte dans le calcul des pensions de vieillesse, d'invalidité et de survivants, article premier",https://www.pist.tn/jort/2014/2014F/Jo0382014.pdf
2014-01-01,1997,1.73876,"Arrêté du ministre des affaires sociales du 30 avril 2014, relatif à la fixation du barème d'actualisation des salaires pris en compte dans le calcul des pensions de vieillesse, d'invalidité et de survivants, article premier",https://www.pist.tn/jort/2014/2014F/Jo0382014.pdf
2014-01-01,1998,1.70455,"Arrêté du ministre des affaires sociales du 30 avril 2014, relatif à la fixation du barème d'actualisation des salaires pris en compte dans le calcul des pensions de vieillesse, d'invalidité et de survivants, article premier",https://www.pist.tn/jort/2014/2014F/Jo0382014.pdf
2014-01-01,1999,1.65971,"Arrêté du ministre des affaires sociales du 30 avril 2014, relatif à la fixation du barème d'actualisation des salaires pris en compte dans le calcul des pensions de vieillesse, d'invalidité et de survivants, article premier",https://www.pist.tn/jort/2014/2014F/Jo0382014.pdf
2014-01-01,2000,1.61229,"Arrêté du ministre des affaires sociales du 30 avril 2014, relatif à la fixation du barème d'actualisation des salaires pris en compte dans le calcul des pensions de vieillesse, d'invalidité et de survivants, article premier",https://www.pist.tn/jort/2014/2014F/Jo0382014.pdf
2014-01-01,2001,1.58152,"Arrêté du ministre des affaires sociales du 30 avril 2014, relatif à la fixation du barème d'actualisation des salaires pris en compte dans le calcul des pensions de vieillesse, d'invalidité et de survivants, article premier",https://www.pist.tn/jort/2014/2014F/Jo0382014.pdf
2014-01-01,2002,1.53858,"Arrêté du ministre des affaires sociales du 30 avril 2014, relatif à la fixation du barème d'actualisation des salaires pris en compte dans le calcul des pensions de vieillesse, d'invalidité et de survivants, article premier",https://www.pist.tn/jort/2014/2014F/Jo0382014.pdf
2014-01-01,2003,1.49777,"Arrêté du ministre des affaires sociales du 30 avril 2014, relatif à la fixation du barème d'actualisation des salaires pris en compte dans le calcul des pensions de vieillesse, d'invalidité et de survivants, article premier",https://www.pist.tn/jort/2014/2014F/Jo0382014.pdf
2014-01-01,2004,1.44544,"Arrêté du ministre des affaires sociales du 30 avril 2014, relatif à la fixation du barème d'actualisation des salaires pris en compte dans le calcul des pensions de vieillesse, d'invalidité et de survivants, article premier",https://www.pist.tn/jort/2014/2014F/Jo0382014.pdf
2014-01-01,2005,1.41662,"Arrêté du ministre des affaires sociales du 30 avril 2014, relatif à la fixation du barème d'actualisation des salaires pris en compte dans le calcul des pensions de vieillesse, d'invalidité et de survivants, article premier",https://www.pist.tn/jort/2014/2014F/Jo0382014.pdf
2014-01-01,2006,1.36022,"Arrêté du ministre des affaires sociales du 30 avril 2014, relatif à la fixation du barème d'actualisation des salaires pris en compte dans le calcul des pensions de vieillesse, d'invalidité et de survivants, article premier",https://www.pist.tn/jort/2014/2014F/Jo0382014.pdf
2014-01-01,2007,1.31502,"Arrêté du ministre des affaires sociales du 30 avril 2014, relatif à la fixation du barème d'actualisation des salaires pris en compte dans le calcul des pensions de vieillesse, d'invalidité et de survivants, article premier",https://www.pist.tn/jort/2014/2014F/Jo0382014.pdf
2014-01-01,2008,1.25344,"Arrêté du ministre des affaires sociales du 30 avril 2014, relatif à la fixation du barème d'actualisation des salaires pris en compte dans le calcul des pensions de vieillesse, d'invalidité et de survivants, article premier",https://www.pist.tn/jort/2014/2014F/Jo0382014.pdf
2014-01-01,2009,1.2107,"Arrêté du ministre des affaires sociales du 30 avril 2014, relatif à la fixation du barème d'actualisation des salaires pris en compte dans le calcul des pensions de vieillesse, d'invalidité et de survivants, article premier",https://www.pist.tn/jort/2014/2014F/Jo0382014.pdf
2014-01-01,2010,1.15958,"Arrêté du ministre des affaires sociales du 30 avril 2014, relatif à la fixation du barème d'actualisation des salaires pris en compte dans le calcul des pensions de vieillesse, d'invalidité et de survivants, article premier",https://www.pist.tn/jort/2014/2014F/Jo0382014.pdf
2014-01-01,2011,1.1199,"Arrêté du ministre des affaires sociales du 30 avril 2014, relatif à la fixation du barème d'actualisation des salaires pris en compte dans le calcul des pensions de vieillesse, d'invalidité et de survivants, article premier",https://www.pist.tn/jort/2014/2014F/Jo0382014.pdf
2014-01-01,2012,1.06093,"Arrêté du ministre des affaires sociales du 30 avril 2014, relatif à la fixation du barème d'actualisation des salaires pris en compte dans le calcul des pensions de vieillesse, d'invalidité et de survivants, article premier",https://www.pist.tn/jort/2014/2014F/Jo0382014.pdf
2014-01-01,2013,1.0,"Arrêté du ministre des affaires sociales du 30 avril 2014, relatif à la fixation du barème d'actualisation des salaires pris en compte dans le calcul des pensions de vieillesse, d'invalidité et de survivants, article premier",https://www.pist.tn/jort/2014/2014F/Jo0382014.pdf
2015-01-01,1961,14.35578,"Arrêté du ministre des affaires sociales du 30 mars 2015, relatif à la fixation du barème d'actualisation des salaires pris en compte dans le calcul des pensions de vieillesse, d'invalidité et de survivants, article premier",https://www.pist.tn/jort/2015/2015F/Jo0272015.pdf
2015-01-01,1962,14.06867,"Arrêté du ministre des affaires sociales du 30 mars 2015, relatif à la fixation du barème d'actualisation des salaires pris en compte dans le calcul des pensions de vieillesse, d'invalidité et de survivants, article premier",https://www.pist.tn/jort/2015/2015F/Jo0272015.pdf
2015-01-01,1963,13.6988,"Arrêté du ministre des affaires sociales du 30 mars 2015, relatif à la fixation du barème d'actualisation des salaires pris en compte dans le calcul des pensions de vieillesse, d'invalidité et de survivants, article premier",https://www.pist.tn/jort/2015/2015F/Jo0272015.pdf
2015-01-01,1964,13.14522,"Arrêté du ministre des affaires sociales du 30 mars 2015, relatif à la fixation du barème d'actualisation des salaires pris en compte dans le calcul des pensions de vieillesse, d'invalidité et de survivants, article premier",https://www.pist.tn/jort/2015/2015F/Jo0272015.pdf
2015-01-01,1965,12.33643,"Arrêté du ministre des affaires sociales du 30 mars 2015, relatif à la fixation du barème d'actualisation des salaires pris en compte dans le calcul des pensions de vieillesse, d'invalidité et de survivants, article premier",https://www.pist.tn/jort/2015/2015F/Jo0272015.pdf
2015-01-01,1966,11.86729,"Arrêté du ministre des affaires sociales du 30 mars 2015, relatif à la fixation du barème d'actualisation des salaires pris en compte dans le calcul des pensions de vieillesse, d'invalidité et de survivants, article premier",https://www.pist.tn/jort/2015/2015F/Jo0272015.pdf
2015-01-01,1967,11.53091,"Arrêté du ministre des affaires sociales du 30 mars 2015, relatif à la fixation du barème d'actualisation des salaires pris en compte dans le calcul des pensions de vieillesse, d'invalidité et de survivants, article premier",https://www.pist.tn/jort/2015/2015F/Jo0272015.pdf
2015-01-01,1968,11.23995,"Arrêté du ministre des affaires sociales du 30 mars 2015, relatif à la fixation du barème d'actualisation des salaires pris en compte dans le calcul des pensions de vieillesse, d'invalidité et de survivants, article premier",https://www.pist.tn/jort/2015/2015F/Jo0272015.pdf
2015-01-01,1969,10.79713,"Arrêté du ministre des affaires sociales du 30 mars 2015, relatif à la fixation du barème d'actualisation des salaires pris en compte dans le calcul des pensions de vieillesse, d'invalidité et de survivants, article premier",https://www.pist.tn/jort/2015/2015F/Jo0272015.pdf
2015-01-01,1970,10.70607,"Arrêté du ministre des affaires sociales du 30 mars 2015, relatif à la fixation du barème d'actualisation des salaires pris en compte dans le calcul des pensions de vieillesse, d'invalidité et de survivants, article premier",https://www.pist.tn/jort/2015/2015F/Jo0272015.pdf
2015-01-01,1971,10.08446,"Arrêté du ministre des affaires sociales du 30 mars 2015, relatif à la fixation du barème d'actualisation des salaires pris en compte dans le calcul des pensions de vieillesse, d'invalidité et de survivants, article premier",https://www.pist.tn/jort/2015/2015F/Jo0272015.pdf
2015-01-01,1972,9.88199,"Arrêté du ministre des affaires sociales du 30 mars 2015, relatif à la fixation du barème d'actualisation des salaires pris en compte dans le calcul des pensions de vieillesse, d'invalidité et de survivants, article premier",https://www.pist.tn/jort/2015/2015F/Jo0272015.pdf
2015-01-01,1973,9.4521,"Arrêté du ministre des affaires sociales du 30 mars 2015, relatif à la fixation du barème d'actualisation des salaires pris en compte dans le calcul des pensions de vieillesse, d'invalidité et de survivants, article premier",https://www.pist.tn/jort/2015/2015F/Jo0272015.pdf
2015-01-01,1974,9.08388,"Arrêté du ministre des affaires sociales du 30 mars 2015, relatif à la fixation du barème d'actualisation des salaires pris en compte dans le calcul des pensions de vieillesse, d'invalidité et de survivants, article premier",https://www.pist.tn/jort/2015/2015F/Jo0272015.pdf
2015-01-01,1975,8.29154,"Arrêté du ministre des affaires sociales du 30 mars 2015, relatif à la fixation du barème d'actualisation des salaires pris en compte dans le calcul des pensions de vieillesse, d'invalidité et de survivants, article premier",https://www.pist.tn/jort/2015/2015F/Jo0272015.pdf
2015-01-01,1976,7.87132,"Arrêté du ministre des affaires sociales du 30 mars 2015, relatif à la fixation du barème d'actualisation des salaires pris en compte dans le calcul des pensions de vieillesse, d'invalidité et de survivants, article premier",https://www.pist.tn/jort/2015/2015F/Jo0272015.pdf
2015-01-01,1977,7.37738,"Arrêté du ministre des affaires sociales du 30 mars 2015, relatif à la fixation du barème d'actualisation des salaires pris en compte dans le calcul des pensions de vieillesse, d'invalidité et de survivants, article premier",https://www.pist.tn/jort/2015/2015F/Jo0272015.pdf
2015-01-01,1978,6.9837,"Arrêté du ministre des affaires sociales du 30 mars 2015, relatif à la fixation du barème d'actualisation des salaires pris en compte dans le calcul des pensions de vieillesse, d'invalidité et de survivants, article premier",https://www.pist.tn/jort/2015/2015F/Jo0272015.pdf
2015-01-01,1979,6.44096,"Arrêté du ministre des affaires sociales du 30 mars 2015, relatif à la fixation du barème d'actualisation des salaires pris en compte dans le calcul des pensions de vieillesse, d'invalidité et de survivants, article premier",https://www.pist.tn/jort/2015/2015F/Jo0272015.pdf
2015-01-01,1980,5.91597,"Arrêté du ministre des affaires sociales du 30 mars 2015, relatif à la fixation du barème d'actualisation des salaires pris en compte dans le calcul des pensions de vieillesse, d'invalidité et de survivants, article premier",https://www.pist.tn/jort/2015/2015F/Jo0272015.pdf
2015-01-01,1981,5.41224,"Arrêté du ministre des affaires sociales du 30 mars 2015, relatif à la fixation du barème d'actualisation des salaires pris en compte dans le calcul des pensions de vieillesse, d'invalidité et de survivants, article premier",https://www.pist.tn/jort/2015/2015F/Jo0272015.pdf
2015-01-01,1982,4.74598,"Arrêté du ministre des affaires sociales du 30 mars 2015, relatif à la fixation du barème d'actualisation des salaires pris en compte dans le calcul des pensions de vieillesse, d'invalidité et de survivants, article premier",https://www.pist.tn/jort/2015/2015F/Jo0272015.pdf
2015-01-01,1983,4.33115,"Arrêté du ministre des affaires sociales du 30 mars 2015, relatif à la fixation du barème d'actualisation des salaires pris en compte dans le calcul des pensions de vieillesse, d'invalidité et de survivants, article premier",https://www.pist.tn/jort/2015/2015F/Jo0272015.pdf
2015-01-01,1984,3.99073,"Arrêté du ministre des affaires sociales du 30 mars 2015, relatif à la fixation du barème d'actualisation des salaires pris en compte dans le calcul des pensions de vieillesse, d'invalidité et de survivants, article premier",https://www.pist.tn/jort/2015/2015F/Jo0272015.pdf
2015-01-01,1985,3.71074,"Arrêté du ministre des affaires sociales du 30 mars 2015, relatif à la fixation du barème d'actualisation des salaires pris en compte dans le calcul des pensions de vieillesse, d'invalidité et de survivants, article premier",https://www.pist.tn/jort/2015/2015F/Jo0272015.pdf
2015-01-01,1986,3.49366,"Arrêté du ministre des affaires sociales du 30 mars 2015, relatif à la fixation du barème d'actualisation des salaires pris en compte dans le calcul des pensions de vieillesse, d'invalidité et de survivants, article premier",https://www.pist.tn/jort/2015/2015F/Jo0272015.pdf
2015-01-01,1987,3.22855,"Arrêté du ministre des affaires sociales du 30 mars 2015, relatif à la fixation du barème d'actualisation des salaires pris en compte dans le calcul des pensions de vieillesse, d'invalidité et de survivants, article premier",https://www.pist.tn/jort/2015/2015F/Jo0272015.pdf
2015-01-01,1988,3.01321,"Arrêté du ministre des affaires sociales du 30 mars 2015, relatif à la fixation du barème d'actualisation des salaires pris en compte dans le calcul des pensions de vieillesse, d'invalidité et de survivants, article premier",https://www.pist.tn/jort/2015/2015F/Jo0272015.pdf
2015-01-01,1989,2.7963,"Arrêté du ministre des affaires sociales du 30 mars 2015, relatif à la fixation du barème d'actualisation des salaires pris en compte dans le calcul des pensions de vieillesse, d'invalidité et de survivants, article premier",https://www.pist.tn/jort/2015/2015F/Jo0272015.pdf
2015-01-01,1990,2.62455,"Arrêté du ministre des affaires sociales du 30 mars 2015, relatif à la fixation du barème d'actualisation des salaires pris en compte dans le calcul des pensions de vieillesse, d'invalidité et de survivants, article premier",https://www.pist.tn/jort/2015/2015F/Jo0272015.pdf
2015-01-01,1991,2.43448,"Arrêté du ministre des affaires sociales du 30 mars 2015, relatif à la fixation du barème d'actualisation des salaires pris en compte dans le calcul des pensions de vieillesse, d'invalidité et de survivants, article premier",https://www.pist.tn/jort/2015/2015F/Jo0272015.pdf
2015-01-01,1992,2.30678,"Arrêté du ministre des affaires sociales du 30 mars 2015, relatif à la fixation du barème d'actualisation des salaires pris en compte dans le calcul des pensions de vieillesse, d'invalidité et de survivants, article premier",https://www.pist.tn/jort/2015/2015F/Jo0272015.pdf
2015-01-01,1993,2.21371,"Arrêté du ministre des affaires sociales du 30 mars 2015, relatif à la fixation du barème d'actualisation des salaires pris en compte dans le calcul des pensions de vieillesse, d'invalidité et de survivants, article premier",https://www.pist.tn/jort/2015/2015F/Jo0272015.pdf
2015-01-01,1994,2.11838,"Arrêté du ministre des affaires sociales du 30 mars 2015, relatif à la fixation du barème d'actualisation des salaires pris en compte dans le calcul des pensions de vieillesse, d'invalidité et de survivants, article premier",https://www.pist.tn/jort/2015/2015F/Jo0272015.pdf
2015-01-01,1995,1.99384,"Arrêté du ministre des affaires sociales du 30 mars 2015, relatif à la fixation du barème d'actualisation des salaires pris en compte dans le calcul des pensions de vieillesse, d'invalidité et de survivants, article premier",https://www.pist.tn/jort/2015/2015F/Jo0272015.pdf
2015-01-01,1996,1.92226,"Arrêté du ministre des affaires sociales du 30 mars 2015, relatif à la fixation du barème d'actualisation des salaires pris en compte dans le calcul des pensions de vieillesse, d'invalidité et de survivants, article premier",https://www.pist.tn/jort/2015/2015F/Jo0272015.pdf
2015-01-01,1997,1.83439,"Arrêté du ministre des affaires sociales du 30 mars 2015, relatif à la fixation du barème d'actualisation des salaires pris en compte dans le calcul des pensions de vieillesse, d'invalidité et de survivants, article premier",https://www.pist.tn/jort/2015/2015F/Jo0272015.pdf
2015-01-01,1998,1.7983,"Arrêté du ministre des affaires sociales du 30 mars 2015, relatif à la fixation du barème d'actualisation des salaires pris en compte dans le calcul des pensions de vieillesse, d'invalidité et de survivants, article premier",https://www.pist.tn/jort/2015/2015F/Jo0272015.pdf
2015-01-01,1999,1.751,"Arrêté du ministre des affaires sociales du 30 mars 2015, relatif à la fixation du barème d'actualisation des salaires pris en compte dans le calcul des pensions de vieillesse, d'invalidité et de survivants, article premier",https://www.pist.tn/jort/2015/2015F/Jo0272015.pdf
2015-01-01,2000,1.70096,"Arrêté du ministre des affaires sociales du 30 mars 2015, relatif à la fixation du barème d'actualisation des salaires pris en compte dans le calcul des pensions de vieillesse, d'invalidité et de survivants, article premier",https://www.pist.tn/jort/2015/2015F/Jo0272015.pdf
2015-01-01,2001,1.6685,"Arrêté du ministre des affaires sociales du 30 mars 2015, relatif à la fixation du barème d'actualisation des salaires pris en compte dans le calcul des pensions de vieillesse, d'invalidité et de survivants, article premier",https://www.pist.tn/jort/2015/2015F/Jo0272015.pdf
2015-01-01,2002,1.6232,"Arrêté du ministre des affaires sociales du 30 mars 2015, relatif à la fixation du barème d'actualisation des salaires pris en compte dans le calcul des pensions de vieillesse, d'invalidité et de survivants, article premier",https://www.pist.tn/jort/2015/2015F/Jo0272015.pdf
2015-01-01,2003,1.58014,"Arrêté du ministre des affaires sociales du 30 mars 2015, relatif à la fixation du barème d'actualisation des salaires pris en compte dans le calcul des pensions de vieillesse, d'invalidité et de survivants, article premier",https://www.pist.tn/jort/2015/2015F/Jo0272015.pdf
2015-01-01,2004,1.52493,"Arrêté du ministre des affaires sociales du 30 mars 2015, relatif à la fixation du barème d'actualisation des salaires pris en compte dans le calcul des pensions de vieillesse, d'invalidité et de survivants, article premier",https://www.pist.tn/jort/2015/2015F/Jo0272015.pdf
2015-01-01,2005,1.49453,"Arrêté du ministre des affaires sociales du 30 mars 2015, relatif à la fixation du barème d'actualisation des salaires pris en compte dans le calcul des pensions de vieillesse, d'invalidité et de survivants, article premier",https://www.pist.tn/jort/2015/2015F/Jo0272015.pdf
2015-01-01,2006,1.43503,"Arrêté du ministre des affaires sociales du 30 mars 2015, relatif à la fixation du barème d'actualisation des salaires pris en compte dans le calcul des pensions de vieillesse, d'invalidité et de survivants, article premier",https://www.pist.tn/jort/2015/2015F/Jo0272015.pdf
2015-01-01,2007,1.38734,"Arrêté du ministre des affaires sociales du 30 mars 2015, relatif à la fixation du barème d'actualisation des salaires pris en compte dans le calcul des pensions de vieillesse, d'invalidité et de survivants, article premier",https://www.pist.tn/jort/2015/2015F/Jo0272015.pdf
2015-01-01,2008,1.32238,"Arrêté du ministre des affaires sociales du 30 mars 2015, relatif à la fixation du barème d'actualisation des salaires pris en compte dans le calcul des pensions de vieillesse, d'invalidité et de survivants, article premier",https://www.pist.tn/jort/2015/2015F/Jo0272015.pdf
2015-01-01,2009,1.27729,"Arrêté du ministre des affaires sociales du 30 mars 2015, relatif à la fixation du barème d'actualisation des salaires pris en compte dans le calcul des pensions de vieillesse, d'invalidité et de survivants, article premier",https://www.pist.tn/jort/2015/2015F/Jo0272015.pdf
2015-01-01,2010,1.22335,"Arrêté du ministre des affaires sociales du 30 mars 2015, relatif à la fixation du barème d'actualisation des salaires pris en compte dans le calcul des pensions de vieillesse, d'invalidité et de survivants, article premier",https://www.pist.tn/jort/2015/2015F/Jo0272015.pdf
2015-01-01,2011,1.1815,"Arrêté du ministre des affaires sociales du 30 mars 2015, relatif à la fixation du barème d'actualisation des salaires pris en compte dans le calcul des pensions de vieillesse, d'invalidité et de survivants, article premier",https://www.pist.tn/jort/2015/2015F/Jo0272015.pdf
2015-01-01,2012,1.11928,"Arrêté du ministre des affaires sociales du 30 mars 2015, relatif à la fixation du barème d'actualisation des salaires pris en compte dans le calcul des pensions de vieillesse, d'invalidité et de survivants, article premier",https://www.pist.tn/jort/2015/2015F/Jo0272015.pdf
2015-01-01,2013,1.055,"Arrêté du ministre des affaires sociales du 30 mars 2015, relatif à la fixation du barème d'actualisation des salaires pris en compte dans le calcul des pensions de vieillesse, d'invalidité et de survivants, article premier",https://www.pist.tn/jort/2015/2015F/Jo0272015.pdf
2015-01-01,2014,1.0,"Arrêté du ministre des affaires sociales du 30 mars 2015, relatif à la fixation du barème d'actualisation des salaires pris en compte dans le calcul des pensions de vieillesse, d'invalidité et de survivants, article premier",https://www.pist.tn/jort/2015/2015F/Jo0272015.pdf
2018-01-01,1961,16.42349,"Arrêté du ministre des affaires sociales du 19 février 2018, relatif à la fixation du barème d'actualisation des salaires pris en compte dans le calcul des pensions de vieillesse, d'invalidité et de survivants, article premier",https://www.pist.tn/jort/2018/2018F/Jo0162018.pdf
2018-01-01,1962,16.09502,"Arrêté du ministre des affaires sociales du 19 février 2018, relatif à la fixation du barème d'actualisation des salaires pris en compte dans le calcul des pensions de vieillesse, d'invalidité et de survivants, article premier",https://www.pist.tn/jort/2018/2018F/Jo0162018.pdf
2018-01-01,1963,15.67188,"Arrêté du ministre des affaires sociales du 19 février 2018, relatif à la fixation du barème d'actualisation des salaires pris en compte dans le calcul des pensions de vieillesse, d'invalidité et de survivants, article premier",https://www.pist.tn/jort/2018/2018F/Jo0162018.pdf
2018-01-01,1964,15.04336,"Arrêté du ministre des affaires sociales du 19 février 2018, relatif à la fixation du barème d'actualisation des salaires pris en compte dans le calcul des pensions de vieillesse, d'invalidité et de survivants, article premier",https://www.pist.tn/jort/2018/2018F/Jo0162018.pdf
2018-01-01,1965,14.10606,"Arrêté du ministre des affaires sociales du 19 février 2018, relatif à la fixation du barème d'actualisation des salaires pris en compte dans le calcul des pensions de vieillesse, d'invalidité et de survivants, article premier",https://www.pist.tn/jort/2018/2018F/Jo0162018.pdf
2018-01-01,1966,13.58229,"Arrêté du ministre des affaires sociales du 19 février 2018, relatif à la fixation du barème d'actualisation des salaires pris en compte dans le calcul des pensions de vieillesse, d'invalidité et de survivants, article premier",https://www.pist.tn/jort/2018/2018F/Jo0162018.pdf
2018-01-01,1967,13.18825,"Arrêté du ministre des affaires sociales du 19 février 2018, relatif à la fixation du barème d'actualisation des salaires pris en compte dans le calcul des pensions de vieillesse, d'invalidité et de survivants, article premier",https://www.pist.tn/jort/2018/2018F/Jo0162018.pdf
2018-01-01,1968,12.85544,"Arrêté du ministre des affaires sociales du 19 février 2018, relatif à la fixation du barème d'actualisation des salaires pris en compte dans le calcul des pensions de vieillesse, d'invalidité et de survivants, article premier",https://www.pist.tn/jort/2018/2018F/Jo0162018.pdf
2018-01-01,1969,12.36176,"Arrêté du ministre des affaires sociales du 19 février 2018, relatif à la fixation du barème d'actualisation des salaires pris en compte dans le calcul des pensions de vieillesse, d'invalidité et de survivants, article premier",https://www.pist.tn/jort/2018/2018F/Jo0162018.pdf
2018-01-01,1970,12.23026,"Arrêté du ministre des affaires sociales du 19 février 2018, relatif à la fixation du barème d'actualisation des salaires pris en compte dans le calcul des pensions de vieillesse, d'invalidité et de survivants, article premier",https://www.pist.tn/jort/2018/2018F/Jo0162018.pdf
2018-01-01,1971,11.53765,"Arrêté du ministre des affaires sociales du 19 février 2018, relatif à la fixation du barème d'actualisation des salaires pris en compte dans le calcul des pensions de vieillesse, d'invalidité et de survivants, article premier",https://www.pist.tn/jort/2018/2018F/Jo0162018.pdf
2018-01-01,1972,11.29917,"Arrêté du ministre des affaires sociales du 19 février 2018, relatif à la fixation du barème d'actualisation des salaires pris en compte dans le calcul des pensions de vieillesse, d'invalidité et de survivants, article premier",https://www.pist.tn/jort/2018/2018F/Jo0162018.pdf
2018-01-01,1973,10.81367,"Arrêté du ministre des affaires sociales du 19 février 2018, relatif à la fixation du barème d'actualisation des salaires pris en compte dans le calcul des pensions de vieillesse, d'invalidité et de survivants, article premier",https://www.pist.tn/jort/2018/2018F/Jo0162018.pdf
2018-01-01,1974,10.39059,"Arrêté du ministre des affaires sociales du 19 février 2018, relatif à la fixation du barème d'actualisation des salaires pris en compte dans le calcul des pensions de vieillesse, d'invalidité et de survivants, article premier",https://www.pist.tn/jort/2018/2018F/Jo0162018.pdf
2018-01-01,1975,9.48817,"Arrêté du ministre des affaires sociales du 19 février 2018, relatif à la fixation du barème d'actualisation des salaires pris en compte dans le calcul des pensions de vieillesse, d'invalidité et de survivants, article premier",https://www.pist.tn/jort/2018/2018F/Jo0162018.pdf
2018-01-01,1976,9.00798,"Arrêté du ministre des affaires sociales du 19 février 2018, relatif à la fixation du barème d'actualisation des salaires pris en compte dans le calcul des pensions de vieillesse, d'invalidité et de survivants, article premier",https://www.pist.tn/jort/2018/2018F/Jo0162018.pdf
2018-01-01,1977,8.44048,"Arrêté du ministre des affaires sociales du 19 février 2018, relatif à la fixation du barème d'actualisation des salaires pris en compte dans le calcul des pensions de vieillesse, d'invalidité et de survivants, article premier",https://www.pist.tn/jort/2018/2018F/Jo0162018.pdf
2018-01-01,1978,7.99157,"Arrêté du ministre des affaires sociales du 19 février 2018, relatif à la fixation du barème d'actualisation des salaires pris en compte dans le calcul des pensions de vieillesse, d'invalidité et de survivants, article premier",https://www.pist.tn/jort/2018/2018F/Jo0162018.pdf
2018-01-01,1979,7.3716,"Arrêté du ministre des affaires sociales du 19 février 2018, relatif à la fixation du barème d'actualisation des salaires pris en compte dans le calcul des pensions de vieillesse, d'invalidité et de survivants, article premier",https://www.pist.tn/jort/2018/2018F/Jo0162018.pdf
2018-01-01,1980,6.76827,"Arrêté du ministre des affaires sociales du 19 février 2018, relatif à la fixation du barème d'actualisation des salaires pris en compte dans le calcul des pensions de vieillesse, d'invalidité et de survivants, article premier",https://www.pist.tn/jort/2018/2018F/Jo0162018.pdf
2018-01-01,1981,6.19258,"Arrêté du ministre des affaires sociales du 19 février 2018, relatif à la fixation du barème d'actualisation des salaires pris en compte dans le calcul des pensions de vieillesse, d'invalidité et de survivants, article premier",https://www.pist.tn/jort/2018/2018F/Jo0162018.pdf
2018-01-01,1982,5.42852,"Arrêté du ministre des affaires sociales du 19 février 2018, relatif à la fixation du barème d'actualisation des salaires pris en compte dans le calcul des pensions de vieillesse, d'invalidité et de survivants, article premier",https://www.pist.tn/jort/2018/2018F/Jo0162018.pdf
2018-01-01,1983,4.95624,"Arrêté du ministre des affaires sociales du 19 février 2018, relatif à la fixation du barème d'actualisation des salaires pris en compte dans le calcul des pensions de vieillesse, d'invalidité et de survivants, article premier",https://www.pist.tn/jort/2018/2018F/Jo0162018.pdf
2018-01-01,1984,4.56376,"Arrêté du ministre des affaires sociales du 19 février 2018, relatif à la fixation du barème d'actualisation des salaires pris en compte dans le calcul des pensions de vieillesse, d'invalidité et de survivants, article premier",https://www.pist.tn/jort/2018/2018F/Jo0162018.pdf
2018-01-01,1985,4.24699,"Arrêté du ministre des affaires sociales du 19 février 2018, relatif à la fixation du barème d'actualisation des salaires pris en compte dans le calcul des pensions de vieillesse, d'invalidité et de survivants, article premier",https://www.pist.tn/jort/2018/2018F/Jo0162018.pdf
2018-01-01,1986,3.99697,"Arrêté du ministre des affaires sociales du 19 février 2018, relatif à la fixation du barème d'actualisation des salaires pris en compte dans le calcul des pensions de vieillesse, d'invalidité et de survivants, article premier",https://www.pist.tn/jort/2018/2018F/Jo0162018.pdf
2018-01-01,1987,3.69386,"Arrêté du ministre des affaires sociales du 19 février 2018, relatif à la fixation du barème d'actualisation des salaires pris en compte dans le calcul des pensions de vieillesse, d'invalidité et de survivants, article premier",https://www.pist.tn/jort/2018/2018F/Jo0162018.pdf
2018-01-01,1988,3.44662,"Arrêté du ministre des affaires sociales du 19 février 2018, relatif à la fixation du barème d'actualisation des salaires pris en compte dans le calcul des pensions de vieillesse, d'invalidité et de survivants, article premier",https://www.pist.tn/jort/2018/2018F/Jo0162018.pdf
2018-01-01,1989,3.19964,"Arrêté du ministre des affaires sociales du 19 février 2018, relatif à la fixation du barème d'actualisation des salaires pris en compte dans le calcul des pensions de vieillesse, d'invalidité et de survivants, article premier",https://www.pist.tn/jort/2018/2018F/Jo0162018.pdf
2018-01-01,1990,3.00196,"Arrêté du ministre des affaires sociales du 19 février 2018, relatif à la fixation du barème d'actualisation des salaires pris en compte dans le calcul des pensions de vieillesse, d'invalidité et de survivants, article premier",https://www.pist.tn/jort/2018/2018F/Jo0162018.pdf
2018-01-01,1991,2.78605,"Arrêté du ministre des affaires sociales du 19 février 2018, relatif à la fixation du barème d'actualisation des salaires pris en compte dans le calcul des pensions de vieillesse, d'invalidité et de survivants, article premier",https://www.pist.tn/jort/2018/2018F/Jo0162018.pdf
2018-01-01,1992,2.63896,"Arrêté du ministre des affaires sociales du 19 février 2018, relatif à la fixation du barème d'actualisation des salaires pris en compte dans le calcul des pensions de vieillesse, d'invalidité et de survivants, article premier",https://www.pist.tn/jort/2018/2018F/Jo0162018.pdf
2018-01-01,1993,2.53267,"Arrêté du ministre des affaires sociales du 19 février 2018, relatif à la fixation du barème d'actualisation des salaires pris en compte dans le calcul des pensions de vieillesse, d'invalidité et de survivants, article premier",https://www.pist.tn/jort/2018/2018F/Jo0162018.pdf
2018-01-01,1994,2.42431,"Arrêté du ministre des affaires sociales du 19 février 2018, relatif à la fixation du barème d'actualisation des salaires pris en compte dans le calcul des pensions de vieillesse, d'invalidité et de survivants, article premier",https://www.pist.tn/jort/2018/2018F/Jo0162018.pdf
2018-01-01,1995,2.28169,"Arrêté du ministre des affaires sociales du 19 février 2018, relatif à la fixation du barème d'actualisation des salaires pris en compte dans le calcul des pensions de vieillesse, d'invalidité et de survivants, article premier",https://www.pist.tn/jort/2018/2018F/Jo0162018.pdf
2018-01-01,1996,2.20017,"Arrêté du ministre des affaires sociales du 19 février 2018, relatif à la fixation du barème d'actualisation des salaires pris en compte dans le calcul des pensions de vieillesse, d'invalidité et de survivants, article premier",https://www.pist.tn/jort/2018/2018F/Jo0162018.pdf
2018-01-01,1997,2.12167,"Arrêté du ministre des affaires sociales du 19 février 2018, relatif à la fixation du barème d'actualisation des salaires pris en compte dans le calcul des pensions de vieillesse, d'invalidité et de survivants, article premier",https://www.pist.tn/jort/2018/2018F/Jo0162018.pdf
2018-01-01,1998,2.0574,"Arrêté du ministre des affaires sociales du 19 février 2018, relatif à la fixation du barème d'actualisation des salaires pris en compte dans le calcul des pensions de vieillesse, d'invalidité et de survivants, article premier",https://www.pist.tn/jort/2018/2018F/Jo0162018.pdf
2018-01-01,1999,2.00311,"Arrêté du ministre des affaires sociales du 19 février 2018, relatif à la fixation du barème d'actualisation des salaires pris en compte dans le calcul des pensions de vieillesse, d'invalidité et de survivants, article premier",https://www.pist.tn/jort/2018/2018F/Jo0162018.pdf
2018-01-01,2000,1.94666,"Arrêté du ministre des affaires sociales du 19 février 2018, relatif à la fixation du barème d'actualisation des salaires pris en compte dans le calcul des pensions de vieillesse, d'invalidité et de survivants, article premier",https://www.pist.tn/jort/2018/2018F/Jo0162018.pdf
2018-01-01,2001,1.90948,"Arrêté du ministre des affaires sociales du 19 février 2018, relatif à la fixation du barème d'actualisation des salaires pris en compte dans le calcul des pensions de vieillesse, d'invalidité et de survivants, article premier",https://www.pist.tn/jort/2018/2018F/Jo0162018.pdf
2018-01-01,2002,1.857,"Arrêté du ministre des affaires sociales du 19 février 2018, relatif à la fixation du barème d'actualisation des salaires pris en compte dans le calcul des pensions de vieillesse, d'invalidité et de survivants, article premier",https://www.pist.tn/jort/2018/2018F/Jo0162018.pdf
2018-01-01,2003,1.80775,"Arrêté du ministre des affaires sociales du 19 février 2018, relatif à la fixation du barème d'actualisation des salaires pris en compte dans le calcul des pensions de vieillesse, d'invalidité et de survivants, article premier",https://www.pist.tn/jort/2018/2018F/Jo0162018.pdf
2018-01-01,2004,1.74458,"Arrêté du ministre des affaires sociales du 19 février 2018, relatif à la fixation du barème d'actualisation des salaires pris en compte dans le calcul des pensions de vieillesse, d'invalidité et de survivants, article premier",https://www.pist.tn/jort/2018/2018F/Jo0162018.pdf
2018-01-01,2005,1.70976,"Arrêté du ministre des affaires sociales du 19 février 2018, relatif à la fixation du barème d'actualisation des salaires pris en compte dans le calcul des pensions de vieillesse, d'invalidité et de survivants, article premier",https://www.pist.tn/jort/2018/2018F/Jo0162018.pdf
2018-01-01,2006,1.64173,"Arrêté du ministre des affaires sociales du 19 février 2018, relatif à la fixation du barème d'actualisation des salaires pris en compte dans le calcul des pensions de vieillesse, d'invalidité et de survivants, article premier",https://www.pist.tn/jort/2018/2018F/Jo0162018.pdf
2018-01-01,2007,1.58717,"Arrêté du ministre des affaires sociales du 19 février 2018, relatif à la fixation du barème d'actualisation des salaires pris en compte dans le calcul des pensions de vieillesse, d'invalidité et de survivants, article premier",https://www.pist.tn/jort/2018/2018F/Jo0162018.pdf
2018-01-01,2008,1.51283,"Arrêté du ministre des affaires sociales du 19 février 2018, relatif à la fixation du barème d'actualisation des salaires pris en compte dans le calcul des pensions de vieillesse, d'invalidité et de survivants, article premier",https://www.pist.tn/jort/2018/2018F/Jo0162018.pdf
2018-01-01,2009,1.46125,"Arrêté du ministre des affaires sociales du 19 février 2018, relatif à la fixation du barème d'actualisation des salaires pris en compte dans le calcul des pensions de vieillesse, d'invalidité et de survivants, article premier",https://www.pist.tn/jort/2018/2018F/Jo0162018.pdf
2018-01-01,2010,1.39955,"Arrêté du ministre des affaires sociales du 19 février 2018, relatif à la fixation du barème d'actualisation des salaires pris en compte dans le calcul des pensions de vieillesse, d'invalidité et de survivants, article premier",https://www.pist.tn/jort/2018/2018F/Jo0162018.pdf
2018-01-01,2011,1.35168,"Arrêté du ministre des affaires sociales du 19 février 2018, relatif à la fixation du barème d'actualisation des salaires pris en compte dans le calcul des pensions de vieillesse, d'invalidité et de survivants, article premier",https://www.pist.tn/jort/2018/2018F/Jo0162018.pdf
2018-01-01,2012,1.28049,"Arrêté du ministre des affaires sociales du 19 février 2018, relatif à la fixation du barème d'actualisation des salaires pris en compte dans le calcul des pensions de vieillesse, d'invalidité et de survivants, article premier",https://www.pist.tn/jort/2018/2018F/Jo0162018.pdf
2018-01-01,2013,1.20678,"Arrêté du ministre des affaires sociales du 19 février 2018, relatif à la fixation du barème d'actualisation des salaires pris en compte dans le calcul des pensions de vieillesse, d'invalidité et de survivants, article premier",https://www.pist.tn/jort/2018/2018F/Jo0162018.pdf
2018-01-01,2014,1.14404,"Arrêté du ministre des affaires sociales du 19 février 2018, relatif à la fixation du barème d'actualisation des salaires pris en compte dans le calcul des pensions de vieillesse, d'invalidité et de survivants, article premier",https://www.pist.tn/jort/2018/2018F/Jo0162018.pdf
2018-01-01,2015,1.09247,"Arrêté du ministre des affaires sociales du 19 février 2018, relatif à la fixation du barème d'actualisation des salaires pris en compte dans le calcul des pensions de vieillesse, d'invalidité et de survivants, article premier",https://www.pist.tn/jort/2018/2018F/Jo0162018.pdf
2018-01-01,2016,1.05321,"Arrêté du ministre des affaires sociales du 19 février 2018, relatif à la fixation du barème d'actualisation des salaires pris en compte dans le calcul des pensions de vieillesse, d'invalidité et de survivants, article premier",https://www.pist.tn/jort/2018/2018F/Jo0162018.pdf
2018-01-01,2017,1.0,"Arrêté du ministre des affaires sociales du 19 février 2018, relatif à la fixation du barème d'actualisation des salaires pris en compte dans le calcul des pensions de vieillesse, d'invalidité et de survivants, article premier",https://www.pist.tn/jort/2018/2018F/Jo0162018.pdf
2020-01-01,1961,18.84722,"Arrêté du ministre des affaires sociales du 23 juin 2020, relatif à la fixation du barème d'actualisation des salaires pris en compte dans le calcul des pensions de vieillesse, d'invalidité et de survivants, article premier",https://www.pist.tn/jort/2020/2020F/Jo0612020.pdf
2020-01-01,1962,18.47028,"Arrêté du ministre des affaires sociales du 23 juin 2020, relatif à la fixation du barème d'actualisation des salaires pris en compte dans le calcul des pensions de vieillesse, d'invalidité et de survivants, article premier",https://www.pist.tn/jort/2020/2020F/Jo0612020.pdf
2020-01-01,1963,17.98469,"Arrêté du ministre des affaires sociales du 23 juin 2020, relatif à la fixation du barème d'actualisation des salaires pris en compte dans le calcul des pensions de vieillesse, d'invalidité et de survivants, article premier",https://www.pist.tn/jort/2020/2020F/Jo0612020.pdf
2020-01-01,1964,17.26343,"Arrêté du ministre des affaires sociales du 23 juin 2020, relatif à la fixation du barème d'actualisation des salaires pris en compte dans le calcul des pensions de vieillesse, d'invalidité et de survivants, article premier",https://www.pist.tn/jort/2020/2020F/Jo0612020.pdf
2020-01-01,1965,16.1878,"Arrêté du ministre des affaires sociales du 23 juin 2020, relatif à la fixation du barème d'actualisation des salaires pris en compte dans le calcul des pensions de vieillesse, d'invalidité et de survivants, article premier",https://www.pist.tn/jort/2020/2020F/Jo0612020.pdf
2020-01-01,1966,15.58673,"Arrêté du ministre des affaires sociales du 23 juin 2020, relatif à la fixation du barème d'actualisation des salaires pris en compte dans le calcul des pensions de vieillesse, d'invalidité et de survivants, article premier",https://www.pist.tn/jort/2020/2020F/Jo0612020.pdf
2020-01-01,1967,15.13454,"Arrêté du ministre des affaires sociales du 23 juin 2020, relatif à la fixation du barème d'actualisation des salaires pris en compte dans le calcul des pensions de vieillesse, d'invalidité et de survivants, article premier",https://www.pist.tn/jort/2020/2020F/Jo0612020.pdf
2020-01-01,1968,14.75262,"Arrêté du ministre des affaires sociales du 23 juin 2020, relatif à la fixation du barème d'actualisation des salaires pris en compte dans le calcul des pensions de vieillesse, d'invalidité et de survivants, article premier",https://www.pist.tn/jort/2020/2020F/Jo0612020.pdf
2020-01-01,1969,14.18608,"Arrêté du ministre des affaires sociales du 23 juin 2020, relatif à la fixation du barème d'actualisation des salaires pris en compte dans le calcul des pensions de vieillesse, d'invalidité et de survivants, article premier",https://www.pist.tn/jort/2020/2020F/Jo0612020.pdf
2020-01-01,1970,14.03517,"Arrêté du ministre des affaires sociales du 23 juin 2020, relatif à la fixation du barème d'actualisation des salaires pris en compte dans le calcul des pensions de vieillesse, d'invalidité et de survivants, article premier",https://www.pist.tn/jort/2020/2020F/Jo0612020.pdf
2020-01-01,1971,13.24034,"Arrêté du ministre des affaires sociales du 23 juin 2020, relatif à la fixation du barème d'actualisation des salaires pris en compte dans le calcul des pensions de vieillesse, d'invalidité et de survivants, article premier",https://www.pist.tn/jort/2020/2020F/Jo0612020.pdf
2020-01-01,1972,12.96667,"Arrêté du ministre des affaires sociales du 23 juin 2020, relatif à la fixation du barème d'actualisation des salaires pris en compte dans le calcul des pensions de vieillesse, d'invalidité et de survivants, article premier",https://www.pist.tn/jort/2020/2020F/Jo0612020.pdf
2020-01-01,1973,12.40952,"Arrêté du ministre des affaires sociales du 23 juin 2020, relatif à la fixation du barème d'actualisation des salaires pris en compte dans le calcul des pensions de vieillesse, d'invalidité et de survivants, article premier",https://www.pist.tn/jort/2020/2020F/Jo0612020.pdf
2020-01-01,1974,11.924,"Arrêté du ministre des affaires sociales du 23 juin 2020, relatif à la fixation du barème d'actualisation des salaires pris en compte dans le calcul des pensions de vieillesse, d'invalidité et de survivants, article premier",https://www.pist.tn/jort/2020/2020F/Jo0612020.pdf
2020-01-01,1975,10.88841,"Arrêté du ministre des affaires sociales du 23 juin 2020, relatif à la fixation du barème d'actualisation des salaires pris en compte dans le calcul des pensions de vieillesse, d'invalidité et de survivants, article premier",https://www.pist.tn/jort/2020/2020F/Jo0612020.pdf
2020-01-01,1976,10.33427,"Arrêté du ministre des affaires sociales du 23 juin 2020, relatif à la fixation du barème d'actualisation des salaires pris en compte dans le calcul des pensions de vieillesse, d'invalidité et de survivants, article premier",https://www.pist.tn/jort/2020/2020F/Jo0612020.pdf
2020-01-01,1977,9.6861,"Arrêté du ministre des affaires sociales du 23 juin 2020, relatif à la fixation du barème d'actualisation des salaires pris en compte dans le calcul des pensions de vieillesse, d'invalidité et de survivants, article premier",https://www.pist.tn/jort/2020/2020F/Jo0612020.pdf
2020-01-01,1978,9.17094,"Arrêté du ministre des affaires sociales du 23 juin 2020, relatif à la fixation du barème d'actualisation des salaires pris en compte dans le calcul des pensions de vieillesse, d'invalidité et de survivants, article premier",https://www.pist.tn/jort/2020/2020F/Jo0612020.pdf
2020-01-01,1979,8.45948,"Arrêté du ministre des affaires sociales du 23 juin 2020, relatif à la fixation du barème d'actualisation des salaires pris en compte dans le calcul des pensions de vieillesse, d'invalidité et de survivants, article premier",https://www.pist.tn/jort/2020/2020F/Jo0612020.pdf
2020-01-01,1980,7.76711,"Arrêté du ministre des affaires sociales du 23 juin 2020, relatif à la fixation du barème d'actualisation des salaires pris en compte dans le calcul des pensions de vieillesse, d'invalidité et de survivants, article premier",https://www.pist.tn/jort/2020/2020F/Jo0612020.pdf
2020-01-01,1981,7.10646,"Arrêté du ministre des affaires sociales du 23 juin 2020, relatif à la fixation du barème d'actualisation des salaires pris en compte dans le calcul des pensions de vieillesse, d'invalidité et de survivants, article premier",https://www.pist.tn/jort/2020/2020F/Jo0612020.pdf
2020-01-01,1982,6.22965,"Arrêté du ministre des affaires sociales du 23 juin 2020, relatif à la fixation du barème d'actualisation des salaires pris en compte dans le calcul des pensions de vieillesse, d'invalidité et de survivants, article premier",https://www.pist.tn/jort/2020/2020F/Jo0612020.pdf
2020-01-01,1983,5.68767,"Arrêté du ministre des affaires sociales du 23 juin 2020, relatif à la fixation du barème d'actualisation des salaires pris en compte dans le calcul des pensions de vieillesse, d'invalidité et de survivants, article premier",https://www.pist.tn/jort/2020/2020F/Jo0612020.pdf
2020-01-01,1984,5.23727,"Arrêté du ministre des affaires sociales du 23 juin 2020, relatif à la fixation du barème d'actualisation des salaires pris en compte dans le calcul des pensions de vieillesse, d'invalidité et de survivants, article premier",https://www.pist.tn/jort/2020/2020F/Jo0612020.pdf
2020-01-01,1985,4.87375,"Arrêté du ministre des affaires sociales du 23 juin 2020, relatif à la fixation du barème d'actualisation des salaires pris en compte dans le calcul des pensions de vieillesse, d'invalidité et de survivants, article premier",https://www.pist.tn/jort/2020/2020F/Jo0612020.pdf
2020-01-01,1986,4.58683,"Arrêté du ministre des affaires sociales du 23 juin 2020, relatif à la fixation du barème d'actualisation des salaires pris en compte dans le calcul des pensions de vieillesse, d'invalidité et de survivants, article premier",https://www.pist.tn/jort/2020/2020F/Jo0612020.pdf
2020-01-01,1987,4.239,"Arrêté du ministre des affaires sociales du 23 juin 2020, relatif à la fixation du barème d'actualisation des salaires pris en compte dans le calcul des pensions de vieillesse, d'invalidité et de survivants, article premier",https://www.pist.tn/jort/2020/2020F/Jo0612020.pdf
2020-01-01,1988,3.95527,"Arrêté du ministre des affaires sociales du 23 juin 2020, relatif à la fixation du barème d'actualisation des salaires pris en compte dans le calcul des pensions de vieillesse, d'invalidité et de survivants, article premier",https://www.pist.tn/jort/2020/2020F/Jo0612020.pdf
2020-01-01,1989,3.67183,"Arrêté du ministre des affaires sociales du 23 juin 2020, relatif à la fixation du barème d'actualisation des salaires pris en compte dans le calcul des pensions de vieillesse, d'invalidité et de survivants, article premier",https://www.pist.tn/jort/2020/2020F/Jo0612020.pdf
2020-01-01,1990,3.44499,"Arrêté du ministre des affaires sociales du 23 juin 2020, relatif à la fixation du barème d'actualisation des salaires pris en compte dans le calcul des pensions de vieillesse, d'invalidité et de survivants, article premier",https://www.pist.tn/jort/2020/2020F/Jo0612020.pdf
2020-01-01,1991,3.19721,"Arrêté du ministre des affaires sociales du 23 juin 2020, relatif à la fixation du barème d'actualisation des salaires pris en compte dans le calcul des pensions de vieillesse, d'invalidité et de survivants, article premier",https://www.pist.tn/jort/2020/2020F/Jo0612020.pdf
2020-01-01,1992,3.02841,"Arrêté du ministre des affaires sociales du 23 juin 2020, relatif à la fixation du barème d'actualisation des salaires pris en compte dans le calcul des pensions de vieillesse, d'invalidité et de survivants, article premier",https://www.pist.tn/jort/2020/2020F/Jo0612020.pdf
2020-01-01,1993,2.90643,"Arrêté du ministre des affaires sociales du 23 juin 2020, relatif à la fixation du barème d'actualisation des salaires pris en compte dans le calcul des pensions de vieillesse, d'invalidité et de survivants, article premier",https://www.pist.tn/jort/2020/2020F/Jo0612020.pdf
2020-01-01,1994,2.78209,"Arrêté du ministre des affaires sociales du 23 juin 2020, relatif à la fixation du barème d'actualisation des salaires pris en compte dans le calcul des pensions de vieillesse, d'invalidité et de survivants, article premier",https://www.pist.tn/jort/2020/2020F/Jo0612020.pdf
2020-01-01,1995,2.61841,"Arrêté du ministre des affaires sociales du 23 juin 2020, relatif à la fixation du barème d'actualisation des salaires pris en compte dans le calcul des pensions de vieillesse, d'invalidité et de survivants, article premier",https://www.pist.tn/jort/2020/2020F/Jo0612020.pdf
2020-01-01,1996,2.52487,"Arrêté du ministre des affaires sociales du 23 juin 2020, relatif à la fixation du barème d'actualisation des salaires pris en compte dans le calcul des pensions de vieillesse, d'invalidité et de survivants, article premier",https://www.pist.tn/jort/2020/2020F/Jo0612020.pdf
2020-01-01,1997,2.43478,"Arrêté du ministre des affaires sociales du 23 juin 2020, relatif à la fixation du barème d'actualisation des salaires pris en compte dans le calcul des pensions de vieillesse, d'invalidité et de survivants, article premier",https://www.pist.tn/jort/2020/2020F/Jo0612020.pdf
2020-01-01,1998,2.36102,"Arrêté du ministre des affaires sociales du 23 juin 2020, relatif à la fixation du barème d'actualisation des salaires pris en compte dans le calcul des pensions de vieillesse, d'invalidité et de survivants, article premier",https://www.pist.tn/jort/2020/2020F/Jo0612020.pdf
2020-01-01,1999,2.29873,"Arrêté du ministre des affaires sociales du 23 juin 2020, relatif à la fixation du barème d'actualisation des salaires pris en compte dans le calcul des pensions de vieillesse, d'invalidité et de survivants, article premier",https://www.pist.tn/jort/2020/2020F/Jo0612020.pdf
2020-01-01,2000,2.23395,"Arrêté du ministre des affaires sociales du 23 juin 2020, relatif à la fixation du barème d'actualisation des salaires pris en compte dans le calcul des pensions de vieillesse, d'invalidité et de survivants, article premier",https://www.pist.tn/jort/2020/2020F/Jo0612020.pdf
2020-01-01,2001,2.19128,"Arrêté du ministre des affaires sociales du 23 juin 2020, relatif à la fixation du barème d'actualisation des salaires pris en compte dans le calcul des pensions de vieillesse, d'invalidité et de survivants, article premier",https://www.pist.tn/jort/2020/2020F/Jo0612020.pdf
2020-01-01,2002,2.13105,"Arrêté du ministre des affaires sociales du 23 juin 2020, relatif à la fixation du barème d'actualisation des salaires pris en compte dans le calcul des pensions de vieillesse, d'invalidité et de survivants, article premier",https://www.pist.tn/jort/2020/2020F/Jo0612020.pdf
2020-01-01,2003,2.07453,"Arrêté du ministre des affaires sociales du 23 juin 2020, relatif à la fixation du barème d'actualisation des salaires pris en compte dans le calcul des pensions de vieillesse, d'invalidité et de survivants, article premier",https://www.pist.tn/jort/2020/2020F/Jo0612020.pdf
2020-01-01,2004,2.00204,"Arrêté du ministre des affaires sociales du 23 juin 2020, relatif à la fixation du barème d'actualisation des salaires pris en compte dans le calcul des pensions de vieillesse, d'invalidité et de survivants, article premier",https://www.pist.tn/jort/2020/2020F/Jo0612020.pdf
2020-01-01,2005,1.96208,"Arrêté du ministre des affaires sociales du 23 juin 2020, relatif à la fixation du barème d'actualisation des salaires pris en compte dans le calcul des pensions de vieillesse, d'invalidité et de survivants, article premier",https://www.pist.tn/jort/2020/2020F/Jo0612020.pdf
2020-01-01,2006,1.88402,"Arrêté du ministre des affaires sociales du 23 juin 2020, relatif à la fixation du barème d'actualisation des salaires pris en compte dans le calcul des pensions de vieillesse, d'invalidité et de survivants, article premier",https://www.pist.tn/jort/2020/2020F/Jo0612020.pdf
2020-01-01,2007,1.8214,"Arrêté du ministre des affaires sociales du 23 juin 2020, relatif à la fixation du barème d'actualisation des salaires pris en compte dans le calcul des pensions de vieillesse, d'invalidité et de survivants, article premier",https://www.pist.tn/jort/2020/2020F/Jo0612020.pdf
2020-01-01,2008,1.73609,"Arrêté du ministre des affaires sociales du 23 juin 2020, relatif à la fixation du barème d'actualisation des salaires pris en compte dans le calcul des pensions de vieillesse, d'invalidité et de survivants, article premier",https://www.pist.tn/jort/2020/2020F/Jo0612020.pdf
2020-01-01,2009,1.6769,"Arrêté du ministre des affaires sociales du 23 juin 2020, relatif à la fixation du barème d'actualisation des salaires pris en compte dans le calcul des pensions de vieillesse, d'invalidité et de survivants, article premier",https://www.pist.tn/jort/2020/2020F/Jo0612020.pdf
2020-01-01,2010,1.60609,"Arrêté du ministre des affaires sociales du 23 juin 2020, relatif à la fixation du barème d'actualisation des salaires pris en compte dans le calcul des pensions de vieillesse, d'invalidité et de survivants, article premier",https://www.pist.tn/jort/2020/2020F/Jo0612020.pdf
2020-01-01,2011,1.55116,"Arrêté du ministre des affaires sociales du 23 juin 2020, relatif à la fixation du barème d'actualisation des salaires pris en compte dans le calcul des pensions de vieillesse, d'invalidité et de survivants, article premier",https://www.pist.tn/jort/2020/2020F/Jo0612020.pdf
2020-01-01,2012,1.46946,"Arrêté du ministre des affaires sociales du 23 juin 2020, relatif à la fixation du barème d'actualisation des salaires pris en compte dans le calcul des pensions de vieillesse, d'invalidité et de survivants, article premier",https://www.pist.tn/jort/2020/2020F/Jo0612020.pdf
2020-01-01,2013,1.38487,"Arrêté du ministre des affaires sociales du 23 juin 2020, relatif à la fixation du barème d'actualisation des salaires pris en compte dans le calcul des pensions de vieillesse, d'invalidité et de survivants, article premier",https://www.pist.tn/jort/2020/2020F/Jo0612020.pdf
2020-01-01,2014,1.31287,"Arrêté du ministre des affaires sociales du 23 juin 2020, relatif à la fixation du barème d'actualisation des salaires pris en compte dans le calcul des pensions de vieillesse, d'invalidité et de survivants, article premier",https://www.pist.tn/jort/2020/2020F/Jo0612020.pdf
2020-01-01,2015,1.25369,"Arrêté du ministre des affaires sociales du 23 juin 2020, relatif à la fixation du barème d'actualisation des salaires pris en compte dans le calcul des pensions de vieillesse, d'invalidité et de survivants, article premier",https://www.pist.tn/jort/2020/2020F/Jo0612020.pdf
2020-01-01,2016,1.20864,"Arrêté du ministre des affaires sociales du 23 juin 2020, relatif à la fixation du barème d'actualisation des salaires pris en compte dans le calcul des pensions de vieillesse, d'invalidité et de survivants, article premier",https://www.pist.tn/jort/2020/2020F/Jo0612020.pdf
2020-01-01,2017,1.14758,"Arrêté du ministre des affaires sociales du 23 juin 2020, relatif à la fixation du barème d'actualisation des salaires pris en compte dans le calcul des pensions de vieillesse, d'invalidité et de survivants, article premier",https://www.pist.tn/jort/2020/2020F/Jo0612020.pdf
2020-01-01,2018,1.06796,"Arrêté du ministre des affaires sociales du 23 juin 2020, relatif à la fixation du barème d'actualisation des salaires pris en compte dans le calcul des pensions de vieillesse, d'invalidité et de survivants, article premier",https://www.pist.tn/jort/2020/2020F/Jo0612020.pdf
2020-01-01,2019,1.0,"Arrêté du ministre des affaires sociales du 23 juin 2020, relatif à la fixation du barème d'actualisation des salaires pris en compte dans le calcul des pensions de vieillesse, d'invalidité et de survivants, article premier",https://www.pist.tn/jort/2020/2020F/Jo0612020.pdf
2021-01-01,1961,19.90924,"Arrêté du ministre des affaires sociales du 13 avril 2021, relatif à la fixation du barème d'actualisation des salaires pris en compte dans le calcul des pensions de vieillesse, d'invalidité et de survivants, article premier",https://www.pist.tn/jort/2021/2021F/Jo0352021.pdf
2021-01-01,1962,19.51106,"Arrêté du ministre des affaires sociales du 13 avril 2021, relatif à la fixation du barème d'actualisation des salaires pris en compte dans le calcul des pensions de vieillesse, d'invalidité et de survivants, article premier",https://www.pist.tn/jort/2021/2021F/Jo0352021.pdf
2021-01-01,1963,18.99811,"Arrêté du ministre des affaires sociales du 13 avril 2021, relatif à la fixation du barème d'actualisation des salaires pris en compte dans le calcul des pensions de vieillesse, d'invalidité et de survivants, article premier",https://www.pist.tn/jort/2021/2021F/Jo0352021.pdf
2021-01-01,1964,18.2362,"Arrêté du ministre des affaires sociales du 13 avril 2021, relatif à la fixation du barème d'actualisation des salaires pris en compte dans le calcul des pensions de vieillesse, d'invalidité et de survivants, article premier",https://www.pist.tn/jort/2021/2021F/Jo0352021.pdf
2021-01-01,1965,17.09996,"Arrêté du ministre des affaires sociales du 13 avril 2021, relatif à la fixation du barème d'actualisation des salaires pris en compte dans le calcul des pensions de vieillesse, d'invalidité et de survivants, article premier",https://www.pist.tn/jort/2021/2021F/Jo0352021.pdf
2021-01-01,1966,16.46503,"Arrêté du ministre des affaires sociales du 13 avril 2021, relatif à la fixation du barème d'actualisation des salaires pris en compte dans le calcul des pensions de vieillesse, d'invalidité et de survivants, article premier",https://www.pist.tn/jort/2021/2021F/Jo0352021.pdf
2021-01-01,1967,15.98735,"Arrêté du ministre des affaires sociales du 13 avril 2021, relatif à la fixation du barème d'actualisation des salaires pris en compte dans le calcul des pensions de vieillesse, d'invalidité et de survivants, article premier",https://www.pist.tn/jort/2021/2021F/Jo0352021.pdf
2021-01-01,1968,15.58391,"Arrêté du ministre des affaires sociales du 13 avril 2021, relatif à la fixation du barème d'actualisation des salaires pris en compte dans le calcul des pensions de vieillesse, d'invalidité et de survivants, article premier",https://www.pist.tn/jort/2021/2021F/Jo0352021.pdf
2021-01-01,1969,14.98545,"Arrêté du ministre des affaires sociales du 13 avril 2021, relatif à la fixation du barème d'actualisation des salaires pris en compte dans le calcul des pensions de vieillesse, d'invalidité et de survivants, article premier",https://www.pist.tn/jort/2021/2021F/Jo0352021.pdf
2021-01-01,1970,14.82603,"Arrêté du ministre des affaires sociales du 13 avril 2021, relatif à la fixation du barème d'actualisation des salaires pris en compte dans le calcul des pensions de vieillesse, d'invalidité et de survivants, article premier",https://www.pist.tn/jort/2021/2021F/Jo0352021.pdf
2021-01-01,1971,13.98642,"Arrêté du ministre des affaires sociales du 13 avril 2021, relatif à la fixation du barème d'actualisation des salaires pris en compte dans le calcul des pensions de vieillesse, d'invalidité et de survivants, article premier",https://www.pist.tn/jort/2021/2021F/Jo0352021.pdf
2021-01-01,1972,13.69733,"Arrêté du ministre des affaires sociales du 13 avril 2021, relatif à la fixation du barème d'actualisation des salaires pris en compte dans le calcul des pensions de vieillesse, d'invalidité et de survivants, article premier",https://www.pist.tn/jort/2021/2021F/Jo0352021.pdf
2021-01-01,1973,13.10878,"Arrêté du ministre des affaires sociales du 13 avril 2021, relatif à la fixation du barème d'actualisation des salaires pris en compte dans le calcul des pensions de vieillesse, d'invalidité et de survivants, article premier",https://www.pist.tn/jort/2021/2021F/Jo0352021.pdf
2021-01-01,1974,12.59591,"Arrêté du ministre des affaires sociales du 13 avril 2021, relatif à la fixation du barème d'actualisation des salaires pris en compte dans le calcul des pensions de vieillesse, d'invalidité et de survivants, article premier",https://www.pist.tn/jort/2021/2021F/Jo0352021.pdf
2021-01-01,1975,11.50196,"Arrêté du ministre des affaires sociales du 13 avril 2021, relatif à la fixation du barème d'actualisation des salaires pris en compte dans le calcul des pensions de vieillesse, d'invalidité et de survivants, article premier",https://www.pist.tn/jort/2021/2021F/Jo0352021.pdf
2021-01-01,1976,10.9166,"Arrêté du ministre des affaires sociales du 13 avril 2021, relatif à la fixation du barème d'actualisation des salaires pris en compte dans le calcul des pensions de vieillesse, d'invalidité et de survivants, article premier",https://www.pist.tn/jort/2021/2021F/Jo0352021.pdf
2021-01-01,1977,10.23191,"Arrêté du ministre des affaires sociales du 13 avril 2021, relatif à la fixation du barème d'actualisation des salaires pris en compte dans le calcul des pensions de vieillesse, d'invalidité et de survivants, article premier",https://www.pist.tn/jort/2021/2021F/Jo0352021.pdf
2021-01-01,1978,9.68772,"Arrêté du ministre des affaires sociales du 13 avril 2021, relatif à la fixation du barème d'actualisation des salaires pris en compte dans le calcul des pensions de vieillesse, d'invalidité et de survivants, article premier",https://www.pist.tn/jort/2021/2021F/Jo0352021.pdf
2021-01-01,1979,8.93616,"Arrêté du ministre des affaires sociales du 13 avril 2021, relatif à la fixation du barème d'actualisation des salaires pris en compte dans le calcul des pensions de vieillesse, d'invalidité et de survivants, article premier",https://www.pist.tn/jort/2021/2021F/Jo0352021.pdf
2021-01-01,1980,8.20478,"Arrêté du ministre des affaires sociales du 13 avril 2021, relatif à la fixation du barème d'actualisation des salaires pris en compte dans le calcul des pensions de vieillesse, d'invalidité et de survivants, article premier",https://www.pist.tn/jort/2021/2021F/Jo0352021.pdf
2021-01-01,1981,7.5069,"Arrêté du ministre des affaires sociales du 13 avril 2021, relatif à la fixation du barème d'actualisation des salaires pris en compte dans le calcul des pensions de vieillesse, d'invalidité et de survivants, article premier",https://www.pist.tn/jort/2021/2021F/Jo0352021.pdf
2021-01-01,1982,6.58069,"Arrêté du ministre des affaires sociales du 13 avril 2021, relatif à la fixation du barème d'actualisation des salaires pris en compte dans le calcul des pensions de vieillesse, d'invalidité et de survivants, article premier",https://www.pist.tn/jort/2021/2021F/Jo0352021.pdf
2021-01-01,1983,6.00817,"Arrêté du ministre des affaires sociales du 13 avril 2021, relatif à la fixation du barème d'actualisation des salaires pris en compte dans le calcul des pensions de vieillesse, d'invalidité et de survivants, article premier",https://www.pist.tn/jort/2021/2021F/Jo0352021.pdf
2021-01-01,1984,5.53238,"Arrêté du ministre des affaires sociales du 13 avril 2021, relatif à la fixation du barème d'actualisation des salaires pris en compte dans le calcul des pensions de vieillesse, d'invalidité et de survivants, article premier",https://www.pist.tn/jort/2021/2021F/Jo0352021.pdf
2021-01-01,1985,5.14839,"Arrêté du ministre des affaires sociales du 13 avril 2021, relatif à la fixation du barème d'actualisation des salaires pris en compte dans le calcul des pensions de vieillesse, d'invalidité et de survivants, article premier",https://www.pist.tn/jort/2021/2021F/Jo0352021.pdf
2021-01-01,1986,4.8453,"Arrêté du ministre des affaires sociales du 13 avril 2021, relatif à la fixation du barème d'actualisation des salaires pris en compte dans le calcul des pensions de vieillesse, d'invalidité et de survivants, article premier",https://www.pist.tn/jort/2021/2021F/Jo0352021.pdf
2021-01-01,1987,4.47786,"Arrêté du ministre des affaires sociales du 13 avril 2021, relatif à la fixation du barème d'actualisation des salaires pris en compte dans le calcul des pensions de vieillesse, d'invalidité et de survivants, article premier",https://www.pist.tn/jort/2021/2021F/Jo0352021.pdf
2021-01-01,1988,4.17814,"Arrêté du ministre des affaires sociales du 13 avril 2021, relatif à la fixation du barème d'actualisation des salaires pris en compte dans le calcul des pensions de vieillesse, d'invalidité et de survivants, article premier",https://www.pist.tn/jort/2021/2021F/Jo0352021.pdf
2021-01-01,1989,3.87874,"Arrêté du ministre des affaires sociales du 13 avril 2021, relatif à la fixation du barème d'actualisation des salaires pris en compte dans le calcul des pensions de vieillesse, d'invalidité et de survivants, article premier",https://www.pist.tn/jort/2021/2021F/Jo0352021.pdf
2021-01-01,1990,3.63911,"Arrêté du ministre des affaires sociales du 13 avril 2021, relatif à la fixation du barème d'actualisation des salaires pris en compte dans le calcul des pensions de vieillesse, d'invalidité et de survivants, article premier",https://www.pist.tn/jort/2021/2021F/Jo0352021.pdf
2021-01-01,1991,3.37737,"Arrêté du ministre des affaires sociales du 13 avril 2021, relatif à la fixation du barème d'actualisation des salaires pris en compte dans le calcul des pensions de vieillesse, d'invalidité et de survivants, article premier",https://www.pist.tn/jort/2021/2021F/Jo0352021.pdf
2021-01-01,1992,3.19906,"Arrêté du ministre des affaires sociales du 13 avril 2021, relatif à la fixation du barème d'actualisation des salaires pris en compte dans le calcul des pensions de vieillesse, d'invalidité et de survivants, article premier",https://www.pist.tn/jort/2021/2021F/Jo0352021.pdf
2021-01-01,1993,3.07021,"Arrêté du ministre des affaires sociales du 13 avril 2021, relatif à la fixation du barème d'actualisation des salaires pris en compte dans le calcul des pensions de vieillesse, d'invalidité et de survivants, article premier",https://www.pist.tn/jort/2021/2021F/Jo0352021.pdf
2021-01-01,1994,2.93886,"Arrêté du ministre des affaires sociales du 13 avril 2021, relatif à la fixation du barème d'actualisation des salaires pris en compte dans le calcul des pensions de vieillesse, d'invalidité et de survivants, article premier",https://www.pist.tn/jort/2021/2021F/Jo0352021.pdf
2021-01-01,1995,2.76596,"Arrêté du ministre des affaires sociales du 13 avril 2021, relatif à la fixation du barème d'actualisation des salaires pris en compte dans le calcul des pensions de vieillesse, d'invalidité et de survivants, article premier",https://www.pist.tn/jort/2021/2021F/Jo0352021.pdf
2021-01-01,1996,2.66714,"Arrêté du ministre des affaires sociales du 13 avril 2021, relatif à la fixation du barème d'actualisation des salaires pris en compte dans le calcul des pensions de vieillesse, d'invalidité et de survivants, article premier",https://www.pist.tn/jort/2021/2021F/Jo0352021.pdf
2021-01-01,1997,2.57198,"Arrêté du ministre des affaires sociales du 13 avril 2021, relatif à la fixation du barème d'actualisation des salaires pris en compte dans le calcul des pensions de vieillesse, d'invalidité et de survivants, article premier",https://www.pist.tn/jort/2021/2021F/Jo0352021.pdf
2021-01-01,1998,2.49406,"Arrêté du ministre des affaires sociales du 13 avril 2021, relatif à la fixation du barème d'actualisation des salaires pris en compte dans le calcul des pensions de vieillesse, d'invalidité et de survivants, article premier",https://www.pist.tn/jort/2021/2021F/Jo0352021.pdf
2021-01-01,1999,2.42826,"Arrêté du ministre des affaires sociales du 13 avril 2021, relatif à la fixation du barème d'actualisation des salaires pris en compte dans le calcul des pensions de vieillesse, d'invalidité et de survivants, article premier",https://www.pist.tn/jort/2021/2021F/Jo0352021.pdf
2021-01-01,2000,2.35983,"Arrêté du ministre des affaires sociales du 13 avril 2021, relatif à la fixation du barème d'actualisation des salaires pris en compte dans le calcul des pensions de vieillesse, d'invalidité et de survivants, article premier",https://www.pist.tn/jort/2021/2021F/Jo0352021.pdf
2021-01-01,2001,2.31475,"Arrêté du ministre des affaires sociales du 13 avril 2021, relatif à la fixation du barème d'actualisation des salaires pris en compte dans le calcul des pensions de vieillesse, d'invalidité et de survivants, article premier",https://www.pist.tn/jort/2021/2021F/Jo0352021.pdf
2021-01-01,2002,2.25113,"Arrêté du ministre des affaires sociales du 13 avril 2021, relatif à la fixation du barème d'actualisation des salaires pris en compte dans le calcul des pensions de vieillesse, d'invalidité et de survivants, article premier",https://www.pist.tn/jort/2021/2021F/Jo0352021.pdf
2021-01-01,2003,2.19143,"Arrêté du ministre des affaires sociales du 13 avril 2021, relatif à la fixation du barème d'actualisation des salaires pris en compte dans le calcul des pensions de vieillesse, d'invalidité et de survivants, article premier",https://www.pist.tn/jort/2021/2021F/Jo0352021.pdf
2021-01-01,2004,2.11485,"Arrêté du ministre des affaires sociales du 13 avril 2021, relatif à la fixation du barème d'actualisation des salaires pris en compte dans le calcul des pensions de vieillesse, d'invalidité et de survivants, article premier",https://www.pist.tn/jort/2021/2021F/Jo0352021.pdf
2021-01-01,2005,2.07264,"Arrêté du ministre des affaires sociales du 13 avril 2021, relatif à la fixation du barème d'actualisation des salaires pris en compte dans le calcul des pensions de vieillesse, d'invalidité et de survivants, article premier",https://www.pist.tn/jort/2021/2021F/Jo0352021.pdf
2021-01-01,2006,1.99018,"Arrêté du ministre des affaires sociales du 13 avril 2021, relatif à la fixation du barème d'actualisation des salaires pris en compte dans le calcul des pensions de vieillesse, d'invalidité et de survivants, article premier",https://www.pist.tn/jort/2021/2021F/Jo0352021.pdf
2021-01-01,2007,1.92403,"Arrêté du ministre des affaires sociales du 13 avril 2021, relatif à la fixation du barème d'actualisation des salaires pris en compte dans le calcul des pensions de vieillesse, d'invalidité et de survivants, article premier",https://www.pist.tn/jort/2021/2021F/Jo0352021.pdf
2021-01-01,2008,1.83392,"Arrêté du ministre des affaires sociales du 13 avril 2021, relatif à la fixation du barème d'actualisation des salaires pris en compte dans le calcul des pensions de vieillesse, d'invalidité et de survivants, article premier",https://www.pist.tn/jort/2021/2021F/Jo0352021.pdf
2021-01-01,2009,1.77139,"Arrêté du ministre des affaires sociales du 13 avril 2021, relatif à la fixation du barème d'actualisation des salaires pris en compte dans le calcul des pensions de vieillesse, d'invalidité et de survivants, article premier",https://www.pist.tn/jort/2021/2021F/Jo0352021.pdf
2021-01-01,2010,1.69659,"Arrêté du ministre des affaires sociales du 13 avril 2021, relatif à la fixation du barème d'actualisation des salaires pris en compte dans le calcul des pensions de vieillesse, d'invalidité et de survivants, article premier",https://www.pist.tn/jort/2021/2021F/Jo0352021.pdf
2021-01-01,2011,1.63856,"Arrêté du ministre des affaires sociales du 13 avril 2021, relatif à la fixation du barème d'actualisation des salaires pris en compte dans le calcul des pensions de vieillesse, d'invalidité et de survivants, article premier",https://www.pist.tn/jort/2021/2021F/Jo0352021.pdf
2021-01-01,2012,1.55227,"Arrêté du ministre des affaires sociales du 13 avril 2021, relatif à la fixation du barème d'actualisation des salaires pris en compte dans le calcul des pensions de vieillesse, d'invalidité et de survivants, article premier",https://www.pist.tn/jort/2021/2021F/Jo0352021.pdf
2021-01-01,2013,1.46291,"Arrêté du ministre des affaires sociales du 13 avril 2021, relatif à la fixation du barème d'actualisation des salaires pris en compte dans le calcul des pensions de vieillesse, d'invalidité et de survivants, article premier",https://www.pist.tn/jort/2021/2021F/Jo0352021.pdf
2021-01-01,2014,1.38685,"Arrêté du ministre des affaires sociales du 13 avril 2021, relatif à la fixation du barème d'actualisation des salaires pris en compte dans le calcul des pensions de vieillesse, d'invalidité et de survivants, article premier",https://www.pist.tn/jort/2021/2021F/Jo0352021.pdf
2021-01-01,2015,1.32434,"Arrêté du ministre des affaires sociales du 13 avril 2021, relatif à la fixation du barème d'actualisation des salaires pris en compte dans le calcul des pensions de vieillesse, d'invalidité et de survivants, article premier",https://www.pist.tn/jort/2021/2021F/Jo0352021.pdf
2021-01-01,2016,1.27675,"Arrêté du ministre des affaires sociales du 13 avril 2021, relatif à la fixation du barème d'actualisation des salaires pris en compte dans le calcul des pensions de vieillesse, d'invalidité et de survivants, article premier",https://www.pist.tn/jort/2021/2021F/Jo0352021.pdf
2021-01-01,2017,1.21224,"Arrêté du ministre des affaires sociales du 13 avril 2021, relatif à la fixation du barème d'actualisation des salaires pris en compte dans le calcul des pensions de vieillesse, d'invalidité et de survivants, article premier",https://www.pist.tn/jort/2021/2021F/Jo0352021.pdf
2021-01-01,2018,1.12814,"Arrêté du ministre des affaires sociales du 13 avril 2021, relatif à la fixation du barème d'actualisation des salaires pris en compte dans le calcul des pensions de vieillesse, d'invalidité et de survivants, article premier",https://www.pist.tn/jort/2021/2021F/Jo0352021.pdf
2021-01-01,2019,1.05635,"Arrêté du ministre des affaires sociales du 13 avril 2021, relatif à la fixation du barème d'actualisation des salaires pris en compte dans le calcul des pensions de vieillesse, d'invalidité et de survivants, article premier",https://www.pist.tn/jort/2021/2021F/Jo0352021.pdf
2021-01-01,2020,1.0,"Arrêté du ministre des affaires sociales du 13 avril 2021, relatif à la fixation du barème d'actualisation des salaires pris en compte dans le calcul des pensions de vieillesse, d'invalidité et de survivants, article premier",https://www.pist.tn/jort/2021/2021F/Jo0352021.pdf
2022-01-01,1961,21.04541,"Arrêté du ministre des affaires sociales du 21 février 2022, relatif à la fixation du barème d'actualisation des salaires pris en compte dans le calcul des pensions de vieillesse, d'invalidité et de survivants, article premier",https://www.pist.tn/jort/2022/2022F/Jo0212022.pdf
2022-01-01,1962,20.6245,"Arrêté du ministre des affaires sociales du 21 février 2022, relatif à la fixation du barème d'actualisation des salaires pris en compte dans le calcul des pensions de vieillesse, d'invalidité et de survivants, article premier",https://www.pist.tn/jort/2022/2022F/Jo0212022.pdf
2022-01-01,1963,20.08228,"Arrêté du ministre des affaires sociales du 21 février 2022, relatif à la fixation du barème d'actualisation des salaires pris en compte dans le calcul des pensions de vieillesse, d'invalidité et de survivants, article premier",https://www.pist.tn/jort/2022/2022F/Jo0212022.pdf
2022-01-01,1964,19.27689,"Arrêté du ministre des affaires sociales du 21 février 2022, relatif à la fixation du barème d'actualisation des salaires pris en compte dans le calcul des pensions de vieillesse, d'invalidité et de survivants, article premier",https://www.pist.tn/jort/2022/2022F/Jo0212022.pdf
2022-01-01,1965,18.07581,"Arrêté du ministre des affaires sociales du 21 février 2022, relatif à la fixation du barème d'actualisation des salaires pris en compte dans le calcul des pensions de vieillesse, d'invalidité et de survivants, article premier",https://www.pist.tn/jort/2022/2022F/Jo0212022.pdf
2022-01-01,1966,17.40464,"Arrêté du ministre des affaires sociales du 21 février 2022, relatif à la fixation du barème d'actualisation des salaires pris en compte dans le calcul des pensions de vieillesse, d'invalidité et de survivants, article premier",https://www.pist.tn/jort/2022/2022F/Jo0212022.pdf
2022-01-01,1967,16.89971,"Arrêté du ministre des affaires sociales du 21 février 2022, relatif à la fixation du barème d'actualisation des salaires pris en compte dans le calcul des pensions de vieillesse, d'invalidité et de survivants, article premier",https://www.pist.tn/jort/2022/2022F/Jo0212022.pdf
2022-01-01,1968,16.47325,"Arrêté du ministre des affaires sociales du 21 février 2022, relatif à la fixation du barème d'actualisation des salaires pris en compte dans le calcul des pensions de vieillesse, d'invalidité et de survivants, article premier",https://www.pist.tn/jort/2022/2022F/Jo0212022.pdf
2022-01-01,1969,15.84063,"Arrêté du ministre des affaires sociales du 21 février 2022, relatif à la fixation du barème d'actualisation des salaires pris en compte dans le calcul des pensions de vieillesse, d'invalidité et de survivants, article premier",https://www.pist.tn/jort/2022/2022F/Jo0212022.pdf
2022-01-01,1970,15.67212,"Arrêté du ministre des affaires sociales du 21 février 2022, relatif à la fixation du barème d'actualisation des salaires pris en compte dans le calcul des pensions de vieillesse, d'invalidité et de survivants, article premier",https://www.pist.tn/jort/2022/2022F/Jo0212022.pdf
2022-01-01,1971,14.78459,"Arrêté du ministre des affaires sociales du 21 février 2022, relatif à la fixation du barème d'actualisation des salaires pris en compte dans le calcul des pensions de vieillesse, d'invalidité et de survivants, article premier",https://www.pist.tn/jort/2022/2022F/Jo0212022.pdf
2022-01-01,1972,14.479,"Arrêté du ministre des affaires sociales du 21 février 2022, relatif à la fixation du barème d'actualisation des salaires pris en compte dans le calcul des pensions de vieillesse, d'invalidité et de survivants, article premier",https://www.pist.tn/jort/2022/2022F/Jo0212022.pdf
2022-01-01,1973,13.85687,"Arrêté du ministre des affaires sociales du 21 février 2022, relatif à la fixation du barème d'actualisation des salaires pris en compte dans le calcul des pensions de vieillesse, d'invalidité et de survivants, article premier",https://www.pist.tn/jort/2022/2022F/Jo0212022.pdf
2022-01-01,1974,13.31472,"Arrêté du ministre des affaires sociales du 21 février 2022, relatif à la fixation du barème d'actualisation des salaires pris en compte dans le calcul des pensions de vieillesse, d'invalidité et de survivants, article premier",https://www.pist.tn/jort/2022/2022F/Jo0212022.pdf
2022-01-01,1975,12.15835,"Arrêté du ministre des affaires sociales du 21 février 2022, relatif à la fixation du barème d'actualisation des salaires pris en compte dans le calcul des pensions de vieillesse, d'invalidité et de survivants, article premier",https://www.pist.tn/jort/2022/2022F/Jo0212022.pdf
2022-01-01,1976,11.53958,"Arrêté du ministre des affaires sociales du 21 février 2022, relatif à la fixation du barème d'actualisation des salaires pris en compte dans le calcul des pensions de vieillesse, d'invalidité et de survivants, article premier",https://www.pist.tn/jort/2022/2022F/Jo0212022.pdf
2022-01-01,1977,10.81581,"Arrêté du ministre des affaires sociales du 21 février 2022, relatif à la fixation du barème d'actualisation des salaires pris en compte dans le calcul des pensions de vieillesse, d'invalidité et de survivants, article premier",https://www.pist.tn/jort/2022/2022F/Jo0212022.pdf
2022-01-01,1978,10.24057,"Arrêté du ministre des affaires sociales du 21 février 2022, relatif à la fixation du barème d'actualisation des salaires pris en compte dans le calcul des pensions de vieillesse, d'invalidité et de survivants, article premier",https://www.pist.tn/jort/2022/2022F/Jo0212022.pdf
2022-01-01,1979,9.44613,"Arrêté du ministre des affaires sociales du 21 février 2022, relatif à la fixation du barème d'actualisation des salaires pris en compte dans le calcul des pensions de vieillesse, d'invalidité et de survivants, article premier",https://www.pist.tn/jort/2022/2022F/Jo0212022.pdf
2022-01-01,1980,8.673,"Arrêté du ministre des affaires sociales du 21 février 2022, relatif à la fixation du barème d'actualisation des salaires pris en compte dans le calcul des pensions de vieillesse, d'invalidité et de survivants, article premier",https://www.pist.tn/jort/2022/2022F/Jo0212022.pdf
2022-01-01,1981,7.9353,"Arrêté du ministre des affaires sociales du 21 février 2022, relatif à la fixation du barème d'actualisation des salaires pris en compte dans le calcul des pensions de vieillesse, d'invalidité et de survivants, article premier",https://www.pist.tn/jort/2022/2022F/Jo0212022.pdf
2022-01-01,1982,6.95623,"Arrêté du ministre des affaires sociales du 21 février 2022, relatif à la fixation du barème d'actualisation des salaires pris en compte dans le calcul des pensions de vieillesse, d'invalidité et de survivants, article premier",https://www.pist.tn/jort/2022/2022F/Jo0212022.pdf
2022-01-01,1983,6.35104,"Arrêté du ministre des affaires sociales du 21 février 2022, relatif à la fixation du barème d'actualisation des salaires pris en compte dans le calcul des pensions de vieillesse, d'invalidité et de survivants, article premier",https://www.pist.tn/jort/2022/2022F/Jo0212022.pdf
2022-01-01,1984,5.8481,"Arrêté du ministre des affaires sociales du 21 février 2022, relatif à la fixation du barème d'actualisation des salaires pris en compte dans le calcul des pensions de vieillesse, d'invalidité et de survivants, article premier",https://www.pist.tn/jort/2022/2022F/Jo0212022.pdf
2022-01-01,1985,5.44219,"Arrêté du ministre des affaires sociales du 21 février 2022, relatif à la fixation du barème d'actualisation des salaires pris en compte dans le calcul des pensions de vieillesse, d'invalidité et de survivants, article premier",https://www.pist.tn/jort/2022/2022F/Jo0212022.pdf
2022-01-01,1986,5.1218,"Arrêté du ministre des affaires sociales du 21 février 2022, relatif à la fixation du barème d'actualisation des salaires pris en compte dans le calcul des pensions de vieillesse, d'invalidité et de survivants, article premier",https://www.pist.tn/jort/2022/2022F/Jo0212022.pdf
2022-01-01,1987,4.7334,"Arrêté du ministre des affaires sociales du 21 février 2022, relatif à la fixation du barème d'actualisation des salaires pris en compte dans le calcul des pensions de vieillesse, d'invalidité et de survivants, article premier",https://www.pist.tn/jort/2022/2022F/Jo0212022.pdf
2022-01-01,1988,4.41658,"Arrêté du ministre des affaires sociales du 21 février 2022, relatif à la fixation du barème d'actualisation des salaires pris en compte dans le calcul des pensions de vieillesse, d'invalidité et de survivants, article premier",https://www.pist.tn/jort/2022/2022F/Jo0212022.pdf
2022-01-01,1989,4.10009,"Arrêté du ministre des affaires sociales du 21 février 2022, relatif à la fixation du barème d'actualisation des salaires pris en compte dans le calcul des pensions de vieillesse, d'invalidité et de survivants, article premier",https://www.pist.tn/jort/2022/2022F/Jo0212022.pdf
2022-01-01,1990,3.84678,"Arrêté du ministre des affaires sociales du 21 février 2022, relatif à la fixation du barème d'actualisation des salaires pris en compte dans le calcul des pensions de vieillesse, d'invalidité et de survivants, article premier",https://www.pist.tn/jort/2022/2022F/Jo0212022.pdf
2022-01-01,1991,3.57011,"Arrêté du ministre des affaires sociales du 21 février 2022, relatif à la fixation du barème d'actualisation des salaires pris en compte dans le calcul des pensions de vieillesse, d'invalidité et de survivants, article premier",https://www.pist.tn/jort/2022/2022F/Jo0212022.pdf
2022-01-01,1992,3.38162,"Arrêté du ministre des affaires sociales du 21 février 2022, relatif à la fixation du barème d'actualisation des salaires pris en compte dans le calcul des pensions de vieillesse, d'invalidité et de survivants, article premier",https://www.pist.tn/jort/2022/2022F/Jo0212022.pdf
2022-01-01,1993,3.24542,"Arrêté du ministre des affaires sociales du 21 février 2022, relatif à la fixation du barème d'actualisation des salaires pris en compte dans le calcul des pensions de vieillesse, d'invalidité et de survivants, article premier",https://www.pist.tn/jort/2022/2022F/Jo0212022.pdf
2022-01-01,1994,3.10657,"Arrêté du ministre des affaires sociales du 21 février 2022, relatif à la fixation du barème d'actualisation des salaires pris en compte dans le calcul des pensions de vieillesse, d'invalidité et de survivants, article premier",https://www.pist.tn/jort/2022/2022F/Jo0212022.pdf
2022-01-01,1995,2.9238,"Arrêté du ministre des affaires sociales du 21 février 2022, relatif à la fixation du barème d'actualisation des salaires pris en compte dans le calcul des pensions de vieillesse, d'invalidité et de survivants, article premier",https://www.pist.tn/jort/2022/2022F/Jo0212022.pdf
2022-01-01,1996,2.81935,"Arrêté du ministre des affaires sociales du 21 février 2022, relatif à la fixation du barème d'actualisation des salaires pris en compte dans le calcul des pensions de vieillesse, d'invalidité et de survivants, article premier",https://www.pist.tn/jort/2022/2022F/Jo0212022.pdf
2022-01-01,1997,2.71876,"Arrêté du ministre des affaires sociales du 21 février 2022, relatif à la fixation du barème d'actualisation des salaires pris en compte dans le calcul des pensions de vieillesse, d'invalidité et de survivants, article premier",https://www.pist.tn/jort/2022/2022F/Jo0212022.pdf
2022-01-01,1998,2.63639,"Arrêté du ministre des affaires sociales du 21 février 2022, relatif à la fixation du barème d'actualisation des salaires pris en compte dans le calcul des pensions de vieillesse, d'invalidité et de survivants, article premier",https://www.pist.tn/jort/2022/2022F/Jo0212022.pdf
2022-01-01,1999,2.56683,"Arrêté du ministre des affaires sociales du 21 février 2022, relatif à la fixation du barème d'actualisation des salaires pris en compte dans le calcul des pensions de vieillesse, d'invalidité et de survivants, article premier",https://www.pist.tn/jort/2022/2022F/Jo0212022.pdf
2022-01-01,2000,2.4945,"Arrêté du ministre des affaires sociales du 21 février 2022, relatif à la fixation du barème d'actualisation des salaires pris en compte dans le calcul des pensions de vieillesse, d'invalidité et de survivants, article premier",https://www.pist.tn/jort/2022/2022F/Jo0212022.pdf
2022-01-01,2001,2.44685,"Arrêté du ministre des affaires sociales du 21 février 2022, relatif à la fixation du barème d'actualisation des salaires pris en compte dans le calcul des pensions de vieillesse, d'invalidité et de survivants, article premier",https://www.pist.tn/jort/2022/2022F/Jo0212022.pdf
2022-01-01,2002,2.37959,"Arrêté du ministre des affaires sociales du 21 février 2022, relatif à la fixation du barème d'actualisation des salaires pris en compte dans le calcul des pensions de vieillesse, d'invalidité et de survivants, article premier",https://www.pist.tn/jort/2022/2022F/Jo0212022.pdf
2022-01-01,2003,2.31649,"Arrêté du ministre des affaires sociales du 21 février 2022, relatif à la fixation du barème d'actualisation des salaires pris en compte dans le calcul des pensions de vieillesse, d'invalidité et de survivants, article premier",https://www.pist.tn/jort/2022/2022F/Jo0212022.pdf
2022-01-01,2004,2.23554,"Arrêté du ministre des affaires sociales du 21 février 2022, relatif à la fixation du barème d'actualisation des salaires pris en compte dans le calcul des pensions de vieillesse, d'invalidité et de survivants, article premier",https://www.pist.tn/jort/2022/2022F/Jo0212022.pdf
2022-01-01,2005,2.19092,"Arrêté du ministre des affaires sociales du 21 février 2022, relatif à la fixation du barème d'actualisation des salaires pris en compte dans le calcul des pensions de vieillesse, d'invalidité et de survivants, article premier",https://www.pist.tn/jort/2022/2022F/Jo0212022.pdf
2022-01-01,2006,2.10375,"Arrêté du ministre des affaires sociales du 21 février 2022, relatif à la fixation du barème d'actualisation des salaires pris en compte dans le calcul des pensions de vieillesse, d'invalidité et de survivants, article premier",https://www.pist.tn/jort/2022/2022F/Jo0212022.pdf
2022-01-01,2007,2.03383,"Arrêté du ministre des affaires sociales du 21 février 2022, relatif à la fixation du barème d'actualisation des salaires pris en compte dans le calcul des pensions de vieillesse, d'invalidité et de survivants, article premier",https://www.pist.tn/jort/2022/2022F/Jo0212022.pdf
2022-01-01,2008,1.93858,"Arrêté du ministre des affaires sociales du 21 février 2022, relatif à la fixation du barème d'actualisation des salaires pris en compte dans le calcul des pensions de vieillesse, d'invalidité et de survivants, article premier",https://www.pist.tn/jort/2022/2022F/Jo0212022.pdf
2022-01-01,2009,1.87248,"Arrêté du ministre des affaires sociales du 21 février 2022, relatif à la fixation du barème d'actualisation des salaires pris en compte dans le calcul des pensions de vieillesse, d'invalidité et de survivants, article premier",https://www.pist.tn/jort/2022/2022F/Jo0212022.pdf
2022-01-01,2010,1.79341,"Arrêté du ministre des affaires sociales du 21 février 2022, relatif à la fixation du barème d'actualisation des salaires pris en compte dans le calcul des pensions de vieillesse, d'invalidité et de survivants, article premier",https://www.pist.tn/jort/2022/2022F/Jo0212022.pdf
2022-01-01,2011,1.73207,"Arrêté du ministre des affaires sociales du 21 février 2022, relatif à la fixation du barème d'actualisation des salaires pris en compte dans le calcul des pensions de vieillesse, d'invalidité et de survivants, article premier",https://www.pist.tn/jort/2022/2022F/Jo0212022.pdf
2022-01-01,2012,1.64085,"Arrêté du ministre des affaires sociales du 21 février 2022, relatif à la fixation du barème d'actualisation des salaires pris en compte dans le calcul des pensions de vieillesse, d'invalidité et de survivants, article premier",https://www.pist.tn/jort/2022/2022F/Jo0212022.pdf
2022-01-01,2013,1.54639,"Arrêté du ministre des affaires sociales du 21 février 2022, relatif à la fixation du barème d'actualisation des salaires pris en compte dans le calcul des pensions de vieillesse, d'invalidité et de survivants, article premier",https://www.pist.tn/jort/2022/2022F/Jo0212022.pdf
2022-01-01,2014,1.46599,"Arrêté du ministre des affaires sociales du 21 février 2022, relatif à la fixation du barème d'actualisation des salaires pris en compte dans le calcul des pensions de vieillesse, d'invalidité et de survivants, article premier",https://www.pist.tn/jort/2022/2022F/Jo0212022.pdf
2022-01-01,2015,1.39991,"Arrêté du ministre des affaires sociales du 21 février 2022, relatif à la fixation du barème d'actualisation des salaires pris en compte dans le calcul des pensions de vieillesse, d'invalidité et de survivants, article premier",https://www.pist.tn/jort/2022/2022F/Jo0212022.pdf
2022-01-01,2016,1.34961,"Arrêté du ministre des affaires sociales du 21 février 2022, relatif à la fixation du barème d'actualisation des salaires pris en compte dans le calcul des pensions de vieillesse, d'invalidité et de survivants, article premier",https://www.pist.tn/jort/2022/2022F/Jo0212022.pdf
2022-01-01,2017,1.28142,"Arrêté du ministre des affaires sociales du 21 février 2022, relatif à la fixation du barème d'actualisation des salaires pris en compte dans le calcul des pensions de vieillesse, d'invalidité et de survivants, article premier",https://www.pist.tn/jort/2022/2022F/Jo0212022.pdf
2022-01-01,2018,1.19252,"Arrêté du ministre des affaires sociales du 21 février 2022, relatif à la fixation du barème d'actualisation des salaires pris en compte dans le calcul des pensions de vieillesse, d'invalidité et de survivants, article premier",https://www.pist.tn/jort/2022/2022F/Jo0212022.pdf
2022-01-01,2019,1.11663,"Arrêté du ministre des affaires sociales du 21 février 2022, relatif à la fixation du barème d'actualisation des salaires pris en compte dans le calcul des pensions de vieillesse, d'invalidité et de survivants, article premier",https://www.pist.tn/jort/2022/2022F/Jo0212022.pdf
2022-01-01,2020,1.05707,"Arrêté du ministre des affaires sociales du 21 février 2022, relatif à la fixation du barème d'actualisation des salaires pris en compte dans le calcul des pensions de vieillesse, d'invalidité et de survivants, article premier",https://www.pist.tn/jort/2022/2022F/Jo0212022.pdf
2022-01-01,2021,1.0,"Arrêté du ministre des affaires sociales du 21 février 2022, relatif à la fixation du barème d'actualisation des salaires pris en compte dans le calcul des pensions de vieillesse, d'invalidité et de survivants, article premier",https://www.pist.tn/jort/2022/2022F/Jo0212022.pdf
2023-01-01,1961,22.79394,"Arrêté du ministre des affaires sociales du 9 mars 2023, relatif à la fixation du barème d'actualisation des salaires pris en compte dans le calcul des pensions de vieillesse, d'invalidité et de survivants, article premier",https://www.pist.tn/jort/2023/2023F/Jo0312023.pdf
2023-01-01,1962,22.33806,"Arrêté du ministre des affaires sociales du 9 mars 2023, relatif à la fixation du barème d'actualisation des salaires pris en compte dans le calcul des pensions de vieillesse, d'invalidité et de survivants, article premier",https://www.pist.tn/jort/2023/2023F/Jo0312023.pdf
2023-01-01,1963,21.75079,"Arrêté du ministre des affaires sociales du 9 mars 2023, relatif à la fixation du barème d'actualisation des salaires pris en compte dans le calcul des pensions de vieillesse, d'invalidité et de survivants, article premier",https://www.pist.tn/jort/2023/2023F/Jo0312023.pdf
2023-01-01,1964,20.87849,"Arrêté du ministre des affaires sociales du 9 mars 2023, relatif à la fixation du barème d'actualisation des salaires pris en compte dans le calcul des pensions de vieillesse, d'invalidité et de survivants, article premier",https://www.pist.tn/jort/2023/2023F/Jo0312023.pdf
2023-01-01,1965,19.57762,"Arrêté du ministre des affaires sociales du 9 mars 2023, relatif à la fixation du barème d'actualisation des salaires pris en compte dans le calcul des pensions de vieillesse, d'invalidité et de survivants, article premier",https://www.pist.tn/jort/2023/2023F/Jo0312023.pdf
2023-01-01,1966,18.85068,"Arrêté du ministre des affaires sociales du 9 mars 2023, relatif à la fixation du barème d'actualisation des salaires pris en compte dans le calcul des pensions de vieillesse, d'invalidité et de survivants, article premier",https://www.pist.tn/jort/2023/2023F/Jo0312023.pdf
2023-01-01,1967,18.3038,"Arrêté du ministre des affaires sociales du 9 mars 2023, relatif à la fixation du barème d'actualisation des salaires pris en compte dans le calcul des pensions de vieillesse, d'invalidité et de survivants, article premier",https://www.pist.tn/jort/2023/2023F/Jo0312023.pdf
2023-01-01,1968,17.8419,"Arrêté du ministre des affaires sociales du 9 mars 2023, relatif à la fixation du barème d'actualisation des salaires pris en compte dans le calcul des pensions de vieillesse, d'invalidité et de survivants, article premier",https://www.pist.tn/jort/2023/2023F/Jo0312023.pdf
2023-01-01,1969,17.15673,"Arrêté du ministre des affaires sociales du 9 mars 2023, relatif à la fixation du barème d'actualisation des salaires pris en compte dans le calcul des pensions de vieillesse, d'invalidité et de survivants, article premier",https://www.pist.tn/jort/2023/2023F/Jo0312023.pdf
2023-01-01,1970,16.97421,"Arrêté du ministre des affaires sociales du 9 mars 2023, relatif à la fixation du barème d'actualisation des salaires pris en compte dans le calcul des pensions de vieillesse, d'invalidité et de survivants, article premier",https://www.pist.tn/jort/2023/2023F/Jo0312023.pdf
2023-01-01,1971,16.01295,"Arrêté du ministre des affaires sociales du 9 mars 2023, relatif à la fixation du barème d'actualisation des salaires pris en compte dans le calcul des pensions de vieillesse, d'invalidité et de survivants, article premier",https://www.pist.tn/jort/2023/2023F/Jo0312023.pdf
2023-01-01,1972,15.68197,"Arrêté du ministre des affaires sociales du 9 mars 2023, relatif à la fixation du barème d'actualisation des salaires pris en compte dans le calcul des pensions de vieillesse, d'invalidité et de survivants, article premier",https://www.pist.tn/jort/2023/2023F/Jo0312023.pdf
2023-01-01,1973,15.00814,"Arrêté du ministre des affaires sociales du 9 mars 2023, relatif à la fixation du barème d'actualisation des salaires pris en compte dans le calcul des pensions de vieillesse, d'invalidité et de survivants, article premier",https://www.pist.tn/jort/2023/2023F/Jo0312023.pdf
2023-01-01,1974,14.42096,"Arrêté du ministre des affaires sociales du 9 mars 2023, relatif à la fixation du barème d'actualisation des salaires pris en compte dans le calcul des pensions de vieillesse, d'invalidité et de survivants, article premier",https://www.pist.tn/jort/2023/2023F/Jo0312023.pdf
2023-01-01,1975,13.16851,"Arrêté du ministre des affaires sociales du 9 mars 2023, relatif à la fixation du barème d'actualisation des salaires pris en compte dans le calcul des pensions de vieillesse, d'invalidité et de survivants, article premier",https://www.pist.tn/jort/2023/2023F/Jo0312023.pdf
2023-01-01,1976,12.49833,"Arrêté du ministre des affaires sociales du 9 mars 2023, relatif à la fixation du barème d'actualisation des salaires pris en compte dans le calcul des pensions de vieillesse, d'invalidité et de survivants, article premier",https://www.pist.tn/jort/2023/2023F/Jo0312023.pdf
2023-01-01,1977,11.71443,"Arrêté du ministre des affaires sociales du 9 mars 2023, relatif à la fixation du barème d'actualisation des salaires pris en compte dans le calcul des pensions de vieillesse, d'invalidité et de survivants, article premier",https://www.pist.tn/jort/2023/2023F/Jo0312023.pdf
2023-01-01,1978,11.09139,"Arrêté du ministre des affaires sociales du 9 mars 2023, relatif à la fixation du barème d'actualisation des salaires pris en compte dans le calcul des pensions de vieillesse, d'invalidité et de survivants, article premier",https://www.pist.tn/jort/2023/2023F/Jo0312023.pdf
2023-01-01,1979,10.23094,"Arrêté du ministre des affaires sociales du 9 mars 2023, relatif à la fixation du barème d'actualisation des salaires pris en compte dans le calcul des pensions de vieillesse, d'invalidité et de survivants, article premier",https://www.pist.tn/jort/2023/2023F/Jo0312023.pdf
2023-01-01,1980,9.39359,"Arrêté du ministre des affaires sociales du 9 mars 2023, relatif à la fixation du barème d'actualisation des salaires pris en compte dans le calcul des pensions de vieillesse, d'invalidité et de survivants, article premier",https://www.pist.tn/jort/2023/2023F/Jo0312023.pdf
2023-01-01,1981,8.59459,"Arrêté du ministre des affaires sociales du 9 mars 2023, relatif à la fixation du barème d'actualisation des salaires pris en compte dans le calcul des pensions de vieillesse, d'invalidité et de survivants, article premier",https://www.pist.tn/jort/2023/2023F/Jo0312023.pdf
2023-01-01,1982,7.53418,"Arrêté du ministre des affaires sociales du 9 mars 2023, relatif à la fixation du barème d'actualisation des salaires pris en compte dans le calcul des pensions de vieillesse, d'invalidité et de survivants, article premier",https://www.pist.tn/jort/2023/2023F/Jo0312023.pdf
2023-01-01,1983,6.8787,"Arrêté du ministre des affaires sociales du 9 mars 2023, relatif à la fixation du barème d'actualisation des salaires pris en compte dans le calcul des pensions de vieillesse, d'invalidité et de survivants, article premier",https://www.pist.tn/jort/2023/2023F/Jo0312023.pdf
2023-01-01,1984,6.33398,"Arrêté du ministre des affaires sociales du 9 mars 2023, relatif à la fixation du barème d'actualisation des salaires pris en compte dans le calcul des pensions de vieillesse, d'invalidité et de survivants, article premier",https://www.pist.tn/jort/2023/2023F/Jo0312023.pdf
2023-01-01,1985,5.89435,"Arrêté du ministre des affaires sociales du 9 mars 2023, relatif à la fixation du barème d'actualisation des salaires pris en compte dans le calcul des pensions de vieillesse, d'invalidité et de survivants, article premier",https://www.pist.tn/jort/2023/2023F/Jo0312023.pdf
2023-01-01,1986,5.54734,"Arrêté du ministre des affaires sociales du 9 mars 2023, relatif à la fixation du barème d'actualisation des salaires pris en compte dans le calcul des pensions de vieillesse, d'invalidité et de survivants, article premier",https://www.pist.tn/jort/2023/2023F/Jo0312023.pdf
2023-01-01,1987,5.12667,"Arrêté du ministre des affaires sociales du 9 mars 2023, relatif à la fixation du barème d'actualisation des salaires pris en compte dans le calcul des pensions de vieillesse, d'invalidité et de survivants, article premier",https://www.pist.tn/jort/2023/2023F/Jo0312023.pdf
2023-01-01,1988,4.78352,"Arrêté du ministre des affaires sociales du 9 mars 2023, relatif à la fixation du barème d'actualisation des salaires pris en compte dans le calcul des pensions de vieillesse, d'invalidité et de survivants, article premier",https://www.pist.tn/jort/2023/2023F/Jo0312023.pdf
2023-01-01,1989,4.44074,"Arrêté du ministre des affaires sociales du 9 mars 2023, relatif à la fixation du barème d'actualisation des salaires pris en compte dans le calcul des pensions de vieillesse, d'invalidité et de survivants, article premier",https://www.pist.tn/jort/2023/2023F/Jo0312023.pdf
2023-01-01,1990,4.16639,"Arrêté du ministre des affaires sociales du 9 mars 2023, relatif à la fixation du barème d'actualisation des salaires pris en compte dans le calcul des pensions de vieillesse, d'invalidité et de survivants, article premier",https://www.pist.tn/jort/2023/2023F/Jo0312023.pdf
2023-01-01,1991,3.86672,"Arrêté du ministre des affaires sociales du 9 mars 2023, relatif à la fixation du barème d'actualisation des salaires pris en compte dans le calcul des pensions de vieillesse, d'invalidité et de survivants, article premier",https://www.pist.tn/jort/2023/2023F/Jo0312023.pdf
2023-01-01,1992,3.66258,"Arrêté du ministre des affaires sociales du 9 mars 2023, relatif à la fixation du barème d'actualisation des salaires pris en compte dans le calcul des pensions de vieillesse, d'invalidité et de survivants, article premier",https://www.pist.tn/jort/2023/2023F/Jo0312023.pdf
2023-01-01,1993,3.51506,"Arrêté du ministre des affaires sociales du 9 mars 2023, relatif à la fixation du barème d'actualisation des salaires pris en compte dans le calcul des pensions de vieillesse, d'invalidité et de survivants, article premier",https://www.pist.tn/jort/2023/2023F/Jo0312023.pdf
2023-01-01,1994,3.36467,"Arrêté du ministre des affaires sociales du 9 mars 2023, relatif à la fixation du barème d'actualisation des salaires pris en compte dans le calcul des pensions de vieillesse, d'invalidité et de survivants, article premier",https://www.pist.tn/jort/2023/2023F/Jo0312023.pdf
2023-01-01,1995,3.16672,"Arrêté du ministre des affaires sociales du 9 mars 2023, relatif à la fixation du barème d'actualisation des salaires pris en compte dans le calcul des pensions de vieillesse, d'invalidité et de survivants, article premier",https://www.pist.tn/jort/2023/2023F/Jo0312023.pdf
2023-01-01,1996,3.05359,"Arrêté du ministre des affaires sociales du 9 mars 2023, relatif à la fixation du barème d'actualisation des salaires pris en compte dans le calcul des pensions de vieillesse, d'invalidité et de survivants, article premier",https://www.pist.tn/jort/2023/2023F/Jo0312023.pdf
2023-01-01,1997,2.94464,"Arrêté du ministre des affaires sociales du 9 mars 2023, relatif à la fixation du barème d'actualisation des salaires pris en compte dans le calcul des pensions de vieillesse, d'invalidité et de survivants, article premier",https://www.pist.tn/jort/2023/2023F/Jo0312023.pdf
2023-01-01,1998,2.85543,"Arrêté du ministre des affaires sociales du 9 mars 2023, relatif à la fixation du barème d'actualisation des salaires pris en compte dans le calcul des pensions de vieillesse, d'invalidité et de survivants, article premier",https://www.pist.tn/jort/2023/2023F/Jo0312023.pdf
2023-01-01,1999,2.78009,"Arrêté du ministre des affaires sociales du 9 mars 2023, relatif à la fixation du barème d'actualisation des salaires pris en compte dans le calcul des pensions de vieillesse, d'invalidité et de survivants, article premier",https://www.pist.tn/jort/2023/2023F/Jo0312023.pdf
2023-01-01,2000,2.70175,"Arrêté du ministre des affaires sociales du 9 mars 2023, relatif à la fixation du barème d'actualisation des salaires pris en compte dans le calcul des pensions de vieillesse, d'invalidité et de survivants, article premier",https://www.pist.tn/jort/2023/2023F/Jo0312023.pdf
2023-01-01,2001,2.65014,"Arrêté du ministre des affaires sociales du 9 mars 2023, relatif à la fixation du barème d'actualisation des salaires pris en compte dans le calcul des pensions de vieillesse, d'invalidité et de survivants, article premier",https://www.pist.tn/jort/2023/2023F/Jo0312023.pdf
2023-01-01,2002,2.5773,"Arrêté du ministre des affaires sociales du 9 mars 2023, relatif à la fixation du barème d'actualisation des salaires pris en compte dans le calcul des pensions de vieillesse, d'invalidité et de survivants, article premier",https://www.pist.tn/jort/2023/2023F/Jo0312023.pdf
2023-01-01,2003,2.50895,"Arrêté du ministre des affaires sociales du 9 mars 2023, relatif à la fixation du barème d'actualisation des salaires pris en compte dans le calcul des pensions de vieillesse, d'invalidité et de survivants, article premier",https://www.pist.tn/jort/2023/2023F/Jo0312023.pdf
2023-01-01,2004,2.42128,"Arrêté du ministre des affaires sociales du 9 mars 2023, relatif à la fixation du barème d'actualisation des salaires pris en compte dans le calcul des pensions de vieillesse, d'invalidité et de survivants, article premier",https://www.pist.tn/jort/2023/2023F/Jo0312023.pdf
2023-01-01,2005,2.37295,"Arrêté du ministre des affaires sociales du 9 mars 2023, relatif à la fixation du barème d'actualisation des salaires pris en compte dans le calcul des pensions de vieillesse, d'invalidité et de survivants, article premier",https://www.pist.tn/jort/2023/2023F/Jo0312023.pdf
2023-01-01,2006,2.27854,"Arrêté du ministre des affaires sociales du 9 mars 2023, relatif à la fixation du barème d'actualisation des salaires pris en compte dans le calcul des pensions de vieillesse, d'invalidité et de survivants, article premier",https://www.pist.tn/jort/2023/2023F/Jo0312023.pdf
2023-01-01,2007,2.20281,"Arrêté du ministre des affaires sociales du 9 mars 2023, relatif à la fixation du barème d'actualisation des salaires pris en compte dans le calcul des pensions de vieillesse, d'invalidité et de survivants, article premier",https://www.pist.tn/jort/2023/2023F/Jo0312023.pdf
2023-01-01,2008,2.09964,"Arrêté du ministre des affaires sociales du 9 mars 2023, relatif à la fixation du barème d'actualisation des salaires pris en compte dans le calcul des pensions de vieillesse, d'invalidité et de survivants, article premier",https://www.pist.tn/jort/2023/2023F/Jo0312023.pdf
2023-01-01,2009,2.02805,"Arrêté du ministre des affaires sociales du 9 mars 2023, relatif à la fixation du barème d'actualisation des salaires pris en compte dans le calcul des pensions de vieillesse, d'invalidité et de survivants, article premier",https://www.pist.tn/jort/2023/2023F/Jo0312023.pdf
2023-01-01,2010,1.94241,"Arrêté du ministre des affaires sociales du 9 mars 2023, relatif à la fixation du barème d'actualisation des salaires pris en compte dans le calcul des pensions de vieillesse, d'invalidité et de survivants, article premier",https://www.pist.tn/jort/2023/2023F/Jo0312023.pdf
2023-01-01,2011,1.87598,"Arrêté du ministre des affaires sociales du 9 mars 2023, relatif à la fixation du barème d'actualisation des salaires pris en compte dans le calcul des pensions de vieillesse, d'invalidité et de survivants, article premier",https://www.pist.tn/jort/2023/2023F/Jo0312023.pdf
2023-01-01,2012,1.77718,"Arrêté du ministre des affaires sociales du 9 mars 2023, relatif à la fixation du barème d'actualisation des salaires pris en compte dans le calcul des pensions de vieillesse, d'invalidité et de survivants, article premier",https://www.pist.tn/jort/2023/2023F/Jo0312023.pdf
2023-01-01,2013,1.67487,"Arrêté du ministre des affaires sociales du 9 mars 2023, relatif à la fixation du barème d'actualisation des salaires pris en compte dans le calcul des pensions de vieillesse, d'invalidité et de survivants, article premier",https://www.pist.tn/jort/2023/2023F/Jo0312023.pdf
2023-01-01,2014,1.58779,"Arrêté du ministre des affaires sociales du 9 mars 2023, relatif à la fixation du barème d'actualisation des salaires pris en compte dans le calcul des pensions de vieillesse, d'invalidité et de survivants, article premier",https://www.pist.tn/jort/2023/2023F/Jo0312023.pdf
2023-01-01,2015,1.51622,"Arrêté du ministre des affaires sociales du 9 mars 2023, relatif à la fixation du barème d'actualisation des salaires pris en compte dans le calcul des pensions de vieillesse, d'invalidité et de survivants, article premier",https://www.pist.tn/jort/2023/2023F/Jo0312023.pdf
2023-01-01,2016,1.46174,"Arrêté du ministre des affaires sociales du 9 mars 2023, relatif à la fixation du barème d'actualisation des salaires pris en compte dans le calcul des pensions de vieillesse, d'invalidité et de survivants, article premier",https://www.pist.tn/jort/2023/2023F/Jo0312023.pdf
2023-01-01,2017,1.38789,"Arrêté du ministre des affaires sociales du 9 mars 2023, relatif à la fixation du barème d'actualisation des salaires pris en compte dans le calcul des pensions de vieillesse, d'invalidité et de survivants, article premier",https://www.pist.tn/jort/2023/2023F/Jo0312023.pdf
2023-01-01,2018,1.2916,"Arrêté du ministre des affaires sociales du 9 mars 2023, relatif à la fixation du barème d'actualisation des salaires pris en compte dans le calcul des pensions de vieillesse, d'invalidité et de survivants, article premier",https://www.pist.tn/jort/2023/2023F/Jo0312023.pdf
2023-01-01,2019,1.20941,"Arrêté du ministre des affaires sociales du 9 mars 2023, relatif à la fixation du barème d'actualisation des salaires pris en compte dans le calcul des pensions de vieillesse, d'invalidité et de survivants, article premier",https://www.pist.tn/jort/2023/2023F/Jo0312023.pdf
2023-01-01,2020,1.14489,"Arrêté du ministre des affaires sociales du 9 mars 2023, relatif à la fixation du barème d'actualisation des salaires pris en compte dans le calcul des pensions de vieillesse, d'invalidité et de survivants, article premier",https://www.pist.tn/jort/2023/2023F/Jo0312023.pdf
2023-01-01,2021,1.08308,"Arrêté du ministre des affaires sociales du 9 mars 2023, relatif à la fixation du barème d'actualisation des salaires pris en compte dans le calcul des pensions de vieillesse, d'invalidité et de survivants, article premier",https://www.pist.tn/jort/2023/2023F/Jo0312023.pdf
2023-01-01,2022,1.0,"Arrêté du ministre des affaires sociales du 9 mars 2023, relatif à la fixation du barème d'actualisation des salaires pris en compte dans le calcul des pensions de vieillesse, d'invalidité et de survivants, article premier",https://www.pist.tn/jort/2023/2023F/Jo0312023.pdf
2024-01-01,1961,24.91897,"Arrêté du ministre des affaires sociales du 16 juillet 2024, relatif à la fixation du barème d'actualisation des salaires pris en compte dans le calcul des pensions de vieillesse, d'invalidité et de survivants, article premier",https://www.pist.tn/jort/2024/2024F/Jo0902024.pdf
2024-01-01,1962,24.42059,"Arrêté du ministre des affaires sociales du 16 juillet 2024, relatif à la fixation du barème d'actualisation des salaires pris en compte dans le calcul des pensions de vieillesse, d'invalidité et de survivants, article premier",https://www.pist.tn/jort/2024/2024F/Jo0902024.pdf
2024-01-01,1963,23.77857,"Arrêté du ministre des affaires sociales du 16 juillet 2024, relatif à la fixation du barème d'actualisation des salaires pris en compte dans le calcul des pensions de vieillesse, d'invalidité et de survivants, article premier",https://www.pist.tn/jort/2024/2024F/Jo0902024.pdf
2024-01-01,1964,22.82494,"Arrêté du ministre des affaires sociales du 16 juillet 2024, relatif à la fixation du barème d'actualisation des salaires pris en compte dans le calcul des pensions de vieillesse, d'invalidité et de survivants, article premier",https://www.pist.tn/jort/2024/2024F/Jo0902024.pdf
2024-01-01,1965,21.40279,"Arrêté du ministre des affaires sociales du 16 juillet 2024, relatif à la fixation du barème d'actualisation des salaires pris en compte dans le calcul des pensions de vieillesse, d'invalidité et de survivants, article premier",https://www.pist.tn/jort/2024/2024F/Jo0902024.pdf
2024-01-01,1966,20.60809,"Arrêté du ministre des affaires sociales du 16 juillet 2024, relatif à la fixation du barème d'actualisation des salaires pris en compte dans le calcul des pensions de vieillesse, d'invalidité et de survivants, article premier",https://www.pist.tn/jort/2024/2024F/Jo0902024.pdf
2024-01-01,1967,20.01022,"Arrêté du ministre des affaires sociales du 16 juillet 2024, relatif à la fixation du barème d'actualisation des salaires pris en compte dans le calcul des pensions de vieillesse, d'invalidité et de survivants, article premier",https://www.pist.tn/jort/2024/2024F/Jo0902024.pdf
2024-01-01,1968,19.50526,"Arrêté du ministre des affaires sociales du 16 juillet 2024, relatif à la fixation du barème d'actualisation des salaires pris en compte dans le calcul des pensions de vieillesse, d'invalidité et de survivants, article premier",https://www.pist.tn/jort/2024/2024F/Jo0902024.pdf
2024-01-01,1969,18.75621,"Arrêté du ministre des affaires sociales du 16 juillet 2024, relatif à la fixation du barème d'actualisation des salaires pris en compte dans le calcul des pensions de vieillesse, d'invalidité et de survivants, article premier",https://www.pist.tn/jort/2024/2024F/Jo0902024.pdf
2024-01-01,1970,18.55668,"Arrêté du ministre des affaires sociales du 16 juillet 2024, relatif à la fixation du barème d'actualisation des salaires pris en compte dans le calcul des pensions de vieillesse, d'invalidité et de survivants, article premier",https://www.pist.tn/jort/2024/2024F/Jo0902024.pdf
2024-01-01,1971,17.5058,"Arrêté du ministre des affaires sociales du 16 juillet 2024, relatif à la fixation du barème d'actualisation des salaires pris en compte dans le calcul des pensions de vieillesse, d'invalidité et de survivants, article premier",https://www.pist.tn/jort/2024/2024F/Jo0902024.pdf
2024-01-01,1972,17.14396,"Arrêté du ministre des affaires sociales du 16 juillet 2024, relatif à la fixation du barème d'actualisation des salaires pris en compte dans le calcul des pensions de vieillesse, d'invalidité et de survivants, article premier",https://www.pist.tn/jort/2024/2024F/Jo0902024.pdf
2024-01-01,1973,16.40732,"Arrêté du ministre des affaires sociales du 16 juillet 2024, relatif à la fixation du barème d'actualisation des salaires pris en compte dans le calcul des pensions de vieillesse, d'invalidité et de survivants, article premier",https://www.pist.tn/jort/2024/2024F/Jo0902024.pdf
2024-01-01,1974,15.76539,"Arrêté du ministre des affaires sociales du 16 juillet 2024, relatif à la fixation du barème d'actualisation des salaires pris en compte dans le calcul des pensions de vieillesse, d'invalidité et de survivants, article premier",https://www.pist.tn/jort/2024/2024F/Jo0902024.pdf
2024-01-01,1975,14.39618,"Arrêté du ministre des affaires sociales du 16 juillet 2024, relatif à la fixation du barème d'actualisation des salaires pris en compte dans le calcul des pensions de vieillesse, d'invalidité et de survivants, article premier",https://www.pist.tn/jort/2024/2024F/Jo0902024.pdf
2024-01-01,1976,13.66352,"Arrêté du ministre des affaires sociales du 16 juillet 2024, relatif à la fixation du barème d'actualisation des salaires pris en compte dans le calcul des pensions de vieillesse, d'invalidité et de survivants, article premier",https://www.pist.tn/jort/2024/2024F/Jo0902024.pdf
2024-01-01,1977,12.80654,"Arrêté du ministre des affaires sociales du 16 juillet 2024, relatif à la fixation du barème d'actualisation des salaires pris en compte dans le calcul des pensions de vieillesse, d'invalidité et de survivants, article premier",https://www.pist.tn/jort/2024/2024F/Jo0902024.pdf
2024-01-01,1978,12.12542,"Arrêté du ministre des affaires sociales du 16 juillet 2024, relatif à la fixation du barème d'actualisation des salaires pris en compte dans le calcul des pensions de vieillesse, d'invalidité et de survivants, article premier",https://www.pist.tn/jort/2024/2024F/Jo0902024.pdf
2024-01-01,1979,11.18475,"Arrêté du ministre des affaires sociales du 16 juillet 2024, relatif à la fixation du barème d'actualisation des salaires pris en compte dans le calcul des pensions de vieillesse, d'invalidité et de survivants, article premier",https://www.pist.tn/jort/2024/2024F/Jo0902024.pdf
2024-01-01,1980,10.26933,"Arrêté du ministre des affaires sociales du 16 juillet 2024, relatif à la fixation du barème d'actualisation des salaires pris en compte dans le calcul des pensions de vieillesse, d'invalidité et de survivants, article premier",https://www.pist.tn/jort/2024/2024F/Jo0902024.pdf
2024-01-01,1981,9.39585,"Arrêté du ministre des affaires sociales du 16 juillet 2024, relatif à la fixation du barème d'actualisation des salaires pris en compte dans le calcul des pensions de vieillesse, d'invalidité et de survivants, article premier",https://www.pist.tn/jort/2024/2024F/Jo0902024.pdf
2024-01-01,1982,8.23657,"Arrêté du ministre des affaires sociales du 16 juillet 2024, relatif à la fixation du barème d'actualisation des salaires pris en compte dans le calcul des pensions de vieillesse, d'invalidité et de survivants, article premier",https://www.pist.tn/jort/2024/2024F/Jo0902024.pdf
2024-01-01,1983,7.51999,"Arrêté du ministre des affaires sociales du 16 juillet 2024, relatif à la fixation du barème d'actualisation des salaires pris en compte dans le calcul des pensions de vieillesse, d'invalidité et de survivants, article premier",https://www.pist.tn/jort/2024/2024F/Jo0902024.pdf
2024-01-01,1984,6.92448,"Arrêté du ministre des affaires sociales du 16 juillet 2024, relatif à la fixation du barème d'actualisation des salaires pris en compte dans le calcul des pensions de vieillesse, d'invalidité et de survivants, article premier",https://www.pist.tn/jort/2024/2024F/Jo0902024.pdf
2024-01-01,1985,6.44386,"Arrêté du ministre des affaires sociales du 16 juillet 2024, relatif à la fixation du barème d'actualisation des salaires pris en compte dans le calcul des pensions de vieillesse, d'invalidité et de survivants, article premier",https://www.pist.tn/jort/2024/2024F/Jo0902024.pdf
2024-01-01,1986,6.06451,"Arrêté du ministre des affaires sociales du 16 juillet 2024, relatif à la fixation du barème d'actualisation des salaires pris en compte dans le calcul des pensions de vieillesse, d'invalidité et de survivants, article premier",https://www.pist.tn/jort/2024/2024F/Jo0902024.pdf
2024-01-01,1987,5.60461,"Arrêté du ministre des affaires sociales du 16 juillet 2024, relatif à la fixation du barème d'actualisation des salaires pris en compte dans le calcul des pensions de vieillesse, d'invalidité et de survivants, article premier",https://www.pist.tn/jort/2024/2024F/Jo0902024.pdf
2024-01-01,1988,5.22948,"Arrêté du ministre des affaires sociales du 16 juillet 2024, relatif à la fixation du barème d'actualisation des salaires pris en compte dans le calcul des pensions de vieillesse, d'invalidité et de survivants, article premier",https://www.pist.tn/jort/2024/2024F/Jo0902024.pdf
2024-01-01,1989,4.85474,"Arrêté du ministre des affaires sociales du 16 juillet 2024, relatif à la fixation du barème d'actualisation des salaires pris en compte dans le calcul des pensions de vieillesse, d'invalidité et de survivants, article premier",https://www.pist.tn/jort/2024/2024F/Jo0902024.pdf
2024-01-01,1990,4.55481,"Arrêté du ministre des affaires sociales du 16 juillet 2024, relatif à la fixation du barème d'actualisation des salaires pris en compte dans le calcul des pensions de vieillesse, d'invalidité et de survivants, article premier",https://www.pist.tn/jort/2024/2024F/Jo0902024.pdf
2024-01-01,1991,4.22721,"Arrêté du ministre des affaires sociales du 16 juillet 2024, relatif à la fixation du barème d'actualisation des salaires pris en compte dans le calcul des pensions de vieillesse, d'invalidité et de survivants, article premier",https://www.pist.tn/jort/2024/2024F/Jo0902024.pdf
2024-01-01,1992,4.00403,"Arrêté du ministre des affaires sociales du 16 juillet 2024, relatif à la fixation du barème d'actualisation des salaires pris en compte dans le calcul des pensions de vieillesse, d'invalidité et de survivants, article premier",https://www.pist.tn/jort/2024/2024F/Jo0902024.pdf
2024-01-01,1993,3.84276,"Arrêté du ministre des affaires sociales du 16 juillet 2024, relatif à la fixation du barème d'actualisation des salaires pris en compte dans le calcul des pensions de vieillesse, d'invalidité et de survivants, article premier",https://www.pist.tn/jort/2024/2024F/Jo0902024.pdf
2024-01-01,1994,3.67835,"Arrêté du ministre des affaires sociales du 16 juillet 2024, relatif à la fixation du barème d'actualisation des salaires pris en compte dans le calcul des pensions de vieillesse, d'invalidité et de survivants, article premier",https://www.pist.tn/jort/2024/2024F/Jo0902024.pdf
2024-01-01,1995,3.46195,"Arrêté du ministre des affaires sociales du 16 juillet 2024, relatif à la fixation du barème d'actualisation des salaires pris en compte dans le calcul des pensions de vieillesse, d'invalidité et de survivants, article premier",https://www.pist.tn/jort/2024/2024F/Jo0902024.pdf
2024-01-01,1996,3.33827,"Arrêté du ministre des affaires sociales du 16 juillet 2024, relatif à la fixation du barème d'actualisation des salaires pris en compte dans le calcul des pensions de vieillesse, d'invalidité et de survivants, article premier",https://www.pist.tn/jort/2024/2024F/Jo0902024.pdf
2024-01-01,1997,3.21917,"Arrêté du ministre des affaires sociales du 16 juillet 2024, relatif à la fixation du barème d'actualisation des salaires pris en compte dans le calcul des pensions de vieillesse, d'invalidité et de survivants, article premier",https://www.pist.tn/jort/2024/2024F/Jo0902024.pdf
2024-01-01,1998,3.12164,"Arrêté du ministre des affaires sociales du 16 juillet 2024, relatif à la fixation du barème d'actualisation des salaires pris en compte dans le calcul des pensions de vieillesse, d'invalidité et de survivants, article premier",https://www.pist.tn/jort/2024/2024F/Jo0902024.pdf
2024-01-01,1999,3.03928,"Arrêté du ministre des affaires sociales du 16 juillet 2024, relatif à la fixation du barème d'actualisation des salaires pris en compte dans le calcul des pensions de vieillesse, d'invalidité et de survivants, article premier",https://www.pist.tn/jort/2024/2024F/Jo0902024.pdf
2024-01-01,2000,2.95363,"Arrêté du ministre des affaires sociales du 16 juillet 2024, relatif à la fixation du barème d'actualisation des salaires pris en compte dans le calcul des pensions de vieillesse, d'invalidité et de survivants, article premier",https://www.pist.tn/jort/2024/2024F/Jo0902024.pdf
2024-01-01,2001,2.89721,"Arrêté du ministre des affaires sociales du 16 juillet 2024, relatif à la fixation du barème d'actualisation des salaires pris en compte dans le calcul des pensions de vieillesse, d'invalidité et de survivants, article premier",https://www.pist.tn/jort/2024/2024F/Jo0902024.pdf
2024-01-01,2002,2.81758,"Arrêté du ministre des affaires sociales du 16 juillet 2024, relatif à la fixation du barème d'actualisation des salaires pris en compte dans le calcul des pensions de vieillesse, d'invalidité et de survivants, article premier",https://www.pist.tn/jort/2024/2024F/Jo0902024.pdf
2024-01-01,2003,2.74285,"Arrêté du ministre des affaires sociales du 16 juillet 2024, relatif à la fixation du barème d'actualisation des salaires pris en compte dans le calcul des pensions de vieillesse, d'invalidité et de survivants, article premier",https://www.pist.tn/jort/2024/2024F/Jo0902024.pdf
2024-01-01,2004,2.64701,"Arrêté du ministre des affaires sociales du 16 juillet 2024, relatif à la fixation du barème d'actualisation des salaires pris en compte dans le calcul des pensions de vieillesse, d'invalidité et de survivants, article premier",https://www.pist.tn/jort/2024/2024F/Jo0902024.pdf
2024-01-01,2005,2.59417,"Arrêté du ministre des affaires sociales du 16 juillet 2024, relatif à la fixation du barème d'actualisation des salaires pris en compte dans le calcul des pensions de vieillesse, d'invalidité et de survivants, article premier",https://www.pist.tn/jort/2024/2024F/Jo0902024.pdf
2024-01-01,2006,2.49096,"Arrêté du ministre des affaires sociales du 16 juillet 2024, relatif à la fixation du barème d'actualisation des salaires pris en compte dans le calcul des pensions de vieillesse, d'invalidité et de survivants, article premier",https://www.pist.tn/jort/2024/2024F/Jo0902024.pdf
2024-01-01,2007,2.40817,"Arrêté du ministre des affaires sociales du 16 juillet 2024, relatif à la fixation du barème d'actualisation des salaires pris en compte dans le calcul des pensions de vieillesse, d'invalidité et de survivants, article premier",https://www.pist.tn/jort/2024/2024F/Jo0902024.pdf
2024-01-01,2008,2.29539,"Arrêté du ministre des affaires sociales du 16 juillet 2024, relatif à la fixation du barème d'actualisation des salaires pris en compte dans le calcul des pensions de vieillesse, d'invalidité et de survivants, article premier",https://www.pist.tn/jort/2024/2024F/Jo0902024.pdf
2024-01-01,2009,2.21712,"Arrêté du ministre des affaires sociales du 16 juillet 2024, relatif à la fixation du barème d'actualisation des salaires pris en compte dans le calcul des pensions de vieillesse, d'invalidité et de survivants, article premier",https://www.pist.tn/jort/2024/2024F/Jo0902024.pdf
2024-01-01,2010,2.1235,"Arrêté du ministre des affaires sociales du 16 juillet 2024, relatif à la fixation du barème d'actualisation des salaires pris en compte dans le calcul des pensions de vieillesse, d'invalidité et de survivants, article premier",https://www.pist.tn/jort/2024/2024F/Jo0902024.pdf
2024-01-01,2011,2.05087,"Arrêté du ministre des affaires sociales du 16 juillet 2024, relatif à la fixation du barème d'actualisation des salaires pris en compte dans le calcul des pensions de vieillesse, d'invalidité et de survivants, article premier",https://www.pist.tn/jort/2024/2024F/Jo0902024.pdf
2024-01-01,2012,1.94286,"Arrêté du ministre des affaires sociales du 16 juillet 2024, relatif à la fixation du barème d'actualisation des salaires pris en compte dans le calcul des pensions de vieillesse, d'invalidité et de survivants, article premier",https://www.pist.tn/jort/2024/2024F/Jo0902024.pdf
2024-01-01,2013,1.83102,"Arrêté du ministre des affaires sociales du 16 juillet 2024, relatif à la fixation du barème d'actualisation des salaires pris en compte dans le calcul des pensions de vieillesse, d'invalidité et de survivants, article premier",https://www.pist.tn/jort/2024/2024F/Jo0902024.pdf
2024-01-01,2014,1.73582,"Arrêté du ministre des affaires sociales du 16 juillet 2024, relatif à la fixation du barème d'actualisation des salaires pris en compte dans le calcul des pensions de vieillesse, d'invalidité et de survivants, article premier",https://www.pist.tn/jort/2024/2024F/Jo0902024.pdf
2024-01-01,2015,1.65758,"Arrêté du ministre des affaires sociales du 16 juillet 2024, relatif à la fixation du barème d'actualisation des salaires pris en compte dans le calcul des pensions de vieillesse, d'invalidité et de survivants, article premier",https://www.pist.tn/jort/2024/2024F/Jo0902024.pdf
2024-01-01,2016,1.59801,"Arrêté du ministre des affaires sociales du 16 juillet 2024, relatif à la fixation du barème d'actualisation des salaires pris en compte dans le calcul des pensions de vieillesse, d'invalidité et de survivants, article premier",https://www.pist.tn/jort/2024/2024F/Jo0902024.pdf
2024-01-01,2017,1.51728,"Arrêté du ministre des affaires sociales du 16 juillet 2024, relatif à la fixation du barème d'actualisation des salaires pris en compte dans le calcul des pensions de vieillesse, d'invalidité et de survivants, article premier",https://www.pist.tn/jort/2024/2024F/Jo0902024.pdf
2024-01-01,2018,1.41202,"Arrêté du ministre des affaires sociales du 16 juillet 2024, relatif à la fixation du barème d'actualisation des salaires pris en compte dans le calcul des pensions de vieillesse, d'invalidité et de survivants, article premier",https://www.pist.tn/jort/2024/2024F/Jo0902024.pdf
2024-01-01,2019,1.32216,"Arrêté du ministre des affaires sociales du 16 juillet 2024, relatif à la fixation du barème d'actualisation des salaires pris en compte dans le calcul des pensions de vieillesse, d'invalidité et de survivants, article premier",https://www.pist.tn/jort/2024/2024F/Jo0902024.pdf
2024-01-01,2020,1.25163,"Arrêté du ministre des affaires sociales du 16 juillet 2024, relatif à la fixation du barème d'actualisation des salaires pris en compte dans le calcul des pensions de vieillesse, d'invalidité et de survivants, article premier",https://www.pist.tn/jort/2024/2024F/Jo0902024.pdf
2024-01-01,2021,1.18406,"Arrêté du ministre des affaires sociales du 16 juillet 2024, relatif à la fixation du barème d'actualisation des salaires pris en compte dans le calcul des pensions de vieillesse, d'invalidité et de survivants, article premier",https://www.pist.tn/jort/2024/2024F/Jo0902024.pdf
2024-01-01,2022,1.09323,"Arrêté du ministre des affaires sociales du 16 juillet 2024, relatif à la fixation du barème d'actualisation des salaires pris en compte dans le calcul des pensions de vieillesse, d'invalidité et de survivants, article premier",https://www.pist.tn/jort/2024/2024F/Jo0902024.pdf
2024-01-01,2023,1.0,"Arrêté du ministre des affaires sociales du 16 juillet 2024, relatif à la fixation du barème d'actualisation des salaires pris en compte dans le calcul des pensions de vieillesse, d'invalidité et de survivants, article premier",https://www.pist.tn/jort/2024/2024F/Jo0902024.pdf
